OX637739.1 0 500000 2.42303
OX637739.1 500000 1000000 8.37509
OX637739.1 1000000 1500000 41.77898
OX637739.1 1500000 2000000 118.67139
OX637739.1 2000000 2500000 138.05925
OX637739.1 2500000 3000000 178.14313
OX637739.1 3000000 3500000 201.26379
OX637739.1 3500000 4000000 261.62624
OX637739.1 4000000 4500000 295.9356
OX637739.1 4500000 5000000 308.7129
OX637739.1 5000000 5500000 336.38208
OX637739.1 5500000 6000000 360.50187
OX637739.1 6000000 6500000 398.43141
OX637739.1 6500000 7000000 434.0601
OX637739.1 7000000 7500000 448.68634
OX637739.1 7500000 8000000 469.59601
OX637739.1 8000000 8500000 491.00534
OX637739.1 8500000 9000000 515.86318
OX637739.1 9000000 9500000 546.43892
OX637739.1 9500000 10000000 559.68429
OX637739.1 10000000 10500000 585.27458
OX637739.1 10500000 11000000 619.91264
OX637739.1 11000000 11500000 640.72534
OX637739.1 11500000 12000000 663.15122
OX637739.1 12000000 12500000 680.73899
OX637739.1 12500000 13000000 708.67537
OX637739.1 13000000 13500000 728.09508
OX637739.1 13500000 14000000 740.62671
OX637739.1 14000000 14500000 759.68529
OX637739.1 14500000 15000000 786.08925
OX637739.1 15000000 15500000 804.21021
OX637739.1 15500000 16000000 824.93885
OX637739.1 16000000 16500000 840.92879
OX637739.1 16500000 17000000 858.88635
OX637739.1 17000000 17500000 872.91628
OX637739.1 17500000 18000000 886.03213
OX637739.1 18000000 18500000 900.76159
OX637739.1 18500000 19000000 916.98257
OX637739.1 19000000 19500000 936.40608
OX637739.1 19500000 20000000 952.33449
OX637739.1 20000000 20500000 967.84319
OX637739.1 20500000 21000000 975.0
OX637739.1 21000000 21500000 981.20216
OX637739.1 21500000 22000000 990.47962
OX637739.1 22000000 22500000 998.5813
OX637739.1 22500000 23000000 1010.3167
OX637739.1 23000000 23500000 1021.15367
OX637739.1 23500000 24000000 1029.04948
OX637739.1 24000000 24500000 1038.4808
OX637739.1 24500000 25000000 1045.15376
OX637739.1 25000000 25500000 1052.45349
OX637739.1 25500000 26000000 1061.60249
OX637739.1 26000000 26500000 1072.37678
OX637739.1 26500000 27000000 1079.78666
OX637739.1 27000000 27500000 1086.21134
OX637739.1 27500000 28000000 1092.71158
OX637739.1 28000000 28500000 1102.59634
OX637739.1 28500000 29000000 1108.89527
OX637739.1 29000000 29500000 1118.20876
OX637739.1 29500000 30000000 1126.61362
OX637739.1 30000000 30500000 1137.47861
OX637739.1 30500000 31000000 1142.0
OX637739.1 31000000 31500000 1144.91793
OX637739.1 31500000 32000000 1152.62251
OX637739.1 32000000 32500000 1157.23349
OX637739.1 32500000 33000000 1160.39258
OX637739.1 33000000 33500000 1162.87346
OX637739.1 33500000 34000000 1172.18936
OX637739.1 34000000 34500000 1177.87394
OX637739.1 34500000 35000000 1180.2039
OX637739.1 35000000 35500000 1184.17986
OX637739.1 35500000 36000000 1189.9186
OX637739.1 36000000 36500000 1197.74117
OX637739.1 36500000 37000000 1205.00062
OX637739.1 37000000 37500000 1211.73951
OX637739.1 37500000 38000000 1221.98723
OX637739.1 38000000 38500000 1225.0
OX637739.1 38500000 39000000 1225.0
OX637739.1 39000000 39500000 1227.26167
OX637739.1 39500000 40000000 1228.36347
OX637739.1 40000000 40500000 1230.71025
OX637739.1 40500000 41000000 1234.44403
OX637739.1 41000000 41500000 1237.04392
OX637739.1 41500000 42000000 1238.7499
OX637739.1 42000000 42500000 1241.98382
OX637739.1 42500000 43000000 1245.0
OX637739.1 43000000 43500000 1246.49929
OX637739.1 43500000 44000000 1251.04857
OX637739.1 44000000 44500000 1254.94596
OX637739.1 44500000 45000000 1260.26239
OX637739.1 45000000 45500000 1262.8799
OX637739.1 45500000 46000000 1265.0
OX637739.1 46000000 46500000 1265.2873
OX637739.1 46500000 47000000 1268.29286
OX637739.1 47000000 47500000 1271.46381
OX637739.1 47500000 48000000 1273.09832
OX637739.1 48000000 48500000 1274.0
OX637739.1 48500000 49000000 1276.11814
OX637739.1 49000000 49500000 1279.17638
OX637739.1 49500000 50000000 1281.06129
OX637739.1 50000000 50500000 1282.78541
OX637739.1 50500000 51000000 1284.66972
OX637739.1 51000000 51500000 1286.51934
OX637739.1 51500000 52000000 1288.68008
OX637739.1 52000000 52500000 1289.0
OX637739.1 52500000 53000000 1289.23495
OX637739.1 53000000 53500000 1290.0
OX637739.1 53500000 54000000 1290.0
OX637739.1 54000000 54500000 1290.24492
OX637739.1 54500000 55000000 1294.29789
OX637739.1 55000000 55500000 1299.34135
OX637739.1 55500000 56000000 1300.0
OX637739.1 56000000 56500000 1300.92429
OX637739.1 56500000 57000000 1303.00263
OX637739.1 57000000 57500000 1303.4509
OX637739.1 57500000 58000000 1306.66383
OX637739.1 58000000 58500000 1308.0
OX637739.1 58500000 59000000 1308.13171
OX637739.1 59000000 59500000 1310.85864
OX637739.1 59500000 60000000 1314.17769
OX637739.1 60000000 60500000 1316.35592
OX637739.1 60500000 61000000 1317.5687
OX637739.1 61000000 61500000 1319.0
OX637739.1 61500000 62000000 1320.1299
OX637739.1 62000000 62500000 1321.0
OX637739.1 62500000 63000000 1321.0
OX637739.1 63000000 63500000 1321.55027
OX637739.1 63500000 64000000 1323.31017
OX637739.1 64000000 64500000 1324.08238
OX637739.1 64500000 65000000 1325.0
OX637739.1 65000000 65500000 1325.071
OX637739.1 65500000 66000000 1328.49656
OX637739.1 66000000 66500000 1333.04344
OX637739.1 66500000 67000000 1335.16008
OX637739.1 67000000 67500000 1337.39706
OX637739.1 67500000 68000000 1342.0
OX637739.1 68000000 68500000 1342.0
OX637739.1 68500000 69000000 1342.0
OX637739.1 69000000 69500000 1344.68749
OX637739.1 69500000 70000000 1348.163
OX637739.1 70000000 70500000 1351.40719
OX637739.1 70500000 71000000 1353.0
OX637739.1 71000000 71500000 1353.92939
OX637739.1 71500000 72000000 1354.32611
OX637739.1 72000000 72500000 1355.0
OX637739.1 72500000 73000000 1356.18242
OX637739.1 73000000 73500000 1357.09152
OX637739.1 73500000 74000000 1358.0
OX637739.1 74000000 74500000 1358.00964
OX637739.1 74500000 75000000 1358.19256
OX637739.1 75000000 75500000 1359.0
OX637739.1 75500000 76000000 1359.68547
OX637739.1 76000000 76500000 1361.26852
OX637739.1 76500000 77000000 1363.17458
OX637739.1 77000000 77500000 1364.42961
OX637739.1 77500000 78000000 1367.0
OX637739.1 78000000 78500000 1367.0
OX637739.1 78500000 79000000 1367.57527
OX637739.1 79000000 79500000 1370.0
OX637739.1 79500000 80000000 1371.21745
OX637739.1 80000000 80500000 1372.66775
OX637739.1 80500000 81000000 1375.0
OX637739.1 81000000 81500000 1375.70818
OX637739.1 81500000 82000000 1377.6679
OX637739.1 82000000 82500000 1379.0
OX637739.1 82500000 83000000 1379.8872
OX637739.1 83000000 83500000 1384.36786
OX637739.1 83500000 84000000 1390.05616
OX637739.1 84000000 84500000 1391.16215
OX637739.1 84500000 85000000 1393.21044
OX637739.1 85000000 85500000 1394.44516
OX637739.1 85500000 86000000 1395.0
OX637739.1 86000000 86500000 1395.0
OX637739.1 86500000 87000000 1395.85757
OX637739.1 87000000 87500000 1396.02872
OX637739.1 87500000 88000000 1398.0726
OX637739.1 88000000 88500000 1399.0
OX637739.1 88500000 89000000 1399.26922
OX637739.1 89000000 89500000 1401.25015
OX637739.1 89500000 90000000 1403.61246
OX637739.1 90000000 90500000 1406.0
OX637739.1 90500000 91000000 1406.71333
OX637739.1 91000000 91500000 1409.70513
OX637739.1 91500000 92000000 1411.85366
OX637739.1 92000000 92500000 1413.0
OX637739.1 92500000 93000000 1413.29432
OX637739.1 93000000 93500000 1414.38253
OX637739.1 93500000 94000000 1415.73208
OX637739.1 94000000 94500000 1416.10798
OX637739.1 94500000 95000000 1417.88541
OX637739.1 95000000 95500000 1420.33684
OX637739.1 95500000 96000000 1423.32795
OX637739.1 96000000 96500000 1428.0
OX637739.1 96500000 97000000 1428.14603
OX637739.1 97000000 97500000 1429.53959
OX637739.1 97500000 98000000 1431.34368
OX637739.1 98000000 98500000 1432.95546
OX637739.1 98500000 99000000 1434.39592
OX637739.1 99000000 99500000 1437.0
OX637739.1 99500000 100000000 1437.0
OX637739.1 100000000 100500000 1440.90966
OX637739.1 100500000 101000000 1442.0
OX637739.1 101000000 101500000 1442.97283
OX637739.1 101500000 102000000 1444.97471
OX637739.1 102000000 102500000 1445.83514
OX637739.1 102500000 103000000 1447.54077
OX637739.1 103000000 103500000 1448.0
OX637739.1 103500000 104000000 1449.22453
OX637739.1 104000000 104500000 1450.60045
OX637739.1 104500000 105000000 1452.5877
OX637739.1 105000000 105500000 1454.50135
OX637739.1 105500000 106000000 1456.09806
OX637739.1 106000000 106500000 1457.0
OX637739.1 106500000 107000000 1458.69135
OX637739.1 107000000 107500000 1460.0
OX637739.1 107500000 108000000 1462.86362
OX637739.1 108000000 108500000 1468.0
OX637739.1 108500000 109000000 1468.0
OX637739.1 109000000 109500000 1468.6698
OX637739.1 109500000 110000000 1469.44377
OX637739.1 110000000 110500000 1470.27099
OX637739.1 110500000 111000000 1471.45092
OX637739.1 111000000 111500000 1473.51573
OX637739.1 111500000 112000000 1474.0
OX637739.1 112000000 112500000 1474.0
OX637739.1 112500000 113000000 1474.74782
OX637739.1 113000000 113500000 1475.98505
OX637739.1 113500000 114000000 1477.0
OX637739.1 114000000 114500000 1477.92724
OX637739.1 114500000 115000000 1478.48039
OX637739.1 115000000 115500000 1479.0
OX637739.1 115500000 116000000 1479.0
OX637739.1 116000000 116500000 1478.97695
OX637739.1 116500000 117000000 1480.0
OX637739.1 117000000 117500000 1480.16522
OX637739.1 117500000 118000000 1481.79061
OX637739.1 118000000 118500000 1483.0
OX637739.1 118500000 119000000 1483.0
OX637739.1 119000000 119500000 1483.0
OX637739.1 119500000 120000000 1485.52012
OX637739.1 120000000 120500000 1486.0
OX637739.1 120500000 121000000 1486.39404
OX637739.1 121000000 121500000 1487.8609
OX637739.1 121500000 122000000 1489.0
OX637739.1 122000000 122500000 1489.76441
OX637739.1 122500000 123000000 1491.0
OX637739.1 123000000 123500000 1491.97301
OX637739.1 123500000 124000000 1493.0
OX637739.1 124000000 124500000 1493.03235
OX637739.1 124500000 125000000 1494.0
OX637739.1 125000000 125500000 1494.0
OX637739.1 125500000 126000000 1494.69745
OX637739.1 126000000 126500000 1495.00023
OX637739.1 126500000 127000000 1495.0
OX637739.1 127000000 127500000 1495.0
OX637739.1 127500000 128000000 1496.75424
OX637739.1 128000000 128500000 1498.0
OX637739.1 128500000 129000000 1498.0
OX637739.1 129000000 129500000 1498.13307
OX637739.1 129500000 130000000 1500.13504
OX637739.1 130000000 130500000 1502.49744
OX637739.1 130500000 131000000 1503.0
OX637739.1 131000000 131500000 1503.0
OX637739.1 131500000 132000000 1505.45001
OX637739.1 132000000 132500000 1506.14138
OX637739.1 132500000 133000000 1507.96459
OX637739.1 133000000 133500000 1508.0
OX637739.1 133500000 134000000 1508.70098
OX637739.1 134000000 134500000 1509.0
OX637739.1 134500000 135000000 1509.0
OX637739.1 135000000 135500000 1509.95765
OX637739.1 135500000 136000000 1512.46829
OX637739.1 136000000 136500000 1513.67964
OX637739.1 136500000 137000000 1514.0
OX637739.1 137000000 137500000 1514.98637
OX637739.1 137500000 138000000 1515.0
OX637739.1 138000000 138500000 1517.4739
OX637739.1 138500000 139000000 1520.00626
OX637739.1 139000000 139500000 1520.4069
OX637739.1 139500000 140000000 1521.0
OX637739.1 140000000 140500000 1521.0
OX637739.1 140500000 141000000 1521.4343
OX637739.1 141000000 141500000 1522.92213
OX637739.1 141500000 142000000 1523.56211
OX637739.1 142000000 142500000 1524.0
OX637739.1 142500000 143000000 1524.3191
OX637739.1 143000000 143500000 1525.0
OX637739.1 143500000 144000000 1525.0
OX637739.1 144000000 144500000 1525.14148
OX637739.1 144500000 145000000 1526.51931
OX637739.1 145000000 145500000 1527.0
OX637739.1 145500000 146000000 1527.92193
OX637739.1 146000000 146500000 1528.0
OX637739.1 146500000 147000000 1528.0
OX637739.1 147000000 147500000 1528.849
OX637739.1 147500000 148000000 1529.0
OX637739.1 148000000 148500000 1531.60783
OX637739.1 148500000 149000000 1534.59022
OX637739.1 149000000 149500000 1536.17304
OX637739.1 149500000 150000000 1537.0
OX637739.1 150000000 150500000 1537.22672
OX637739.1 150500000 151000000 1538.55982
OX637739.1 151000000 151500000 1539.0
OX637739.1 151500000 152000000 1539.1367
OX637739.1 152000000 152500000 1540.68831
OX637739.1 152500000 153000000 1541.0
OX637739.1 153000000 153500000 1541.64993
OX637739.1 153500000 154000000 1543.0
OX637739.1 154000000 154500000 1543.0
OX637739.1 154500000 155000000 1543.0
OX637739.1 155000000 155500000 1543.0
OX637739.1 155500000 156000000 1543.41926
OX637739.1 156000000 156500000 1544.0
OX637739.1 156500000 157000000 1544.81188
OX637739.1 157000000 157500000 1545.0
OX637739.1 157500000 158000000 1545.0
OX637739.1 158000000 158500000 1545.34621
OX637739.1 158500000 159000000 1546.0
OX637739.1 159000000 159500000 1546.0
OX637739.1 159500000 160000000 1546.17319
OX637739.1 160000000 160500000 1547.0
OX637739.1 160500000 161000000 1547.0
OX637739.1 161000000 161500000 1547.76958
OX637739.1 161500000 162000000 1549.0
OX637739.1 162000000 162500000 1549.2996
OX637739.1 162500000 163000000 1550.0
OX637739.1 163000000 163500000 1550.0
OX637739.1 163500000 164000000 1550.0
OX637739.1 164000000 164500000 1550.0
OX637739.1 164500000 165000000 1550.0
OX637739.1 165000000 165500000 1550.0
OX637739.1 165500000 166000000 1551.75942
OX637739.1 166000000 166500000 1554.61426
OX637739.1 166500000 167000000 1556.0
OX637739.1 167000000 167500000 1556.15891
OX637739.1 167500000 168000000 1557.60285
OX637739.1 168000000 168500000 1558.0
OX637739.1 168500000 169000000 1558.0
OX637739.1 169000000 169500000 1558.61426
OX637739.1 169500000 170000000 1559.0
OX637739.1 170000000 170500000 1559.73058
OX637739.1 170500000 171000000 1560.0
OX637739.1 171000000 171500000 1560.0
OX637739.1 171500000 172000000 1560.62149
OX637739.1 172000000 172500000 1561.0
OX637739.1 172500000 173000000 1561.49629
OX637739.1 173000000 173500000 1563.26389
OX637739.1 173500000 174000000 1564.48745
OX637739.1 174000000 174500000 1566.77812
OX637739.1 174500000 175000000 1566.83193
OX637739.1 175000000 175500000 1567.25576
OX637739.1 175500000 176000000 1568.67237
OX637739.1 176000000 176500000 1569.0
OX637739.1 176500000 177000000 1570.26515
OX637739.1 177000000 177500000 1571.0
OX637739.1 177500000 178000000 1571.0
OX637739.1 178000000 178500000 1571.0
OX637739.1 178500000 179000000 1572.44204
OX637739.1 179000000 179500000 1573.0
OX637739.1 179500000 180000000 1573.15028
OX637739.1 180000000 180500000 1574.72202
OX637739.1 180500000 181000000 1574.923
OX637739.1 181000000 181500000 1575.0
OX637739.1 181500000 182000000 1575.0
OX637739.1 182000000 182500000 1575.0
OX637739.1 182500000 183000000 1575.30032
OX637739.1 183000000 183500000 1577.06511
OX637739.1 183500000 184000000 1579.19352
OX637739.1 184000000 184500000 1580.34661
OX637739.1 184500000 185000000 1582.71807
OX637739.1 185000000 185500000 1582.69486
OX637739.1 185500000 186000000 1583.0
OX637739.1 186000000 186500000 1583.0
OX637739.1 186500000 187000000 1584.61285
OX637739.1 187000000 187500000 1585.0
OX637739.1 187500000 188000000 1584.90133
OX637739.1 188000000 188500000 1583.10396
OX637739.1 188500000 189000000 1582.7889
OX637739.1 189000000 189500000 1582.03371
OX637739.1 189500000 190000000 1583.96833
OX637739.1 190000000 190500000 1584.07821
OX637739.1 190500000 191000000 1585.0
OX637739.1 191000000 191500000 1585.92729
OX637739.1 191500000 192000000 1586.0
OX637739.1 192000000 192500000 1586.0
OX637739.1 192500000 193000000 1586.0
OX637739.1 193000000 193500000 1586.0
OX637739.1 193500000 194000000 1586.97195
OX637739.1 194000000 194500000 1587.0
OX637739.1 194500000 195000000 1587.0
OX637739.1 195000000 195500000 1587.0
OX637739.1 195500000 196000000 1588.00577
OX637739.1 196000000 196500000 1589.83234
OX637739.1 196500000 197000000 1590.0
OX637739.1 197000000 197500000 1590.0
OX637739.1 197500000 198000000 1590.0
OX637739.1 198000000 198500000 1590.40389
OX637739.1 198500000 199000000 1593.74108
OX637739.1 199000000 199500000 1594.0
OX637739.1 199500000 200000000 1594.0
OX637739.1 200000000 200500000 1594.0
OX637739.1 200500000 201000000 1593.10316
OX637739.1 201000000 201500000 1593.49622
OX637739.1 201500000 202000000 1594.0
OX637739.1 202000000 202500000 1594.0
OX637739.1 202500000 203000000 1594.0
OX637739.1 203000000 203500000 1594.0
OX637739.1 203500000 204000000 1594.0
OX637739.1 204000000 204500000 1595.43908
OX637739.1 204500000 205000000 1596.0
OX637739.1 205000000 205500000 1596.66057
OX637739.1 205500000 206000000 1599.29095
OX637739.1 206000000 206500000 1599.53975
OX637739.1 206500000 207000000 1600.0
OX637739.1 207000000 207500000 1600.94288
OX637739.1 207500000 208000000 1602.0
OX637739.1 208000000 208500000 1602.54878
OX637739.1 208500000 209000000 1602.15003
OX637739.1 209000000 209500000 1604.33414
OX637739.1 209500000 210000000 1606.46469
OX637739.1 210000000 210500000 1607.0
OX637739.1 210500000 211000000 1607.0
OX637739.1 211000000 211500000 1607.0
OX637739.1 211500000 212000000 1607.67657
OX637739.1 212000000 212500000 1608.00828
OX637739.1 212500000 213000000 1609.21126
OX637739.1 213000000 213500000 1610.0
OX637739.1 213500000 214000000 1611.00198
OX637739.1 214000000 214500000 1612.0
OX637739.1 214500000 215000000 1611.99943
OX637739.1 215000000 215500000 1612.38193
OX637739.1 215500000 216000000 1614.24554
OX637739.1 216000000 216500000 1615.0
OX637739.1 216500000 217000000 1616.64891
OX637739.1 217000000 217500000 1618.0
OX637739.1 217500000 218000000 1618.40495
OX637739.1 218000000 218500000 1621.73944
OX637739.1 218500000 219000000 1623.71619
OX637739.1 219000000 219500000 1624.20585
OX637739.1 219500000 220000000 1625.44714
OX637739.1 220000000 220500000 1627.16548
OX637739.1 220500000 221000000 1628.95401
OX637739.1 221000000 221500000 1631.07124
OX637739.1 221500000 222000000 1634.0
OX637739.1 222000000 222500000 1634.65312
OX637739.1 222500000 223000000 1635.84181
OX637739.1 223000000 223500000 1636.0
OX637739.1 223500000 224000000 1636.0
OX637739.1 224000000 224500000 1637.24135
OX637739.1 224500000 225000000 1638.53327
OX637739.1 225000000 225500000 1640.0
OX637739.1 225500000 226000000 1640.36987
OX637739.1 226000000 226500000 1641.66867
OX637739.1 226500000 227000000 1643.82645
OX637739.1 227000000 227500000 1644.0
OX637739.1 227500000 228000000 1644.0
OX637739.1 228000000 228500000 1643.53408
OX637739.1 228500000 229000000 1643.0
OX637739.1 229000000 229500000 1643.88096
OX637739.1 229500000 230000000 1647.86504
OX637739.1 230000000 230500000 1650.49942
OX637739.1 230500000 231000000 1654.01145
OX637739.1 231000000 231500000 1655.0
OX637739.1 231500000 232000000 1655.0
OX637739.1 232000000 232500000 1655.0
OX637739.1 232500000 233000000 1655.24174
OX637739.1 233000000 233500000 1656.0
OX637739.1 233500000 234000000 1656.90277
OX637739.1 234000000 234500000 1658.60459
OX637739.1 234500000 235000000 1660.23315
OX637739.1 235000000 235500000 1661.48302
OX637739.1 235500000 236000000 1663.24745
OX637739.1 236000000 236500000 1665.50885
OX637739.1 236500000 237000000 1667.21407
OX637739.1 237000000 237500000 1668.0
OX637739.1 237500000 238000000 1669.24936
OX637739.1 238000000 238500000 1671.0
OX637739.1 238500000 239000000 1671.29272
OX637739.1 239000000 239500000 1672.47608
OX637739.1 239500000 240000000 1674.63224
OX637739.1 240000000 240500000 1676.55503
OX637739.1 240500000 241000000 1678.07168
OX637739.1 241000000 241500000 1681.20991
OX637739.1 241500000 242000000 1683.06005
OX637739.1 242000000 242500000 1684.0
OX637739.1 242500000 243000000 1685.59393
OX637739.1 243000000 243500000 1686.95865
OX637739.1 243500000 244000000 1688.0
OX637739.1 244000000 244500000 1689.67226
OX637739.1 244500000 245000000 1691.0
OX637739.1 245000000 245500000 1691.0
OX637739.1 245500000 246000000 1692.89386
OX637739.1 246000000 246500000 1693.86879
OX637739.1 246500000 247000000 1694.0
OX637739.1 247000000 247500000 1694.15976
OX637739.1 247500000 248000000 1695.0
OX637739.1 248000000 248500000 1695.0
OX637739.1 248500000 249000000 1695.91508
OX637739.1 249000000 249500000 1699.37225
OX637739.1 249500000 250000000 1700.0
OX637739.1 250000000 250500000 1700.0
OX637739.1 250500000 251000000 1700.96404
OX637739.1 251000000 251500000 1701.77214
OX637739.1 251500000 252000000 1703.90799
OX637739.1 252000000 252500000 1704.9949
OX637739.1 252500000 253000000 1706.0
OX637739.1 253000000 253500000 1706.98838
OX637739.1 253500000 254000000 1708.85204
OX637739.1 254000000 254500000 1712.0
OX637739.1 254500000 255000000 1712.0
OX637739.1 255000000 255500000 1712.76148
OX637739.1 255500000 256000000 1714.40895
OX637739.1 256000000 256500000 1716.68388
OX637739.1 256500000 257000000 1716.95556
OX637739.1 257000000 257500000 1716.90637
OX637739.1 257500000 258000000 1718.95674
OX637739.1 258000000 258500000 1719.63072
OX637739.1 258500000 259000000 1722.89996
OX637739.1 259000000 259500000 1725.33849
OX637739.1 259500000 260000000 1726.62515
OX637739.1 260000000 260500000 1728.57715
OX637739.1 260500000 261000000 1729.0
OX637739.1 261000000 261500000 1730.62418
OX637739.1 261500000 262000000 1732.86175
OX637739.1 262000000 262500000 1733.64209
OX637739.1 262500000 263000000 1734.99958
OX637739.1 263000000 263500000 1736.13297
OX637739.1 263500000 264000000 1737.0
OX637739.1 264000000 264500000 1737.59573
OX637739.1 264500000 265000000 1740.77638
OX637739.1 265000000 265500000 1742.59688
OX637739.1 265500000 266000000 1743.50227
OX637739.1 266000000 266500000 1743.00552
OX637739.1 266500000 267000000 1743.51154
OX637739.1 267000000 267500000 1745.52754
OX637739.1 267500000 268000000 1747.29989
OX637739.1 268000000 268500000 1749.5004
OX637739.1 268500000 269000000 1751.0
OX637739.1 269000000 269500000 1751.0
OX637739.1 269500000 270000000 1751.0
OX637739.1 270000000 270500000 1751.0
OX637739.1 270500000 271000000 1751.71218
OX637739.1 271000000 271500000 1752.0
OX637739.1 271500000 272000000 1752.61809
OX637739.1 272000000 272500000 1753.0
OX637739.1 272500000 273000000 1753.0
OX637739.1 273000000 273500000 1753.0
OX637739.1 273500000 274000000 1753.3978
OX637739.1 274000000 274500000 1754.0
OX637739.1 274500000 275000000 1754.0
OX637739.1 275000000 275500000 1754.0
OX637739.1 275500000 276000000 1754.0
OX637739.1 276000000 276500000 1753.83341
OX637739.1 276500000 277000000 1753.0
OX637739.1 277000000 277500000 1753.86306
OX637739.1 277500000 278000000 1756.23052
OX637739.1 278000000 278500000 1758.65408
OX637739.1 278500000 279000000 1759.0
OX637739.1 279000000 279500000 1759.91905
OX637739.1 279500000 280000000 1762.11959
OX637739.1 280000000 280500000 1764.00196
OX637739.1 280500000 281000000 1764.68957
OX637739.1 281000000 281500000 1765.0
OX637739.1 281500000 282000000 1765.0
OX637739.1 282000000 282500000 1765.20091
OX637739.1 282500000 283000000 1765.63941
OX637739.1 283000000 283500000 1767.0
OX637739.1 283500000 284000000 1767.0
OX637739.1 284000000 284500000 1768.26273
OX637739.1 284500000 285000000 1769.0
OX637739.1 285000000 285500000 1769.9197
OX637739.1 285500000 286000000 1770.17544
OX637739.1 286000000 286500000 1771.6333
OX637739.1 286500000 287000000 1774.0
OX637739.1 287000000 287500000 1774.00416
OX637739.1 287500000 288000000 1775.61296
OX637739.1 288000000 288500000 1777.26398
OX637739.1 288500000 289000000 1778.67285
OX637739.1 289000000 289500000 1779.0
OX637739.1 289500000 290000000 1779.61794
OX637739.1 290000000 290500000 1780.37269
OX637739.1 290500000 291000000 1781.0
OX637739.1 291000000 291500000 1781.0
OX637739.1 291500000 292000000 1781.8077
OX637739.1 292000000 292500000 1782.89714
OX637739.1 292500000 293000000 1783.0
OX637739.1 293000000 293500000 1783.98142
OX637739.1 293500000 294000000 1784.0
OX637739.1 294000000 294500000 1784.0
OX637739.1 294500000 295000000 1784.91608
OX637739.1 295000000 295500000 1785.9679
OX637739.1 295500000 296000000 1786.0
OX637739.1 296000000 296500000 1786.00524
OX637739.1 296500000 297000000 1786.16081
OX637739.1 297000000 297500000 1787.0
OX637739.1 297500000 298000000 1787.0
OX637739.1 298000000 298500000 1787.65422
OX637739.1 298500000 299000000 1788.00604
OX637739.1 299000000 299500000 1788.5268
OX637739.1 299500000 300000000 1789.27191
OX637739.1 300000000 300500000 1790.81837
OX637739.1 300500000 301000000 1791.0
OX637739.1 301000000 301500000 1791.0
OX637739.1 301500000 302000000 1791.31712
OX637739.1 302000000 302500000 1792.81715
OX637739.1 302500000 303000000 1793.06964
OX637739.1 303000000 303500000 1792.97163
OX637739.1 303500000 304000000 1793.57082
OX637739.1 304000000 304500000 1794.0
OX637739.1 304500000 305000000 1794.0
OX637739.1 305000000 305500000 1795.59159
OX637739.1 305500000 306000000 1796.96693
OX637739.1 306000000 306500000 1797.20904
OX637739.1 306500000 307000000 1798.0
OX637739.1 307000000 307500000 1799.63592
OX637739.1 307500000 308000000 1801.0
OX637739.1 308000000 308500000 1803.75158
OX637739.1 308500000 309000000 1806.24026
OX637739.1 309000000 309500000 1808.0
OX637739.1 309500000 310000000 1808.0
OX637739.1 310000000 310500000 1808.7265
OX637739.1 310500000 311000000 1811.50682
OX637739.1 311000000 311500000 1812.66469
OX637739.1 311500000 312000000 1816.86257
OX637739.1 312000000 312500000 1818.91564
OX637739.1 312500000 313000000 1819.0
OX637739.1 313000000 313500000 1819.54644
OX637739.1 313500000 314000000 1820.00638
OX637739.1 314000000 314500000 1820.14061
OX637739.1 314500000 315000000 1821.75884
OX637739.1 315000000 315500000 1823.93152
OX637739.1 315500000 316000000 1824.00207
OX637739.1 316000000 316500000 1824.00163
OX637739.1 316500000 317000000 1824.82681
OX637739.1 317000000 317500000 1826.0
OX637739.1 317500000 318000000 1828.04173
OX637739.1 318000000 318500000 1829.80052
OX637739.1 318500000 319000000 1831.69358
OX637739.1 319000000 319500000 1833.02929
OX637739.1 319500000 320000000 1834.0
OX637739.1 320000000 320500000 1834.41662
OX637739.1 320500000 321000000 1834.98261
OX637739.1 321000000 321500000 1835.0
OX637739.1 321500000 322000000 1836.01332
OX637739.1 322000000 322500000 1837.0
OX637739.1 322500000 323000000 1837.35014
OX637739.1 323000000 323500000 1837.0
OX637739.1 323500000 324000000 1837.0
OX637739.1 324000000 324500000 1838.06719
OX637739.1 324500000 325000000 1839.77085
OX637739.1 325000000 325500000 1840.23693
OX637739.1 325500000 326000000 1841.0
OX637739.1 326000000 326500000 1841.41595
OX637739.1 326500000 327000000 1841.15035
OX637739.1 327000000 327500000 1842.33893
OX637739.1 327500000 328000000 1844.00211
OX637739.1 328000000 328500000 1844.77722
OX637739.1 328500000 329000000 1845.93847
OX637739.1 329000000 329500000 1847.00631
OX637739.1 329500000 330000000 1847.13704
OX637739.1 330000000 330500000 1848.70819
OX637739.1 330500000 331000000 1849.0
OX637739.1 331000000 331500000 1849.0
OX637739.1 331500000 332000000 1849.20853
OX637739.1 332000000 332500000 1851.13023
OX637739.1 332500000 333000000 1852.46206
OX637739.1 333000000 333500000 1851.64367
OX637739.1 333500000 334000000 1851.59692
OX637739.1 334000000 334500000 1850.52969
OX637739.1 334500000 335000000 1852.01094
OX637739.1 335000000 335500000 1852.53395
OX637739.1 335500000 336000000 1853.74586
OX637739.1 336000000 336500000 1854.0
OX637739.1 336500000 337000000 1854.82767
OX637739.1 337000000 337500000 1855.36224
OX637739.1 337500000 338000000 1856.0
OX637739.1 338000000 338500000 1856.50353
OX637739.1 338500000 339000000 1858.01035
OX637739.1 339000000 339500000 1857.56582
OX637739.1 339500000 340000000 1859.0
OX637739.1 340000000 340500000 1859.93477
OX637739.1 340500000 341000000 1860.42504
OX637739.1 341000000 341500000 1860.97203
OX637739.1 341500000 342000000 1860.0
OX637739.1 342000000 342500000 1859.87387
OX637739.1 342500000 343000000 1860.60764
OX637739.1 343000000 343500000 1861.0
OX637739.1 343500000 344000000 1862.94877
OX637739.1 344000000 344500000 1864.0
OX637739.1 344500000 345000000 1864.0
OX637739.1 345000000 345500000 1864.0
OX637739.1 345500000 346000000 1864.81212
OX637739.1 346000000 346500000 1865.0
OX637739.1 346500000 347000000 1865.00448
OX637739.1 347000000 347500000 1866.4912
OX637739.1 347500000 348000000 1868.0
OX637739.1 348000000 348500000 1868.0
OX637739.1 348500000 349000000 1868.72193
OX637739.1 349000000 349500000 1869.00018
OX637739.1 349500000 350000000 1869.04106
OX637739.1 350000000 350500000 1869.42447
OX637739.1 350500000 351000000 1869.0
OX637739.1 351000000 351500000 1869.81436
OX637739.1 351500000 352000000 1870.07862
OX637739.1 352000000 352500000 1871.90859
OX637739.1 352500000 353000000 1873.89182
OX637739.1 353000000 353500000 1875.50711
OX637739.1 353500000 354000000 1877.86371
OX637739.1 354000000 354500000 1879.0
OX637739.1 354500000 355000000 1880.71203
OX637739.1 355000000 355500000 1882.71189
OX637739.1 355500000 356000000 1884.78304
OX637739.1 356000000 356500000 1885.23239
OX637739.1 356500000 357000000 1887.21078
OX637739.1 357000000 357500000 1889.99606
OX637739.1 357500000 358000000 1890.93309
OX637739.1 358000000 358500000 1894.44692
OX637739.1 358500000 359000000 1894.64808
OX637739.1 359000000 359500000 1894.0
OX637739.1 359500000 360000000 1893.96147
OX637739.1 360000000 360500000 1896.24545
OX637739.1 360500000 361000000 1896.72
OX637739.1 361000000 361500000 1895.49949
OX637739.1 361500000 362000000 1896.0
OX637739.1 362000000 362500000 1895.3004
OX637739.1 362500000 363000000 1895.0
OX637739.1 363000000 363500000 1895.00098
OX637739.1 363500000 364000000 1895.00096
OX637739.1 364000000 364500000 1896.88013
OX637739.1 364500000 365000000 1896.62692
OX637739.1 365000000 365500000 1896.03284
OX637739.1 365500000 366000000 1896.08691
OX637739.1 366000000 366500000 1897.0
OX637739.1 366500000 367000000 1897.0
OX637739.1 367000000 367500000 1897.00152
OX637739.1 367500000 368000000 1897.20142
OX637739.1 368000000 368500000 1897.0
OX637739.1 368500000 369000000 1896.13878
OX637739.1 369000000 369500000 1896.64732
OX637739.1 369500000 370000000 1897.09332
OX637739.1 370000000 370500000 1899.16636
OX637739.1 370500000 371000000 1899.77349
OX637739.1 371000000 371500000 1901.07727
OX637739.1 371500000 372000000 1902.47913
OX637739.1 372000000 372500000 1903.92512
OX637739.1 372500000 373000000 1904.79516
OX637739.1 373000000 373500000 1904.65915
OX637739.1 373500000 374000000 1904.97744
OX637739.1 374000000 374500000 1905.19628
OX637739.1 374500000 375000000 1905.69806
OX637739.1 375000000 375500000 1906.32483
OX637739.1 375500000 376000000 1906.77178
OX637739.1 376000000 376500000 1907.00362
OX637739.1 376500000 377000000 1907.09226
OX637739.1 377000000 377500000 1906.71578
OX637739.1 377500000 378000000 1906.00468
OX637739.1 378000000 378500000 1906.0324
OX637739.1 378500000 379000000 1906.0
OX637739.1 379000000 379500000 1906.20371
OX637739.1 379500000 380000000 1907.28498
OX637739.1 380000000 380500000 1908.33656
OX637739.1 380500000 381000000 1909.06988
OX637739.1 381000000 381500000 1908.05202
OX637739.1 381500000 382000000 1905.9745
OX637739.1 382000000 382500000 1906.0
OX637739.1 382500000 383000000 1905.66773
OX637739.1 383000000 383500000 1905.82285
OX637739.1 383500000 384000000 1906.47036
OX637739.1 384000000 384500000 1906.65903
OX637739.1 384500000 385000000 1909.56951
OX637739.1 385000000 385500000 1909.76317
OX637739.1 385500000 386000000 1908.16223
OX637739.1 386000000 386500000 1908.0
OX637739.1 386500000 387000000 1907.5397
OX637739.1 387000000 387500000 1908.57045
OX637739.1 387500000 388000000 1908.76898
OX637739.1 388000000 388500000 1907.88876
OX637739.1 388500000 389000000 1907.07428
OX637739.1 389000000 389500000 1907.0
OX637739.1 389500000 390000000 1907.22538
OX637739.1 390000000 390500000 1908.0
OX637739.1 390500000 391000000 1907.06588
OX637739.1 391000000 391500000 1907.0
OX637739.1 391500000 392000000 1907.00182
OX637739.1 392000000 392500000 1906.9563
OX637739.1 392500000 393000000 1906.0
OX637739.1 393000000 393500000 1906.0
OX637739.1 393500000 394000000 1906.0
OX637739.1 394000000 394500000 1906.0
OX637739.1 394500000 395000000 1906.27384
OX637739.1 395000000 395500000 1905.84808
OX637739.1 395500000 396000000 1906.60645
OX637739.1 396000000 396500000 1907.37329
OX637739.1 396500000 397000000 1908.0
OX637739.1 397000000 397500000 1908.0674
OX637739.1 397500000 398000000 1907.09407
OX637739.1 398000000 398500000 1905.32504
OX637739.1 398500000 399000000 1905.0
OX637739.1 399000000 399500000 1903.5563
OX637739.1 399500000 400000000 1901.74976
OX637739.1 400000000 400500000 1899.07537
OX637739.1 400500000 401000000 1899.0
OX637739.1 401000000 401500000 1899.0
OX637739.1 401500000 402000000 1898.11573
OX637739.1 402000000 402500000 1897.91896
OX637739.1 402500000 403000000 1896.54559
OX637739.1 403000000 403500000 1896.0
OX637739.1 403500000 404000000 1893.62619
OX637739.1 404000000 404500000 1893.0
OX637739.1 404500000 405000000 1892.53645
OX637739.1 405000000 405500000 1891.00621
OX637739.1 405500000 406000000 1890.08404
OX637739.1 406000000 406500000 1888.69178
OX637739.1 406500000 407000000 1885.83651
OX637739.1 407000000 407500000 1884.0
OX637739.1 407500000 408000000 1883.7509
OX637739.1 408000000 408500000 1882.3515
OX637739.1 408500000 409000000 1880.76132
OX637739.1 409000000 409500000 1880.0324
OX637739.1 409500000 410000000 1879.04638
OX637739.1 410000000 410500000 1879.98031
OX637739.1 410500000 411000000 1880.00802
OX637739.1 411000000 411500000 1879.4039
OX637739.1 411500000 412000000 1876.71401
OX637739.1 412000000 412500000 1874.6346
OX637739.1 412500000 413000000 1874.63191
OX637739.1 413000000 413500000 1874.0
OX637739.1 413500000 414000000 1873.1333
OX637739.1 414000000 414500000 1872.78141
OX637739.1 414500000 415000000 1870.7931
OX637739.1 415000000 415500000 1869.14518
OX637739.1 415500000 416000000 1869.00198
OX637739.1 416000000 416500000 1868.98379
OX637739.1 416500000 417000000 1867.97165
OX637739.1 417000000 417500000 1865.01915
OX637739.1 417500000 418000000 1864.0
OX637739.1 418000000 418500000 1862.82406
OX637739.1 418500000 419000000 1860.1726
OX637739.1 419000000 419500000 1855.64906
OX637739.1 419500000 420000000 1851.87466
OX637739.1 420000000 420500000 1849.99219
OX637739.1 420500000 421000000 1847.67418
OX637739.1 421000000 421500000 1846.0968
OX637739.1 421500000 422000000 1844.49055
OX637739.1 422000000 422500000 1844.0
OX637739.1 422500000 423000000 1844.0
OX637739.1 423000000 423500000 1842.66165
OX637739.1 423500000 424000000 1838.67118
OX637739.1 424000000 424500000 1837.45016
OX637739.1 424500000 425000000 1837.23561
OX637739.1 425000000 425500000 1830.59576
OX637739.1 425500000 426000000 1828.79254
OX637739.1 426000000 426500000 1827.97964
OX637739.1 426500000 427000000 1825.88355
OX637739.1 427000000 427500000 1821.23923
OX637739.1 427500000 428000000 1818.0
OX637739.1 428000000 428500000 1818.0
OX637739.1 428500000 429000000 1817.26259
OX637739.1 429000000 429500000 1816.0
OX637739.1 429500000 430000000 1813.8537
OX637739.1 430000000 430500000 1810.4702
OX637739.1 430500000 431000000 1807.8579
OX637739.1 431000000 431500000 1806.5878
OX637739.1 431500000 432000000 1805.54148
OX637739.1 432000000 432500000 1803.31182
OX637739.1 432500000 433000000 1799.14563
OX637739.1 433000000 433500000 1798.0
OX637739.1 433500000 434000000 1798.0
OX637739.1 434000000 434500000 1797.23168
OX637739.1 434500000 435000000 1797.0
OX637739.1 435000000 435500000 1797.0
OX637739.1 435500000 436000000 1794.95007
OX637739.1 436000000 436500000 1791.75648
OX637739.1 436500000 437000000 1789.77039
OX637739.1 437000000 437500000 1787.63794
OX637739.1 437500000 438000000 1787.0
OX637739.1 438000000 438500000 1786.32885
OX637739.1 438500000 439000000 1786.0
OX637739.1 439000000 439500000 1786.14938
OX637739.1 439500000 440000000 1786.07533
OX637739.1 440000000 440500000 1785.42208
OX637739.1 440500000 441000000 1785.0028
OX637739.1 441000000 441500000 1785.0
OX637739.1 441500000 442000000 1784.09426
OX637739.1 442000000 442500000 1784.20065
OX637739.1 442500000 443000000 1784.16071
OX637739.1 443000000 443500000 1783.68855
OX637739.1 443500000 444000000 1782.79824
OX637739.1 444000000 444500000 1781.7281
OX637739.1 444500000 445000000 1780.0946
OX637739.1 445000000 445500000 1780.0
OX637739.1 445500000 446000000 1780.0
OX637739.1 446000000 446500000 1779.21522
OX637739.1 446500000 447000000 1777.85043
OX637739.1 447000000 447500000 1776.61093
OX637739.1 447500000 448000000 1775.00099
OX637739.1 448000000 448500000 1773.01978
OX637739.1 448500000 449000000 1773.48577
OX637739.1 449000000 449500000 1773.0
OX637739.1 449500000 450000000 1772.94289
OX637739.1 450000000 450500000 1771.23629
OX637739.1 450500000 451000000 1770.14349
OX637739.1 451000000 451500000 1769.25952
OX637739.1 451500000 452000000 1765.16322
OX637739.1 452000000 452500000 1763.32141
OX637739.1 452500000 453000000 1760.2104
OX637739.1 453000000 453500000 1758.0
OX637739.1 453500000 454000000 1758.0
OX637739.1 454000000 454500000 1757.55451
OX637739.1 454500000 455000000 1756.84068
OX637739.1 455000000 455500000 1755.19953
OX637739.1 455500000 456000000 1755.0
OX637739.1 456000000 456500000 1753.68225
OX637739.1 456500000 457000000 1752.8413
OX637739.1 457000000 457500000 1751.56779
OX637739.1 457500000 458000000 1750.4939
OX637739.1 458000000 458500000 1748.00211
OX637739.1 458500000 459000000 1748.0
OX637739.1 459000000 459500000 1747.96079
OX637739.1 459500000 460000000 1745.115
OX637739.1 460000000 460500000 1740.47896
OX637739.1 460500000 461000000 1738.63377
OX637739.1 461000000 461500000 1735.73622
OX637739.1 461500000 462000000 1734.71745
OX637739.1 462000000 462500000 1734.47797
OX637739.1 462500000 463000000 1733.22676
OX637739.1 463000000 463500000 1730.59001
OX637739.1 463500000 464000000 1728.67088
OX637739.1 464000000 464500000 1726.12473
OX637739.1 464500000 465000000 1725.29837
OX637739.1 465000000 465500000 1724.38164
OX637739.1 465500000 466000000 1724.0
OX637739.1 466000000 466500000 1724.0
OX637739.1 466500000 467000000 1724.0
OX637739.1 467000000 467500000 1721.30375
OX637739.1 467500000 468000000 1719.63806
OX637739.1 468000000 468500000 1718.0
OX637739.1 468500000 469000000 1718.0
OX637739.1 469000000 469500000 1716.77929
OX637739.1 469500000 470000000 1716.0
OX637739.1 470000000 470500000 1716.0
OX637739.1 470500000 471000000 1714.30412
OX637739.1 471000000 471500000 1713.0
OX637739.1 471500000 472000000 1712.95456
OX637739.1 472000000 472500000 1711.21504
OX637739.1 472500000 473000000 1709.0
OX637739.1 473000000 473500000 1708.15421
OX637739.1 473500000 474000000 1707.06383
OX637739.1 474000000 474500000 1704.59334
OX637739.1 474500000 475000000 1703.0
OX637739.1 475000000 475500000 1701.98624
OX637739.1 475500000 476000000 1698.09572
OX637739.1 476000000 476500000 1696.34681
OX637739.1 476500000 477000000 1694.24441
OX637739.1 477000000 477500000 1689.05651
OX637739.1 477500000 478000000 1687.76453
OX637739.1 478000000 478500000 1686.08843
OX637739.1 478500000 479000000 1685.59961
OX637739.1 479000000 479500000 1685.0
OX637739.1 479500000 480000000 1685.0
OX637739.1 480000000 480500000 1685.0
OX637739.1 480500000 481000000 1685.0
OX637739.1 481000000 481500000 1684.01781
OX637739.1 481500000 482000000 1680.98624
OX637739.1 482000000 482500000 1680.0
OX637739.1 482500000 483000000 1679.39617
OX637739.1 483000000 483500000 1678.0
OX637739.1 483500000 484000000 1677.18561
OX637739.1 484000000 484500000 1675.2411
OX637739.1 484500000 485000000 1672.57781
OX637739.1 485000000 485500000 1669.31819
OX637739.1 485500000 486000000 1665.11401
OX637739.1 486000000 486500000 1661.0288
OX637739.1 486500000 487000000 1657.46288
OX637739.1 487000000 487500000 1656.18889
OX637739.1 487500000 488000000 1655.18193
OX637739.1 488000000 488500000 1654.35929
OX637739.1 488500000 489000000 1652.22281
OX637739.1 489000000 489500000 1649.42396
OX637739.1 489500000 490000000 1646.98307
OX637739.1 490000000 490500000 1645.96768
OX637739.1 490500000 491000000 1644.64818
OX637739.1 491000000 491500000 1642.7436
OX637739.1 491500000 492000000 1641.67551
OX637739.1 492000000 492500000 1638.04932
OX637739.1 492500000 493000000 1630.50832
OX637739.1 493000000 493500000 1627.91052
OX637739.1 493500000 494000000 1625.71395
OX637739.1 494000000 494500000 1622.04484
OX637739.1 494500000 495000000 1614.98548
OX637739.1 495000000 495500000 1611.45197
OX637739.1 495500000 496000000 1610.0
OX637739.1 496000000 496500000 1608.82203
OX637739.1 496500000 497000000 1604.94224
OX637739.1 497000000 497500000 1602.21264
OX637739.1 497500000 498000000 1598.93192
OX637739.1 498000000 498500000 1597.5775
OX637739.1 498500000 499000000 1595.59137
OX637739.1 499000000 499500000 1594.96416
OX637739.1 499500000 500000000 1591.21545
OX637739.1 500000000 500500000 1588.55085
OX637739.1 500500000 501000000 1586.63886
OX637739.1 501000000 501500000 1583.32956
OX637739.1 501500000 502000000 1580.55362
OX637739.1 502000000 502500000 1577.39757
OX637739.1 502500000 503000000 1571.82377
OX637739.1 503000000 503500000 1566.65352
OX637739.1 503500000 504000000 1562.65715
OX637739.1 504000000 504500000 1557.60691
OX637739.1 504500000 505000000 1553.45504
OX637739.1 505000000 505500000 1550.62983
OX637739.1 505500000 506000000 1546.24397
OX637739.1 506000000 506500000 1540.92252
OX637739.1 506500000 507000000 1537.96429
OX637739.1 507000000 507500000 1536.07689
OX637739.1 507500000 508000000 1535.8096
OX637739.1 508000000 508500000 1534.2223
OX637739.1 508500000 509000000 1528.95578
OX637739.1 509000000 509500000 1523.0
OX637739.1 509500000 510000000 1521.97803
OX637739.1 510000000 510500000 1517.71821
OX637739.1 510500000 511000000 1514.33658
OX637739.1 511000000 511500000 1513.49652
OX637739.1 511500000 512000000 1508.95876
OX637739.1 512000000 512500000 1506.79124
OX637739.1 512500000 513000000 1499.94228
OX637739.1 513000000 513500000 1495.95883
OX637739.1 513500000 514000000 1489.75426
OX637739.1 514000000 514500000 1484.7458
OX637739.1 514500000 515000000 1481.38262
OX637739.1 515000000 515500000 1479.04286
OX637739.1 515500000 516000000 1474.7566
OX637739.1 516000000 516500000 1469.82603
OX637739.1 516500000 517000000 1462.5466
OX637739.1 517000000 517500000 1459.97496
OX637739.1 517500000 518000000 1456.64983
OX637739.1 518000000 518500000 1453.55641
OX637739.1 518500000 519000000 1450.29228
OX637739.1 519000000 519500000 1442.21777
OX637739.1 519500000 520000000 1431.95518
OX637739.1 520000000 520500000 1426.47786
OX637739.1 520500000 521000000 1424.54715
OX637739.1 521000000 521500000 1418.41263
OX637739.1 521500000 522000000 1413.50195
OX637739.1 522000000 522500000 1408.69177
OX637739.1 522500000 523000000 1401.40043
OX637739.1 523000000 523500000 1396.79661
OX637739.1 523500000 524000000 1392.7167
OX637739.1 524000000 524500000 1386.51653
OX637739.1 524500000 525000000 1379.65376
OX637739.1 525000000 525500000 1379.0
OX637739.1 525500000 526000000 1377.57652
OX637739.1 526000000 526500000 1367.42537
OX637739.1 526500000 527000000 1358.34082
OX637739.1 527000000 527500000 1342.59286
OX637739.1 527500000 528000000 1330.3438
OX637739.1 528000000 528500000 1311.87455
OX637739.1 528500000 529000000 1306.22682
OX637739.1 529000000 529500000 1294.43218
OX637739.1 529500000 530000000 1281.77771
OX637739.1 530000000 530500000 1271.08407
OX637739.1 530500000 531000000 1259.15687
OX637739.1 531000000 531500000 1247.90714
OX637739.1 531500000 532000000 1236.20463
OX637739.1 532000000 532500000 1227.17135
OX637739.1 532500000 533000000 1218.05113
OX637739.1 533000000 533500000 1209.9391
OX637739.1 533500000 534000000 1203.80616
OX637739.1 534000000 534500000 1190.33085
OX637739.1 534500000 535000000 1173.37218
OX637739.1 535000000 535500000 1159.9353
OX637739.1 535500000 536000000 1145.77271
OX637739.1 536000000 536500000 1126.48773
OX637739.1 536500000 537000000 1113.48266
OX637739.1 537000000 537500000 1102.33403
OX637739.1 537500000 538000000 1085.33325
OX637739.1 538000000 538500000 1059.67322
OX637739.1 538500000 539000000 1038.51548
OX637739.1 539000000 539500000 1028.82037
OX637739.1 539500000 540000000 1013.8294
OX637739.1 540000000 540500000 992.05078
OX637739.1 540500000 541000000 967.32749
OX637739.1 541000000 541500000 943.97511
OX637739.1 541500000 542000000 913.83918
OX637739.1 542000000 542500000 880.03697
OX637739.1 542500000 543000000 849.86691
OX637739.1 543000000 543500000 810.10295
OX637739.1 543500000 544000000 771.21165
OX637739.1 544000000 544500000 738.04886
OX637739.1 544500000 545000000 709.85504
OX637739.1 545000000 545500000 668.45675
OX637739.1 545500000 546000000 625.4361
OX637739.1 546000000 546500000 589.43921
OX637739.1 546500000 547000000 539.43461
OX637739.1 547000000 547500000 496.79294
OX637739.1 547500000 548000000 437.95116
OX637739.1 548000000 548500000 422.76193
OX637739.1 548500000 549000000 419.81634
OX637739.1 549000000 549500000 408.28886
OX637739.1 549500000 550000000 349.48585
OX637739.1 550000000 550500000 287.14093
OX637739.1 550500000 551000000 216.03671
OX637739.1 551000000 551500000 152.86584
OX637739.1 551500000 552000000 109.20226
OX637739.1 552000000 552500000 23.0196
OX637739.1 552500000 552998710 1.0
OX637746.1 0 500000 14.17556
OX637746.1 500000 1000000 48.13665
OX637746.1 1000000 1500000 71.79984
OX637746.1 1500000 2000000 90.04852
OX637746.1 2000000 2500000 105.58179
OX637746.1 2500000 3000000 143.88639
OX637746.1 3000000 3500000 177.97674
OX637746.1 3500000 4000000 210.53471
OX637746.1 4000000 4500000 240.78939
OX637746.1 4500000 5000000 251.81689
OX637746.1 5000000 5500000 281.20391
OX637746.1 5500000 6000000 314.05474
OX637746.1 6000000 6500000 328.99424
OX637746.1 6500000 7000000 335.81665
OX637746.1 7000000 7500000 358.46409
OX637746.1 7500000 8000000 386.49994
OX637746.1 8000000 8500000 407.91402
OX637746.1 8500000 9000000 436.71345
OX637746.1 9000000 9500000 452.71178
OX637746.1 9500000 10000000 479.25062
OX637746.1 10000000 10500000 491.88835
OX637746.1 10500000 11000000 504.5733
OX637746.1 11000000 11500000 518.36327
OX637746.1 11500000 12000000 543.85152
OX637746.1 12000000 12500000 560.45974
OX637746.1 12500000 13000000 575.15474
OX637746.1 13000000 13500000 586.88202
OX637746.1 13500000 14000000 599.73814
OX637746.1 14000000 14500000 610.57844
OX637746.1 14500000 15000000 621.35089
OX637746.1 15000000 15500000 633.63134
OX637746.1 15500000 16000000 638.0929
OX637746.1 16000000 16500000 644.9315
OX637746.1 16500000 17000000 654.18614
OX637746.1 17000000 17500000 656.09842
OX637746.1 17500000 18000000 669.32877
OX637746.1 18000000 18500000 680.48497
OX637746.1 18500000 19000000 688.19161
OX637746.1 19000000 19500000 701.09236
OX637746.1 19500000 20000000 711.57471
OX637746.1 20000000 20500000 719.96409
OX637746.1 20500000 21000000 725.52384
OX637746.1 21000000 21500000 732.62874
OX637746.1 21500000 22000000 748.2181
OX637746.1 22000000 22500000 752.56883
OX637746.1 22500000 23000000 757.23127
OX637746.1 23000000 23500000 763.45313
OX637746.1 23500000 24000000 766.09344
OX637746.1 24000000 24500000 771.18235
OX637746.1 24500000 25000000 777.47359
OX637746.1 25000000 25500000 785.4848
OX637746.1 25500000 26000000 789.56272
OX637746.1 26000000 26500000 790.77407
OX637746.1 26500000 27000000 792.54215
OX637746.1 27000000 27500000 794.33719
OX637746.1 27500000 28000000 796.27149
OX637746.1 28000000 28500000 797.0
OX637746.1 28500000 29000000 797.0
OX637746.1 29000000 29500000 800.00456
OX637746.1 29500000 30000000 801.0
OX637746.1 30000000 30500000 804.18256
OX637746.1 30500000 31000000 806.30325
OX637746.1 31000000 31500000 807.59618
OX637746.1 31500000 32000000 812.97293
OX637746.1 32000000 32500000 815.42043
OX637746.1 32500000 33000000 816.92684
OX637746.1 33000000 33500000 819.9378
OX637746.1 33500000 34000000 819.71109
OX637746.1 34000000 34500000 821.81901
OX637746.1 34500000 35000000 822.55597
OX637746.1 35000000 35500000 823.0
OX637746.1 35500000 36000000 821.97902
OX637746.1 36000000 36500000 825.76415
OX637746.1 36500000 37000000 831.08001
OX637746.1 37000000 37500000 835.53077
OX637746.1 37500000 38000000 837.32146
OX637746.1 38000000 38500000 839.55854
OX637746.1 38500000 39000000 842.78571
OX637746.1 39000000 39500000 844.07425
OX637746.1 39500000 40000000 845.69388
OX637746.1 40000000 40500000 847.62303
OX637746.1 40500000 41000000 848.17458
OX637746.1 41000000 41500000 849.19373
OX637746.1 41500000 42000000 852.0
OX637746.1 42000000 42500000 852.4637
OX637746.1 42500000 43000000 856.54165
OX637746.1 43000000 43500000 858.61441
OX637746.1 43500000 44000000 860.59327
OX637746.1 44000000 44500000 861.20329
OX637746.1 44500000 45000000 862.09728
OX637746.1 45000000 45500000 864.95241
OX637746.1 45500000 46000000 864.78349
OX637746.1 46000000 46500000 863.03443
OX637746.1 46500000 47000000 863.0
OX637746.1 47000000 47500000 863.82141
OX637746.1 47500000 48000000 866.7815
OX637746.1 48000000 48500000 872.89633
OX637746.1 48500000 49000000 874.49583
OX637746.1 49000000 49500000 875.0
OX637746.1 49500000 50000000 875.0
OX637746.1 50000000 50500000 875.0
OX637746.1 50500000 51000000 876.09781
OX637746.1 51000000 51500000 879.60049
OX637746.1 51500000 52000000 880.0
OX637746.1 52000000 52500000 880.00827
OX637746.1 52500000 53000000 880.25758
OX637746.1 53000000 53500000 883.99424
OX637746.1 53500000 54000000 886.92503
OX637746.1 54000000 54500000 889.61146
OX637746.1 54500000 55000000 895.17791
OX637746.1 55000000 55500000 897.32631
OX637746.1 55500000 56000000 900.18849
OX637746.1 56000000 56500000 904.69918
OX637746.1 56500000 57000000 906.37095
OX637746.1 57000000 57500000 907.88534
OX637746.1 57500000 58000000 910.49629
OX637746.1 58000000 58500000 911.42431
OX637746.1 58500000 59000000 916.02348
OX637746.1 59000000 59500000 918.0
OX637746.1 59500000 60000000 918.16963
OX637746.1 60000000 60500000 918.09976
OX637746.1 60500000 61000000 919.575
OX637746.1 61000000 61500000 920.02598
OX637746.1 61500000 62000000 920.0
OX637746.1 62000000 62500000 920.0
OX637746.1 62500000 63000000 920.60381
OX637746.1 63000000 63500000 921.0
OX637746.1 63500000 64000000 921.88683
OX637746.1 64000000 64500000 922.24854
OX637746.1 64500000 65000000 923.0
OX637746.1 65000000 65500000 924.28318
OX637746.1 65500000 66000000 925.0
OX637746.1 66000000 66500000 925.41308
OX637746.1 66500000 67000000 926.0
OX637746.1 67000000 67500000 926.96731
OX637746.1 67500000 68000000 929.07827
OX637746.1 68000000 68500000 930.28655
OX637746.1 68500000 69000000 931.48659
OX637746.1 69000000 69500000 934.06035
OX637746.1 69500000 70000000 935.08122
OX637746.1 70000000 70500000 937.0
OX637746.1 70500000 71000000 937.73141
OX637746.1 71000000 71500000 938.21103
OX637746.1 71500000 72000000 941.43585
OX637746.1 72000000 72500000 944.92077
OX637746.1 72500000 73000000 948.22067
OX637746.1 73000000 73500000 949.0
OX637746.1 73500000 74000000 949.0
OX637746.1 74000000 74500000 949.0
OX637746.1 74500000 75000000 949.0
OX637746.1 75000000 75500000 949.0
OX637746.1 75500000 76000000 949.0
OX637746.1 76000000 76500000 949.1928
OX637746.1 76500000 77000000 950.0
OX637746.1 77000000 77500000 950.0
OX637746.1 77500000 78000000 950.05382
OX637746.1 78000000 78500000 951.0
OX637746.1 78500000 79000000 951.0
OX637746.1 79000000 79500000 950.70454
OX637746.1 79500000 80000000 950.97943
OX637746.1 80000000 80500000 951.0
OX637746.1 80500000 81000000 951.96935
OX637746.1 81000000 81500000 951.89658
OX637746.1 81500000 82000000 951.81873
OX637746.1 82000000 82500000 953.76768
OX637746.1 82500000 83000000 954.0
OX637746.1 83000000 83500000 954.0
OX637746.1 83500000 84000000 953.35832
OX637746.1 84000000 84500000 953.0
OX637746.1 84500000 85000000 952.66307
OX637746.1 85000000 85500000 952.0
OX637746.1 85500000 86000000 952.93692
OX637746.1 86000000 86500000 952.0
OX637746.1 86500000 87000000 952.0
OX637746.1 87000000 87500000 951.24436
OX637746.1 87500000 88000000 951.00965
OX637746.1 88000000 88500000 951.09934
OX637746.1 88500000 89000000 951.0
OX637746.1 89000000 89500000 951.0
OX637746.1 89500000 90000000 953.72418
OX637746.1 90000000 90500000 955.0
OX637746.1 90500000 91000000 955.00222
OX637746.1 91000000 91500000 954.87681
OX637746.1 91500000 92000000 954.0
OX637746.1 92000000 92500000 954.96755
OX637746.1 92500000 93000000 956.0
OX637746.1 93000000 93500000 956.0
OX637746.1 93500000 94000000 956.93414
OX637746.1 94000000 94500000 957.0
OX637746.1 94500000 95000000 957.00525
OX637746.1 95000000 95500000 957.0
OX637746.1 95500000 96000000 957.0
OX637746.1 96000000 96500000 957.0
OX637746.1 96500000 97000000 957.0
OX637746.1 97000000 97500000 957.68542
OX637746.1 97500000 98000000 958.0
OX637746.1 98000000 98500000 958.0
OX637746.1 98500000 99000000 958.0
OX637746.1 99000000 99500000 958.0
OX637746.1 99500000 100000000 958.0
OX637746.1 100000000 100500000 958.0
OX637746.1 100500000 101000000 958.0
OX637746.1 101000000 101500000 958.73016
OX637746.1 101500000 102000000 959.0
OX637746.1 102000000 102500000 959.0
OX637746.1 102500000 103000000 959.0
OX637746.1 103000000 103500000 959.34856
OX637746.1 103500000 104000000 959.27366
OX637746.1 104000000 104500000 959.00584
OX637746.1 104500000 105000000 959.0
OX637746.1 105000000 105500000 959.7847
OX637746.1 105500000 106000000 960.00264
OX637746.1 106000000 106500000 960.0
OX637746.1 106500000 107000000 960.78721
OX637746.1 107000000 107500000 961.0
OX637746.1 107500000 108000000 961.0
OX637746.1 108000000 108500000 961.0
OX637746.1 108500000 109000000 961.0
OX637746.1 109000000 109500000 961.24558
OX637746.1 109500000 110000000 962.0
OX637746.1 110000000 110500000 962.08043
OX637746.1 110500000 111000000 963.0
OX637746.1 111000000 111500000 963.0
OX637746.1 111500000 112000000 963.0
OX637746.1 112000000 112500000 963.0
OX637746.1 112500000 113000000 963.0
OX637746.1 113000000 113500000 963.0
OX637746.1 113500000 114000000 963.0
OX637746.1 114000000 114500000 964.21074
OX637746.1 114500000 115000000 965.0
OX637746.1 115000000 115500000 965.0
OX637746.1 115500000 116000000 965.0
OX637746.1 116000000 116500000 965.0
OX637746.1 116500000 117000000 965.0
OX637746.1 117000000 117500000 965.0
OX637746.1 117500000 118000000 965.2357
OX637746.1 118000000 118500000 966.00948
OX637746.1 118500000 119000000 966.69146
OX637746.1 119000000 119500000 967.0
OX637746.1 119500000 120000000 967.0
OX637746.1 120000000 120500000 967.0
OX637746.1 120500000 121000000 967.0
OX637746.1 121000000 121500000 967.0
OX637746.1 121500000 122000000 967.64684
OX637746.1 122000000 122500000 967.66225
OX637746.1 122500000 123000000 967.10143
OX637746.1 123000000 123500000 968.0
OX637746.1 123500000 124000000 968.0
OX637746.1 124000000 124500000 968.0
OX637746.1 124500000 125000000 968.03327
OX637746.1 125000000 125500000 969.27533
OX637746.1 125500000 126000000 970.0
OX637746.1 126000000 126500000 970.0
OX637746.1 126500000 127000000 969.06953
OX637746.1 127000000 127500000 969.0
OX637746.1 127500000 128000000 969.0
OX637746.1 128000000 128500000 969.0
OX637746.1 128500000 129000000 969.0
OX637746.1 129000000 129500000 969.0
OX637746.1 129500000 130000000 969.0
OX637746.1 130000000 130500000 969.00798
OX637746.1 130500000 131000000 969.85496
OX637746.1 131000000 131500000 970.0
OX637746.1 131500000 132000000 970.0
OX637746.1 132000000 132500000 970.0
OX637746.1 132500000 133000000 969.11098
OX637746.1 133000000 133500000 969.0
OX637746.1 133500000 134000000 969.0
OX637746.1 134000000 134500000 969.0
OX637746.1 134500000 135000000 969.0
OX637746.1 135000000 135500000 969.0
OX637746.1 135500000 136000000 969.0
OX637746.1 136000000 136500000 969.0
OX637746.1 136500000 137000000 969.0
OX637746.1 137000000 137500000 969.0
OX637746.1 137500000 138000000 969.0
OX637746.1 138000000 138500000 968.47018
OX637746.1 138500000 139000000 968.30718
OX637746.1 139000000 139500000 969.0
OX637746.1 139500000 140000000 969.0
OX637746.1 140000000 140500000 969.0
OX637746.1 140500000 141000000 969.0
OX637746.1 141000000 141500000 969.0
OX637746.1 141500000 142000000 969.0
OX637746.1 142000000 142500000 969.0
OX637746.1 142500000 143000000 969.0
OX637746.1 143000000 143500000 968.51662
OX637746.1 143500000 144000000 968.0
OX637746.1 144000000 144500000 968.0
OX637746.1 144500000 145000000 968.00033
OX637746.1 145000000 145500000 968.0
OX637746.1 145500000 146000000 967.89167
OX637746.1 146000000 146500000 967.0
OX637746.1 146500000 147000000 967.0
OX637746.1 147000000 147500000 967.13045
OX637746.1 147500000 148000000 968.9856
OX637746.1 148000000 148500000 969.07044
OX637746.1 148500000 149000000 970.0
OX637746.1 149000000 149500000 970.83095
OX637746.1 149500000 150000000 971.0
OX637746.1 150000000 150500000 971.0
OX637746.1 150500000 151000000 971.0
OX637746.1 151000000 151500000 971.0
OX637746.1 151500000 152000000 971.0
OX637746.1 152000000 152500000 971.0
OX637746.1 152500000 153000000 971.0
OX637746.1 153000000 153500000 971.0
OX637746.1 153500000 154000000 971.0
OX637746.1 154000000 154500000 972.41937
OX637746.1 154500000 155000000 973.25822
OX637746.1 155000000 155500000 974.61239
OX637746.1 155500000 156000000 976.0
OX637746.1 156000000 156500000 976.0
OX637746.1 156500000 157000000 976.61996
OX637746.1 157000000 157500000 977.0
OX637746.1 157500000 158000000 977.0
OX637746.1 158000000 158500000 977.0
OX637746.1 158500000 159000000 977.0
OX637746.1 159000000 159500000 977.0
OX637746.1 159500000 160000000 977.0
OX637746.1 160000000 160500000 977.0
OX637746.1 160500000 161000000 977.0
OX637746.1 161000000 161500000 977.0
OX637746.1 161500000 162000000 977.0
OX637746.1 162000000 162500000 977.0
OX637746.1 162500000 163000000 977.0
OX637746.1 163000000 163500000 977.0
OX637746.1 163500000 164000000 977.0
OX637746.1 164000000 164500000 977.63324
OX637746.1 164500000 165000000 978.0
OX637746.1 165000000 165500000 978.8688
OX637746.1 165500000 166000000 979.0
OX637746.1 166000000 166500000 979.0
OX637746.1 166500000 167000000 979.0
OX637746.1 167000000 167500000 979.0
OX637746.1 167500000 168000000 979.0
OX637746.1 168000000 168500000 979.0
OX637746.1 168500000 169000000 979.0
OX637746.1 169000000 169500000 979.0
OX637746.1 169500000 170000000 979.0
OX637746.1 170000000 170500000 979.0
OX637746.1 170500000 171000000 979.0
OX637746.1 171000000 171500000 979.0
OX637746.1 171500000 172000000 978.26983
OX637746.1 172000000 172500000 979.0
OX637746.1 172500000 173000000 978.22439
OX637746.1 173000000 173500000 977.3582
OX637746.1 173500000 174000000 977.0
OX637746.1 174000000 174500000 977.0
OX637746.1 174500000 175000000 977.0
OX637746.1 175000000 175500000 977.40265
OX637746.1 175500000 176000000 978.0
OX637746.1 176000000 176500000 978.0
OX637746.1 176500000 177000000 978.0
OX637746.1 177000000 177500000 978.0
OX637746.1 177500000 178000000 978.0
OX637746.1 178000000 178500000 977.40629
OX637746.1 178500000 179000000 977.0
OX637746.1 179000000 179500000 977.32021
OX637746.1 179500000 180000000 977.0
OX637746.1 180000000 180500000 977.0
OX637746.1 180500000 181000000 977.0
OX637746.1 181000000 181500000 977.0
OX637746.1 181500000 182000000 977.00206
OX637746.1 182000000 182500000 977.0
OX637746.1 182500000 183000000 977.50456
OX637746.1 183000000 183500000 978.0
OX637746.1 183500000 184000000 978.0
OX637746.1 184000000 184500000 977.15381
OX637746.1 184500000 185000000 978.0
OX637746.1 185000000 185500000 978.0
OX637746.1 185500000 186000000 978.0
OX637746.1 186000000 186500000 979.31726
OX637746.1 186500000 187000000 980.0
OX637746.1 187000000 187500000 980.0
OX637746.1 187500000 188000000 980.0
OX637746.1 188000000 188500000 980.0
OX637746.1 188500000 189000000 980.0
OX637746.1 189000000 189500000 980.0
OX637746.1 189500000 190000000 980.0
OX637746.1 190000000 190500000 980.0
OX637746.1 190500000 191000000 980.0
OX637746.1 191000000 191500000 980.0
OX637746.1 191500000 192000000 980.0
OX637746.1 192000000 192500000 980.0
OX637746.1 192500000 193000000 980.0
OX637746.1 193000000 193500000 980.0
OX637746.1 193500000 194000000 980.0
OX637746.1 194000000 194500000 980.0
OX637746.1 194500000 195000000 980.0
OX637746.1 195000000 195500000 980.0
OX637746.1 195500000 196000000 980.00196
OX637746.1 196000000 196500000 980.0
OX637746.1 196500000 197000000 980.0
OX637746.1 197000000 197500000 980.0
OX637746.1 197500000 198000000 980.51772
OX637746.1 198000000 198500000 981.0
OX637746.1 198500000 199000000 981.0
OX637746.1 199000000 199500000 981.0
OX637746.1 199500000 200000000 981.0
OX637746.1 200000000 200500000 981.0
OX637746.1 200500000 201000000 981.0
OX637746.1 201000000 201500000 981.0
OX637746.1 201500000 202000000 981.0
OX637746.1 202000000 202500000 981.0
OX637746.1 202500000 203000000 981.0
OX637746.1 203000000 203500000 980.27824
OX637746.1 203500000 204000000 980.0
OX637746.1 204000000 204500000 980.00492
OX637746.1 204500000 205000000 980.0
OX637746.1 205000000 205500000 980.0
OX637746.1 205500000 206000000 980.00042
OX637746.1 206000000 206500000 980.26867
OX637746.1 206500000 207000000 981.0
OX637746.1 207000000 207500000 981.0
OX637746.1 207500000 208000000 981.0
OX637746.1 208000000 208500000 981.0
OX637746.1 208500000 209000000 981.0
OX637746.1 209000000 209500000 981.58644
OX637746.1 209500000 210000000 982.0
OX637746.1 210000000 210500000 982.0
OX637746.1 210500000 211000000 982.0
OX637746.1 211000000 211500000 982.46461
OX637746.1 211500000 212000000 983.0
OX637746.1 212000000 212500000 982.67373
OX637746.1 212500000 213000000 982.0
OX637746.1 213000000 213500000 982.0
OX637746.1 213500000 214000000 982.0
OX637746.1 214000000 214500000 982.00685
OX637746.1 214500000 215000000 982.0
OX637746.1 215000000 215500000 982.0
OX637746.1 215500000 216000000 982.0
OX637746.1 216000000 216500000 982.0
OX637746.1 216500000 217000000 982.0
OX637746.1 217000000 217500000 982.0
OX637746.1 217500000 218000000 982.0
OX637746.1 218000000 218500000 982.0
OX637746.1 218500000 219000000 982.0
OX637746.1 219000000 219500000 982.0
OX637746.1 219500000 220000000 982.0
OX637746.1 220000000 220500000 982.0
OX637746.1 220500000 221000000 982.0
OX637746.1 221000000 221500000 982.0
OX637746.1 221500000 222000000 982.0
OX637746.1 222000000 222500000 982.0
OX637746.1 222500000 223000000 982.0
OX637746.1 223000000 223500000 981.07946
OX637746.1 223500000 224000000 981.0
OX637746.1 224000000 224500000 981.0
OX637746.1 224500000 225000000 981.0
OX637746.1 225000000 225500000 981.0
OX637746.1 225500000 226000000 981.0
OX637746.1 226000000 226500000 981.0
OX637746.1 226500000 227000000 981.0
OX637746.1 227000000 227500000 981.0
OX637746.1 227500000 228000000 981.00472
OX637746.1 228000000 228500000 981.89237
OX637746.1 228500000 229000000 982.0
OX637746.1 229000000 229500000 982.0
OX637746.1 229500000 230000000 982.0
OX637746.1 230000000 230500000 981.66066
OX637746.1 230500000 231000000 981.0
OX637746.1 231000000 231500000 981.0
OX637746.1 231500000 232000000 981.00123
OX637746.1 232000000 232500000 980.00037
OX637746.1 232500000 233000000 980.0
OX637746.1 233000000 233500000 980.0
OX637746.1 233500000 234000000 980.0
OX637746.1 234000000 234500000 980.0
OX637746.1 234500000 235000000 979.21432
OX637746.1 235000000 235500000 979.0
OX637746.1 235500000 236000000 979.0
OX637746.1 236000000 236500000 979.0
OX637746.1 236500000 237000000 979.0
OX637746.1 237000000 237500000 979.0
OX637746.1 237500000 238000000 979.0
OX637746.1 238000000 238500000 979.0
OX637746.1 238500000 239000000 979.0
OX637746.1 239000000 239500000 979.0
OX637746.1 239500000 240000000 979.0
OX637746.1 240000000 240500000 979.0
OX637746.1 240500000 241000000 979.35075
OX637746.1 241000000 241500000 980.0
OX637746.1 241500000 242000000 980.0
OX637746.1 242000000 242500000 980.08103
OX637746.1 242500000 243000000 980.0
OX637746.1 243000000 243500000 980.0
OX637746.1 243500000 244000000 980.0
OX637746.1 244000000 244500000 980.0
OX637746.1 244500000 245000000 980.13155
OX637746.1 245000000 245500000 981.0
OX637746.1 245500000 246000000 980.61225
OX637746.1 246000000 246500000 980.0
OX637746.1 246500000 247000000 980.0
OX637746.1 247000000 247500000 980.0
OX637746.1 247500000 248000000 980.0
OX637746.1 248000000 248500000 980.00128
OX637746.1 248500000 249000000 980.0
OX637746.1 249000000 249500000 980.00975
OX637746.1 249500000 250000000 980.0
OX637746.1 250000000 250500000 980.0
OX637746.1 250500000 251000000 980.0
OX637746.1 251000000 251500000 980.0
OX637746.1 251500000 252000000 979.33414
OX637746.1 252000000 252500000 979.0
OX637746.1 252500000 253000000 979.0
OX637746.1 253000000 253500000 978.49436
OX637746.1 253500000 254000000 978.0
OX637746.1 254000000 254500000 978.0
OX637746.1 254500000 255000000 978.0
OX637746.1 255000000 255500000 978.76158
OX637746.1 255500000 256000000 978.63101
OX637746.1 256000000 256500000 978.0
OX637746.1 256500000 257000000 978.0
OX637746.1 257000000 257500000 978.08185
OX637746.1 257500000 258000000 978.0
OX637746.1 258000000 258500000 978.0
OX637746.1 258500000 259000000 978.0
OX637746.1 259000000 259500000 978.0
OX637746.1 259500000 260000000 977.61111
OX637746.1 260000000 260500000 977.0
OX637746.1 260500000 261000000 977.0
OX637746.1 261000000 261500000 977.0
OX637746.1 261500000 262000000 977.64131
OX637746.1 262000000 262500000 977.94203
OX637746.1 262500000 263000000 977.0
OX637746.1 263000000 263500000 977.0
OX637746.1 263500000 264000000 977.0
OX637746.1 264000000 264500000 977.0
OX637746.1 264500000 265000000 976.22818
OX637746.1 265000000 265500000 976.0
OX637746.1 265500000 266000000 975.38668
OX637746.1 266000000 266500000 975.0
OX637746.1 266500000 267000000 975.0
OX637746.1 267000000 267500000 975.0
OX637746.1 267500000 268000000 975.0
OX637746.1 268000000 268500000 975.0
OX637746.1 268500000 269000000 975.0
OX637746.1 269000000 269500000 975.0
OX637746.1 269500000 270000000 975.0
OX637746.1 270000000 270500000 975.0
OX637746.1 270500000 271000000 974.12373
OX637746.1 271000000 271500000 974.0
OX637746.1 271500000 272000000 974.0
OX637746.1 272000000 272500000 974.0
OX637746.1 272500000 273000000 974.34408
OX637746.1 273000000 273500000 974.46312
OX637746.1 273500000 274000000 974.0
OX637746.1 274000000 274500000 974.0
OX637746.1 274500000 275000000 974.0
OX637746.1 275000000 275500000 974.0
OX637746.1 275500000 276000000 974.04319
OX637746.1 276000000 276500000 975.00159
OX637746.1 276500000 277000000 974.65666
OX637746.1 277000000 277500000 974.0
OX637746.1 277500000 278000000 974.0
OX637746.1 278000000 278500000 974.0
OX637746.1 278500000 279000000 973.49707
OX637746.1 279000000 279500000 972.0
OX637746.1 279500000 280000000 972.0
OX637746.1 280000000 280500000 972.0
OX637746.1 280500000 281000000 972.0
OX637746.1 281000000 281500000 972.0
OX637746.1 281500000 282000000 972.0
OX637746.1 282000000 282500000 972.0
OX637746.1 282500000 283000000 972.0
OX637746.1 283000000 283500000 972.0
OX637746.1 283500000 284000000 972.0
OX637746.1 284000000 284500000 972.0
OX637746.1 284500000 285000000 972.0
OX637746.1 285000000 285500000 972.0
OX637746.1 285500000 286000000 972.0
OX637746.1 286000000 286500000 972.41653
OX637746.1 286500000 287000000 973.0
OX637746.1 287000000 287500000 973.0
OX637746.1 287500000 288000000 973.0
OX637746.1 288000000 288500000 973.0
OX637746.1 288500000 289000000 973.0
OX637746.1 289000000 289500000 973.0
OX637746.1 289500000 290000000 973.0
OX637746.1 290000000 290500000 973.0
OX637746.1 290500000 291000000 973.0
OX637746.1 291000000 291500000 973.0
OX637746.1 291500000 292000000 973.2115
OX637746.1 292000000 292500000 974.0
OX637746.1 292500000 293000000 974.0
OX637746.1 293000000 293500000 974.0
OX637746.1 293500000 294000000 974.0
OX637746.1 294000000 294500000 974.0
OX637746.1 294500000 295000000 974.0
OX637746.1 295000000 295500000 974.0
OX637746.1 295500000 296000000 974.0
OX637746.1 296000000 296500000 974.0
OX637746.1 296500000 297000000 974.0
OX637746.1 297000000 297500000 974.00451
OX637746.1 297500000 298000000 974.0
OX637746.1 298000000 298500000 974.0
OX637746.1 298500000 299000000 974.0
OX637746.1 299000000 299500000 974.0
OX637746.1 299500000 300000000 974.0
OX637746.1 300000000 300500000 974.0
OX637746.1 300500000 301000000 974.0
OX637746.1 301000000 301500000 974.0
OX637746.1 301500000 302000000 974.0
OX637746.1 302000000 302500000 974.0
OX637746.1 302500000 303000000 973.52676
OX637746.1 303000000 303500000 973.0
OX637746.1 303500000 304000000 973.0
OX637746.1 304000000 304500000 973.0
OX637746.1 304500000 305000000 973.0
OX637746.1 305000000 305500000 973.0
OX637746.1 305500000 306000000 973.0019
OX637746.1 306000000 306500000 973.0
OX637746.1 306500000 307000000 973.0
OX637746.1 307000000 307500000 973.0
OX637746.1 307500000 308000000 973.0
OX637746.1 308000000 308500000 973.0
OX637746.1 308500000 309000000 973.0
OX637746.1 309000000 309500000 972.14289
OX637746.1 309500000 310000000 971.27315
OX637746.1 310000000 310500000 969.19637
OX637746.1 310500000 311000000 969.0
OX637746.1 311000000 311500000 969.0
OX637746.1 311500000 312000000 969.0
OX637746.1 312000000 312500000 968.7373
OX637746.1 312500000 313000000 968.23896
OX637746.1 313000000 313500000 967.67086
OX637746.1 313500000 314000000 967.0
OX637746.1 314000000 314500000 967.0
OX637746.1 314500000 315000000 967.0
OX637746.1 315000000 315500000 967.00146
OX637746.1 315500000 316000000 967.0
OX637746.1 316000000 316500000 967.0
OX637746.1 316500000 317000000 967.29727
OX637746.1 317000000 317500000 966.4208
OX637746.1 317500000 318000000 966.0
OX637746.1 318000000 318500000 966.0
OX637746.1 318500000 319000000 966.0
OX637746.1 319000000 319500000 966.0
OX637746.1 319500000 320000000 966.0
OX637746.1 320000000 320500000 966.0
OX637746.1 320500000 321000000 965.80107
OX637746.1 321000000 321500000 965.0
OX637746.1 321500000 322000000 965.0
OX637746.1 322000000 322500000 965.0
OX637746.1 322500000 323000000 964.02679
OX637746.1 323000000 323500000 964.0
OX637746.1 323500000 324000000 964.0
OX637746.1 324000000 324500000 964.0
OX637746.1 324500000 325000000 964.19725
OX637746.1 325000000 325500000 963.27641
OX637746.1 325500000 326000000 963.0
OX637746.1 326000000 326500000 963.0
OX637746.1 326500000 327000000 963.00531
OX637746.1 327000000 327500000 963.0
OX637746.1 327500000 328000000 963.0
OX637746.1 328000000 328500000 963.0
OX637746.1 328500000 329000000 963.00765
OX637746.1 329000000 329500000 963.0
OX637746.1 329500000 330000000 963.0
OX637746.1 330000000 330500000 963.01229
OX637746.1 330500000 331000000 961.62574
OX637746.1 331000000 331500000 961.0
OX637746.1 331500000 332000000 961.0
OX637746.1 332000000 332500000 961.0
OX637746.1 332500000 333000000 960.25963
OX637746.1 333000000 333500000 957.15858
OX637746.1 333500000 334000000 957.0
OX637746.1 334000000 334500000 956.52002
OX637746.1 334500000 335000000 956.0
OX637746.1 335000000 335500000 956.0
OX637746.1 335500000 336000000 956.0
OX637746.1 336000000 336500000 956.93084
OX637746.1 336500000 337000000 957.0
OX637746.1 337000000 337500000 957.0
OX637746.1 337500000 338000000 957.0
OX637746.1 338000000 338500000 957.0
OX637746.1 338500000 339000000 957.0
OX637746.1 339000000 339500000 956.96229
OX637746.1 339500000 340000000 956.0
OX637746.1 340000000 340500000 955.78316
OX637746.1 340500000 341000000 955.0
OX637746.1 341000000 341500000 954.77361
OX637746.1 341500000 342000000 954.0
OX637746.1 342000000 342500000 953.65528
OX637746.1 342500000 343000000 953.0
OX637746.1 343000000 343500000 953.0
OX637746.1 343500000 344000000 952.21385
OX637746.1 344000000 344500000 952.0
OX637746.1 344500000 345000000 951.66039
OX637746.1 345000000 345500000 950.90282
OX637746.1 345500000 346000000 951.0
OX637746.1 346000000 346500000 951.0
OX637746.1 346500000 347000000 950.18032
OX637746.1 347000000 347500000 949.0
OX637746.1 347500000 348000000 948.53187
OX637746.1 348000000 348500000 947.16991
OX637746.1 348500000 349000000 945.20269
OX637746.1 349000000 349500000 942.32572
OX637746.1 349500000 350000000 940.92563
OX637746.1 350000000 350500000 939.0
OX637746.1 350500000 351000000 938.1435
OX637746.1 351000000 351500000 938.00548
OX637746.1 351500000 352000000 937.0717
OX637746.1 352000000 352500000 937.0
OX637746.1 352500000 353000000 936.78531
OX637746.1 353000000 353500000 936.0
OX637746.1 353500000 354000000 936.0
OX637746.1 354000000 354500000 936.4385
OX637746.1 354500000 355000000 936.32364
OX637746.1 355000000 355500000 935.0
OX637746.1 355500000 356000000 935.00994
OX637746.1 356000000 356500000 935.0
OX637746.1 356500000 357000000 935.0
OX637746.1 357000000 357500000 934.53166
OX637746.1 357500000 358000000 933.21442
OX637746.1 358000000 358500000 931.63982
OX637746.1 358500000 359000000 930.0
OX637746.1 359000000 359500000 929.68294
OX637746.1 359500000 360000000 930.0
OX637746.1 360000000 360500000 930.0
OX637746.1 360500000 361000000 928.22175
OX637746.1 361000000 361500000 928.67324
OX637746.1 361500000 362000000 928.0
OX637746.1 362000000 362500000 928.0
OX637746.1 362500000 363000000 928.0
OX637746.1 363000000 363500000 928.0
OX637746.1 363500000 364000000 928.0
OX637746.1 364000000 364500000 928.0
OX637746.1 364500000 365000000 928.0
OX637746.1 365000000 365500000 928.00539
OX637746.1 365500000 366000000 927.20204
OX637746.1 366000000 366500000 927.0
OX637746.1 366500000 367000000 926.58665
OX637746.1 367000000 367500000 926.00633
OX637746.1 367500000 368000000 927.0
OX637746.1 368000000 368500000 927.0
OX637746.1 368500000 369000000 926.1369
OX637746.1 369000000 369500000 925.94238
OX637746.1 369500000 370000000 924.63331
OX637746.1 370000000 370500000 923.12033
OX637746.1 370500000 371000000 923.00516
OX637746.1 371000000 371500000 923.0
OX637746.1 371500000 372000000 923.0
OX637746.1 372000000 372500000 920.73293
OX637746.1 372500000 373000000 919.0
OX637746.1 373000000 373500000 918.27495
OX637746.1 373500000 374000000 917.67097
OX637746.1 374000000 374500000 916.33465
OX637746.1 374500000 375000000 916.0
OX637746.1 375000000 375500000 915.05643
OX637746.1 375500000 376000000 914.56888
OX637746.1 376000000 376500000 912.84806
OX637746.1 376500000 377000000 912.0
OX637746.1 377000000 377500000 911.86517
OX637746.1 377500000 378000000 909.39132
OX637746.1 378000000 378500000 909.0
OX637746.1 378500000 379000000 908.05517
OX637746.1 379000000 379500000 907.59298
OX637746.1 379500000 380000000 906.46388
OX637746.1 380000000 380500000 906.0
OX637746.1 380500000 381000000 905.91437
OX637746.1 381000000 381500000 904.0
OX637746.1 381500000 382000000 903.13098
OX637746.1 382000000 382500000 900.94655
OX637746.1 382500000 383000000 899.90553
OX637746.1 383000000 383500000 897.72787
OX637746.1 383500000 384000000 896.29235
OX637746.1 384000000 384500000 896.0
OX637746.1 384500000 385000000 896.0
OX637746.1 385000000 385500000 895.40262
OX637746.1 385500000 386000000 894.0
OX637746.1 386000000 386500000 894.0
OX637746.1 386500000 387000000 893.00901
OX637746.1 387000000 387500000 892.29548
OX637746.1 387500000 388000000 890.92325
OX637746.1 388000000 388500000 890.0
OX637746.1 388500000 389000000 890.0
OX637746.1 389000000 389500000 889.03083
OX637746.1 389500000 390000000 889.00622
OX637746.1 390000000 390500000 889.00479
OX637746.1 390500000 391000000 888.38091
OX637746.1 391000000 391500000 886.19555
OX637746.1 391500000 392000000 885.23732
OX637746.1 392000000 392500000 883.03332
OX637746.1 392500000 393000000 881.44016
OX637746.1 393000000 393500000 880.98897
OX637746.1 393500000 394000000 880.0
OX637746.1 394000000 394500000 879.14528
OX637746.1 394500000 395000000 878.96151
OX637746.1 395000000 395500000 877.0
OX637746.1 395500000 396000000 877.0
OX637746.1 396000000 396500000 874.96012
OX637746.1 396500000 397000000 872.50525
OX637746.1 397000000 397500000 869.72035
OX637746.1 397500000 398000000 865.25619
OX637746.1 398000000 398500000 863.71795
OX637746.1 398500000 399000000 862.60627
OX637746.1 399000000 399500000 862.0
OX637746.1 399500000 400000000 861.81511
OX637746.1 400000000 400500000 860.19996
OX637746.1 400500000 401000000 859.03492
OX637746.1 401000000 401500000 859.0
OX637746.1 401500000 402000000 857.79684
OX637746.1 402000000 402500000 856.29895
OX637746.1 402500000 403000000 853.40717
OX637746.1 403000000 403500000 851.79335
OX637746.1 403500000 404000000 851.0
OX637746.1 404000000 404500000 850.98762
OX637746.1 404500000 405000000 848.19484
OX637746.1 405000000 405500000 846.0
OX637746.1 405500000 406000000 845.95975
OX637746.1 406000000 406500000 843.65109
OX637746.1 406500000 407000000 843.0
OX637746.1 407000000 407500000 842.06191
OX637746.1 407500000 408000000 840.8094
OX637746.1 408000000 408500000 838.14933
OX637746.1 408500000 409000000 836.45255
OX637746.1 409000000 409500000 835.39093
OX637746.1 409500000 410000000 833.61557
OX637746.1 410000000 410500000 832.0
OX637746.1 410500000 411000000 832.0
OX637746.1 411000000 411500000 832.0
OX637746.1 411500000 412000000 831.33214
OX637746.1 412000000 412500000 831.0
OX637746.1 412500000 413000000 830.37305
OX637746.1 413000000 413500000 828.15965
OX637746.1 413500000 414000000 825.90223
OX637746.1 414000000 414500000 824.68721
OX637746.1 414500000 415000000 824.0
OX637746.1 415000000 415500000 824.0
OX637746.1 415500000 416000000 820.15876
OX637746.1 416000000 416500000 817.61204
OX637746.1 416500000 417000000 815.20432
OX637746.1 417000000 417500000 814.92496
OX637746.1 417500000 418000000 813.46583
OX637746.1 418000000 418500000 811.30266
OX637746.1 418500000 419000000 811.0
OX637746.1 419000000 419500000 811.0
OX637746.1 419500000 420000000 810.612
OX637746.1 420000000 420500000 807.45043
OX637746.1 420500000 421000000 806.48418
OX637746.1 421000000 421500000 804.22131
OX637746.1 421500000 422000000 800.44491
OX637746.1 422000000 422500000 796.00442
OX637746.1 422500000 423000000 795.78914
OX637746.1 423000000 423500000 793.17363
OX637746.1 423500000 424000000 790.8082
OX637746.1 424000000 424500000 787.90412
OX637746.1 424500000 425000000 785.81549
OX637746.1 425000000 425500000 785.0
OX637746.1 425500000 426000000 783.1854
OX637746.1 426000000 426500000 779.97922
OX637746.1 426500000 427000000 775.77912
OX637746.1 427000000 427500000 774.84748
OX637746.1 427500000 428000000 771.51942
OX637746.1 428000000 428500000 766.72223
OX637746.1 428500000 429000000 761.37544
OX637746.1 429000000 429500000 755.9372
OX637746.1 429500000 430000000 752.93465
OX637746.1 430000000 430500000 752.0
OX637746.1 430500000 431000000 749.15232
OX637746.1 431000000 431500000 746.14969
OX637746.1 431500000 432000000 743.36905
OX637746.1 432000000 432500000 740.69395
OX637746.1 432500000 433000000 739.05198
OX637746.1 433000000 433500000 739.0
OX637746.1 433500000 434000000 737.76213
OX637746.1 434000000 434500000 734.06352
OX637746.1 434500000 435000000 729.70541
OX637746.1 435000000 435500000 727.4114
OX637746.1 435500000 436000000 725.78843
OX637746.1 436000000 436500000 721.64742
OX637746.1 436500000 437000000 719.40988
OX637746.1 437000000 437500000 717.46426
OX637746.1 437500000 438000000 716.51376
OX637746.1 438000000 438500000 711.14797
OX637746.1 438500000 439000000 705.94278
OX637746.1 439000000 439500000 698.1588
OX637746.1 439500000 440000000 697.78941
OX637746.1 440000000 440500000 697.0
OX637746.1 440500000 441000000 696.34595
OX637746.1 441000000 441500000 692.63965
OX637746.1 441500000 442000000 690.15394
OX637746.1 442000000 442500000 687.88913
OX637746.1 442500000 443000000 687.0
OX637746.1 443000000 443500000 684.45556
OX637746.1 443500000 444000000 681.37096
OX637746.1 444000000 444500000 680.0
OX637746.1 444500000 445000000 679.22174
OX637746.1 445000000 445500000 674.68763
OX637746.1 445500000 446000000 671.73934
OX637746.1 446000000 446500000 668.53176
OX637746.1 446500000 447000000 664.07142
OX637746.1 447000000 447500000 660.45405
OX637746.1 447500000 448000000 653.0497
OX637746.1 448000000 448500000 646.92584
OX637746.1 448500000 449000000 642.65414
OX637746.1 449000000 449500000 637.65382
OX637746.1 449500000 450000000 635.5114
OX637746.1 450000000 450500000 632.98609
OX637746.1 450500000 451000000 630.59691
OX637746.1 451000000 451500000 624.10164
OX637746.1 451500000 452000000 616.95461
OX637746.1 452000000 452500000 613.18957
OX637746.1 452500000 453000000 607.96524
OX637746.1 453000000 453500000 600.45445
OX637746.1 453500000 454000000 595.42284
OX637746.1 454000000 454500000 589.15679
OX637746.1 454500000 455000000 582.36101
OX637746.1 455000000 455500000 574.96013
OX637746.1 455500000 456000000 560.9396
OX637746.1 456000000 456500000 551.66362
OX637746.1 456500000 457000000 543.18769
OX637746.1 457000000 457500000 532.5008
OX637746.1 457500000 458000000 524.5895
OX637746.1 458000000 458500000 521.07456
OX637746.1 458500000 459000000 511.68241
OX637746.1 459000000 459500000 497.60862
OX637746.1 459500000 460000000 461.92306
OX637746.1 460000000 460500000 449.7516
OX637746.1 460500000 461000000 436.42837
OX637746.1 461000000 461500000 422.13085
OX637746.1 461500000 462000000 414.36496
OX637746.1 462000000 462500000 401.52658
OX637746.1 462500000 463000000 381.21198
OX637746.1 463000000 463500000 366.97229
OX637746.1 463500000 464000000 343.38184
OX637746.1 464000000 464500000 313.98151
OX637746.1 464500000 465000000 300.0
OX637746.1 465000000 465500000 284.44677
OX637746.1 465500000 466000000 262.67228
OX637746.1 466000000 466500000 234.54643
OX637746.1 466500000 467000000 213.90222
OX637746.1 467000000 467500000 204.0
OX637746.1 467500000 468000000 196.32473
OX637746.1 468000000 468500000 181.05046
OX637746.1 468500000 469000000 165.5929
OX637746.1 469000000 469500000 142.16543
OX637746.1 469500000 470000000 112.44382
OX637746.1 470000000 470500000 98.0
OX637746.1 470500000 471000000 98.0
OX637746.1 471000000 471500000 90.84275
OX637746.1 471500000 472000000 66.80169
OX637746.1 472000000 472500000 63.0
OX637746.1 472500000 473000000 59.18485
OX637746.1 473000000 473455622 20.06681
OX637753.1 0 500000 3.15234
OX637753.1 500000 1000000 35.94417
OX637753.1 1000000 1500000 58.53174
OX637753.1 1500000 2000000 78.19976
OX637753.1 2000000 2500000 122.50605
OX637753.1 2500000 3000000 168.15294
OX637753.1 3000000 3500000 183.83996
OX637753.1 3500000 4000000 203.31354
OX637753.1 4000000 4500000 228.79886
OX637753.1 4500000 5000000 250.2985
OX637753.1 5000000 5500000 277.6675
OX637753.1 5500000 6000000 293.23449
OX637753.1 6000000 6500000 309.98569
OX637753.1 6500000 7000000 340.6883
OX637753.1 7000000 7500000 360.72871
OX637753.1 7500000 8000000 371.29547
OX637753.1 8000000 8500000 383.1737
OX637753.1 8500000 9000000 401.91341
OX637753.1 9000000 9500000 421.77454
OX637753.1 9500000 10000000 434.58343
OX637753.1 10000000 10500000 459.991
OX637753.1 10500000 11000000 472.30099
OX637753.1 11000000 11500000 486.65201
OX637753.1 11500000 12000000 500.24646
OX637753.1 12000000 12500000 510.86095
OX637753.1 12500000 13000000 521.33711
OX637753.1 13000000 13500000 535.65337
OX637753.1 13500000 14000000 547.75048
OX637753.1 14000000 14500000 555.24336
OX637753.1 14500000 15000000 562.86187
OX637753.1 15000000 15500000 572.88517
OX637753.1 15500000 16000000 582.65886
OX637753.1 16000000 16500000 587.038
OX637753.1 16500000 17000000 596.75278
OX637753.1 17000000 17500000 605.28365
OX637753.1 17500000 18000000 612.42934
OX637753.1 18000000 18500000 620.76988
OX637753.1 18500000 19000000 625.66527
OX637753.1 19000000 19500000 629.25199
OX637753.1 19500000 20000000 636.42567
OX637753.1 20000000 20500000 642.56988
OX637753.1 20500000 21000000 645.63889
OX637753.1 21000000 21500000 651.23144
OX637753.1 21500000 22000000 655.58107
OX637753.1 22000000 22500000 656.10971
OX637753.1 22500000 23000000 658.59113
OX637753.1 23000000 23500000 665.29393
OX637753.1 23500000 24000000 671.28685
OX637753.1 24000000 24500000 678.56209
OX637753.1 24500000 25000000 686.3619
OX637753.1 25000000 25500000 690.98449
OX637753.1 25500000 26000000 695.67867
OX637753.1 26000000 26500000 702.77868
OX637753.1 26500000 27000000 710.37988
OX637753.1 27000000 27500000 715.21335
OX637753.1 27500000 28000000 716.25125
OX637753.1 28000000 28500000 718.71564
OX637753.1 28500000 29000000 722.84894
OX637753.1 29000000 29500000 726.92315
OX637753.1 29500000 30000000 729.39137
OX637753.1 30000000 30500000 732.11832
OX637753.1 30500000 31000000 736.92988
OX637753.1 31000000 31500000 747.58788
OX637753.1 31500000 32000000 751.92953
OX637753.1 32000000 32500000 755.46738
OX637753.1 32500000 33000000 759.03417
OX637753.1 33000000 33500000 764.52095
OX637753.1 33500000 34000000 770.66742
OX637753.1 34000000 34500000 774.53851
OX637753.1 34500000 35000000 777.31786
OX637753.1 35000000 35500000 781.25431
OX637753.1 35500000 36000000 782.0
OX637753.1 36000000 36500000 782.0
OX637753.1 36500000 37000000 783.44615
OX637753.1 37000000 37500000 785.74298
OX637753.1 37500000 38000000 791.32302
OX637753.1 38000000 38500000 794.00432
OX637753.1 38500000 39000000 795.39651
OX637753.1 39000000 39500000 797.98613
OX637753.1 39500000 40000000 799.86941
OX637753.1 40000000 40500000 800.0
OX637753.1 40500000 41000000 800.42114
OX637753.1 41000000 41500000 802.63459
OX637753.1 41500000 42000000 806.37979
OX637753.1 42000000 42500000 807.0
OX637753.1 42500000 43000000 808.49968
OX637753.1 43000000 43500000 811.77128
OX637753.1 43500000 44000000 812.95397
OX637753.1 44000000 44500000 813.00411
OX637753.1 44500000 45000000 815.57904
OX637753.1 45000000 45500000 818.9954
OX637753.1 45500000 46000000 821.88311
OX637753.1 46000000 46500000 824.93797
OX637753.1 46500000 47000000 825.97961
OX637753.1 47000000 47500000 828.50639
OX637753.1 47500000 48000000 829.76942
OX637753.1 48000000 48500000 831.8265
OX637753.1 48500000 49000000 833.53811
OX637753.1 49000000 49500000 835.27934
OX637753.1 49500000 50000000 836.08715
OX637753.1 50000000 50500000 837.81928
OX637753.1 50500000 51000000 838.0
OX637753.1 51000000 51500000 838.3785
OX637753.1 51500000 52000000 840.5041
OX637753.1 52000000 52500000 841.44923
OX637753.1 52500000 53000000 843.89934
OX637753.1 53000000 53500000 847.33497
OX637753.1 53500000 54000000 850.9564
OX637753.1 54000000 54500000 853.70414
OX637753.1 54500000 55000000 857.02913
OX637753.1 55000000 55500000 860.54516
OX637753.1 55500000 56000000 863.0
OX637753.1 56000000 56500000 863.0
OX637753.1 56500000 57000000 864.27528
OX637753.1 57000000 57500000 865.0
OX637753.1 57500000 58000000 865.95326
OX637753.1 58000000 58500000 866.68164
OX637753.1 58500000 59000000 868.00851
OX637753.1 59000000 59500000 868.03052
OX637753.1 59500000 60000000 869.0
OX637753.1 60000000 60500000 869.45323
OX637753.1 60500000 61000000 870.58339
OX637753.1 61000000 61500000 874.0023
OX637753.1 61500000 62000000 877.0
OX637753.1 62000000 62500000 878.09652
OX637753.1 62500000 63000000 879.09063
OX637753.1 63000000 63500000 880.34268
OX637753.1 63500000 64000000 881.24473
OX637753.1 64000000 64500000 883.31432
OX637753.1 64500000 65000000 884.8872
OX637753.1 65000000 65500000 885.43396
OX637753.1 65500000 66000000 886.00471
OX637753.1 66000000 66500000 887.0
OX637753.1 66500000 67000000 888.7545
OX637753.1 67000000 67500000 892.10239
OX637753.1 67500000 68000000 893.26666
OX637753.1 68000000 68500000 897.08315
OX637753.1 68500000 69000000 898.0
OX637753.1 69000000 69500000 898.80398
OX637753.1 69500000 70000000 899.0
OX637753.1 70000000 70500000 899.80876
OX637753.1 70500000 71000000 900.0
OX637753.1 71000000 71500000 900.31707
OX637753.1 71500000 72000000 902.91664
OX637753.1 72000000 72500000 904.69331
OX637753.1 72500000 73000000 906.76533
OX637753.1 73000000 73500000 907.16927
OX637753.1 73500000 74000000 909.97016
OX637753.1 74000000 74500000 910.70943
OX637753.1 74500000 75000000 912.32375
OX637753.1 75000000 75500000 914.75849
OX637753.1 75500000 76000000 916.61725
OX637753.1 76000000 76500000 920.35902
OX637753.1 76500000 77000000 921.95825
OX637753.1 77000000 77500000 922.55036
OX637753.1 77500000 78000000 924.05888
OX637753.1 78000000 78500000 925.0
OX637753.1 78500000 79000000 925.43128
OX637753.1 79000000 79500000 927.55753
OX637753.1 79500000 80000000 928.0
OX637753.1 80000000 80500000 928.59031
OX637753.1 80500000 81000000 930.99378
OX637753.1 81000000 81500000 931.0
OX637753.1 81500000 82000000 931.0
OX637753.1 82000000 82500000 931.0
OX637753.1 82500000 83000000 932.18855
OX637753.1 83000000 83500000 933.0
OX637753.1 83500000 84000000 933.12793
OX637753.1 84000000 84500000 934.0
OX637753.1 84500000 85000000 934.0
OX637753.1 85000000 85500000 934.0
OX637753.1 85500000 86000000 934.13311
OX637753.1 86000000 86500000 938.1695
OX637753.1 86500000 87000000 940.0
OX637753.1 87000000 87500000 940.29022
OX637753.1 87500000 88000000 943.76009
OX637753.1 88000000 88500000 945.00126
OX637753.1 88500000 89000000 945.0
OX637753.1 89000000 89500000 945.00551
OX637753.1 89500000 90000000 945.11024
OX637753.1 90000000 90500000 946.64087
OX637753.1 90500000 91000000 947.75927
OX637753.1 91000000 91500000 948.06563
OX637753.1 91500000 92000000 949.0
OX637753.1 92000000 92500000 949.0
OX637753.1 92500000 93000000 950.11394
OX637753.1 93000000 93500000 951.0
OX637753.1 93500000 94000000 951.89325
OX637753.1 94000000 94500000 953.1637
OX637753.1 94500000 95000000 954.0089
OX637753.1 95000000 95500000 954.0
OX637753.1 95500000 96000000 954.0
OX637753.1 96000000 96500000 954.15973
OX637753.1 96500000 97000000 957.56553
OX637753.1 97000000 97500000 959.00051
OX637753.1 97500000 98000000 959.0
OX637753.1 98000000 98500000 959.0
OX637753.1 98500000 99000000 959.87688
OX637753.1 99000000 99500000 961.68651
OX637753.1 99500000 100000000 962.17029
OX637753.1 100000000 100500000 963.52736
OX637753.1 100500000 101000000 964.0
OX637753.1 101000000 101500000 964.76123
OX637753.1 101500000 102000000 965.0
OX637753.1 102000000 102500000 965.16749
OX637753.1 102500000 103000000 966.0
OX637753.1 103000000 103500000 966.0
OX637753.1 103500000 104000000 966.0
OX637753.1 104000000 104500000 966.95831
OX637753.1 104500000 105000000 968.09695
OX637753.1 105000000 105500000 970.25462
OX637753.1 105500000 106000000 971.6716
OX637753.1 106000000 106500000 973.0
OX637753.1 106500000 107000000 973.01136
OX637753.1 107000000 107500000 973.0
OX637753.1 107500000 108000000 973.0
OX637753.1 108000000 108500000 973.00449
OX637753.1 108500000 109000000 973.73872
OX637753.1 109000000 109500000 974.0
OX637753.1 109500000 110000000 974.0
OX637753.1 110000000 110500000 973.37269
OX637753.1 110500000 111000000 973.0
OX637753.1 111000000 111500000 973.89752
OX637753.1 111500000 112000000 974.0
OX637753.1 112000000 112500000 974.0
OX637753.1 112500000 113000000 974.0
OX637753.1 113000000 113500000 974.0
OX637753.1 113500000 114000000 974.0
OX637753.1 114000000 114500000 974.0
OX637753.1 114500000 115000000 974.0
OX637753.1 115000000 115500000 974.35892
OX637753.1 115500000 116000000 976.0
OX637753.1 116000000 116500000 976.0
OX637753.1 116500000 117000000 976.0
OX637753.1 117000000 117500000 976.05854
OX637753.1 117500000 118000000 978.01139
OX637753.1 118000000 118500000 980.69824
OX637753.1 118500000 119000000 981.0
OX637753.1 119000000 119500000 981.0
OX637753.1 119500000 120000000 981.00792
OX637753.1 120000000 120500000 981.0
OX637753.1 120500000 121000000 981.0
OX637753.1 121000000 121500000 981.0
OX637753.1 121500000 122000000 981.0
OX637753.1 122000000 122500000 981.0
OX637753.1 122500000 123000000 981.63057
OX637753.1 123000000 123500000 982.0
OX637753.1 123500000 124000000 982.00207
OX637753.1 124000000 124500000 982.0
OX637753.1 124500000 125000000 982.85456
OX637753.1 125000000 125500000 984.0
OX637753.1 125500000 126000000 984.0
OX637753.1 126000000 126500000 984.0
OX637753.1 126500000 127000000 984.85632
OX637753.1 127000000 127500000 985.0
OX637753.1 127500000 128000000 985.0
OX637753.1 128000000 128500000 985.07075
OX637753.1 128500000 129000000 986.4557
OX637753.1 129000000 129500000 988.7169
OX637753.1 129500000 130000000 990.2866
OX637753.1 130000000 130500000 991.0
OX637753.1 130500000 131000000 991.70752
OX637753.1 131000000 131500000 992.73117
OX637753.1 131500000 132000000 993.17227
OX637753.1 132000000 132500000 994.0
OX637753.1 132500000 133000000 994.0
OX637753.1 133000000 133500000 994.22986
OX637753.1 133500000 134000000 995.0
OX637753.1 134000000 134500000 995.0
OX637753.1 134500000 135000000 995.0
OX637753.1 135000000 135500000 995.0
OX637753.1 135500000 136000000 995.0
OX637753.1 136000000 136500000 995.0
OX637753.1 136500000 137000000 995.0
OX637753.1 137000000 137500000 997.16049
OX637753.1 137500000 138000000 998.74003
OX637753.1 138000000 138500000 1000.0
OX637753.1 138500000 139000000 1000.0
OX637753.1 139000000 139500000 1000.0
OX637753.1 139500000 140000000 1000.81085
OX637753.1 140000000 140500000 1001.0
OX637753.1 140500000 141000000 1002.18611
OX637753.1 141000000 141500000 1003.9991
OX637753.1 141500000 142000000 1003.41759
OX637753.1 142000000 142500000 1004.0
OX637753.1 142500000 143000000 1004.0
OX637753.1 143000000 143500000 1004.04948
OX637753.1 143500000 144000000 1006.25941
OX637753.1 144000000 144500000 1007.0
OX637753.1 144500000 145000000 1007.0
OX637753.1 145000000 145500000 1008.36455
OX637753.1 145500000 146000000 1010.0
OX637753.1 146000000 146500000 1010.51776
OX637753.1 146500000 147000000 1011.25925
OX637753.1 147000000 147500000 1012.0
OX637753.1 147500000 148000000 1012.41557
OX637753.1 148000000 148500000 1013.0
OX637753.1 148500000 149000000 1012.60752
OX637753.1 149000000 149500000 1012.0
OX637753.1 149500000 150000000 1012.0
OX637753.1 150000000 150500000 1012.82817
OX637753.1 150500000 151000000 1013.0
OX637753.1 151000000 151500000 1013.0
OX637753.1 151500000 152000000 1013.0
OX637753.1 152000000 152500000 1013.00188
OX637753.1 152500000 153000000 1013.0
OX637753.1 153000000 153500000 1013.0
OX637753.1 153500000 154000000 1013.0
OX637753.1 154000000 154500000 1013.0
OX637753.1 154500000 155000000 1013.0
OX637753.1 155000000 155500000 1013.25294
OX637753.1 155500000 156000000 1014.0
OX637753.1 156000000 156500000 1014.0
OX637753.1 156500000 157000000 1014.30215
OX637753.1 157000000 157500000 1015.0
OX637753.1 157500000 158000000 1015.0
OX637753.1 158000000 158500000 1017.62161
OX637753.1 158500000 159000000 1018.0
OX637753.1 159000000 159500000 1018.22568
OX637753.1 159500000 160000000 1019.0
OX637753.1 160000000 160500000 1019.34216
OX637753.1 160500000 161000000 1020.79946
OX637753.1 161000000 161500000 1021.22898
OX637753.1 161500000 162000000 1024.0026
OX637753.1 162000000 162500000 1027.0
OX637753.1 162500000 163000000 1028.10728
OX637753.1 163000000 163500000 1030.4198
OX637753.1 163500000 164000000 1031.42356
OX637753.1 164000000 164500000 1033.40024
OX637753.1 164500000 165000000 1035.0
OX637753.1 165000000 165500000 1035.0
OX637753.1 165500000 166000000 1035.00173
OX637753.1 166000000 166500000 1035.0
OX637753.1 166500000 167000000 1035.54727
OX637753.1 167000000 167500000 1036.0
OX637753.1 167500000 168000000 1036.01089
OX637753.1 168000000 168500000 1036.83656
OX637753.1 168500000 169000000 1038.0
OX637753.1 169000000 169500000 1038.0
OX637753.1 169500000 170000000 1038.74048
OX637753.1 170000000 170500000 1039.01088
OX637753.1 170500000 171000000 1039.8361
OX637753.1 171000000 171500000 1042.0
OX637753.1 171500000 172000000 1042.66258
OX637753.1 172000000 172500000 1045.0
OX637753.1 172500000 173000000 1045.0
OX637753.1 173000000 173500000 1045.93041
OX637753.1 173500000 174000000 1046.0
OX637753.1 174000000 174500000 1046.46702
OX637753.1 174500000 175000000 1048.35012
OX637753.1 175000000 175500000 1050.49253
OX637753.1 175500000 176000000 1052.3835
OX637753.1 176000000 176500000 1052.69009
OX637753.1 176500000 177000000 1053.00619
OX637753.1 177000000 177500000 1053.0
OX637753.1 177500000 178000000 1053.0
OX637753.1 178000000 178500000 1053.0
OX637753.1 178500000 179000000 1053.0
OX637753.1 179000000 179500000 1053.86764
OX637753.1 179500000 180000000 1053.42387
OX637753.1 180000000 180500000 1053.28697
OX637753.1 180500000 181000000 1054.03004
OX637753.1 181000000 181500000 1055.0
OX637753.1 181500000 182000000 1055.0
OX637753.1 182000000 182500000 1055.02154
OX637753.1 182500000 183000000 1055.0
OX637753.1 183000000 183500000 1055.00633
OX637753.1 183500000 184000000 1055.0
OX637753.1 184000000 184500000 1055.37235
OX637753.1 184500000 185000000 1056.0
OX637753.1 185000000 185500000 1056.0
OX637753.1 185500000 186000000 1056.0
OX637753.1 186000000 186500000 1056.38181
OX637753.1 186500000 187000000 1057.28191
OX637753.1 187000000 187500000 1057.41107
OX637753.1 187500000 188000000 1059.0
OX637753.1 188000000 188500000 1059.5199
OX637753.1 188500000 189000000 1061.02518
OX637753.1 189000000 189500000 1063.0
OX637753.1 189500000 190000000 1063.0
OX637753.1 190000000 190500000 1063.0
OX637753.1 190500000 191000000 1063.0
OX637753.1 191000000 191500000 1063.86443
OX637753.1 191500000 192000000 1064.0
OX637753.1 192000000 192500000 1064.0
OX637753.1 192500000 193000000 1064.0
OX637753.1 193000000 193500000 1064.69182
OX637753.1 193500000 194000000 1065.83604
OX637753.1 194000000 194500000 1066.0
OX637753.1 194500000 195000000 1066.39314
OX637753.1 195000000 195500000 1067.0
OX637753.1 195500000 196000000 1067.0
OX637753.1 196000000 196500000 1067.11923
OX637753.1 196500000 197000000 1068.0
OX637753.1 197000000 197500000 1068.0
OX637753.1 197500000 198000000 1069.10284
OX637753.1 198000000 198500000 1070.03136
OX637753.1 198500000 199000000 1072.89803
OX637753.1 199000000 199500000 1073.58742
OX637753.1 199500000 200000000 1074.0
OX637753.1 200000000 200500000 1074.63929
OX637753.1 200500000 201000000 1075.3442
OX637753.1 201000000 201500000 1076.24227
OX637753.1 201500000 202000000 1076.69916
OX637753.1 202000000 202500000 1076.86587
OX637753.1 202500000 203000000 1077.0
OX637753.1 203000000 203500000 1077.0
OX637753.1 203500000 204000000 1077.00694
OX637753.1 204000000 204500000 1077.00425
OX637753.1 204500000 205000000 1077.57091
OX637753.1 205000000 205500000 1078.59734
OX637753.1 205500000 206000000 1080.95795
OX637753.1 206000000 206500000 1082.4131
OX637753.1 206500000 207000000 1085.69231
OX637753.1 207000000 207500000 1088.0285
OX637753.1 207500000 208000000 1089.02986
OX637753.1 208000000 208500000 1091.0
OX637753.1 208500000 209000000 1091.41895
OX637753.1 209000000 209500000 1092.26859
OX637753.1 209500000 210000000 1093.13134
OX637753.1 210000000 210500000 1094.0
OX637753.1 210500000 211000000 1094.00904
OX637753.1 211000000 211500000 1094.86612
OX637753.1 211500000 212000000 1097.18225
OX637753.1 212000000 212500000 1099.74161
OX637753.1 212500000 213000000 1100.34858
OX637753.1 213000000 213500000 1102.82155
OX637753.1 213500000 214000000 1103.00448
OX637753.1 214000000 214500000 1103.62572
OX637753.1 214500000 215000000 1104.00084
OX637753.1 215000000 215500000 1104.0
OX637753.1 215500000 216000000 1104.18675
OX637753.1 216000000 216500000 1105.00189
OX637753.1 216500000 217000000 1105.0
OX637753.1 217000000 217500000 1105.12387
OX637753.1 217500000 218000000 1106.00507
OX637753.1 218000000 218500000 1106.81324
OX637753.1 218500000 219000000 1107.0
OX637753.1 219000000 219500000 1107.24935
OX637753.1 219500000 220000000 1108.58368
OX637753.1 220000000 220500000 1110.54052
OX637753.1 220500000 221000000 1111.35735
OX637753.1 221000000 221500000 1112.0
OX637753.1 221500000 222000000 1113.82339
OX637753.1 222000000 222500000 1114.48991
OX637753.1 222500000 223000000 1115.0
OX637753.1 223000000 223500000 1115.01003
OX637753.1 223500000 224000000 1116.62323
OX637753.1 224000000 224500000 1120.42473
OX637753.1 224500000 225000000 1122.6917
OX637753.1 225000000 225500000 1123.18919
OX637753.1 225500000 226000000 1124.00592
OX637753.1 226000000 226500000 1126.10505
OX637753.1 226500000 227000000 1127.93887
OX637753.1 227000000 227500000 1128.0
OX637753.1 227500000 228000000 1127.98571
OX637753.1 228000000 228500000 1128.50575
OX637753.1 228500000 229000000 1129.32059
OX637753.1 229000000 229500000 1130.49839
OX637753.1 229500000 230000000 1131.00318
OX637753.1 230000000 230500000 1132.44717
OX637753.1 230500000 231000000 1132.00192
OX637753.1 231000000 231500000 1133.39429
OX637753.1 231500000 232000000 1134.0
OX637753.1 232000000 232500000 1134.15681
OX637753.1 232500000 233000000 1135.0
OX637753.1 233000000 233500000 1134.36457
OX637753.1 233500000 234000000 1134.01441
OX637753.1 234000000 234500000 1134.53249
OX637753.1 234500000 235000000 1135.0
OX637753.1 235000000 235500000 1135.0
OX637753.1 235500000 236000000 1135.10879
OX637753.1 236000000 236500000 1136.12614
OX637753.1 236500000 237000000 1137.35453
OX637753.1 237000000 237500000 1138.0
OX637753.1 237500000 238000000 1138.02559
OX637753.1 238000000 238500000 1138.42384
OX637753.1 238500000 239000000 1139.57715
OX637753.1 239000000 239500000 1140.0
OX637753.1 239500000 240000000 1140.0
OX637753.1 240000000 240500000 1140.80416
OX637753.1 240500000 241000000 1142.0
OX637753.1 241000000 241500000 1142.0
OX637753.1 241500000 242000000 1142.0
OX637753.1 242000000 242500000 1143.15162
OX637753.1 242500000 243000000 1145.87033
OX637753.1 243000000 243500000 1149.41798
OX637753.1 243500000 244000000 1150.0
OX637753.1 244000000 244500000 1150.00421
OX637753.1 244500000 245000000 1151.47532
OX637753.1 245000000 245500000 1152.78515
OX637753.1 245500000 246000000 1152.57668
OX637753.1 246000000 246500000 1152.53318
OX637753.1 246500000 247000000 1153.00241
OX637753.1 247000000 247500000 1153.0
OX637753.1 247500000 248000000 1153.0
OX637753.1 248000000 248500000 1153.74385
OX637753.1 248500000 249000000 1155.00318
OX637753.1 249000000 249500000 1155.0
OX637753.1 249500000 250000000 1155.0
OX637753.1 250000000 250500000 1157.00981
OX637753.1 250500000 251000000 1159.43518
OX637753.1 251000000 251500000 1161.00241
OX637753.1 251500000 252000000 1161.19312
OX637753.1 252000000 252500000 1162.91093
OX637753.1 252500000 253000000 1163.0
OX637753.1 253000000 253500000 1164.7019
OX637753.1 253500000 254000000 1165.00733
OX637753.1 254000000 254500000 1165.0
OX637753.1 254500000 255000000 1165.0
OX637753.1 255000000 255500000 1166.10079
OX637753.1 255500000 256000000 1167.00562
OX637753.1 256000000 256500000 1168.13599
OX637753.1 256500000 257000000 1169.0
OX637753.1 257000000 257500000 1169.00581
OX637753.1 257500000 258000000 1169.0053
OX637753.1 258000000 258500000 1169.62625
OX637753.1 258500000 259000000 1170.0
OX637753.1 259000000 259500000 1170.65406
OX637753.1 259500000 260000000 1171.0
OX637753.1 260000000 260500000 1172.69331
OX637753.1 260500000 261000000 1173.0
OX637753.1 261000000 261500000 1173.0
OX637753.1 261500000 262000000 1173.0
OX637753.1 262000000 262500000 1173.0
OX637753.1 262500000 263000000 1173.0
OX637753.1 263000000 263500000 1173.46638
OX637753.1 263500000 264000000 1174.58089
OX637753.1 264000000 264500000 1175.0
OX637753.1 264500000 265000000 1175.45904
OX637753.1 265000000 265500000 1176.0
OX637753.1 265500000 266000000 1176.94565
OX637753.1 266000000 266500000 1177.24087
OX637753.1 266500000 267000000 1180.37087
OX637753.1 267000000 267500000 1182.98943
OX637753.1 267500000 268000000 1185.63152
OX637753.1 268000000 268500000 1186.47738
OX637753.1 268500000 269000000 1187.71604
OX637753.1 269000000 269500000 1188.55008
OX637753.1 269500000 270000000 1189.0
OX637753.1 270000000 270500000 1189.03291
OX637753.1 270500000 271000000 1189.52235
OX637753.1 271000000 271500000 1190.00173
OX637753.1 271500000 272000000 1190.57211
OX637753.1 272000000 272500000 1191.0
OX637753.1 272500000 273000000 1191.21349
OX637753.1 273000000 273500000 1192.0
OX637753.1 273500000 274000000 1192.01644
OX637753.1 274000000 274500000 1192.74638
OX637753.1 274500000 275000000 1195.67929
OX637753.1 275000000 275500000 1197.00803
OX637753.1 275500000 276000000 1197.0
OX637753.1 276000000 276500000 1198.31932
OX637753.1 276500000 277000000 1199.97877
OX637753.1 277000000 277500000 1201.0217
OX637753.1 277500000 278000000 1201.00999
OX637753.1 278000000 278500000 1201.72708
OX637753.1 278500000 279000000 1202.04834
OX637753.1 279000000 279500000 1203.79354
OX637753.1 279500000 280000000 1203.44886
OX637753.1 280000000 280500000 1203.01271
OX637753.1 280500000 281000000 1203.99203
OX637753.1 281000000 281500000 1207.00932
OX637753.1 281500000 282000000 1207.01147
OX637753.1 282000000 282500000 1207.80108
OX637753.1 282500000 283000000 1209.00287
OX637753.1 283000000 283500000 1208.43315
OX637753.1 283500000 284000000 1207.55904
OX637753.1 284000000 284500000 1206.98263
OX637753.1 284500000 285000000 1207.51564
OX637753.1 285000000 285500000 1208.2821
OX637753.1 285500000 286000000 1209.86554
OX637753.1 286000000 286500000 1210.20809
OX637753.1 286500000 287000000 1211.00767
OX637753.1 287000000 287500000 1211.00594
OX637753.1 287500000 288000000 1211.80882
OX637753.1 288000000 288500000 1212.80139
OX637753.1 288500000 289000000 1213.0
OX637753.1 289000000 289500000 1213.0
OX637753.1 289500000 290000000 1213.00929
OX637753.1 290000000 290500000 1213.36109
OX637753.1 290500000 291000000 1216.0
OX637753.1 291000000 291500000 1215.14114
OX637753.1 291500000 292000000 1215.05273
OX637753.1 292000000 292500000 1216.00829
OX637753.1 292500000 293000000 1216.26998
OX637753.1 293000000 293500000 1217.42841
OX637753.1 293500000 294000000 1218.16776
OX637753.1 294000000 294500000 1218.0
OX637753.1 294500000 295000000 1218.92828
OX637753.1 295000000 295500000 1220.02936
OX637753.1 295500000 296000000 1221.0
OX637753.1 296000000 296500000 1221.0
OX637753.1 296500000 297000000 1221.29113
OX637753.1 297000000 297500000 1222.74012
OX637753.1 297500000 298000000 1223.27617
OX637753.1 298000000 298500000 1224.07721
OX637753.1 298500000 299000000 1226.06745
OX637753.1 299000000 299500000 1227.00202
OX637753.1 299500000 300000000 1227.00768
OX637753.1 300000000 300500000 1227.50916
OX637753.1 300500000 301000000 1229.73472
OX637753.1 301000000 301500000 1230.01464
OX637753.1 301500000 302000000 1230.84042
OX637753.1 302000000 302500000 1231.0
OX637753.1 302500000 303000000 1231.0
OX637753.1 303000000 303500000 1231.0
OX637753.1 303500000 304000000 1231.0
OX637753.1 304000000 304500000 1231.00532
OX637753.1 304500000 305000000 1231.0
OX637753.1 305000000 305500000 1231.0
OX637753.1 305500000 306000000 1231.0
OX637753.1 306000000 306500000 1231.0029
OX637753.1 306500000 307000000 1231.32055
OX637753.1 307000000 307500000 1232.0011
OX637753.1 307500000 308000000 1232.38958
OX637753.1 308000000 308500000 1233.00833
OX637753.1 308500000 309000000 1233.02766
OX637753.1 309000000 309500000 1234.31723
OX637753.1 309500000 310000000 1235.06076
OX637753.1 310000000 310500000 1237.01986
OX637753.1 310500000 311000000 1238.01766
OX637753.1 311000000 311500000 1239.28792
OX637753.1 311500000 312000000 1240.00796
OX637753.1 312000000 312500000 1240.0
OX637753.1 312500000 313000000 1239.40288
OX637753.1 313000000 313500000 1239.49393
OX637753.1 313500000 314000000 1240.19167
OX637753.1 314000000 314500000 1239.10969
OX637753.1 314500000 315000000 1239.39838
OX637753.1 315000000 315500000 1240.0
OX637753.1 315500000 316000000 1240.0
OX637753.1 316000000 316500000 1239.82573
OX637753.1 316500000 317000000 1239.85671
OX637753.1 317000000 317500000 1240.76734
OX637753.1 317500000 318000000 1241.01096
OX637753.1 318000000 318500000 1241.00152
OX637753.1 318500000 319000000 1242.0265
OX637753.1 319000000 319500000 1242.12167
OX637753.1 319500000 320000000 1241.56865
OX637753.1 320000000 320500000 1241.00542
OX637753.1 320500000 321000000 1241.0
OX637753.1 321000000 321500000 1241.1766
OX637753.1 321500000 322000000 1241.95138
OX637753.1 322000000 322500000 1242.01105
OX637753.1 322500000 323000000 1242.77711
OX637753.1 323000000 323500000 1242.67767
OX637753.1 323500000 324000000 1243.0
OX637753.1 324000000 324500000 1243.0
OX637753.1 324500000 325000000 1243.0
OX637753.1 325000000 325500000 1242.292
OX637753.1 325500000 326000000 1243.59013
OX637753.1 326000000 326500000 1244.19044
OX637753.1 326500000 327000000 1245.35341
OX637753.1 327000000 327500000 1246.00039
OX637753.1 327500000 328000000 1246.05488
OX637753.1 328000000 328500000 1246.91807
OX637753.1 328500000 329000000 1247.0
OX637753.1 329000000 329500000 1247.01707
OX637753.1 329500000 330000000 1247.00508
OX637753.1 330000000 330500000 1247.01966
OX637753.1 330500000 331000000 1247.30011
OX637753.1 331000000 331500000 1248.31934
OX637753.1 331500000 332000000 1249.45321
OX637753.1 332000000 332500000 1250.4948
OX637753.1 332500000 333000000 1250.00217
OX637753.1 333000000 333500000 1250.0
OX637753.1 333500000 334000000 1250.83361
OX637753.1 334000000 334500000 1252.01463
OX637753.1 334500000 335000000 1253.19299
OX637753.1 335000000 335500000 1254.0
OX637753.1 335500000 336000000 1253.3776
OX637753.1 336000000 336500000 1251.20419
OX637753.1 336500000 337000000 1252.00146
OX637753.1 337000000 337500000 1252.01527
OX637753.1 337500000 338000000 1252.00601
OX637753.1 338000000 338500000 1252.82017
OX637753.1 338500000 339000000 1252.13644
OX637753.1 339000000 339500000 1251.0
OX637753.1 339500000 340000000 1251.39276
OX637753.1 340000000 340500000 1252.11316
OX637753.1 340500000 341000000 1252.40053
OX637753.1 341000000 341500000 1252.0268
OX637753.1 341500000 342000000 1252.36951
OX637753.1 342000000 342500000 1252.0
OX637753.1 342500000 343000000 1252.33911
OX637753.1 343000000 343500000 1251.61642
OX637753.1 343500000 344000000 1251.0023
OX637753.1 344000000 344500000 1250.58725
OX637753.1 344500000 345000000 1249.49429
OX637753.1 345000000 345500000 1249.22286
OX637753.1 345500000 346000000 1249.22274
OX637753.1 346000000 346500000 1250.0
OX637753.1 346500000 347000000 1250.0
OX637753.1 347000000 347500000 1250.0
OX637753.1 347500000 348000000 1249.78166
OX637753.1 348000000 348500000 1249.01136
OX637753.1 348500000 349000000 1248.21265
OX637753.1 349000000 349500000 1248.00456
OX637753.1 349500000 350000000 1247.65401
OX637753.1 350000000 350500000 1247.0
OX637753.1 350500000 351000000 1246.74649
OX637753.1 351000000 351500000 1246.92438
OX637753.1 351500000 352000000 1245.46005
OX637753.1 352000000 352500000 1245.21489
OX637753.1 352500000 353000000 1245.04515
OX637753.1 353000000 353500000 1244.53209
OX637753.1 353500000 354000000 1245.00817
OX637753.1 354000000 354500000 1243.52999
OX637753.1 354500000 355000000 1242.24444
OX637753.1 355000000 355500000 1240.99431
OX637753.1 355500000 356000000 1239.24935
OX637753.1 356000000 356500000 1239.11563
OX637753.1 356500000 357000000 1239.0165
OX637753.1 357000000 357500000 1239.00186
OX637753.1 357500000 358000000 1238.1243
OX637753.1 358000000 358500000 1237.88571
OX637753.1 358500000 359000000 1235.08159
OX637753.1 359000000 359500000 1234.65286
OX637753.1 359500000 360000000 1233.38228
OX637753.1 360000000 360500000 1234.00443
OX637753.1 360500000 361000000 1234.09165
OX637753.1 361000000 361500000 1235.04319
OX637753.1 361500000 362000000 1233.75337
OX637753.1 362000000 362500000 1233.01062
OX637753.1 362500000 363000000 1233.1016
OX637753.1 363000000 363500000 1232.1172
OX637753.1 363500000 364000000 1232.09161
OX637753.1 364000000 364500000 1232.84412
OX637753.1 364500000 365000000 1232.01627
OX637753.1 365000000 365500000 1232.0
OX637753.1 365500000 366000000 1232.00655
OX637753.1 366000000 366500000 1230.74031
OX637753.1 366500000 367000000 1229.65842
OX637753.1 367000000 367500000 1230.46834
OX637753.1 367500000 368000000 1229.60423
OX637753.1 368000000 368500000 1229.83906
OX637753.1 368500000 369000000 1229.20232
OX637753.1 369000000 369500000 1225.8365
OX637753.1 369500000 370000000 1223.89097
OX637753.1 370000000 370500000 1221.73701
OX637753.1 370500000 371000000 1221.84785
OX637753.1 371000000 371500000 1219.80304
OX637753.1 371500000 372000000 1219.0
OX637753.1 372000000 372500000 1219.0
OX637753.1 372500000 373000000 1219.01208
OX637753.1 373000000 373500000 1219.66251
OX637753.1 373500000 374000000 1219.0
OX637753.1 374000000 374500000 1218.55149
OX637753.1 374500000 375000000 1217.53834
OX637753.1 375000000 375500000 1217.00979
OX637753.1 375500000 376000000 1217.0
OX637753.1 376000000 376500000 1217.00125
OX637753.1 376500000 377000000 1217.0
OX637753.1 377000000 377500000 1217.0
OX637753.1 377500000 378000000 1217.0102
OX637753.1 378000000 378500000 1215.74979
OX637753.1 378500000 379000000 1215.0055
OX637753.1 379000000 379500000 1214.60348
OX637753.1 379500000 380000000 1214.15838
OX637753.1 380000000 380500000 1213.00532
OX637753.1 380500000 381000000 1213.4202
OX637753.1 381000000 381500000 1213.40513
OX637753.1 381500000 382000000 1212.43819
OX637753.1 382000000 382500000 1211.94702
OX637753.1 382500000 383000000 1210.43574
OX637753.1 383000000 383500000 1208.39022
OX637753.1 383500000 384000000 1206.85819
OX637753.1 384000000 384500000 1206.0
OX637753.1 384500000 385000000 1205.81325
OX637753.1 385000000 385500000 1204.58244
OX637753.1 385500000 386000000 1205.0
OX637753.1 386000000 386500000 1203.46352
OX637753.1 386500000 387000000 1201.54568
OX637753.1 387000000 387500000 1199.78428
OX637753.1 387500000 388000000 1197.4411
OX637753.1 388000000 388500000 1197.0
OX637753.1 388500000 389000000 1196.05722
OX637753.1 389000000 389500000 1196.0
OX637753.1 389500000 390000000 1196.00145
OX637753.1 390000000 390500000 1196.0088
OX637753.1 390500000 391000000 1194.16697
OX637753.1 391000000 391500000 1193.04406
OX637753.1 391500000 392000000 1192.0014
OX637753.1 392000000 392500000 1192.01487
OX637753.1 392500000 393000000 1190.93327
OX637753.1 393000000 393500000 1190.00752
OX637753.1 393500000 394000000 1189.09611
OX637753.1 394000000 394500000 1186.64303
OX637753.1 394500000 395000000 1186.0
OX637753.1 395000000 395500000 1185.13228
OX637753.1 395500000 396000000 1184.0
OX637753.1 396000000 396500000 1184.13951
OX637753.1 396500000 397000000 1185.0
OX637753.1 397000000 397500000 1184.43156
OX637753.1 397500000 398000000 1183.65269
OX637753.1 398000000 398500000 1182.88201
OX637753.1 398500000 399000000 1182.00631
OX637753.1 399000000 399500000 1181.70856
OX637753.1 399500000 400000000 1179.81662
OX637753.1 400000000 400500000 1179.16364
OX637753.1 400500000 401000000 1178.92314
OX637753.1 401000000 401500000 1178.00444
OX637753.1 401500000 402000000 1177.7378
OX637753.1 402000000 402500000 1175.38288
OX637753.1 402500000 403000000 1173.02326
OX637753.1 403000000 403500000 1169.69848
OX637753.1 403500000 404000000 1168.67244
OX637753.1 404000000 404500000 1167.74485
OX637753.1 404500000 405000000 1167.0287
OX637753.1 405000000 405500000 1166.13716
OX637753.1 405500000 406000000 1166.0053
OX637753.1 406000000 406500000 1166.00561
OX637753.1 406500000 407000000 1165.34902
OX637753.1 407000000 407500000 1164.25578
OX637753.1 407500000 408000000 1164.0
OX637753.1 408000000 408500000 1163.50017
OX637753.1 408500000 409000000 1160.71694
OX637753.1 409000000 409500000 1157.97297
OX637753.1 409500000 410000000 1156.05249
OX637753.1 410000000 410500000 1155.29383
OX637753.1 410500000 411000000 1153.32183
OX637753.1 411000000 411500000 1152.00172
OX637753.1 411500000 412000000 1152.00158
OX637753.1 412000000 412500000 1152.00494
OX637753.1 412500000 413000000 1152.00539
OX637753.1 413000000 413500000 1152.01427
OX637753.1 413500000 414000000 1150.83958
OX637753.1 414000000 414500000 1148.21519
OX637753.1 414500000 415000000 1147.44147
OX637753.1 415000000 415500000 1146.08552
OX637753.1 415500000 416000000 1143.90346
OX637753.1 416000000 416500000 1142.2314
OX637753.1 416500000 417000000 1140.31008
OX637753.1 417000000 417500000 1139.29465
OX637753.1 417500000 418000000 1137.61195
OX637753.1 418000000 418500000 1136.13653
OX637753.1 418500000 419000000 1134.8442
OX637753.1 419000000 419500000 1132.45585
OX637753.1 419500000 420000000 1131.00149
OX637753.1 420000000 420500000 1131.0
OX637753.1 420500000 421000000 1131.00232
OX637753.1 421000000 421500000 1131.01266
OX637753.1 421500000 422000000 1131.0
OX637753.1 422000000 422500000 1130.21171
OX637753.1 422500000 423000000 1130.0
OX637753.1 423000000 423500000 1129.27596
OX637753.1 423500000 424000000 1128.80277
OX637753.1 424000000 424500000 1127.36583
OX637753.1 424500000 425000000 1124.02136
OX637753.1 425000000 425500000 1122.76504
OX637753.1 425500000 426000000 1119.12471
OX637753.1 426000000 426500000 1118.12508
OX637753.1 426500000 427000000 1117.76818
OX637753.1 427000000 427500000 1114.84126
OX637753.1 427500000 428000000 1114.02079
OX637753.1 428000000 428500000 1113.01017
OX637753.1 428500000 429000000 1111.41954
OX637753.1 429000000 429500000 1110.21527
OX637753.1 429500000 430000000 1108.34255
OX637753.1 430000000 430500000 1106.31067
OX637753.1 430500000 431000000 1104.12398
OX637753.1 431000000 431500000 1103.67435
OX637753.1 431500000 432000000 1102.06996
OX637753.1 432000000 432500000 1100.01111
OX637753.1 432500000 433000000 1097.32066
OX637753.1 433000000 433500000 1095.42051
OX637753.1 433500000 434000000 1093.34227
OX637753.1 434000000 434500000 1093.01532
OX637753.1 434500000 435000000 1091.37464
OX637753.1 435000000 435500000 1086.07256
OX637753.1 435500000 436000000 1084.41282
OX637753.1 436000000 436500000 1080.10264
OX637753.1 436500000 437000000 1078.00481
OX637753.1 437000000 437500000 1077.50294
OX637753.1 437500000 438000000 1077.88028
OX637753.1 438000000 438500000 1077.06316
OX637753.1 438500000 439000000 1075.79849
OX637753.1 439000000 439500000 1072.70622
OX637753.1 439500000 440000000 1069.05792
OX637753.1 440000000 440500000 1068.7807
OX637753.1 440500000 441000000 1065.76786
OX637753.1 441000000 441500000 1061.47344
OX637753.1 441500000 442000000 1058.24464
OX637753.1 442000000 442500000 1056.32167
OX637753.1 442500000 443000000 1053.02547
OX637753.1 443000000 443500000 1050.0
OX637753.1 443500000 444000000 1049.03801
OX637753.1 444000000 444500000 1047.30673
OX637753.1 444500000 445000000 1045.49046
OX637753.1 445000000 445500000 1039.04379
OX637753.1 445500000 446000000 1036.9917
OX637753.1 446000000 446500000 1033.06558
OX637753.1 446500000 447000000 1030.7107
OX637753.1 447000000 447500000 1028.2189
OX637753.1 447500000 448000000 1024.67319
OX637753.1 448000000 448500000 1020.7782
OX637753.1 448500000 449000000 1018.0
OX637753.1 449000000 449500000 1016.66354
OX637753.1 449500000 450000000 1014.81728
OX637753.1 450000000 450500000 1013.02151
OX637753.1 450500000 451000000 1009.77179
OX637753.1 451000000 451500000 1005.87549
OX637753.1 451500000 452000000 1003.90826
OX637753.1 452000000 452500000 997.65679
OX637753.1 452500000 453000000 995.06272
OX637753.1 453000000 453500000 992.36036
OX637753.1 453500000 454000000 989.80544
OX637753.1 454000000 454500000 987.01192
OX637753.1 454500000 455000000 982.28886
OX637753.1 455000000 455500000 976.98183
OX637753.1 455500000 456000000 971.95383
OX637753.1 456000000 456500000 968.0139
OX637753.1 456500000 457000000 962.25702
OX637753.1 457000000 457500000 957.60992
OX637753.1 457500000 458000000 952.3742
OX637753.1 458000000 458500000 946.60739
OX637753.1 458500000 459000000 939.57654
OX637753.1 459000000 459500000 936.82954
OX637753.1 459500000 460000000 930.7512
OX637753.1 460000000 460500000 923.00908
OX637753.1 460500000 461000000 916.85555
OX637753.1 461000000 461500000 909.93464
OX637753.1 461500000 462000000 904.27936
OX637753.1 462000000 462500000 899.89249
OX637753.1 462500000 463000000 897.43609
OX637753.1 463000000 463500000 892.13635
OX637753.1 463500000 464000000 886.67497
OX637753.1 464000000 464500000 884.5257
OX637753.1 464500000 465000000 878.76205
OX637753.1 465000000 465500000 870.2816
OX637753.1 465500000 466000000 865.49655
OX637753.1 466000000 466500000 862.16555
OX637753.1 466500000 467000000 857.96238
OX637753.1 467000000 467500000 853.27891
OX637753.1 467500000 468000000 844.13261
OX637753.1 468000000 468500000 833.72273
OX637753.1 468500000 469000000 826.54082
OX637753.1 469000000 469500000 814.8063
OX637753.1 469500000 470000000 806.18547
OX637753.1 470000000 470500000 793.06581
OX637753.1 470500000 471000000 780.29075
OX637753.1 471000000 471500000 772.73276
OX637753.1 471500000 472000000 764.26648
OX637753.1 472000000 472500000 750.00913
OX637753.1 472500000 473000000 737.98223
OX637753.1 473000000 473500000 726.57092
OX637753.1 473500000 474000000 711.84895
OX637753.1 474000000 474500000 699.61012
OX637753.1 474500000 475000000 686.13108
OX637753.1 475000000 475500000 672.63209
OX637753.1 475500000 476000000 660.76385
OX637753.1 476000000 476500000 637.60634
OX637753.1 476500000 477000000 619.42131
OX637753.1 477000000 477500000 603.55062
OX637753.1 477500000 478000000 587.32273
OX637753.1 478000000 478500000 573.85059
OX637753.1 478500000 479000000 551.29551
OX637753.1 479000000 479500000 541.97931
OX637753.1 479500000 480000000 530.123
OX637753.1 480000000 480500000 522.0386
OX637753.1 480500000 481000000 517.90838
OX637753.1 481000000 481500000 498.57754
OX637753.1 481500000 482000000 471.49937
OX637753.1 482000000 482500000 460.92142
OX637753.1 482500000 483000000 447.99664
OX637753.1 483000000 483500000 420.39474
OX637753.1 483500000 484000000 390.31256
OX637753.1 484000000 484500000 365.16897
OX637753.1 484500000 485000000 332.58959
OX637753.1 485000000 485500000 291.59182
OX637753.1 485500000 486000000 255.85485
OX637753.1 486000000 486500000 220.2018
OX637753.1 486500000 487000000 188.54492
OX637753.1 487000000 487500000 153.93567
OX637753.1 487500000 488000000 135.18074
OX637753.1 488000000 488500000 100.38231
OX637753.1 488500000 489000000 54.02843
OX637753.1 489000000 489061466 4.23314
OX637740.1 0 500000 5.99722
OX637740.1 500000 1000000 14.7396
OX637740.1 1000000 1500000 15.46601
OX637740.1 1500000 2000000 22.33334
OX637740.1 2000000 2500000 33.36161
OX637740.1 2500000 3000000 59.6245
OX637740.1 3000000 3500000 107.0339
OX637740.1 3500000 4000000 143.44259
OX637740.1 4000000 4500000 201.1351
OX637740.1 4500000 5000000 226.76794
OX637740.1 5000000 5500000 259.45754
OX637740.1 5500000 6000000 289.94646
OX637740.1 6000000 6500000 318.04086
OX637740.1 6500000 7000000 346.34796
OX637740.1 7000000 7500000 374.39484
OX637740.1 7500000 8000000 396.28622
OX637740.1 8000000 8500000 411.16295
OX637740.1 8500000 9000000 443.11489
OX637740.1 9000000 9500000 457.29595
OX637740.1 9500000 10000000 465.42717
OX637740.1 10000000 10500000 478.95091
OX637740.1 10500000 11000000 483.29728
OX637740.1 11000000 11500000 490.35592
OX637740.1 11500000 12000000 495.7292
OX637740.1 12000000 12500000 508.54921
OX637740.1 12500000 13000000 543.22609
OX637740.1 13000000 13500000 553.95788
OX637740.1 13500000 14000000 564.71018
OX637740.1 14000000 14500000 582.68442
OX637740.1 14500000 15000000 597.13433
OX637740.1 15000000 15500000 605.72254
OX637740.1 15500000 16000000 622.39835
OX637740.1 16000000 16500000 644.25261
OX637740.1 16500000 17000000 654.17042
OX637740.1 17000000 17500000 662.47847
OX637740.1 17500000 18000000 669.86868
OX637740.1 18000000 18500000 685.39342
OX637740.1 18500000 19000000 701.95594
OX637740.1 19000000 19500000 713.62069
OX637740.1 19500000 20000000 727.17918
OX637740.1 20000000 20500000 742.31446
OX637740.1 20500000 21000000 748.98894
OX637740.1 21000000 21500000 761.69837
OX637740.1 21500000 22000000 773.57018
OX637740.1 22000000 22500000 784.91374
OX637740.1 22500000 23000000 793.72424
OX637740.1 23000000 23500000 799.25876
OX637740.1 23500000 24000000 810.39712
OX637740.1 24000000 24500000 813.55049
OX637740.1 24500000 25000000 821.57111
OX637740.1 25000000 25500000 828.32571
OX637740.1 25500000 26000000 831.0
OX637740.1 26000000 26500000 835.84704
OX637740.1 26500000 27000000 837.30635
OX637740.1 27000000 27500000 840.82657
OX637740.1 27500000 28000000 844.08427
OX637740.1 28000000 28500000 851.29354
OX637740.1 28500000 29000000 854.59613
OX637740.1 29000000 29500000 862.00739
OX637740.1 29500000 30000000 868.65524
OX637740.1 30000000 30500000 870.84162
OX637740.1 30500000 31000000 873.56345
OX637740.1 31000000 31500000 878.9148
OX637740.1 31500000 32000000 887.59339
OX637740.1 32000000 32500000 893.35989
OX637740.1 32500000 33000000 898.2241
OX637740.1 33000000 33500000 901.29389
OX637740.1 33500000 34000000 905.17397
OX637740.1 34000000 34500000 907.71786
OX637740.1 34500000 35000000 912.41216
OX637740.1 35000000 35500000 915.08769
OX637740.1 35500000 36000000 918.67599
OX637740.1 36000000 36500000 922.88576
OX637740.1 36500000 37000000 924.22469
OX637740.1 37000000 37500000 927.7588
OX637740.1 37500000 38000000 930.84466
OX637740.1 38000000 38500000 932.49609
OX637740.1 38500000 39000000 937.75727
OX637740.1 39000000 39500000 940.78525
OX637740.1 39500000 40000000 943.72223
OX637740.1 40000000 40500000 946.2114
OX637740.1 40500000 41000000 947.02826
OX637740.1 41000000 41500000 949.49605
OX637740.1 41500000 42000000 951.85776
OX637740.1 42000000 42500000 954.0
OX637740.1 42500000 43000000 955.47618
OX637740.1 43000000 43500000 959.77736
OX637740.1 43500000 44000000 962.07278
OX637740.1 44000000 44500000 964.71322
OX637740.1 44500000 45000000 967.75203
OX637740.1 45000000 45500000 970.32479
OX637740.1 45500000 46000000 971.39436
OX637740.1 46000000 46500000 974.33873
OX637740.1 46500000 47000000 977.78017
OX637740.1 47000000 47500000 980.94547
OX637740.1 47500000 48000000 985.48123
OX637740.1 48000000 48500000 987.0
OX637740.1 48500000 49000000 987.36046
OX637740.1 49000000 49500000 988.25511
OX637740.1 49500000 50000000 990.0
OX637740.1 50000000 50500000 993.28127
OX637740.1 50500000 51000000 996.7351
OX637740.1 51000000 51500000 997.86739
OX637740.1 51500000 52000000 1002.06676
OX637740.1 52000000 52500000 1008.0
OX637740.1 52500000 53000000 1008.39572
OX637740.1 53000000 53500000 1010.45841
OX637740.1 53500000 54000000 1011.81495
OX637740.1 54000000 54500000 1017.11592
OX637740.1 54500000 55000000 1019.27535
OX637740.1 55000000 55500000 1023.83541
OX637740.1 55500000 56000000 1029.24633
OX637740.1 56000000 56500000 1031.13864
OX637740.1 56500000 57000000 1035.46247
OX637740.1 57000000 57500000 1036.0
OX637740.1 57500000 58000000 1037.11522
OX637740.1 58000000 58500000 1039.4845
OX637740.1 58500000 59000000 1041.25516
OX637740.1 59000000 59500000 1044.35248
OX637740.1 59500000 60000000 1048.31817
OX637740.1 60000000 60500000 1051.88794
OX637740.1 60500000 61000000 1052.0
OX637740.1 61000000 61500000 1052.23096
OX637740.1 61500000 62000000 1054.0
OX637740.1 62000000 62500000 1056.18821
OX637740.1 62500000 63000000 1058.01143
OX637740.1 63000000 63500000 1059.80597
OX637740.1 63500000 64000000 1060.0
OX637740.1 64000000 64500000 1060.46596
OX637740.1 64500000 65000000 1062.0
OX637740.1 65000000 65500000 1063.66063
OX637740.1 65500000 66000000 1066.15549
OX637740.1 66000000 66500000 1070.14607
OX637740.1 66500000 67000000 1072.24434
OX637740.1 67000000 67500000 1073.59696
OX637740.1 67500000 68000000 1075.41398
OX637740.1 68000000 68500000 1075.09106
OX637740.1 68500000 69000000 1076.0
OX637740.1 69000000 69500000 1076.42541
OX637740.1 69500000 70000000 1078.99164
OX637740.1 70000000 70500000 1082.51023
OX637740.1 70500000 71000000 1087.2337
OX637740.1 71000000 71500000 1088.73248
OX637740.1 71500000 72000000 1090.00602
OX637740.1 72000000 72500000 1090.0
OX637740.1 72500000 73000000 1090.09406
OX637740.1 73000000 73500000 1092.3391
OX637740.1 73500000 74000000 1094.89834
OX637740.1 74000000 74500000 1096.0
OX637740.1 74500000 75000000 1096.80182
OX637740.1 75000000 75500000 1097.0
OX637740.1 75500000 76000000 1097.60733
OX637740.1 76000000 76500000 1099.36732
OX637740.1 76500000 77000000 1101.0
OX637740.1 77000000 77500000 1101.14738
OX637740.1 77500000 78000000 1102.66898
OX637740.1 78000000 78500000 1105.97504
OX637740.1 78500000 79000000 1111.26986
OX637740.1 79000000 79500000 1112.0
OX637740.1 79500000 80000000 1113.98178
OX637740.1 80000000 80500000 1115.22556
OX637740.1 80500000 81000000 1118.51059
OX637740.1 81000000 81500000 1120.76815
OX637740.1 81500000 82000000 1122.00555
OX637740.1 82000000 82500000 1123.85213
OX637740.1 82500000 83000000 1126.44721
OX637740.1 83000000 83500000 1127.24815
OX637740.1 83500000 84000000 1128.0
OX637740.1 84000000 84500000 1130.86851
OX637740.1 84500000 85000000 1131.01018
OX637740.1 85000000 85500000 1132.34546
OX637740.1 85500000 86000000 1134.21777
OX637740.1 86000000 86500000 1135.0
OX637740.1 86500000 87000000 1135.0
OX637740.1 87000000 87500000 1135.58312
OX637740.1 87500000 88000000 1136.91112
OX637740.1 88000000 88500000 1137.0
OX637740.1 88500000 89000000 1138.02837
OX637740.1 89000000 89500000 1139.0
OX637740.1 89500000 90000000 1141.03371
OX637740.1 90000000 90500000 1144.48478
OX637740.1 90500000 91000000 1146.71877
OX637740.1 91000000 91500000 1150.76553
OX637740.1 91500000 92000000 1153.941
OX637740.1 92000000 92500000 1154.55113
OX637740.1 92500000 93000000 1155.0
OX637740.1 93000000 93500000 1155.53192
OX637740.1 93500000 94000000 1156.5627
OX637740.1 94000000 94500000 1157.0
OX637740.1 94500000 95000000 1157.92821
OX637740.1 95000000 95500000 1159.96564
OX637740.1 95500000 96000000 1160.47056
OX637740.1 96000000 96500000 1161.0
OX637740.1 96500000 97000000 1161.46096
OX637740.1 97000000 97500000 1162.23477
OX637740.1 97500000 98000000 1163.18772
OX637740.1 98000000 98500000 1165.42123
OX637740.1 98500000 99000000 1166.47459
OX637740.1 99000000 99500000 1168.44351
OX637740.1 99500000 100000000 1170.69078
OX637740.1 100000000 100500000 1173.0
OX637740.1 100500000 101000000 1173.0
OX637740.1 101000000 101500000 1173.0
OX637740.1 101500000 102000000 1173.57362
OX637740.1 102000000 102500000 1174.0
OX637740.1 102500000 103000000 1174.0
OX637740.1 103000000 103500000 1175.24842
OX637740.1 103500000 104000000 1178.74863
OX637740.1 104000000 104500000 1181.78184
OX637740.1 104500000 105000000 1184.81496
OX637740.1 105000000 105500000 1185.27091
OX637740.1 105500000 106000000 1186.88904
OX637740.1 106000000 106500000 1188.0
OX637740.1 106500000 107000000 1188.0
OX637740.1 107000000 107500000 1188.46679
OX637740.1 107500000 108000000 1191.24908
OX637740.1 108000000 108500000 1193.27779
OX637740.1 108500000 109000000 1194.61687
OX637740.1 109000000 109500000 1196.92803
OX637740.1 109500000 110000000 1197.7293
OX637740.1 110000000 110500000 1199.0
OX637740.1 110500000 111000000 1199.0
OX637740.1 111000000 111500000 1200.35491
OX637740.1 111500000 112000000 1202.31756
OX637740.1 112000000 112500000 1203.41318
OX637740.1 112500000 113000000 1205.0
OX637740.1 113000000 113500000 1205.98748
OX637740.1 113500000 114000000 1206.0
OX637740.1 114000000 114500000 1206.0
OX637740.1 114500000 115000000 1206.97492
OX637740.1 115000000 115500000 1208.1687
OX637740.1 115500000 116000000 1209.0
OX637740.1 116000000 116500000 1209.00047
OX637740.1 116500000 117000000 1209.0
OX637740.1 117000000 117500000 1209.47044
OX637740.1 117500000 118000000 1210.0
OX637740.1 118000000 118500000 1211.15684
OX637740.1 118500000 119000000 1214.74536
OX637740.1 119000000 119500000 1216.00906
OX637740.1 119500000 120000000 1216.0
OX637740.1 120000000 120500000 1216.45459
OX637740.1 120500000 121000000 1218.0053
OX637740.1 121000000 121500000 1218.0
OX637740.1 121500000 122000000 1218.0
OX637740.1 122000000 122500000 1219.50665
OX637740.1 122500000 123000000 1221.0
OX637740.1 123000000 123500000 1221.0
OX637740.1 123500000 124000000 1221.2501
OX637740.1 124000000 124500000 1223.94019
OX637740.1 124500000 125000000 1225.0
OX637740.1 125000000 125500000 1226.40239
OX637740.1 125500000 126000000 1227.0
OX637740.1 126000000 126500000 1227.84734
OX637740.1 126500000 127000000 1228.32733
OX637740.1 127000000 127500000 1229.0
OX637740.1 127500000 128000000 1229.14894
OX637740.1 128000000 128500000 1230.6405
OX637740.1 128500000 129000000 1231.0
OX637740.1 129000000 129500000 1231.35162
OX637740.1 129500000 130000000 1232.47935
OX637740.1 130000000 130500000 1233.0
OX637740.1 130500000 131000000 1233.2419
OX637740.1 131000000 131500000 1234.0
OX637740.1 131500000 132000000 1235.28556
OX637740.1 132000000 132500000 1236.0
OX637740.1 132500000 133000000 1236.0
OX637740.1 133000000 133500000 1236.0
OX637740.1 133500000 134000000 1236.0
OX637740.1 134000000 134500000 1236.0
OX637740.1 134500000 135000000 1236.0
OX637740.1 135000000 135500000 1236.81794
OX637740.1 135500000 136000000 1237.0
OX637740.1 136000000 136500000 1237.74852
OX637740.1 136500000 137000000 1238.67375
OX637740.1 137000000 137500000 1239.0
OX637740.1 137500000 138000000 1239.0
OX637740.1 138000000 138500000 1242.01871
OX637740.1 138500000 139000000 1243.0
OX637740.1 139000000 139500000 1243.0
OX637740.1 139500000 140000000 1243.0
OX637740.1 140000000 140500000 1243.0
OX637740.1 140500000 141000000 1243.0
OX637740.1 141000000 141500000 1243.0
OX637740.1 141500000 142000000 1243.0
OX637740.1 142000000 142500000 1243.0
OX637740.1 142500000 143000000 1243.0
OX637740.1 143000000 143500000 1243.0
OX637740.1 143500000 144000000 1243.0
OX637740.1 144000000 144500000 1243.91741
OX637740.1 144500000 145000000 1244.0
OX637740.1 145000000 145500000 1244.0
OX637740.1 145500000 146000000 1244.0
OX637740.1 146000000 146500000 1244.0
OX637740.1 146500000 147000000 1244.0
OX637740.1 147000000 147500000 1244.09626
OX637740.1 147500000 148000000 1245.0
OX637740.1 148000000 148500000 1245.0
OX637740.1 148500000 149000000 1244.82836
OX637740.1 149000000 149500000 1245.11582
OX637740.1 149500000 150000000 1246.25224
OX637740.1 150000000 150500000 1248.0
OX637740.1 150500000 151000000 1248.09554
OX637740.1 151000000 151500000 1249.39566
OX637740.1 151500000 152000000 1250.91945
OX637740.1 152000000 152500000 1255.22458
OX637740.1 152500000 153000000 1256.0
OX637740.1 153000000 153500000 1256.02057
OX637740.1 153500000 154000000 1257.0
OX637740.1 154000000 154500000 1257.0
OX637740.1 154500000 155000000 1257.0
OX637740.1 155000000 155500000 1257.0
OX637740.1 155500000 156000000 1257.0
OX637740.1 156000000 156500000 1257.0
OX637740.1 156500000 157000000 1257.0
OX637740.1 157000000 157500000 1257.0
OX637740.1 157500000 158000000 1257.0
OX637740.1 158000000 158500000 1257.0
OX637740.1 158500000 159000000 1257.00265
OX637740.1 159000000 159500000 1257.0
OX637740.1 159500000 160000000 1257.0
OX637740.1 160000000 160500000 1257.0
OX637740.1 160500000 161000000 1257.0
OX637740.1 161000000 161500000 1257.0
OX637740.1 161500000 162000000 1257.66962
OX637740.1 162000000 162500000 1258.0
OX637740.1 162500000 163000000 1258.20243
OX637740.1 163000000 163500000 1259.0
OX637740.1 163500000 164000000 1259.0
OX637740.1 164000000 164500000 1259.0
OX637740.1 164500000 165000000 1259.0
OX637740.1 165000000 165500000 1259.50744
OX637740.1 165500000 166000000 1260.65862
OX637740.1 166000000 166500000 1262.00549
OX637740.1 166500000 167000000 1262.89066
OX637740.1 167000000 167500000 1263.0
OX637740.1 167500000 168000000 1263.0
OX637740.1 168000000 168500000 1263.0
OX637740.1 168500000 169000000 1263.0
OX637740.1 169000000 169500000 1263.02796
OX637740.1 169500000 170000000 1264.0
OX637740.1 170000000 170500000 1264.35723
OX637740.1 170500000 171000000 1265.0
OX637740.1 171000000 171500000 1265.0
OX637740.1 171500000 172000000 1265.65816
OX637740.1 172000000 172500000 1266.00221
OX637740.1 172500000 173000000 1266.96708
OX637740.1 173000000 173500000 1267.0
OX637740.1 173500000 174000000 1267.0
OX637740.1 174000000 174500000 1267.0
OX637740.1 174500000 175000000 1267.0
OX637740.1 175000000 175500000 1267.0
OX637740.1 175500000 176000000 1267.19858
OX637740.1 176000000 176500000 1267.21712
OX637740.1 176500000 177000000 1267.0
OX637740.1 177000000 177500000 1266.17504
OX637740.1 177500000 178000000 1266.0
OX637740.1 178000000 178500000 1266.0
OX637740.1 178500000 179000000 1266.0
OX637740.1 179000000 179500000 1266.0
OX637740.1 179500000 180000000 1266.92685
OX637740.1 180000000 180500000 1268.88565
OX637740.1 180500000 181000000 1269.0
OX637740.1 181000000 181500000 1269.80982
OX637740.1 181500000 182000000 1270.0
OX637740.1 182000000 182500000 1269.15564
OX637740.1 182500000 183000000 1269.0
OX637740.1 183000000 183500000 1269.0
OX637740.1 183500000 184000000 1269.96249
OX637740.1 184000000 184500000 1270.0
OX637740.1 184500000 185000000 1270.60461
OX637740.1 185000000 185500000 1271.0
OX637740.1 185500000 186000000 1271.0
OX637740.1 186000000 186500000 1271.0
OX637740.1 186500000 187000000 1271.0
OX637740.1 187000000 187500000 1271.0
OX637740.1 187500000 188000000 1271.0
OX637740.1 188000000 188500000 1271.0
OX637740.1 188500000 189000000 1271.0
OX637740.1 189000000 189500000 1271.27208
OX637740.1 189500000 190000000 1272.0
OX637740.1 190000000 190500000 1272.0
OX637740.1 190500000 191000000 1272.0
OX637740.1 191000000 191500000 1273.07319
OX637740.1 191500000 192000000 1274.0
OX637740.1 192000000 192500000 1274.0
OX637740.1 192500000 193000000 1274.0
OX637740.1 193000000 193500000 1274.0
OX637740.1 193500000 194000000 1274.0
OX637740.1 194000000 194500000 1274.0
OX637740.1 194500000 195000000 1274.44855
OX637740.1 195000000 195500000 1275.0
OX637740.1 195500000 196000000 1276.91141
OX637740.1 196000000 196500000 1277.0
OX637740.1 196500000 197000000 1277.00287
OX637740.1 197000000 197500000 1277.03104
OX637740.1 197500000 198000000 1278.29614
OX637740.1 198000000 198500000 1280.47992
OX637740.1 198500000 199000000 1281.52569
OX637740.1 199000000 199500000 1281.76852
OX637740.1 199500000 200000000 1282.0
OX637740.1 200000000 200500000 1282.29447
OX637740.1 200500000 201000000 1283.0
OX637740.1 201000000 201500000 1283.0
OX637740.1 201500000 202000000 1283.93904
OX637740.1 202000000 202500000 1284.12441
OX637740.1 202500000 203000000 1285.0
OX637740.1 203000000 203500000 1285.0
OX637740.1 203500000 204000000 1285.0
OX637740.1 204000000 204500000 1286.15232
OX637740.1 204500000 205000000 1287.30771
OX637740.1 205000000 205500000 1289.0
OX637740.1 205500000 206000000 1289.0
OX637740.1 206000000 206500000 1289.42532
OX637740.1 206500000 207000000 1292.03317
OX637740.1 207000000 207500000 1294.0
OX637740.1 207500000 208000000 1294.0
OX637740.1 208000000 208500000 1294.0
OX637740.1 208500000 209000000 1294.0
OX637740.1 209000000 209500000 1294.0
OX637740.1 209500000 210000000 1294.0
OX637740.1 210000000 210500000 1294.0
OX637740.1 210500000 211000000 1294.65676
OX637740.1 211000000 211500000 1295.45957
OX637740.1 211500000 212000000 1296.65856
OX637740.1 212000000 212500000 1298.0
OX637740.1 212500000 213000000 1298.62888
OX637740.1 213000000 213500000 1301.90201
OX637740.1 213500000 214000000 1305.0
OX637740.1 214000000 214500000 1306.62953
OX637740.1 214500000 215000000 1307.0
OX637740.1 215000000 215500000 1308.15858
OX637740.1 215500000 216000000 1310.23115
OX637740.1 216000000 216500000 1312.0
OX637740.1 216500000 217000000 1312.0
OX637740.1 217000000 217500000 1312.0
OX637740.1 217500000 218000000 1312.59095
OX637740.1 218000000 218500000 1313.0
OX637740.1 218500000 219000000 1313.0
OX637740.1 219000000 219500000 1313.0
OX637740.1 219500000 220000000 1313.38839
OX637740.1 220000000 220500000 1314.0
OX637740.1 220500000 221000000 1314.0
OX637740.1 221000000 221500000 1314.0
OX637740.1 221500000 222000000 1314.0
OX637740.1 222000000 222500000 1314.0
OX637740.1 222500000 223000000 1314.0
OX637740.1 223000000 223500000 1313.22094
OX637740.1 223500000 224000000 1314.0
OX637740.1 224000000 224500000 1314.00266
OX637740.1 224500000 225000000 1314.44148
OX637740.1 225000000 225500000 1315.0
OX637740.1 225500000 226000000 1315.4119
OX637740.1 226000000 226500000 1318.06232
OX637740.1 226500000 227000000 1319.9254
OX637740.1 227000000 227500000 1320.62761
OX637740.1 227500000 228000000 1321.0
OX637740.1 228000000 228500000 1321.9806
OX637740.1 228500000 229000000 1323.80883
OX637740.1 229000000 229500000 1325.65409
OX637740.1 229500000 230000000 1326.0
OX637740.1 230000000 230500000 1327.44617
OX637740.1 230500000 231000000 1328.25123
OX637740.1 231000000 231500000 1329.0
OX637740.1 231500000 232000000 1329.0
OX637740.1 232000000 232500000 1329.95159
OX637740.1 232500000 233000000 1332.0
OX637740.1 233000000 233500000 1332.23986
OX637740.1 233500000 234000000 1332.16415
OX637740.1 234000000 234500000 1334.32398
OX637740.1 234500000 235000000 1336.54364
OX637740.1 235000000 235500000 1337.0
OX637740.1 235500000 236000000 1337.00827
OX637740.1 236000000 236500000 1337.63537
OX637740.1 236500000 237000000 1338.00518
OX637740.1 237000000 237500000 1338.47741
OX637740.1 237500000 238000000 1339.45311
OX637740.1 238000000 238500000 1340.0
OX637740.1 238500000 239000000 1340.0
OX637740.1 239000000 239500000 1340.0
OX637740.1 239500000 240000000 1340.03065
OX637740.1 240000000 240500000 1341.77727
OX637740.1 240500000 241000000 1342.40206
OX637740.1 241000000 241500000 1344.0
OX637740.1 241500000 242000000 1344.98141
OX637740.1 242000000 242500000 1345.0
OX637740.1 242500000 243000000 1345.0
OX637740.1 243000000 243500000 1345.0
OX637740.1 243500000 244000000 1345.0
OX637740.1 244000000 244500000 1345.0
OX637740.1 244500000 245000000 1345.52803
OX637740.1 245000000 245500000 1346.20832
OX637740.1 245500000 246000000 1348.01739
OX637740.1 246000000 246500000 1350.79665
OX637740.1 246500000 247000000 1351.0
OX637740.1 247000000 247500000 1351.42851
OX637740.1 247500000 248000000 1352.62181
OX637740.1 248000000 248500000 1353.00665
OX637740.1 248500000 249000000 1353.0
OX637740.1 249000000 249500000 1354.62728
OX637740.1 249500000 250000000 1355.65392
OX637740.1 250000000 250500000 1356.8508
OX637740.1 250500000 251000000 1359.77456
OX637740.1 251000000 251500000 1362.11559
OX637740.1 251500000 252000000 1364.14618
OX637740.1 252000000 252500000 1365.0
OX637740.1 252500000 253000000 1365.20765
OX637740.1 253000000 253500000 1366.86134
OX637740.1 253500000 254000000 1367.0
OX637740.1 254000000 254500000 1367.90907
OX637740.1 254500000 255000000 1370.98478
OX637740.1 255000000 255500000 1374.36316
OX637740.1 255500000 256000000 1376.09261
OX637740.1 256000000 256500000 1377.15849
OX637740.1 256500000 257000000 1377.14924
OX637740.1 257000000 257500000 1379.17798
OX637740.1 257500000 258000000 1380.58968
OX637740.1 258000000 258500000 1382.624
OX637740.1 258500000 259000000 1384.0
OX637740.1 259000000 259500000 1384.55975
OX637740.1 259500000 260000000 1385.0
OX637740.1 260000000 260500000 1385.0
OX637740.1 260500000 261000000 1385.92428
OX637740.1 261000000 261500000 1386.23181
OX637740.1 261500000 262000000 1387.94311
OX637740.1 262000000 262500000 1388.00192
OX637740.1 262500000 263000000 1388.0
OX637740.1 263000000 263500000 1388.51889
OX637740.1 263500000 264000000 1389.68099
OX637740.1 264000000 264500000 1390.36252
OX637740.1 264500000 265000000 1391.22408
OX637740.1 265000000 265500000 1392.72425
OX637740.1 265500000 266000000 1393.0
OX637740.1 266000000 266500000 1393.46994
OX637740.1 266500000 267000000 1394.0
OX637740.1 267000000 267500000 1394.0
OX637740.1 267500000 268000000 1395.24707
OX637740.1 268000000 268500000 1397.0
OX637740.1 268500000 269000000 1397.0
OX637740.1 269000000 269500000 1397.0
OX637740.1 269500000 270000000 1397.68084
OX637740.1 270000000 270500000 1398.00859
OX637740.1 270500000 271000000 1398.82064
OX637740.1 271000000 271500000 1399.0056
OX637740.1 271500000 272000000 1399.45086
OX637740.1 272000000 272500000 1400.0
OX637740.1 272500000 273000000 1400.90318
OX637740.1 273000000 273500000 1403.0
OX637740.1 273500000 274000000 1403.0
OX637740.1 274000000 274500000 1404.66799
OX637740.1 274500000 275000000 1407.0823
OX637740.1 275000000 275500000 1409.16583
OX637740.1 275500000 276000000 1410.46226
OX637740.1 276000000 276500000 1411.70799
OX637740.1 276500000 277000000 1413.57297
OX637740.1 277000000 277500000 1414.0
OX637740.1 277500000 278000000 1414.0
OX637740.1 278000000 278500000 1414.008
OX637740.1 278500000 279000000 1414.85395
OX637740.1 279000000 279500000 1415.89771
OX637740.1 279500000 280000000 1416.0
OX637740.1 280000000 280500000 1416.74203
OX637740.1 280500000 281000000 1417.0
OX637740.1 281000000 281500000 1417.34204
OX637740.1 281500000 282000000 1418.0
OX637740.1 282000000 282500000 1418.0
OX637740.1 282500000 283000000 1418.51366
OX637740.1 283000000 283500000 1419.0
OX637740.1 283500000 284000000 1419.21082
OX637740.1 284000000 284500000 1419.45681
OX637740.1 284500000 285000000 1419.0
OX637740.1 285000000 285500000 1419.89795
OX637740.1 285500000 286000000 1420.0
OX637740.1 286000000 286500000 1419.2616
OX637740.1 286500000 287000000 1419.7087
OX637740.1 287000000 287500000 1419.73013
OX637740.1 287500000 288000000 1420.0
OX637740.1 288000000 288500000 1420.2234
OX637740.1 288500000 289000000 1421.58773
OX637740.1 289000000 289500000 1422.00249
OX637740.1 289500000 290000000 1422.77054
OX637740.1 290000000 290500000 1423.89836
OX637740.1 290500000 291000000 1425.26572
OX637740.1 291000000 291500000 1426.56743
OX637740.1 291500000 292000000 1427.74912
OX637740.1 292000000 292500000 1428.0
OX637740.1 292500000 293000000 1428.8635
OX637740.1 293000000 293500000 1429.76096
OX637740.1 293500000 294000000 1430.0
OX637740.1 294000000 294500000 1430.0
OX637740.1 294500000 295000000 1432.21976
OX637740.1 295000000 295500000 1434.0
OX637740.1 295500000 296000000 1434.0
OX637740.1 296000000 296500000 1434.0
OX637740.1 296500000 297000000 1434.0
OX637740.1 297000000 297500000 1434.0
OX637740.1 297500000 298000000 1434.0
OX637740.1 298000000 298500000 1434.0
OX637740.1 298500000 299000000 1434.0
OX637740.1 299000000 299500000 1434.0
OX637740.1 299500000 300000000 1435.00499
OX637740.1 300000000 300500000 1436.0
OX637740.1 300500000 301000000 1436.0
OX637740.1 301000000 301500000 1436.0
OX637740.1 301500000 302000000 1436.07049
OX637740.1 302000000 302500000 1437.0
OX637740.1 302500000 303000000 1436.74171
OX637740.1 303000000 303500000 1436.0
OX637740.1 303500000 304000000 1436.00281
OX637740.1 304000000 304500000 1436.0
OX637740.1 304500000 305000000 1436.29015
OX637740.1 305000000 305500000 1437.0
OX637740.1 305500000 306000000 1437.0
OX637740.1 306000000 306500000 1436.8266
OX637740.1 306500000 307000000 1436.40213
OX637740.1 307000000 307500000 1437.48184
OX637740.1 307500000 308000000 1438.0
OX637740.1 308000000 308500000 1437.5729
OX637740.1 308500000 309000000 1437.0
OX637740.1 309000000 309500000 1437.0
OX637740.1 309500000 310000000 1437.0
OX637740.1 310000000 310500000 1438.73588
OX637740.1 310500000 311000000 1439.0
OX637740.1 311000000 311500000 1439.0
OX637740.1 311500000 312000000 1439.0
OX637740.1 312000000 312500000 1439.0
OX637740.1 312500000 313000000 1438.20263
OX637740.1 313000000 313500000 1438.22206
OX637740.1 313500000 314000000 1438.27139
OX637740.1 314000000 314500000 1438.0
OX637740.1 314500000 315000000 1438.35278
OX637740.1 315000000 315500000 1439.0
OX637740.1 315500000 316000000 1439.80892
OX637740.1 316000000 316500000 1440.0
OX637740.1 316500000 317000000 1440.65978
OX637740.1 317000000 317500000 1442.36506
OX637740.1 317500000 318000000 1443.00176
OX637740.1 318000000 318500000 1444.83221
OX637740.1 318500000 319000000 1445.0
OX637740.1 319000000 319500000 1445.00212
OX637740.1 319500000 320000000 1445.0
OX637740.1 320000000 320500000 1445.0
OX637740.1 320500000 321000000 1445.0
OX637740.1 321000000 321500000 1445.0
OX637740.1 321500000 322000000 1444.24737
OX637740.1 322000000 322500000 1444.0
OX637740.1 322500000 323000000 1444.90288
OX637740.1 323000000 323500000 1444.03919
OX637740.1 323500000 324000000 1443.0
OX637740.1 324000000 324500000 1443.81041
OX637740.1 324500000 325000000 1444.0
OX637740.1 325000000 325500000 1444.0
OX637740.1 325500000 326000000 1444.82154
OX637740.1 326000000 326500000 1445.0
OX637740.1 326500000 327000000 1445.0
OX637740.1 327000000 327500000 1445.0
OX637740.1 327500000 328000000 1445.00235
OX637740.1 328000000 328500000 1445.0
OX637740.1 328500000 329000000 1445.0
OX637740.1 329000000 329500000 1445.0
OX637740.1 329500000 330000000 1444.10472
OX637740.1 330000000 330500000 1444.00285
OX637740.1 330500000 331000000 1444.12995
OX637740.1 331000000 331500000 1444.0
OX637740.1 331500000 332000000 1444.0
OX637740.1 332000000 332500000 1444.0
OX637740.1 332500000 333000000 1444.00044
OX637740.1 333000000 333500000 1444.0
OX637740.1 333500000 334000000 1443.35774
OX637740.1 334000000 334500000 1443.27484
OX637740.1 334500000 335000000 1444.01203
OX637740.1 335000000 335500000 1444.0
OX637740.1 335500000 336000000 1443.7258
OX637740.1 336000000 336500000 1443.0
OX637740.1 336500000 337000000 1443.19408
OX637740.1 337000000 337500000 1444.0
OX637740.1 337500000 338000000 1444.67538
OX637740.1 338000000 338500000 1444.61465
OX637740.1 338500000 339000000 1444.00376
OX637740.1 339000000 339500000 1443.11454
OX637740.1 339500000 340000000 1443.0
OX637740.1 340000000 340500000 1443.0
OX637740.1 340500000 341000000 1441.27972
OX637740.1 341000000 341500000 1440.73438
OX637740.1 341500000 342000000 1441.0
OX637740.1 342000000 342500000 1441.0
OX637740.1 342500000 343000000 1441.11075
OX637740.1 343000000 343500000 1442.39665
OX637740.1 343500000 344000000 1442.47927
OX637740.1 344000000 344500000 1441.86207
OX637740.1 344500000 345000000 1441.71388
OX637740.1 345000000 345500000 1442.12577
OX637740.1 345500000 346000000 1443.0
OX637740.1 346000000 346500000 1443.72171
OX637740.1 346500000 347000000 1444.56347
OX637740.1 347000000 347500000 1444.0
OX637740.1 347500000 348000000 1444.0
OX637740.1 348000000 348500000 1444.0
OX637740.1 348500000 349000000 1444.62734
OX637740.1 349000000 349500000 1445.48994
OX637740.1 349500000 350000000 1445.83265
OX637740.1 350000000 350500000 1445.0
OX637740.1 350500000 351000000 1445.0
OX637740.1 351000000 351500000 1445.0
OX637740.1 351500000 352000000 1445.0
OX637740.1 352000000 352500000 1445.0
OX637740.1 352500000 353000000 1445.0
OX637740.1 353000000 353500000 1444.16864
OX637740.1 353500000 354000000 1443.60647
OX637740.1 354000000 354500000 1443.00665
OX637740.1 354500000 355000000 1444.26524
OX637740.1 355000000 355500000 1445.0
OX637740.1 355500000 356000000 1444.9484
OX637740.1 356000000 356500000 1445.67324
OX637740.1 356500000 357000000 1444.83851
OX637740.1 357000000 357500000 1443.86944
OX637740.1 357500000 358000000 1443.0
OX637740.1 358000000 358500000 1441.86731
OX637740.1 358500000 359000000 1441.00636
OX637740.1 359000000 359500000 1441.13331
OX637740.1 359500000 360000000 1442.07116
OX637740.1 360000000 360500000 1442.0
OX637740.1 360500000 361000000 1442.00026
OX637740.1 361000000 361500000 1442.0
OX637740.1 361500000 362000000 1442.26418
OX637740.1 362000000 362500000 1444.0
OX637740.1 362500000 363000000 1444.0
OX637740.1 363000000 363500000 1444.00325
OX637740.1 363500000 364000000 1443.86618
OX637740.1 364000000 364500000 1442.25693
OX637740.1 364500000 365000000 1442.0
OX637740.1 365000000 365500000 1441.32408
OX637740.1 365500000 366000000 1439.18433
OX637740.1 366000000 366500000 1438.60628
OX637740.1 366500000 367000000 1438.00826
OX637740.1 367000000 367500000 1438.76192
OX637740.1 367500000 368000000 1439.42509
OX637740.1 368000000 368500000 1439.39583
OX637740.1 368500000 369000000 1438.60581
OX637740.1 369000000 369500000 1437.17987
OX637740.1 369500000 370000000 1437.0
OX637740.1 370000000 370500000 1436.12173
OX637740.1 370500000 371000000 1432.56411
OX637740.1 371000000 371500000 1432.0
OX637740.1 371500000 372000000 1431.63084
OX637740.1 372000000 372500000 1430.17439
OX637740.1 372500000 373000000 1430.0
OX637740.1 373000000 373500000 1430.0
OX637740.1 373500000 374000000 1429.28728
OX637740.1 374000000 374500000 1427.00614
OX637740.1 374500000 375000000 1427.45849
OX637740.1 375000000 375500000 1426.0
OX637740.1 375500000 376000000 1426.48381
OX637740.1 376000000 376500000 1427.08077
OX637740.1 376500000 377000000 1426.71083
OX637740.1 377000000 377500000 1424.58274
OX637740.1 377500000 378000000 1421.93725
OX637740.1 378000000 378500000 1420.5232
OX637740.1 378500000 379000000 1420.14278
OX637740.1 379000000 379500000 1417.68932
OX637740.1 379500000 380000000 1416.12834
OX637740.1 380000000 380500000 1414.48284
OX637740.1 380500000 381000000 1413.25611
OX637740.1 381000000 381500000 1413.0
OX637740.1 381500000 382000000 1412.26543
OX637740.1 382000000 382500000 1410.06818
OX637740.1 382500000 383000000 1409.48654
OX637740.1 383000000 383500000 1408.29221
OX637740.1 383500000 384000000 1408.03431
OX637740.1 384000000 384500000 1407.18487
OX637740.1 384500000 385000000 1407.13013
OX637740.1 385000000 385500000 1408.0
OX637740.1 385500000 386000000 1408.00286
OX637740.1 386000000 386500000 1408.00184
OX637740.1 386500000 387000000 1408.0
OX637740.1 387000000 387500000 1408.02448
OX637740.1 387500000 388000000 1407.37399
OX637740.1 388000000 388500000 1407.08566
OX637740.1 388500000 389000000 1408.59443
OX637740.1 389000000 389500000 1408.95837
OX637740.1 389500000 390000000 1409.0
OX637740.1 390000000 390500000 1408.99625
OX637740.1 390500000 391000000 1406.63327
OX637740.1 391000000 391500000 1406.0
OX637740.1 391500000 392000000 1406.0
OX637740.1 392000000 392500000 1406.09486
OX637740.1 392500000 393000000 1407.47855
OX637740.1 393000000 393500000 1406.05365
OX637740.1 393500000 394000000 1404.46353
OX637740.1 394000000 394500000 1403.33927
OX637740.1 394500000 395000000 1401.67913
OX637740.1 395000000 395500000 1401.01255
OX637740.1 395500000 396000000 1400.37755
OX637740.1 396000000 396500000 1400.0
OX637740.1 396500000 397000000 1400.0
OX637740.1 397000000 397500000 1399.54477
OX637740.1 397500000 398000000 1399.19776
OX637740.1 398000000 398500000 1398.4752
OX637740.1 398500000 399000000 1398.0
OX637740.1 399000000 399500000 1397.77887
OX637740.1 399500000 400000000 1396.64619
OX637740.1 400000000 400500000 1396.0
OX637740.1 400500000 401000000 1396.0
OX637740.1 401000000 401500000 1395.95407
OX637740.1 401500000 402000000 1395.43879
OX637740.1 402000000 402500000 1393.90616
OX637740.1 402500000 403000000 1391.70017
OX637740.1 403000000 403500000 1390.54802
OX637740.1 403500000 404000000 1388.53824
OX637740.1 404000000 404500000 1384.81301
OX637740.1 404500000 405000000 1382.3572
OX637740.1 405000000 405500000 1380.67141
OX637740.1 405500000 406000000 1380.0
OX637740.1 406000000 406500000 1379.49736
OX637740.1 406500000 407000000 1376.01686
OX637740.1 407000000 407500000 1375.00275
OX637740.1 407500000 408000000 1373.85952
OX637740.1 408000000 408500000 1372.18271
OX637740.1 408500000 409000000 1371.72685
OX637740.1 409000000 409500000 1369.31708
OX637740.1 409500000 410000000 1366.20402
OX637740.1 410000000 410500000 1365.54679
OX637740.1 410500000 411000000 1364.27304
OX637740.1 411000000 411500000 1364.2349
OX637740.1 411500000 412000000 1364.40367
OX637740.1 412000000 412500000 1364.0
OX637740.1 412500000 413000000 1362.57877
OX637740.1 413000000 413500000 1361.03953
OX637740.1 413500000 414000000 1359.81669
OX637740.1 414000000 414500000 1357.28123
OX637740.1 414500000 415000000 1355.73789
OX637740.1 415000000 415500000 1356.0
OX637740.1 415500000 416000000 1356.0
OX637740.1 416000000 416500000 1354.77918
OX637740.1 416500000 417000000 1351.74061
OX637740.1 417000000 417500000 1349.9523
OX637740.1 417500000 418000000 1346.57727
OX637740.1 418000000 418500000 1346.0
OX637740.1 418500000 419000000 1345.35404
OX637740.1 419000000 419500000 1343.51033
OX637740.1 419500000 420000000 1343.57286
OX637740.1 420000000 420500000 1341.52315
OX637740.1 420500000 421000000 1339.56024
OX637740.1 421000000 421500000 1338.0
OX637740.1 421500000 422000000 1335.04414
OX637740.1 422000000 422500000 1333.05962
OX637740.1 422500000 423000000 1330.30185
OX637740.1 423000000 423500000 1328.28696
OX637740.1 423500000 424000000 1326.04968
OX637740.1 424000000 424500000 1324.25879
OX637740.1 424500000 425000000 1322.12516
OX637740.1 425000000 425500000 1320.13323
OX637740.1 425500000 426000000 1316.31194
OX637740.1 426000000 426500000 1313.59982
OX637740.1 426500000 427000000 1310.85383
OX637740.1 427000000 427500000 1309.59859
OX637740.1 427500000 428000000 1307.07244
OX637740.1 428000000 428500000 1307.0
OX637740.1 428500000 429000000 1307.0
OX637740.1 429000000 429500000 1303.98738
OX637740.1 429500000 430000000 1300.3629
OX637740.1 430000000 430500000 1294.71943
OX637740.1 430500000 431000000 1291.20105
OX637740.1 431000000 431500000 1290.12938
OX637740.1 431500000 432000000 1288.01854
OX637740.1 432000000 432500000 1286.86182
OX637740.1 432500000 433000000 1285.13596
OX637740.1 433000000 433500000 1284.5181
OX637740.1 433500000 434000000 1284.0
OX637740.1 434000000 434500000 1282.97965
OX637740.1 434500000 435000000 1280.34994
OX637740.1 435000000 435500000 1278.0
OX637740.1 435500000 436000000 1277.19128
OX637740.1 436000000 436500000 1275.5338
OX637740.1 436500000 437000000 1272.75332
OX637740.1 437000000 437500000 1271.1294
OX637740.1 437500000 438000000 1270.82207
OX637740.1 438000000 438500000 1268.10007
OX637740.1 438500000 439000000 1265.44958
OX637740.1 439000000 439500000 1265.0
OX637740.1 439500000 440000000 1262.95003
OX637740.1 440000000 440500000 1257.97047
OX637740.1 440500000 441000000 1254.14114
OX637740.1 441000000 441500000 1251.62175
OX637740.1 441500000 442000000 1251.28146
OX637740.1 442000000 442500000 1251.57626
OX637740.1 442500000 443000000 1249.03705
OX637740.1 443000000 443500000 1245.65684
OX637740.1 443500000 444000000 1241.51653
OX637740.1 444000000 444500000 1234.71921
OX637740.1 444500000 445000000 1225.8421
OX637740.1 445000000 445500000 1217.42338
OX637740.1 445500000 446000000 1213.53008
OX637740.1 446000000 446500000 1209.12526
OX637740.1 446500000 447000000 1206.63702
OX637740.1 447000000 447500000 1203.48187
OX637740.1 447500000 448000000 1200.08606
OX637740.1 448000000 448500000 1196.50771
OX637740.1 448500000 449000000 1190.34358
OX637740.1 449000000 449500000 1184.38947
OX637740.1 449500000 450000000 1179.74343
OX637740.1 450000000 450500000 1171.72187
OX637740.1 450500000 451000000 1164.79637
OX637740.1 451000000 451500000 1157.89401
OX637740.1 451500000 452000000 1157.23819
OX637740.1 452000000 452500000 1152.58301
OX637740.1 452500000 453000000 1144.19983
OX637740.1 453000000 453500000 1138.20278
OX637740.1 453500000 454000000 1134.88719
OX637740.1 454000000 454500000 1129.29179
OX637740.1 454500000 455000000 1122.77067
OX637740.1 455000000 455500000 1119.04966
OX637740.1 455500000 456000000 1119.0
OX637740.1 456000000 456500000 1119.0
OX637740.1 456500000 457000000 1118.14437
OX637740.1 457000000 457500000 1111.64146
OX637740.1 457500000 458000000 1101.35221
OX637740.1 458000000 458500000 1094.84794
OX637740.1 458500000 459000000 1088.92022
OX637740.1 459000000 459500000 1080.59905
OX637740.1 459500000 460000000 1070.97271
OX637740.1 460000000 460500000 1065.13839
OX637740.1 460500000 461000000 1055.80328
OX637740.1 461000000 461500000 1045.71311
OX637740.1 461500000 462000000 1036.48044
OX637740.1 462000000 462500000 1030.67476
OX637740.1 462500000 463000000 1025.63773
OX637740.1 463000000 463500000 1021.24103
OX637740.1 463500000 464000000 1010.29891
OX637740.1 464000000 464500000 1001.51285
OX637740.1 464500000 465000000 989.23156
OX637740.1 465000000 465500000 979.16335
OX637740.1 465500000 466000000 965.98696
OX637740.1 466000000 466500000 954.65709
OX637740.1 466500000 467000000 937.90492
OX637740.1 467000000 467500000 928.64522
OX637740.1 467500000 468000000 913.91704
OX637740.1 468000000 468500000 900.99001
OX637740.1 468500000 469000000 887.53345
OX637740.1 469000000 469500000 879.42179
OX637740.1 469500000 470000000 858.3479
OX637740.1 470000000 470500000 845.86392
OX637740.1 470500000 471000000 833.21194
OX637740.1 471000000 471500000 818.34898
OX637740.1 471500000 472000000 798.58143
OX637740.1 472000000 472500000 775.97366
OX637740.1 472500000 473000000 742.46417
OX637740.1 473000000 473500000 712.49116
OX637740.1 473500000 474000000 695.06401
OX637740.1 474000000 474500000 684.40316
OX637740.1 474500000 475000000 668.94654
OX637740.1 475000000 475500000 643.16932
OX637740.1 475500000 476000000 612.41932
OX637740.1 476000000 476500000 570.51287
OX637740.1 476500000 477000000 539.15893
OX637740.1 477000000 477500000 499.62448
OX637740.1 477500000 478000000 454.04954
OX637740.1 478000000 478500000 418.83916
OX637740.1 478500000 479000000 382.12
OX637740.1 479000000 479500000 343.651
OX637740.1 479500000 480000000 295.98806
OX637740.1 480000000 480500000 229.56227
OX637740.1 480500000 481000000 172.49366
OX637740.1 481000000 481500000 164.3913
OX637740.1 481500000 482000000 135.78862
OX637740.1 482000000 482500000 87.83085
OX637740.1 482500000 482982197 26.6905
OX637747.1 0 500000 0.0
OX637747.1 500000 1000000 0.64823
OX637747.1 1000000 1500000 1.71429
OX637747.1 1500000 2000000 21.48407
OX637747.1 2000000 2500000 86.05596
OX637747.1 2500000 3000000 125.66272
OX637747.1 3000000 3500000 171.0473
OX637747.1 3500000 4000000 220.17691
OX637747.1 4000000 4500000 260.98036
OX637747.1 4500000 5000000 297.78766
OX637747.1 5000000 5500000 326.07014
OX637747.1 5500000 6000000 352.51927
OX637747.1 6000000 6500000 373.59255
OX637747.1 6500000 7000000 398.15512
OX637747.1 7000000 7500000 417.72254
OX637747.1 7500000 8000000 438.22128
OX637747.1 8000000 8500000 462.20258
OX637747.1 8500000 9000000 479.877
OX637747.1 9000000 9500000 488.19838
OX637747.1 9500000 10000000 497.48811
OX637747.1 10000000 10500000 516.6284
OX637747.1 10500000 11000000 527.34081
OX637747.1 11000000 11500000 536.97693
OX637747.1 11500000 12000000 543.4335
OX637747.1 12000000 12500000 557.14599
OX637747.1 12500000 13000000 568.09399
OX637747.1 13000000 13500000 580.76002
OX637747.1 13500000 14000000 587.80973
OX637747.1 14000000 14500000 592.22543
OX637747.1 14500000 15000000 606.21682
OX637747.1 15000000 15500000 623.92786
OX637747.1 15500000 16000000 632.52102
OX637747.1 16000000 16500000 646.77986
OX637747.1 16500000 17000000 657.34996
OX637747.1 17000000 17500000 665.65563
OX637747.1 17500000 18000000 676.13733
OX637747.1 18000000 18500000 683.28252
OX637747.1 18500000 19000000 695.08202
OX637747.1 19000000 19500000 702.67205
OX637747.1 19500000 20000000 707.41276
OX637747.1 20000000 20500000 711.3796
OX637747.1 20500000 21000000 722.76995
OX637747.1 21000000 21500000 735.32583
OX637747.1 21500000 22000000 743.7091
OX637747.1 22000000 22500000 748.12348
OX637747.1 22500000 23000000 754.97779
OX637747.1 23000000 23500000 764.96017
OX637747.1 23500000 24000000 770.99631
OX637747.1 24000000 24500000 774.41295
OX637747.1 24500000 25000000 782.95386
OX637747.1 25000000 25500000 785.99266
OX637747.1 25500000 26000000 791.1064
OX637747.1 26000000 26500000 798.56858
OX637747.1 26500000 27000000 809.68688
OX637747.1 27000000 27500000 816.99592
OX637747.1 27500000 28000000 823.52032
OX637747.1 28000000 28500000 832.45662
OX637747.1 28500000 29000000 838.19208
OX637747.1 29000000 29500000 842.26974
OX637747.1 29500000 30000000 846.24121
OX637747.1 30000000 30500000 849.44968
OX637747.1 30500000 31000000 853.57068
OX637747.1 31000000 31500000 858.35468
OX637747.1 31500000 32000000 862.46783
OX637747.1 32000000 32500000 864.11312
OX637747.1 32500000 33000000 866.45621
OX637747.1 33000000 33500000 868.99238
OX637747.1 33500000 34000000 872.61506
OX637747.1 34000000 34500000 873.50484
OX637747.1 34500000 35000000 875.0
OX637747.1 35000000 35500000 875.0
OX637747.1 35500000 36000000 877.25947
OX637747.1 36000000 36500000 878.00495
OX637747.1 36500000 37000000 880.37971
OX637747.1 37000000 37500000 886.63558
OX637747.1 37500000 38000000 887.47438
OX637747.1 38000000 38500000 890.87626
OX637747.1 38500000 39000000 895.44064
OX637747.1 39000000 39500000 896.76886
OX637747.1 39500000 40000000 898.39652
OX637747.1 40000000 40500000 905.30598
OX637747.1 40500000 41000000 906.0
OX637747.1 41000000 41500000 908.4912
OX637747.1 41500000 42000000 911.39603
OX637747.1 42000000 42500000 912.44003
OX637747.1 42500000 43000000 914.47762
OX637747.1 43000000 43500000 916.49052
OX637747.1 43500000 44000000 917.82844
OX637747.1 44000000 44500000 919.09679
OX637747.1 44500000 45000000 920.58953
OX637747.1 45000000 45500000 922.50602
OX637747.1 45500000 46000000 923.19525
OX637747.1 46000000 46500000 929.38619
OX637747.1 46500000 47000000 936.75637
OX637747.1 47000000 47500000 938.0
OX637747.1 47500000 48000000 938.0
OX637747.1 48000000 48500000 938.0
OX637747.1 48500000 49000000 941.45496
OX637747.1 49000000 49500000 943.3838
OX637747.1 49500000 50000000 947.59805
OX637747.1 50000000 50500000 949.23833
OX637747.1 50500000 51000000 953.79152
OX637747.1 51000000 51500000 954.59388
OX637747.1 51500000 52000000 955.73222
OX637747.1 52000000 52500000 958.17621
OX637747.1 52500000 53000000 961.59112
OX637747.1 53000000 53500000 966.99475
OX637747.1 53500000 54000000 968.72566
OX637747.1 54000000 54500000 970.0
OX637747.1 54500000 55000000 971.21984
OX637747.1 55000000 55500000 974.0
OX637747.1 55500000 56000000 976.02973
OX637747.1 56000000 56500000 979.5936
OX637747.1 56500000 57000000 980.94883
OX637747.1 57000000 57500000 981.909
OX637747.1 57500000 58000000 982.7673
OX637747.1 58000000 58500000 983.86941
OX637747.1 58500000 59000000 985.43163
OX637747.1 59000000 59500000 989.27437
OX637747.1 59500000 60000000 991.0
OX637747.1 60000000 60500000 991.92924
OX637747.1 60500000 61000000 995.25923
OX637747.1 61000000 61500000 996.0
OX637747.1 61500000 62000000 996.95608
OX637747.1 62000000 62500000 997.0
OX637747.1 62500000 63000000 997.0
OX637747.1 63000000 63500000 997.0
OX637747.1 63500000 64000000 997.0
OX637747.1 64000000 64500000 997.0
OX637747.1 64500000 65000000 997.82544
OX637747.1 65000000 65500000 998.0
OX637747.1 65500000 66000000 998.0
OX637747.1 66000000 66500000 998.0
OX637747.1 66500000 67000000 998.0
OX637747.1 67000000 67500000 998.0
OX637747.1 67500000 68000000 998.0
OX637747.1 68000000 68500000 998.0
OX637747.1 68500000 69000000 998.00215
OX637747.1 69000000 69500000 998.0
OX637747.1 69500000 70000000 998.00398
OX637747.1 70000000 70500000 999.57501
OX637747.1 70500000 71000000 1001.0
OX637747.1 71000000 71500000 1001.56297
OX637747.1 71500000 72000000 1002.61228
OX637747.1 72000000 72500000 1003.64268
OX637747.1 72500000 73000000 1004.00202
OX637747.1 73000000 73500000 1004.0
OX637747.1 73500000 74000000 1004.0
OX637747.1 74000000 74500000 1004.89097
OX637747.1 74500000 75000000 1006.21859
OX637747.1 75000000 75500000 1008.56577
OX637747.1 75500000 76000000 1011.96953
OX637747.1 76000000 76500000 1013.0
OX637747.1 76500000 77000000 1013.85454
OX637747.1 77000000 77500000 1014.88243
OX637747.1 77500000 78000000 1016.67376
OX637747.1 78000000 78500000 1018.55644
OX637747.1 78500000 79000000 1019.90339
OX637747.1 79000000 79500000 1021.43146
OX637747.1 79500000 80000000 1023.00951
OX637747.1 80000000 80500000 1023.3023
OX637747.1 80500000 81000000 1024.60831
OX637747.1 81000000 81500000 1026.34685
OX637747.1 81500000 82000000 1028.70398
OX637747.1 82000000 82500000 1029.84469
OX637747.1 82500000 83000000 1030.23995
OX637747.1 83000000 83500000 1031.0
OX637747.1 83500000 84000000 1031.69369
OX637747.1 84000000 84500000 1032.0
OX637747.1 84500000 85000000 1032.0
OX637747.1 85000000 85500000 1032.0
OX637747.1 85500000 86000000 1032.20108
OX637747.1 86000000 86500000 1036.11643
OX637747.1 86500000 87000000 1037.0
OX637747.1 87000000 87500000 1037.0
OX637747.1 87500000 88000000 1037.02098
OX637747.1 88000000 88500000 1037.0
OX637747.1 88500000 89000000 1037.22969
OX637747.1 89000000 89500000 1038.80651
OX637747.1 89500000 90000000 1041.74981
OX637747.1 90000000 90500000 1042.32816
OX637747.1 90500000 91000000 1043.33094
OX637747.1 91000000 91500000 1045.36185
OX637747.1 91500000 92000000 1046.33969
OX637747.1 92000000 92500000 1047.87056
OX637747.1 92500000 93000000 1048.0
OX637747.1 93000000 93500000 1048.0
OX637747.1 93500000 94000000 1048.0
OX637747.1 94000000 94500000 1048.0
OX637747.1 94500000 95000000 1048.0
OX637747.1 95000000 95500000 1048.0
OX637747.1 95500000 96000000 1049.76206
OX637747.1 96000000 96500000 1051.78286
OX637747.1 96500000 97000000 1052.70702
OX637747.1 97000000 97500000 1053.63599
OX637747.1 97500000 98000000 1055.00777
OX637747.1 98000000 98500000 1056.00454
OX637747.1 98500000 99000000 1058.36183
OX637747.1 99000000 99500000 1059.57032
OX637747.1 99500000 100000000 1060.23057
OX637747.1 100000000 100500000 1061.00833
OX637747.1 100500000 101000000 1061.64462
OX637747.1 101000000 101500000 1062.0
OX637747.1 101500000 102000000 1062.55983
OX637747.1 102000000 102500000 1065.10473
OX637747.1 102500000 103000000 1067.72965
OX637747.1 103000000 103500000 1071.01003
OX637747.1 103500000 104000000 1071.00183
OX637747.1 104000000 104500000 1071.0
OX637747.1 104500000 105000000 1071.34968
OX637747.1 105000000 105500000 1072.0
OX637747.1 105500000 106000000 1072.0
OX637747.1 106000000 106500000 1072.0
OX637747.1 106500000 107000000 1072.34293
OX637747.1 107000000 107500000 1073.0
OX637747.1 107500000 108000000 1073.16786
OX637747.1 108000000 108500000 1076.2254
OX637747.1 108500000 109000000 1077.94435
OX637747.1 109000000 109500000 1079.0
OX637747.1 109500000 110000000 1079.71323
OX637747.1 110000000 110500000 1080.0
OX637747.1 110500000 111000000 1080.00167
OX637747.1 111000000 111500000 1080.92899
OX637747.1 111500000 112000000 1083.01125
OX637747.1 112000000 112500000 1083.79524
OX637747.1 112500000 113000000 1086.76524
OX637747.1 113000000 113500000 1087.0
OX637747.1 113500000 114000000 1087.0
OX637747.1 114000000 114500000 1087.0
OX637747.1 114500000 115000000 1087.76921
OX637747.1 115000000 115500000 1087.8593
OX637747.1 115500000 116000000 1087.93309
OX637747.1 116000000 116500000 1088.0
OX637747.1 116500000 117000000 1088.11558
OX637747.1 117000000 117500000 1089.83514
OX637747.1 117500000 118000000 1090.19527
OX637747.1 118000000 118500000 1091.97537
OX637747.1 118500000 119000000 1092.75931
OX637747.1 119000000 119500000 1093.0
OX637747.1 119500000 120000000 1093.81501
OX637747.1 120000000 120500000 1094.79382
OX637747.1 120500000 121000000 1096.49729
OX637747.1 121000000 121500000 1097.0
OX637747.1 121500000 122000000 1097.0
OX637747.1 122000000 122500000 1097.12162
OX637747.1 122500000 123000000 1098.0
OX637747.1 123000000 123500000 1098.23786
OX637747.1 123500000 124000000 1099.88895
OX637747.1 124000000 124500000 1100.37404
OX637747.1 124500000 125000000 1101.24138
OX637747.1 125000000 125500000 1102.0
OX637747.1 125500000 126000000 1102.0715
OX637747.1 126000000 126500000 1102.71354
OX637747.1 126500000 127000000 1102.35814
OX637747.1 127000000 127500000 1104.13874
OX637747.1 127500000 128000000 1105.0
OX637747.1 128000000 128500000 1105.66143
OX637747.1 128500000 129000000 1106.0
OX637747.1 129000000 129500000 1106.0
OX637747.1 129500000 130000000 1106.0
OX637747.1 130000000 130500000 1106.0
OX637747.1 130500000 131000000 1106.0
OX637747.1 131000000 131500000 1106.0
OX637747.1 131500000 132000000 1106.0
OX637747.1 132000000 132500000 1106.0
OX637747.1 132500000 133000000 1106.0
OX637747.1 133000000 133500000 1106.02327
OX637747.1 133500000 134000000 1106.542
OX637747.1 134000000 134500000 1107.0
OX637747.1 134500000 135000000 1107.00536
OX637747.1 135000000 135500000 1107.46118
OX637747.1 135500000 136000000 1107.0
OX637747.1 136000000 136500000 1107.0
OX637747.1 136500000 137000000 1107.27724
OX637747.1 137000000 137500000 1109.0
OX637747.1 137500000 138000000 1109.0
OX637747.1 138000000 138500000 1109.29582
OX637747.1 138500000 139000000 1110.00901
OX637747.1 139000000 139500000 1110.0
OX637747.1 139500000 140000000 1110.0
OX637747.1 140000000 140500000 1110.0
OX637747.1 140500000 141000000 1110.0
OX637747.1 141000000 141500000 1110.00971
OX637747.1 141500000 142000000 1110.0
OX637747.1 142000000 142500000 1110.0
OX637747.1 142500000 143000000 1110.86072
OX637747.1 143000000 143500000 1111.0
OX637747.1 143500000 144000000 1111.0
OX637747.1 144000000 144500000 1111.0
OX637747.1 144500000 145000000 1111.47554
OX637747.1 145000000 145500000 1112.0
OX637747.1 145500000 146000000 1112.0
OX637747.1 146000000 146500000 1112.04702
OX637747.1 146500000 147000000 1113.82493
OX637747.1 147000000 147500000 1115.0
OX637747.1 147500000 148000000 1115.90125
OX637747.1 148000000 148500000 1116.60615
OX637747.1 148500000 149000000 1118.0
OX637747.1 149000000 149500000 1118.00989
OX637747.1 149500000 150000000 1118.19549
OX637747.1 150000000 150500000 1119.0
OX637747.1 150500000 151000000 1119.0
OX637747.1 151000000 151500000 1119.0
OX637747.1 151500000 152000000 1119.02008
OX637747.1 152000000 152500000 1120.72742
OX637747.1 152500000 153000000 1123.49099
OX637747.1 153000000 153500000 1124.0
OX637747.1 153500000 154000000 1124.64655
OX637747.1 154000000 154500000 1125.23461
OX637747.1 154500000 155000000 1126.0
OX637747.1 155000000 155500000 1126.0
OX637747.1 155500000 156000000 1126.0
OX637747.1 156000000 156500000 1126.91469
OX637747.1 156500000 157000000 1127.0
OX637747.1 157000000 157500000 1127.35896
OX637747.1 157500000 158000000 1129.53021
OX637747.1 158000000 158500000 1131.982
OX637747.1 158500000 159000000 1132.0
OX637747.1 159000000 159500000 1132.82562
OX637747.1 159500000 160000000 1133.50077
OX637747.1 160000000 160500000 1134.15474
OX637747.1 160500000 161000000 1134.0
OX637747.1 161000000 161500000 1134.00726
OX637747.1 161500000 162000000 1134.0353
OX637747.1 162000000 162500000 1135.0
OX637747.1 162500000 163000000 1135.00155
OX637747.1 163000000 163500000 1135.08055
OX637747.1 163500000 164000000 1136.0
OX637747.1 164000000 164500000 1136.00167
OX637747.1 164500000 165000000 1136.0
OX637747.1 165000000 165500000 1136.00147
OX637747.1 165500000 166000000 1136.0
OX637747.1 166000000 166500000 1136.72838
OX637747.1 166500000 167000000 1137.0
OX637747.1 167000000 167500000 1137.56019
OX637747.1 167500000 168000000 1138.0
OX637747.1 168000000 168500000 1138.0
OX637747.1 168500000 169000000 1138.0
OX637747.1 169000000 169500000 1138.0
OX637747.1 169500000 170000000 1138.0
OX637747.1 170000000 170500000 1138.0
OX637747.1 170500000 171000000 1138.0
OX637747.1 171000000 171500000 1138.0
OX637747.1 171500000 172000000 1138.0
OX637747.1 172000000 172500000 1138.0
OX637747.1 172500000 173000000 1138.0
OX637747.1 173000000 173500000 1138.0
OX637747.1 173500000 174000000 1138.0
OX637747.1 174000000 174500000 1138.0
OX637747.1 174500000 175000000 1138.0
OX637747.1 175000000 175500000 1138.0
OX637747.1 175500000 176000000 1138.07783
OX637747.1 176000000 176500000 1139.0
OX637747.1 176500000 177000000 1139.0
OX637747.1 177000000 177500000 1139.0
OX637747.1 177500000 178000000 1139.0
OX637747.1 178000000 178500000 1139.0
OX637747.1 178500000 179000000 1139.0
OX637747.1 179000000 179500000 1139.34954
OX637747.1 179500000 180000000 1140.0
OX637747.1 180000000 180500000 1140.0
OX637747.1 180500000 181000000 1140.0
OX637747.1 181000000 181500000 1140.30936
OX637747.1 181500000 182000000 1141.0
OX637747.1 182000000 182500000 1141.0
OX637747.1 182500000 183000000 1141.50708
OX637747.1 183000000 183500000 1141.74298
OX637747.1 183500000 184000000 1142.00912
OX637747.1 184000000 184500000 1142.0
OX637747.1 184500000 185000000 1142.35244
OX637747.1 185000000 185500000 1143.03134
OX637747.1 185500000 186000000 1143.0
OX637747.1 186000000 186500000 1143.0
OX637747.1 186500000 187000000 1143.66943
OX637747.1 187000000 187500000 1144.0
OX637747.1 187500000 188000000 1144.0
OX637747.1 188000000 188500000 1144.0
OX637747.1 188500000 189000000 1144.16248
OX637747.1 189000000 189500000 1145.18942
OX637747.1 189500000 190000000 1146.14789
OX637747.1 190000000 190500000 1146.0
OX637747.1 190500000 191000000 1146.0
OX637747.1 191000000 191500000 1146.0
OX637747.1 191500000 192000000 1146.0
OX637747.1 192000000 192500000 1146.0
OX637747.1 192500000 193000000 1146.0
OX637747.1 193000000 193500000 1146.22962
OX637747.1 193500000 194000000 1147.0
OX637747.1 194000000 194500000 1147.02806
OX637747.1 194500000 195000000 1148.0
OX637747.1 195000000 195500000 1148.0
OX637747.1 195500000 196000000 1148.34
OX637747.1 196000000 196500000 1148.95605
OX637747.1 196500000 197000000 1148.12972
OX637747.1 197000000 197500000 1148.70406
OX637747.1 197500000 198000000 1148.0
OX637747.1 198000000 198500000 1147.96081
OX637747.1 198500000 199000000 1148.0
OX637747.1 199000000 199500000 1148.0
OX637747.1 199500000 200000000 1148.0
OX637747.1 200000000 200500000 1148.0
OX637747.1 200500000 201000000 1148.0
OX637747.1 201000000 201500000 1148.0
OX637747.1 201500000 202000000 1148.0
OX637747.1 202000000 202500000 1148.0
OX637747.1 202500000 203000000 1148.68245
OX637747.1 203000000 203500000 1149.0
OX637747.1 203500000 204000000 1149.0
OX637747.1 204000000 204500000 1149.0
OX637747.1 204500000 205000000 1149.0
OX637747.1 205000000 205500000 1149.0
OX637747.1 205500000 206000000 1149.0
OX637747.1 206000000 206500000 1149.0
OX637747.1 206500000 207000000 1149.0
OX637747.1 207000000 207500000 1149.0
OX637747.1 207500000 208000000 1149.0
OX637747.1 208000000 208500000 1149.0
OX637747.1 208500000 209000000 1149.0
OX637747.1 209000000 209500000 1149.44448
OX637747.1 209500000 210000000 1150.92978
OX637747.1 210000000 210500000 1151.0
OX637747.1 210500000 211000000 1151.94604
OX637747.1 211000000 211500000 1152.0
OX637747.1 211500000 212000000 1152.0
OX637747.1 212000000 212500000 1152.54265
OX637747.1 212500000 213000000 1153.95294
OX637747.1 213000000 213500000 1154.32843
OX637747.1 213500000 214000000 1156.0
OX637747.1 214000000 214500000 1156.0
OX637747.1 214500000 215000000 1156.0
OX637747.1 215000000 215500000 1156.0
OX637747.1 215500000 216000000 1156.0
OX637747.1 216000000 216500000 1156.0
OX637747.1 216500000 217000000 1156.0
OX637747.1 217000000 217500000 1156.0
OX637747.1 217500000 218000000 1156.0
OX637747.1 218000000 218500000 1156.00229
OX637747.1 218500000 219000000 1156.76039
OX637747.1 219000000 219500000 1157.0
OX637747.1 219500000 220000000 1157.0
OX637747.1 220000000 220500000 1157.0
OX637747.1 220500000 221000000 1157.0
OX637747.1 221000000 221500000 1157.0
OX637747.1 221500000 222000000 1157.0
OX637747.1 222000000 222500000 1157.0
OX637747.1 222500000 223000000 1157.0
OX637747.1 223000000 223500000 1157.0
OX637747.1 223500000 224000000 1157.29219
OX637747.1 224000000 224500000 1158.20313
OX637747.1 224500000 225000000 1159.0
OX637747.1 225000000 225500000 1159.0
OX637747.1 225500000 226000000 1159.0
OX637747.1 226000000 226500000 1159.0
OX637747.1 226500000 227000000 1159.03145
OX637747.1 227000000 227500000 1159.00278
OX637747.1 227500000 228000000 1159.0
OX637747.1 228000000 228500000 1159.0
OX637747.1 228500000 229000000 1159.02696
OX637747.1 229000000 229500000 1160.0
OX637747.1 229500000 230000000 1160.0
OX637747.1 230000000 230500000 1160.0
OX637747.1 230500000 231000000 1160.71283
OX637747.1 231000000 231500000 1161.0
OX637747.1 231500000 232000000 1161.00404
OX637747.1 232000000 232500000 1161.0
OX637747.1 232500000 233000000 1161.0
OX637747.1 233000000 233500000 1161.0
OX637747.1 233500000 234000000 1161.0
OX637747.1 234000000 234500000 1161.0
OX637747.1 234500000 235000000 1161.0
OX637747.1 235000000 235500000 1161.00239
OX637747.1 235500000 236000000 1161.0
OX637747.1 236000000 236500000 1161.0
OX637747.1 236500000 237000000 1161.00358
OX637747.1 237000000 237500000 1161.0
OX637747.1 237500000 238000000 1161.0
OX637747.1 238000000 238500000 1161.0
OX637747.1 238500000 239000000 1161.0
OX637747.1 239000000 239500000 1161.0
OX637747.1 239500000 240000000 1161.0
OX637747.1 240000000 240500000 1161.0
OX637747.1 240500000 241000000 1161.13586
OX637747.1 241000000 241500000 1162.0
OX637747.1 241500000 242000000 1162.0
OX637747.1 242000000 242500000 1162.0
OX637747.1 242500000 243000000 1162.00093
OX637747.1 243000000 243500000 1162.0
OX637747.1 243500000 244000000 1162.0
OX637747.1 244000000 244500000 1162.0
OX637747.1 244500000 245000000 1162.0
OX637747.1 245000000 245500000 1162.0
OX637747.1 245500000 246000000 1162.0
OX637747.1 246000000 246500000 1162.38829
OX637747.1 246500000 247000000 1163.44384
OX637747.1 247000000 247500000 1164.0
OX637747.1 247500000 248000000 1165.36582
OX637747.1 248000000 248500000 1166.29214
OX637747.1 248500000 249000000 1167.0
OX637747.1 249000000 249500000 1167.45271
OX637747.1 249500000 250000000 1168.0
OX637747.1 250000000 250500000 1168.0
OX637747.1 250500000 251000000 1168.0
OX637747.1 251000000 251500000 1168.0
OX637747.1 251500000 252000000 1168.69242
OX637747.1 252000000 252500000 1170.0
OX637747.1 252500000 253000000 1170.00762
OX637747.1 253000000 253500000 1170.0
OX637747.1 253500000 254000000 1170.0
OX637747.1 254000000 254500000 1170.0
OX637747.1 254500000 255000000 1170.0
OX637747.1 255000000 255500000 1170.0
OX637747.1 255500000 256000000 1169.46996
OX637747.1 256000000 256500000 1169.65845
OX637747.1 256500000 257000000 1170.70274
OX637747.1 257000000 257500000 1171.00809
OX637747.1 257500000 258000000 1171.00893
OX637747.1 258000000 258500000 1171.2743
OX637747.1 258500000 259000000 1172.0
OX637747.1 259000000 259500000 1172.0
OX637747.1 259500000 260000000 1172.00369
OX637747.1 260000000 260500000 1172.0
OX637747.1 260500000 261000000 1172.0
OX637747.1 261000000 261500000 1172.68554
OX637747.1 261500000 262000000 1173.0
OX637747.1 262000000 262500000 1173.0
OX637747.1 262500000 263000000 1173.0
OX637747.1 263000000 263500000 1173.74899
OX637747.1 263500000 264000000 1175.0
OX637747.1 264000000 264500000 1175.0
OX637747.1 264500000 265000000 1175.0
OX637747.1 265000000 265500000 1175.0
OX637747.1 265500000 266000000 1173.3745
OX637747.1 266000000 266500000 1173.0
OX637747.1 266500000 267000000 1173.49548
OX637747.1 267000000 267500000 1175.0
OX637747.1 267500000 268000000 1175.0
OX637747.1 268000000 268500000 1175.0
OX637747.1 268500000 269000000 1175.0
OX637747.1 269000000 269500000 1175.0
OX637747.1 269500000 270000000 1175.98137
OX637747.1 270000000 270500000 1176.0
OX637747.1 270500000 271000000 1176.01593
OX637747.1 271000000 271500000 1177.0
OX637747.1 271500000 272000000 1177.0
OX637747.1 272000000 272500000 1177.82951
OX637747.1 272500000 273000000 1178.0
OX637747.1 273000000 273500000 1178.47162
OX637747.1 273500000 274000000 1179.47027
OX637747.1 274000000 274500000 1180.0
OX637747.1 274500000 275000000 1180.0
OX637747.1 275000000 275500000 1180.0
OX637747.1 275500000 276000000 1180.0
OX637747.1 276000000 276500000 1180.0
OX637747.1 276500000 277000000 1180.0
OX637747.1 277000000 277500000 1180.00506
OX637747.1 277500000 278000000 1180.0
OX637747.1 278000000 278500000 1180.0
OX637747.1 278500000 279000000 1180.00554
OX637747.1 279000000 279500000 1180.0
OX637747.1 279500000 280000000 1180.0
OX637747.1 280000000 280500000 1180.0
OX637747.1 280500000 281000000 1180.0
OX637747.1 281000000 281500000 1180.0
OX637747.1 281500000 282000000 1180.0
OX637747.1 282000000 282500000 1180.0
OX637747.1 282500000 283000000 1180.00273
OX637747.1 283000000 283500000 1180.00227
OX637747.1 283500000 284000000 1180.0
OX637747.1 284000000 284500000 1180.6841
OX637747.1 284500000 285000000 1181.0032
OX637747.1 285000000 285500000 1180.91075
OX637747.1 285500000 286000000 1180.0
OX637747.1 286000000 286500000 1180.0
OX637747.1 286500000 287000000 1180.22756
OX637747.1 287000000 287500000 1181.58263
OX637747.1 287500000 288000000 1181.46383
OX637747.1 288000000 288500000 1181.68681
OX637747.1 288500000 289000000 1182.0
OX637747.1 289000000 289500000 1181.61858
OX637747.1 289500000 290000000 1181.00677
OX637747.1 290000000 290500000 1181.0
OX637747.1 290500000 291000000 1181.0
OX637747.1 291000000 291500000 1181.0
OX637747.1 291500000 292000000 1181.0
OX637747.1 292000000 292500000 1181.0
OX637747.1 292500000 293000000 1181.0
OX637747.1 293000000 293500000 1181.27982
OX637747.1 293500000 294000000 1182.00237
OX637747.1 294000000 294500000 1182.0
OX637747.1 294500000 295000000 1182.0
OX637747.1 295000000 295500000 1182.0
OX637747.1 295500000 296000000 1182.00448
OX637747.1 296000000 296500000 1182.0803
OX637747.1 296500000 297000000 1184.0
OX637747.1 297000000 297500000 1184.0
OX637747.1 297500000 298000000 1184.0
OX637747.1 298000000 298500000 1184.0
OX637747.1 298500000 299000000 1184.0
OX637747.1 299000000 299500000 1184.0
OX637747.1 299500000 300000000 1183.57889
OX637747.1 300000000 300500000 1183.0
OX637747.1 300500000 301000000 1183.0
OX637747.1 301000000 301500000 1183.01792
OX637747.1 301500000 302000000 1183.0
OX637747.1 302000000 302500000 1183.0
OX637747.1 302500000 303000000 1183.0
OX637747.1 303000000 303500000 1183.0
OX637747.1 303500000 304000000 1183.0
OX637747.1 304000000 304500000 1183.0
OX637747.1 304500000 305000000 1183.0
OX637747.1 305000000 305500000 1183.0
OX637747.1 305500000 306000000 1183.0
OX637747.1 306000000 306500000 1183.0
OX637747.1 306500000 307000000 1183.00323
OX637747.1 307000000 307500000 1183.0
OX637747.1 307500000 308000000 1183.0
OX637747.1 308000000 308500000 1183.0
OX637747.1 308500000 309000000 1183.0
OX637747.1 309000000 309500000 1183.0
OX637747.1 309500000 310000000 1183.0
OX637747.1 310000000 310500000 1183.0
OX637747.1 310500000 311000000 1183.0
OX637747.1 311000000 311500000 1183.0
OX637747.1 311500000 312000000 1183.0
OX637747.1 312000000 312500000 1183.0
OX637747.1 312500000 313000000 1183.0
OX637747.1 313000000 313500000 1183.00198
OX637747.1 313500000 314000000 1183.0
OX637747.1 314000000 314500000 1183.0
OX637747.1 314500000 315000000 1183.0
OX637747.1 315000000 315500000 1183.0
OX637747.1 315500000 316000000 1183.0
OX637747.1 316000000 316500000 1183.0
OX637747.1 316500000 317000000 1183.0
OX637747.1 317000000 317500000 1183.95409
OX637747.1 317500000 318000000 1184.0
OX637747.1 318000000 318500000 1184.0
OX637747.1 318500000 319000000 1183.16135
OX637747.1 319000000 319500000 1183.7507
OX637747.1 319500000 320000000 1184.0
OX637747.1 320000000 320500000 1184.0
OX637747.1 320500000 321000000 1184.0
OX637747.1 321000000 321500000 1184.0
OX637747.1 321500000 322000000 1184.0
OX637747.1 322000000 322500000 1184.0
OX637747.1 322500000 323000000 1184.30062
OX637747.1 323000000 323500000 1185.45192
OX637747.1 323500000 324000000 1186.0
OX637747.1 324000000 324500000 1186.00818
OX637747.1 324500000 325000000 1186.01551
OX637747.1 325000000 325500000 1186.00079
OX637747.1 325500000 326000000 1186.0
OX637747.1 326000000 326500000 1186.0
OX637747.1 326500000 327000000 1186.00164
OX637747.1 327000000 327500000 1185.6874
OX637747.1 327500000 328000000 1185.0
OX637747.1 328000000 328500000 1185.0
OX637747.1 328500000 329000000 1185.28284
OX637747.1 329000000 329500000 1186.0
OX637747.1 329500000 330000000 1186.02449
OX637747.1 330000000 330500000 1186.38537
OX637747.1 330500000 331000000 1186.00346
OX637747.1 331000000 331500000 1185.05673
OX637747.1 331500000 332000000 1185.0
OX637747.1 332000000 332500000 1185.00183
OX637747.1 332500000 333000000 1185.00181
OX637747.1 333000000 333500000 1185.59541
OX637747.1 333500000 334000000 1187.00184
OX637747.1 334000000 334500000 1187.00188
OX637747.1 334500000 335000000 1187.0
OX637747.1 335000000 335500000 1187.9205
OX637747.1 335500000 336000000 1188.7941
OX637747.1 336000000 336500000 1189.0
OX637747.1 336500000 337000000 1189.0
OX637747.1 337000000 337500000 1189.0
OX637747.1 337500000 338000000 1189.0
OX637747.1 338000000 338500000 1189.0
OX637747.1 338500000 339000000 1189.26638
OX637747.1 339000000 339500000 1191.0
OX637747.1 339500000 340000000 1191.0
OX637747.1 340000000 340500000 1191.0
OX637747.1 340500000 341000000 1191.00709
OX637747.1 341000000 341500000 1191.0
OX637747.1 341500000 342000000 1191.0
OX637747.1 342000000 342500000 1191.0
OX637747.1 342500000 343000000 1191.0
OX637747.1 343000000 343500000 1191.0
OX637747.1 343500000 344000000 1191.0
OX637747.1 344000000 344500000 1191.0
OX637747.1 344500000 345000000 1190.9793
OX637747.1 345000000 345500000 1191.31834
OX637747.1 345500000 346000000 1192.0081
OX637747.1 346000000 346500000 1192.0
OX637747.1 346500000 347000000 1192.93091
OX637747.1 347000000 347500000 1193.0
OX637747.1 347500000 348000000 1193.0
OX637747.1 348000000 348500000 1193.80628
OX637747.1 348500000 349000000 1194.0
OX637747.1 349000000 349500000 1194.01454
OX637747.1 349500000 350000000 1194.0
OX637747.1 350000000 350500000 1194.01043
OX637747.1 350500000 351000000 1194.00403
OX637747.1 351000000 351500000 1194.27218
OX637747.1 351500000 352000000 1194.52384
OX637747.1 352000000 352500000 1195.0
OX637747.1 352500000 353000000 1195.00426
OX637747.1 353000000 353500000 1195.64876
OX637747.1 353500000 354000000 1196.37665
OX637747.1 354000000 354500000 1197.0
OX637747.1 354500000 355000000 1197.58436
OX637747.1 355000000 355500000 1196.38489
OX637747.1 355500000 356000000 1196.0
OX637747.1 356000000 356500000 1196.0
OX637747.1 356500000 357000000 1196.0
OX637747.1 357000000 357500000 1196.0
OX637747.1 357500000 358000000 1196.0
OX637747.1 358000000 358500000 1196.0
OX637747.1 358500000 359000000 1196.87171
OX637747.1 359000000 359500000 1197.0
OX637747.1 359500000 360000000 1197.02692
OX637747.1 360000000 360500000 1198.50556
OX637747.1 360500000 361000000 1199.0
OX637747.1 361000000 361500000 1199.0
OX637747.1 361500000 362000000 1199.89743
OX637747.1 362000000 362500000 1200.28988
OX637747.1 362500000 363000000 1201.0
OX637747.1 363000000 363500000 1201.0
OX637747.1 363500000 364000000 1201.24066
OX637747.1 364000000 364500000 1202.0
OX637747.1 364500000 365000000 1202.00958
OX637747.1 365000000 365500000 1202.0
OX637747.1 365500000 366000000 1202.00474
OX637747.1 366000000 366500000 1202.0533
OX637747.1 366500000 367000000 1202.493
OX637747.1 367000000 367500000 1202.0
OX637747.1 367500000 368000000 1202.7129
OX637747.1 368000000 368500000 1203.0
OX637747.1 368500000 369000000 1203.0
OX637747.1 369000000 369500000 1203.00168
OX637747.1 369500000 370000000 1203.0
OX637747.1 370000000 370500000 1203.0
OX637747.1 370500000 371000000 1203.00481
OX637747.1 371000000 371500000 1203.60178
OX637747.1 371500000 372000000 1203.0
OX637747.1 372000000 372500000 1203.0
OX637747.1 372500000 373000000 1203.0
OX637747.1 373000000 373500000 1203.0
OX637747.1 373500000 374000000 1203.41388
OX637747.1 374000000 374500000 1204.00371
OX637747.1 374500000 375000000 1204.00411
OX637747.1 375000000 375500000 1204.0
OX637747.1 375500000 376000000 1204.0
OX637747.1 376000000 376500000 1204.0
OX637747.1 376500000 377000000 1204.00405
OX637747.1 377000000 377500000 1203.48365
OX637747.1 377500000 378000000 1203.00574
OX637747.1 378000000 378500000 1203.56462
OX637747.1 378500000 379000000 1204.02544
OX637747.1 379000000 379500000 1204.0
OX637747.1 379500000 380000000 1204.31455
OX637747.1 380000000 380500000 1205.07874
OX637747.1 380500000 381000000 1206.0
OX637747.1 381000000 381500000 1206.20731
OX637747.1 381500000 382000000 1207.0046
OX637747.1 382000000 382500000 1207.31257
OX637747.1 382500000 383000000 1208.02097
OX637747.1 383000000 383500000 1208.55856
OX637747.1 383500000 384000000 1208.0
OX637747.1 384000000 384500000 1208.0
OX637747.1 384500000 385000000 1207.76532
OX637747.1 385000000 385500000 1207.0071
OX637747.1 385500000 386000000 1207.0
OX637747.1 386000000 386500000 1207.00822
OX637747.1 386500000 387000000 1207.00259
OX637747.1 387000000 387500000 1207.0
OX637747.1 387500000 388000000 1207.0
OX637747.1 388000000 388500000 1207.00239
OX637747.1 388500000 389000000 1207.0039
OX637747.1 389000000 389500000 1206.03147
OX637747.1 389500000 390000000 1206.35652
OX637747.1 390000000 390500000 1207.77152
OX637747.1 390500000 391000000 1208.0
OX637747.1 391000000 391500000 1208.0
OX637747.1 391500000 392000000 1208.0
OX637747.1 392000000 392500000 1208.0
OX637747.1 392500000 393000000 1208.37255
OX637747.1 393000000 393500000 1207.89853
OX637747.1 393500000 394000000 1207.00204
OX637747.1 394000000 394500000 1207.0
OX637747.1 394500000 395000000 1207.0
OX637747.1 395000000 395500000 1207.0
OX637747.1 395500000 396000000 1207.0
OX637747.1 396000000 396500000 1208.14844
OX637747.1 396500000 397000000 1209.50531
OX637747.1 397000000 397500000 1210.0
OX637747.1 397500000 398000000 1210.0
OX637747.1 398000000 398500000 1210.03458
OX637747.1 398500000 399000000 1210.0
OX637747.1 399000000 399500000 1209.16486
OX637747.1 399500000 400000000 1210.00499
OX637747.1 400000000 400500000 1210.00847
OX637747.1 400500000 401000000 1210.0
OX637747.1 401000000 401500000 1210.82809
OX637747.1 401500000 402000000 1210.27118
OX637747.1 402000000 402500000 1210.0
OX637747.1 402500000 403000000 1210.0
OX637747.1 403000000 403500000 1210.0
OX637747.1 403500000 404000000 1210.79346
OX637747.1 404000000 404500000 1211.0
OX637747.1 404500000 405000000 1210.27653
OX637747.1 405000000 405500000 1209.00487
OX637747.1 405500000 406000000 1209.00156
OX637747.1 406000000 406500000 1209.0
OX637747.1 406500000 407000000 1209.43864
OX637747.1 407000000 407500000 1210.0
OX637747.1 407500000 408000000 1210.0025
OX637747.1 408000000 408500000 1210.0
OX637747.1 408500000 409000000 1210.0
OX637747.1 409000000 409500000 1210.66235
OX637747.1 409500000 410000000 1211.4082
OX637747.1 410000000 410500000 1212.0
OX637747.1 410500000 411000000 1211.93968
OX637747.1 411000000 411500000 1212.0
OX637747.1 411500000 412000000 1212.0
OX637747.1 412000000 412500000 1212.00453
OX637747.1 412500000 413000000 1211.90731
OX637747.1 413000000 413500000 1211.00322
OX637747.1 413500000 414000000 1211.41393
OX637747.1 414000000 414500000 1211.67471
OX637747.1 414500000 415000000 1211.01778
OX637747.1 415000000 415500000 1210.66881
OX637747.1 415500000 416000000 1209.99359
OX637747.1 416000000 416500000 1209.0
OX637747.1 416500000 417000000 1209.0
OX637747.1 417000000 417500000 1209.00781
OX637747.1 417500000 418000000 1209.00644
OX637747.1 418000000 418500000 1209.00358
OX637747.1 418500000 419000000 1209.00022
OX637747.1 419000000 419500000 1209.17265
OX637747.1 419500000 420000000 1209.19591
OX637747.1 420000000 420500000 1208.99395
OX637747.1 420500000 421000000 1209.0
OX637747.1 421000000 421500000 1209.0
OX637747.1 421500000 422000000 1209.00184
OX637747.1 422000000 422500000 1209.0
OX637747.1 422500000 423000000 1209.0
OX637747.1 423000000 423500000 1209.0
OX637747.1 423500000 424000000 1209.0
OX637747.1 424000000 424500000 1209.0
OX637747.1 424500000 425000000 1209.14032
OX637747.1 425000000 425500000 1210.0
OX637747.1 425500000 426000000 1210.0
OX637747.1 426000000 426500000 1210.00018
OX637747.1 426500000 427000000 1210.0
OX637747.1 427000000 427500000 1210.0
OX637747.1 427500000 428000000 1210.0
OX637747.1 428000000 428500000 1210.0
OX637747.1 428500000 429000000 1209.08729
OX637747.1 429000000 429500000 1209.0
OX637747.1 429500000 430000000 1209.0
OX637747.1 430000000 430500000 1209.00611
OX637747.1 430500000 431000000 1208.08263
OX637747.1 431000000 431500000 1208.0
OX637747.1 431500000 432000000 1208.0
OX637747.1 432000000 432500000 1207.67393
OX637747.1 432500000 433000000 1207.0
OX637747.1 433000000 433500000 1207.0
OX637747.1 433500000 434000000 1207.0
OX637747.1 434000000 434500000 1207.00686
OX637747.1 434500000 435000000 1206.0068
OX637747.1 435000000 435500000 1205.34979
OX637747.1 435500000 436000000 1205.0
OX637747.1 436000000 436500000 1204.65995
OX637747.1 436500000 437000000 1204.0
OX637747.1 437000000 437500000 1204.0
OX637747.1 437500000 438000000 1204.2331
OX637747.1 438000000 438500000 1204.58899
OX637747.1 438500000 439000000 1203.7168
OX637747.1 439000000 439500000 1203.0
OX637747.1 439500000 440000000 1203.0
OX637747.1 440000000 440500000 1202.87194
OX637747.1 440500000 441000000 1202.0
OX637747.1 441000000 441500000 1202.01048
OX637747.1 441500000 442000000 1202.0
OX637747.1 442000000 442500000 1202.0
OX637747.1 442500000 443000000 1202.00346
OX637747.1 443000000 443500000 1202.0
OX637747.1 443500000 444000000 1202.0
OX637747.1 444000000 444500000 1201.6755
OX637747.1 444500000 445000000 1200.01675
OX637747.1 445000000 445500000 1200.00885
OX637747.1 445500000 446000000 1200.0
OX637747.1 446000000 446500000 1200.0
OX637747.1 446500000 447000000 1200.0
OX637747.1 447000000 447500000 1200.0
OX637747.1 447500000 448000000 1199.20979
OX637747.1 448000000 448500000 1198.28031
OX637747.1 448500000 449000000 1198.0
OX637747.1 449000000 449500000 1198.0
OX637747.1 449500000 450000000 1197.94137
OX637747.1 450000000 450500000 1196.34956
OX637747.1 450500000 451000000 1195.43578
OX637747.1 451000000 451500000 1195.8883
OX637747.1 451500000 452000000 1196.0
OX637747.1 452000000 452500000 1196.0
OX637747.1 452500000 453000000 1196.0
OX637747.1 453000000 453500000 1196.0
OX637747.1 453500000 454000000 1196.02137
OX637747.1 454000000 454500000 1196.0
OX637747.1 454500000 455000000 1196.0
OX637747.1 455000000 455500000 1196.0
OX637747.1 455500000 456000000 1195.15681
OX637747.1 456000000 456500000 1195.0021
OX637747.1 456500000 457000000 1195.0
OX637747.1 457000000 457500000 1195.00442
OX637747.1 457500000 458000000 1195.90597
OX637747.1 458000000 458500000 1195.76625
OX637747.1 458500000 459000000 1194.0
OX637747.1 459000000 459500000 1194.23249
OX637747.1 459500000 460000000 1194.0077
OX637747.1 460000000 460500000 1193.46842
OX637747.1 460500000 461000000 1192.0
OX637747.1 461000000 461500000 1192.0012
OX637747.1 461500000 462000000 1189.6811
OX637747.1 462000000 462500000 1188.0
OX637747.1 462500000 463000000 1188.94441
OX637747.1 463000000 463500000 1189.42297
OX637747.1 463500000 464000000 1189.0
OX637747.1 464000000 464500000 1189.0
OX637747.1 464500000 465000000 1189.0
OX637747.1 465000000 465500000 1188.4683
OX637747.1 465500000 466000000 1188.0
OX637747.1 466000000 466500000 1188.0
OX637747.1 466500000 467000000 1188.07869
OX637747.1 467000000 467500000 1188.38866
OX637747.1 467500000 468000000 1188.0
OX637747.1 468000000 468500000 1188.0
OX637747.1 468500000 469000000 1188.0
OX637747.1 469000000 469500000 1188.0
OX637747.1 469500000 470000000 1188.00887
OX637747.1 470000000 470500000 1188.01009
OX637747.1 470500000 471000000 1188.91218
OX637747.1 471000000 471500000 1189.0
OX637747.1 471500000 472000000 1188.60809
OX637747.1 472000000 472500000 1189.0
OX637747.1 472500000 473000000 1189.0
OX637747.1 473000000 473500000 1188.04138
OX637747.1 473500000 474000000 1187.69938
OX637747.1 474000000 474500000 1186.88807
OX637747.1 474500000 475000000 1186.00184
OX637747.1 475000000 475500000 1186.0
OX637747.1 475500000 476000000 1186.0
OX637747.1 476000000 476500000 1186.0
OX637747.1 476500000 477000000 1186.0
OX637747.1 477000000 477500000 1186.0
OX637747.1 477500000 478000000 1186.0031
OX637747.1 478000000 478500000 1186.0
OX637747.1 478500000 479000000 1186.00856
OX637747.1 479000000 479500000 1186.0
OX637747.1 479500000 480000000 1185.52152
OX637747.1 480000000 480500000 1184.16092
OX637747.1 480500000 481000000 1184.39777
OX637747.1 481000000 481500000 1184.0
OX637747.1 481500000 482000000 1184.0
OX637747.1 482000000 482500000 1184.00414
OX637747.1 482500000 483000000 1183.75683
OX637747.1 483000000 483500000 1183.0
OX637747.1 483500000 484000000 1183.0
OX637747.1 484000000 484500000 1183.00203
OX637747.1 484500000 485000000 1181.65629
OX637747.1 485000000 485500000 1181.0013
OX637747.1 485500000 486000000 1180.12737
OX637747.1 486000000 486500000 1180.03854
OX637747.1 486500000 487000000 1179.55812
OX637747.1 487000000 487500000 1179.32007
OX637747.1 487500000 488000000 1179.96458
OX637747.1 488000000 488500000 1178.39516
OX637747.1 488500000 489000000 1176.8419
OX637747.1 489000000 489500000 1176.00504
OX637747.1 489500000 490000000 1175.57779
OX637747.1 490000000 490500000 1174.79661
OX637747.1 490500000 491000000 1174.88099
OX637747.1 491000000 491500000 1175.0
OX637747.1 491500000 492000000 1175.00509
OX637747.1 492000000 492500000 1175.25058
OX637747.1 492500000 493000000 1174.53102
OX637747.1 493000000 493500000 1174.0
OX637747.1 493500000 494000000 1173.5915
OX637747.1 494000000 494500000 1173.65689
OX637747.1 494500000 495000000 1173.57628
OX637747.1 495000000 495500000 1171.43467
OX637747.1 495500000 496000000 1171.43055
OX637747.1 496000000 496500000 1171.18191
OX637747.1 496500000 497000000 1168.84806
OX637747.1 497000000 497500000 1167.57926
OX637747.1 497500000 498000000 1166.11861
OX637747.1 498000000 498500000 1165.01331
OX637747.1 498500000 499000000 1163.56779
OX637747.1 499000000 499500000 1162.49126
OX637747.1 499500000 500000000 1160.85976
OX637747.1 500000000 500500000 1159.10939
OX637747.1 500500000 501000000 1158.00778
OX637747.1 501000000 501500000 1158.00611
OX637747.1 501500000 502000000 1156.76853
OX637747.1 502000000 502500000 1154.93335
OX637747.1 502500000 503000000 1152.93066
OX637747.1 503000000 503500000 1151.3902
OX637747.1 503500000 504000000 1151.0
OX637747.1 504000000 504500000 1151.0
OX637747.1 504500000 505000000 1149.49711
OX637747.1 505000000 505500000 1147.59435
OX637747.1 505500000 506000000 1147.69751
OX637747.1 506000000 506500000 1146.92674
OX637747.1 506500000 507000000 1145.50485
OX637747.1 507000000 507500000 1144.00171
OX637747.1 507500000 508000000 1143.75657
OX637747.1 508000000 508500000 1143.0
OX637747.1 508500000 509000000 1143.00783
OX637747.1 509000000 509500000 1142.77741
OX637747.1 509500000 510000000 1141.11835
OX637747.1 510000000 510500000 1140.01107
OX637747.1 510500000 511000000 1140.30112
OX637747.1 511000000 511500000 1139.94372
OX637747.1 511500000 512000000 1138.27311
OX637747.1 512000000 512500000 1137.35073
OX637747.1 512500000 513000000 1137.0
OX637747.1 513000000 513500000 1136.03348
OX637747.1 513500000 514000000 1135.42888
OX637747.1 514000000 514500000 1134.74648
OX637747.1 514500000 515000000 1134.0
OX637747.1 515000000 515500000 1134.00573
OX637747.1 515500000 516000000 1133.22277
OX637747.1 516000000 516500000 1131.77895
OX637747.1 516500000 517000000 1130.85271
OX637747.1 517000000 517500000 1129.61676
OX637747.1 517500000 518000000 1127.03822
OX637747.1 518000000 518500000 1126.0
OX637747.1 518500000 519000000 1124.22062
OX637747.1 519000000 519500000 1122.0
OX637747.1 519500000 520000000 1120.6683
OX637747.1 520000000 520500000 1119.73573
OX637747.1 520500000 521000000 1115.32494
OX637747.1 521000000 521500000 1113.79364
OX637747.1 521500000 522000000 1111.84629
OX637747.1 522000000 522500000 1111.0
OX637747.1 522500000 523000000 1111.00538
OX637747.1 523000000 523500000 1110.42132
OX637747.1 523500000 524000000 1108.11009
OX637747.1 524000000 524500000 1106.01689
OX637747.1 524500000 525000000 1105.17606
OX637747.1 525000000 525500000 1105.05033
OX637747.1 525500000 526000000 1104.03181
OX637747.1 526000000 526500000 1104.00254
OX637747.1 526500000 527000000 1102.0798
OX637747.1 527000000 527500000 1097.76536
OX637747.1 527500000 528000000 1095.62912
OX637747.1 528000000 528500000 1093.05601
OX637747.1 528500000 529000000 1092.48561
OX637747.1 529000000 529500000 1090.41884
OX637747.1 529500000 530000000 1088.28885
OX637747.1 530000000 530500000 1085.78962
OX637747.1 530500000 531000000 1081.36686
OX637747.1 531000000 531500000 1079.92224
OX637747.1 531500000 532000000 1077.05723
OX637747.1 532000000 532500000 1074.61377
OX637747.1 532500000 533000000 1069.64678
OX637747.1 533000000 533500000 1065.94398
OX637747.1 533500000 534000000 1063.98241
OX637747.1 534000000 534500000 1062.08952
OX637747.1 534500000 535000000 1057.48496
OX637747.1 535000000 535500000 1052.65828
OX637747.1 535500000 536000000 1047.81475
OX637747.1 536000000 536500000 1045.27709
OX637747.1 536500000 537000000 1044.48847
OX637747.1 537000000 537500000 1042.89898
OX637747.1 537500000 538000000 1039.5934
OX637747.1 538000000 538500000 1036.6015
OX637747.1 538500000 539000000 1035.21668
OX637747.1 539000000 539500000 1033.53782
OX637747.1 539500000 540000000 1029.93534
OX637747.1 540000000 540500000 1024.37202
OX637747.1 540500000 541000000 1019.81191
OX637747.1 541000000 541500000 1017.92786
OX637747.1 541500000 542000000 1015.50627
OX637747.1 542000000 542500000 1009.41653
OX637747.1 542500000 543000000 1005.77972
OX637747.1 543000000 543500000 999.85437
OX637747.1 543500000 544000000 989.82885
OX637747.1 544000000 544500000 979.57098
OX637747.1 544500000 545000000 973.27894
OX637747.1 545000000 545500000 968.54023
OX637747.1 545500000 546000000 960.60369
OX637747.1 546000000 546500000 953.74625
OX637747.1 546500000 547000000 946.77043
OX637747.1 547000000 547500000 943.4316
OX637747.1 547500000 548000000 936.83064
OX637747.1 548000000 548500000 923.19377
OX637747.1 548500000 549000000 916.31354
OX637747.1 549000000 549500000 910.02955
OX637747.1 549500000 550000000 902.43545
OX637747.1 550000000 550500000 894.94905
OX637747.1 550500000 551000000 886.96421
OX637747.1 551000000 551500000 875.10272
OX637747.1 551500000 552000000 860.3175
OX637747.1 552000000 552500000 847.28405
OX637747.1 552500000 553000000 840.88134
OX637747.1 553000000 553500000 828.42126
OX637747.1 553500000 554000000 818.04317
OX637747.1 554000000 554500000 806.40403
OX637747.1 554500000 555000000 799.03346
OX637747.1 555000000 555500000 790.55711
OX637747.1 555500000 556000000 776.9713
OX637747.1 556000000 556500000 766.23553
OX637747.1 556500000 557000000 760.10677
OX637747.1 557000000 557500000 758.0
OX637747.1 557500000 558000000 758.01281
OX637747.1 558000000 558500000 752.19023
OX637747.1 558500000 559000000 734.95364
OX637747.1 559000000 559500000 721.30662
OX637747.1 559500000 560000000 705.80664
OX637747.1 560000000 560500000 685.95599
OX637747.1 560500000 561000000 671.78944
OX637747.1 561000000 561500000 657.03305
OX637747.1 561500000 562000000 640.51169
OX637747.1 562000000 562500000 616.01985
OX637747.1 562500000 563000000 591.01025
OX637747.1 563000000 563500000 568.28144
OX637747.1 563500000 564000000 549.46551
OX637747.1 564000000 564500000 530.77001
OX637747.1 564500000 565000000 526.0
OX637747.1 565000000 565500000 526.0
OX637747.1 565500000 566000000 525.7643
OX637747.1 566000000 566500000 522.0
OX637747.1 566500000 567000000 522.0
OX637747.1 567000000 567500000 522.0
OX637747.1 567500000 568000000 522.0
OX637747.1 568000000 568500000 522.0
OX637747.1 568500000 569000000 512.50739
OX637747.1 569000000 569500000 504.14571
OX637747.1 569500000 570000000 504.0
OX637747.1 570000000 570500000 503.98758
OX637747.1 570500000 571000000 497.03756
OX637747.1 571000000 571500000 496.0
OX637747.1 571500000 572000000 496.0
OX637747.1 572000000 572500000 496.0
OX637747.1 572500000 573000000 495.98091
OX637747.1 573000000 573500000 491.68228
OX637747.1 573500000 574000000 486.06185
OX637747.1 574000000 574500000 478.0963
OX637747.1 574500000 575000000 468.34838
OX637747.1 575000000 575500000 466.83448
OX637747.1 575500000 576000000 465.6808
OX637747.1 576000000 576500000 462.0
OX637747.1 576500000 577000000 460.62769
OX637747.1 577000000 577500000 455.4497
OX637747.1 577500000 578000000 453.86878
OX637747.1 578000000 578500000 452.00295
OX637747.1 578500000 579000000 445.91655
OX637747.1 579000000 579500000 444.3522
OX637747.1 579500000 580000000 436.77625
OX637747.1 580000000 580500000 430.41392
OX637747.1 580500000 581000000 418.91778
OX637747.1 581000000 581500000 408.45333
OX637747.1 581500000 582000000 385.25391
OX637747.1 582000000 582500000 372.44117
OX637747.1 582500000 583000000 357.84795
OX637747.1 583000000 583500000 343.49591
OX637747.1 583500000 584000000 310.42283
OX637747.1 584000000 584500000 286.41138
OX637747.1 584500000 585000000 255.08384
OX637747.1 585000000 585500000 223.59285
OX637747.1 585500000 586000000 221.0
OX637747.1 586000000 586500000 220.90998
OX637747.1 586500000 587000000 197.51164
OX637747.1 587000000 587500000 185.32255
OX637747.1 587500000 588000000 167.46867
OX637747.1 588000000 588500000 100.1269
OX637747.1 588500000 589000000 43.50825
OX637747.1 589000000 589500000 41.0
OX637747.1 589500000 590000000 35.83624
OX637747.1 590000000 590011947 3.08387
OX637754.1 0 500000 12.35389
OX637754.1 500000 1000000 75.42387
OX637754.1 1000000 1500000 136.2984
OX637754.1 1500000 2000000 170.00081
OX637754.1 2000000 2500000 179.8191
OX637754.1 2500000 3000000 198.56739
OX637754.1 3000000 3500000 223.88165
OX637754.1 3500000 4000000 258.01985
OX637754.1 4000000 4500000 290.04185
OX637754.1 4500000 5000000 320.19637
OX637754.1 5000000 5500000 339.41748
OX637754.1 5500000 6000000 357.1993
OX637754.1 6000000 6500000 380.57685
OX637754.1 6500000 7000000 403.32561
OX637754.1 7000000 7500000 419.02287
OX637754.1 7500000 8000000 429.09765
OX637754.1 8000000 8500000 431.19724
OX637754.1 8500000 9000000 440.75438
OX637754.1 9000000 9500000 457.4219
OX637754.1 9500000 10000000 472.38448
OX637754.1 10000000 10500000 483.86438
OX637754.1 10500000 11000000 486.68054
OX637754.1 11000000 11500000 487.60711
OX637754.1 11500000 12000000 497.38861
OX637754.1 12000000 12500000 510.35542
OX637754.1 12500000 13000000 521.51564
OX637754.1 13000000 13500000 540.59375
OX637754.1 13500000 14000000 553.96715
OX637754.1 14000000 14500000 565.79077
OX637754.1 14500000 15000000 578.02883
OX637754.1 15000000 15500000 596.84319
OX637754.1 15500000 16000000 614.99205
OX637754.1 16000000 16500000 623.32145
OX637754.1 16500000 17000000 635.47231
OX637754.1 17000000 17500000 651.14663
OX637754.1 17500000 18000000 658.86196
OX637754.1 18000000 18500000 676.0577
OX637754.1 18500000 19000000 684.79426
OX637754.1 19000000 19500000 688.1722
OX637754.1 19500000 20000000 692.51582
OX637754.1 20000000 20500000 698.26257
OX637754.1 20500000 21000000 707.15642
OX637754.1 21000000 21500000 711.01118
OX637754.1 21500000 22000000 712.84546
OX637754.1 22000000 22500000 716.41299
OX637754.1 22500000 23000000 724.71939
OX637754.1 23000000 23500000 732.06351
OX637754.1 23500000 24000000 742.22048
OX637754.1 24000000 24500000 747.79467
OX637754.1 24500000 25000000 752.41794
OX637754.1 25000000 25500000 758.32533
OX637754.1 25500000 26000000 768.02962
OX637754.1 26000000 26500000 773.45935
OX637754.1 26500000 27000000 783.20568
OX637754.1 27000000 27500000 786.95632
OX637754.1 27500000 28000000 794.95187
OX637754.1 28000000 28500000 802.42269
OX637754.1 28500000 29000000 807.76774
OX637754.1 29000000 29500000 813.26772
OX637754.1 29500000 30000000 818.10639
OX637754.1 30000000 30500000 826.062
OX637754.1 30500000 31000000 829.15931
OX637754.1 31000000 31500000 831.03868
OX637754.1 31500000 32000000 835.48014
OX637754.1 32000000 32500000 837.37267
OX637754.1 32500000 33000000 840.83479
OX637754.1 33000000 33500000 848.01107
OX637754.1 33500000 34000000 850.26234
OX637754.1 34000000 34500000 851.02288
OX637754.1 34500000 35000000 856.05194
OX637754.1 35000000 35500000 862.29517
OX637754.1 35500000 36000000 869.89608
OX637754.1 36000000 36500000 870.93681
OX637754.1 36500000 37000000 873.70038
OX637754.1 37000000 37500000 878.77567
OX637754.1 37500000 38000000 885.5186
OX637754.1 38000000 38500000 890.07753
OX637754.1 38500000 39000000 896.71715
OX637754.1 39000000 39500000 900.7743
OX637754.1 39500000 40000000 905.91512
OX637754.1 40000000 40500000 911.01541
OX637754.1 40500000 41000000 912.80041
OX637754.1 41000000 41500000 914.17736
OX637754.1 41500000 42000000 915.49097
OX637754.1 42000000 42500000 917.03745
OX637754.1 42500000 43000000 919.0
OX637754.1 43000000 43500000 920.94147
OX637754.1 43500000 44000000 927.92921
OX637754.1 44000000 44500000 935.0
OX637754.1 44500000 45000000 935.0
OX637754.1 45000000 45500000 941.02377
OX637754.1 45500000 46000000 950.0472
OX637754.1 46000000 46500000 960.06251
OX637754.1 46500000 47000000 963.0
OX637754.1 47000000 47500000 963.16727
OX637754.1 47500000 48000000 964.93443
OX637754.1 48000000 48500000 967.70286
OX637754.1 48500000 49000000 973.08859
OX637754.1 49000000 49500000 979.37467
OX637754.1 49500000 50000000 984.37181
OX637754.1 50000000 50500000 987.91282
OX637754.1 50500000 51000000 994.76062
OX637754.1 51000000 51500000 1001.64114
OX637754.1 51500000 52000000 1007.00231
OX637754.1 52000000 52500000 1012.23605
OX637754.1 52500000 53000000 1020.4288
OX637754.1 53000000 53500000 1023.40872
OX637754.1 53500000 54000000 1025.28944
OX637754.1 54000000 54500000 1034.73351
OX637754.1 54500000 55000000 1045.98736
OX637754.1 55000000 55500000 1048.48533
OX637754.1 55500000 56000000 1052.02282
OX637754.1 56000000 56500000 1055.54501
OX637754.1 56500000 57000000 1061.49331
OX637754.1 57000000 57500000 1064.21446
OX637754.1 57500000 58000000 1068.82988
OX637754.1 58000000 58500000 1073.74896
OX637754.1 58500000 59000000 1079.307
OX637754.1 59000000 59500000 1083.63018
OX637754.1 59500000 60000000 1084.58533
OX637754.1 60000000 60500000 1086.79995
OX637754.1 60500000 61000000 1090.62079
OX637754.1 61000000 61500000 1092.76326
OX637754.1 61500000 62000000 1093.57733
OX637754.1 62000000 62500000 1098.02974
OX637754.1 62500000 63000000 1101.85474
OX637754.1 63000000 63500000 1103.86688
OX637754.1 63500000 64000000 1111.46904
OX637754.1 64000000 64500000 1114.13879
OX637754.1 64500000 65000000 1118.0557
OX637754.1 65000000 65500000 1122.26272
OX637754.1 65500000 66000000 1124.20812
OX637754.1 66000000 66500000 1127.38778
OX637754.1 66500000 67000000 1130.21089
OX637754.1 67000000 67500000 1132.67781
OX637754.1 67500000 68000000 1134.0
OX637754.1 68000000 68500000 1134.01674
OX637754.1 68500000 69000000 1136.37542
OX637754.1 69000000 69500000 1141.01093
OX637754.1 69500000 70000000 1141.50006
OX637754.1 70000000 70500000 1142.34368
OX637754.1 70500000 71000000 1144.27052
OX637754.1 71000000 71500000 1146.13874
OX637754.1 71500000 72000000 1148.05917
OX637754.1 72000000 72500000 1149.00833
OX637754.1 72500000 73000000 1150.8703
OX637754.1 73000000 73500000 1151.02366
OX637754.1 73500000 74000000 1150.63072
OX637754.1 74000000 74500000 1151.00594
OX637754.1 74500000 75000000 1151.81509
OX637754.1 75000000 75500000 1155.01013
OX637754.1 75500000 76000000 1155.0006
OX637754.1 76000000 76500000 1157.33132
OX637754.1 76500000 77000000 1159.00018
OX637754.1 77000000 77500000 1159.94903
OX637754.1 77500000 78000000 1161.00326
OX637754.1 78000000 78500000 1161.39969
OX637754.1 78500000 79000000 1162.48296
OX637754.1 79000000 79500000 1163.94178
OX637754.1 79500000 80000000 1165.89095
OX637754.1 80000000 80500000 1172.60991
OX637754.1 80500000 81000000 1173.37532
OX637754.1 81000000 81500000 1174.56713
OX637754.1 81500000 82000000 1175.81545
OX637754.1 82000000 82500000 1175.84914
OX637754.1 82500000 83000000 1177.85782
OX637754.1 83000000 83500000 1178.43487
OX637754.1 83500000 84000000 1179.35244
OX637754.1 84000000 84500000 1180.72154
OX637754.1 84500000 85000000 1181.60047
OX637754.1 85000000 85500000 1184.9822
OX637754.1 85500000 86000000 1188.74923
OX637754.1 86000000 86500000 1192.38579
OX637754.1 86500000 87000000 1193.41807
OX637754.1 87000000 87500000 1195.35559
OX637754.1 87500000 88000000 1195.33359
OX637754.1 88000000 88500000 1196.93866
OX637754.1 88500000 89000000 1197.0
OX637754.1 89000000 89500000 1199.6648
OX637754.1 89500000 90000000 1204.65723
OX637754.1 90000000 90500000 1207.09859
OX637754.1 90500000 91000000 1208.23193
OX637754.1 91000000 91500000 1211.01053
OX637754.1 91500000 92000000 1213.00202
OX637754.1 92000000 92500000 1213.92016
OX637754.1 92500000 93000000 1215.0
OX637754.1 93000000 93500000 1215.0
OX637754.1 93500000 94000000 1215.97321
OX637754.1 94000000 94500000 1216.201
OX637754.1 94500000 95000000 1218.12647
OX637754.1 95000000 95500000 1219.00744
OX637754.1 95500000 96000000 1221.50567
OX637754.1 96000000 96500000 1222.01832
OX637754.1 96500000 97000000 1222.0
OX637754.1 97000000 97500000 1223.58733
OX637754.1 97500000 98000000 1224.0
OX637754.1 98000000 98500000 1224.52751
OX637754.1 98500000 99000000 1225.99534
OX637754.1 99000000 99500000 1225.57628
OX637754.1 99500000 100000000 1225.84528
OX637754.1 100000000 100500000 1227.56272
OX637754.1 100500000 101000000 1229.01159
OX637754.1 101000000 101500000 1229.01602
OX637754.1 101500000 102000000 1229.22554
OX637754.1 102000000 102500000 1231.99726
OX637754.1 102500000 103000000 1233.7407
OX637754.1 103000000 103500000 1235.0
OX637754.1 103500000 104000000 1235.6258
OX637754.1 104000000 104500000 1237.0
OX637754.1 104500000 105000000 1237.0
OX637754.1 105000000 105500000 1237.0
OX637754.1 105500000 106000000 1237.50045
OX637754.1 106000000 106500000 1238.00692
OX637754.1 106500000 107000000 1238.0
OX637754.1 107000000 107500000 1238.0
OX637754.1 107500000 108000000 1238.0
OX637754.1 108000000 108500000 1239.99561
OX637754.1 108500000 109000000 1240.09832
OX637754.1 109000000 109500000 1241.77566
OX637754.1 109500000 110000000 1241.55768
OX637754.1 110000000 110500000 1240.28468
OX637754.1 110500000 111000000 1241.06573
OX637754.1 111000000 111500000 1243.02123
OX637754.1 111500000 112000000 1244.01731
OX637754.1 112000000 112500000 1244.0
OX637754.1 112500000 113000000 1244.37963
OX637754.1 113000000 113500000 1245.00618
OX637754.1 113500000 114000000 1245.26356
OX637754.1 114000000 114500000 1247.0
OX637754.1 114500000 115000000 1247.0
OX637754.1 115000000 115500000 1247.65711
OX637754.1 115500000 116000000 1249.65916
OX637754.1 116000000 116500000 1250.00581
OX637754.1 116500000 117000000 1250.55153
OX637754.1 117000000 117500000 1251.0
OX637754.1 117500000 118000000 1251.62756
OX637754.1 118000000 118500000 1252.0
OX637754.1 118500000 119000000 1252.0
OX637754.1 119000000 119500000 1252.0
OX637754.1 119500000 120000000 1252.03804
OX637754.1 120000000 120500000 1252.0
OX637754.1 120500000 121000000 1252.02275
OX637754.1 121000000 121500000 1252.77632
OX637754.1 121500000 122000000 1253.06124
OX637754.1 122000000 122500000 1254.0
OX637754.1 122500000 123000000 1256.74231
OX637754.1 123000000 123500000 1258.0
OX637754.1 123500000 124000000 1258.87261
OX637754.1 124000000 124500000 1259.00464
OX637754.1 124500000 125000000 1260.89998
OX637754.1 125000000 125500000 1262.73286
OX637754.1 125500000 126000000 1263.0
OX637754.1 126000000 126500000 1265.3904
OX637754.1 126500000 127000000 1267.0
OX637754.1 127000000 127500000 1267.0
OX637754.1 127500000 128000000 1267.0
OX637754.1 128000000 128500000 1267.0
OX637754.1 128500000 129000000 1267.0
OX637754.1 129000000 129500000 1267.62163
OX637754.1 129500000 130000000 1270.00835
OX637754.1 130000000 130500000 1272.29687
OX637754.1 130500000 131000000 1271.76374
OX637754.1 131000000 131500000 1271.0
OX637754.1 131500000 132000000 1271.70532
OX637754.1 132000000 132500000 1272.421
OX637754.1 132500000 133000000 1273.89659
OX637754.1 133000000 133500000 1274.57265
OX637754.1 133500000 134000000 1275.17389
OX637754.1 134000000 134500000 1276.40182
OX637754.1 134500000 135000000 1277.49652
OX637754.1 135000000 135500000 1279.47481
OX637754.1 135500000 136000000 1280.53266
OX637754.1 136000000 136500000 1281.44083
OX637754.1 136500000 137000000 1281.22631
OX637754.1 137000000 137500000 1282.0
OX637754.1 137500000 138000000 1283.48996
OX637754.1 138000000 138500000 1285.21356
OX637754.1 138500000 139000000 1286.7856
OX637754.1 139000000 139500000 1288.62546
OX637754.1 139500000 140000000 1289.0
OX637754.1 140000000 140500000 1289.0
OX637754.1 140500000 141000000 1288.05888
OX637754.1 141000000 141500000 1288.78497
OX637754.1 141500000 142000000 1289.02051
OX637754.1 142000000 142500000 1289.10263
OX637754.1 142500000 143000000 1289.6181
OX637754.1 143000000 143500000 1289.98044
OX637754.1 143500000 144000000 1290.53506
OX637754.1 144000000 144500000 1291.53172
OX637754.1 144500000 145000000 1293.00454
OX637754.1 145000000 145500000 1293.00752
OX637754.1 145500000 146000000 1293.00969
OX637754.1 146000000 146500000 1293.17187
OX637754.1 146500000 147000000 1295.68975
OX637754.1 147000000 147500000 1296.89298
OX637754.1 147500000 148000000 1298.24877
OX637754.1 148000000 148500000 1299.26762
OX637754.1 148500000 149000000 1301.29627
OX637754.1 149000000 149500000 1302.00314
OX637754.1 149500000 150000000 1302.00166
OX637754.1 150000000 150500000 1302.10701
OX637754.1 150500000 151000000 1303.87923
OX637754.1 151000000 151500000 1305.00731
OX637754.1 151500000 152000000 1306.06914
OX637754.1 152000000 152500000 1307.01369
OX637754.1 152500000 153000000 1307.0
OX637754.1 153000000 153500000 1306.50168
OX637754.1 153500000 154000000 1304.2881
OX637754.1 154000000 154500000 1304.99285
OX637754.1 154500000 155000000 1306.00788
OX637754.1 155000000 155500000 1306.67817
OX637754.1 155500000 156000000 1307.01065
OX637754.1 156000000 156500000 1307.02048
OX637754.1 156500000 157000000 1307.0
OX637754.1 157000000 157500000 1307.63977
OX637754.1 157500000 158000000 1308.00855
OX637754.1 158000000 158500000 1308.00629
OX637754.1 158500000 159000000 1308.90263
OX637754.1 159000000 159500000 1311.15027
OX637754.1 159500000 160000000 1311.16551
OX637754.1 160000000 160500000 1311.0
OX637754.1 160500000 161000000 1312.09759
OX637754.1 161000000 161500000 1313.70477
OX637754.1 161500000 162000000 1313.02849
OX637754.1 162000000 162500000 1314.36863
OX637754.1 162500000 163000000 1313.491
OX637754.1 163000000 163500000 1312.56616
OX637754.1 163500000 164000000 1312.00761
OX637754.1 164000000 164500000 1312.0
OX637754.1 164500000 165000000 1312.23902
OX637754.1 165000000 165500000 1313.03407
OX637754.1 165500000 166000000 1314.16483
OX637754.1 166000000 166500000 1314.89096
OX637754.1 166500000 167000000 1316.01345
OX637754.1 167000000 167500000 1317.0
OX637754.1 167500000 168000000 1317.0
OX637754.1 168000000 168500000 1317.02603
OX637754.1 168500000 169000000 1318.12919
OX637754.1 169000000 169500000 1319.75388
OX637754.1 169500000 170000000 1319.65748
OX637754.1 170000000 170500000 1318.18715
OX637754.1 170500000 171000000 1318.0
OX637754.1 171000000 171500000 1317.23158
OX637754.1 171500000 172000000 1316.44862
OX637754.1 172000000 172500000 1315.63619
OX637754.1 172500000 173000000 1315.00944
OX637754.1 173000000 173500000 1315.0
OX637754.1 173500000 174000000 1314.88505
OX637754.1 174000000 174500000 1314.15632
OX637754.1 174500000 175000000 1315.0
OX637754.1 175000000 175500000 1315.0
OX637754.1 175500000 176000000 1315.63931
OX637754.1 176000000 176500000 1316.50185
OX637754.1 176500000 177000000 1316.0
OX637754.1 177000000 177500000 1315.01212
OX637754.1 177500000 178000000 1314.79624
OX637754.1 178000000 178500000 1314.76972
OX637754.1 178500000 179000000 1315.04759
OX637754.1 179000000 179500000 1315.00155
OX637754.1 179500000 180000000 1315.0
OX637754.1 180000000 180500000 1315.0
OX637754.1 180500000 181000000 1315.0
OX637754.1 181000000 181500000 1315.20793
OX637754.1 181500000 182000000 1315.00129
OX637754.1 182000000 182500000 1314.72474
OX637754.1 182500000 183000000 1314.00622
OX637754.1 183000000 183500000 1313.3749
OX637754.1 183500000 184000000 1312.95608
OX637754.1 184000000 184500000 1312.06578
OX637754.1 184500000 185000000 1312.61706
OX637754.1 185000000 185500000 1310.08181
OX637754.1 185500000 186000000 1310.87874
OX637754.1 186000000 186500000 1312.00888
OX637754.1 186500000 187000000 1312.79379
OX637754.1 187000000 187500000 1313.0096
OX637754.1 187500000 188000000 1312.82204
OX637754.1 188000000 188500000 1312.04971
OX637754.1 188500000 189000000 1312.03502
OX637754.1 189000000 189500000 1312.90603
OX637754.1 189500000 190000000 1313.00161
OX637754.1 190000000 190500000 1312.7397
OX637754.1 190500000 191000000 1314.27829
OX637754.1 191000000 191500000 1312.5406
OX637754.1 191500000 192000000 1311.49358
OX637754.1 192000000 192500000 1312.01425
OX637754.1 192500000 193000000 1311.3913
OX637754.1 193000000 193500000 1309.72039
OX637754.1 193500000 194000000 1310.01439
OX637754.1 194000000 194500000 1310.0
OX637754.1 194500000 195000000 1309.13322
OX637754.1 195000000 195500000 1309.0
OX637754.1 195500000 196000000 1309.02651
OX637754.1 196000000 196500000 1308.28648
OX637754.1 196500000 197000000 1308.99966
OX637754.1 197000000 197500000 1309.01125
OX637754.1 197500000 198000000 1307.64582
OX637754.1 198000000 198500000 1307.04168
OX637754.1 198500000 199000000 1307.7369
OX637754.1 199000000 199500000 1307.6384
OX637754.1 199500000 200000000 1306.75815
OX637754.1 200000000 200500000 1307.32628
OX637754.1 200500000 201000000 1309.17225
OX637754.1 201000000 201500000 1309.94384
OX637754.1 201500000 202000000 1308.24552
OX637754.1 202000000 202500000 1308.0
OX637754.1 202500000 203000000 1307.48987
OX637754.1 203000000 203500000 1307.00456
OX637754.1 203500000 204000000 1306.50465
OX637754.1 204000000 204500000 1306.09942
OX637754.1 204500000 205000000 1306.0
OX637754.1 205000000 205500000 1305.33711
OX637754.1 205500000 206000000 1305.0
OX637754.1 206000000 206500000 1305.00746
OX637754.1 206500000 207000000 1305.00949
OX637754.1 207000000 207500000 1305.00976
OX637754.1 207500000 208000000 1304.09476
OX637754.1 208000000 208500000 1303.31354
OX637754.1 208500000 209000000 1303.47036
OX637754.1 209000000 209500000 1302.27867
OX637754.1 209500000 210000000 1301.1483
OX637754.1 210000000 210500000 1301.0
OX637754.1 210500000 211000000 1301.00758
OX637754.1 211000000 211500000 1300.31628
OX637754.1 211500000 212000000 1300.02153
OX637754.1 212000000 212500000 1299.99203
OX637754.1 212500000 213000000 1299.0
OX637754.1 213000000 213500000 1299.0
OX637754.1 213500000 214000000 1299.10752
OX637754.1 214000000 214500000 1300.00569
OX637754.1 214500000 215000000 1300.0
OX637754.1 215000000 215500000 1299.73415
OX637754.1 215500000 216000000 1298.0
OX637754.1 216000000 216500000 1298.7546
OX637754.1 216500000 217000000 1299.0112
OX637754.1 217000000 217500000 1299.00538
OX637754.1 217500000 218000000 1298.28289
OX637754.1 218000000 218500000 1298.0098
OX637754.1 218500000 219000000 1298.17451
OX637754.1 219000000 219500000 1298.68873
OX637754.1 219500000 220000000 1299.0
OX637754.1 220000000 220500000 1299.87249
OX637754.1 220500000 221000000 1300.0
OX637754.1 221000000 221500000 1299.31468
OX637754.1 221500000 222000000 1299.0
OX637754.1 222000000 222500000 1299.0
OX637754.1 222500000 223000000 1298.55957
OX637754.1 223000000 223500000 1298.00842
OX637754.1 223500000 224000000 1298.0
OX637754.1 224000000 224500000 1298.00933
OX637754.1 224500000 225000000 1297.64462
OX637754.1 225000000 225500000 1297.00637
OX637754.1 225500000 226000000 1297.0
OX637754.1 226000000 226500000 1297.00255
OX637754.1 226500000 227000000 1297.00215
OX637754.1 227000000 227500000 1297.0
OX637754.1 227500000 228000000 1297.01609
OX637754.1 228000000 228500000 1296.37832
OX637754.1 228500000 229000000 1296.00968
OX637754.1 229000000 229500000 1296.0
OX637754.1 229500000 230000000 1296.01451
OX637754.1 230000000 230500000 1296.00697
OX637754.1 230500000 231000000 1296.0
OX637754.1 231000000 231500000 1295.62189
OX637754.1 231500000 232000000 1295.0
OX637754.1 232000000 232500000 1295.00376
OX637754.1 232500000 233000000 1295.0
OX637754.1 233000000 233500000 1295.00711
OX637754.1 233500000 234000000 1295.00694
OX637754.1 234000000 234500000 1295.0
OX637754.1 234500000 235000000 1294.01644
OX637754.1 235000000 235500000 1294.0
OX637754.1 235500000 236000000 1292.50354
OX637754.1 236000000 236500000 1291.0
OX637754.1 236500000 237000000 1291.0
OX637754.1 237000000 237500000 1291.0
OX637754.1 237500000 238000000 1291.0
OX637754.1 238000000 238500000 1291.01355
OX637754.1 238500000 239000000 1291.00374
OX637754.1 239000000 239500000 1291.00597
OX637754.1 239500000 240000000 1291.00523
OX637754.1 240000000 240500000 1289.46685
OX637754.1 240500000 241000000 1288.79295
OX637754.1 241000000 241500000 1288.0
OX637754.1 241500000 242000000 1288.21575
OX637754.1 242000000 242500000 1288.00851
OX637754.1 242500000 243000000 1288.00322
OX637754.1 243000000 243500000 1287.23371
OX637754.1 243500000 244000000 1286.95833
OX637754.1 244000000 244500000 1285.18474
OX637754.1 244500000 245000000 1285.00878
OX637754.1 245000000 245500000 1285.0
OX637754.1 245500000 246000000 1285.01121
OX637754.1 246000000 246500000 1285.02451
OX637754.1 246500000 247000000 1285.00971
OX637754.1 247000000 247500000 1285.0
OX637754.1 247500000 248000000 1285.0
OX637754.1 248000000 248500000 1284.59864
OX637754.1 248500000 249000000 1284.18114
OX637754.1 249000000 249500000 1283.99998
OX637754.1 249500000 250000000 1282.18153
OX637754.1 250000000 250500000 1281.12289
OX637754.1 250500000 251000000 1281.01957
OX637754.1 251000000 251500000 1280.71676
OX637754.1 251500000 252000000 1280.0
OX637754.1 252000000 252500000 1280.0
OX637754.1 252500000 253000000 1280.0
OX637754.1 253000000 253500000 1279.17178
OX637754.1 253500000 254000000 1278.00776
OX637754.1 254000000 254500000 1278.0
OX637754.1 254500000 255000000 1278.0
OX637754.1 255000000 255500000 1278.0
OX637754.1 255500000 256000000 1278.0
OX637754.1 256000000 256500000 1278.00305
OX637754.1 256500000 257000000 1278.0
OX637754.1 257000000 257500000 1278.0
OX637754.1 257500000 258000000 1278.0
OX637754.1 258000000 258500000 1278.00325
OX637754.1 258500000 259000000 1278.0
OX637754.1 259000000 259500000 1277.96659
OX637754.1 259500000 260000000 1277.37948
OX637754.1 260000000 260500000 1278.6042
OX637754.1 260500000 261000000 1279.07078
OX637754.1 261000000 261500000 1280.0
OX637754.1 261500000 262000000 1280.90126
OX637754.1 262000000 262500000 1280.55467
OX637754.1 262500000 263000000 1280.0
OX637754.1 263000000 263500000 1277.53634
OX637754.1 263500000 264000000 1275.30201
OX637754.1 264000000 264500000 1275.0
OX637754.1 264500000 265000000 1275.0
OX637754.1 265000000 265500000 1275.0
OX637754.1 265500000 266000000 1275.0
OX637754.1 266000000 266500000 1275.0
OX637754.1 266500000 267000000 1275.0
OX637754.1 267000000 267500000 1275.0
OX637754.1 267500000 268000000 1274.06641
OX637754.1 268000000 268500000 1274.0
OX637754.1 268500000 269000000 1274.0
OX637754.1 269000000 269500000 1274.0018
OX637754.1 269500000 270000000 1274.0
OX637754.1 270000000 270500000 1273.46808
OX637754.1 270500000 271000000 1273.0
OX637754.1 271000000 271500000 1273.0
OX637754.1 271500000 272000000 1273.0
OX637754.1 272000000 272500000 1273.03521
OX637754.1 272500000 273000000 1274.0
OX637754.1 273000000 273500000 1274.0
OX637754.1 273500000 274000000 1274.0
OX637754.1 274000000 274500000 1274.0
OX637754.1 274500000 275000000 1274.00174
OX637754.1 275000000 275500000 1274.0
OX637754.1 275500000 276000000 1274.5584
OX637754.1 276000000 276500000 1275.0
OX637754.1 276500000 277000000 1275.0
OX637754.1 277000000 277500000 1275.0
OX637754.1 277500000 278000000 1275.0
OX637754.1 278000000 278500000 1275.0
OX637754.1 278500000 279000000 1274.96687
OX637754.1 279000000 279500000 1274.31212
OX637754.1 279500000 280000000 1275.0
OX637754.1 280000000 280500000 1275.0
OX637754.1 280500000 281000000 1275.0
OX637754.1 281000000 281500000 1275.0
OX637754.1 281500000 282000000 1275.0
OX637754.1 282000000 282500000 1275.0
OX637754.1 282500000 283000000 1275.00254
OX637754.1 283000000 283500000 1275.0
OX637754.1 283500000 284000000 1274.88256
OX637754.1 284000000 284500000 1275.0
OX637754.1 284500000 285000000 1275.0
OX637754.1 285000000 285500000 1274.9366
OX637754.1 285500000 286000000 1274.79284
OX637754.1 286000000 286500000 1275.0
OX637754.1 286500000 287000000 1275.00325
OX637754.1 287000000 287500000 1275.0
OX637754.1 287500000 288000000 1275.0
OX637754.1 288000000 288500000 1274.72246
OX637754.1 288500000 289000000 1274.0
OX637754.1 289000000 289500000 1274.63665
OX637754.1 289500000 290000000 1275.0
OX637754.1 290000000 290500000 1273.59059
OX637754.1 290500000 291000000 1272.5426
OX637754.1 291000000 291500000 1272.0
OX637754.1 291500000 292000000 1272.0
OX637754.1 292000000 292500000 1271.4908
OX637754.1 292500000 293000000 1271.00578
OX637754.1 293000000 293500000 1271.0
OX637754.1 293500000 294000000 1271.0
OX637754.1 294000000 294500000 1271.0
OX637754.1 294500000 295000000 1271.0
OX637754.1 295000000 295500000 1271.02259
OX637754.1 295500000 296000000 1271.0
OX637754.1 296000000 296500000 1271.00712
OX637754.1 296500000 297000000 1271.00711
OX637754.1 297000000 297500000 1270.0484
OX637754.1 297500000 298000000 1269.84169
OX637754.1 298000000 298500000 1268.29865
OX637754.1 298500000 299000000 1267.00697
OX637754.1 299000000 299500000 1266.90879
OX637754.1 299500000 300000000 1266.40028
OX637754.1 300000000 300500000 1266.0
OX637754.1 300500000 301000000 1266.0
OX637754.1 301000000 301500000 1266.0
OX637754.1 301500000 302000000 1266.0
OX637754.1 302000000 302500000 1266.0
OX637754.1 302500000 303000000 1266.0
OX637754.1 303000000 303500000 1266.0
OX637754.1 303500000 304000000 1266.0
OX637754.1 304000000 304500000 1265.85204
OX637754.1 304500000 305000000 1265.26998
OX637754.1 305000000 305500000 1266.0
OX637754.1 305500000 306000000 1266.0
OX637754.1 306000000 306500000 1266.0
OX637754.1 306500000 307000000 1265.92545
OX637754.1 307000000 307500000 1264.88503
OX637754.1 307500000 308000000 1264.0
OX637754.1 308000000 308500000 1264.0
OX637754.1 308500000 309000000 1264.00506
OX637754.1 309000000 309500000 1264.0
OX637754.1 309500000 310000000 1264.0
OX637754.1 310000000 310500000 1264.61567
OX637754.1 310500000 311000000 1265.10318
OX637754.1 311000000 311500000 1265.0
OX637754.1 311500000 312000000 1264.44498
OX637754.1 312000000 312500000 1264.0
OX637754.1 312500000 313000000 1264.0
OX637754.1 313000000 313500000 1264.0
OX637754.1 313500000 314000000 1263.61554
OX637754.1 314000000 314500000 1263.28415
OX637754.1 314500000 315000000 1264.0
OX637754.1 315000000 315500000 1264.0
OX637754.1 315500000 316000000 1264.0
OX637754.1 316000000 316500000 1264.0
OX637754.1 316500000 317000000 1264.0
OX637754.1 317000000 317500000 1264.0
OX637754.1 317500000 318000000 1263.06177
OX637754.1 318000000 318500000 1262.72582
OX637754.1 318500000 319000000 1262.0
OX637754.1 319000000 319500000 1262.0
OX637754.1 319500000 320000000 1262.0
OX637754.1 320000000 320500000 1262.0
OX637754.1 320500000 321000000 1261.26769
OX637754.1 321000000 321500000 1261.0
OX637754.1 321500000 322000000 1261.0
OX637754.1 322000000 322500000 1261.0
OX637754.1 322500000 323000000 1261.0
OX637754.1 323000000 323500000 1259.63285
OX637754.1 323500000 324000000 1258.09066
OX637754.1 324000000 324500000 1258.0
OX637754.1 324500000 325000000 1258.0
OX637754.1 325000000 325500000 1258.70595
OX637754.1 325500000 326000000 1258.3344
OX637754.1 326000000 326500000 1258.0
OX637754.1 326500000 327000000 1257.47812
OX637754.1 327000000 327500000 1257.0
OX637754.1 327500000 328000000 1257.0
OX637754.1 328000000 328500000 1257.0056
OX637754.1 328500000 329000000 1257.00575
OX637754.1 329000000 329500000 1257.0
OX637754.1 329500000 330000000 1256.91392
OX637754.1 330000000 330500000 1256.0
OX637754.1 330500000 331000000 1256.0
OX637754.1 331000000 331500000 1256.0
OX637754.1 331500000 332000000 1256.0
OX637754.1 332000000 332500000 1256.0
OX637754.1 332500000 333000000 1256.0
OX637754.1 333000000 333500000 1256.0
OX637754.1 333500000 334000000 1256.0
OX637754.1 334000000 334500000 1256.0
OX637754.1 334500000 335000000 1256.0
OX637754.1 335000000 335500000 1255.16221
OX637754.1 335500000 336000000 1256.0
OX637754.1 336000000 336500000 1256.0
OX637754.1 336500000 337000000 1256.0
OX637754.1 337000000 337500000 1255.72518
OX637754.1 337500000 338000000 1255.0
OX637754.1 338000000 338500000 1255.0
OX637754.1 338500000 339000000 1255.0
OX637754.1 339000000 339500000 1255.0
OX637754.1 339500000 340000000 1255.0
OX637754.1 340000000 340500000 1255.00077
OX637754.1 340500000 341000000 1254.55795
OX637754.1 341000000 341500000 1253.22476
OX637754.1 341500000 342000000 1253.0
OX637754.1 342000000 342500000 1253.0
OX637754.1 342500000 343000000 1253.0
OX637754.1 343000000 343500000 1252.93062
OX637754.1 343500000 344000000 1252.00839
OX637754.1 344000000 344500000 1252.0
OX637754.1 344500000 345000000 1252.0
OX637754.1 345000000 345500000 1251.52531
OX637754.1 345500000 346000000 1251.0
OX637754.1 346000000 346500000 1250.1912
OX637754.1 346500000 347000000 1250.0
OX637754.1 347000000 347500000 1250.0
OX637754.1 347500000 348000000 1250.0
OX637754.1 348000000 348500000 1250.0
OX637754.1 348500000 349000000 1250.0
OX637754.1 349000000 349500000 1249.64397
OX637754.1 349500000 350000000 1248.7448
OX637754.1 350000000 350500000 1245.0
OX637754.1 350500000 351000000 1245.0
OX637754.1 351000000 351500000 1244.89559
OX637754.1 351500000 352000000 1244.0
OX637754.1 352000000 352500000 1244.0
OX637754.1 352500000 353000000 1243.2684
OX637754.1 353000000 353500000 1242.28562
OX637754.1 353500000 354000000 1241.67671
OX637754.1 354000000 354500000 1241.0
OX637754.1 354500000 355000000 1241.0
OX637754.1 355000000 355500000 1241.0
OX637754.1 355500000 356000000 1240.01488
OX637754.1 356000000 356500000 1240.0
OX637754.1 356500000 357000000 1240.0
OX637754.1 357000000 357500000 1240.0
OX637754.1 357500000 358000000 1240.62309
OX637754.1 358000000 358500000 1240.72328
OX637754.1 358500000 359000000 1240.0
OX637754.1 359000000 359500000 1239.66608
OX637754.1 359500000 360000000 1239.0
OX637754.1 360000000 360500000 1238.5234
OX637754.1 360500000 361000000 1237.19067
OX637754.1 361000000 361500000 1235.0
OX637754.1 361500000 362000000 1235.0
OX637754.1 362000000 362500000 1235.0
OX637754.1 362500000 363000000 1235.0
OX637754.1 363000000 363500000 1235.0
OX637754.1 363500000 364000000 1233.40483
OX637754.1 364000000 364500000 1232.44963
OX637754.1 364500000 365000000 1232.0
OX637754.1 365000000 365500000 1230.09431
OX637754.1 365500000 366000000 1229.63717
OX637754.1 366000000 366500000 1228.30135
OX637754.1 366500000 367000000 1228.01119
OX637754.1 367000000 367500000 1228.00665
OX637754.1 367500000 368000000 1228.0
OX637754.1 368000000 368500000 1228.0
OX637754.1 368500000 369000000 1227.73606
OX637754.1 369000000 369500000 1227.0
OX637754.1 369500000 370000000 1227.91789
OX637754.1 370000000 370500000 1228.0
OX637754.1 370500000 371000000 1227.91844
OX637754.1 371000000 371500000 1227.0
OX637754.1 371500000 372000000 1227.0
OX637754.1 372000000 372500000 1227.0
OX637754.1 372500000 373000000 1226.30154
OX637754.1 373000000 373500000 1226.0
OX637754.1 373500000 374000000 1225.79066
OX637754.1 374000000 374500000 1225.0
OX637754.1 374500000 375000000 1225.0
OX637754.1 375000000 375500000 1225.0
OX637754.1 375500000 376000000 1225.0
OX637754.1 376000000 376500000 1225.0
OX637754.1 376500000 377000000 1225.0
OX637754.1 377000000 377500000 1225.0
OX637754.1 377500000 378000000 1225.0
OX637754.1 378000000 378500000 1225.0
OX637754.1 378500000 379000000 1224.92538
OX637754.1 379000000 379500000 1223.0068
OX637754.1 379500000 380000000 1222.73939
OX637754.1 380000000 380500000 1222.0
OX637754.1 380500000 381000000 1221.21933
OX637754.1 381000000 381500000 1220.74434
OX637754.1 381500000 382000000 1220.0
OX637754.1 382000000 382500000 1220.0
OX637754.1 382500000 383000000 1219.0191
OX637754.1 383000000 383500000 1218.40111
OX637754.1 383500000 384000000 1217.22125
OX637754.1 384000000 384500000 1217.0
OX637754.1 384500000 385000000 1217.0
OX637754.1 385000000 385500000 1217.0
OX637754.1 385500000 386000000 1217.0
OX637754.1 386000000 386500000 1216.32423
OX637754.1 386500000 387000000 1216.00402
OX637754.1 387000000 387500000 1216.0
OX637754.1 387500000 388000000 1216.0
OX637754.1 388000000 388500000 1216.0
OX637754.1 388500000 389000000 1216.0
OX637754.1 389000000 389500000 1216.0
OX637754.1 389500000 390000000 1216.0
OX637754.1 390000000 390500000 1215.41918
OX637754.1 390500000 391000000 1215.0
OX637754.1 391000000 391500000 1214.15894
OX637754.1 391500000 392000000 1214.0
OX637754.1 392000000 392500000 1213.04546
OX637754.1 392500000 393000000 1212.67797
OX637754.1 393000000 393500000 1211.04591
OX637754.1 393500000 394000000 1211.0
OX637754.1 394000000 394500000 1211.0
OX637754.1 394500000 395000000 1210.49299
OX637754.1 395000000 395500000 1210.0
OX637754.1 395500000 396000000 1208.8802
OX637754.1 396000000 396500000 1208.0
OX637754.1 396500000 397000000 1206.54522
OX637754.1 397000000 397500000 1205.0
OX637754.1 397500000 398000000 1205.0
OX637754.1 398000000 398500000 1204.26183
OX637754.1 398500000 399000000 1203.28862
OX637754.1 399000000 399500000 1202.22351
OX637754.1 399500000 400000000 1200.94465
OX637754.1 400000000 400500000 1199.76554
OX637754.1 400500000 401000000 1199.0
OX637754.1 401000000 401500000 1199.0
OX637754.1 401500000 402000000 1199.0
OX637754.1 402000000 402500000 1199.0
OX637754.1 402500000 403000000 1197.31504
OX637754.1 403000000 403500000 1196.0
OX637754.1 403500000 404000000 1195.62438
OX637754.1 404000000 404500000 1195.0
OX637754.1 404500000 405000000 1195.0
OX637754.1 405000000 405500000 1195.0
OX637754.1 405500000 406000000 1194.85793
OX637754.1 406000000 406500000 1194.0
OX637754.1 406500000 407000000 1193.88196
OX637754.1 407000000 407500000 1193.0
OX637754.1 407500000 408000000 1191.90898
OX637754.1 408000000 408500000 1191.0
OX637754.1 408500000 409000000 1189.11091
OX637754.1 409000000 409500000 1189.0016
OX637754.1 409500000 410000000 1188.05921
OX637754.1 410000000 410500000 1186.77374
OX637754.1 410500000 411000000 1185.52698
OX637754.1 411000000 411500000 1183.28241
OX637754.1 411500000 412000000 1183.0
OX637754.1 412000000 412500000 1182.36835
OX637754.1 412500000 413000000 1181.04973
OX637754.1 413000000 413500000 1180.0
OX637754.1 413500000 414000000 1179.39486
OX637754.1 414000000 414500000 1177.19159
OX637754.1 414500000 415000000 1176.03731
OX637754.1 415000000 415500000 1176.0
OX637754.1 415500000 416000000 1175.28594
OX637754.1 416000000 416500000 1175.0
OX637754.1 416500000 417000000 1174.1161
OX637754.1 417000000 417500000 1174.0
OX637754.1 417500000 418000000 1174.0
OX637754.1 418000000 418500000 1171.25053
OX637754.1 418500000 419000000 1169.0
OX637754.1 419000000 419500000 1169.0
OX637754.1 419500000 420000000 1168.86411
OX637754.1 420000000 420500000 1166.73664
OX637754.1 420500000 421000000 1166.0
OX637754.1 421000000 421500000 1166.0
OX637754.1 421500000 422000000 1165.61183
OX637754.1 422000000 422500000 1164.99055
OX637754.1 422500000 423000000 1164.0
OX637754.1 423000000 423500000 1164.0
OX637754.1 423500000 424000000 1164.0
OX637754.1 424000000 424500000 1164.00718
OX637754.1 424500000 425000000 1163.85494
OX637754.1 425000000 425500000 1162.53381
OX637754.1 425500000 426000000 1161.11739
OX637754.1 426000000 426500000 1159.82136
OX637754.1 426500000 427000000 1158.75295
OX637754.1 427000000 427500000 1157.62643
OX637754.1 427500000 428000000 1155.31291
OX637754.1 428000000 428500000 1155.0
OX637754.1 428500000 429000000 1155.00604
OX637754.1 429000000 429500000 1155.0
OX637754.1 429500000 430000000 1153.80774
OX637754.1 430000000 430500000 1153.00454
OX637754.1 430500000 431000000 1153.0
OX637754.1 431000000 431500000 1153.0
OX637754.1 431500000 432000000 1153.0
OX637754.1 432000000 432500000 1153.0
OX637754.1 432500000 433000000 1153.0
OX637754.1 433000000 433500000 1151.92004
OX637754.1 433500000 434000000 1150.06852
OX637754.1 434000000 434500000 1149.65367
OX637754.1 434500000 435000000 1149.68506
OX637754.1 435000000 435500000 1149.0
OX637754.1 435500000 436000000 1148.93031
OX637754.1 436000000 436500000 1148.0
OX637754.1 436500000 437000000 1147.35465
OX637754.1 437000000 437500000 1144.58002
OX637754.1 437500000 438000000 1141.0481
OX637754.1 438000000 438500000 1139.30639
OX637754.1 438500000 439000000 1137.00708
OX637754.1 439000000 439500000 1137.0
OX637754.1 439500000 440000000 1136.95615
OX637754.1 440000000 440500000 1136.0
OX637754.1 440500000 441000000 1135.19258
OX637754.1 441000000 441500000 1135.00806
OX637754.1 441500000 442000000 1134.90472
OX637754.1 442000000 442500000 1133.45593
OX637754.1 442500000 443000000 1132.3053
OX637754.1 443000000 443500000 1131.98971
OX637754.1 443500000 444000000 1130.02407
OX637754.1 444000000 444500000 1129.0
OX637754.1 444500000 445000000 1129.0
OX637754.1 445000000 445500000 1128.78658
OX637754.1 445500000 446000000 1128.0
OX637754.1 446000000 446500000 1124.48078
OX637754.1 446500000 447000000 1122.0
OX637754.1 447000000 447500000 1122.0
OX637754.1 447500000 448000000 1121.48996
OX637754.1 448000000 448500000 1118.70847
OX637754.1 448500000 449000000 1116.8402
OX637754.1 449000000 449500000 1115.41633
OX637754.1 449500000 450000000 1115.0
OX637754.1 450000000 450500000 1114.95278
OX637754.1 450500000 451000000 1113.99277
OX637754.1 451000000 451500000 1113.0
OX637754.1 451500000 452000000 1112.30978
OX637754.1 452000000 452500000 1110.00199
OX637754.1 452500000 453000000 1109.24474
OX637754.1 453000000 453500000 1108.6594
OX637754.1 453500000 454000000 1108.00024
OX637754.1 454000000 454500000 1108.0
OX637754.1 454500000 455000000 1107.82429
OX637754.1 455000000 455500000 1106.06922
OX637754.1 455500000 456000000 1106.0
OX637754.1 456000000 456500000 1106.0
OX637754.1 456500000 457000000 1106.0
OX637754.1 457000000 457500000 1106.0
OX637754.1 457500000 458000000 1104.87006
OX637754.1 458000000 458500000 1102.7522
OX637754.1 458500000 459000000 1100.2831
OX637754.1 459000000 459500000 1100.0
OX637754.1 459500000 460000000 1100.02066
OX637754.1 460000000 460500000 1100.0
OX637754.1 460500000 461000000 1098.72225
OX637754.1 461000000 461500000 1096.01803
OX637754.1 461500000 462000000 1093.83819
OX637754.1 462000000 462500000 1093.0
OX637754.1 462500000 463000000 1093.00741
OX637754.1 463000000 463500000 1092.70268
OX637754.1 463500000 464000000 1091.01916
OX637754.1 464000000 464500000 1089.39153
OX637754.1 464500000 465000000 1087.85137
OX637754.1 465000000 465500000 1085.37967
OX637754.1 465500000 466000000 1082.00657
OX637754.1 466000000 466500000 1081.88207
OX637754.1 466500000 467000000 1079.51154
OX637754.1 467000000 467500000 1077.10266
OX637754.1 467500000 468000000 1075.11105
OX637754.1 468000000 468500000 1074.30307
OX637754.1 468500000 469000000 1071.47326
OX637754.1 469000000 469500000 1066.92117
OX637754.1 469500000 470000000 1065.43516
OX637754.1 470000000 470500000 1062.57505
OX637754.1 470500000 471000000 1061.12863
OX637754.1 471000000 471500000 1058.03208
OX637754.1 471500000 472000000 1054.70302
OX637754.1 472000000 472500000 1051.06755
OX637754.1 472500000 473000000 1051.00348
OX637754.1 473000000 473500000 1049.54388
OX637754.1 473500000 474000000 1048.95912
OX637754.1 474000000 474500000 1046.08733
OX637754.1 474500000 475000000 1044.99384
OX637754.1 475000000 475500000 1039.51975
OX637754.1 475500000 476000000 1039.0
OX637754.1 476000000 476500000 1038.2653
OX637754.1 476500000 477000000 1037.0
OX637754.1 477000000 477500000 1037.0
OX637754.1 477500000 478000000 1037.0
OX637754.1 478000000 478500000 1036.45672
OX637754.1 478500000 479000000 1034.67859
OX637754.1 479000000 479500000 1032.2029
OX637754.1 479500000 480000000 1031.58454
OX637754.1 480000000 480500000 1030.32421
OX637754.1 480500000 481000000 1028.59824
OX637754.1 481000000 481500000 1026.0
OX637754.1 481500000 482000000 1025.18321
OX637754.1 482000000 482500000 1023.45691
OX637754.1 482500000 483000000 1021.41944
OX637754.1 483000000 483500000 1018.69962
OX637754.1 483500000 484000000 1017.10713
OX637754.1 484000000 484500000 1013.06001
OX637754.1 484500000 485000000 1010.79369
OX637754.1 485000000 485500000 1008.28463
OX637754.1 485500000 486000000 1007.94577
OX637754.1 486000000 486500000 1007.55014
OX637754.1 486500000 487000000 1006.07699
OX637754.1 487000000 487500000 1005.21751
OX637754.1 487500000 488000000 1004.72212
OX637754.1 488000000 488500000 1004.00211
OX637754.1 488500000 489000000 1004.0
OX637754.1 489000000 489500000 1004.0
OX637754.1 489500000 490000000 1002.46667
OX637754.1 490000000 490500000 999.7434
OX637754.1 490500000 491000000 998.99622
OX637754.1 491000000 491500000 995.85094
OX637754.1 491500000 492000000 989.73621
OX637754.1 492000000 492500000 982.74109
OX637754.1 492500000 493000000 976.94177
OX637754.1 493000000 493500000 972.3853
OX637754.1 493500000 494000000 969.08662
OX637754.1 494000000 494500000 964.07867
OX637754.1 494500000 495000000 960.63306
OX637754.1 495000000 495500000 954.91838
OX637754.1 495500000 496000000 950.62371
OX637754.1 496000000 496500000 949.81128
OX637754.1 496500000 497000000 946.89802
OX637754.1 497000000 497500000 944.83757
OX637754.1 497500000 498000000 941.45427
OX637754.1 498000000 498500000 938.02924
OX637754.1 498500000 499000000 933.97402
OX637754.1 499000000 499500000 929.36809
OX637754.1 499500000 500000000 928.3433
OX637754.1 500000000 500500000 921.52499
OX637754.1 500500000 501000000 917.57534
OX637754.1 501000000 501500000 914.56499
OX637754.1 501500000 502000000 909.76483
OX637754.1 502000000 502500000 903.694
OX637754.1 502500000 503000000 895.87098
OX637754.1 503000000 503500000 890.46123
OX637754.1 503500000 504000000 884.12865
OX637754.1 504000000 504500000 875.77543
OX637754.1 504500000 505000000 868.29387
OX637754.1 505000000 505500000 860.37939
OX637754.1 505500000 506000000 854.58094
OX637754.1 506000000 506500000 846.87823
OX637754.1 506500000 507000000 839.50808
OX637754.1 507000000 507500000 837.08802
OX637754.1 507500000 508000000 831.35351
OX637754.1 508000000 508500000 825.23444
OX637754.1 508500000 509000000 817.95353
OX637754.1 509000000 509500000 812.27896
OX637754.1 509500000 510000000 808.67259
OX637754.1 510000000 510500000 802.48924
OX637754.1 510500000 511000000 798.35078
OX637754.1 511000000 511500000 792.3455
OX637754.1 511500000 512000000 788.51364
OX637754.1 512000000 512500000 786.3496
OX637754.1 512500000 513000000 783.45321
OX637754.1 513000000 513500000 778.8046
OX637754.1 513500000 514000000 772.74817
OX637754.1 514000000 514500000 764.60159
OX637754.1 514500000 515000000 758.77066
OX637754.1 515000000 515500000 749.57262
OX637754.1 515500000 516000000 742.11529
OX637754.1 516000000 516500000 737.09925
OX637754.1 516500000 517000000 731.04573
OX637754.1 517000000 517500000 723.17821
OX637754.1 517500000 518000000 720.87311
OX637754.1 518000000 518500000 712.22473
OX637754.1 518500000 519000000 701.76557
OX637754.1 519000000 519500000 691.66844
OX637754.1 519500000 520000000 682.98355
OX637754.1 520000000 520500000 671.21634
OX637754.1 520500000 521000000 656.84784
OX637754.1 521000000 521500000 648.71676
OX637754.1 521500000 522000000 645.84819
OX637754.1 522000000 522500000 642.8507
OX637754.1 522500000 523000000 639.11095
OX637754.1 523000000 523500000 635.96948
OX637754.1 523500000 524000000 627.87287
OX637754.1 524000000 524500000 619.72643
OX637754.1 524500000 525000000 606.71165
OX637754.1 525000000 525500000 594.14388
OX637754.1 525500000 526000000 578.58965
OX637754.1 526000000 526500000 568.49834
OX637754.1 526500000 527000000 554.8323
OX637754.1 527000000 527500000 542.9458
OX637754.1 527500000 528000000 531.67653
OX637754.1 528000000 528500000 519.21456
OX637754.1 528500000 529000000 504.22811
OX637754.1 529000000 529500000 483.98978
OX637754.1 529500000 530000000 465.94575
OX637754.1 530000000 530500000 436.58752
OX637754.1 530500000 531000000 420.70545
OX637754.1 531000000 531500000 412.18404
OX637754.1 531500000 532000000 395.92398
OX637754.1 532000000 532500000 383.33513
OX637754.1 532500000 533000000 362.31031
OX637754.1 533000000 533500000 339.21564
OX637754.1 533500000 534000000 319.24684
OX637754.1 534000000 534500000 297.45415
OX637754.1 534500000 535000000 270.64979
OX637754.1 535000000 535500000 244.83861
OX637754.1 535500000 536000000 205.30652
OX637754.1 536000000 536500000 167.79604
OX637754.1 536500000 537000000 132.61376
OX637754.1 537000000 537500000 82.88165
OX637754.1 537500000 538000000 17.6435
OX637754.1 538000000 538359201 2.74098
OX637741.1 0 500000 0.55484
OX637741.1 500000 1000000 1.0
OX637741.1 1000000 1500000 1.0
OX637741.1 1500000 2000000 1.0
OX637741.1 2000000 2500000 1.0
OX637741.1 2500000 3000000 4.5486
OX637741.1 3000000 3500000 7.0
OX637741.1 3500000 4000000 7.0
OX637741.1 4000000 4500000 41.11515
OX637741.1 4500000 5000000 70.87337
OX637741.1 5000000 5500000 86.02536
OX637741.1 5500000 6000000 87.44636
OX637741.1 6000000 6500000 102.39604
OX637741.1 6500000 7000000 119.05176
OX637741.1 7000000 7500000 138.94172
OX637741.1 7500000 8000000 159.20863
OX637741.1 8000000 8500000 197.37702
OX637741.1 8500000 9000000 220.00256
OX637741.1 9000000 9500000 236.39875
OX637741.1 9500000 10000000 246.07972
OX637741.1 10000000 10500000 258.12444
OX637741.1 10500000 11000000 285.66025
OX637741.1 11000000 11500000 307.64213
OX637741.1 11500000 12000000 332.76796
OX637741.1 12000000 12500000 340.98354
OX637741.1 12500000 13000000 355.68078
OX637741.1 13000000 13500000 391.15259
OX637741.1 13500000 14000000 415.85205
OX637741.1 14000000 14500000 436.68686
OX637741.1 14500000 15000000 455.39144
OX637741.1 15000000 15500000 469.94552
OX637741.1 15500000 16000000 491.99295
OX637741.1 16000000 16500000 507.15551
OX637741.1 16500000 17000000 518.81652
OX637741.1 17000000 17500000 529.84577
OX637741.1 17500000 18000000 540.37059
OX637741.1 18000000 18500000 548.83549
OX637741.1 18500000 19000000 563.04293
OX637741.1 19000000 19500000 570.0827
OX637741.1 19500000 20000000 583.44216
OX637741.1 20000000 20500000 594.35839
OX637741.1 20500000 21000000 603.20329
OX637741.1 21000000 21500000 616.80812
OX637741.1 21500000 22000000 625.61726
OX637741.1 22000000 22500000 639.26454
OX637741.1 22500000 23000000 651.80861
OX637741.1 23000000 23500000 658.24869
OX637741.1 23500000 24000000 676.05247
OX637741.1 24000000 24500000 685.34079
OX637741.1 24500000 25000000 692.36366
OX637741.1 25000000 25500000 709.15786
OX637741.1 25500000 26000000 723.67242
OX637741.1 26000000 26500000 731.14964
OX637741.1 26500000 27000000 736.02029
OX637741.1 27000000 27500000 740.69726
OX637741.1 27500000 28000000 744.18157
OX637741.1 28000000 28500000 749.50256
OX637741.1 28500000 29000000 750.8479
OX637741.1 29000000 29500000 761.24687
OX637741.1 29500000 30000000 768.32272
OX637741.1 30000000 30500000 772.77439
OX637741.1 30500000 31000000 777.30994
OX637741.1 31000000 31500000 779.57264
OX637741.1 31500000 32000000 785.15389
OX637741.1 32000000 32500000 788.9341
OX637741.1 32500000 33000000 792.53255
OX637741.1 33000000 33500000 795.66706
OX637741.1 33500000 34000000 800.59601
OX637741.1 34000000 34500000 802.0
OX637741.1 34500000 35000000 805.2834
OX637741.1 35000000 35500000 814.47741
OX637741.1 35500000 36000000 816.0068
OX637741.1 36000000 36500000 816.0
OX637741.1 36500000 37000000 816.3131
OX637741.1 37000000 37500000 818.52697
OX637741.1 37500000 38000000 821.32453
OX637741.1 38000000 38500000 829.54873
OX637741.1 38500000 39000000 838.73999
OX637741.1 39000000 39500000 841.83176
OX637741.1 39500000 40000000 842.0
OX637741.1 40000000 40500000 842.58094
OX637741.1 40500000 41000000 844.05533
OX637741.1 41000000 41500000 846.28889
OX637741.1 41500000 42000000 849.29049
OX637741.1 42000000 42500000 854.05235
OX637741.1 42500000 43000000 857.02461
OX637741.1 43000000 43500000 861.72286
OX637741.1 43500000 44000000 865.42808
OX637741.1 44000000 44500000 867.42677
OX637741.1 44500000 45000000 873.01399
OX637741.1 45000000 45500000 876.17893
OX637741.1 45500000 46000000 878.72809
OX637741.1 46000000 46500000 880.70094
OX637741.1 46500000 47000000 882.50997
OX637741.1 47000000 47500000 883.39567
OX637741.1 47500000 48000000 884.82054
OX637741.1 48000000 48500000 886.0
OX637741.1 48500000 49000000 887.35623
OX637741.1 49000000 49500000 889.74087
OX637741.1 49500000 50000000 892.58345
OX637741.1 50000000 50500000 894.47397
OX637741.1 50500000 51000000 895.28042
OX637741.1 51000000 51500000 895.59273
OX637741.1 51500000 52000000 897.0
OX637741.1 52000000 52500000 897.96923
OX637741.1 52500000 53000000 898.8417
OX637741.1 53000000 53500000 902.06948
OX637741.1 53500000 54000000 904.0
OX637741.1 54000000 54500000 904.24297
OX637741.1 54500000 55000000 904.81157
OX637741.1 55000000 55500000 906.12352
OX637741.1 55500000 56000000 906.0
OX637741.1 56000000 56500000 906.18594
OX637741.1 56500000 57000000 907.00562
OX637741.1 57000000 57500000 907.99262
OX637741.1 57500000 58000000 907.13063
OX637741.1 58000000 58500000 907.2319
OX637741.1 58500000 59000000 908.0
OX637741.1 59000000 59500000 910.2659
OX637741.1 59500000 60000000 913.84427
OX637741.1 60000000 60500000 917.19546
OX637741.1 60500000 61000000 918.03187
OX637741.1 61000000 61500000 918.0
OX637741.1 61500000 62000000 918.78567
OX637741.1 62000000 62500000 920.58277
OX637741.1 62500000 63000000 920.01853
OX637741.1 63000000 63500000 923.23623
OX637741.1 63500000 64000000 926.64
OX637741.1 64000000 64500000 929.0
OX637741.1 64500000 65000000 929.34095
OX637741.1 65000000 65500000 931.16883
OX637741.1 65500000 66000000 933.81442
OX637741.1 66000000 66500000 934.35702
OX637741.1 66500000 67000000 935.0
OX637741.1 67000000 67500000 936.43268
OX637741.1 67500000 68000000 939.69253
OX637741.1 68000000 68500000 939.47216
OX637741.1 68500000 69000000 939.0
OX637741.1 69000000 69500000 939.76493
OX637741.1 69500000 70000000 940.49833
OX637741.1 70000000 70500000 941.35084
OX637741.1 70500000 71000000 942.0
OX637741.1 71000000 71500000 942.0
OX637741.1 71500000 72000000 942.0
OX637741.1 72000000 72500000 942.44401
OX637741.1 72500000 73000000 944.32536
OX637741.1 73000000 73500000 947.0
OX637741.1 73500000 74000000 946.99798
OX637741.1 74000000 74500000 947.0
OX637741.1 74500000 75000000 948.83178
OX637741.1 75000000 75500000 949.0
OX637741.1 75500000 76000000 949.63368
OX637741.1 76000000 76500000 949.45122
OX637741.1 76500000 77000000 950.05894
OX637741.1 77000000 77500000 952.0
OX637741.1 77500000 78000000 952.0
OX637741.1 78000000 78500000 952.59124
OX637741.1 78500000 79000000 953.70678
OX637741.1 79000000 79500000 954.77032
OX637741.1 79500000 80000000 955.0
OX637741.1 80000000 80500000 953.52757
OX637741.1 80500000 81000000 953.0
OX637741.1 81000000 81500000 953.0
OX637741.1 81500000 82000000 953.38202
OX637741.1 82000000 82500000 954.0
OX637741.1 82500000 83000000 954.03061
OX637741.1 83000000 83500000 956.39297
OX637741.1 83500000 84000000 956.97721
OX637741.1 84000000 84500000 956.00957
OX637741.1 84500000 85000000 956.0
OX637741.1 85000000 85500000 956.67048
OX637741.1 85500000 86000000 957.91909
OX637741.1 86000000 86500000 958.0
OX637741.1 86500000 87000000 958.63684
OX637741.1 87000000 87500000 961.06806
OX637741.1 87500000 88000000 962.0
OX637741.1 88000000 88500000 962.04297
OX637741.1 88500000 89000000 963.84527
OX637741.1 89000000 89500000 964.71025
OX637741.1 89500000 90000000 966.98055
OX637741.1 90000000 90500000 967.0
OX637741.1 90500000 91000000 967.0
OX637741.1 91000000 91500000 967.0
OX637741.1 91500000 92000000 967.9268
OX637741.1 92000000 92500000 968.0
OX637741.1 92500000 93000000 968.0
OX637741.1 93000000 93500000 968.00714
OX637741.1 93500000 94000000 968.0
OX637741.1 94000000 94500000 968.0
OX637741.1 94500000 95000000 968.0
OX637741.1 95000000 95500000 968.94932
OX637741.1 95500000 96000000 969.0
OX637741.1 96000000 96500000 969.0
OX637741.1 96500000 97000000 969.04531
OX637741.1 97000000 97500000 970.0
OX637741.1 97500000 98000000 970.0
OX637741.1 98000000 98500000 970.0
OX637741.1 98500000 99000000 970.0
OX637741.1 99000000 99500000 970.0
OX637741.1 99500000 100000000 970.0
OX637741.1 100000000 100500000 969.19845
OX637741.1 100500000 101000000 970.0
OX637741.1 101000000 101500000 970.553
OX637741.1 101500000 102000000 971.82342
OX637741.1 102000000 102500000 971.00313
OX637741.1 102500000 103000000 971.81499
OX637741.1 103000000 103500000 971.63879
OX637741.1 103500000 104000000 971.10396
OX637741.1 104000000 104500000 971.85705
OX637741.1 104500000 105000000 971.00847
OX637741.1 105000000 105500000 971.00374
OX637741.1 105500000 106000000 971.00211
OX637741.1 106000000 106500000 971.0
OX637741.1 106500000 107000000 971.0
OX637741.1 107000000 107500000 972.71498
OX637741.1 107500000 108000000 973.0
OX637741.1 108000000 108500000 973.0
OX637741.1 108500000 109000000 973.00137
OX637741.1 109000000 109500000 973.0
OX637741.1 109500000 110000000 973.0
OX637741.1 110000000 110500000 973.46891
OX637741.1 110500000 111000000 974.0
OX637741.1 111000000 111500000 973.601
OX637741.1 111500000 112000000 972.0
OX637741.1 112000000 112500000 972.0
OX637741.1 112500000 113000000 972.0
OX637741.1 113000000 113500000 972.00594
OX637741.1 113500000 114000000 972.0
OX637741.1 114000000 114500000 972.08664
OX637741.1 114500000 115000000 973.0
OX637741.1 115000000 115500000 972.75275
OX637741.1 115500000 116000000 972.0
OX637741.1 116000000 116500000 972.09662
OX637741.1 116500000 117000000 973.0
OX637741.1 117000000 117500000 973.0
OX637741.1 117500000 118000000 972.64266
OX637741.1 118000000 118500000 972.01118
OX637741.1 118500000 119000000 972.0
OX637741.1 119000000 119500000 972.0
OX637741.1 119500000 120000000 972.0
OX637741.1 120000000 120500000 972.37731
OX637741.1 120500000 121000000 972.47693
OX637741.1 121000000 121500000 972.0
OX637741.1 121500000 122000000 972.36964
OX637741.1 122000000 122500000 973.0
OX637741.1 122500000 123000000 973.0
OX637741.1 123000000 123500000 973.0
OX637741.1 123500000 124000000 973.0
OX637741.1 124000000 124500000 973.8001
OX637741.1 124500000 125000000 972.71691
OX637741.1 125000000 125500000 972.38497
OX637741.1 125500000 126000000 973.0
OX637741.1 126000000 126500000 973.0
OX637741.1 126500000 127000000 973.0
OX637741.1 127000000 127500000 973.0
OX637741.1 127500000 128000000 972.5813
OX637741.1 128000000 128500000 973.25581
OX637741.1 128500000 129000000 974.74411
OX637741.1 129000000 129500000 976.03147
OX637741.1 129500000 130000000 977.19127
OX637741.1 130000000 130500000 978.82257
OX637741.1 130500000 131000000 978.98429
OX637741.1 131000000 131500000 978.0
OX637741.1 131500000 132000000 977.27823
OX637741.1 132000000 132500000 977.00547
OX637741.1 132500000 133000000 976.58371
OX637741.1 133000000 133500000 976.0
OX637741.1 133500000 134000000 976.0
OX637741.1 134000000 134500000 976.0
OX637741.1 134500000 135000000 976.0
OX637741.1 135000000 135500000 976.0
OX637741.1 135500000 136000000 976.1168
OX637741.1 136000000 136500000 977.0
OX637741.1 136500000 137000000 977.00471
OX637741.1 137000000 137500000 977.0
OX637741.1 137500000 138000000 977.0
OX637741.1 138000000 138500000 977.00017
OX637741.1 138500000 139000000 977.0
OX637741.1 139000000 139500000 977.0
OX637741.1 139500000 140000000 977.06603
OX637741.1 140000000 140500000 977.8554
OX637741.1 140500000 141000000 977.98717
OX637741.1 141000000 141500000 977.0
OX637741.1 141500000 142000000 977.78967
OX637741.1 142000000 142500000 978.13907
OX637741.1 142500000 143000000 978.0
OX637741.1 143000000 143500000 978.10411
OX637741.1 143500000 144000000 979.0
OX637741.1 144000000 144500000 979.0
OX637741.1 144500000 145000000 979.44675
OX637741.1 145000000 145500000 980.0
OX637741.1 145500000 146000000 979.71309
OX637741.1 146000000 146500000 979.50718
OX637741.1 146500000 147000000 980.0
OX637741.1 147000000 147500000 980.0
OX637741.1 147500000 148000000 980.0
OX637741.1 148000000 148500000 980.14528
OX637741.1 148500000 149000000 981.0
OX637741.1 149000000 149500000 981.0
OX637741.1 149500000 150000000 981.0
OX637741.1 150000000 150500000 981.0
OX637741.1 150500000 151000000 981.0
OX637741.1 151000000 151500000 981.01206
OX637741.1 151500000 152000000 982.0
OX637741.1 152000000 152500000 982.0
OX637741.1 152500000 153000000 981.49129
OX637741.1 153000000 153500000 981.0
OX637741.1 153500000 154000000 981.0
OX637741.1 154000000 154500000 981.0
OX637741.1 154500000 155000000 981.0
OX637741.1 155000000 155500000 981.0
OX637741.1 155500000 156000000 981.0
OX637741.1 156000000 156500000 981.0
OX637741.1 156500000 157000000 981.0
OX637741.1 157000000 157500000 981.0
OX637741.1 157500000 158000000 981.0
OX637741.1 158000000 158500000 981.0
OX637741.1 158500000 159000000 981.28418
OX637741.1 159000000 159500000 982.0
OX637741.1 159500000 160000000 982.05221
OX637741.1 160000000 160500000 983.0
OX637741.1 160500000 161000000 983.0
OX637741.1 161000000 161500000 983.0
OX637741.1 161500000 162000000 983.06981
OX637741.1 162000000 162500000 984.0
OX637741.1 162500000 163000000 984.0
OX637741.1 163000000 163500000 984.0
OX637741.1 163500000 164000000 984.0
OX637741.1 164000000 164500000 984.0
OX637741.1 164500000 165000000 984.00228
OX637741.1 165000000 165500000 984.0
OX637741.1 165500000 166000000 983.87556
OX637741.1 166000000 166500000 984.0
OX637741.1 166500000 167000000 984.0
OX637741.1 167000000 167500000 984.0
OX637741.1 167500000 168000000 983.16439
OX637741.1 168000000 168500000 983.0
OX637741.1 168500000 169000000 983.0
OX637741.1 169000000 169500000 983.0
OX637741.1 169500000 170000000 983.0
OX637741.1 170000000 170500000 983.0
OX637741.1 170500000 171000000 983.0
OX637741.1 171000000 171500000 983.0
OX637741.1 171500000 172000000 982.58804
OX637741.1 172000000 172500000 982.0
OX637741.1 172500000 173000000 982.0
OX637741.1 173000000 173500000 981.12004
OX637741.1 173500000 174000000 981.0
OX637741.1 174000000 174500000 981.0
OX637741.1 174500000 175000000 981.0
OX637741.1 175000000 175500000 981.0
OX637741.1 175500000 176000000 982.21321
OX637741.1 176000000 176500000 982.5304
OX637741.1 176500000 177000000 982.0
OX637741.1 177000000 177500000 982.0
OX637741.1 177500000 178000000 982.00176
OX637741.1 178000000 178500000 982.0
OX637741.1 178500000 179000000 981.68902
OX637741.1 179000000 179500000 981.0
OX637741.1 179500000 180000000 981.0
OX637741.1 180000000 180500000 981.0
OX637741.1 180500000 181000000 981.0
OX637741.1 181000000 181500000 981.0
OX637741.1 181500000 182000000 980.81726
OX637741.1 182000000 182500000 980.0
OX637741.1 182500000 183000000 980.00179
OX637741.1 183000000 183500000 980.0
OX637741.1 183500000 184000000 980.0
OX637741.1 184000000 184500000 980.00945
OX637741.1 184500000 185000000 978.66046
OX637741.1 185000000 185500000 978.0
OX637741.1 185500000 186000000 978.40727
OX637741.1 186000000 186500000 979.0
OX637741.1 186500000 187000000 979.0
OX637741.1 187000000 187500000 979.0
OX637741.1 187500000 188000000 979.0
OX637741.1 188000000 188500000 979.0
OX637741.1 188500000 189000000 979.0
OX637741.1 189000000 189500000 979.0
OX637741.1 189500000 190000000 979.00023
OX637741.1 190000000 190500000 979.0
OX637741.1 190500000 191000000 979.0
OX637741.1 191000000 191500000 978.92432
OX637741.1 191500000 192000000 978.0
OX637741.1 192000000 192500000 978.0
OX637741.1 192500000 193000000 978.0
OX637741.1 193000000 193500000 978.0
OX637741.1 193500000 194000000 977.02406
OX637741.1 194000000 194500000 977.0
OX637741.1 194500000 195000000 977.00624
OX637741.1 195000000 195500000 977.0
OX637741.1 195500000 196000000 977.0
OX637741.1 196000000 196500000 977.0
OX637741.1 196500000 197000000 976.08547
OX637741.1 197000000 197500000 976.0
OX637741.1 197500000 198000000 976.00616
OX637741.1 198000000 198500000 976.0
OX637741.1 198500000 199000000 976.0
OX637741.1 199000000 199500000 976.0
OX637741.1 199500000 200000000 975.50051
OX637741.1 200000000 200500000 975.0
OX637741.1 200500000 201000000 975.0
OX637741.1 201000000 201500000 975.0
OX637741.1 201500000 202000000 975.00279
OX637741.1 202000000 202500000 975.0
OX637741.1 202500000 203000000 974.55742
OX637741.1 203000000 203500000 974.0
OX637741.1 203500000 204000000 974.0
OX637741.1 204000000 204500000 974.0
OX637741.1 204500000 205000000 974.0
OX637741.1 205000000 205500000 974.13842
OX637741.1 205500000 206000000 975.0
OX637741.1 206000000 206500000 974.24501
OX637741.1 206500000 207000000 973.00348
OX637741.1 207000000 207500000 973.0
OX637741.1 207500000 208000000 973.0
OX637741.1 208000000 208500000 973.0
OX637741.1 208500000 209000000 973.0
OX637741.1 209000000 209500000 973.0
OX637741.1 209500000 210000000 973.0
OX637741.1 210000000 210500000 973.0
OX637741.1 210500000 211000000 972.4344
OX637741.1 211000000 211500000 972.0
OX637741.1 211500000 212000000 972.0
OX637741.1 212000000 212500000 971.92756
OX637741.1 212500000 213000000 971.0
OX637741.1 213000000 213500000 971.2606
OX637741.1 213500000 214000000 972.0
OX637741.1 214000000 214500000 972.62601
OX637741.1 214500000 215000000 972.18693
OX637741.1 215000000 215500000 972.0
OX637741.1 215500000 216000000 972.0
OX637741.1 216000000 216500000 972.0
OX637741.1 216500000 217000000 972.0
OX637741.1 217000000 217500000 972.0
OX637741.1 217500000 218000000 970.3557
OX637741.1 218000000 218500000 970.0
OX637741.1 218500000 219000000 970.00037
OX637741.1 219000000 219500000 969.55542
OX637741.1 219500000 220000000 969.83227
OX637741.1 220000000 220500000 970.0
OX637741.1 220500000 221000000 970.0
OX637741.1 221000000 221500000 970.0
OX637741.1 221500000 222000000 970.0
OX637741.1 222000000 222500000 970.0
OX637741.1 222500000 223000000 970.0
OX637741.1 223000000 223500000 970.0
OX637741.1 223500000 224000000 970.0
OX637741.1 224000000 224500000 970.0
OX637741.1 224500000 225000000 970.0
OX637741.1 225000000 225500000 970.0
OX637741.1 225500000 226000000 970.00019
OX637741.1 226000000 226500000 970.0
OX637741.1 226500000 227000000 970.0
OX637741.1 227000000 227500000 970.0
OX637741.1 227500000 228000000 970.0
OX637741.1 228000000 228500000 970.0
OX637741.1 228500000 229000000 970.0
OX637741.1 229000000 229500000 970.0
OX637741.1 229500000 230000000 970.0
OX637741.1 230000000 230500000 969.7723
OX637741.1 230500000 231000000 969.0
OX637741.1 231000000 231500000 969.0
OX637741.1 231500000 232000000 969.0
OX637741.1 232000000 232500000 969.0
OX637741.1 232500000 233000000 969.11297
OX637741.1 233000000 233500000 970.4026
OX637741.1 233500000 234000000 971.0
OX637741.1 234000000 234500000 971.0
OX637741.1 234500000 235000000 970.78196
OX637741.1 235000000 235500000 970.0
OX637741.1 235500000 236000000 970.0
OX637741.1 236000000 236500000 970.0
OX637741.1 236500000 237000000 970.00592
OX637741.1 237000000 237500000 970.0
OX637741.1 237500000 238000000 970.0
OX637741.1 238000000 238500000 970.0
OX637741.1 238500000 239000000 970.64341
OX637741.1 239000000 239500000 971.0
OX637741.1 239500000 240000000 971.0
OX637741.1 240000000 240500000 970.71925
OX637741.1 240500000 241000000 970.0
OX637741.1 241000000 241500000 970.0
OX637741.1 241500000 242000000 970.0
OX637741.1 242000000 242500000 970.00238
OX637741.1 242500000 243000000 971.0
OX637741.1 243000000 243500000 971.0
OX637741.1 243500000 244000000 971.0
OX637741.1 244000000 244500000 971.0
OX637741.1 244500000 245000000 971.0
OX637741.1 245000000 245500000 971.0
OX637741.1 245500000 246000000 971.0
OX637741.1 246000000 246500000 971.0
OX637741.1 246500000 247000000 971.0
OX637741.1 247000000 247500000 971.0
OX637741.1 247500000 248000000 971.0
OX637741.1 248000000 248500000 971.0
OX637741.1 248500000 249000000 971.0
OX637741.1 249000000 249500000 970.40578
OX637741.1 249500000 250000000 970.0
OX637741.1 250000000 250500000 970.0
OX637741.1 250500000 251000000 970.0
OX637741.1 251000000 251500000 970.0
OX637741.1 251500000 252000000 970.0
OX637741.1 252000000 252500000 970.0
OX637741.1 252500000 253000000 970.0
OX637741.1 253000000 253500000 969.51909
OX637741.1 253500000 254000000 969.0
OX637741.1 254000000 254500000 968.27888
OX637741.1 254500000 255000000 967.0
OX637741.1 255000000 255500000 966.7076
OX637741.1 255500000 256000000 966.0
OX637741.1 256000000 256500000 966.0
OX637741.1 256500000 257000000 966.0
OX637741.1 257000000 257500000 965.96885
OX637741.1 257500000 258000000 964.84489
OX637741.1 258000000 258500000 964.0
OX637741.1 258500000 259000000 964.0
OX637741.1 259000000 259500000 964.25861
OX637741.1 259500000 260000000 964.62497
OX637741.1 260000000 260500000 964.0
OX637741.1 260500000 261000000 963.77357
OX637741.1 261000000 261500000 963.0
OX637741.1 261500000 262000000 963.0
OX637741.1 262000000 262500000 963.0
OX637741.1 262500000 263000000 962.78937
OX637741.1 263000000 263500000 962.0
OX637741.1 263500000 264000000 961.44148
OX637741.1 264000000 264500000 960.39621
OX637741.1 264500000 265000000 960.0
OX637741.1 265000000 265500000 959.56679
OX637741.1 265500000 266000000 959.0
OX637741.1 266000000 266500000 959.0
OX637741.1 266500000 267000000 959.0
OX637741.1 267000000 267500000 959.0
OX637741.1 267500000 268000000 959.0
OX637741.1 268000000 268500000 959.02178
OX637741.1 268500000 269000000 958.10911
OX637741.1 269000000 269500000 958.0
OX637741.1 269500000 270000000 957.18481
OX637741.1 270000000 270500000 957.0
OX637741.1 270500000 271000000 957.0
OX637741.1 271000000 271500000 957.0
OX637741.1 271500000 272000000 957.0
OX637741.1 272000000 272500000 957.0
OX637741.1 272500000 273000000 957.0
OX637741.1 273000000 273500000 956.11032
OX637741.1 273500000 274000000 956.0
OX637741.1 274000000 274500000 956.0
OX637741.1 274500000 275000000 956.0
OX637741.1 275000000 275500000 956.0
OX637741.1 275500000 276000000 956.0
OX637741.1 276000000 276500000 956.0
OX637741.1 276500000 277000000 956.0
OX637741.1 277000000 277500000 956.0
OX637741.1 277500000 278000000 956.0
OX637741.1 278000000 278500000 956.0
OX637741.1 278500000 279000000 955.28172
OX637741.1 279000000 279500000 953.48843
OX637741.1 279500000 280000000 953.0
OX637741.1 280000000 280500000 953.0
OX637741.1 280500000 281000000 953.0
OX637741.1 281000000 281500000 952.15467
OX637741.1 281500000 282000000 951.02306
OX637741.1 282000000 282500000 949.66197
OX637741.1 282500000 283000000 947.0
OX637741.1 283000000 283500000 947.69017
OX637741.1 283500000 284000000 946.69781
OX637741.1 284000000 284500000 945.79585
OX637741.1 284500000 285000000 945.0
OX637741.1 285000000 285500000 945.0
OX637741.1 285500000 286000000 945.0
OX637741.1 286000000 286500000 945.0
OX637741.1 286500000 287000000 944.28235
OX637741.1 287000000 287500000 944.0
OX637741.1 287500000 288000000 944.0
OX637741.1 288000000 288500000 944.0
OX637741.1 288500000 289000000 943.94515
OX637741.1 289000000 289500000 943.0
OX637741.1 289500000 290000000 943.00156
OX637741.1 290000000 290500000 943.0
OX637741.1 290500000 291000000 943.00841
OX637741.1 291000000 291500000 942.2616
OX637741.1 291500000 292000000 942.0
OX637741.1 292000000 292500000 942.0
OX637741.1 292500000 293000000 942.00493
OX637741.1 293000000 293500000 942.0
OX637741.1 293500000 294000000 941.62427
OX637741.1 294000000 294500000 940.12128
OX637741.1 294500000 295000000 939.46681
OX637741.1 295000000 295500000 939.0
OX637741.1 295500000 296000000 939.0
OX637741.1 296000000 296500000 936.74881
OX637741.1 296500000 297000000 935.9697
OX637741.1 297000000 297500000 935.0
OX637741.1 297500000 298000000 935.0
OX637741.1 298000000 298500000 935.0
OX637741.1 298500000 299000000 933.54047
OX637741.1 299000000 299500000 933.0
OX637741.1 299500000 300000000 933.0
OX637741.1 300000000 300500000 933.0
OX637741.1 300500000 301000000 931.54521
OX637741.1 301000000 301500000 931.0
OX637741.1 301500000 302000000 929.76948
OX637741.1 302000000 302500000 929.0
OX637741.1 302500000 303000000 928.09421
OX637741.1 303000000 303500000 928.0
OX637741.1 303500000 304000000 928.0
OX637741.1 304000000 304500000 927.32373
OX637741.1 304500000 305000000 927.0
OX637741.1 305000000 305500000 926.21855
OX637741.1 305500000 306000000 925.63994
OX637741.1 306000000 306500000 924.23141
OX637741.1 306500000 307000000 924.0
OX637741.1 307000000 307500000 924.0
OX637741.1 307500000 308000000 924.00085
OX637741.1 308000000 308500000 922.57113
OX637741.1 308500000 309000000 920.56015
OX637741.1 309000000 309500000 920.0
OX637741.1 309500000 310000000 920.0
OX637741.1 310000000 310500000 920.0
OX637741.1 310500000 311000000 919.57823
OX637741.1 311000000 311500000 919.0
OX637741.1 311500000 312000000 917.68138
OX637741.1 312000000 312500000 916.0
OX637741.1 312500000 313000000 916.0
OX637741.1 313000000 313500000 916.0
OX637741.1 313500000 314000000 916.0
OX637741.1 314000000 314500000 916.0
OX637741.1 314500000 315000000 916.0
OX637741.1 315000000 315500000 915.10282
OX637741.1 315500000 316000000 912.58904
OX637741.1 316000000 316500000 910.25164
OX637741.1 316500000 317000000 910.09841
OX637741.1 317000000 317500000 908.00911
OX637741.1 317500000 318000000 907.19193
OX637741.1 318000000 318500000 906.48937
OX637741.1 318500000 319000000 905.1383
OX637741.1 319000000 319500000 904.56179
OX637741.1 319500000 320000000 902.71332
OX637741.1 320000000 320500000 902.0
OX637741.1 320500000 321000000 901.81613
OX637741.1 321000000 321500000 900.01245
OX637741.1 321500000 322000000 900.0
OX637741.1 322000000 322500000 899.08845
OX637741.1 322500000 323000000 898.0
OX637741.1 323000000 323500000 897.67155
OX637741.1 323500000 324000000 896.0
OX637741.1 324000000 324500000 896.0
OX637741.1 324500000 325000000 896.0
OX637741.1 325000000 325500000 896.0
OX637741.1 325500000 326000000 896.33269
OX637741.1 326000000 326500000 897.0
OX637741.1 326500000 327000000 895.55381
OX637741.1 327000000 327500000 894.12397
OX637741.1 327500000 328000000 892.16946
OX637741.1 328000000 328500000 892.0
OX637741.1 328500000 329000000 891.38999
OX637741.1 329000000 329500000 891.0
OX637741.1 329500000 330000000 891.0
OX637741.1 330000000 330500000 891.00758
OX637741.1 330500000 331000000 890.11883
OX637741.1 331000000 331500000 888.83868
OX637741.1 331500000 332000000 887.80854
OX637741.1 332000000 332500000 886.05142
OX637741.1 332500000 333000000 886.0
OX637741.1 333000000 333500000 886.0
OX637741.1 333500000 334000000 884.72661
OX637741.1 334000000 334500000 882.4774
OX637741.1 334500000 335000000 882.00138
OX637741.1 335000000 335500000 882.0
OX637741.1 335500000 336000000 880.98582
OX637741.1 336000000 336500000 879.68199
OX637741.1 336500000 337000000 879.0
OX637741.1 337000000 337500000 878.68668
OX637741.1 337500000 338000000 878.0
OX637741.1 338000000 338500000 878.0
OX637741.1 338500000 339000000 878.0
OX637741.1 339000000 339500000 877.9199
OX637741.1 339500000 340000000 877.36196
OX637741.1 340000000 340500000 877.0
OX637741.1 340500000 341000000 876.53412
OX637741.1 341000000 341500000 876.0
OX637741.1 341500000 342000000 875.43719
OX637741.1 342000000 342500000 875.0
OX637741.1 342500000 343000000 875.0
OX637741.1 343000000 343500000 875.0
OX637741.1 343500000 344000000 875.0076
OX637741.1 344000000 344500000 874.15694
OX637741.1 344500000 345000000 874.00363
OX637741.1 345000000 345500000 874.0
OX637741.1 345500000 346000000 873.59518
OX637741.1 346000000 346500000 872.45246
OX637741.1 346500000 347000000 872.7971
OX637741.1 347000000 347500000 872.8814
OX637741.1 347500000 348000000 873.0
OX637741.1 348000000 348500000 871.91474
OX637741.1 348500000 349000000 870.69405
OX637741.1 349000000 349500000 870.0
OX637741.1 349500000 350000000 869.63263
OX637741.1 350000000 350500000 869.0
OX637741.1 350500000 351000000 869.0
OX637741.1 351000000 351500000 869.0
OX637741.1 351500000 352000000 868.41399
OX637741.1 352000000 352500000 867.0
OX637741.1 352500000 353000000 867.0
OX637741.1 353000000 353500000 867.0
OX637741.1 353500000 354000000 867.00925
OX637741.1 354000000 354500000 866.45167
OX637741.1 354500000 355000000 865.0
OX637741.1 355000000 355500000 865.0
OX637741.1 355500000 356000000 865.0
OX637741.1 356000000 356500000 864.86934
OX637741.1 356500000 357000000 863.41305
OX637741.1 357000000 357500000 862.00028
OX637741.1 357500000 358000000 861.11112
OX637741.1 358000000 358500000 859.84603
OX637741.1 358500000 359000000 858.1281
OX637741.1 359000000 359500000 857.46803
OX637741.1 359500000 360000000 857.0
OX637741.1 360000000 360500000 856.47708
OX637741.1 360500000 361000000 853.56272
OX637741.1 361000000 361500000 852.06261
OX637741.1 361500000 362000000 850.48436
OX637741.1 362000000 362500000 850.0
OX637741.1 362500000 363000000 848.52132
OX637741.1 363000000 363500000 847.45749
OX637741.1 363500000 364000000 845.41455
OX637741.1 364000000 364500000 843.85337
OX637741.1 364500000 365000000 843.0
OX637741.1 365000000 365500000 842.01198
OX637741.1 365500000 366000000 841.36293
OX637741.1 366000000 366500000 841.0
OX637741.1 366500000 367000000 840.91658
OX637741.1 367000000 367500000 840.0
OX637741.1 367500000 368000000 839.45712
OX637741.1 368000000 368500000 838.1648
OX637741.1 368500000 369000000 836.08438
OX637741.1 369000000 369500000 835.0
OX637741.1 369500000 370000000 834.18871
OX637741.1 370000000 370500000 832.55963
OX637741.1 370500000 371000000 829.59103
OX637741.1 371000000 371500000 829.01019
OX637741.1 371500000 372000000 828.49518
OX637741.1 372000000 372500000 827.11241
OX637741.1 372500000 373000000 826.0
OX637741.1 373000000 373500000 825.09536
OX637741.1 373500000 374000000 822.8475
OX637741.1 374000000 374500000 821.01963
OX637741.1 374500000 375000000 819.95227
OX637741.1 375000000 375500000 818.59865
OX637741.1 375500000 376000000 816.95417
OX637741.1 376000000 376500000 813.43875
OX637741.1 376500000 377000000 809.91241
OX637741.1 377000000 377500000 809.0
OX637741.1 377500000 378000000 808.10919
OX637741.1 378000000 378500000 807.91493
OX637741.1 378500000 379000000 804.64358
OX637741.1 379000000 379500000 797.82991
OX637741.1 379500000 380000000 794.77392
OX637741.1 380000000 380500000 792.56249
OX637741.1 380500000 381000000 789.8854
OX637741.1 381000000 381500000 787.74394
OX637741.1 381500000 382000000 785.84168
OX637741.1 382000000 382500000 783.24819
OX637741.1 382500000 383000000 779.61264
OX637741.1 383000000 383500000 777.51909
OX637741.1 383500000 384000000 772.85107
OX637741.1 384000000 384500000 771.32044
OX637741.1 384500000 385000000 769.73447
OX637741.1 385000000 385500000 766.40004
OX637741.1 385500000 386000000 760.89527
OX637741.1 386000000 386500000 759.53838
OX637741.1 386500000 387000000 755.79819
OX637741.1 387000000 387500000 753.27122
OX637741.1 387500000 388000000 752.55656
OX637741.1 388000000 388500000 748.22385
OX637741.1 388500000 389000000 736.71179
OX637741.1 389000000 389500000 733.67515
OX637741.1 389500000 390000000 731.62591
OX637741.1 390000000 390500000 728.5913
OX637741.1 390500000 391000000 727.00267
OX637741.1 391000000 391500000 724.90669
OX637741.1 391500000 392000000 720.99385
OX637741.1 392000000 392500000 718.15475
OX637741.1 392500000 393000000 715.95688
OX637741.1 393000000 393500000 712.10179
OX637741.1 393500000 394000000 709.2775
OX637741.1 394000000 394500000 706.33239
OX637741.1 394500000 395000000 703.8473
OX637741.1 395000000 395500000 700.98347
OX637741.1 395500000 396000000 697.10408
OX637741.1 396000000 396500000 692.59762
OX637741.1 396500000 397000000 684.42665
OX637741.1 397000000 397500000 675.90177
OX637741.1 397500000 398000000 672.72111
OX637741.1 398000000 398500000 666.18884
OX637741.1 398500000 399000000 658.92323
OX637741.1 399000000 399500000 650.23192
OX637741.1 399500000 400000000 642.28611
OX637741.1 400000000 400500000 630.51142
OX637741.1 400500000 401000000 624.52678
OX637741.1 401000000 401500000 622.0
OX637741.1 401500000 402000000 618.84185
OX637741.1 402000000 402500000 617.26087
OX637741.1 402500000 403000000 613.2639
OX637741.1 403000000 403500000 604.65606
OX637741.1 403500000 404000000 600.8667
OX637741.1 404000000 404500000 595.10233
OX637741.1 404500000 405000000 587.7243
OX637741.1 405000000 405500000 579.68756
OX637741.1 405500000 406000000 573.95144
OX637741.1 406000000 406500000 567.34993
OX637741.1 406500000 407000000 557.43401
OX637741.1 407000000 407500000 549.17254
OX637741.1 407500000 408000000 546.21323
OX637741.1 408000000 408500000 540.38509
OX637741.1 408500000 409000000 533.89727
OX637741.1 409000000 409500000 530.4887
OX637741.1 409500000 410000000 524.77405
OX637741.1 410000000 410500000 513.85135
OX637741.1 410500000 411000000 502.30905
OX637741.1 411000000 411500000 487.66741
OX637741.1 411500000 412000000 476.96443
OX637741.1 412000000 412500000 460.68172
OX637741.1 412500000 413000000 442.58243
OX637741.1 413000000 413500000 423.00629
OX637741.1 413500000 414000000 399.72543
OX637741.1 414000000 414500000 384.48753
OX637741.1 414500000 415000000 370.33607
OX637741.1 415000000 415500000 355.05528
OX637741.1 415500000 416000000 340.36739
OX637741.1 416000000 416500000 330.26831
OX637741.1 416500000 417000000 309.79986
OX637741.1 417000000 417500000 295.40552
OX637741.1 417500000 418000000 271.37564
OX637741.1 418000000 418500000 250.61446
OX637741.1 418500000 419000000 222.35117
OX637741.1 419000000 419500000 205.1637
OX637741.1 419500000 420000000 180.04868
OX637741.1 420000000 420500000 148.63246
OX637741.1 420500000 421000000 109.9665
OX637741.1 421000000 421500000 55.42667
OX637741.1 421500000 422000000 30.0
OX637741.1 422000000 422500000 29.30049
OX637741.1 422500000 423000000 13.23775
OX637741.1 423000000 423500000 4.92771
OX637741.1 423500000 424000000 0.0
OX637741.1 424000000 424500000 0.0
OX637741.1 424500000 424937212 0.0
OX637748.1 0 500000 35.52864
OX637748.1 500000 1000000 41.7157
OX637748.1 1000000 1500000 48.84434
OX637748.1 1500000 2000000 132.79099
OX637748.1 2000000 2500000 191.3565
OX637748.1 2500000 3000000 196.15942
OX637748.1 3000000 3500000 228.96527
OX637748.1 3500000 4000000 289.0512
OX637748.1 4000000 4500000 358.16732
OX637748.1 4500000 5000000 419.48823
OX637748.1 5000000 5500000 470.33294
OX637748.1 5500000 6000000 493.65019
OX637748.1 6000000 6500000 521.76888
OX637748.1 6500000 7000000 539.0
OX637748.1 7000000 7500000 539.0
OX637748.1 7500000 8000000 540.60707
OX637748.1 8000000 8500000 556.38541
OX637748.1 8500000 9000000 572.0
OX637748.1 9000000 9500000 572.0
OX637748.1 9500000 10000000 572.0
OX637748.1 10000000 10500000 574.79609
OX637748.1 10500000 11000000 576.0
OX637748.1 11000000 11500000 576.0
OX637748.1 11500000 12000000 576.02818
OX637748.1 12000000 12500000 582.44097
OX637748.1 12500000 13000000 595.62701
OX637748.1 13000000 13500000 611.31288
OX637748.1 13500000 14000000 646.07297
OX637748.1 14000000 14500000 676.14475
OX637748.1 14500000 15000000 696.93678
OX637748.1 15000000 15500000 731.31924
OX637748.1 15500000 16000000 769.54332
OX637748.1 16000000 16500000 810.74959
OX637748.1 16500000 17000000 836.04357
OX637748.1 17000000 17500000 857.33333
OX637748.1 17500000 18000000 871.81851
OX637748.1 18000000 18500000 887.46137
OX637748.1 18500000 19000000 904.78029
OX637748.1 19000000 19500000 923.41828
OX637748.1 19500000 20000000 932.13568
OX637748.1 20000000 20500000 942.0679
OX637748.1 20500000 21000000 953.28407
OX637748.1 21000000 21500000 967.59843
OX637748.1 21500000 22000000 980.44771
OX637748.1 22000000 22500000 993.98312
OX637748.1 22500000 23000000 1000.72525
OX637748.1 23000000 23500000 1009.7891
OX637748.1 23500000 24000000 1019.12557
OX637748.1 24000000 24500000 1023.50522
OX637748.1 24500000 25000000 1036.32127
OX637748.1 25000000 25500000 1048.38814
OX637748.1 25500000 26000000 1056.39219
OX637748.1 26000000 26500000 1068.34533
OX637748.1 26500000 27000000 1079.29916
OX637748.1 27000000 27500000 1085.74151
OX637748.1 27500000 28000000 1098.2943
OX637748.1 28000000 28500000 1103.77858
OX637748.1 28500000 29000000 1109.8191
OX637748.1 29000000 29500000 1117.08316
OX637748.1 29500000 30000000 1125.44581
OX637748.1 30000000 30500000 1132.49758
OX637748.1 30500000 31000000 1137.97343
OX637748.1 31000000 31500000 1142.73503
OX637748.1 31500000 32000000 1149.60487
OX637748.1 32000000 32500000 1154.53755
OX637748.1 32500000 33000000 1158.51432
OX637748.1 33000000 33500000 1161.9423
OX637748.1 33500000 34000000 1163.19162
OX637748.1 34000000 34500000 1167.56658
OX637748.1 34500000 35000000 1172.93916
OX637748.1 35000000 35500000 1177.1042
OX637748.1 35500000 36000000 1179.92296
OX637748.1 36000000 36500000 1181.44096
OX637748.1 36500000 37000000 1182.66182
OX637748.1 37000000 37500000 1185.0
OX637748.1 37500000 38000000 1186.86653
OX637748.1 38000000 38500000 1190.28236
OX637748.1 38500000 39000000 1193.55552
OX637748.1 39000000 39500000 1194.63939
OX637748.1 39500000 40000000 1195.12959
OX637748.1 40000000 40500000 1199.09816
OX637748.1 40500000 41000000 1203.11312
OX637748.1 41000000 41500000 1204.55202
OX637748.1 41500000 42000000 1209.18039
OX637748.1 42000000 42500000 1214.12469
OX637748.1 42500000 43000000 1218.97564
OX637748.1 43000000 43500000 1224.33657
OX637748.1 43500000 44000000 1227.33816
OX637748.1 44000000 44500000 1232.28204
OX637748.1 44500000 45000000 1235.46533
OX637748.1 45000000 45500000 1240.3625
OX637748.1 45500000 46000000 1243.09989
OX637748.1 46000000 46500000 1247.54561
OX637748.1 46500000 47000000 1250.17809
OX637748.1 47000000 47500000 1252.73918
OX637748.1 47500000 48000000 1257.38845
OX637748.1 48000000 48500000 1262.96061
OX637748.1 48500000 49000000 1265.53263
OX637748.1 49000000 49500000 1268.00041
OX637748.1 49500000 50000000 1270.14639
OX637748.1 50000000 50500000 1275.75213
OX637748.1 50500000 51000000 1278.44676
OX637748.1 51000000 51500000 1280.50046
OX637748.1 51500000 52000000 1282.46395
OX637748.1 52000000 52500000 1284.36439
OX637748.1 52500000 53000000 1291.60332
OX637748.1 53000000 53500000 1293.49916
OX637748.1 53500000 54000000 1297.93981
OX637748.1 54000000 54500000 1301.65101
OX637748.1 54500000 55000000 1304.38555
OX637748.1 55000000 55500000 1307.49817
OX637748.1 55500000 56000000 1309.46881
OX637748.1 56000000 56500000 1311.90844
OX637748.1 56500000 57000000 1313.81567
OX637748.1 57000000 57500000 1316.0982
OX637748.1 57500000 58000000 1318.55422
OX637748.1 58000000 58500000 1321.31087
OX637748.1 58500000 59000000 1322.18665
OX637748.1 59000000 59500000 1323.85001
OX637748.1 59500000 60000000 1323.99722
OX637748.1 60000000 60500000 1325.42919
OX637748.1 60500000 61000000 1327.50194
OX637748.1 61000000 61500000 1328.0
OX637748.1 61500000 62000000 1329.06929
OX637748.1 62000000 62500000 1330.0
OX637748.1 62500000 63000000 1330.0
OX637748.1 63000000 63500000 1330.0
OX637748.1 63500000 64000000 1330.0
OX637748.1 64000000 64500000 1330.73003
OX637748.1 64500000 65000000 1333.37674
OX637748.1 65000000 65500000 1336.2665
OX637748.1 65500000 66000000 1339.45292
OX637748.1 66000000 66500000 1343.84434
OX637748.1 66500000 67000000 1345.18329
OX637748.1 67000000 67500000 1347.62595
OX637748.1 67500000 68000000 1349.48314
OX637748.1 68000000 68500000 1351.03013
OX637748.1 68500000 69000000 1358.92872
OX637748.1 69000000 69500000 1360.01056
OX637748.1 69500000 70000000 1360.0
OX637748.1 70000000 70500000 1361.79882
OX637748.1 70500000 71000000 1363.54129
OX637748.1 71000000 71500000 1366.39154
OX637748.1 71500000 72000000 1367.84012
OX637748.1 72000000 72500000 1370.51823
OX637748.1 72500000 73000000 1371.0
OX637748.1 73000000 73500000 1371.0039
OX637748.1 73500000 74000000 1371.48587
OX637748.1 74000000 74500000 1373.29662
OX637748.1 74500000 75000000 1374.0
OX637748.1 75000000 75500000 1374.14023
OX637748.1 75500000 76000000 1375.9793
OX637748.1 76000000 76500000 1380.57085
OX637748.1 76500000 77000000 1383.47975
OX637748.1 77000000 77500000 1384.0
OX637748.1 77500000 78000000 1384.1671
OX637748.1 78000000 78500000 1385.78281
OX637748.1 78500000 79000000 1389.7959
OX637748.1 79000000 79500000 1391.90369
OX637748.1 79500000 80000000 1392.78671
OX637748.1 80000000 80500000 1393.89455
OX637748.1 80500000 81000000 1397.47449
OX637748.1 81000000 81500000 1400.9203
OX637748.1 81500000 82000000 1402.11796
OX637748.1 82000000 82500000 1403.0
OX637748.1 82500000 83000000 1403.07498
OX637748.1 83000000 83500000 1404.0
OX637748.1 83500000 84000000 1404.71513
OX637748.1 84000000 84500000 1406.0
OX637748.1 84500000 85000000 1406.0
OX637748.1 85000000 85500000 1406.45449
OX637748.1 85500000 86000000 1407.82619
OX637748.1 86000000 86500000 1408.07658
OX637748.1 86500000 87000000 1409.0
OX637748.1 87000000 87500000 1409.62483
OX637748.1 87500000 88000000 1412.59564
OX637748.1 88000000 88500000 1413.0
OX637748.1 88500000 89000000 1413.0
OX637748.1 89000000 89500000 1413.82946
OX637748.1 89500000 90000000 1414.0
OX637748.1 90000000 90500000 1414.65824
OX637748.1 90500000 91000000 1416.0
OX637748.1 91000000 91500000 1417.18321
OX637748.1 91500000 92000000 1418.0
OX637748.1 92000000 92500000 1418.0
OX637748.1 92500000 93000000 1418.82773
OX637748.1 93000000 93500000 1418.86308
OX637748.1 93500000 94000000 1418.88474
OX637748.1 94000000 94500000 1420.80284
OX637748.1 94500000 95000000 1421.0
OX637748.1 95000000 95500000 1421.70633
OX637748.1 95500000 96000000 1422.46103
OX637748.1 96000000 96500000 1423.0
OX637748.1 96500000 97000000 1423.0
OX637748.1 97000000 97500000 1423.0
OX637748.1 97500000 98000000 1423.0
OX637748.1 98000000 98500000 1423.0
OX637748.1 98500000 99000000 1423.0
OX637748.1 99000000 99500000 1423.0
OX637748.1 99500000 100000000 1423.00406
OX637748.1 100000000 100500000 1423.0
OX637748.1 100500000 101000000 1423.00179
OX637748.1 101000000 101500000 1423.16995
OX637748.1 101500000 102000000 1424.0
OX637748.1 102000000 102500000 1423.12463
OX637748.1 102500000 103000000 1424.0
OX637748.1 103000000 103500000 1424.48762
OX637748.1 103500000 104000000 1425.53371
OX637748.1 104000000 104500000 1426.0
OX637748.1 104500000 105000000 1426.39724
OX637748.1 105000000 105500000 1427.27022
OX637748.1 105500000 106000000 1428.0
OX637748.1 106000000 106500000 1428.08441
OX637748.1 106500000 107000000 1429.0
OX637748.1 107000000 107500000 1429.00297
OX637748.1 107500000 108000000 1429.0
OX637748.1 108000000 108500000 1429.0
OX637748.1 108500000 109000000 1429.0
OX637748.1 109000000 109500000 1429.65012
OX637748.1 109500000 110000000 1430.42538
OX637748.1 110000000 110500000 1431.20398
OX637748.1 110500000 111000000 1432.4646
OX637748.1 111000000 111500000 1433.55399
OX637748.1 111500000 112000000 1435.31213
OX637748.1 112000000 112500000 1436.0
OX637748.1 112500000 113000000 1435.3133
OX637748.1 113000000 113500000 1435.0
OX637748.1 113500000 114000000 1435.0
OX637748.1 114000000 114500000 1435.15242
OX637748.1 114500000 115000000 1436.0
OX637748.1 115000000 115500000 1436.0
OX637748.1 115500000 116000000 1436.0
OX637748.1 116000000 116500000 1436.0
OX637748.1 116500000 117000000 1436.0
OX637748.1 117000000 117500000 1436.0
OX637748.1 117500000 118000000 1436.88304
OX637748.1 118000000 118500000 1437.0
OX637748.1 118500000 119000000 1437.97544
OX637748.1 119000000 119500000 1438.74975
OX637748.1 119500000 120000000 1440.0
OX637748.1 120000000 120500000 1440.0
OX637748.1 120500000 121000000 1440.0
OX637748.1 121000000 121500000 1440.26532
OX637748.1 121500000 122000000 1441.0
OX637748.1 122000000 122500000 1441.00288
OX637748.1 122500000 123000000 1441.63273
OX637748.1 123000000 123500000 1442.0
OX637748.1 123500000 124000000 1442.84042
OX637748.1 124000000 124500000 1443.0
OX637748.1 124500000 125000000 1443.00439
OX637748.1 125000000 125500000 1444.89564
OX637748.1 125500000 126000000 1445.0
OX637748.1 126000000 126500000 1444.65397
OX637748.1 126500000 127000000 1444.04093
OX637748.1 127000000 127500000 1445.0
OX637748.1 127500000 128000000 1445.27318
OX637748.1 128000000 128500000 1446.0
OX637748.1 128500000 129000000 1446.0
OX637748.1 129000000 129500000 1446.0
OX637748.1 129500000 130000000 1446.29701
OX637748.1 130000000 130500000 1447.0
OX637748.1 130500000 131000000 1447.0
OX637748.1 131000000 131500000 1447.0
OX637748.1 131500000 132000000 1447.0
OX637748.1 132000000 132500000 1447.0
OX637748.1 132500000 133000000 1447.51666
OX637748.1 133000000 133500000 1449.77083
OX637748.1 133500000 134000000 1451.0
OX637748.1 134000000 134500000 1451.0
OX637748.1 134500000 135000000 1451.00496
OX637748.1 135000000 135500000 1451.69129
OX637748.1 135500000 136000000 1452.0
OX637748.1 136000000 136500000 1452.00028
OX637748.1 136500000 137000000 1451.92694
OX637748.1 137000000 137500000 1451.12684
OX637748.1 137500000 138000000 1452.95457
OX637748.1 138000000 138500000 1453.0
OX637748.1 138500000 139000000 1453.05293
OX637748.1 139000000 139500000 1455.77646
OX637748.1 139500000 140000000 1456.00114
OX637748.1 140000000 140500000 1456.97773
OX637748.1 140500000 141000000 1457.6588
OX637748.1 141000000 141500000 1458.0
OX637748.1 141500000 142000000 1457.92036
OX637748.1 142000000 142500000 1457.0
OX637748.1 142500000 143000000 1457.44742
OX637748.1 143000000 143500000 1458.88728
OX637748.1 143500000 144000000 1460.0
OX637748.1 144000000 144500000 1460.0
OX637748.1 144500000 145000000 1460.0
OX637748.1 145000000 145500000 1460.00285
OX637748.1 145500000 146000000 1460.15097
OX637748.1 146000000 146500000 1461.0
OX637748.1 146500000 147000000 1460.8082
OX637748.1 147000000 147500000 1460.0
OX637748.1 147500000 148000000 1460.00372
OX637748.1 148000000 148500000 1460.0
OX637748.1 148500000 149000000 1460.0
OX637748.1 149000000 149500000 1460.0
OX637748.1 149500000 150000000 1460.0
OX637748.1 150000000 150500000 1460.0
OX637748.1 150500000 151000000 1460.0
OX637748.1 151000000 151500000 1460.0
OX637748.1 151500000 152000000 1460.0
OX637748.1 152000000 152500000 1460.0
OX637748.1 152500000 153000000 1460.0
OX637748.1 153000000 153500000 1460.8962
OX637748.1 153500000 154000000 1461.0
OX637748.1 154000000 154500000 1461.0
OX637748.1 154500000 155000000 1461.0
OX637748.1 155000000 155500000 1461.0
OX637748.1 155500000 156000000 1461.0
OX637748.1 156000000 156500000 1461.0
OX637748.1 156500000 157000000 1461.0
OX637748.1 157000000 157500000 1462.53605
OX637748.1 157500000 158000000 1463.27101
OX637748.1 158000000 158500000 1462.0
OX637748.1 158500000 159000000 1462.0
OX637748.1 159000000 159500000 1462.0
OX637748.1 159500000 160000000 1462.0
OX637748.1 160000000 160500000 1462.0
OX637748.1 160500000 161000000 1462.0
OX637748.1 161000000 161500000 1462.46626
OX637748.1 161500000 162000000 1462.0
OX637748.1 162000000 162500000 1462.0
OX637748.1 162500000 163000000 1462.01928
OX637748.1 163000000 163500000 1463.0
OX637748.1 163500000 164000000 1463.24568
OX637748.1 164000000 164500000 1464.0
OX637748.1 164500000 165000000 1463.77352
OX637748.1 165000000 165500000 1462.0
OX637748.1 165500000 166000000 1462.0
OX637748.1 166000000 166500000 1462.38711
OX637748.1 166500000 167000000 1463.0
OX637748.1 167000000 167500000 1463.0
OX637748.1 167500000 168000000 1463.0
OX637748.1 168000000 168500000 1463.0
OX637748.1 168500000 169000000 1463.00371
OX637748.1 169000000 169500000 1463.0
OX637748.1 169500000 170000000 1463.0
OX637748.1 170000000 170500000 1463.0
OX637748.1 170500000 171000000 1463.0
OX637748.1 171000000 171500000 1463.0
OX637748.1 171500000 172000000 1463.0
OX637748.1 172000000 172500000 1463.0
OX637748.1 172500000 173000000 1463.0
OX637748.1 173000000 173500000 1463.95204
OX637748.1 173500000 174000000 1464.0
OX637748.1 174000000 174500000 1464.0
OX637748.1 174500000 175000000 1464.0
OX637748.1 175000000 175500000 1464.0
OX637748.1 175500000 176000000 1464.0
OX637748.1 176000000 176500000 1464.9087
OX637748.1 176500000 177000000 1465.00214
OX637748.1 177000000 177500000 1465.0
OX637748.1 177500000 178000000 1465.0
OX637748.1 178000000 178500000 1465.0
OX637748.1 178500000 179000000 1465.00256
OX637748.1 179000000 179500000 1465.0
OX637748.1 179500000 180000000 1465.0
OX637748.1 180000000 180500000 1465.52281
OX637748.1 180500000 181000000 1465.0
OX637748.1 181000000 181500000 1465.50775
OX637748.1 181500000 182000000 1466.0
OX637748.1 182000000 182500000 1466.0
OX637748.1 182500000 183000000 1466.0
OX637748.1 183000000 183500000 1466.36644
OX637748.1 183500000 184000000 1467.0
OX637748.1 184000000 184500000 1467.9213
OX637748.1 184500000 185000000 1468.0
OX637748.1 185000000 185500000 1468.0
OX637748.1 185500000 186000000 1468.0
OX637748.1 186000000 186500000 1468.0
OX637748.1 186500000 187000000 1468.0
OX637748.1 187000000 187500000 1468.0
OX637748.1 187500000 188000000 1468.0
OX637748.1 188000000 188500000 1468.0
OX637748.1 188500000 189000000 1468.0
OX637748.1 189000000 189500000 1468.0
OX637748.1 189500000 190000000 1468.0
OX637748.1 190000000 190500000 1468.0
OX637748.1 190500000 191000000 1468.0
OX637748.1 191000000 191500000 1468.26475
OX637748.1 191500000 192000000 1469.0
OX637748.1 192000000 192500000 1469.0
OX637748.1 192500000 193000000 1469.0
OX637748.1 193000000 193500000 1469.0
OX637748.1 193500000 194000000 1469.52396
OX637748.1 194000000 194500000 1470.0
OX637748.1 194500000 195000000 1470.0
OX637748.1 195000000 195500000 1470.0
OX637748.1 195500000 196000000 1470.0
OX637748.1 196000000 196500000 1470.0
OX637748.1 196500000 197000000 1470.53523
OX637748.1 197000000 197500000 1470.19826
OX637748.1 197500000 198000000 1470.0
OX637748.1 198000000 198500000 1470.0
OX637748.1 198500000 199000000 1470.0
OX637748.1 199000000 199500000 1470.0
OX637748.1 199500000 200000000 1470.02114
OX637748.1 200000000 200500000 1470.0
OX637748.1 200500000 201000000 1470.0
OX637748.1 201000000 201500000 1470.0
OX637748.1 201500000 202000000 1470.0
OX637748.1 202000000 202500000 1470.0
OX637748.1 202500000 203000000 1470.0
OX637748.1 203000000 203500000 1470.0
OX637748.1 203500000 204000000 1470.0
OX637748.1 204000000 204500000 1470.0
OX637748.1 204500000 205000000 1470.0
OX637748.1 205000000 205500000 1470.0
OX637748.1 205500000 206000000 1470.0
OX637748.1 206000000 206500000 1470.0
OX637748.1 206500000 207000000 1470.0
OX637748.1 207000000 207500000 1470.0
OX637748.1 207500000 208000000 1470.0
OX637748.1 208000000 208500000 1470.0
OX637748.1 208500000 209000000 1470.0
OX637748.1 209000000 209500000 1470.0
OX637748.1 209500000 210000000 1470.0
OX637748.1 210000000 210500000 1470.861
OX637748.1 210500000 211000000 1470.2749
OX637748.1 211000000 211500000 1470.0
OX637748.1 211500000 212000000 1470.0
OX637748.1 212000000 212500000 1470.0
OX637748.1 212500000 213000000 1470.0
OX637748.1 213000000 213500000 1470.0
OX637748.1 213500000 214000000 1470.0
OX637748.1 214000000 214500000 1470.0
OX637748.1 214500000 215000000 1470.00975
OX637748.1 215000000 215500000 1470.72997
OX637748.1 215500000 216000000 1472.13393
OX637748.1 216000000 216500000 1472.25402
OX637748.1 216500000 217000000 1472.0
OX637748.1 217000000 217500000 1472.59226
OX637748.1 217500000 218000000 1474.0
OX637748.1 218000000 218500000 1474.0
OX637748.1 218500000 219000000 1474.0
OX637748.1 219000000 219500000 1474.0
OX637748.1 219500000 220000000 1474.0
OX637748.1 220000000 220500000 1474.0
OX637748.1 220500000 221000000 1474.0
OX637748.1 221000000 221500000 1474.0
OX637748.1 221500000 222000000 1474.0
OX637748.1 222000000 222500000 1474.0
OX637748.1 222500000 223000000 1474.09731
OX637748.1 223000000 223500000 1475.0
OX637748.1 223500000 224000000 1475.0
OX637748.1 224000000 224500000 1475.0
OX637748.1 224500000 225000000 1475.0
OX637748.1 225000000 225500000 1475.0
OX637748.1 225500000 226000000 1475.0
OX637748.1 226000000 226500000 1475.0
OX637748.1 226500000 227000000 1475.0
OX637748.1 227000000 227500000 1475.0
OX637748.1 227500000 228000000 1475.0
OX637748.1 228000000 228500000 1475.0
OX637748.1 228500000 229000000 1475.0
OX637748.1 229000000 229500000 1475.0
OX637748.1 229500000 230000000 1475.0
OX637748.1 230000000 230500000 1475.0
OX637748.1 230500000 231000000 1475.0
OX637748.1 231000000 231500000 1475.0
OX637748.1 231500000 232000000 1475.0
OX637748.1 232000000 232500000 1475.0
OX637748.1 232500000 233000000 1474.52723
OX637748.1 233000000 233500000 1475.0
OX637748.1 233500000 234000000 1475.0
OX637748.1 234000000 234500000 1475.02892
OX637748.1 234500000 235000000 1476.0
OX637748.1 235000000 235500000 1476.0
OX637748.1 235500000 236000000 1476.0
OX637748.1 236000000 236500000 1476.0
OX637748.1 236500000 237000000 1476.0
OX637748.1 237000000 237500000 1476.0
OX637748.1 237500000 238000000 1476.0
OX637748.1 238000000 238500000 1476.0
OX637748.1 238500000 239000000 1476.0
OX637748.1 239000000 239500000 1476.0
OX637748.1 239500000 240000000 1476.0
OX637748.1 240000000 240500000 1476.0
OX637748.1 240500000 241000000 1476.0
OX637748.1 241000000 241500000 1476.0
OX637748.1 241500000 242000000 1476.0
OX637748.1 242000000 242500000 1475.62063
OX637748.1 242500000 243000000 1475.0
OX637748.1 243000000 243500000 1475.0
OX637748.1 243500000 244000000 1475.0
OX637748.1 244000000 244500000 1475.0
OX637748.1 244500000 245000000 1475.0
OX637748.1 245000000 245500000 1474.20951
OX637748.1 245500000 246000000 1474.0
OX637748.1 246000000 246500000 1474.0
OX637748.1 246500000 247000000 1474.0
OX637748.1 247000000 247500000 1474.0
OX637748.1 247500000 248000000 1474.0
OX637748.1 248000000 248500000 1474.0
OX637748.1 248500000 249000000 1474.0
OX637748.1 249000000 249500000 1474.0
OX637748.1 249500000 250000000 1474.0
OX637748.1 250000000 250500000 1473.9942
OX637748.1 250500000 251000000 1473.0
OX637748.1 251000000 251500000 1473.0
OX637748.1 251500000 252000000 1473.0
OX637748.1 252000000 252500000 1473.0
OX637748.1 252500000 253000000 1473.0
OX637748.1 253000000 253500000 1473.0
OX637748.1 253500000 254000000 1472.98085
OX637748.1 254000000 254500000 1473.31503
OX637748.1 254500000 255000000 1474.0
OX637748.1 255000000 255500000 1474.0
OX637748.1 255500000 256000000 1474.0
OX637748.1 256000000 256500000 1474.0
OX637748.1 256500000 257000000 1474.0
OX637748.1 257000000 257500000 1474.0
OX637748.1 257500000 258000000 1474.0
OX637748.1 258000000 258500000 1474.0
OX637748.1 258500000 259000000 1474.21581
OX637748.1 259000000 259500000 1475.0
OX637748.1 259500000 260000000 1475.0
OX637748.1 260000000 260500000 1475.0
OX637748.1 260500000 261000000 1475.0
OX637748.1 261000000 261500000 1475.0
OX637748.1 261500000 262000000 1475.0
OX637748.1 262000000 262500000 1475.0
OX637748.1 262500000 263000000 1475.0
OX637748.1 263000000 263500000 1475.0
OX637748.1 263500000 264000000 1475.0
OX637748.1 264000000 264500000 1475.0
OX637748.1 264500000 265000000 1475.0
OX637748.1 265000000 265500000 1475.9679
OX637748.1 265500000 266000000 1476.0
OX637748.1 266000000 266500000 1476.0
OX637748.1 266500000 267000000 1476.0
OX637748.1 267000000 267500000 1476.0
OX637748.1 267500000 268000000 1476.80296
OX637748.1 268000000 268500000 1477.0
OX637748.1 268500000 269000000 1477.0
OX637748.1 269000000 269500000 1477.0
OX637748.1 269500000 270000000 1477.0
OX637748.1 270000000 270500000 1477.0
OX637748.1 270500000 271000000 1477.0
OX637748.1 271000000 271500000 1477.0
OX637748.1 271500000 272000000 1476.53838
OX637748.1 272000000 272500000 1476.64124
OX637748.1 272500000 273000000 1477.0
OX637748.1 273000000 273500000 1477.00403
OX637748.1 273500000 274000000 1477.0
OX637748.1 274000000 274500000 1477.0
OX637748.1 274500000 275000000 1477.0
OX637748.1 275000000 275500000 1477.0
OX637748.1 275500000 276000000 1477.0
OX637748.1 276000000 276500000 1477.0
OX637748.1 276500000 277000000 1477.0
OX637748.1 277000000 277500000 1477.0
OX637748.1 277500000 278000000 1477.0
OX637748.1 278000000 278500000 1477.0
OX637748.1 278500000 279000000 1477.0
OX637748.1 279000000 279500000 1477.0
OX637748.1 279500000 280000000 1477.0
OX637748.1 280000000 280500000 1477.0
OX637748.1 280500000 281000000 1477.0
OX637748.1 281000000 281500000 1477.0
OX637748.1 281500000 282000000 1477.0
OX637748.1 282000000 282500000 1477.0
OX637748.1 282500000 283000000 1477.0
OX637748.1 283000000 283500000 1477.13877
OX637748.1 283500000 284000000 1478.0
OX637748.1 284000000 284500000 1478.0
OX637748.1 284500000 285000000 1478.0
OX637748.1 285000000 285500000 1478.0
OX637748.1 285500000 286000000 1478.0
OX637748.1 286000000 286500000 1477.32586
OX637748.1 286500000 287000000 1477.0
OX637748.1 287000000 287500000 1478.42711
OX637748.1 287500000 288000000 1479.0
OX637748.1 288000000 288500000 1478.39662
OX637748.1 288500000 289000000 1478.81059
OX637748.1 289000000 289500000 1479.0
OX637748.1 289500000 290000000 1479.001
OX637748.1 290000000 290500000 1479.0
OX637748.1 290500000 291000000 1479.00835
OX637748.1 291000000 291500000 1479.0
OX637748.1 291500000 292000000 1479.0
OX637748.1 292000000 292500000 1479.0
OX637748.1 292500000 293000000 1479.0
OX637748.1 293000000 293500000 1479.0
OX637748.1 293500000 294000000 1479.0
OX637748.1 294000000 294500000 1479.00313
OX637748.1 294500000 295000000 1479.0
OX637748.1 295000000 295500000 1479.0
OX637748.1 295500000 296000000 1479.55406
OX637748.1 296000000 296500000 1480.0
OX637748.1 296500000 297000000 1480.0
OX637748.1 297000000 297500000 1480.0
OX637748.1 297500000 298000000 1480.0
OX637748.1 298000000 298500000 1480.0
OX637748.1 298500000 299000000 1480.0
OX637748.1 299000000 299500000 1480.0
OX637748.1 299500000 300000000 1479.73423
OX637748.1 300000000 300500000 1480.0
OX637748.1 300500000 301000000 1480.0
OX637748.1 301000000 301500000 1480.0
OX637748.1 301500000 302000000 1480.0
OX637748.1 302000000 302500000 1480.0
OX637748.1 302500000 303000000 1480.0
OX637748.1 303000000 303500000 1480.0
OX637748.1 303500000 304000000 1480.0
OX637748.1 304000000 304500000 1479.13091
OX637748.1 304500000 305000000 1479.0
OX637748.1 305000000 305500000 1479.0
OX637748.1 305500000 306000000 1478.22773
OX637748.1 306000000 306500000 1478.0
OX637748.1 306500000 307000000 1478.0
OX637748.1 307000000 307500000 1478.0
OX637748.1 307500000 308000000 1478.00588
OX637748.1 308000000 308500000 1478.0
OX637748.1 308500000 309000000 1478.0
OX637748.1 309000000 309500000 1478.0
OX637748.1 309500000 310000000 1478.34817
OX637748.1 310000000 310500000 1479.0
OX637748.1 310500000 311000000 1479.0
OX637748.1 311000000 311500000 1479.0
OX637748.1 311500000 312000000 1479.0
OX637748.1 312000000 312500000 1479.0
OX637748.1 312500000 313000000 1479.0
OX637748.1 313000000 313500000 1479.0
OX637748.1 313500000 314000000 1479.0
OX637748.1 314000000 314500000 1479.0
OX637748.1 314500000 315000000 1479.0
OX637748.1 315000000 315500000 1479.00152
OX637748.1 315500000 316000000 1479.0
OX637748.1 316000000 316500000 1479.0
OX637748.1 316500000 317000000 1479.0
OX637748.1 317000000 317500000 1478.58437
OX637748.1 317500000 318000000 1478.0
OX637748.1 318000000 318500000 1478.0
OX637748.1 318500000 319000000 1477.74173
OX637748.1 319000000 319500000 1477.00913
OX637748.1 319500000 320000000 1477.0
OX637748.1 320000000 320500000 1477.0
OX637748.1 320500000 321000000 1477.0
OX637748.1 321000000 321500000 1476.2888
OX637748.1 321500000 322000000 1475.82676
OX637748.1 322000000 322500000 1475.0
OX637748.1 322500000 323000000 1475.0
OX637748.1 323000000 323500000 1475.0
OX637748.1 323500000 324000000 1475.0
OX637748.1 324000000 324500000 1475.0
OX637748.1 324500000 325000000 1475.0
OX637748.1 325000000 325500000 1475.0
OX637748.1 325500000 326000000 1475.0
OX637748.1 326000000 326500000 1475.98257
OX637748.1 326500000 327000000 1476.0
OX637748.1 327000000 327500000 1476.0
OX637748.1 327500000 328000000 1475.78331
OX637748.1 328000000 328500000 1475.0
OX637748.1 328500000 329000000 1475.0
OX637748.1 329000000 329500000 1475.0
OX637748.1 329500000 330000000 1475.0
OX637748.1 330000000 330500000 1475.0
OX637748.1 330500000 331000000 1475.0
OX637748.1 331000000 331500000 1475.0
OX637748.1 331500000 332000000 1475.0
OX637748.1 332000000 332500000 1474.77702
OX637748.1 332500000 333000000 1473.12817
OX637748.1 333000000 333500000 1472.0
OX637748.1 333500000 334000000 1472.0
OX637748.1 334000000 334500000 1472.0
OX637748.1 334500000 335000000 1472.0
OX637748.1 335000000 335500000 1472.0
OX637748.1 335500000 336000000 1472.0
OX637748.1 336000000 336500000 1472.0
OX637748.1 336500000 337000000 1472.0
OX637748.1 337000000 337500000 1472.0
OX637748.1 337500000 338000000 1472.0
OX637748.1 338000000 338500000 1472.0
OX637748.1 338500000 339000000 1472.0
OX637748.1 339000000 339500000 1472.0
OX637748.1 339500000 340000000 1472.0
OX637748.1 340000000 340500000 1472.0
OX637748.1 340500000 341000000 1472.0
OX637748.1 341000000 341500000 1472.0
OX637748.1 341500000 342000000 1472.0
OX637748.1 342000000 342500000 1472.0
OX637748.1 342500000 343000000 1471.56942
OX637748.1 343000000 343500000 1471.0
OX637748.1 343500000 344000000 1471.0
OX637748.1 344000000 344500000 1471.00473
OX637748.1 344500000 345000000 1471.0
OX637748.1 345000000 345500000 1471.0
OX637748.1 345500000 346000000 1471.0
OX637748.1 346000000 346500000 1471.28276
OX637748.1 346500000 347000000 1471.47121
OX637748.1 347000000 347500000 1470.61136
OX637748.1 347500000 348000000 1470.0
OX637748.1 348000000 348500000 1470.0
OX637748.1 348500000 349000000 1470.0
OX637748.1 349000000 349500000 1469.16435
OX637748.1 349500000 350000000 1469.0
OX637748.1 350000000 350500000 1469.0
OX637748.1 350500000 351000000 1469.87972
OX637748.1 351000000 351500000 1470.00017
OX637748.1 351500000 352000000 1469.64883
OX637748.1 352000000 352500000 1469.0
OX637748.1 352500000 353000000 1469.0
OX637748.1 353000000 353500000 1469.0
OX637748.1 353500000 354000000 1469.0
OX637748.1 354000000 354500000 1469.0
OX637748.1 354500000 355000000 1468.97647
OX637748.1 355000000 355500000 1468.0
OX637748.1 355500000 356000000 1468.0
OX637748.1 356000000 356500000 1468.0
OX637748.1 356500000 357000000 1468.0
OX637748.1 357000000 357500000 1468.0
OX637748.1 357500000 358000000 1468.0
OX637748.1 358000000 358500000 1468.0
OX637748.1 358500000 359000000 1468.0
OX637748.1 359000000 359500000 1468.0
OX637748.1 359500000 360000000 1468.0
OX637748.1 360000000 360500000 1468.0
OX637748.1 360500000 361000000 1467.3377
OX637748.1 361000000 361500000 1467.00882
OX637748.1 361500000 362000000 1467.0
OX637748.1 362000000 362500000 1467.0
OX637748.1 362500000 363000000 1467.0
OX637748.1 363000000 363500000 1467.0
OX637748.1 363500000 364000000 1467.0
OX637748.1 364000000 364500000 1467.0
OX637748.1 364500000 365000000 1467.0
OX637748.1 365000000 365500000 1467.0
OX637748.1 365500000 366000000 1467.56866
OX637748.1 366000000 366500000 1468.0
OX637748.1 366500000 367000000 1467.6873
OX637748.1 367000000 367500000 1467.0
OX637748.1 367500000 368000000 1467.0
OX637748.1 368000000 368500000 1467.06536
OX637748.1 368500000 369000000 1467.25505
OX637748.1 369000000 369500000 1468.14576
OX637748.1 369500000 370000000 1468.0
OX637748.1 370000000 370500000 1468.0
OX637748.1 370500000 371000000 1468.0
OX637748.1 371000000 371500000 1468.0
OX637748.1 371500000 372000000 1468.02468
OX637748.1 372000000 372500000 1468.0
OX637748.1 372500000 373000000 1468.0
OX637748.1 373000000 373500000 1467.87597
OX637748.1 373500000 374000000 1467.0
OX637748.1 374000000 374500000 1467.0
OX637748.1 374500000 375000000 1467.0
OX637748.1 375000000 375500000 1467.00505
OX637748.1 375500000 376000000 1467.0
OX637748.1 376000000 376500000 1466.0956
OX637748.1 376500000 377000000 1465.31034
OX637748.1 377000000 377500000 1465.0
OX637748.1 377500000 378000000 1465.0
OX637748.1 378000000 378500000 1465.0
OX637748.1 378500000 379000000 1465.0
OX637748.1 379000000 379500000 1464.27596
OX637748.1 379500000 380000000 1464.0
OX637748.1 380000000 380500000 1464.0
OX637748.1 380500000 381000000 1464.0
OX637748.1 381000000 381500000 1464.0
OX637748.1 381500000 382000000 1464.0
OX637748.1 382000000 382500000 1464.0
OX637748.1 382500000 383000000 1464.0
OX637748.1 383000000 383500000 1464.0
OX637748.1 383500000 384000000 1464.0
OX637748.1 384000000 384500000 1464.0
OX637748.1 384500000 385000000 1464.0
OX637748.1 385000000 385500000 1464.08878
OX637748.1 385500000 386000000 1464.0
OX637748.1 386000000 386500000 1464.0
OX637748.1 386500000 387000000 1464.0
OX637748.1 387000000 387500000 1463.50963
OX637748.1 387500000 388000000 1463.0
OX637748.1 388000000 388500000 1463.0
OX637748.1 388500000 389000000 1462.23223
OX637748.1 389000000 389500000 1461.21444
OX637748.1 389500000 390000000 1461.0
OX637748.1 390000000 390500000 1461.0
OX637748.1 390500000 391000000 1461.0
OX637748.1 391000000 391500000 1461.0
OX637748.1 391500000 392000000 1461.0
OX637748.1 392000000 392500000 1461.00694
OX637748.1 392500000 393000000 1461.0
OX637748.1 393000000 393500000 1461.9682
OX637748.1 393500000 394000000 1462.0
OX637748.1 394000000 394500000 1462.0
OX637748.1 394500000 395000000 1462.0
OX637748.1 395000000 395500000 1462.0
OX637748.1 395500000 396000000 1462.0
OX637748.1 396000000 396500000 1462.0
OX637748.1 396500000 397000000 1462.0
OX637748.1 397000000 397500000 1462.0
OX637748.1 397500000 398000000 1461.90295
OX637748.1 398000000 398500000 1461.0
OX637748.1 398500000 399000000 1461.0
OX637748.1 399000000 399500000 1461.0
OX637748.1 399500000 400000000 1461.0
OX637748.1 400000000 400500000 1461.0
OX637748.1 400500000 401000000 1461.0
OX637748.1 401000000 401500000 1461.0
OX637748.1 401500000 402000000 1461.0
OX637748.1 402000000 402500000 1461.0
OX637748.1 402500000 403000000 1461.0
OX637748.1 403000000 403500000 1461.0
OX637748.1 403500000 404000000 1461.0
OX637748.1 404000000 404500000 1461.0
OX637748.1 404500000 405000000 1461.0
OX637748.1 405000000 405500000 1461.0
OX637748.1 405500000 406000000 1461.0
OX637748.1 406000000 406500000 1461.0
OX637748.1 406500000 407000000 1461.0
OX637748.1 407000000 407500000 1460.73166
OX637748.1 407500000 408000000 1460.0
OX637748.1 408000000 408500000 1460.0
OX637748.1 408500000 409000000 1460.0
OX637748.1 409000000 409500000 1460.0
OX637748.1 409500000 410000000 1460.0
OX637748.1 410000000 410500000 1460.0
OX637748.1 410500000 411000000 1459.68848
OX637748.1 411000000 411500000 1459.0
OX637748.1 411500000 412000000 1458.87623
OX637748.1 412000000 412500000 1459.0
OX637748.1 412500000 413000000 1458.62253
OX637748.1 413000000 413500000 1457.97822
OX637748.1 413500000 414000000 1457.0
OX637748.1 414000000 414500000 1457.0
OX637748.1 414500000 415000000 1457.0
OX637748.1 415000000 415500000 1457.0
OX637748.1 415500000 416000000 1457.0
OX637748.1 416000000 416500000 1457.00235
OX637748.1 416500000 417000000 1457.0
OX637748.1 417000000 417500000 1457.0
OX637748.1 417500000 418000000 1457.0
OX637748.1 418000000 418500000 1457.0
OX637748.1 418500000 419000000 1457.0
OX637748.1 419000000 419500000 1457.0
OX637748.1 419500000 420000000 1457.0
OX637748.1 420000000 420500000 1457.0
OX637748.1 420500000 421000000 1457.0
OX637748.1 421000000 421500000 1456.23255
OX637748.1 421500000 422000000 1456.0
OX637748.1 422000000 422500000 1456.0
OX637748.1 422500000 423000000 1456.0
OX637748.1 423000000 423500000 1456.00352
OX637748.1 423500000 424000000 1456.00495
OX637748.1 424000000 424500000 1456.0
OX637748.1 424500000 425000000 1456.0
OX637748.1 425000000 425500000 1456.0
OX637748.1 425500000 426000000 1456.0
OX637748.1 426000000 426500000 1455.18726
OX637748.1 426500000 427000000 1455.0
OX637748.1 427000000 427500000 1455.0
OX637748.1 427500000 428000000 1453.39749
OX637748.1 428000000 428500000 1453.0
OX637748.1 428500000 429000000 1453.0
OX637748.1 429000000 429500000 1453.0
OX637748.1 429500000 430000000 1453.0
OX637748.1 430000000 430500000 1453.0
OX637748.1 430500000 431000000 1453.00108
OX637748.1 431000000 431500000 1453.0
OX637748.1 431500000 432000000 1453.0
OX637748.1 432000000 432500000 1452.35359
OX637748.1 432500000 433000000 1451.78921
OX637748.1 433000000 433500000 1451.0
OX637748.1 433500000 434000000 1451.0
OX637748.1 434000000 434500000 1451.0
OX637748.1 434500000 435000000 1451.0
OX637748.1 435000000 435500000 1451.0
OX637748.1 435500000 436000000 1451.0
OX637748.1 436000000 436500000 1451.0
OX637748.1 436500000 437000000 1451.0
OX637748.1 437000000 437500000 1451.0
OX637748.1 437500000 438000000 1451.0
OX637748.1 438000000 438500000 1451.0
OX637748.1 438500000 439000000 1451.0
OX637748.1 439000000 439500000 1451.03443
OX637748.1 439500000 440000000 1452.24231
OX637748.1 440000000 440500000 1451.96797
OX637748.1 440500000 441000000 1451.0
OX637748.1 441000000 441500000 1451.0
OX637748.1 441500000 442000000 1451.0
OX637748.1 442000000 442500000 1451.0
OX637748.1 442500000 443000000 1451.73476
OX637748.1 443000000 443500000 1452.00367
OX637748.1 443500000 444000000 1452.0
OX637748.1 444000000 444500000 1452.0
OX637748.1 444500000 445000000 1452.0
OX637748.1 445000000 445500000 1452.0
OX637748.1 445500000 446000000 1452.0
OX637748.1 446000000 446500000 1451.78629
OX637748.1 446500000 447000000 1450.92435
OX637748.1 447000000 447500000 1450.0
OX637748.1 447500000 448000000 1450.0032
OX637748.1 448000000 448500000 1449.03045
OX637748.1 448500000 449000000 1448.0
OX637748.1 449000000 449500000 1448.0
OX637748.1 449500000 450000000 1448.0
OX637748.1 450000000 450500000 1448.0
OX637748.1 450500000 451000000 1447.19977
OX637748.1 451000000 451500000 1447.0
OX637748.1 451500000 452000000 1447.0
OX637748.1 452000000 452500000 1447.30434
OX637748.1 452500000 453000000 1448.0
OX637748.1 453000000 453500000 1448.0
OX637748.1 453500000 454000000 1448.0
OX637748.1 454000000 454500000 1448.0
OX637748.1 454500000 455000000 1447.68739
OX637748.1 455000000 455500000 1446.35236
OX637748.1 455500000 456000000 1446.0
OX637748.1 456000000 456500000 1446.0
OX637748.1 456500000 457000000 1446.00146
OX637748.1 457000000 457500000 1446.0
OX637748.1 457500000 458000000 1446.0
OX637748.1 458000000 458500000 1445.09026
OX637748.1 458500000 459000000 1444.03035
OX637748.1 459000000 459500000 1443.94018
OX637748.1 459500000 460000000 1444.00349
OX637748.1 460000000 460500000 1444.0
OX637748.1 460500000 461000000 1444.0
OX637748.1 461000000 461500000 1444.69421
OX637748.1 461500000 462000000 1445.0
OX637748.1 462000000 462500000 1444.60044
OX637748.1 462500000 463000000 1444.0
OX637748.1 463000000 463500000 1444.6683
OX637748.1 463500000 464000000 1445.0
OX637748.1 464000000 464500000 1445.0
OX637748.1 464500000 465000000 1445.0
OX637748.1 465000000 465500000 1445.00152
OX637748.1 465500000 466000000 1445.0
OX637748.1 466000000 466500000 1445.0
OX637748.1 466500000 467000000 1444.02738
OX637748.1 467000000 467500000 1444.00157
OX637748.1 467500000 468000000 1444.00313
OX637748.1 468000000 468500000 1444.00316
OX637748.1 468500000 469000000 1444.0
OX637748.1 469000000 469500000 1444.0
OX637748.1 469500000 470000000 1444.0
OX637748.1 470000000 470500000 1444.0
OX637748.1 470500000 471000000 1443.25734
OX637748.1 471000000 471500000 1443.0
OX637748.1 471500000 472000000 1443.0
OX637748.1 472000000 472500000 1443.0
OX637748.1 472500000 473000000 1443.0031
OX637748.1 473000000 473500000 1443.0
OX637748.1 473500000 474000000 1443.0
OX637748.1 474000000 474500000 1443.0
OX637748.1 474500000 475000000 1443.0
OX637748.1 475000000 475500000 1442.46942
OX637748.1 475500000 476000000 1442.76153
OX637748.1 476000000 476500000 1442.09771
OX637748.1 476500000 477000000 1442.0
OX637748.1 477000000 477500000 1442.0
OX637748.1 477500000 478000000 1441.92964
OX637748.1 478000000 478500000 1442.0
OX637748.1 478500000 479000000 1442.0
OX637748.1 479000000 479500000 1442.0
OX637748.1 479500000 480000000 1441.76936
OX637748.1 480000000 480500000 1441.0
OX637748.1 480500000 481000000 1441.00606
OX637748.1 481000000 481500000 1441.0
OX637748.1 481500000 482000000 1441.0
OX637748.1 482000000 482500000 1441.0
OX637748.1 482500000 483000000 1441.00248
OX637748.1 483000000 483500000 1441.00369
OX637748.1 483500000 484000000 1441.0
OX637748.1 484000000 484500000 1441.0
OX637748.1 484500000 485000000 1441.0
OX637748.1 485000000 485500000 1440.89309
OX637748.1 485500000 486000000 1440.0
OX637748.1 486000000 486500000 1439.97143
OX637748.1 486500000 487000000 1438.81981
OX637748.1 487000000 487500000 1438.00383
OX637748.1 487500000 488000000 1438.0
OX637748.1 488000000 488500000 1438.0
OX637748.1 488500000 489000000 1438.0
OX637748.1 489000000 489500000 1437.70654
OX637748.1 489500000 490000000 1437.0
OX637748.1 490000000 490500000 1437.0
OX637748.1 490500000 491000000 1437.0
OX637748.1 491000000 491500000 1436.88595
OX637748.1 491500000 492000000 1436.0
OX637748.1 492000000 492500000 1434.87642
OX637748.1 492500000 493000000 1433.24275
OX637748.1 493000000 493500000 1433.0
OX637748.1 493500000 494000000 1431.72354
OX637748.1 494000000 494500000 1431.0
OX637748.1 494500000 495000000 1431.0
OX637748.1 495000000 495500000 1431.0
OX637748.1 495500000 496000000 1431.0
OX637748.1 496000000 496500000 1431.0
OX637748.1 496500000 497000000 1431.0
OX637748.1 497000000 497500000 1430.07104
OX637748.1 497500000 498000000 1429.0
OX637748.1 498000000 498500000 1429.0
OX637748.1 498500000 499000000 1428.91012
OX637748.1 499000000 499500000 1427.83358
OX637748.1 499500000 500000000 1425.96252
OX637748.1 500000000 500500000 1424.94202
OX637748.1 500500000 501000000 1421.91347
OX637748.1 501000000 501500000 1421.0
OX637748.1 501500000 502000000 1421.0
OX637748.1 502000000 502500000 1421.00428
OX637748.1 502500000 503000000 1419.95459
OX637748.1 503000000 503500000 1419.6636
OX637748.1 503500000 504000000 1418.66839
OX637748.1 504000000 504500000 1418.0
OX637748.1 504500000 505000000 1416.63061
OX637748.1 505000000 505500000 1414.31771
OX637748.1 505500000 506000000 1413.73763
OX637748.1 506000000 506500000 1412.35535
OX637748.1 506500000 507000000 1410.99637
OX637748.1 507000000 507500000 1410.41831
OX637748.1 507500000 508000000 1411.44596
OX637748.1 508000000 508500000 1412.00312
OX637748.1 508500000 509000000 1411.17694
OX637748.1 509000000 509500000 1410.98269
OX637748.1 509500000 510000000 1409.04455
OX637748.1 510000000 510500000 1407.09736
OX637748.1 510500000 511000000 1406.0
OX637748.1 511000000 511500000 1405.09913
OX637748.1 511500000 512000000 1405.0
OX637748.1 512000000 512500000 1405.00229
OX637748.1 512500000 513000000 1404.10148
OX637748.1 513000000 513500000 1404.27401
OX637748.1 513500000 514000000 1405.0
OX637748.1 514000000 514500000 1404.90237
OX637748.1 514500000 515000000 1404.0
OX637748.1 515000000 515500000 1400.79036
OX637748.1 515500000 516000000 1398.29553
OX637748.1 516000000 516500000 1397.94934
OX637748.1 516500000 517000000 1397.0
OX637748.1 517000000 517500000 1397.0
OX637748.1 517500000 518000000 1397.0
OX637748.1 518000000 518500000 1397.0
OX637748.1 518500000 519000000 1397.0
OX637748.1 519000000 519500000 1397.0
OX637748.1 519500000 520000000 1397.0
OX637748.1 520000000 520500000 1397.00419
OX637748.1 520500000 521000000 1397.19777
OX637748.1 521000000 521500000 1397.86467
OX637748.1 521500000 522000000 1397.00602
OX637748.1 522000000 522500000 1397.0
OX637748.1 522500000 523000000 1395.98148
OX637748.1 523000000 523500000 1394.54623
OX637748.1 523500000 524000000 1393.78443
OX637748.1 524000000 524500000 1393.0
OX637748.1 524500000 525000000 1393.0
OX637748.1 525000000 525500000 1390.42545
OX637748.1 525500000 526000000 1389.0
OX637748.1 526000000 526500000 1389.41287
OX637748.1 526500000 527000000 1387.67266
OX637748.1 527000000 527500000 1387.0
OX637748.1 527500000 528000000 1385.49749
OX637748.1 528000000 528500000 1384.0
OX637748.1 528500000 529000000 1384.0
OX637748.1 529000000 529500000 1383.75033
OX637748.1 529500000 530000000 1381.5404
OX637748.1 530000000 530500000 1378.61224
OX637748.1 530500000 531000000 1375.88705
OX637748.1 531000000 531500000 1374.0
OX637748.1 531500000 532000000 1374.37232
OX637748.1 532000000 532500000 1374.5253
OX637748.1 532500000 533000000 1373.04181
OX637748.1 533000000 533500000 1373.0
OX637748.1 533500000 534000000 1372.47656
OX637748.1 534000000 534500000 1372.0
OX637748.1 534500000 535000000 1372.0
OX637748.1 535000000 535500000 1372.0
OX637748.1 535500000 536000000 1370.7489
OX637748.1 536000000 536500000 1366.50457
OX637748.1 536500000 537000000 1366.0
OX637748.1 537000000 537500000 1364.08334
OX637748.1 537500000 538000000 1363.0
OX637748.1 538000000 538500000 1363.0
OX637748.1 538500000 539000000 1362.32405
OX637748.1 539000000 539500000 1362.0
OX637748.1 539500000 540000000 1361.4034
OX637748.1 540000000 540500000 1361.0
OX637748.1 540500000 541000000 1361.0
OX637748.1 541000000 541500000 1360.84212
OX637748.1 541500000 542000000 1360.0
OX637748.1 542000000 542500000 1360.0
OX637748.1 542500000 543000000 1360.00101
OX637748.1 543000000 543500000 1358.94271
OX637748.1 543500000 544000000 1358.0
OX637748.1 544000000 544500000 1358.0
OX637748.1 544500000 545000000 1356.7145
OX637748.1 545000000 545500000 1355.54452
OX637748.1 545500000 546000000 1354.76886
OX637748.1 546000000 546500000 1354.0
OX637748.1 546500000 547000000 1353.99931
OX637748.1 547000000 547500000 1351.33496
OX637748.1 547500000 548000000 1348.00019
OX637748.1 548000000 548500000 1347.86384
OX637748.1 548500000 549000000 1347.0
OX637748.1 549000000 549500000 1346.71156
OX637748.1 549500000 550000000 1344.52769
OX637748.1 550000000 550500000 1344.0
OX637748.1 550500000 551000000 1343.68091
OX637748.1 551000000 551500000 1342.83961
OX637748.1 551500000 552000000 1339.58841
OX637748.1 552000000 552500000 1337.96075
OX637748.1 552500000 553000000 1336.89396
OX637748.1 553000000 553500000 1335.11021
OX637748.1 553500000 554000000 1335.10124
OX637748.1 554000000 554500000 1334.18958
OX637748.1 554500000 555000000 1333.03214
OX637748.1 555000000 555500000 1332.0
OX637748.1 555500000 556000000 1332.0
OX637748.1 556000000 556500000 1331.54718
OX637748.1 556500000 557000000 1330.83367
OX637748.1 557000000 557500000 1328.06515
OX637748.1 557500000 558000000 1327.26763
OX637748.1 558000000 558500000 1325.7383
OX637748.1 558500000 559000000 1324.81918
OX637748.1 559000000 559500000 1324.0
OX637748.1 559500000 560000000 1323.02021
OX637748.1 560000000 560500000 1321.08463
OX637748.1 560500000 561000000 1319.47622
OX637748.1 561000000 561500000 1318.53296
OX637748.1 561500000 562000000 1315.03034
OX637748.1 562000000 562500000 1313.51192
OX637748.1 562500000 563000000 1310.37245
OX637748.1 563000000 563500000 1309.40177
OX637748.1 563500000 564000000 1306.98018
OX637748.1 564000000 564500000 1305.12744
OX637748.1 564500000 565000000 1301.31154
OX637748.1 565000000 565500000 1297.66597
OX637748.1 565500000 566000000 1297.0
OX637748.1 566000000 566500000 1296.49459
OX637748.1 566500000 567000000 1296.0
OX637748.1 567000000 567500000 1294.80378
OX637748.1 567500000 568000000 1293.0
OX637748.1 568000000 568500000 1292.06128
OX637748.1 568500000 569000000 1290.47179
OX637748.1 569000000 569500000 1287.93718
OX637748.1 569500000 570000000 1283.29117
OX637748.1 570000000 570500000 1282.0
OX637748.1 570500000 571000000 1282.0
OX637748.1 571000000 571500000 1279.58449
OX637748.1 571500000 572000000 1278.0
OX637748.1 572000000 572500000 1277.57296
OX637748.1 572500000 573000000 1274.48666
OX637748.1 573000000 573500000 1271.19525
OX637748.1 573500000 574000000 1270.0
OX637748.1 574000000 574500000 1269.61658
OX637748.1 574500000 575000000 1268.01265
OX637748.1 575000000 575500000 1265.5945
OX637748.1 575500000 576000000 1263.28179
OX637748.1 576000000 576500000 1261.1724
OX637748.1 576500000 577000000 1259.27519
OX637748.1 577000000 577500000 1257.02508
OX637748.1 577500000 578000000 1255.81724
OX637748.1 578000000 578500000 1254.72344
OX637748.1 578500000 579000000 1253.39838
OX637748.1 579000000 579500000 1251.43007
OX637748.1 579500000 580000000 1249.40563
OX637748.1 580000000 580500000 1242.76891
OX637748.1 580500000 581000000 1240.62999
OX637748.1 581000000 581500000 1237.3124
OX637748.1 581500000 582000000 1236.56144
OX637748.1 582000000 582500000 1232.75323
OX637748.1 582500000 583000000 1231.30393
OX637748.1 583000000 583500000 1229.02387
OX637748.1 583500000 584000000 1227.0
OX637748.1 584000000 584500000 1224.38246
OX637748.1 584500000 585000000 1220.84503
OX637748.1 585000000 585500000 1219.31995
OX637748.1 585500000 586000000 1216.27459
OX637748.1 586000000 586500000 1213.74363
OX637748.1 586500000 587000000 1211.6922
OX637748.1 587000000 587500000 1206.95708
OX637748.1 587500000 588000000 1203.31428
OX637748.1 588000000 588500000 1200.10363
OX637748.1 588500000 589000000 1195.8501
OX637748.1 589000000 589500000 1189.72425
OX637748.1 589500000 590000000 1183.27708
OX637748.1 590000000 590500000 1180.32467
OX637748.1 590500000 591000000 1177.60369
OX637748.1 591000000 591500000 1173.27818
OX637748.1 591500000 592000000 1170.21036
OX637748.1 592000000 592500000 1167.48486
OX637748.1 592500000 593000000 1166.58409
OX637748.1 593000000 593500000 1165.27128
OX637748.1 593500000 594000000 1161.30073
OX637748.1 594000000 594500000 1158.33892
OX637748.1 594500000 595000000 1156.62456
OX637748.1 595000000 595500000 1152.93147
OX637748.1 595500000 596000000 1149.80566
OX637748.1 596000000 596500000 1145.64752
OX637748.1 596500000 597000000 1144.06132
OX637748.1 597000000 597500000 1139.33272
OX637748.1 597500000 598000000 1137.50208
OX637748.1 598000000 598500000 1128.67516
OX637748.1 598500000 599000000 1122.37492
OX637748.1 599000000 599500000 1119.28462
OX637748.1 599500000 600000000 1118.0
OX637748.1 600000000 600500000 1116.66281
OX637748.1 600500000 601000000 1112.79741
OX637748.1 601000000 601500000 1110.62115
OX637748.1 601500000 602000000 1104.23707
OX637748.1 602000000 602500000 1099.71946
OX637748.1 602500000 603000000 1091.33213
OX637748.1 603000000 603500000 1083.15072
OX637748.1 603500000 604000000 1081.35669
OX637748.1 604000000 604500000 1077.10977
OX637748.1 604500000 605000000 1071.04334
OX637748.1 605000000 605500000 1066.53628
OX637748.1 605500000 606000000 1063.70892
OX637748.1 606000000 606500000 1059.01218
OX637748.1 606500000 607000000 1050.18597
OX637748.1 607000000 607500000 1044.82941
OX637748.1 607500000 608000000 1040.60457
OX637748.1 608000000 608500000 1035.29038
OX637748.1 608500000 609000000 1029.01569
OX637748.1 609000000 609500000 1024.46691
OX637748.1 609500000 610000000 1017.56182
OX637748.1 610000000 610500000 1007.38223
OX637748.1 610500000 611000000 997.25502
OX637748.1 611000000 611500000 987.49299
OX637748.1 611500000 612000000 983.34927
OX637748.1 612000000 612500000 979.08699
OX637748.1 612500000 613000000 973.35773
OX637748.1 613000000 613500000 962.73952
OX637748.1 613500000 614000000 959.47725
OX637748.1 614000000 614500000 954.23529
OX637748.1 614500000 615000000 948.56746
OX637748.1 615000000 615500000 938.28702
OX637748.1 615500000 616000000 923.99878
OX637748.1 616000000 616500000 917.54608
OX637748.1 616500000 617000000 909.61687
OX637748.1 617000000 617500000 890.84481
OX637748.1 617500000 618000000 881.38871
OX637748.1 618000000 618500000 862.84398
OX637748.1 618500000 619000000 841.69541
OX637748.1 619000000 619500000 823.74014
OX637748.1 619500000 620000000 805.96773
OX637748.1 620000000 620500000 792.01863
OX637748.1 620500000 621000000 781.53324
OX637748.1 621000000 621500000 769.78081
OX637748.1 621500000 622000000 754.00453
OX637748.1 622000000 622500000 738.96412
OX637748.1 622500000 623000000 723.65663
OX637748.1 623000000 623500000 705.23109
OX637748.1 623500000 624000000 685.77837
OX637748.1 624000000 624500000 659.31554
OX637748.1 624500000 625000000 636.05739
OX637748.1 625000000 625500000 612.44971
OX637748.1 625500000 626000000 592.34583
OX637748.1 626000000 626500000 568.89849
OX637748.1 626500000 627000000 539.30558
OX637748.1 627000000 627500000 517.46001
OX637748.1 627500000 628000000 498.58274
OX637748.1 628000000 628500000 466.69256
OX637748.1 628500000 629000000 445.38891
OX637748.1 629000000 629500000 418.353
OX637748.1 629500000 630000000 386.9324
OX637748.1 630000000 630500000 360.50316
OX637748.1 630500000 631000000 305.44898
OX637748.1 631000000 631500000 252.21576
OX637748.1 631500000 632000000 187.41304
OX637748.1 632000000 632500000 126.70957
OX637748.1 632500000 633000000 108.0
OX637748.1 633000000 633500000 105.78116
OX637748.1 633500000 634000000 105.0
OX637748.1 634000000 634500000 103.9527
OX637748.1 634500000 635000000 76.86911
OX637748.1 635000000 635500000 23.67742
OX637748.1 635500000 635500123 1.0
OX637755.1 0 500000 16.21018
OX637755.1 500000 1000000 66.11215
OX637755.1 1000000 1500000 119.2385
OX637755.1 1500000 2000000 174.95414
OX637755.1 2000000 2500000 201.73446
OX637755.1 2500000 3000000 233.88224
OX637755.1 3000000 3500000 301.70434
OX637755.1 3500000 4000000 339.53004
OX637755.1 4000000 4500000 367.99166
OX637755.1 4500000 5000000 397.57061
OX637755.1 5000000 5500000 431.74237
OX637755.1 5500000 6000000 458.91759
OX637755.1 6000000 6500000 478.5302
OX637755.1 6500000 7000000 500.21896
OX637755.1 7000000 7500000 516.57932
OX637755.1 7500000 8000000 546.47577
OX637755.1 8000000 8500000 566.0603
OX637755.1 8500000 9000000 583.71967
OX637755.1 9000000 9500000 601.39683
OX637755.1 9500000 10000000 616.22793
OX637755.1 10000000 10500000 636.79619
OX637755.1 10500000 11000000 647.44863
OX637755.1 11000000 11500000 657.38482
OX637755.1 11500000 12000000 672.26265
OX637755.1 12000000 12500000 684.90701
OX637755.1 12500000 13000000 703.02392
OX637755.1 13000000 13500000 720.63402
OX637755.1 13500000 14000000 730.02814
OX637755.1 14000000 14500000 739.91562
OX637755.1 14500000 15000000 761.69406
OX637755.1 15000000 15500000 780.3562
OX637755.1 15500000 16000000 792.60497
OX637755.1 16000000 16500000 799.03512
OX637755.1 16500000 17000000 805.22087
OX637755.1 17000000 17500000 812.8788
OX637755.1 17500000 18000000 821.15711
OX637755.1 18000000 18500000 826.4369
OX637755.1 18500000 19000000 836.59104
OX637755.1 19000000 19500000 850.07754
OX637755.1 19500000 20000000 858.27825
OX637755.1 20000000 20500000 864.38377
OX637755.1 20500000 21000000 870.34017
OX637755.1 21000000 21500000 880.00774
OX637755.1 21500000 22000000 888.55632
OX637755.1 22000000 22500000 899.5022
OX637755.1 22500000 23000000 905.62541
OX637755.1 23000000 23500000 909.09774
OX637755.1 23500000 24000000 913.73509
OX637755.1 24000000 24500000 923.871
OX637755.1 24500000 25000000 930.83125
OX637755.1 25000000 25500000 938.73355
OX637755.1 25500000 26000000 947.81473
OX637755.1 26000000 26500000 950.23781
OX637755.1 26500000 27000000 954.7634
OX637755.1 27000000 27500000 957.86481
OX637755.1 27500000 28000000 961.0
OX637755.1 28000000 28500000 961.42243
OX637755.1 28500000 29000000 965.82138
OX637755.1 29000000 29500000 967.20728
OX637755.1 29500000 30000000 970.0834
OX637755.1 30000000 30500000 969.98176
OX637755.1 30500000 31000000 970.49323
OX637755.1 31000000 31500000 973.75132
OX637755.1 31500000 32000000 979.37189
OX637755.1 32000000 32500000 981.84724
OX637755.1 32500000 33000000 984.10125
OX637755.1 33000000 33500000 990.61865
OX637755.1 33500000 34000000 995.92707
OX637755.1 34000000 34500000 996.95947
OX637755.1 34500000 35000000 999.37044
OX637755.1 35000000 35500000 1000.0
OX637755.1 35500000 36000000 1000.83249
OX637755.1 36000000 36500000 1002.84554
OX637755.1 36500000 37000000 1003.0
OX637755.1 37000000 37500000 1004.55823
OX637755.1 37500000 38000000 1005.17589
OX637755.1 38000000 38500000 1008.70592
OX637755.1 38500000 39000000 1009.08143
OX637755.1 39000000 39500000 1012.75066
OX637755.1 39500000 40000000 1016.89733
OX637755.1 40000000 40500000 1017.0
OX637755.1 40500000 41000000 1017.0
OX637755.1 41000000 41500000 1019.01382
OX637755.1 41500000 42000000 1020.89433
OX637755.1 42000000 42500000 1022.74594
OX637755.1 42500000 43000000 1024.55369
OX637755.1 43000000 43500000 1025.0
OX637755.1 43500000 44000000 1026.03087
OX637755.1 44000000 44500000 1027.80851
OX637755.1 44500000 45000000 1032.78169
OX637755.1 45000000 45500000 1036.89676
OX637755.1 45500000 46000000 1038.87451
OX637755.1 46000000 46500000 1041.47365
OX637755.1 46500000 47000000 1042.0
OX637755.1 47000000 47500000 1042.08201
OX637755.1 47500000 48000000 1043.6813
OX637755.1 48000000 48500000 1044.0
OX637755.1 48500000 49000000 1044.0
OX637755.1 49000000 49500000 1044.83848
OX637755.1 49500000 50000000 1046.50954
OX637755.1 50000000 50500000 1047.0
OX637755.1 50500000 51000000 1047.25305
OX637755.1 51000000 51500000 1048.85479
OX637755.1 51500000 52000000 1052.60611
OX637755.1 52000000 52500000 1059.64932
OX637755.1 52500000 53000000 1063.17327
OX637755.1 53000000 53500000 1064.23468
OX637755.1 53500000 54000000 1066.93585
OX637755.1 54000000 54500000 1068.4822
OX637755.1 54500000 55000000 1069.98996
OX637755.1 55000000 55500000 1071.28413
OX637755.1 55500000 56000000 1073.0
OX637755.1 56000000 56500000 1075.14962
OX637755.1 56500000 57000000 1077.10992
OX637755.1 57000000 57500000 1078.04823
OX637755.1 57500000 58000000 1078.43709
OX637755.1 58000000 58500000 1078.73631
OX637755.1 58500000 59000000 1079.0678
OX637755.1 59000000 59500000 1082.83274
OX637755.1 59500000 60000000 1083.26712
OX637755.1 60000000 60500000 1086.33454
OX637755.1 60500000 61000000 1087.56252
OX637755.1 61000000 61500000 1088.0
OX637755.1 61500000 62000000 1088.0
OX637755.1 62000000 62500000 1088.0
OX637755.1 62500000 63000000 1088.0
OX637755.1 63000000 63500000 1089.37379
OX637755.1 63500000 64000000 1095.35767
OX637755.1 64000000 64500000 1097.0
OX637755.1 64500000 65000000 1097.05042
OX637755.1 65000000 65500000 1098.90563
OX637755.1 65500000 66000000 1100.0
OX637755.1 66000000 66500000 1102.45301
OX637755.1 66500000 67000000 1106.00466
OX637755.1 67000000 67500000 1107.0
OX637755.1 67500000 68000000 1107.0
OX637755.1 68000000 68500000 1107.68959
OX637755.1 68500000 69000000 1108.26203
OX637755.1 69000000 69500000 1109.0
OX637755.1 69500000 70000000 1109.32634
OX637755.1 70000000 70500000 1110.53631
OX637755.1 70500000 71000000 1111.45649
OX637755.1 71000000 71500000 1113.38073
OX637755.1 71500000 72000000 1115.35699
OX637755.1 72000000 72500000 1116.41802
OX637755.1 72500000 73000000 1117.25951
OX637755.1 73000000 73500000 1119.0
OX637755.1 73500000 74000000 1119.66856
OX637755.1 74000000 74500000 1120.0
OX637755.1 74500000 75000000 1120.0
OX637755.1 75000000 75500000 1119.15156
OX637755.1 75500000 76000000 1119.0
OX637755.1 76000000 76500000 1119.53772
OX637755.1 76500000 77000000 1120.0
OX637755.1 77000000 77500000 1120.93203
OX637755.1 77500000 78000000 1123.22026
OX637755.1 78000000 78500000 1124.0
OX637755.1 78500000 79000000 1124.7309
OX637755.1 79000000 79500000 1126.58442
OX637755.1 79500000 80000000 1127.0
OX637755.1 80000000 80500000 1127.4188
OX637755.1 80500000 81000000 1128.0
OX637755.1 81000000 81500000 1128.0
OX637755.1 81500000 82000000 1128.0
OX637755.1 82000000 82500000 1128.0
OX637755.1 82500000 83000000 1128.0
OX637755.1 83000000 83500000 1128.0
OX637755.1 83500000 84000000 1128.0
OX637755.1 84000000 84500000 1127.48039
OX637755.1 84500000 85000000 1127.0
OX637755.1 85000000 85500000 1127.0
OX637755.1 85500000 86000000 1127.0
OX637755.1 86000000 86500000 1126.81078
OX637755.1 86500000 87000000 1126.72291
OX637755.1 87000000 87500000 1127.0
OX637755.1 87500000 88000000 1127.0
OX637755.1 88000000 88500000 1126.21306
OX637755.1 88500000 89000000 1126.16833
OX637755.1 89000000 89500000 1127.093
OX637755.1 89500000 90000000 1128.5646
OX637755.1 90000000 90500000 1129.0
OX637755.1 90500000 91000000 1129.0
OX637755.1 91000000 91500000 1129.92326
OX637755.1 91500000 92000000 1130.0
OX637755.1 92000000 92500000 1130.39431
OX637755.1 92500000 93000000 1131.0
OX637755.1 93000000 93500000 1131.0
OX637755.1 93500000 94000000 1131.0
OX637755.1 94000000 94500000 1131.0
OX637755.1 94500000 95000000 1131.0
OX637755.1 95000000 95500000 1131.23279
OX637755.1 95500000 96000000 1132.00212
OX637755.1 96000000 96500000 1132.80069
OX637755.1 96500000 97000000 1134.74934
OX637755.1 97000000 97500000 1135.52595
OX637755.1 97500000 98000000 1136.0
OX637755.1 98000000 98500000 1136.92891
OX637755.1 98500000 99000000 1137.3729
OX637755.1 99000000 99500000 1138.11729
OX637755.1 99500000 100000000 1139.0
OX637755.1 100000000 100500000 1138.11464
OX637755.1 100500000 101000000 1138.0
OX637755.1 101000000 101500000 1138.31019
OX637755.1 101500000 102000000 1139.61416
OX637755.1 102000000 102500000 1140.0
OX637755.1 102500000 103000000 1140.29973
OX637755.1 103000000 103500000 1141.67552
OX637755.1 103500000 104000000 1142.0
OX637755.1 104000000 104500000 1142.0
OX637755.1 104500000 105000000 1142.0
OX637755.1 105000000 105500000 1142.0
OX637755.1 105500000 106000000 1142.0
OX637755.1 106000000 106500000 1142.0
OX637755.1 106500000 107000000 1142.0
OX637755.1 107000000 107500000 1142.0
OX637755.1 107500000 108000000 1142.0
OX637755.1 108000000 108500000 1142.29119
OX637755.1 108500000 109000000 1143.0
OX637755.1 109000000 109500000 1143.0
OX637755.1 109500000 110000000 1143.0
OX637755.1 110000000 110500000 1143.0
OX637755.1 110500000 111000000 1143.0
OX637755.1 111000000 111500000 1143.0
OX637755.1 111500000 112000000 1143.0
OX637755.1 112000000 112500000 1143.0
OX637755.1 112500000 113000000 1143.0
OX637755.1 113000000 113500000 1143.0
OX637755.1 113500000 114000000 1143.0
OX637755.1 114000000 114500000 1143.00017
OX637755.1 114500000 115000000 1143.0013
OX637755.1 115000000 115500000 1143.0
OX637755.1 115500000 116000000 1143.0
OX637755.1 116000000 116500000 1143.0
OX637755.1 116500000 117000000 1143.0
OX637755.1 117000000 117500000 1142.85086
OX637755.1 117500000 118000000 1143.16308
OX637755.1 118000000 118500000 1144.67812
OX637755.1 118500000 119000000 1146.0
OX637755.1 119000000 119500000 1146.24669
OX637755.1 119500000 120000000 1148.08269
OX637755.1 120000000 120500000 1149.0
OX637755.1 120500000 121000000 1149.22106
OX637755.1 121000000 121500000 1150.86269
OX637755.1 121500000 122000000 1151.86003
OX637755.1 122000000 122500000 1152.75317
OX637755.1 122500000 123000000 1153.0
OX637755.1 123000000 123500000 1153.0
OX637755.1 123500000 124000000 1153.0
OX637755.1 124000000 124500000 1153.49093
OX637755.1 124500000 125000000 1154.0
OX637755.1 125000000 125500000 1154.40968
OX637755.1 125500000 126000000 1155.0
OX637755.1 126000000 126500000 1155.0
OX637755.1 126500000 127000000 1156.65256
OX637755.1 127000000 127500000 1157.76977
OX637755.1 127500000 128000000 1158.0
OX637755.1 128000000 128500000 1158.1901
OX637755.1 128500000 129000000 1159.0
OX637755.1 129000000 129500000 1159.0
OX637755.1 129500000 130000000 1159.61729
OX637755.1 130000000 130500000 1160.57763
OX637755.1 130500000 131000000 1161.0
OX637755.1 131000000 131500000 1161.0
OX637755.1 131500000 132000000 1161.97157
OX637755.1 132000000 132500000 1162.0
OX637755.1 132500000 133000000 1162.60869
OX637755.1 133000000 133500000 1163.0
OX637755.1 133500000 134000000 1162.73211
OX637755.1 134000000 134500000 1162.72648
OX637755.1 134500000 135000000 1163.0
OX637755.1 135000000 135500000 1163.0
OX637755.1 135500000 136000000 1163.0
OX637755.1 136000000 136500000 1163.0
OX637755.1 136500000 137000000 1163.76902
OX637755.1 137000000 137500000 1164.0
OX637755.1 137500000 138000000 1164.38458
OX637755.1 138000000 138500000 1165.0
OX637755.1 138500000 139000000 1165.88531
OX637755.1 139000000 139500000 1166.0
OX637755.1 139500000 140000000 1166.0
OX637755.1 140000000 140500000 1166.0
OX637755.1 140500000 141000000 1166.0
OX637755.1 141000000 141500000 1166.0
OX637755.1 141500000 142000000 1166.56345
OX637755.1 142000000 142500000 1168.0
OX637755.1 142500000 143000000 1169.02734
OX637755.1 143000000 143500000 1170.95355
OX637755.1 143500000 144000000 1171.0
OX637755.1 144000000 144500000 1171.67397
OX637755.1 144500000 145000000 1172.0
OX637755.1 145000000 145500000 1172.17326
OX637755.1 145500000 146000000 1173.0
OX637755.1 146000000 146500000 1173.0
OX637755.1 146500000 147000000 1173.0
OX637755.1 147000000 147500000 1174.03005
OX637755.1 147500000 148000000 1175.0
OX637755.1 148000000 148500000 1175.0
OX637755.1 148500000 149000000 1175.0
OX637755.1 149000000 149500000 1175.05142
OX637755.1 149500000 150000000 1176.77968
OX637755.1 150000000 150500000 1178.13017
OX637755.1 150500000 151000000 1179.39252
OX637755.1 151000000 151500000 1180.00972
OX637755.1 151500000 152000000 1180.0
OX637755.1 152000000 152500000 1180.15601
OX637755.1 152500000 153000000 1181.61192
OX637755.1 153000000 153500000 1182.0
OX637755.1 153500000 154000000 1182.00357
OX637755.1 154000000 154500000 1183.0
OX637755.1 154500000 155000000 1183.43575
OX637755.1 155000000 155500000 1184.0
OX637755.1 155500000 156000000 1184.0
OX637755.1 156000000 156500000 1183.94635
OX637755.1 156500000 157000000 1183.0
OX637755.1 157000000 157500000 1183.0
OX637755.1 157500000 158000000 1183.0
OX637755.1 158000000 158500000 1183.0
OX637755.1 158500000 159000000 1183.92716
OX637755.1 159000000 159500000 1184.0843
OX637755.1 159500000 160000000 1185.34274
OX637755.1 160000000 160500000 1186.0
OX637755.1 160500000 161000000 1186.0
OX637755.1 161000000 161500000 1186.0
OX637755.1 161500000 162000000 1186.0
OX637755.1 162000000 162500000 1186.98267
OX637755.1 162500000 163000000 1187.0
OX637755.1 163000000 163500000 1187.12784
OX637755.1 163500000 164000000 1188.0
OX637755.1 164000000 164500000 1188.34649
OX637755.1 164500000 165000000 1189.48013
OX637755.1 165000000 165500000 1190.0
OX637755.1 165500000 166000000 1190.00259
OX637755.1 166000000 166500000 1190.0
OX637755.1 166500000 167000000 1190.0
OX637755.1 167000000 167500000 1190.0
OX637755.1 167500000 168000000 1190.57223
OX637755.1 168000000 168500000 1191.82414
OX637755.1 168500000 169000000 1192.0
OX637755.1 169000000 169500000 1192.0
OX637755.1 169500000 170000000 1192.9738
OX637755.1 170000000 170500000 1193.0
OX637755.1 170500000 171000000 1193.0069
OX637755.1 171000000 171500000 1193.00029
OX637755.1 171500000 172000000 1193.49382
OX637755.1 172000000 172500000 1194.0
OX637755.1 172500000 173000000 1194.0
OX637755.1 173000000 173500000 1194.0
OX637755.1 173500000 174000000 1194.0
OX637755.1 174000000 174500000 1194.0
OX637755.1 174500000 175000000 1193.57569
OX637755.1 175000000 175500000 1193.66919
OX637755.1 175500000 176000000 1194.0
OX637755.1 176000000 176500000 1194.00168
OX637755.1 176500000 177000000 1194.11267
OX637755.1 177000000 177500000 1195.0
OX637755.1 177500000 178000000 1195.0
OX637755.1 178000000 178500000 1195.0
OX637755.1 178500000 179000000 1195.0
OX637755.1 179000000 179500000 1195.0
OX637755.1 179500000 180000000 1196.29323
OX637755.1 180000000 180500000 1197.0
OX637755.1 180500000 181000000 1197.0
OX637755.1 181000000 181500000 1197.0
OX637755.1 181500000 182000000 1197.0
OX637755.1 182000000 182500000 1197.0
OX637755.1 182500000 183000000 1197.0
OX637755.1 183000000 183500000 1197.0
OX637755.1 183500000 184000000 1197.65744
OX637755.1 184000000 184500000 1198.0
OX637755.1 184500000 185000000 1198.0
OX637755.1 185000000 185500000 1198.0
OX637755.1 185500000 186000000 1198.0
OX637755.1 186000000 186500000 1197.9214
OX637755.1 186500000 187000000 1197.00208
OX637755.1 187000000 187500000 1198.39035
OX637755.1 187500000 188000000 1199.0
OX637755.1 188000000 188500000 1199.0
OX637755.1 188500000 189000000 1199.0
OX637755.1 189000000 189500000 1199.0
OX637755.1 189500000 190000000 1199.0
OX637755.1 190000000 190500000 1199.0
OX637755.1 190500000 191000000 1199.0
OX637755.1 191000000 191500000 1199.0
OX637755.1 191500000 192000000 1199.80507
OX637755.1 192000000 192500000 1200.0
OX637755.1 192500000 193000000 1200.06614
OX637755.1 193000000 193500000 1202.0
OX637755.1 193500000 194000000 1202.0
OX637755.1 194000000 194500000 1202.68668
OX637755.1 194500000 195000000 1203.0
OX637755.1 195000000 195500000 1203.18437
OX637755.1 195500000 196000000 1204.0
OX637755.1 196000000 196500000 1204.0
OX637755.1 196500000 197000000 1204.30698
OX637755.1 197000000 197500000 1205.0
OX637755.1 197500000 198000000 1204.98135
OX637755.1 198000000 198500000 1204.0
OX637755.1 198500000 199000000 1204.0
OX637755.1 199000000 199500000 1204.0
OX637755.1 199500000 200000000 1204.0
OX637755.1 200000000 200500000 1204.0
OX637755.1 200500000 201000000 1204.0
OX637755.1 201000000 201500000 1203.51568
OX637755.1 201500000 202000000 1203.0
OX637755.1 202000000 202500000 1203.0
OX637755.1 202500000 203000000 1203.0
OX637755.1 203000000 203500000 1203.0
OX637755.1 203500000 204000000 1203.0
OX637755.1 204000000 204500000 1202.32711
OX637755.1 204500000 205000000 1202.0
OX637755.1 205000000 205500000 1202.0
OX637755.1 205500000 206000000 1202.0
OX637755.1 206000000 206500000 1202.0
OX637755.1 206500000 207000000 1202.0
OX637755.1 207000000 207500000 1202.0
OX637755.1 207500000 208000000 1202.0
OX637755.1 208000000 208500000 1202.0
OX637755.1 208500000 209000000 1203.55517
OX637755.1 209000000 209500000 1204.0
OX637755.1 209500000 210000000 1204.0
OX637755.1 210000000 210500000 1204.0
OX637755.1 210500000 211000000 1204.0
OX637755.1 211000000 211500000 1204.97941
OX637755.1 211500000 212000000 1205.0
OX637755.1 212000000 212500000 1205.0
OX637755.1 212500000 213000000 1205.0
OX637755.1 213000000 213500000 1205.0
OX637755.1 213500000 214000000 1205.0
OX637755.1 214000000 214500000 1205.33945
OX637755.1 214500000 215000000 1206.0
OX637755.1 215000000 215500000 1206.0
OX637755.1 215500000 216000000 1206.0
OX637755.1 216000000 216500000 1206.0
OX637755.1 216500000 217000000 1206.0
OX637755.1 217000000 217500000 1206.0
OX637755.1 217500000 218000000 1206.0
OX637755.1 218000000 218500000 1206.0
OX637755.1 218500000 219000000 1206.78315
OX637755.1 219000000 219500000 1208.0
OX637755.1 219500000 220000000 1208.0
OX637755.1 220000000 220500000 1208.0
OX637755.1 220500000 221000000 1208.0
OX637755.1 221000000 221500000 1208.0
OX637755.1 221500000 222000000 1208.0
OX637755.1 222000000 222500000 1208.0
OX637755.1 222500000 223000000 1208.00201
OX637755.1 223000000 223500000 1209.50798
OX637755.1 223500000 224000000 1209.94649
OX637755.1 224000000 224500000 1209.0
OX637755.1 224500000 225000000 1209.0
OX637755.1 225000000 225500000 1209.0
OX637755.1 225500000 226000000 1209.0
OX637755.1 226000000 226500000 1208.86054
OX637755.1 226500000 227000000 1208.0
OX637755.1 227000000 227500000 1208.0
OX637755.1 227500000 228000000 1208.0
OX637755.1 228000000 228500000 1208.0
OX637755.1 228500000 229000000 1208.50743
OX637755.1 229000000 229500000 1209.0
OX637755.1 229500000 230000000 1209.0
OX637755.1 230000000 230500000 1209.0
OX637755.1 230500000 231000000 1209.0
OX637755.1 231000000 231500000 1209.00585
OX637755.1 231500000 232000000 1209.00046
OX637755.1 232000000 232500000 1209.0
OX637755.1 232500000 233000000 1209.0
OX637755.1 233000000 233500000 1209.0
OX637755.1 233500000 234000000 1209.0
OX637755.1 234000000 234500000 1209.0
OX637755.1 234500000 235000000 1209.97175
OX637755.1 235000000 235500000 1210.0
OX637755.1 235500000 236000000 1209.73695
OX637755.1 236000000 236500000 1209.0
OX637755.1 236500000 237000000 1209.0
OX637755.1 237000000 237500000 1209.0
OX637755.1 237500000 238000000 1208.87674
OX637755.1 238000000 238500000 1208.0
OX637755.1 238500000 239000000 1208.07253
OX637755.1 239000000 239500000 1208.0
OX637755.1 239500000 240000000 1208.0
OX637755.1 240000000 240500000 1207.2254
OX637755.1 240500000 241000000 1207.0
OX637755.1 241000000 241500000 1207.0
OX637755.1 241500000 242000000 1207.0
OX637755.1 242000000 242500000 1207.00684
OX637755.1 242500000 243000000 1207.67562
OX637755.1 243000000 243500000 1208.0
OX637755.1 243500000 244000000 1208.0
OX637755.1 244000000 244500000 1208.0
OX637755.1 244500000 245000000 1208.0
OX637755.1 245000000 245500000 1208.0
OX637755.1 245500000 246000000 1208.0
OX637755.1 246000000 246500000 1208.0
OX637755.1 246500000 247000000 1208.0
OX637755.1 247000000 247500000 1208.60335
OX637755.1 247500000 248000000 1209.0
OX637755.1 248000000 248500000 1209.0
OX637755.1 248500000 249000000 1209.51595
OX637755.1 249000000 249500000 1210.0
OX637755.1 249500000 250000000 1210.01685
OX637755.1 250000000 250500000 1210.60374
OX637755.1 250500000 251000000 1211.0
OX637755.1 251000000 251500000 1211.0
OX637755.1 251500000 252000000 1211.0
OX637755.1 252000000 252500000 1211.0062
OX637755.1 252500000 253000000 1211.68855
OX637755.1 253000000 253500000 1213.7631
OX637755.1 253500000 254000000 1214.0
OX637755.1 254000000 254500000 1214.00278
OX637755.1 254500000 255000000 1213.75716
OX637755.1 255000000 255500000 1213.0
OX637755.1 255500000 256000000 1213.17347
OX637755.1 256000000 256500000 1214.0
OX637755.1 256500000 257000000 1214.0
OX637755.1 257000000 257500000 1214.0
OX637755.1 257500000 258000000 1213.48806
OX637755.1 258000000 258500000 1214.0
OX637755.1 258500000 259000000 1214.39108
OX637755.1 259000000 259500000 1216.0
OX637755.1 259500000 260000000 1216.00249
OX637755.1 260000000 260500000 1216.0002
OX637755.1 260500000 261000000 1216.00607
OX637755.1 261000000 261500000 1216.0
OX637755.1 261500000 262000000 1216.0
OX637755.1 262000000 262500000 1216.0
OX637755.1 262500000 263000000 1216.06978
OX637755.1 263000000 263500000 1217.0
OX637755.1 263500000 264000000 1217.89511
OX637755.1 264000000 264500000 1217.26886
OX637755.1 264500000 265000000 1217.0
OX637755.1 265000000 265500000 1217.0
OX637755.1 265500000 266000000 1216.02978
OX637755.1 266000000 266500000 1216.0
OX637755.1 266500000 267000000 1216.0
OX637755.1 267000000 267500000 1216.0
OX637755.1 267500000 268000000 1216.0
OX637755.1 268000000 268500000 1216.0
OX637755.1 268500000 269000000 1216.0
OX637755.1 269000000 269500000 1216.0
OX637755.1 269500000 270000000 1215.94962
OX637755.1 270000000 270500000 1215.46156
OX637755.1 270500000 271000000 1216.0
OX637755.1 271000000 271500000 1216.55504
OX637755.1 271500000 272000000 1217.0
OX637755.1 272000000 272500000 1217.0
OX637755.1 272500000 273000000 1218.79778
OX637755.1 273000000 273500000 1220.95787
OX637755.1 273500000 274000000 1220.11256
OX637755.1 274000000 274500000 1221.0
OX637755.1 274500000 275000000 1221.0
OX637755.1 275000000 275500000 1221.52721
OX637755.1 275500000 276000000 1221.69341
OX637755.1 276000000 276500000 1221.19595
OX637755.1 276500000 277000000 1221.0
OX637755.1 277000000 277500000 1220.44224
OX637755.1 277500000 278000000 1220.0
OX637755.1 278000000 278500000 1219.99007
OX637755.1 278500000 279000000 1220.0
OX637755.1 279000000 279500000 1220.34272
OX637755.1 279500000 280000000 1221.0
OX637755.1 280000000 280500000 1221.77858
OX637755.1 280500000 281000000 1222.0
OX637755.1 281000000 281500000 1221.83466
OX637755.1 281500000 282000000 1221.00214
OX637755.1 282000000 282500000 1221.08794
OX637755.1 282500000 283000000 1221.0
OX637755.1 283000000 283500000 1221.10162
OX637755.1 283500000 284000000 1222.62156
OX637755.1 284000000 284500000 1223.02473
OX637755.1 284500000 285000000 1224.09721
OX637755.1 285000000 285500000 1225.00503
OX637755.1 285500000 286000000 1225.0
OX637755.1 286000000 286500000 1225.97243
OX637755.1 286500000 287000000 1227.0617
OX637755.1 287000000 287500000 1228.0
OX637755.1 287500000 288000000 1228.42931
OX637755.1 288000000 288500000 1229.0
OX637755.1 288500000 289000000 1229.0
OX637755.1 289000000 289500000 1229.0
OX637755.1 289500000 290000000 1228.03621
OX637755.1 290000000 290500000 1227.54248
OX637755.1 290500000 291000000 1227.9767
OX637755.1 291000000 291500000 1228.0
OX637755.1 291500000 292000000 1228.0
OX637755.1 292000000 292500000 1228.0
OX637755.1 292500000 293000000 1228.65318
OX637755.1 293000000 293500000 1229.69593
OX637755.1 293500000 294000000 1230.77362
OX637755.1 294000000 294500000 1231.0
OX637755.1 294500000 295000000 1232.54437
OX637755.1 295000000 295500000 1233.0
OX637755.1 295500000 296000000 1233.0256
OX637755.1 296000000 296500000 1234.312
OX637755.1 296500000 297000000 1235.0
OX637755.1 297000000 297500000 1234.23739
OX637755.1 297500000 298000000 1234.0
OX637755.1 298000000 298500000 1233.85942
OX637755.1 298500000 299000000 1233.0
OX637755.1 299000000 299500000 1233.0006
OX637755.1 299500000 300000000 1233.0
OX637755.1 300000000 300500000 1233.0
OX637755.1 300500000 301000000 1232.44632
OX637755.1 301000000 301500000 1231.55869
OX637755.1 301500000 302000000 1232.85053
OX637755.1 302000000 302500000 1233.0
OX637755.1 302500000 303000000 1231.87628
OX637755.1 303000000 303500000 1231.0
OX637755.1 303500000 304000000 1231.0
OX637755.1 304000000 304500000 1231.3168
OX637755.1 304500000 305000000 1231.00018
OX637755.1 305000000 305500000 1231.82499
OX637755.1 305500000 306000000 1233.0
OX637755.1 306000000 306500000 1233.74725
OX637755.1 306500000 307000000 1234.0
OX637755.1 307000000 307500000 1234.0
OX637755.1 307500000 308000000 1234.49348
OX637755.1 308000000 308500000 1235.63918
OX637755.1 308500000 309000000 1235.0
OX637755.1 309000000 309500000 1234.60751
OX637755.1 309500000 310000000 1234.0
OX637755.1 310000000 310500000 1233.44947
OX637755.1 310500000 311000000 1233.0
OX637755.1 311000000 311500000 1233.0
OX637755.1 311500000 312000000 1234.27224
OX637755.1 312000000 312500000 1234.0
OX637755.1 312500000 313000000 1234.00207
OX637755.1 313000000 313500000 1233.89482
OX637755.1 313500000 314000000 1232.01201
OX637755.1 314000000 314500000 1232.0
OX637755.1 314500000 315000000 1232.00035
OX637755.1 315000000 315500000 1233.26449
OX637755.1 315500000 316000000 1235.0
OX637755.1 316000000 316500000 1235.0
OX637755.1 316500000 317000000 1235.0
OX637755.1 317000000 317500000 1235.0
OX637755.1 317500000 318000000 1235.03119
OX637755.1 318000000 318500000 1235.37423
OX637755.1 318500000 319000000 1236.66382
OX637755.1 319000000 319500000 1237.0
OX637755.1 319500000 320000000 1237.66045
OX637755.1 320000000 320500000 1237.05537
OX637755.1 320500000 321000000 1236.5576
OX637755.1 321000000 321500000 1236.14617
OX637755.1 321500000 322000000 1235.28268
OX637755.1 322000000 322500000 1235.93106
OX637755.1 322500000 323000000 1235.0
OX637755.1 323000000 323500000 1236.29059
OX637755.1 323500000 324000000 1236.88589
OX637755.1 324000000 324500000 1234.90568
OX637755.1 324500000 325000000 1234.0
OX637755.1 325000000 325500000 1234.77683
OX637755.1 325500000 326000000 1235.0
OX637755.1 326000000 326500000 1235.0
OX637755.1 326500000 327000000 1235.00431
OX637755.1 327000000 327500000 1235.0
OX637755.1 327500000 328000000 1235.73348
OX637755.1 328000000 328500000 1236.0
OX637755.1 328500000 329000000 1235.06704
OX637755.1 329000000 329500000 1233.53465
OX637755.1 329500000 330000000 1233.0
OX637755.1 330000000 330500000 1232.64565
OX637755.1 330500000 331000000 1232.26747
OX637755.1 331000000 331500000 1231.60139
OX637755.1 331500000 332000000 1231.00359
OX637755.1 332000000 332500000 1231.0
OX637755.1 332500000 333000000 1230.20969
OX637755.1 333000000 333500000 1228.00138
OX637755.1 333500000 334000000 1227.49255
OX637755.1 334000000 334500000 1226.94803
OX637755.1 334500000 335000000 1226.52378
OX637755.1 335000000 335500000 1227.0
OX637755.1 335500000 336000000 1227.26819
OX637755.1 336000000 336500000 1228.0
OX637755.1 336500000 337000000 1228.48387
OX637755.1 337000000 337500000 1229.0
OX637755.1 337500000 338000000 1228.18216
OX637755.1 338000000 338500000 1228.0
OX637755.1 338500000 339000000 1228.0
OX637755.1 339000000 339500000 1228.01022
OX637755.1 339500000 340000000 1227.17045
OX637755.1 340000000 340500000 1224.19368
OX637755.1 340500000 341000000 1221.45522
OX637755.1 341000000 341500000 1221.0
OX637755.1 341500000 342000000 1221.0
OX637755.1 342000000 342500000 1220.74936
OX637755.1 342500000 343000000 1220.00927
OX637755.1 343000000 343500000 1220.0
OX637755.1 343500000 344000000 1219.24908
OX637755.1 344000000 344500000 1218.0
OX637755.1 344500000 345000000 1217.24462
OX637755.1 345000000 345500000 1217.16447
OX637755.1 345500000 346000000 1217.25799
OX637755.1 346000000 346500000 1215.595
OX637755.1 346500000 347000000 1214.30743
OX637755.1 347000000 347500000 1214.0
OX637755.1 347500000 348000000 1214.28453
OX637755.1 348000000 348500000 1213.79343
OX637755.1 348500000 349000000 1214.0
OX637755.1 349000000 349500000 1213.33837
OX637755.1 349500000 350000000 1214.17412
OX637755.1 350000000 350500000 1215.0
OX637755.1 350500000 351000000 1215.0
OX637755.1 351000000 351500000 1215.0
OX637755.1 351500000 352000000 1213.41781
OX637755.1 352000000 352500000 1212.31757
OX637755.1 352500000 353000000 1211.00134
OX637755.1 353000000 353500000 1210.33174
OX637755.1 353500000 354000000 1209.81137
OX637755.1 354000000 354500000 1208.49744
OX637755.1 354500000 355000000 1208.0
OX637755.1 355000000 355500000 1208.34743
OX637755.1 355500000 356000000 1206.36705
OX637755.1 356000000 356500000 1206.02234
OX637755.1 356500000 357000000 1206.53898
OX637755.1 357000000 357500000 1205.60477
OX637755.1 357500000 358000000 1203.72981
OX637755.1 358000000 358500000 1200.90736
OX637755.1 358500000 359000000 1199.34328
OX637755.1 359000000 359500000 1198.98702
OX637755.1 359500000 360000000 1196.9638
OX637755.1 360000000 360500000 1195.98274
OX637755.1 360500000 361000000 1194.78441
OX637755.1 361000000 361500000 1192.99403
OX637755.1 361500000 362000000 1191.64908
OX637755.1 362000000 362500000 1190.27916
OX637755.1 362500000 363000000 1188.98636
OX637755.1 363000000 363500000 1187.56479
OX637755.1 363500000 364000000 1187.21453
OX637755.1 364000000 364500000 1188.99813
OX637755.1 364500000 365000000 1189.42009
OX637755.1 365000000 365500000 1188.99235
OX637755.1 365500000 366000000 1188.0
OX637755.1 366000000 366500000 1188.0
OX637755.1 366500000 367000000 1187.72595
OX637755.1 367000000 367500000 1185.70286
OX637755.1 367500000 368000000 1184.4392
OX637755.1 368000000 368500000 1183.91082
OX637755.1 368500000 369000000 1182.72268
OX637755.1 369000000 369500000 1181.7007
OX637755.1 369500000 370000000 1180.35768
OX637755.1 370000000 370500000 1178.0588
OX637755.1 370500000 371000000 1176.46946
OX637755.1 371000000 371500000 1175.07729
OX637755.1 371500000 372000000 1175.072
OX637755.1 372000000 372500000 1174.64034
OX637755.1 372500000 373000000 1171.56709
OX637755.1 373000000 373500000 1168.76021
OX637755.1 373500000 374000000 1166.34379
OX637755.1 374000000 374500000 1162.3599
OX637755.1 374500000 375000000 1157.38552
OX637755.1 375000000 375500000 1156.2529
OX637755.1 375500000 376000000 1155.19053
OX637755.1 376000000 376500000 1154.82015
OX637755.1 376500000 377000000 1152.7679
OX637755.1 377000000 377500000 1146.86687
OX637755.1 377500000 378000000 1142.53583
OX637755.1 378000000 378500000 1138.4098
OX637755.1 378500000 379000000 1137.18925
OX637755.1 379000000 379500000 1132.77099
OX637755.1 379500000 380000000 1130.473
OX637755.1 380000000 380500000 1128.0
OX637755.1 380500000 381000000 1127.45458
OX637755.1 381000000 381500000 1126.13822
OX637755.1 381500000 382000000 1125.0
OX637755.1 382000000 382500000 1125.0
OX637755.1 382500000 383000000 1124.72472
OX637755.1 383000000 383500000 1123.75271
OX637755.1 383500000 384000000 1122.80837
OX637755.1 384000000 384500000 1118.35122
OX637755.1 384500000 385000000 1115.06564
OX637755.1 385000000 385500000 1114.0
OX637755.1 385500000 386000000 1113.85872
OX637755.1 386000000 386500000 1113.24661
OX637755.1 386500000 387000000 1112.0
OX637755.1 387000000 387500000 1112.00154
OX637755.1 387500000 388000000 1110.7963
OX637755.1 388000000 388500000 1108.606
OX637755.1 388500000 389000000 1107.16742
OX637755.1 389000000 389500000 1106.0
OX637755.1 389500000 390000000 1105.41412
OX637755.1 390000000 390500000 1103.17158
OX637755.1 390500000 391000000 1102.0
OX637755.1 391000000 391500000 1100.39944
OX637755.1 391500000 392000000 1098.00691
OX637755.1 392000000 392500000 1097.73865
OX637755.1 392500000 393000000 1097.0
OX637755.1 393000000 393500000 1095.76612
OX637755.1 393500000 394000000 1095.0
OX637755.1 394000000 394500000 1093.53613
OX637755.1 394500000 395000000 1092.83897
OX637755.1 395000000 395500000 1091.75302
OX637755.1 395500000 396000000 1091.0
OX637755.1 396000000 396500000 1090.73829
OX637755.1 396500000 397000000 1089.00047
OX637755.1 397000000 397500000 1089.0
OX637755.1 397500000 398000000 1087.87601
OX637755.1 398000000 398500000 1087.33782
OX637755.1 398500000 399000000 1085.65737
OX637755.1 399000000 399500000 1083.57217
OX637755.1 399500000 400000000 1081.75606
OX637755.1 400000000 400500000 1078.90336
OX637755.1 400500000 401000000 1076.035
OX637755.1 401000000 401500000 1075.0
OX637755.1 401500000 402000000 1074.99231
OX637755.1 402000000 402500000 1072.5152
OX637755.1 402500000 403000000 1069.71518
OX637755.1 403000000 403500000 1070.0
OX637755.1 403500000 404000000 1070.0
OX637755.1 404000000 404500000 1067.35678
OX637755.1 404500000 405000000 1067.0
OX637755.1 405000000 405500000 1066.19482
OX637755.1 405500000 406000000 1065.2195
OX637755.1 406000000 406500000 1063.0
OX637755.1 406500000 407000000 1061.2388
OX637755.1 407000000 407500000 1057.27157
OX637755.1 407500000 408000000 1052.97936
OX637755.1 408000000 408500000 1050.98285
OX637755.1 408500000 409000000 1048.66353
OX637755.1 409000000 409500000 1048.42137
OX637755.1 409500000 410000000 1049.0
OX637755.1 410000000 410500000 1048.9515
OX637755.1 410500000 411000000 1047.33045
OX637755.1 411000000 411500000 1045.76531
OX637755.1 411500000 412000000 1044.13727
OX637755.1 412000000 412500000 1043.00079
OX637755.1 412500000 413000000 1042.39484
OX637755.1 413000000 413500000 1040.67667
OX637755.1 413500000 414000000 1039.3545
OX637755.1 414000000 414500000 1037.54837
OX637755.1 414500000 415000000 1037.0
OX637755.1 415000000 415500000 1036.69616
OX637755.1 415500000 416000000 1035.82581
OX637755.1 416000000 416500000 1034.03003
OX637755.1 416500000 417000000 1032.0
OX637755.1 417000000 417500000 1032.0
OX637755.1 417500000 418000000 1029.61771
OX637755.1 418000000 418500000 1029.0
OX637755.1 418500000 419000000 1027.52982
OX637755.1 419000000 419500000 1026.34556
OX637755.1 419500000 420000000 1025.2778
OX637755.1 420000000 420500000 1021.42154
OX637755.1 420500000 421000000 1019.97181
OX637755.1 421000000 421500000 1018.74552
OX637755.1 421500000 422000000 1019.0
OX637755.1 422000000 422500000 1019.0
OX637755.1 422500000 423000000 1018.32663
OX637755.1 423000000 423500000 1016.46243
OX637755.1 423500000 424000000 1013.48174
OX637755.1 424000000 424500000 1011.78893
OX637755.1 424500000 425000000 1009.98779
OX637755.1 425000000 425500000 1007.38561
OX637755.1 425500000 426000000 1004.8264
OX637755.1 426000000 426500000 1003.74865
OX637755.1 426500000 427000000 1003.25177
OX637755.1 427000000 427500000 1001.44306
OX637755.1 427500000 428000000 998.22745
OX637755.1 428000000 428500000 993.92989
OX637755.1 428500000 429000000 991.34277
OX637755.1 429000000 429500000 989.88233
OX637755.1 429500000 430000000 985.31507
OX637755.1 430000000 430500000 979.06667
OX637755.1 430500000 431000000 969.99694
OX637755.1 431000000 431500000 966.39294
OX637755.1 431500000 432000000 962.92981
OX637755.1 432000000 432500000 956.89944
OX637755.1 432500000 433000000 953.76982
OX637755.1 433000000 433500000 946.25817
OX637755.1 433500000 434000000 939.95178
OX637755.1 434000000 434500000 933.50892
OX637755.1 434500000 435000000 927.00327
OX637755.1 435000000 435500000 919.9431
OX637755.1 435500000 436000000 911.32517
OX637755.1 436000000 436500000 902.57502
OX637755.1 436500000 437000000 898.05478
OX637755.1 437000000 437500000 893.77411
OX637755.1 437500000 438000000 888.15551
OX637755.1 438000000 438500000 882.71557
OX637755.1 438500000 439000000 877.81676
OX637755.1 439000000 439500000 872.29348
OX637755.1 439500000 440000000 866.50781
OX637755.1 440000000 440500000 860.02198
OX637755.1 440500000 441000000 847.67512
OX637755.1 441000000 441500000 837.48545
OX637755.1 441500000 442000000 828.24825
OX637755.1 442000000 442500000 817.03889
OX637755.1 442500000 443000000 808.72714
OX637755.1 443000000 443500000 804.28275
OX637755.1 443500000 444000000 799.24751
OX637755.1 444000000 444500000 786.40212
OX637755.1 444500000 445000000 776.3733
OX637755.1 445000000 445500000 769.34064
OX637755.1 445500000 446000000 756.62299
OX637755.1 446000000 446500000 740.56056
OX637755.1 446500000 447000000 729.40973
OX637755.1 447000000 447500000 710.94571
OX637755.1 447500000 448000000 694.00724
OX637755.1 448000000 448500000 683.90306
OX637755.1 448500000 449000000 667.48498
OX637755.1 449000000 449500000 657.09318
OX637755.1 449500000 450000000 645.98593
OX637755.1 450000000 450500000 629.12709
OX637755.1 450500000 451000000 617.00437
OX637755.1 451000000 451500000 606.43775
OX637755.1 451500000 452000000 591.29233
OX637755.1 452000000 452500000 571.02969
OX637755.1 452500000 453000000 553.03855
OX637755.1 453000000 453500000 537.13456
OX637755.1 453500000 454000000 518.93009
OX637755.1 454000000 454500000 506.71932
OX637755.1 454500000 455000000 483.86566
OX637755.1 455000000 455500000 450.10738
OX637755.1 455500000 456000000 419.13747
OX637755.1 456000000 456500000 414.81622
OX637755.1 456500000 457000000 406.13449
OX637755.1 457000000 457500000 395.06272
OX637755.1 457500000 458000000 366.4457
OX637755.1 458000000 458500000 326.06025
OX637755.1 458500000 459000000 306.32533
OX637755.1 459000000 459500000 274.96046
OX637755.1 459500000 460000000 247.99843
OX637755.1 460000000 460500000 219.84818
OX637755.1 460500000 461000000 181.19282
OX637755.1 461000000 461500000 126.31197
OX637755.1 461500000 462000000 72.5362
OX637755.1 462000000 462500000 3.4261
OX637755.1 462500000 463000000 0.0
OX637755.1 463000000 463025254 0.0
OX637742.1 0 500000 33.97972
OX637742.1 500000 1000000 74.37597
OX637742.1 1000000 1500000 123.05981
OX637742.1 1500000 2000000 164.25115
OX637742.1 2000000 2500000 198.8965
OX637742.1 2500000 3000000 246.79592
OX637742.1 3000000 3500000 294.63952
OX637742.1 3500000 4000000 336.73564
OX637742.1 4000000 4500000 354.05855
OX637742.1 4500000 5000000 377.05032
OX637742.1 5000000 5500000 401.79249
OX637742.1 5500000 6000000 404.0
OX637742.1 6000000 6500000 404.0
OX637742.1 6500000 7000000 413.14204
OX637742.1 7000000 7500000 427.08996
OX637742.1 7500000 8000000 441.92459
OX637742.1 8000000 8500000 451.26863
OX637742.1 8500000 9000000 466.7513
OX637742.1 9000000 9500000 493.05635
OX637742.1 9500000 10000000 511.9324
OX637742.1 10000000 10500000 529.46841
OX637742.1 10500000 11000000 536.51283
OX637742.1 11000000 11500000 541.08759
OX637742.1 11500000 12000000 545.84612
OX637742.1 12000000 12500000 551.04877
OX637742.1 12500000 13000000 554.4617
OX637742.1 13000000 13500000 558.71332
OX637742.1 13500000 14000000 560.59232
OX637742.1 14000000 14500000 569.67227
OX637742.1 14500000 15000000 578.49842
OX637742.1 15000000 15500000 583.77687
OX637742.1 15500000 16000000 586.75704
OX637742.1 16000000 16500000 588.47833
OX637742.1 16500000 17000000 589.136
OX637742.1 17000000 17500000 590.98914
OX637742.1 17500000 18000000 607.46101
OX637742.1 18000000 18500000 621.53449
OX637742.1 18500000 19000000 636.40056
OX637742.1 19000000 19500000 648.47408
OX637742.1 19500000 20000000 657.88861
OX637742.1 20000000 20500000 670.8925
OX637742.1 20500000 21000000 689.10608
OX637742.1 21000000 21500000 695.63017
OX637742.1 21500000 22000000 699.97942
OX637742.1 22000000 22500000 700.74948
OX637742.1 22500000 23000000 701.59541
OX637742.1 23000000 23500000 702.24888
OX637742.1 23500000 24000000 704.25686
OX637742.1 24000000 24500000 714.57296
OX637742.1 24500000 25000000 735.55404
OX637742.1 25000000 25500000 748.30494
OX637742.1 25500000 26000000 762.32561
OX637742.1 26000000 26500000 769.45398
OX637742.1 26500000 27000000 773.25592
OX637742.1 27000000 27500000 778.91451
OX637742.1 27500000 28000000 783.54258
OX637742.1 28000000 28500000 791.01007
OX637742.1 28500000 29000000 793.25781
OX637742.1 29000000 29500000 795.93449
OX637742.1 29500000 30000000 796.0
OX637742.1 30000000 30500000 796.976
OX637742.1 30500000 31000000 798.78287
OX637742.1 31000000 31500000 802.00854
OX637742.1 31500000 32000000 808.45807
OX637742.1 32000000 32500000 813.30932
OX637742.1 32500000 33000000 820.37878
OX637742.1 33000000 33500000 822.76144
OX637742.1 33500000 34000000 824.50929
OX637742.1 34000000 34500000 825.27866
OX637742.1 34500000 35000000 826.51634
OX637742.1 35000000 35500000 829.11231
OX637742.1 35500000 36000000 834.06992
OX637742.1 36000000 36500000 843.6724
OX637742.1 36500000 37000000 845.21568
OX637742.1 37000000 37500000 852.24901
OX637742.1 37500000 38000000 859.27426
OX637742.1 38000000 38500000 863.62748
OX637742.1 38500000 39000000 864.78095
OX637742.1 39000000 39500000 867.01849
OX637742.1 39500000 40000000 871.86484
OX637742.1 40000000 40500000 875.32317
OX637742.1 40500000 41000000 882.86343
OX637742.1 41000000 41500000 886.68568
OX637742.1 41500000 42000000 890.28477
OX637742.1 42000000 42500000 891.0
OX637742.1 42500000 43000000 892.35621
OX637742.1 43000000 43500000 893.89984
OX637742.1 43500000 44000000 895.0
OX637742.1 44000000 44500000 895.0
OX637742.1 44500000 45000000 895.22318
OX637742.1 45000000 45500000 904.42352
OX637742.1 45500000 46000000 914.75572
OX637742.1 46000000 46500000 919.64588
OX637742.1 46500000 47000000 927.93163
OX637742.1 47000000 47500000 934.9016
OX637742.1 47500000 48000000 943.46772
OX637742.1 48000000 48500000 955.97946
OX637742.1 48500000 49000000 960.61719
OX637742.1 49000000 49500000 975.47768
OX637742.1 49500000 50000000 989.64696
OX637742.1 50000000 50500000 1001.92039
OX637742.1 50500000 51000000 1008.3859
OX637742.1 51000000 51500000 1016.66319
OX637742.1 51500000 52000000 1023.5633
OX637742.1 52000000 52500000 1036.1801
OX637742.1 52500000 53000000 1046.49463
OX637742.1 53000000 53500000 1051.38857
OX637742.1 53500000 54000000 1057.45849
OX637742.1 54000000 54500000 1062.27224
OX637742.1 54500000 55000000 1070.65652
OX637742.1 55000000 55500000 1077.29294
OX637742.1 55500000 56000000 1085.25212
OX637742.1 56000000 56500000 1090.27036
OX637742.1 56500000 57000000 1093.75335
OX637742.1 57000000 57500000 1102.68001
OX637742.1 57500000 58000000 1110.64598
OX637742.1 58000000 58500000 1117.64605
OX637742.1 58500000 59000000 1119.36381
OX637742.1 59000000 59500000 1125.54404
OX637742.1 59500000 60000000 1132.30583
OX637742.1 60000000 60500000 1136.32791
OX637742.1 60500000 61000000 1138.91463
OX637742.1 61000000 61500000 1141.25642
OX637742.1 61500000 62000000 1144.93618
OX637742.1 62000000 62500000 1150.50521
OX637742.1 62500000 63000000 1158.27957
OX637742.1 63000000 63500000 1162.92637
OX637742.1 63500000 64000000 1168.88342
OX637742.1 64000000 64500000 1172.0
OX637742.1 64500000 65000000 1173.60594
OX637742.1 65000000 65500000 1178.87402
OX637742.1 65500000 66000000 1183.08693
OX637742.1 66000000 66500000 1186.11699
OX637742.1 66500000 67000000 1187.00019
OX637742.1 67000000 67500000 1187.96249
OX637742.1 67500000 68000000 1188.0
OX637742.1 68000000 68500000 1188.52873
OX637742.1 68500000 69000000 1189.25991
OX637742.1 69000000 69500000 1191.0
OX637742.1 69500000 70000000 1191.0
OX637742.1 70000000 70500000 1195.18956
OX637742.1 70500000 71000000 1201.69947
OX637742.1 71000000 71500000 1204.3085
OX637742.1 71500000 72000000 1206.723
OX637742.1 72000000 72500000 1208.10269
OX637742.1 72500000 73000000 1212.32797
OX637742.1 73000000 73500000 1213.0
OX637742.1 73500000 74000000 1213.68459
OX637742.1 74000000 74500000 1216.32282
OX637742.1 74500000 75000000 1219.0212
OX637742.1 75000000 75500000 1221.0
OX637742.1 75500000 76000000 1221.43885
OX637742.1 76000000 76500000 1222.0
OX637742.1 76500000 77000000 1222.69065
OX637742.1 77000000 77500000 1224.0
OX637742.1 77500000 78000000 1225.64224
OX637742.1 78000000 78500000 1227.82964
OX637742.1 78500000 79000000 1229.23477
OX637742.1 79000000 79500000 1230.36523
OX637742.1 79500000 80000000 1231.0
OX637742.1 80000000 80500000 1231.89537
OX637742.1 80500000 81000000 1233.92063
OX637742.1 81000000 81500000 1236.43302
OX637742.1 81500000 82000000 1237.0
OX637742.1 82000000 82500000 1240.43781
OX637742.1 82500000 83000000 1243.57924
OX637742.1 83000000 83500000 1244.0
OX637742.1 83500000 84000000 1244.10224
OX637742.1 84000000 84500000 1245.0
OX637742.1 84500000 85000000 1245.87173
OX637742.1 85000000 85500000 1249.07781
OX637742.1 85500000 86000000 1252.15573
OX637742.1 86000000 86500000 1257.8954
OX637742.1 86500000 87000000 1260.85892
OX637742.1 87000000 87500000 1261.0
OX637742.1 87500000 88000000 1261.0
OX637742.1 88000000 88500000 1261.9956
OX637742.1 88500000 89000000 1262.96199
OX637742.1 89000000 89500000 1264.00678
OX637742.1 89500000 90000000 1264.00179
OX637742.1 90000000 90500000 1265.78167
OX637742.1 90500000 91000000 1266.0
OX637742.1 91000000 91500000 1267.29829
OX637742.1 91500000 92000000 1270.95608
OX637742.1 92000000 92500000 1272.06949
OX637742.1 92500000 93000000 1275.07149
OX637742.1 93000000 93500000 1279.25263
OX637742.1 93500000 94000000 1280.0
OX637742.1 94000000 94500000 1280.0
OX637742.1 94500000 95000000 1280.35785
OX637742.1 95000000 95500000 1281.0
OX637742.1 95500000 96000000 1281.86246
OX637742.1 96000000 96500000 1284.0
OX637742.1 96500000 97000000 1285.7666
OX637742.1 97000000 97500000 1288.2239
OX637742.1 97500000 98000000 1289.39216
OX637742.1 98000000 98500000 1292.27754
OX637742.1 98500000 99000000 1294.19658
OX637742.1 99000000 99500000 1295.60432
OX637742.1 99500000 100000000 1296.0
OX637742.1 100000000 100500000 1296.0
OX637742.1 100500000 101000000 1296.0
OX637742.1 101000000 101500000 1296.30855
OX637742.1 101500000 102000000 1297.0
OX637742.1 102000000 102500000 1297.0
OX637742.1 102500000 103000000 1297.0
OX637742.1 103000000 103500000 1297.19674
OX637742.1 103500000 104000000 1298.70259
OX637742.1 104000000 104500000 1300.82864
OX637742.1 104500000 105000000 1302.40082
OX637742.1 105000000 105500000 1303.58266
OX637742.1 105500000 106000000 1305.20915
OX637742.1 106000000 106500000 1307.86868
OX637742.1 106500000 107000000 1308.0
OX637742.1 107000000 107500000 1308.0
OX637742.1 107500000 108000000 1308.00344
OX637742.1 108000000 108500000 1308.0
OX637742.1 108500000 109000000 1309.56121
OX637742.1 109000000 109500000 1311.0
OX637742.1 109500000 110000000 1311.0
OX637742.1 110000000 110500000 1311.36111
OX637742.1 110500000 111000000 1312.0
OX637742.1 111000000 111500000 1312.0
OX637742.1 111500000 112000000 1312.0
OX637742.1 112000000 112500000 1312.0
OX637742.1 112500000 113000000 1312.0
OX637742.1 113000000 113500000 1312.0
OX637742.1 113500000 114000000 1312.0
OX637742.1 114000000 114500000 1312.0
OX637742.1 114500000 115000000 1312.0
OX637742.1 115000000 115500000 1312.0
OX637742.1 115500000 116000000 1312.0
OX637742.1 116000000 116500000 1315.34713
OX637742.1 116500000 117000000 1317.96749
OX637742.1 117000000 117500000 1321.02805
OX637742.1 117500000 118000000 1323.50396
OX637742.1 118000000 118500000 1327.45709
OX637742.1 118500000 119000000 1329.82053
OX637742.1 119000000 119500000 1333.0
OX637742.1 119500000 120000000 1333.0
OX637742.1 120000000 120500000 1333.59672
OX637742.1 120500000 121000000 1334.0
OX637742.1 121000000 121500000 1334.46049
OX637742.1 121500000 122000000 1335.90539
OX637742.1 122000000 122500000 1336.73703
OX637742.1 122500000 123000000 1338.71784
OX637742.1 123000000 123500000 1340.55847
OX637742.1 123500000 124000000 1342.54007
OX637742.1 124000000 124500000 1343.53412
OX637742.1 124500000 125000000 1344.0
OX637742.1 125000000 125500000 1344.67342
OX637742.1 125500000 126000000 1345.0
OX637742.1 126000000 126500000 1345.45461
OX637742.1 126500000 127000000 1347.0
OX637742.1 127000000 127500000 1347.0
OX637742.1 127500000 128000000 1347.8261
OX637742.1 128000000 128500000 1349.0
OX637742.1 128500000 129000000 1349.22922
OX637742.1 129000000 129500000 1350.89032
OX637742.1 129500000 130000000 1351.0
OX637742.1 130000000 130500000 1351.0
OX637742.1 130500000 131000000 1351.0
OX637742.1 131000000 131500000 1351.0
OX637742.1 131500000 132000000 1351.0
OX637742.1 132000000 132500000 1351.58916
OX637742.1 132500000 133000000 1352.68637
OX637742.1 133000000 133500000 1353.25922
OX637742.1 133500000 134000000 1354.90363
OX637742.1 134000000 134500000 1360.41046
OX637742.1 134500000 135000000 1366.76039
OX637742.1 135000000 135500000 1368.95024
OX637742.1 135500000 136000000 1369.0
OX637742.1 136000000 136500000 1369.08297
OX637742.1 136500000 137000000 1373.56469
OX637742.1 137000000 137500000 1375.17376
OX637742.1 137500000 138000000 1376.73609
OX637742.1 138000000 138500000 1378.0
OX637742.1 138500000 139000000 1378.0
OX637742.1 139000000 139500000 1378.0
OX637742.1 139500000 140000000 1378.0
OX637742.1 140000000 140500000 1379.67767
OX637742.1 140500000 141000000 1381.0
OX637742.1 141000000 141500000 1381.00277
OX637742.1 141500000 142000000 1381.42984
OX637742.1 142000000 142500000 1382.1285
OX637742.1 142500000 143000000 1383.82989
OX637742.1 143000000 143500000 1384.14793
OX637742.1 143500000 144000000 1386.26586
OX637742.1 144000000 144500000 1387.26275
OX637742.1 144500000 145000000 1389.94504
OX637742.1 145000000 145500000 1392.0
OX637742.1 145500000 146000000 1393.44269
OX637742.1 146000000 146500000 1394.44533
OX637742.1 146500000 147000000 1395.0
OX637742.1 147000000 147500000 1396.94326
OX637742.1 147500000 148000000 1398.0
OX637742.1 148000000 148500000 1398.04258
OX637742.1 148500000 149000000 1400.45209
OX637742.1 149000000 149500000 1403.51548
OX637742.1 149500000 150000000 1404.80886
OX637742.1 150000000 150500000 1405.0
OX637742.1 150500000 151000000 1405.0
OX637742.1 151000000 151500000 1406.11689
OX637742.1 151500000 152000000 1407.0
OX637742.1 152000000 152500000 1407.6901
OX637742.1 152500000 153000000 1407.26371
OX637742.1 153000000 153500000 1407.0
OX637742.1 153500000 154000000 1407.0
OX637742.1 154000000 154500000 1407.83394
OX637742.1 154500000 155000000 1408.0
OX637742.1 155000000 155500000 1408.0
OX637742.1 155500000 156000000 1408.0
OX637742.1 156000000 156500000 1408.0
OX637742.1 156500000 157000000 1408.0
OX637742.1 157000000 157500000 1408.0
OX637742.1 157500000 158000000 1408.24533
OX637742.1 158000000 158500000 1409.83514
OX637742.1 158500000 159000000 1410.0
OX637742.1 159000000 159500000 1410.0
OX637742.1 159500000 160000000 1410.0
OX637742.1 160000000 160500000 1411.06412
OX637742.1 160500000 161000000 1412.0
OX637742.1 161000000 161500000 1412.0
OX637742.1 161500000 162000000 1412.62767
OX637742.1 162000000 162500000 1413.0
OX637742.1 162500000 163000000 1413.0
OX637742.1 163000000 163500000 1413.01381
OX637742.1 163500000 164000000 1413.54131
OX637742.1 164000000 164500000 1414.0
OX637742.1 164500000 165000000 1414.00053
OX637742.1 165000000 165500000 1414.33808
OX637742.1 165500000 166000000 1415.48756
OX637742.1 166000000 166500000 1417.4061
OX637742.1 166500000 167000000 1420.81665
OX637742.1 167000000 167500000 1421.96117
OX637742.1 167500000 168000000 1422.0
OX637742.1 168000000 168500000 1422.34215
OX637742.1 168500000 169000000 1423.0
OX637742.1 169000000 169500000 1423.0
OX637742.1 169500000 170000000 1423.0
OX637742.1 170000000 170500000 1423.0
OX637742.1 170500000 171000000 1423.0
OX637742.1 171000000 171500000 1423.0
OX637742.1 171500000 172000000 1423.0
OX637742.1 172000000 172500000 1424.16935
OX637742.1 172500000 173000000 1425.06437
OX637742.1 173000000 173500000 1426.0
OX637742.1 173500000 174000000 1426.0
OX637742.1 174000000 174500000 1426.15188
OX637742.1 174500000 175000000 1426.78654
OX637742.1 175000000 175500000 1426.0
OX637742.1 175500000 176000000 1426.00869
OX637742.1 176000000 176500000 1427.0
OX637742.1 176500000 177000000 1427.0
OX637742.1 177000000 177500000 1427.0
OX637742.1 177500000 178000000 1427.0
OX637742.1 178000000 178500000 1427.0
OX637742.1 178500000 179000000 1427.0
OX637742.1 179000000 179500000 1427.0
OX637742.1 179500000 180000000 1427.0
OX637742.1 180000000 180500000 1427.0
OX637742.1 180500000 181000000 1427.0
OX637742.1 181000000 181500000 1427.0
OX637742.1 181500000 182000000 1427.0
OX637742.1 182000000 182500000 1427.0
OX637742.1 182500000 183000000 1427.0
OX637742.1 183000000 183500000 1427.0
OX637742.1 183500000 184000000 1429.24372
OX637742.1 184000000 184500000 1430.0
OX637742.1 184500000 185000000 1430.0
OX637742.1 185000000 185500000 1430.0
OX637742.1 185500000 186000000 1430.91127
OX637742.1 186000000 186500000 1433.12726
OX637742.1 186500000 187000000 1435.99133
OX637742.1 187000000 187500000 1436.0
OX637742.1 187500000 188000000 1436.14963
OX637742.1 188000000 188500000 1437.0
OX637742.1 188500000 189000000 1437.0
OX637742.1 189000000 189500000 1437.0
OX637742.1 189500000 190000000 1437.0
OX637742.1 190000000 190500000 1437.0
OX637742.1 190500000 191000000 1437.0
OX637742.1 191000000 191500000 1437.20001
OX637742.1 191500000 192000000 1438.0
OX637742.1 192000000 192500000 1438.0
OX637742.1 192500000 193000000 1438.0
OX637742.1 193000000 193500000 1438.0
OX637742.1 193500000 194000000 1439.02118
OX637742.1 194000000 194500000 1439.99993
OX637742.1 194500000 195000000 1439.47502
OX637742.1 195000000 195500000 1441.46433
OX637742.1 195500000 196000000 1442.0
OX637742.1 196000000 196500000 1442.0
OX637742.1 196500000 197000000 1442.69439
OX637742.1 197000000 197500000 1443.0
OX637742.1 197500000 198000000 1443.00431
OX637742.1 198000000 198500000 1443.0
OX637742.1 198500000 199000000 1443.0
OX637742.1 199000000 199500000 1443.0
OX637742.1 199500000 200000000 1443.0
OX637742.1 200000000 200500000 1442.81295
OX637742.1 200500000 201000000 1443.0
OX637742.1 201000000 201500000 1443.0
OX637742.1 201500000 202000000 1444.1681
OX637742.1 202000000 202500000 1445.13454
OX637742.1 202500000 203000000 1446.03376
OX637742.1 203000000 203500000 1447.0
OX637742.1 203500000 204000000 1447.0
OX637742.1 204000000 204500000 1447.0
OX637742.1 204500000 205000000 1448.74604
OX637742.1 205000000 205500000 1450.39381
OX637742.1 205500000 206000000 1453.0
OX637742.1 206000000 206500000 1453.0
OX637742.1 206500000 207000000 1453.00215
OX637742.1 207000000 207500000 1453.0
OX637742.1 207500000 208000000 1453.35332
OX637742.1 208000000 208500000 1457.337
OX637742.1 208500000 209000000 1458.0
OX637742.1 209000000 209500000 1458.0
OX637742.1 209500000 210000000 1459.01053
OX637742.1 210000000 210500000 1461.0
OX637742.1 210500000 211000000 1461.84451
OX637742.1 211000000 211500000 1463.26018
OX637742.1 211500000 212000000 1464.0
OX637742.1 212000000 212500000 1464.68133
OX637742.1 212500000 213000000 1466.0
OX637742.1 213000000 213500000 1466.93091
OX637742.1 213500000 214000000 1467.0
OX637742.1 214000000 214500000 1468.61366
OX637742.1 214500000 215000000 1469.0
OX637742.1 215000000 215500000 1469.0
OX637742.1 215500000 216000000 1469.64125
OX637742.1 216000000 216500000 1470.72811
OX637742.1 216500000 217000000 1472.60724
OX637742.1 217000000 217500000 1474.25725
OX637742.1 217500000 218000000 1476.51129
OX637742.1 218000000 218500000 1477.03699
OX637742.1 218500000 219000000 1478.55501
OX637742.1 219000000 219500000 1479.36068
OX637742.1 219500000 220000000 1480.0
OX637742.1 220000000 220500000 1482.14149
OX637742.1 220500000 221000000 1484.60721
OX637742.1 221000000 221500000 1486.90444
OX637742.1 221500000 222000000 1490.24535
OX637742.1 222000000 222500000 1492.50253
OX637742.1 222500000 223000000 1494.04989
OX637742.1 223000000 223500000 1499.42039
OX637742.1 223500000 224000000 1501.0
OX637742.1 224000000 224500000 1500.28294
OX637742.1 224500000 225000000 1500.57035
OX637742.1 225000000 225500000 1501.40341
OX637742.1 225500000 226000000 1504.29839
OX637742.1 226000000 226500000 1506.60404
OX637742.1 226500000 227000000 1510.26943
OX637742.1 227000000 227500000 1513.53355
OX637742.1 227500000 228000000 1515.4173
OX637742.1 228000000 228500000 1516.0
OX637742.1 228500000 229000000 1518.21848
OX637742.1 229000000 229500000 1521.0
OX637742.1 229500000 230000000 1523.93122
OX637742.1 230000000 230500000 1527.16803
OX637742.1 230500000 231000000 1528.80789
OX637742.1 231000000 231500000 1530.28304
OX637742.1 231500000 232000000 1532.76761
OX637742.1 232000000 232500000 1535.80485
OX637742.1 232500000 233000000 1537.89845
OX637742.1 233000000 233500000 1540.45268
OX637742.1 233500000 234000000 1541.64978
OX637742.1 234000000 234500000 1542.24048
OX637742.1 234500000 235000000 1543.73084
OX637742.1 235000000 235500000 1544.39489
OX637742.1 235500000 236000000 1547.20815
OX637742.1 236000000 236500000 1548.00492
OX637742.1 236500000 237000000 1548.0
OX637742.1 237000000 237500000 1548.0
OX637742.1 237500000 238000000 1548.0
OX637742.1 238000000 238500000 1548.39403
OX637742.1 238500000 239000000 1549.30128
OX637742.1 239000000 239500000 1550.03717
OX637742.1 239500000 240000000 1551.0
OX637742.1 240000000 240500000 1553.68149
OX637742.1 240500000 241000000 1556.03323
OX637742.1 241000000 241500000 1557.33139
OX637742.1 241500000 242000000 1558.0
OX637742.1 242000000 242500000 1558.52495
OX637742.1 242500000 243000000 1559.72314
OX637742.1 243000000 243500000 1560.56664
OX637742.1 243500000 244000000 1561.2357
OX637742.1 244000000 244500000 1564.02476
OX637742.1 244500000 245000000 1565.75248
OX637742.1 245000000 245500000 1566.0
OX637742.1 245500000 246000000 1566.0
OX637742.1 246000000 246500000 1566.68691
OX637742.1 246500000 247000000 1568.50293
OX637742.1 247000000 247500000 1573.25747
OX637742.1 247500000 248000000 1575.0
OX637742.1 248000000 248500000 1575.0
OX637742.1 248500000 249000000 1575.0
OX637742.1 249000000 249500000 1575.70362
OX637742.1 249500000 250000000 1576.08247
OX637742.1 250000000 250500000 1577.0
OX637742.1 250500000 251000000 1577.0
OX637742.1 251000000 251500000 1577.0
OX637742.1 251500000 252000000 1577.0
OX637742.1 252000000 252500000 1577.0
OX637742.1 252500000 253000000 1577.0
OX637742.1 253000000 253500000 1577.25399
OX637742.1 253500000 254000000 1581.5119
OX637742.1 254000000 254500000 1582.0
OX637742.1 254500000 255000000 1581.92729
OX637742.1 255000000 255500000 1582.00418
OX637742.1 255500000 256000000 1583.89408
OX637742.1 256000000 256500000 1584.0
OX637742.1 256500000 257000000 1584.40441
OX637742.1 257000000 257500000 1584.34207
OX637742.1 257500000 258000000 1584.61155
OX637742.1 258000000 258500000 1587.00063
OX637742.1 258500000 259000000 1588.5785
OX637742.1 259000000 259500000 1589.0
OX637742.1 259500000 260000000 1589.0
OX637742.1 260000000 260500000 1591.19205
OX637742.1 260500000 261000000 1594.07425
OX637742.1 261000000 261500000 1595.0
OX637742.1 261500000 262000000 1595.0
OX637742.1 262000000 262500000 1595.46148
OX637742.1 262500000 263000000 1596.59256
OX637742.1 263000000 263500000 1597.30772
OX637742.1 263500000 264000000 1599.51592
OX637742.1 264000000 264500000 1600.25535
OX637742.1 264500000 265000000 1602.0
OX637742.1 265000000 265500000 1602.8995
OX637742.1 265500000 266000000 1603.0
OX637742.1 266000000 266500000 1603.69256
OX637742.1 266500000 267000000 1604.00426
OX637742.1 267000000 267500000 1604.60462
OX637742.1 267500000 268000000 1605.0964
OX637742.1 268000000 268500000 1606.19318
OX637742.1 268500000 269000000 1607.07041
OX637742.1 269000000 269500000 1607.97959
OX637742.1 269500000 270000000 1608.04693
OX637742.1 270000000 270500000 1609.9787
OX637742.1 270500000 271000000 1610.02715
OX637742.1 271000000 271500000 1610.31381
OX637742.1 271500000 272000000 1613.93816
OX637742.1 272000000 272500000 1616.29151
OX637742.1 272500000 273000000 1617.13947
OX637742.1 273000000 273500000 1619.56793
OX637742.1 273500000 274000000 1621.00229
OX637742.1 274000000 274500000 1622.46237
OX637742.1 274500000 275000000 1623.38944
OX637742.1 275000000 275500000 1626.14463
OX637742.1 275500000 276000000 1627.80947
OX637742.1 276000000 276500000 1627.99297
OX637742.1 276500000 277000000 1627.75014
OX637742.1 277000000 277500000 1633.16485
OX637742.1 277500000 278000000 1637.0
OX637742.1 278000000 278500000 1637.83077
OX637742.1 278500000 279000000 1638.0
OX637742.1 279000000 279500000 1638.28881
OX637742.1 279500000 280000000 1639.0
OX637742.1 280000000 280500000 1639.0
OX637742.1 280500000 281000000 1639.47483
OX637742.1 281000000 281500000 1639.87654
OX637742.1 281500000 282000000 1640.79495
OX637742.1 282000000 282500000 1645.46106
OX637742.1 282500000 283000000 1646.00044
OX637742.1 283000000 283500000 1646.88686
OX637742.1 283500000 284000000 1648.97237
OX637742.1 284000000 284500000 1650.85097
OX637742.1 284500000 285000000 1651.0
OX637742.1 285000000 285500000 1651.0
OX637742.1 285500000 286000000 1651.0
OX637742.1 286000000 286500000 1651.0
OX637742.1 286500000 287000000 1651.16213
OX637742.1 287000000 287500000 1653.94397
OX637742.1 287500000 288000000 1655.07897
OX637742.1 288000000 288500000 1656.50759
OX637742.1 288500000 289000000 1657.33773
OX637742.1 289000000 289500000 1657.25381
OX637742.1 289500000 290000000 1657.99453
OX637742.1 290000000 290500000 1659.0028
OX637742.1 290500000 291000000 1659.0
OX637742.1 291000000 291500000 1659.29574
OX637742.1 291500000 292000000 1662.74886
OX637742.1 292000000 292500000 1665.50846
OX637742.1 292500000 293000000 1666.0
OX637742.1 293000000 293500000 1666.01276
OX637742.1 293500000 294000000 1667.7454
OX637742.1 294000000 294500000 1669.24222
OX637742.1 294500000 295000000 1670.0
OX637742.1 295000000 295500000 1669.9479
OX637742.1 295500000 296000000 1671.95211
OX637742.1 296000000 296500000 1673.0
OX637742.1 296500000 297000000 1672.83578
OX637742.1 297000000 297500000 1674.01865
OX637742.1 297500000 298000000 1674.43196
OX637742.1 298000000 298500000 1675.0
OX637742.1 298500000 299000000 1675.0
OX637742.1 299000000 299500000 1674.85064
OX637742.1 299500000 300000000 1674.97766
OX637742.1 300000000 300500000 1673.95194
OX637742.1 300500000 301000000 1675.0054
OX637742.1 301000000 301500000 1675.0014
OX637742.1 301500000 302000000 1675.00383
OX637742.1 302000000 302500000 1675.46429
OX637742.1 302500000 303000000 1676.0
OX637742.1 303000000 303500000 1677.29208
OX637742.1 303500000 304000000 1678.03255
OX637742.1 304000000 304500000 1681.56721
OX637742.1 304500000 305000000 1682.95783
OX637742.1 305000000 305500000 1683.19295
OX637742.1 305500000 306000000 1683.73099
OX637742.1 306000000 306500000 1684.0
OX637742.1 306500000 307000000 1684.0
OX637742.1 307000000 307500000 1684.0
OX637742.1 307500000 308000000 1684.55585
OX637742.1 308000000 308500000 1685.00855
OX637742.1 308500000 309000000 1685.79552
OX637742.1 309000000 309500000 1687.49771
OX637742.1 309500000 310000000 1688.0
OX637742.1 310000000 310500000 1688.24948
OX637742.1 310500000 311000000 1688.68996
OX637742.1 311000000 311500000 1686.55388
OX637742.1 311500000 312000000 1687.15198
OX637742.1 312000000 312500000 1688.97752
OX637742.1 312500000 313000000 1691.76222
OX637742.1 313000000 313500000 1692.0
OX637742.1 313500000 314000000 1693.14071
OX637742.1 314000000 314500000 1694.00336
OX637742.1 314500000 315000000 1694.00658
OX637742.1 315000000 315500000 1694.36417
OX637742.1 315500000 316000000 1695.5137
OX637742.1 316000000 316500000 1696.0
OX637742.1 316500000 317000000 1696.2242
OX637742.1 317000000 317500000 1698.06795
OX637742.1 317500000 318000000 1700.71145
OX637742.1 318000000 318500000 1701.98157
OX637742.1 318500000 319000000 1702.00566
OX637742.1 319000000 319500000 1702.0
OX637742.1 319500000 320000000 1702.52879
OX637742.1 320000000 320500000 1703.49976
OX637742.1 320500000 321000000 1703.00427
OX637742.1 321000000 321500000 1703.58091
OX637742.1 321500000 322000000 1704.0
OX637742.1 322000000 322500000 1703.40792
OX637742.1 322500000 323000000 1703.00181
OX637742.1 323000000 323500000 1703.11415
OX637742.1 323500000 324000000 1704.80728
OX637742.1 324000000 324500000 1706.01061
OX637742.1 324500000 325000000 1707.00736
OX637742.1 325000000 325500000 1707.0
OX637742.1 325500000 326000000 1707.0
OX637742.1 326000000 326500000 1707.20103
OX637742.1 326500000 327000000 1707.00147
OX637742.1 327000000 327500000 1707.0
OX637742.1 327500000 328000000 1707.70776
OX637742.1 328000000 328500000 1709.31894
OX637742.1 328500000 329000000 1710.0
OX637742.1 329000000 329500000 1710.26227
OX637742.1 329500000 330000000 1711.0
OX637742.1 330000000 330500000 1711.0
OX637742.1 330500000 331000000 1711.0
OX637742.1 331000000 331500000 1711.00136
OX637742.1 331500000 332000000 1711.82647
OX637742.1 332000000 332500000 1713.17176
OX637742.1 332500000 333000000 1713.69543
OX637742.1 333000000 333500000 1713.0
OX637742.1 333500000 334000000 1713.97814
OX637742.1 334000000 334500000 1713.0
OX637742.1 334500000 335000000 1713.00754
OX637742.1 335000000 335500000 1714.16909
OX637742.1 335500000 336000000 1715.70928
OX637742.1 336000000 336500000 1716.00759
OX637742.1 336500000 337000000 1715.98087
OX637742.1 337000000 337500000 1715.34865
OX637742.1 337500000 338000000 1715.87586
OX637742.1 338000000 338500000 1714.00851
OX637742.1 338500000 339000000 1714.0
OX637742.1 339000000 339500000 1714.01726
OX637742.1 339500000 340000000 1714.57092
OX637742.1 340000000 340500000 1715.00385
OX637742.1 340500000 341000000 1715.96157
OX637742.1 341000000 341500000 1715.11302
OX637742.1 341500000 342000000 1715.2885
OX637742.1 342000000 342500000 1717.04722
OX637742.1 342500000 343000000 1718.00423
OX637742.1 343000000 343500000 1718.0
OX637742.1 343500000 344000000 1717.11704
OX637742.1 344000000 344500000 1717.0
OX637742.1 344500000 345000000 1717.55435
OX637742.1 345000000 345500000 1717.28566
OX637742.1 345500000 346000000 1714.77104
OX637742.1 346000000 346500000 1713.93313
OX637742.1 346500000 347000000 1713.00844
OX637742.1 347000000 347500000 1713.00877
OX637742.1 347500000 348000000 1713.43861
OX637742.1 348000000 348500000 1714.10356
OX637742.1 348500000 349000000 1715.0
OX637742.1 349000000 349500000 1715.00929
OX637742.1 349500000 350000000 1714.00934
OX637742.1 350000000 350500000 1713.88729
OX637742.1 350500000 351000000 1714.00247
OX637742.1 351000000 351500000 1714.01867
OX637742.1 351500000 352000000 1713.3796
OX637742.1 352000000 352500000 1713.42374
OX637742.1 352500000 353000000 1713.82487
OX637742.1 353000000 353500000 1712.95946
OX637742.1 353500000 354000000 1711.45057
OX637742.1 354000000 354500000 1711.35607
OX637742.1 354500000 355000000 1711.0169
OX637742.1 355000000 355500000 1711.0
OX637742.1 355500000 356000000 1710.52326
OX637742.1 356000000 356500000 1709.51698
OX637742.1 356500000 357000000 1709.0
OX637742.1 357000000 357500000 1709.03649
OX637742.1 357500000 358000000 1710.0
OX637742.1 358000000 358500000 1710.00404
OX637742.1 358500000 359000000 1710.04709
OX637742.1 359000000 359500000 1709.29675
OX637742.1 359500000 360000000 1708.75803
OX637742.1 360000000 360500000 1709.15966
OX637742.1 360500000 361000000 1711.01547
OX637742.1 361000000 361500000 1711.82272
OX637742.1 361500000 362000000 1711.00186
OX637742.1 362000000 362500000 1711.30229
OX637742.1 362500000 363000000 1712.62094
OX637742.1 363000000 363500000 1712.0
OX637742.1 363500000 364000000 1711.20983
OX637742.1 364000000 364500000 1711.0
OX637742.1 364500000 365000000 1710.51469
OX637742.1 365000000 365500000 1709.85846
OX637742.1 365500000 366000000 1711.01577
OX637742.1 366000000 366500000 1711.05193
OX637742.1 366500000 367000000 1711.01491
OX637742.1 367000000 367500000 1712.07474
OX637742.1 367500000 368000000 1713.36922
OX637742.1 368000000 368500000 1714.0
OX637742.1 368500000 369000000 1714.00583
OX637742.1 369000000 369500000 1714.00938
OX637742.1 369500000 370000000 1714.0057
OX637742.1 370000000 370500000 1713.70897
OX637742.1 370500000 371000000 1711.97175
OX637742.1 371000000 371500000 1711.0
OX637742.1 371500000 372000000 1710.71828
OX637742.1 372000000 372500000 1710.5307
OX637742.1 372500000 373000000 1709.87035
OX637742.1 373000000 373500000 1710.78193
OX637742.1 373500000 374000000 1711.38413
OX637742.1 374000000 374500000 1712.79661
OX637742.1 374500000 375000000 1711.00153
OX637742.1 375000000 375500000 1710.8355
OX637742.1 375500000 376000000 1710.00195
OX637742.1 376000000 376500000 1709.10349
OX637742.1 376500000 377000000 1709.39864
OX637742.1 377000000 377500000 1709.94932
OX637742.1 377500000 378000000 1710.20203
OX637742.1 378000000 378500000 1711.42048
OX637742.1 378500000 379000000 1711.01835
OX637742.1 379000000 379500000 1710.04171
OX637742.1 379500000 380000000 1710.38208
OX637742.1 380000000 380500000 1709.39496
OX637742.1 380500000 381000000 1707.77771
OX637742.1 381000000 381500000 1707.56415
OX637742.1 381500000 382000000 1706.03276
OX637742.1 382000000 382500000 1705.86206
OX637742.1 382500000 383000000 1706.0
OX637742.1 383000000 383500000 1705.67354
OX637742.1 383500000 384000000 1705.02435
OX637742.1 384000000 384500000 1704.42551
OX637742.1 384500000 385000000 1704.0
OX637742.1 385000000 385500000 1703.41295
OX637742.1 385500000 386000000 1702.09432
OX637742.1 386000000 386500000 1701.03197
OX637742.1 386500000 387000000 1701.002
OX637742.1 387000000 387500000 1701.0
OX637742.1 387500000 388000000 1699.91502
OX637742.1 388000000 388500000 1699.01972
OX637742.1 388500000 389000000 1698.8592
OX637742.1 389000000 389500000 1698.8979
OX637742.1 389500000 390000000 1698.18418
OX637742.1 390000000 390500000 1698.00139
OX637742.1 390500000 391000000 1697.2669
OX637742.1 391000000 391500000 1696.00426
OX637742.1 391500000 392000000 1696.00609
OX637742.1 392000000 392500000 1694.38399
OX637742.1 392500000 393000000 1693.0
OX637742.1 393000000 393500000 1693.42476
OX637742.1 393500000 394000000 1693.48143
OX637742.1 394000000 394500000 1693.06248
OX637742.1 394500000 395000000 1693.0
OX637742.1 395000000 395500000 1693.0
OX637742.1 395500000 396000000 1693.0
OX637742.1 396000000 396500000 1692.9322
OX637742.1 396500000 397000000 1692.60199
OX637742.1 397000000 397500000 1693.00532
OX637742.1 397500000 398000000 1691.41362
OX637742.1 398000000 398500000 1691.01183
OX637742.1 398500000 399000000 1691.29319
OX637742.1 399000000 399500000 1690.67338
OX637742.1 399500000 400000000 1690.0
OX637742.1 400000000 400500000 1688.8281
OX637742.1 400500000 401000000 1686.66253
OX637742.1 401000000 401500000 1685.34138
OX637742.1 401500000 402000000 1685.09059
OX637742.1 402000000 402500000 1684.75992
OX637742.1 402500000 403000000 1683.51076
OX637742.1 403000000 403500000 1683.56352
OX637742.1 403500000 404000000 1683.00203
OX637742.1 404000000 404500000 1681.59454
OX637742.1 404500000 405000000 1681.0
OX637742.1 405000000 405500000 1680.67385
OX637742.1 405500000 406000000 1680.0
OX637742.1 406000000 406500000 1679.35743
OX637742.1 406500000 407000000 1679.81679
OX637742.1 407000000 407500000 1679.0
OX637742.1 407500000 408000000 1679.0
OX637742.1 408000000 408500000 1678.11033
OX637742.1 408500000 409000000 1677.0
OX637742.1 409000000 409500000 1675.63207
OX637742.1 409500000 410000000 1674.00302
OX637742.1 410000000 410500000 1673.59562
OX637742.1 410500000 411000000 1672.70268
OX637742.1 411000000 411500000 1671.39111
OX637742.1 411500000 412000000 1670.12676
OX637742.1 412000000 412500000 1667.02507
OX637742.1 412500000 413000000 1666.6652
OX637742.1 413000000 413500000 1666.81674
OX637742.1 413500000 414000000 1663.97767
OX637742.1 414000000 414500000 1661.31785
OX637742.1 414500000 415000000 1661.04886
OX637742.1 415000000 415500000 1657.32663
OX637742.1 415500000 416000000 1654.53734
OX637742.1 416000000 416500000 1651.47476
OX637742.1 416500000 417000000 1649.76019
OX637742.1 417000000 417500000 1646.63683
OX637742.1 417500000 418000000 1645.0
OX637742.1 418000000 418500000 1644.17752
OX637742.1 418500000 419000000 1644.0
OX637742.1 419000000 419500000 1642.88466
OX637742.1 419500000 420000000 1640.47869
OX637742.1 420000000 420500000 1639.39579
OX637742.1 420500000 421000000 1639.86328
OX637742.1 421000000 421500000 1639.00277
OX637742.1 421500000 422000000 1639.0
OX637742.1 422000000 422500000 1638.61076
OX637742.1 422500000 423000000 1636.64439
OX637742.1 423000000 423500000 1632.25082
OX637742.1 423500000 424000000 1630.26332
OX637742.1 424000000 424500000 1629.2878
OX637742.1 424500000 425000000 1626.98451
OX637742.1 425000000 425500000 1625.45251
OX637742.1 425500000 426000000 1624.0
OX637742.1 426000000 426500000 1623.40266
OX637742.1 426500000 427000000 1621.25258
OX637742.1 427000000 427500000 1618.04489
OX637742.1 427500000 428000000 1616.75669
OX637742.1 428000000 428500000 1615.28285
OX637742.1 428500000 429000000 1612.43484
OX637742.1 429000000 429500000 1609.74581
OX637742.1 429500000 430000000 1608.00973
OX637742.1 430000000 430500000 1608.45793
OX637742.1 430500000 431000000 1606.52438
OX637742.1 431000000 431500000 1604.49157
OX637742.1 431500000 432000000 1602.70529
OX637742.1 432000000 432500000 1601.69687
OX637742.1 432500000 433000000 1598.34809
OX637742.1 433000000 433500000 1596.15355
OX637742.1 433500000 434000000 1594.80332
OX637742.1 434000000 434500000 1594.10729
OX637742.1 434500000 435000000 1592.0
OX637742.1 435000000 435500000 1589.76488
OX637742.1 435500000 436000000 1588.02714
OX637742.1 436000000 436500000 1588.00769
OX637742.1 436500000 437000000 1586.01071
OX637742.1 437000000 437500000 1582.07779
OX637742.1 437500000 438000000 1579.66831
OX637742.1 438000000 438500000 1578.26319
OX637742.1 438500000 439000000 1577.0
OX637742.1 439000000 439500000 1573.40322
OX637742.1 439500000 440000000 1573.0
OX637742.1 440000000 440500000 1571.71314
OX637742.1 440500000 441000000 1569.183
OX637742.1 441000000 441500000 1567.42613
OX637742.1 441500000 442000000 1565.65952
OX637742.1 442000000 442500000 1563.85967
OX637742.1 442500000 443000000 1563.0
OX637742.1 443000000 443500000 1562.41111
OX637742.1 443500000 444000000 1559.99341
OX637742.1 444000000 444500000 1559.00711
OX637742.1 444500000 445000000 1558.00579
OX637742.1 445000000 445500000 1555.76128
OX637742.1 445500000 446000000 1553.07027
OX637742.1 446000000 446500000 1552.0
OX637742.1 446500000 447000000 1552.0
OX637742.1 447000000 447500000 1551.26175
OX637742.1 447500000 448000000 1549.17863
OX637742.1 448000000 448500000 1548.30766
OX637742.1 448500000 449000000 1546.54728
OX637742.1 449000000 449500000 1545.88052
OX637742.1 449500000 450000000 1544.07451
OX637742.1 450000000 450500000 1544.0
OX637742.1 450500000 451000000 1544.0
OX637742.1 451000000 451500000 1544.0
OX637742.1 451500000 452000000 1543.91819
OX637742.1 452000000 452500000 1543.0
OX637742.1 452500000 453000000 1541.77298
OX637742.1 453000000 453500000 1540.99161
OX637742.1 453500000 454000000 1540.0
OX637742.1 454000000 454500000 1539.38688
OX637742.1 454500000 455000000 1538.42567
OX637742.1 455000000 455500000 1534.17852
OX637742.1 455500000 456000000 1533.01378
OX637742.1 456000000 456500000 1532.73146
OX637742.1 456500000 457000000 1531.65847
OX637742.1 457000000 457500000 1529.06387
OX637742.1 457500000 458000000 1528.25509
OX637742.1 458000000 458500000 1526.26822
OX637742.1 458500000 459000000 1524.23157
OX637742.1 459000000 459500000 1523.0
OX637742.1 459500000 460000000 1519.78069
OX637742.1 460000000 460500000 1515.69603
OX637742.1 460500000 461000000 1514.6586
OX637742.1 461000000 461500000 1513.54291
OX637742.1 461500000 462000000 1511.87147
OX637742.1 462000000 462500000 1508.24685
OX637742.1 462500000 463000000 1506.60845
OX637742.1 463000000 463500000 1504.24943
OX637742.1 463500000 464000000 1501.51184
OX637742.1 464000000 464500000 1496.98261
OX637742.1 464500000 465000000 1495.31029
OX637742.1 465000000 465500000 1493.97183
OX637742.1 465500000 466000000 1492.78826
OX637742.1 466000000 466500000 1491.34728
OX637742.1 466500000 467000000 1490.40494
OX637742.1 467000000 467500000 1487.95856
OX637742.1 467500000 468000000 1486.19284
OX637742.1 468000000 468500000 1483.42819
OX637742.1 468500000 469000000 1478.99527
OX637742.1 469000000 469500000 1476.92636
OX637742.1 469500000 470000000 1474.10247
OX637742.1 470000000 470500000 1471.0
OX637742.1 470500000 471000000 1470.94602
OX637742.1 471000000 471500000 1469.2903
OX637742.1 471500000 472000000 1463.17825
OX637742.1 472000000 472500000 1461.0
OX637742.1 472500000 473000000 1457.84562
OX637742.1 473000000 473500000 1453.22801
OX637742.1 473500000 474000000 1446.69694
OX637742.1 474000000 474500000 1443.2665
OX637742.1 474500000 475000000 1442.25431
OX637742.1 475000000 475500000 1442.0
OX637742.1 475500000 476000000 1436.25683
OX637742.1 476000000 476500000 1430.73012
OX637742.1 476500000 477000000 1426.64848
OX637742.1 477000000 477500000 1420.16409
OX637742.1 477500000 478000000 1418.88978
OX637742.1 478000000 478500000 1413.81219
OX637742.1 478500000 479000000 1408.7069
OX637742.1 479000000 479500000 1405.20185
OX637742.1 479500000 480000000 1400.35442
OX637742.1 480000000 480500000 1396.05949
OX637742.1 480500000 481000000 1388.7416
OX637742.1 481000000 481500000 1383.49768
OX637742.1 481500000 482000000 1381.94119
OX637742.1 482000000 482500000 1376.16937
OX637742.1 482500000 483000000 1369.70966
OX637742.1 483000000 483500000 1365.0
OX637742.1 483500000 484000000 1365.0
OX637742.1 484000000 484500000 1363.80623
OX637742.1 484500000 485000000 1355.43621
OX637742.1 485000000 485500000 1352.85738
OX637742.1 485500000 486000000 1349.34278
OX637742.1 486000000 486500000 1343.31113
OX637742.1 486500000 487000000 1334.74051
OX637742.1 487000000 487500000 1322.9798
OX637742.1 487500000 488000000 1315.50814
OX637742.1 488000000 488500000 1308.92464
OX637742.1 488500000 489000000 1297.31719
OX637742.1 489000000 489500000 1285.04337
OX637742.1 489500000 490000000 1278.70156
OX637742.1 490000000 490500000 1274.86893
OX637742.1 490500000 491000000 1270.19395
OX637742.1 491000000 491500000 1265.43655
OX637742.1 491500000 492000000 1261.99717
OX637742.1 492000000 492500000 1253.81725
OX637742.1 492500000 493000000 1248.0499
OX637742.1 493000000 493500000 1241.96227
OX637742.1 493500000 494000000 1235.08741
OX637742.1 494000000 494500000 1227.5819
OX637742.1 494500000 495000000 1222.86099
OX637742.1 495000000 495500000 1213.64806
OX637742.1 495500000 496000000 1200.86559
OX637742.1 496000000 496500000 1191.34033
OX637742.1 496500000 497000000 1182.71
OX637742.1 497000000 497500000 1175.20706
OX637742.1 497500000 498000000 1171.54468
OX637742.1 498000000 498500000 1159.59336
OX637742.1 498500000 499000000 1153.34724
OX637742.1 499000000 499500000 1145.20924
OX637742.1 499500000 500000000 1132.54999
OX637742.1 500000000 500500000 1120.44206
OX637742.1 500500000 501000000 1106.41482
OX637742.1 501000000 501500000 1096.82973
OX637742.1 501500000 502000000 1088.35941
OX637742.1 502000000 502500000 1079.87805
OX637742.1 502500000 503000000 1069.01766
OX637742.1 503000000 503500000 1053.65925
OX637742.1 503500000 504000000 1041.74377
OX637742.1 504000000 504500000 1027.09521
OX637742.1 504500000 505000000 1012.78555
OX637742.1 505000000 505500000 997.03954
OX637742.1 505500000 506000000 981.40435
OX637742.1 506000000 506500000 967.73106
OX637742.1 506500000 507000000 947.94593
OX637742.1 507000000 507500000 923.77116
OX637742.1 507500000 508000000 910.68347
OX637742.1 508000000 508500000 905.99183
OX637742.1 508500000 509000000 895.7649
OX637742.1 509000000 509500000 880.69358
OX637742.1 509500000 510000000 873.56475
OX637742.1 510000000 510500000 847.66411
OX637742.1 510500000 511000000 826.08153
OX637742.1 511000000 511500000 810.56947
OX637742.1 511500000 512000000 799.03361
OX637742.1 512000000 512500000 784.88644
OX637742.1 512500000 513000000 768.62907
OX637742.1 513000000 513500000 743.5566
OX637742.1 513500000 514000000 721.05182
OX637742.1 514000000 514500000 704.3798
OX637742.1 514500000 515000000 678.27004
OX637742.1 515000000 515500000 653.44831
OX637742.1 515500000 516000000 628.92245
OX637742.1 516000000 516500000 608.80932
OX637742.1 516500000 517000000 572.71779
OX637742.1 517000000 517500000 535.94512
OX637742.1 517500000 518000000 496.74714
OX637742.1 518000000 518500000 462.66508
OX637742.1 518500000 519000000 421.65862
OX637742.1 519000000 519500000 385.40572
OX637742.1 519500000 520000000 334.50011
OX637742.1 520000000 520500000 298.19106
OX637742.1 520500000 521000000 269.68456
OX637742.1 521000000 521500000 237.27043
OX637742.1 521500000 522000000 198.12626
OX637742.1 522000000 522500000 148.39929
OX637742.1 522500000 523000000 89.83229
OX637742.1 523000000 523500000 22.89045
OX637742.1 523500000 524000000 0.0
OX637742.1 524000000 524500000 0.0
OX637742.1 524500000 524680327 0.0
OX637749.1 0 500000 8.35577
OX637749.1 500000 1000000 21.84899
OX637749.1 1000000 1500000 43.95763
OX637749.1 1500000 2000000 58.80882
OX637749.1 2000000 2500000 64.92238
OX637749.1 2500000 3000000 65.0
OX637749.1 3000000 3500000 65.0
OX637749.1 3500000 4000000 76.37404
OX637749.1 4000000 4500000 112.32174
OX637749.1 4500000 5000000 132.45117
OX637749.1 5000000 5500000 133.41575
OX637749.1 5500000 6000000 142.69835
OX637749.1 6000000 6500000 189.1527
OX637749.1 6500000 7000000 223.25431
OX637749.1 7000000 7500000 249.40458
OX637749.1 7500000 8000000 285.37809
OX637749.1 8000000 8500000 302.08897
OX637749.1 8500000 9000000 316.28462
OX637749.1 9000000 9500000 348.1197
OX637749.1 9500000 10000000 388.20283
OX637749.1 10000000 10500000 413.99738
OX637749.1 10500000 11000000 435.48207
OX637749.1 11000000 11500000 441.51005
OX637749.1 11500000 12000000 460.85871
OX637749.1 12000000 12500000 481.40338
OX637749.1 12500000 13000000 506.95478
OX637749.1 13000000 13500000 530.71704
OX637749.1 13500000 14000000 541.13454
OX637749.1 14000000 14500000 577.4957
OX637749.1 14500000 15000000 593.90722
OX637749.1 15000000 15500000 610.85356
OX637749.1 15500000 16000000 623.49491
OX637749.1 16000000 16500000 655.37696
OX637749.1 16500000 17000000 671.26728
OX637749.1 17000000 17500000 688.58739
OX637749.1 17500000 18000000 710.38597
OX637749.1 18000000 18500000 722.53064
OX637749.1 18500000 19000000 736.36095
OX637749.1 19000000 19500000 747.76902
OX637749.1 19500000 20000000 764.78354
OX637749.1 20000000 20500000 769.73085
OX637749.1 20500000 21000000 779.48216
OX637749.1 21000000 21500000 795.11862
OX637749.1 21500000 22000000 804.04383
OX637749.1 22000000 22500000 808.65926
OX637749.1 22500000 23000000 818.74005
OX637749.1 23000000 23500000 834.73166
OX637749.1 23500000 24000000 844.81531
OX637749.1 24000000 24500000 852.70605
OX637749.1 24500000 25000000 862.97726
OX637749.1 25000000 25500000 878.05349
OX637749.1 25500000 26000000 885.53295
OX637749.1 26000000 26500000 893.28703
OX637749.1 26500000 27000000 904.56061
OX637749.1 27000000 27500000 913.98402
OX637749.1 27500000 28000000 920.77334
OX637749.1 28000000 28500000 928.08601
OX637749.1 28500000 29000000 938.96637
OX637749.1 29000000 29500000 943.20903
OX637749.1 29500000 30000000 953.37854
OX637749.1 30000000 30500000 959.80753
OX637749.1 30500000 31000000 963.05753
OX637749.1 31000000 31500000 966.84035
OX637749.1 31500000 32000000 971.44996
OX637749.1 32000000 32500000 978.62027
OX637749.1 32500000 33000000 983.28288
OX637749.1 33000000 33500000 986.53831
OX637749.1 33500000 34000000 990.91478
OX637749.1 34000000 34500000 993.41765
OX637749.1 34500000 35000000 998.85271
OX637749.1 35000000 35500000 1002.25144
OX637749.1 35500000 36000000 1006.16569
OX637749.1 36000000 36500000 1010.05011
OX637749.1 36500000 37000000 1013.77848
OX637749.1 37000000 37500000 1016.67328
OX637749.1 37500000 38000000 1019.54327
OX637749.1 38000000 38500000 1024.97747
OX637749.1 38500000 39000000 1028.46523
OX637749.1 39000000 39500000 1030.02823
OX637749.1 39500000 40000000 1032.98943
OX637749.1 40000000 40500000 1042.42628
OX637749.1 40500000 41000000 1046.88237
OX637749.1 41000000 41500000 1050.85534
OX637749.1 41500000 42000000 1056.24422
OX637749.1 42000000 42500000 1058.37358
OX637749.1 42500000 43000000 1059.77036
OX637749.1 43000000 43500000 1067.75169
OX637749.1 43500000 44000000 1071.76417
OX637749.1 44000000 44500000 1075.01958
OX637749.1 44500000 45000000 1076.45206
OX637749.1 45000000 45500000 1077.86876
OX637749.1 45500000 46000000 1084.13531
OX637749.1 46000000 46500000 1091.75527
OX637749.1 46500000 47000000 1097.42455
OX637749.1 47000000 47500000 1098.36196
OX637749.1 47500000 48000000 1099.46983
OX637749.1 48000000 48500000 1101.49553
OX637749.1 48500000 49000000 1104.48092
OX637749.1 49000000 49500000 1106.83056
OX637749.1 49500000 50000000 1110.52519
OX637749.1 50000000 50500000 1113.27942
OX637749.1 50500000 51000000 1114.72354
OX637749.1 51000000 51500000 1117.57251
OX637749.1 51500000 52000000 1120.35616
OX637749.1 52000000 52500000 1124.78143
OX637749.1 52500000 53000000 1126.98429
OX637749.1 53000000 53500000 1128.0
OX637749.1 53500000 54000000 1131.20144
OX637749.1 54000000 54500000 1135.69004
OX637749.1 54500000 55000000 1141.44109
OX637749.1 55000000 55500000 1144.01908
OX637749.1 55500000 56000000 1147.43116
OX637749.1 56000000 56500000 1150.19847
OX637749.1 56500000 57000000 1152.0
OX637749.1 57000000 57500000 1153.80266
OX637749.1 57500000 58000000 1156.47292
OX637749.1 58000000 58500000 1158.33676
OX637749.1 58500000 59000000 1159.0
OX637749.1 59000000 59500000 1160.13227
OX637749.1 59500000 60000000 1163.09842
OX637749.1 60000000 60500000 1165.57494
OX637749.1 60500000 61000000 1167.0
OX637749.1 61000000 61500000 1168.4687
OX637749.1 61500000 62000000 1169.17552
OX637749.1 62000000 62500000 1169.19571
OX637749.1 62500000 63000000 1170.80266
OX637749.1 63000000 63500000 1172.82676
OX637749.1 63500000 64000000 1174.75932
OX637749.1 64000000 64500000 1175.00267
OX637749.1 64500000 65000000 1176.90085
OX637749.1 65000000 65500000 1177.51986
OX637749.1 65500000 66000000 1182.04425
OX637749.1 66000000 66500000 1185.78801
OX637749.1 66500000 67000000 1187.41547
OX637749.1 67000000 67500000 1190.05895
OX637749.1 67500000 68000000 1192.64184
OX637749.1 68000000 68500000 1194.93121
OX637749.1 68500000 69000000 1199.83147
OX637749.1 69000000 69500000 1202.22306
OX637749.1 69500000 70000000 1203.38475
OX637749.1 70000000 70500000 1204.58661
OX637749.1 70500000 71000000 1209.29607
OX637749.1 71000000 71500000 1209.31644
OX637749.1 71500000 72000000 1211.02378
OX637749.1 72000000 72500000 1213.98208
OX637749.1 72500000 73000000 1216.4944
OX637749.1 73000000 73500000 1217.28377
OX637749.1 73500000 74000000 1217.38247
OX637749.1 74000000 74500000 1218.45967
OX637749.1 74500000 75000000 1218.0
OX637749.1 75000000 75500000 1218.73167
OX637749.1 75500000 76000000 1220.18298
OX637749.1 76000000 76500000 1221.98832
OX637749.1 76500000 77000000 1224.0
OX637749.1 77000000 77500000 1224.94058
OX637749.1 77500000 78000000 1224.93617
OX637749.1 78000000 78500000 1225.31549
OX637749.1 78500000 79000000 1228.94495
OX637749.1 79000000 79500000 1231.58687
OX637749.1 79500000 80000000 1234.44206
OX637749.1 80000000 80500000 1237.80496
OX637749.1 80500000 81000000 1239.0
OX637749.1 81000000 81500000 1239.00397
OX637749.1 81500000 82000000 1239.85986
OX637749.1 82000000 82500000 1241.12344
OX637749.1 82500000 83000000 1249.22762
OX637749.1 83000000 83500000 1250.0
OX637749.1 83500000 84000000 1250.96756
OX637749.1 84000000 84500000 1252.0
OX637749.1 84500000 85000000 1252.0
OX637749.1 85000000 85500000 1253.43556
OX637749.1 85500000 86000000 1255.0
OX637749.1 86000000 86500000 1256.94719
OX637749.1 86500000 87000000 1258.0
OX637749.1 87000000 87500000 1258.66807
OX637749.1 87500000 88000000 1260.0692
OX637749.1 88000000 88500000 1264.22498
OX637749.1 88500000 89000000 1266.51571
OX637749.1 89000000 89500000 1269.74917
OX637749.1 89500000 90000000 1272.51665
OX637749.1 90000000 90500000 1274.43661
OX637749.1 90500000 91000000 1275.00837
OX637749.1 91000000 91500000 1275.85704
OX637749.1 91500000 92000000 1276.97675
OX637749.1 92000000 92500000 1278.02633
OX637749.1 92500000 93000000 1278.23635
OX637749.1 93000000 93500000 1279.01212
OX637749.1 93500000 94000000 1281.75952
OX637749.1 94000000 94500000 1285.72257
OX637749.1 94500000 95000000 1287.44933
OX637749.1 95000000 95500000 1287.95048
OX637749.1 95500000 96000000 1290.01514
OX637749.1 96000000 96500000 1290.74585
OX637749.1 96500000 97000000 1293.89012
OX637749.1 97000000 97500000 1296.78007
OX637749.1 97500000 98000000 1298.12265
OX637749.1 98000000 98500000 1299.80521
OX637749.1 98500000 99000000 1299.82957
OX637749.1 99000000 99500000 1301.78174
OX637749.1 99500000 100000000 1302.0
OX637749.1 100000000 100500000 1302.0
OX637749.1 100500000 101000000 1302.25661
OX637749.1 101000000 101500000 1302.3898
OX637749.1 101500000 102000000 1303.62268
OX637749.1 102000000 102500000 1306.3076
OX637749.1 102500000 103000000 1308.10006
OX637749.1 103000000 103500000 1309.0
OX637749.1 103500000 104000000 1310.00861
OX637749.1 104000000 104500000 1311.08588
OX637749.1 104500000 105000000 1312.42457
OX637749.1 105000000 105500000 1313.00634
OX637749.1 105500000 106000000 1315.18425
OX637749.1 106000000 106500000 1316.46366
OX637749.1 106500000 107000000 1318.80804
OX637749.1 107000000 107500000 1319.0
OX637749.1 107500000 108000000 1319.11698
OX637749.1 108000000 108500000 1320.0
OX637749.1 108500000 109000000 1321.49937
OX637749.1 109000000 109500000 1322.80473
OX637749.1 109500000 110000000 1322.83929
OX637749.1 110000000 110500000 1322.96608
OX637749.1 110500000 111000000 1323.00227
OX637749.1 111000000 111500000 1323.0
OX637749.1 111500000 112000000 1323.00318
OX637749.1 112000000 112500000 1323.00686
OX637749.1 112500000 113000000 1324.72641
OX637749.1 113000000 113500000 1325.0
OX637749.1 113500000 114000000 1325.01501
OX637749.1 114000000 114500000 1325.00316
OX637749.1 114500000 115000000 1325.0
OX637749.1 115000000 115500000 1325.0
OX637749.1 115500000 116000000 1325.17723
OX637749.1 116000000 116500000 1326.41274
OX637749.1 116500000 117000000 1327.45018
OX637749.1 117000000 117500000 1328.0
OX637749.1 117500000 118000000 1328.01285
OX637749.1 118000000 118500000 1328.90852
OX637749.1 118500000 119000000 1329.77406
OX637749.1 119000000 119500000 1329.54123
OX637749.1 119500000 120000000 1330.0
OX637749.1 120000000 120500000 1331.34317
OX637749.1 120500000 121000000 1333.34218
OX637749.1 121000000 121500000 1334.00197
OX637749.1 121500000 122000000 1335.67647
OX637749.1 122000000 122500000 1337.0
OX637749.1 122500000 123000000 1337.00463
OX637749.1 123000000 123500000 1337.00356
OX637749.1 123500000 124000000 1338.00198
OX637749.1 124000000 124500000 1338.47795
OX637749.1 124500000 125000000 1339.0
OX637749.1 125000000 125500000 1339.0
OX637749.1 125500000 126000000 1339.0
OX637749.1 126000000 126500000 1339.0
OX637749.1 126500000 127000000 1340.31687
OX637749.1 127000000 127500000 1341.01953
OX637749.1 127500000 128000000 1341.01829
OX637749.1 128000000 128500000 1341.59185
OX637749.1 128500000 129000000 1342.31798
OX637749.1 129000000 129500000 1345.24753
OX637749.1 129500000 130000000 1346.00781
OX637749.1 130000000 130500000 1346.0
OX637749.1 130500000 131000000 1346.42427
OX637749.1 131000000 131500000 1347.0044
OX637749.1 131500000 132000000 1348.01635
OX637749.1 132000000 132500000 1348.01022
OX637749.1 132500000 133000000 1348.00548
OX637749.1 133000000 133500000 1348.0
OX637749.1 133500000 134000000 1348.0
OX637749.1 134000000 134500000 1348.00392
OX637749.1 134500000 135000000 1349.00305
OX637749.1 135000000 135500000 1350.06448
OX637749.1 135500000 136000000 1352.33113
OX637749.1 136000000 136500000 1352.0
OX637749.1 136500000 137000000 1352.53891
OX637749.1 137000000 137500000 1353.0
OX637749.1 137500000 138000000 1353.0
OX637749.1 138000000 138500000 1353.00392
OX637749.1 138500000 139000000 1353.0
OX637749.1 139000000 139500000 1354.64833
OX637749.1 139500000 140000000 1355.0
OX637749.1 140000000 140500000 1355.0
OX637749.1 140500000 141000000 1355.0
OX637749.1 141000000 141500000 1355.0
OX637749.1 141500000 142000000 1356.05274
OX637749.1 142000000 142500000 1357.46334
OX637749.1 142500000 143000000 1359.54832
OX637749.1 143000000 143500000 1359.1651
OX637749.1 143500000 144000000 1360.0
OX637749.1 144000000 144500000 1360.46344
OX637749.1 144500000 145000000 1361.0
OX637749.1 145000000 145500000 1361.01592
OX637749.1 145500000 146000000 1361.0
OX637749.1 146000000 146500000 1360.29133
OX637749.1 146500000 147000000 1360.0
OX637749.1 147000000 147500000 1360.66025
OX637749.1 147500000 148000000 1360.89556
OX637749.1 148000000 148500000 1361.64965
OX637749.1 148500000 149000000 1362.00314
OX637749.1 149000000 149500000 1362.65042
OX637749.1 149500000 150000000 1364.64214
OX637749.1 150000000 150500000 1365.00397
OX637749.1 150500000 151000000 1365.0
OX637749.1 151000000 151500000 1365.01247
OX637749.1 151500000 152000000 1365.0
OX637749.1 152000000 152500000 1365.0
OX637749.1 152500000 153000000 1365.01518
OX637749.1 153000000 153500000 1365.00894
OX637749.1 153500000 154000000 1365.6376
OX637749.1 154000000 154500000 1366.0
OX637749.1 154500000 155000000 1366.0
OX637749.1 155000000 155500000 1366.0
OX637749.1 155500000 156000000 1366.4464
OX637749.1 156000000 156500000 1367.00138
OX637749.1 156500000 157000000 1367.0
OX637749.1 157000000 157500000 1367.0
OX637749.1 157500000 158000000 1367.0
OX637749.1 158000000 158500000 1366.17732
OX637749.1 158500000 159000000 1367.057
OX637749.1 159000000 159500000 1368.00076
OX637749.1 159500000 160000000 1368.74148
OX637749.1 160000000 160500000 1370.0
OX637749.1 160500000 161000000 1370.59078
OX637749.1 161000000 161500000 1370.81691
OX637749.1 161500000 162000000 1371.0
OX637749.1 162000000 162500000 1370.11488
OX637749.1 162500000 163000000 1370.46368
OX637749.1 163000000 163500000 1371.0593
OX637749.1 163500000 164000000 1371.18404
OX637749.1 164000000 164500000 1372.0
OX637749.1 164500000 165000000 1372.01109
OX637749.1 165000000 165500000 1372.00475
OX637749.1 165500000 166000000 1371.10928
OX637749.1 166000000 166500000 1371.63125
OX637749.1 166500000 167000000 1373.93619
OX637749.1 167000000 167500000 1374.0
OX637749.1 167500000 168000000 1374.0
OX637749.1 168000000 168500000 1374.65692
OX637749.1 168500000 169000000 1375.0
OX637749.1 169000000 169500000 1375.0
OX637749.1 169500000 170000000 1375.0
OX637749.1 170000000 170500000 1375.0
OX637749.1 170500000 171000000 1375.0
OX637749.1 171000000 171500000 1375.0
OX637749.1 171500000 172000000 1375.02193
OX637749.1 172000000 172500000 1375.0
OX637749.1 172500000 173000000 1375.0
OX637749.1 173000000 173500000 1375.0
OX637749.1 173500000 174000000 1375.0
OX637749.1 174000000 174500000 1375.0
OX637749.1 174500000 175000000 1375.28159
OX637749.1 175000000 175500000 1376.11127
OX637749.1 175500000 176000000 1377.82513
OX637749.1 176000000 176500000 1380.00599
OX637749.1 176500000 177000000 1380.0
OX637749.1 177000000 177500000 1380.0
OX637749.1 177500000 178000000 1380.0
OX637749.1 178000000 178500000 1380.0
OX637749.1 178500000 179000000 1380.0
OX637749.1 179000000 179500000 1379.82133
OX637749.1 179500000 180000000 1380.0
OX637749.1 180000000 180500000 1380.11506
OX637749.1 180500000 181000000 1380.45077
OX637749.1 181000000 181500000 1380.93137
OX637749.1 181500000 182000000 1381.0
OX637749.1 182000000 182500000 1381.57193
OX637749.1 182500000 183000000 1383.0
OX637749.1 183000000 183500000 1382.98006
OX637749.1 183500000 184000000 1382.00263
OX637749.1 184000000 184500000 1383.40945
OX637749.1 184500000 185000000 1384.44205
OX637749.1 185000000 185500000 1384.0
OX637749.1 185500000 186000000 1384.00147
OX637749.1 186000000 186500000 1384.2818
OX637749.1 186500000 187000000 1385.0331
OX637749.1 187000000 187500000 1385.0
OX637749.1 187500000 188000000 1385.7571
OX637749.1 188000000 188500000 1386.0
OX637749.1 188500000 189000000 1386.19563
OX637749.1 189000000 189500000 1387.0
OX637749.1 189500000 190000000 1386.08867
OX637749.1 190000000 190500000 1386.0
OX637749.1 190500000 191000000 1386.0
OX637749.1 191000000 191500000 1386.0
OX637749.1 191500000 192000000 1386.0
OX637749.1 192000000 192500000 1386.0
OX637749.1 192500000 193000000 1386.0
OX637749.1 193000000 193500000 1386.0
OX637749.1 193500000 194000000 1386.09209
OX637749.1 194000000 194500000 1387.00302
OX637749.1 194500000 195000000 1387.21933
OX637749.1 195000000 195500000 1388.0
OX637749.1 195500000 196000000 1388.00293
OX637749.1 196000000 196500000 1388.64858
OX637749.1 196500000 197000000 1389.0
OX637749.1 197000000 197500000 1389.0
OX637749.1 197500000 198000000 1389.0
OX637749.1 198000000 198500000 1389.0
OX637749.1 198500000 199000000 1388.92498
OX637749.1 199000000 199500000 1388.0
OX637749.1 199500000 200000000 1387.88069
OX637749.1 200000000 200500000 1386.21659
OX637749.1 200500000 201000000 1385.10735
OX637749.1 201000000 201500000 1384.76489
OX637749.1 201500000 202000000 1384.76736
OX637749.1 202000000 202500000 1384.0
OX637749.1 202500000 203000000 1384.0
OX637749.1 203000000 203500000 1384.54799
OX637749.1 203500000 204000000 1384.85731
OX637749.1 204000000 204500000 1384.73215
OX637749.1 204500000 205000000 1384.00522
OX637749.1 205000000 205500000 1384.0
OX637749.1 205500000 206000000 1384.0
OX637749.1 206000000 206500000 1383.12924
OX637749.1 206500000 207000000 1383.00303
OX637749.1 207000000 207500000 1383.02922
OX637749.1 207500000 208000000 1383.0
OX637749.1 208000000 208500000 1383.0
OX637749.1 208500000 209000000 1383.0
OX637749.1 209000000 209500000 1383.0
OX637749.1 209500000 210000000 1383.0
OX637749.1 210000000 210500000 1382.30189
OX637749.1 210500000 211000000 1382.0
OX637749.1 211000000 211500000 1382.0
OX637749.1 211500000 212000000 1382.0
OX637749.1 212000000 212500000 1382.0
OX637749.1 212500000 213000000 1381.70948
OX637749.1 213000000 213500000 1381.32156
OX637749.1 213500000 214000000 1382.002
OX637749.1 214000000 214500000 1382.0
OX637749.1 214500000 215000000 1382.83521
OX637749.1 215000000 215500000 1383.0
OX637749.1 215500000 216000000 1384.01943
OX637749.1 216000000 216500000 1384.0
OX637749.1 216500000 217000000 1384.01467
OX637749.1 217000000 217500000 1384.0
OX637749.1 217500000 218000000 1383.45575
OX637749.1 218000000 218500000 1381.55665
OX637749.1 218500000 219000000 1381.0
OX637749.1 219000000 219500000 1381.0
OX637749.1 219500000 220000000 1381.0
OX637749.1 220000000 220500000 1381.0
OX637749.1 220500000 221000000 1380.9632
OX637749.1 221000000 221500000 1379.04831
OX637749.1 221500000 222000000 1379.76911
OX637749.1 222000000 222500000 1380.0
OX637749.1 222500000 223000000 1380.0
OX637749.1 223000000 223500000 1380.0
OX637749.1 223500000 224000000 1379.94071
OX637749.1 224000000 224500000 1379.38347
OX637749.1 224500000 225000000 1379.93
OX637749.1 225000000 225500000 1380.0
OX637749.1 225500000 226000000 1380.0
OX637749.1 226000000 226500000 1380.0
OX637749.1 226500000 227000000 1380.0
OX637749.1 227000000 227500000 1379.63136
OX637749.1 227500000 228000000 1379.0
OX637749.1 228000000 228500000 1379.0
OX637749.1 228500000 229000000 1379.02555
OX637749.1 229000000 229500000 1379.00335
OX637749.1 229500000 230000000 1379.0
OX637749.1 230000000 230500000 1379.4431
OX637749.1 230500000 231000000 1380.328
OX637749.1 231000000 231500000 1381.0
OX637749.1 231500000 232000000 1381.0
OX637749.1 232000000 232500000 1381.0
OX637749.1 232500000 233000000 1381.0
OX637749.1 233000000 233500000 1380.17219
OX637749.1 233500000 234000000 1380.0
OX637749.1 234000000 234500000 1380.0
OX637749.1 234500000 235000000 1380.0
OX637749.1 235000000 235500000 1380.0
OX637749.1 235500000 236000000 1380.01426
OX637749.1 236000000 236500000 1380.0
OX637749.1 236500000 237000000 1380.20459
OX637749.1 237000000 237500000 1381.01613
OX637749.1 237500000 238000000 1381.44854
OX637749.1 238000000 238500000 1382.0
OX637749.1 238500000 239000000 1382.0
OX637749.1 239000000 239500000 1382.0
OX637749.1 239500000 240000000 1382.0
OX637749.1 240000000 240500000 1382.0
OX637749.1 240500000 241000000 1382.0
OX637749.1 241000000 241500000 1383.5853
OX637749.1 241500000 242000000 1382.97318
OX637749.1 242000000 242500000 1382.0
OX637749.1 242500000 243000000 1382.00258
OX637749.1 243000000 243500000 1382.0
OX637749.1 243500000 244000000 1382.0
OX637749.1 244000000 244500000 1381.60923
OX637749.1 244500000 245000000 1381.0118
OX637749.1 245000000 245500000 1381.0
OX637749.1 245500000 246000000 1381.0
OX637749.1 246000000 246500000 1381.0
OX637749.1 246500000 247000000 1381.0
OX637749.1 247000000 247500000 1381.0
OX637749.1 247500000 248000000 1381.0
OX637749.1 248000000 248500000 1381.0206
OX637749.1 248500000 249000000 1381.0
OX637749.1 249000000 249500000 1380.62278
OX637749.1 249500000 250000000 1380.74264
OX637749.1 250000000 250500000 1381.01466
OX637749.1 250500000 251000000 1381.0
OX637749.1 251000000 251500000 1380.79215
OX637749.1 251500000 252000000 1380.74664
OX637749.1 252000000 252500000 1381.0
OX637749.1 252500000 253000000 1381.0
OX637749.1 253000000 253500000 1381.0
OX637749.1 253500000 254000000 1380.82556
OX637749.1 254000000 254500000 1379.63427
OX637749.1 254500000 255000000 1379.0
OX637749.1 255000000 255500000 1379.0
OX637749.1 255500000 256000000 1379.62234
OX637749.1 256000000 256500000 1380.0
OX637749.1 256500000 257000000 1380.0
OX637749.1 257000000 257500000 1380.0
OX637749.1 257500000 258000000 1380.80713
OX637749.1 258000000 258500000 1379.05636
OX637749.1 258500000 259000000 1379.0
OX637749.1 259000000 259500000 1379.0
OX637749.1 259500000 260000000 1379.0
OX637749.1 260000000 260500000 1379.0
OX637749.1 260500000 261000000 1379.0
OX637749.1 261000000 261500000 1379.0
OX637749.1 261500000 262000000 1379.00542
OX637749.1 262000000 262500000 1379.01132
OX637749.1 262500000 263000000 1378.38291
OX637749.1 263000000 263500000 1379.15018
OX637749.1 263500000 264000000 1380.0
OX637749.1 264000000 264500000 1380.0
OX637749.1 264500000 265000000 1380.00498
OX637749.1 265000000 265500000 1379.34689
OX637749.1 265500000 266000000 1379.0
OX637749.1 266000000 266500000 1379.0
OX637749.1 266500000 267000000 1379.0
OX637749.1 267000000 267500000 1379.0
OX637749.1 267500000 268000000 1379.0
OX637749.1 268000000 268500000 1378.78155
OX637749.1 268500000 269000000 1377.06421
OX637749.1 269000000 269500000 1377.0
OX637749.1 269500000 270000000 1377.0
OX637749.1 270000000 270500000 1377.0
OX637749.1 270500000 271000000 1375.0541
OX637749.1 271000000 271500000 1375.01747
OX637749.1 271500000 272000000 1375.0
OX637749.1 272000000 272500000 1374.23323
OX637749.1 272500000 273000000 1375.0
OX637749.1 273000000 273500000 1375.0
OX637749.1 273500000 274000000 1375.0
OX637749.1 274000000 274500000 1375.00306
OX637749.1 274500000 275000000 1375.20991
OX637749.1 275000000 275500000 1376.0
OX637749.1 275500000 276000000 1376.0
OX637749.1 276000000 276500000 1375.22805
OX637749.1 276500000 277000000 1375.0
OX637749.1 277000000 277500000 1375.21824
OX637749.1 277500000 278000000 1375.0
OX637749.1 278000000 278500000 1375.0
OX637749.1 278500000 279000000 1375.0
OX637749.1 279000000 279500000 1375.0
OX637749.1 279500000 280000000 1375.0
OX637749.1 280000000 280500000 1375.00181
OX637749.1 280500000 281000000 1375.0
OX637749.1 281000000 281500000 1375.0
OX637749.1 281500000 282000000 1375.0
OX637749.1 282000000 282500000 1375.0
OX637749.1 282500000 283000000 1375.0
OX637749.1 283000000 283500000 1375.0032
OX637749.1 283500000 284000000 1375.01497
OX637749.1 284000000 284500000 1374.04009
OX637749.1 284500000 285000000 1374.0
OX637749.1 285000000 285500000 1374.0
OX637749.1 285500000 286000000 1374.0
OX637749.1 286000000 286500000 1373.09252
OX637749.1 286500000 287000000 1372.16391
OX637749.1 287000000 287500000 1372.0
OX637749.1 287500000 288000000 1372.0
OX637749.1 288000000 288500000 1372.0
OX637749.1 288500000 289000000 1372.0
OX637749.1 289000000 289500000 1370.42489
OX637749.1 289500000 290000000 1370.0
OX637749.1 290000000 290500000 1370.0
OX637749.1 290500000 291000000 1370.0
OX637749.1 291000000 291500000 1370.00621
OX637749.1 291500000 292000000 1369.5052
OX637749.1 292000000 292500000 1369.0
OX637749.1 292500000 293000000 1369.00838
OX637749.1 293000000 293500000 1369.0
OX637749.1 293500000 294000000 1369.0
OX637749.1 294000000 294500000 1369.0
OX637749.1 294500000 295000000 1369.00356
OX637749.1 295000000 295500000 1369.0
OX637749.1 295500000 296000000 1369.0
OX637749.1 296000000 296500000 1369.0
OX637749.1 296500000 297000000 1368.23874
OX637749.1 297000000 297500000 1368.0
OX637749.1 297500000 298000000 1368.0
OX637749.1 298000000 298500000 1368.0
OX637749.1 298500000 299000000 1368.0066
OX637749.1 299000000 299500000 1368.0
OX637749.1 299500000 300000000 1368.0
OX637749.1 300000000 300500000 1368.00831
OX637749.1 300500000 301000000 1368.0
OX637749.1 301000000 301500000 1368.0
OX637749.1 301500000 302000000 1368.0
OX637749.1 302000000 302500000 1368.0
OX637749.1 302500000 303000000 1368.0
OX637749.1 303000000 303500000 1368.00639
OX637749.1 303500000 304000000 1368.0
OX637749.1 304000000 304500000 1368.0
OX637749.1 304500000 305000000 1368.0
OX637749.1 305000000 305500000 1367.80387
OX637749.1 305500000 306000000 1366.00033
OX637749.1 306000000 306500000 1366.0
OX637749.1 306500000 307000000 1366.0
OX637749.1 307000000 307500000 1366.0
OX637749.1 307500000 308000000 1366.0
OX637749.1 308000000 308500000 1366.00245
OX637749.1 308500000 309000000 1366.0
OX637749.1 309000000 309500000 1366.0
OX637749.1 309500000 310000000 1366.0
OX637749.1 310000000 310500000 1366.0
OX637749.1 310500000 311000000 1366.0
OX637749.1 311000000 311500000 1366.0
OX637749.1 311500000 312000000 1366.0
OX637749.1 312000000 312500000 1366.0
OX637749.1 312500000 313000000 1366.0
OX637749.1 313000000 313500000 1366.0
OX637749.1 313500000 314000000 1365.70916
OX637749.1 314000000 314500000 1365.0
OX637749.1 314500000 315000000 1365.8368
OX637749.1 315000000 315500000 1366.0
OX637749.1 315500000 316000000 1366.0
OX637749.1 316000000 316500000 1366.0
OX637749.1 316500000 317000000 1366.0
OX637749.1 317000000 317500000 1366.00988
OX637749.1 317500000 318000000 1366.0
OX637749.1 318000000 318500000 1366.0
OX637749.1 318500000 319000000 1365.0523
OX637749.1 319000000 319500000 1365.0
OX637749.1 319500000 320000000 1365.0
OX637749.1 320000000 320500000 1365.0
OX637749.1 320500000 321000000 1365.4002
OX637749.1 321000000 321500000 1366.0
OX637749.1 321500000 322000000 1365.11751
OX637749.1 322000000 322500000 1364.3727
OX637749.1 322500000 323000000 1363.0
OX637749.1 323000000 323500000 1363.0
OX637749.1 323500000 324000000 1363.0
OX637749.1 324000000 324500000 1363.13655
OX637749.1 324500000 325000000 1364.91052
OX637749.1 325000000 325500000 1363.71702
OX637749.1 325500000 326000000 1362.22156
OX637749.1 326000000 326500000 1362.0
OX637749.1 326500000 327000000 1362.0
OX637749.1 327000000 327500000 1362.0
OX637749.1 327500000 328000000 1362.0
OX637749.1 328000000 328500000 1363.16126
OX637749.1 328500000 329000000 1363.83966
OX637749.1 329000000 329500000 1363.0
OX637749.1 329500000 330000000 1363.0
OX637749.1 330000000 330500000 1363.0
OX637749.1 330500000 331000000 1363.0
OX637749.1 331000000 331500000 1363.00941
OX637749.1 331500000 332000000 1363.0
OX637749.1 332000000 332500000 1363.0
OX637749.1 332500000 333000000 1363.0
OX637749.1 333000000 333500000 1362.95518
OX637749.1 333500000 334000000 1363.003
OX637749.1 334000000 334500000 1363.0
OX637749.1 334500000 335000000 1363.74055
OX637749.1 335000000 335500000 1363.4439
OX637749.1 335500000 336000000 1363.0
OX637749.1 336000000 336500000 1363.0
OX637749.1 336500000 337000000 1363.0
OX637749.1 337000000 337500000 1363.0
OX637749.1 337500000 338000000 1363.0
OX637749.1 338000000 338500000 1363.0
OX637749.1 338500000 339000000 1363.0
OX637749.1 339000000 339500000 1362.3458
OX637749.1 339500000 340000000 1362.0
OX637749.1 340000000 340500000 1362.0
OX637749.1 340500000 341000000 1362.0
OX637749.1 341000000 341500000 1362.0
OX637749.1 341500000 342000000 1362.0
OX637749.1 342000000 342500000 1362.0
OX637749.1 342500000 343000000 1362.0
OX637749.1 343000000 343500000 1362.00017
OX637749.1 343500000 344000000 1362.0
OX637749.1 344000000 344500000 1362.0
OX637749.1 344500000 345000000 1362.0
OX637749.1 345000000 345500000 1362.0
OX637749.1 345500000 346000000 1362.0
OX637749.1 346000000 346500000 1362.0
OX637749.1 346500000 347000000 1362.0
OX637749.1 347000000 347500000 1362.0
OX637749.1 347500000 348000000 1361.07139
OX637749.1 348000000 348500000 1361.0
OX637749.1 348500000 349000000 1361.0
OX637749.1 349000000 349500000 1360.77488
OX637749.1 349500000 350000000 1360.0
OX637749.1 350000000 350500000 1360.0
OX637749.1 350500000 351000000 1360.0
OX637749.1 351000000 351500000 1360.0
OX637749.1 351500000 352000000 1359.39042
OX637749.1 352000000 352500000 1359.0
OX637749.1 352500000 353000000 1359.0
OX637749.1 353000000 353500000 1359.0
OX637749.1 353500000 354000000 1359.00696
OX637749.1 354000000 354500000 1359.01457
OX637749.1 354500000 355000000 1359.0
OX637749.1 355000000 355500000 1359.0
OX637749.1 355500000 356000000 1359.0
OX637749.1 356000000 356500000 1359.0
OX637749.1 356500000 357000000 1359.0
OX637749.1 357000000 357500000 1359.0
OX637749.1 357500000 358000000 1359.0
OX637749.1 358000000 358500000 1357.91844
OX637749.1 358500000 359000000 1357.0
OX637749.1 359000000 359500000 1357.0
OX637749.1 359500000 360000000 1357.0
OX637749.1 360000000 360500000 1357.0
OX637749.1 360500000 361000000 1357.0
OX637749.1 361000000 361500000 1357.0
OX637749.1 361500000 362000000 1356.16248
OX637749.1 362000000 362500000 1356.0
OX637749.1 362500000 363000000 1356.0
OX637749.1 363000000 363500000 1356.0
OX637749.1 363500000 364000000 1356.0
OX637749.1 364000000 364500000 1356.0
OX637749.1 364500000 365000000 1356.0
OX637749.1 365000000 365500000 1356.0
OX637749.1 365500000 366000000 1356.0
OX637749.1 366000000 366500000 1356.0
OX637749.1 366500000 367000000 1355.91907
OX637749.1 367000000 367500000 1353.6307
OX637749.1 367500000 368000000 1353.0
OX637749.1 368000000 368500000 1353.0
OX637749.1 368500000 369000000 1353.0
OX637749.1 369000000 369500000 1353.0
OX637749.1 369500000 370000000 1353.0
OX637749.1 370000000 370500000 1353.0
OX637749.1 370500000 371000000 1353.0
OX637749.1 371000000 371500000 1353.0
OX637749.1 371500000 372000000 1353.0
OX637749.1 372000000 372500000 1353.0
OX637749.1 372500000 373000000 1353.0
OX637749.1 373000000 373500000 1353.0
OX637749.1 373500000 374000000 1353.0
OX637749.1 374000000 374500000 1353.0
OX637749.1 374500000 375000000 1353.0
OX637749.1 375000000 375500000 1353.0
OX637749.1 375500000 376000000 1353.0
OX637749.1 376000000 376500000 1353.0
OX637749.1 376500000 377000000 1353.0
OX637749.1 377000000 377500000 1352.43711
OX637749.1 377500000 378000000 1352.0
OX637749.1 378000000 378500000 1352.0
OX637749.1 378500000 379000000 1352.0
OX637749.1 379000000 379500000 1352.0
OX637749.1 379500000 380000000 1352.0
OX637749.1 380000000 380500000 1351.76685
OX637749.1 380500000 381000000 1351.0
OX637749.1 381000000 381500000 1351.0
OX637749.1 381500000 382000000 1351.0
OX637749.1 382000000 382500000 1350.42032
OX637749.1 382500000 383000000 1350.0
OX637749.1 383000000 383500000 1350.00411
OX637749.1 383500000 384000000 1349.34609
OX637749.1 384000000 384500000 1348.0
OX637749.1 384500000 385000000 1348.0
OX637749.1 385000000 385500000 1348.0
OX637749.1 385500000 386000000 1348.0
OX637749.1 386000000 386500000 1348.0
OX637749.1 386500000 387000000 1348.0
OX637749.1 387000000 387500000 1348.0
OX637749.1 387500000 388000000 1348.0
OX637749.1 388000000 388500000 1348.0
OX637749.1 388500000 389000000 1348.0
OX637749.1 389000000 389500000 1348.0
OX637749.1 389500000 390000000 1348.0
OX637749.1 390000000 390500000 1348.01315
OX637749.1 390500000 391000000 1348.00241
OX637749.1 391000000 391500000 1348.0
OX637749.1 391500000 392000000 1348.0
OX637749.1 392000000 392500000 1348.0
OX637749.1 392500000 393000000 1348.0
OX637749.1 393000000 393500000 1348.0
OX637749.1 393500000 394000000 1348.0
OX637749.1 394000000 394500000 1348.0
OX637749.1 394500000 395000000 1348.00972
OX637749.1 395000000 395500000 1348.0
OX637749.1 395500000 396000000 1348.0
OX637749.1 396000000 396500000 1348.0
OX637749.1 396500000 397000000 1348.0
OX637749.1 397000000 397500000 1348.0
OX637749.1 397500000 398000000 1348.0
OX637749.1 398000000 398500000 1347.5742
OX637749.1 398500000 399000000 1347.0
OX637749.1 399000000 399500000 1347.0
OX637749.1 399500000 400000000 1347.0
OX637749.1 400000000 400500000 1347.0
OX637749.1 400500000 401000000 1347.0
OX637749.1 401000000 401500000 1347.0
OX637749.1 401500000 402000000 1347.0
OX637749.1 402000000 402500000 1347.0
OX637749.1 402500000 403000000 1347.0
OX637749.1 403000000 403500000 1347.0
OX637749.1 403500000 404000000 1347.0
OX637749.1 404000000 404500000 1347.0
OX637749.1 404500000 405000000 1347.0
OX637749.1 405000000 405500000 1347.0
OX637749.1 405500000 406000000 1347.0
OX637749.1 406000000 406500000 1347.0
OX637749.1 406500000 407000000 1347.0
OX637749.1 407000000 407500000 1346.35971
OX637749.1 407500000 408000000 1346.0
OX637749.1 408000000 408500000 1346.0
OX637749.1 408500000 409000000 1346.0
OX637749.1 409000000 409500000 1345.98595
OX637749.1 409500000 410000000 1345.0
OX637749.1 410000000 410500000 1345.0
OX637749.1 410500000 411000000 1345.0
OX637749.1 411000000 411500000 1345.0
OX637749.1 411500000 412000000 1345.07856
OX637749.1 412000000 412500000 1346.0
OX637749.1 412500000 413000000 1346.0
OX637749.1 413000000 413500000 1346.0
OX637749.1 413500000 414000000 1346.0
OX637749.1 414000000 414500000 1346.0032
OX637749.1 414500000 415000000 1345.27385
OX637749.1 415000000 415500000 1345.0
OX637749.1 415500000 416000000 1345.0
OX637749.1 416000000 416500000 1345.00206
OX637749.1 416500000 417000000 1345.0
OX637749.1 417000000 417500000 1345.0
OX637749.1 417500000 418000000 1345.0
OX637749.1 418000000 418500000 1345.0
OX637749.1 418500000 419000000 1345.0
OX637749.1 419000000 419500000 1345.0
OX637749.1 419500000 420000000 1345.00393
OX637749.1 420000000 420500000 1344.21217
OX637749.1 420500000 421000000 1344.00525
OX637749.1 421000000 421500000 1344.0
OX637749.1 421500000 422000000 1344.0
OX637749.1 422000000 422500000 1344.0
OX637749.1 422500000 423000000 1344.0
OX637749.1 423000000 423500000 1344.0
OX637749.1 423500000 424000000 1343.12552
OX637749.1 424000000 424500000 1342.20445
OX637749.1 424500000 425000000 1342.0
OX637749.1 425000000 425500000 1342.0
OX637749.1 425500000 426000000 1342.0
OX637749.1 426000000 426500000 1342.00638
OX637749.1 426500000 427000000 1342.0
OX637749.1 427000000 427500000 1341.63305
OX637749.1 427500000 428000000 1341.0
OX637749.1 428000000 428500000 1341.0
OX637749.1 428500000 429000000 1341.0
OX637749.1 429000000 429500000 1340.08086
OX637749.1 429500000 430000000 1340.0
OX637749.1 430000000 430500000 1340.0
OX637749.1 430500000 431000000 1339.14076
OX637749.1 431000000 431500000 1339.0
OX637749.1 431500000 432000000 1338.018
OX637749.1 432000000 432500000 1338.00247
OX637749.1 432500000 433000000 1338.0
OX637749.1 433000000 433500000 1338.0
OX637749.1 433500000 434000000 1338.0
OX637749.1 434000000 434500000 1337.60755
OX637749.1 434500000 435000000 1336.63534
OX637749.1 435000000 435500000 1336.0
OX637749.1 435500000 436000000 1336.0
OX637749.1 436000000 436500000 1336.0
OX637749.1 436500000 437000000 1336.0
OX637749.1 437000000 437500000 1336.0
OX637749.1 437500000 438000000 1336.00522
OX637749.1 438000000 438500000 1336.0
OX637749.1 438500000 439000000 1336.0
OX637749.1 439000000 439500000 1336.0
OX637749.1 439500000 440000000 1336.0
OX637749.1 440000000 440500000 1336.0
OX637749.1 440500000 441000000 1335.42532
OX637749.1 441000000 441500000 1335.0
OX637749.1 441500000 442000000 1334.74791
OX637749.1 442000000 442500000 1334.0
OX637749.1 442500000 443000000 1333.99036
OX637749.1 443000000 443500000 1332.1107
OX637749.1 443500000 444000000 1330.51764
OX637749.1 444000000 444500000 1330.00337
OX637749.1 444500000 445000000 1330.0
OX637749.1 445000000 445500000 1330.0
OX637749.1 445500000 446000000 1330.0
OX637749.1 446000000 446500000 1330.0
OX637749.1 446500000 447000000 1330.0
OX637749.1 447000000 447500000 1329.50536
OX637749.1 447500000 448000000 1329.0
OX637749.1 448000000 448500000 1329.0
OX637749.1 448500000 449000000 1328.23029
OX637749.1 449000000 449500000 1328.0
OX637749.1 449500000 450000000 1328.0
OX637749.1 450000000 450500000 1328.0
OX637749.1 450500000 451000000 1328.0
OX637749.1 451000000 451500000 1328.0
OX637749.1 451500000 452000000 1328.0
OX637749.1 452000000 452500000 1328.0
OX637749.1 452500000 453000000 1328.0
OX637749.1 453000000 453500000 1328.0
OX637749.1 453500000 454000000 1328.00573
OX637749.1 454000000 454500000 1328.0
OX637749.1 454500000 455000000 1328.00397
OX637749.1 455000000 455500000 1328.0
OX637749.1 455500000 456000000 1327.81096
OX637749.1 456000000 456500000 1326.88015
OX637749.1 456500000 457000000 1326.0
OX637749.1 457000000 457500000 1326.0
OX637749.1 457500000 458000000 1326.0
OX637749.1 458000000 458500000 1326.0
OX637749.1 458500000 459000000 1326.0
OX637749.1 459000000 459500000 1326.0
OX637749.1 459500000 460000000 1326.00322
OX637749.1 460000000 460500000 1326.0
OX637749.1 460500000 461000000 1326.0
OX637749.1 461000000 461500000 1326.0
OX637749.1 461500000 462000000 1325.24627
OX637749.1 462000000 462500000 1325.00225
OX637749.1 462500000 463000000 1325.0
OX637749.1 463000000 463500000 1325.0
OX637749.1 463500000 464000000 1325.0
OX637749.1 464000000 464500000 1325.0
OX637749.1 464500000 465000000 1324.89148
OX637749.1 465000000 465500000 1323.0
OX637749.1 465500000 466000000 1323.00315
OX637749.1 466000000 466500000 1323.0
OX637749.1 466500000 467000000 1323.0
OX637749.1 467000000 467500000 1322.89782
OX637749.1 467500000 468000000 1322.0
OX637749.1 468000000 468500000 1322.0
OX637749.1 468500000 469000000 1321.23446
OX637749.1 469000000 469500000 1321.0
OX637749.1 469500000 470000000 1321.0
OX637749.1 470000000 470500000 1321.0
OX637749.1 470500000 471000000 1320.39996
OX637749.1 471000000 471500000 1320.0
OX637749.1 471500000 472000000 1320.0
OX637749.1 472000000 472500000 1320.0
OX637749.1 472500000 473000000 1320.0
OX637749.1 473000000 473500000 1320.0
OX637749.1 473500000 474000000 1320.00862
OX637749.1 474000000 474500000 1320.0019
OX637749.1 474500000 475000000 1320.0
OX637749.1 475000000 475500000 1320.0
OX637749.1 475500000 476000000 1320.0
OX637749.1 476000000 476500000 1320.0
OX637749.1 476500000 477000000 1320.0
OX637749.1 477000000 477500000 1320.0
OX637749.1 477500000 478000000 1320.0
OX637749.1 478000000 478500000 1320.0
OX637749.1 478500000 479000000 1320.0
OX637749.1 479000000 479500000 1320.0
OX637749.1 479500000 480000000 1320.0
OX637749.1 480000000 480500000 1320.0
OX637749.1 480500000 481000000 1320.0
OX637749.1 481000000 481500000 1319.78518
OX637749.1 481500000 482000000 1319.0
OX637749.1 482000000 482500000 1319.0
OX637749.1 482500000 483000000 1319.0
OX637749.1 483000000 483500000 1319.0
OX637749.1 483500000 484000000 1319.0
OX637749.1 484000000 484500000 1318.95603
OX637749.1 484500000 485000000 1318.60204
OX637749.1 485000000 485500000 1318.0
OX637749.1 485500000 486000000 1318.0
OX637749.1 486000000 486500000 1317.10821
OX637749.1 486500000 487000000 1315.60206
OX637749.1 487000000 487500000 1313.50745
OX637749.1 487500000 488000000 1314.10452
OX637749.1 488000000 488500000 1315.01127
OX637749.1 488500000 489000000 1315.0
OX637749.1 489000000 489500000 1315.0
OX637749.1 489500000 490000000 1315.0
OX637749.1 490000000 490500000 1314.72033
OX637749.1 490500000 491000000 1314.0
OX637749.1 491000000 491500000 1314.0
OX637749.1 491500000 492000000 1314.81562
OX637749.1 492000000 492500000 1314.81681
OX637749.1 492500000 493000000 1314.0
OX637749.1 493000000 493500000 1314.0
OX637749.1 493500000 494000000 1314.0
OX637749.1 494000000 494500000 1314.0
OX637749.1 494500000 495000000 1314.0
OX637749.1 495000000 495500000 1314.0
OX637749.1 495500000 496000000 1314.0
OX637749.1 496000000 496500000 1313.4543
OX637749.1 496500000 497000000 1313.0
OX637749.1 497000000 497500000 1313.0
OX637749.1 497500000 498000000 1313.0
OX637749.1 498000000 498500000 1313.0
OX637749.1 498500000 499000000 1313.00412
OX637749.1 499000000 499500000 1313.0
OX637749.1 499500000 500000000 1312.09821
OX637749.1 500000000 500500000 1310.60605
OX637749.1 500500000 501000000 1310.0
OX637749.1 501000000 501500000 1310.01429
OX637749.1 501500000 502000000 1310.0
OX637749.1 502000000 502500000 1310.0
OX637749.1 502500000 503000000 1310.00653
OX637749.1 503000000 503500000 1309.68659
OX637749.1 503500000 504000000 1310.0
OX637749.1 504000000 504500000 1310.0
OX637749.1 504500000 505000000 1310.0
OX637749.1 505000000 505500000 1310.0
OX637749.1 505500000 506000000 1309.8532
OX637749.1 506000000 506500000 1308.35266
OX637749.1 506500000 507000000 1307.73521
OX637749.1 507000000 507500000 1307.0
OX637749.1 507500000 508000000 1307.00431
OX637749.1 508000000 508500000 1306.52922
OX637749.1 508500000 509000000 1306.58369
OX637749.1 509000000 509500000 1307.03657
OX637749.1 509500000 510000000 1307.0
OX637749.1 510000000 510500000 1306.63023
OX637749.1 510500000 511000000 1306.0
OX637749.1 511000000 511500000 1306.0
OX637749.1 511500000 512000000 1306.0
OX637749.1 512000000 512500000 1306.0
OX637749.1 512500000 513000000 1305.1293
OX637749.1 513000000 513500000 1305.0
OX637749.1 513500000 514000000 1305.0
OX637749.1 514000000 514500000 1305.0
OX637749.1 514500000 515000000 1305.0
OX637749.1 515000000 515500000 1305.0
OX637749.1 515500000 516000000 1305.0
OX637749.1 516000000 516500000 1305.0
OX637749.1 516500000 517000000 1305.0
OX637749.1 517000000 517500000 1305.0
OX637749.1 517500000 518000000 1305.0
OX637749.1 518000000 518500000 1304.76611
OX637749.1 518500000 519000000 1304.32848
OX637749.1 519000000 519500000 1303.07149
OX637749.1 519500000 520000000 1300.53517
OX637749.1 520000000 520500000 1299.16232
OX637749.1 520500000 521000000 1299.0
OX637749.1 521000000 521500000 1299.0
OX637749.1 521500000 522000000 1299.0
OX637749.1 522000000 522500000 1298.53241
OX637749.1 522500000 523000000 1298.0
OX637749.1 523000000 523500000 1298.0
OX637749.1 523500000 524000000 1297.9741
OX637749.1 524000000 524500000 1297.0
OX637749.1 524500000 525000000 1297.0
OX637749.1 525000000 525500000 1295.71773
OX637749.1 525500000 526000000 1295.0
OX637749.1 526000000 526500000 1295.0
OX637749.1 526500000 527000000 1295.0
OX637749.1 527000000 527500000 1295.0
OX637749.1 527500000 528000000 1294.52161
OX637749.1 528000000 528500000 1294.0
OX637749.1 528500000 529000000 1294.0
OX637749.1 529000000 529500000 1294.0
OX637749.1 529500000 530000000 1294.00238
OX637749.1 530000000 530500000 1292.87195
OX637749.1 530500000 531000000 1292.0
OX637749.1 531000000 531500000 1292.0
OX637749.1 531500000 532000000 1292.0
OX637749.1 532000000 532500000 1291.04668
OX637749.1 532500000 533000000 1291.0066
OX637749.1 533000000 533500000 1290.273
OX637749.1 533500000 534000000 1290.00198
OX637749.1 534000000 534500000 1290.0
OX637749.1 534500000 535000000 1290.0
OX637749.1 535000000 535500000 1290.0
OX637749.1 535500000 536000000 1290.02984
OX637749.1 536000000 536500000 1289.15418
OX637749.1 536500000 537000000 1289.0
OX637749.1 537000000 537500000 1289.0
OX637749.1 537500000 538000000 1288.20278
OX637749.1 538000000 538500000 1288.0
OX637749.1 538500000 539000000 1287.16597
OX637749.1 539000000 539500000 1285.78818
OX637749.1 539500000 540000000 1285.0
OX637749.1 540000000 540500000 1285.0
OX637749.1 540500000 541000000 1285.0
OX637749.1 541000000 541500000 1285.0
OX637749.1 541500000 542000000 1285.0
OX637749.1 542000000 542500000 1285.0
OX637749.1 542500000 543000000 1285.00135
OX637749.1 543000000 543500000 1284.03462
OX637749.1 543500000 544000000 1283.0
OX637749.1 544000000 544500000 1283.0
OX637749.1 544500000 545000000 1282.52901
OX637749.1 545000000 545500000 1282.0
OX637749.1 545500000 546000000 1282.0
OX637749.1 546000000 546500000 1282.0
OX637749.1 546500000 547000000 1281.88645
OX637749.1 547000000 547500000 1281.0
OX637749.1 547500000 548000000 1280.14255
OX637749.1 548000000 548500000 1279.4778
OX637749.1 548500000 549000000 1278.5179
OX637749.1 549000000 549500000 1278.0
OX637749.1 549500000 550000000 1277.99552
OX637749.1 550000000 550500000 1276.12425
OX637749.1 550500000 551000000 1276.0
OX637749.1 551000000 551500000 1275.02491
OX637749.1 551500000 552000000 1273.84502
OX637749.1 552000000 552500000 1273.0
OX637749.1 552500000 553000000 1273.0
OX637749.1 553000000 553500000 1273.0
OX637749.1 553500000 554000000 1272.19239
OX637749.1 554000000 554500000 1271.54203
OX637749.1 554500000 555000000 1271.00073
OX637749.1 555000000 555500000 1270.06225
OX637749.1 555500000 556000000 1269.9052
OX637749.1 556000000 556500000 1268.46354
OX637749.1 556500000 557000000 1269.0
OX637749.1 557000000 557500000 1269.0
OX637749.1 557500000 558000000 1268.1302
OX637749.1 558000000 558500000 1267.5991
OX637749.1 558500000 559000000 1266.21871
OX637749.1 559000000 559500000 1265.00891
OX637749.1 559500000 560000000 1264.44893
OX637749.1 560000000 560500000 1263.33817
OX637749.1 560500000 561000000 1263.04475
OX637749.1 561000000 561500000 1264.0003
OX637749.1 561500000 562000000 1264.0
OX637749.1 562000000 562500000 1264.0
OX637749.1 562500000 563000000 1261.72776
OX637749.1 563000000 563500000 1260.0
OX637749.1 563500000 564000000 1259.55428
OX637749.1 564000000 564500000 1258.19736
OX637749.1 564500000 565000000 1258.0
OX637749.1 565000000 565500000 1257.16249
OX637749.1 565500000 566000000 1256.0
OX637749.1 566000000 566500000 1256.0
OX637749.1 566500000 567000000 1256.00148
OX637749.1 567000000 567500000 1256.00526
OX637749.1 567500000 568000000 1255.64083
OX637749.1 568000000 568500000 1255.0
OX637749.1 568500000 569000000 1254.41356
OX637749.1 569000000 569500000 1252.2357
OX637749.1 569500000 570000000 1252.0
OX637749.1 570000000 570500000 1252.0
OX637749.1 570500000 571000000 1250.61326
OX637749.1 571000000 571500000 1249.28458
OX637749.1 571500000 572000000 1248.0
OX637749.1 572000000 572500000 1248.0
OX637749.1 572500000 573000000 1248.0
OX637749.1 573000000 573500000 1247.38125
OX637749.1 573500000 574000000 1247.0
OX637749.1 574000000 574500000 1247.0
OX637749.1 574500000 575000000 1246.38142
OX637749.1 575000000 575500000 1246.0
OX637749.1 575500000 576000000 1246.0
OX637749.1 576000000 576500000 1245.30997
OX637749.1 576500000 577000000 1245.00901
OX637749.1 577000000 577500000 1244.31107
OX637749.1 577500000 578000000 1244.0
OX637749.1 578000000 578500000 1244.0
OX637749.1 578500000 579000000 1244.0
OX637749.1 579000000 579500000 1243.8931
OX637749.1 579500000 580000000 1242.87238
OX637749.1 580000000 580500000 1242.0
OX637749.1 580500000 581000000 1241.50436
OX637749.1 581000000 581500000 1240.72483
OX637749.1 581500000 582000000 1240.6534
OX637749.1 582000000 582500000 1241.0
OX637749.1 582500000 583000000 1241.0
OX637749.1 583000000 583500000 1241.0
OX637749.1 583500000 584000000 1240.58677
OX637749.1 584000000 584500000 1236.69258
OX637749.1 584500000 585000000 1235.0
OX637749.1 585000000 585500000 1234.6252
OX637749.1 585500000 586000000 1232.19705
OX637749.1 586000000 586500000 1229.45019
OX637749.1 586500000 587000000 1226.56653
OX637749.1 587000000 587500000 1223.57529
OX637749.1 587500000 588000000 1221.94421
OX637749.1 588000000 588500000 1219.35252
OX637749.1 588500000 589000000 1218.00534
OX637749.1 589000000 589500000 1216.68864
OX637749.1 589500000 590000000 1215.45183
OX637749.1 590000000 590500000 1213.28346
OX637749.1 590500000 591000000 1212.64444
OX637749.1 591000000 591500000 1211.00811
OX637749.1 591500000 592000000 1211.0
OX637749.1 592000000 592500000 1210.91168
OX637749.1 592500000 593000000 1210.0
OX637749.1 593000000 593500000 1210.00141
OX637749.1 593500000 594000000 1209.76425
OX637749.1 594000000 594500000 1208.00356
OX637749.1 594500000 595000000 1205.60617
OX637749.1 595000000 595500000 1203.7205
OX637749.1 595500000 596000000 1201.17074
OX637749.1 596000000 596500000 1198.22781
OX637749.1 596500000 597000000 1197.00924
OX637749.1 597000000 597500000 1197.0046
OX637749.1 597500000 598000000 1196.0175
OX637749.1 598000000 598500000 1195.08466
OX637749.1 598500000 599000000 1194.59353
OX637749.1 599000000 599500000 1191.04598
OX637749.1 599500000 600000000 1188.80185
OX637749.1 600000000 600500000 1188.0
OX637749.1 600500000 601000000 1188.0
OX637749.1 601000000 601500000 1187.07784
OX637749.1 601500000 602000000 1187.0
OX637749.1 602000000 602500000 1187.0
OX637749.1 602500000 603000000 1186.28462
OX637749.1 603000000 603500000 1185.89863
OX637749.1 603500000 604000000 1183.91694
OX637749.1 604000000 604500000 1183.0
OX637749.1 604500000 605000000 1183.0
OX637749.1 605000000 605500000 1182.49402
OX637749.1 605500000 606000000 1181.58192
OX637749.1 606000000 606500000 1181.00295
OX637749.1 606500000 607000000 1181.0
OX637749.1 607000000 607500000 1180.75038
OX637749.1 607500000 608000000 1177.91766
OX637749.1 608000000 608500000 1177.00136
OX637749.1 608500000 609000000 1175.95676
OX637749.1 609000000 609500000 1173.05891
OX637749.1 609500000 610000000 1173.0
OX637749.1 610000000 610500000 1173.0
OX637749.1 610500000 611000000 1172.96726
OX637749.1 611000000 611500000 1170.25908
OX637749.1 611500000 612000000 1170.0
OX637749.1 612000000 612500000 1168.72575
OX637749.1 612500000 613000000 1166.68551
OX637749.1 613000000 613500000 1165.10505
OX637749.1 613500000 614000000 1164.74953
OX637749.1 614000000 614500000 1163.2187
OX637749.1 614500000 615000000 1160.51031
OX637749.1 615000000 615500000 1157.14992
OX637749.1 615500000 616000000 1153.388
OX637749.1 616000000 616500000 1151.46108
OX637749.1 616500000 617000000 1150.33058
OX637749.1 617000000 617500000 1149.28322
OX637749.1 617500000 618000000 1149.0
OX637749.1 618000000 618500000 1147.7766
OX637749.1 618500000 619000000 1143.14013
OX637749.1 619000000 619500000 1143.0
OX637749.1 619500000 620000000 1143.0
OX637749.1 620000000 620500000 1143.0
OX637749.1 620500000 621000000 1142.93803
OX637749.1 621000000 621500000 1142.0
OX637749.1 621500000 622000000 1141.60229
OX637749.1 622000000 622500000 1140.54447
OX637749.1 622500000 623000000 1138.99754
OX637749.1 623000000 623500000 1137.98593
OX637749.1 623500000 624000000 1137.66148
OX637749.1 624000000 624500000 1137.0
OX637749.1 624500000 625000000 1137.0
OX637749.1 625000000 625500000 1137.0
OX637749.1 625500000 626000000 1136.45099
OX637749.1 626000000 626500000 1134.04675
OX637749.1 626500000 627000000 1133.0
OX637749.1 627000000 627500000 1132.0685
OX637749.1 627500000 628000000 1130.57826
OX637749.1 628000000 628500000 1129.88181
OX637749.1 628500000 629000000 1128.33043
OX637749.1 629000000 629500000 1127.0
OX637749.1 629500000 630000000 1127.0
OX637749.1 630000000 630500000 1127.0
OX637749.1 630500000 631000000 1126.19591
OX637749.1 631000000 631500000 1123.67098
OX637749.1 631500000 632000000 1122.5348
OX637749.1 632000000 632500000 1121.41511
OX637749.1 632500000 633000000 1120.2059
OX637749.1 633000000 633500000 1118.90937
OX637749.1 633500000 634000000 1117.63643
OX637749.1 634000000 634500000 1116.60445
OX637749.1 634500000 635000000 1113.22271
OX637749.1 635000000 635500000 1110.94926
OX637749.1 635500000 636000000 1109.25567
OX637749.1 636000000 636500000 1109.0
OX637749.1 636500000 637000000 1109.0
OX637749.1 637000000 637500000 1108.01025
OX637749.1 637500000 638000000 1105.03957
OX637749.1 638000000 638500000 1104.93959
OX637749.1 638500000 639000000 1103.43752
OX637749.1 639000000 639500000 1102.0
OX637749.1 639500000 640000000 1102.0
OX637749.1 640000000 640500000 1098.87192
OX637749.1 640500000 641000000 1097.56895
OX637749.1 641000000 641500000 1095.59289
OX637749.1 641500000 642000000 1093.62887
OX637749.1 642000000 642500000 1092.80595
OX637749.1 642500000 643000000 1089.76128
OX637749.1 643000000 643500000 1088.5217
OX637749.1 643500000 644000000 1087.2151
OX637749.1 644000000 644500000 1086.36128
OX637749.1 644500000 645000000 1087.0
OX637749.1 645000000 645500000 1083.08209
OX637749.1 645500000 646000000 1079.78118
OX637749.1 646000000 646500000 1078.16962
OX637749.1 646500000 647000000 1077.3364
OX637749.1 647000000 647500000 1074.42229
OX637749.1 647500000 648000000 1073.02047
OX637749.1 648000000 648500000 1072.02914
OX637749.1 648500000 649000000 1071.0
OX637749.1 649000000 649500000 1070.24407
OX637749.1 649500000 650000000 1069.00294
OX637749.1 650000000 650500000 1066.57581
OX637749.1 650500000 651000000 1065.17085
OX637749.1 651000000 651500000 1062.37903
OX637749.1 651500000 652000000 1060.93742
OX637749.1 652000000 652500000 1057.12417
OX637749.1 652500000 653000000 1054.20044
OX637749.1 653000000 653500000 1052.57949
OX637749.1 653500000 654000000 1050.18006
OX637749.1 654000000 654500000 1048.29915
OX637749.1 654500000 655000000 1046.63325
OX637749.1 655000000 655500000 1043.97027
OX637749.1 655500000 656000000 1038.8233
OX637749.1 656000000 656500000 1036.0079
OX637749.1 656500000 657000000 1032.09737
OX637749.1 657000000 657500000 1029.46727
OX637749.1 657500000 658000000 1026.94467
OX637749.1 658000000 658500000 1024.54069
OX637749.1 658500000 659000000 1023.09826
OX637749.1 659000000 659500000 1021.69261
OX637749.1 659500000 660000000 1021.11718
OX637749.1 660000000 660500000 1021.0
OX637749.1 660500000 661000000 1020.01027
OX637749.1 661000000 661500000 1017.69232
OX637749.1 661500000 662000000 1014.32319
OX637749.1 662000000 662500000 1010.51299
OX637749.1 662500000 663000000 1009.74735
OX637749.1 663000000 663500000 1009.0
OX637749.1 663500000 664000000 1009.0
OX637749.1 664000000 664500000 1009.0
OX637749.1 664500000 665000000 1009.0
OX637749.1 665000000 665500000 1009.0
OX637749.1 665500000 666000000 1009.0
OX637749.1 666000000 666500000 1009.0
OX637749.1 666500000 667000000 1008.16541
OX637749.1 667000000 667500000 1005.41503
OX637749.1 667500000 668000000 1003.23688
OX637749.1 668000000 668500000 1001.0
OX637749.1 668500000 669000000 1000.68676
OX637749.1 669000000 669500000 1000.0
OX637749.1 669500000 670000000 998.96538
OX637749.1 670000000 670500000 997.15321
OX637749.1 670500000 671000000 994.976
OX637749.1 671000000 671500000 993.19345
OX637749.1 671500000 672000000 990.32433
OX637749.1 672000000 672500000 988.48298
OX637749.1 672500000 673000000 985.01068
OX637749.1 673000000 673500000 984.01631
OX637749.1 673500000 674000000 978.50722
OX637749.1 674000000 674500000 975.17086
OX637749.1 674500000 675000000 971.44912
OX637749.1 675000000 675500000 967.68894
OX637749.1 675500000 676000000 966.21161
OX637749.1 676000000 676500000 964.19908
OX637749.1 676500000 677000000 962.81431
OX637749.1 677000000 677500000 959.69933
OX637749.1 677500000 678000000 957.25138
OX637749.1 678000000 678500000 956.51681
OX637749.1 678500000 679000000 952.90202
OX637749.1 679000000 679500000 951.51076
OX637749.1 679500000 680000000 950.58154
OX637749.1 680000000 680500000 948.34959
OX637749.1 680500000 681000000 944.5772
OX637749.1 681000000 681500000 940.16404
OX637749.1 681500000 682000000 935.11231
OX637749.1 682000000 682500000 932.01252
OX637749.1 682500000 683000000 930.27966
OX637749.1 683000000 683500000 929.0
OX637749.1 683500000 684000000 929.00443
OX637749.1 684000000 684500000 927.50377
OX637749.1 684500000 685000000 921.04601
OX637749.1 685000000 685500000 917.78612
OX637749.1 685500000 686000000 914.35707
OX637749.1 686000000 686500000 909.5418
OX637749.1 686500000 687000000 908.0
OX637749.1 687000000 687500000 907.0625
OX637749.1 687500000 688000000 903.50804
OX637749.1 688000000 688500000 901.42882
OX637749.1 688500000 689000000 898.46704
OX637749.1 689000000 689500000 895.63151
OX637749.1 689500000 690000000 892.98514
OX637749.1 690000000 690500000 892.0
OX637749.1 690500000 691000000 888.87693
OX637749.1 691000000 691500000 883.0901
OX637749.1 691500000 692000000 880.37271
OX637749.1 692000000 692500000 874.20587
OX637749.1 692500000 693000000 870.23708
OX637749.1 693000000 693500000 862.9247
OX637749.1 693500000 694000000 856.3073
OX637749.1 694000000 694500000 852.91422
OX637749.1 694500000 695000000 849.26145
OX637749.1 695000000 695500000 846.12845
OX637749.1 695500000 696000000 835.97213
OX637749.1 696000000 696500000 829.05326
OX637749.1 696500000 697000000 824.82206
OX637749.1 697000000 697500000 818.72354
OX637749.1 697500000 698000000 811.75947
OX637749.1 698000000 698500000 810.0
OX637749.1 698500000 699000000 808.25013
OX637749.1 699000000 699500000 804.38263
OX637749.1 699500000 700000000 801.20074
OX637749.1 700000000 700500000 797.16321
OX637749.1 700500000 701000000 791.57386
OX637749.1 701000000 701500000 779.56716
OX637749.1 701500000 702000000 774.07639
OX637749.1 702000000 702500000 766.63752
OX637749.1 702500000 703000000 752.67742
OX637749.1 703000000 703500000 747.2605
OX637749.1 703500000 704000000 741.59486
OX637749.1 704000000 704500000 738.37614
OX637749.1 704500000 705000000 736.02227
OX637749.1 705000000 705500000 730.03721
OX637749.1 705500000 706000000 725.59852
OX637749.1 706000000 706500000 722.79404
OX637749.1 706500000 707000000 720.10182
OX637749.1 707000000 707500000 716.54911
OX637749.1 707500000 708000000 714.64262
OX637749.1 708000000 708500000 709.01971
OX637749.1 708500000 709000000 697.26076
OX637749.1 709000000 709500000 688.27234
OX637749.1 709500000 710000000 679.12032
OX637749.1 710000000 710500000 666.53362
OX637749.1 710500000 711000000 654.45292
OX637749.1 711000000 711500000 638.38384
OX637749.1 711500000 712000000 622.65454
OX637749.1 712000000 712500000 613.21283
OX637749.1 712500000 713000000 607.46533
OX637749.1 713000000 713500000 593.99014
OX637749.1 713500000 714000000 586.1171
OX637749.1 714000000 714500000 580.16871
OX637749.1 714500000 715000000 574.23155
OX637749.1 715000000 715500000 560.52877
OX637749.1 715500000 716000000 541.05225
OX637749.1 716000000 716500000 523.54106
OX637749.1 716500000 717000000 497.80465
OX637749.1 717000000 717500000 478.71263
OX637749.1 717500000 718000000 464.78581
OX637749.1 718000000 718500000 452.65709
OX637749.1 718500000 719000000 438.0409
OX637749.1 719000000 719500000 425.87295
OX637749.1 719500000 720000000 409.3435
OX637749.1 720000000 720500000 392.27783
OX637749.1 720500000 721000000 365.01079
OX637749.1 721000000 721500000 327.19135
OX637749.1 721500000 722000000 295.94847
OX637749.1 722000000 722500000 274.43893
OX637749.1 722500000 723000000 247.03412
OX637749.1 723000000 723500000 224.9613
OX637749.1 723500000 724000000 221.0
OX637749.1 724000000 724500000 221.0
OX637749.1 724500000 725000000 221.0
OX637749.1 725000000 725500000 221.0
OX637749.1 725500000 726000000 221.0
OX637749.1 726000000 726500000 216.60853
OX637749.1 726500000 727000000 189.70729
OX637749.1 727000000 727500000 154.1579
OX637749.1 727500000 728000000 111.4954
OX637749.1 728000000 728500000 59.44769
OX637749.1 728500000 729000000 5.68288
OX637749.1 729000000 729500000 1.0
OX637749.1 729500000 730000000 1.0
OX637749.1 730000000 730500000 1.0
OX637749.1 730500000 731000000 0.43094
OX637749.1 731000000 731176521 0.0
OX637756.1 0 500000 1.97575
OX637756.1 500000 1000000 2.0
OX637756.1 1000000 1500000 2.0
OX637756.1 1500000 2000000 5.03513
OX637756.1 2000000 2500000 46.48244
OX637756.1 2500000 3000000 88.04068
OX637756.1 3000000 3500000 124.48515
OX637756.1 3500000 4000000 165.97704
OX637756.1 4000000 4500000 212.95953
OX637756.1 4500000 5000000 234.36365
OX637756.1 5000000 5500000 246.18925
OX637756.1 5500000 6000000 287.56421
OX637756.1 6000000 6500000 313.8254
OX637756.1 6500000 7000000 349.33382
OX637756.1 7000000 7500000 380.40137
OX637756.1 7500000 8000000 397.81359
OX637756.1 8000000 8500000 426.31149
OX637756.1 8500000 9000000 442.63724
OX637756.1 9000000 9500000 465.38654
OX637756.1 9500000 10000000 476.02898
OX637756.1 10000000 10500000 485.76584
OX637756.1 10500000 11000000 512.22467
OX637756.1 11000000 11500000 527.61965
OX637756.1 11500000 12000000 548.51548
OX637756.1 12000000 12500000 560.91317
OX637756.1 12500000 13000000 575.24747
OX637756.1 13000000 13500000 585.15303
OX637756.1 13500000 14000000 605.26329
OX637756.1 14000000 14500000 621.25367
OX637756.1 14500000 15000000 636.85181
OX637756.1 15000000 15500000 645.28188
OX637756.1 15500000 16000000 658.48165
OX637756.1 16000000 16500000 675.28286
OX637756.1 16500000 17000000 686.67455
OX637756.1 17000000 17500000 691.34969
OX637756.1 17500000 18000000 707.72453
OX637756.1 18000000 18500000 718.34243
OX637756.1 18500000 19000000 725.07735
OX637756.1 19000000 19500000 732.13976
OX637756.1 19500000 20000000 740.09752
OX637756.1 20000000 20500000 755.74008
OX637756.1 20500000 21000000 775.3984
OX637756.1 21000000 21500000 786.27346
OX637756.1 21500000 22000000 798.92264
OX637756.1 22000000 22500000 807.33159
OX637756.1 22500000 23000000 811.73088
OX637756.1 23000000 23500000 818.84288
OX637756.1 23500000 24000000 825.83012
OX637756.1 24000000 24500000 832.68544
OX637756.1 24500000 25000000 835.08027
OX637756.1 25000000 25500000 841.81818
OX637756.1 25500000 26000000 845.64484
OX637756.1 26000000 26500000 848.06335
OX637756.1 26500000 27000000 849.79772
OX637756.1 27000000 27500000 850.92596
OX637756.1 27500000 28000000 854.86303
OX637756.1 28000000 28500000 858.99093
OX637756.1 28500000 29000000 862.81977
OX637756.1 29000000 29500000 867.25928
OX637756.1 29500000 30000000 869.77219
OX637756.1 30000000 30500000 871.94478
OX637756.1 30500000 31000000 875.46424
OX637756.1 31000000 31500000 878.80355
OX637756.1 31500000 32000000 882.45204
OX637756.1 32000000 32500000 884.28864
OX637756.1 32500000 33000000 886.94485
OX637756.1 33000000 33500000 892.65974
OX637756.1 33500000 34000000 898.05063
OX637756.1 34000000 34500000 900.76147
OX637756.1 34500000 35000000 901.14218
OX637756.1 35000000 35500000 902.95729
OX637756.1 35500000 36000000 905.34514
OX637756.1 36000000 36500000 906.73694
OX637756.1 36500000 37000000 909.65645
OX637756.1 37000000 37500000 914.00506
OX637756.1 37500000 38000000 917.83104
OX637756.1 38000000 38500000 918.94393
OX637756.1 38500000 39000000 923.15316
OX637756.1 39000000 39500000 925.68937
OX637756.1 39500000 40000000 928.09137
OX637756.1 40000000 40500000 931.67378
OX637756.1 40500000 41000000 932.02413
OX637756.1 41000000 41500000 934.85473
OX637756.1 41500000 42000000 937.58089
OX637756.1 42000000 42500000 941.30784
OX637756.1 42500000 43000000 942.40779
OX637756.1 43000000 43500000 946.64962
OX637756.1 43500000 44000000 948.7411
OX637756.1 44000000 44500000 950.0
OX637756.1 44500000 45000000 950.60625
OX637756.1 45000000 45500000 956.91212
OX637756.1 45500000 46000000 962.07668
OX637756.1 46000000 46500000 966.24432
OX637756.1 46500000 47000000 970.43633
OX637756.1 47000000 47500000 971.53434
OX637756.1 47500000 48000000 977.90958
OX637756.1 48000000 48500000 981.11925
OX637756.1 48500000 49000000 982.12617
OX637756.1 49000000 49500000 986.48636
OX637756.1 49500000 50000000 990.72636
OX637756.1 50000000 50500000 994.77859
OX637756.1 50500000 51000000 995.38645
OX637756.1 51000000 51500000 998.20995
OX637756.1 51500000 52000000 999.33623
OX637756.1 52000000 52500000 1004.53085
OX637756.1 52500000 53000000 1007.0
OX637756.1 53000000 53500000 1007.0
OX637756.1 53500000 54000000 1007.0
OX637756.1 54000000 54500000 1007.0
OX637756.1 54500000 55000000 1007.57807
OX637756.1 55000000 55500000 1010.61064
OX637756.1 55500000 56000000 1013.71178
OX637756.1 56000000 56500000 1017.97465
OX637756.1 56500000 57000000 1019.90742
OX637756.1 57000000 57500000 1021.40399
OX637756.1 57500000 58000000 1023.01983
OX637756.1 58000000 58500000 1024.00307
OX637756.1 58500000 59000000 1024.0
OX637756.1 59000000 59500000 1024.7393
OX637756.1 59500000 60000000 1028.96372
OX637756.1 60000000 60500000 1031.42884
OX637756.1 60500000 61000000 1036.22349
OX637756.1 61000000 61500000 1042.44817
OX637756.1 61500000 62000000 1045.0
OX637756.1 62000000 62500000 1046.73952
OX637756.1 62500000 63000000 1048.38571
OX637756.1 63000000 63500000 1049.66557
OX637756.1 63500000 64000000 1051.0
OX637756.1 64000000 64500000 1052.76321
OX637756.1 64500000 65000000 1055.62229
OX637756.1 65000000 65500000 1058.82666
OX637756.1 65500000 66000000 1059.32727
OX637756.1 66000000 66500000 1060.74325
OX637756.1 66500000 67000000 1061.83926
OX637756.1 67000000 67500000 1062.74958
OX637756.1 67500000 68000000 1065.89156
OX637756.1 68000000 68500000 1069.04791
OX637756.1 68500000 69000000 1070.99427
OX637756.1 69000000 69500000 1071.44035
OX637756.1 69500000 70000000 1074.51229
OX637756.1 70000000 70500000 1075.0
OX637756.1 70500000 71000000 1075.00299
OX637756.1 71000000 71500000 1075.8063
OX637756.1 71500000 72000000 1077.0
OX637756.1 72000000 72500000 1077.54983
OX637756.1 72500000 73000000 1080.0
OX637756.1 73000000 73500000 1080.58777
OX637756.1 73500000 74000000 1081.76886
OX637756.1 74000000 74500000 1082.0
OX637756.1 74500000 75000000 1082.90838
OX637756.1 75000000 75500000 1084.54265
OX637756.1 75500000 76000000 1085.00204
OX637756.1 76000000 76500000 1087.92198
OX637756.1 76500000 77000000 1089.0
OX637756.1 77000000 77500000 1089.28118
OX637756.1 77500000 78000000 1090.00089
OX637756.1 78000000 78500000 1091.5253
OX637756.1 78500000 79000000 1094.0
OX637756.1 79000000 79500000 1094.33923
OX637756.1 79500000 80000000 1095.0
OX637756.1 80000000 80500000 1095.0
OX637756.1 80500000 81000000 1095.29363
OX637756.1 81000000 81500000 1096.87083
OX637756.1 81500000 82000000 1098.0
OX637756.1 82000000 82500000 1098.71639
OX637756.1 82500000 83000000 1100.65708
OX637756.1 83000000 83500000 1103.24679
OX637756.1 83500000 84000000 1104.0
OX637756.1 84000000 84500000 1106.96649
OX637756.1 84500000 85000000 1109.11342
OX637756.1 85000000 85500000 1110.0
OX637756.1 85500000 86000000 1110.06743
OX637756.1 86000000 86500000 1111.91765
OX637756.1 86500000 87000000 1112.95675
OX637756.1 87000000 87500000 1114.08508
OX637756.1 87500000 88000000 1116.34287
OX637756.1 88000000 88500000 1117.8575
OX637756.1 88500000 89000000 1120.4892
OX637756.1 89000000 89500000 1122.32903
OX637756.1 89500000 90000000 1123.8732
OX637756.1 90000000 90500000 1124.28126
OX637756.1 90500000 91000000 1125.0
OX637756.1 91000000 91500000 1126.58384
OX637756.1 91500000 92000000 1128.10717
OX637756.1 92000000 92500000 1129.0
OX637756.1 92500000 93000000 1130.4498
OX637756.1 93000000 93500000 1131.92323
OX637756.1 93500000 94000000 1132.17785
OX637756.1 94000000 94500000 1134.00784
OX637756.1 94500000 95000000 1134.5221
OX637756.1 95000000 95500000 1135.0
OX637756.1 95500000 96000000 1135.0
OX637756.1 96000000 96500000 1135.39337
OX637756.1 96500000 97000000 1136.47703
OX637756.1 97000000 97500000 1137.06474
OX637756.1 97500000 98000000 1138.53224
OX637756.1 98000000 98500000 1140.29904
OX637756.1 98500000 99000000 1142.61332
OX637756.1 99000000 99500000 1144.62463
OX637756.1 99500000 100000000 1145.0
OX637756.1 100000000 100500000 1145.0
OX637756.1 100500000 101000000 1146.14054
OX637756.1 101000000 101500000 1147.0
OX637756.1 101500000 102000000 1147.50221
OX637756.1 102000000 102500000 1150.78181
OX637756.1 102500000 103000000 1151.80242
OX637756.1 103000000 103500000 1152.92928
OX637756.1 103500000 104000000 1153.57288
OX637756.1 104000000 104500000 1154.0
OX637756.1 104500000 105000000 1154.0
OX637756.1 105000000 105500000 1153.79217
OX637756.1 105500000 106000000 1154.0
OX637756.1 106000000 106500000 1154.0
OX637756.1 106500000 107000000 1154.55068
OX637756.1 107000000 107500000 1156.64468
OX637756.1 107500000 108000000 1159.24078
OX637756.1 108000000 108500000 1160.0
OX637756.1 108500000 109000000 1160.0
OX637756.1 109000000 109500000 1162.23698
OX637756.1 109500000 110000000 1165.36674
OX637756.1 110000000 110500000 1166.0
OX637756.1 110500000 111000000 1167.64053
OX637756.1 111000000 111500000 1169.0
OX637756.1 111500000 112000000 1169.0
OX637756.1 112000000 112500000 1169.85447
OX637756.1 112500000 113000000 1170.0
OX637756.1 113000000 113500000 1170.0
OX637756.1 113500000 114000000 1170.94952
OX637756.1 114000000 114500000 1171.0
OX637756.1 114500000 115000000 1171.0
OX637756.1 115000000 115500000 1171.0
OX637756.1 115500000 116000000 1171.7478
OX637756.1 116000000 116500000 1173.0
OX637756.1 116500000 117000000 1173.0
OX637756.1 117000000 117500000 1173.0
OX637756.1 117500000 118000000 1173.0
OX637756.1 118000000 118500000 1173.0
OX637756.1 118500000 119000000 1173.43273
OX637756.1 119000000 119500000 1174.0
OX637756.1 119500000 120000000 1174.0
OX637756.1 120000000 120500000 1174.0
OX637756.1 120500000 121000000 1174.0
OX637756.1 121000000 121500000 1174.14491
OX637756.1 121500000 122000000 1178.80747
OX637756.1 122000000 122500000 1180.0
OX637756.1 122500000 123000000 1180.8857
OX637756.1 123000000 123500000 1183.61057
OX637756.1 123500000 124000000 1184.53223
OX637756.1 124000000 124500000 1185.0
OX637756.1 124500000 125000000 1185.0
OX637756.1 125000000 125500000 1185.97631
OX637756.1 125500000 126000000 1186.5295
OX637756.1 126000000 126500000 1188.11285
OX637756.1 126500000 127000000 1189.0
OX637756.1 127000000 127500000 1189.46974
OX637756.1 127500000 128000000 1190.0
OX637756.1 128000000 128500000 1190.0
OX637756.1 128500000 129000000 1190.0
OX637756.1 129000000 129500000 1190.0
OX637756.1 129500000 130000000 1190.43324
OX637756.1 130000000 130500000 1191.0
OX637756.1 130500000 131000000 1191.0
OX637756.1 131000000 131500000 1191.83261
OX637756.1 131500000 132000000 1192.956
OX637756.1 132000000 132500000 1193.1667
OX637756.1 132500000 133000000 1194.01324
OX637756.1 133000000 133500000 1194.96836
OX637756.1 133500000 134000000 1195.0
OX637756.1 134000000 134500000 1195.0
OX637756.1 134500000 135000000 1195.46164
OX637756.1 135000000 135500000 1197.09557
OX637756.1 135500000 136000000 1198.78279
OX637756.1 136000000 136500000 1199.0
OX637756.1 136500000 137000000 1199.00539
OX637756.1 137000000 137500000 1199.0
OX637756.1 137500000 138000000 1200.22154
OX637756.1 138000000 138500000 1201.61748
OX637756.1 138500000 139000000 1201.93032
OX637756.1 139000000 139500000 1202.26308
OX637756.1 139500000 140000000 1203.3298
OX637756.1 140000000 140500000 1206.00411
OX637756.1 140500000 141000000 1207.0
OX637756.1 141000000 141500000 1207.0
OX637756.1 141500000 142000000 1207.0
OX637756.1 142000000 142500000 1207.0
OX637756.1 142500000 143000000 1207.0
OX637756.1 143000000 143500000 1207.47225
OX637756.1 143500000 144000000 1208.0
OX637756.1 144000000 144500000 1208.0
OX637756.1 144500000 145000000 1208.0
OX637756.1 145000000 145500000 1208.38717
OX637756.1 145500000 146000000 1211.43847
OX637756.1 146000000 146500000 1212.53764
OX637756.1 146500000 147000000 1213.0
OX637756.1 147000000 147500000 1213.77654
OX637756.1 147500000 148000000 1215.0
OX637756.1 148000000 148500000 1216.62457
OX637756.1 148500000 149000000 1218.00716
OX637756.1 149000000 149500000 1218.00142
OX637756.1 149500000 150000000 1219.03842
OX637756.1 150000000 150500000 1225.74291
OX637756.1 150500000 151000000 1227.54095
OX637756.1 151000000 151500000 1230.32008
OX637756.1 151500000 152000000 1233.28286
OX637756.1 152000000 152500000 1237.91551
OX637756.1 152500000 153000000 1239.38118
OX637756.1 153000000 153500000 1242.07136
OX637756.1 153500000 154000000 1245.46861
OX637756.1 154000000 154500000 1249.02257
OX637756.1 154500000 155000000 1253.18363
OX637756.1 155000000 155500000 1255.42544
OX637756.1 155500000 156000000 1256.14086
OX637756.1 156000000 156500000 1257.44424
OX637756.1 156500000 157000000 1259.0
OX637756.1 157000000 157500000 1261.21291
OX637756.1 157500000 158000000 1264.73867
OX637756.1 158000000 158500000 1266.41788
OX637756.1 158500000 159000000 1269.84048
OX637756.1 159000000 159500000 1271.15672
OX637756.1 159500000 160000000 1272.0
OX637756.1 160000000 160500000 1273.3662
OX637756.1 160500000 161000000 1274.5807
OX637756.1 161000000 161500000 1276.15014
OX637756.1 161500000 162000000 1282.24533
OX637756.1 162000000 162500000 1284.68562
OX637756.1 162500000 163000000 1285.2738
OX637756.1 163000000 163500000 1287.05061
OX637756.1 163500000 164000000 1289.77332
OX637756.1 164000000 164500000 1291.93561
OX637756.1 164500000 165000000 1292.0
OX637756.1 165000000 165500000 1292.39769
OX637756.1 165500000 166000000 1293.0
OX637756.1 166000000 166500000 1293.43565
OX637756.1 166500000 167000000 1297.07046
OX637756.1 167000000 167500000 1302.38662
OX637756.1 167500000 168000000 1304.59958
OX637756.1 168000000 168500000 1308.47421
OX637756.1 168500000 169000000 1310.01134
OX637756.1 169000000 169500000 1313.25939
OX637756.1 169500000 170000000 1314.26209
OX637756.1 170000000 170500000 1314.70877
OX637756.1 170500000 171000000 1316.36226
OX637756.1 171000000 171500000 1321.08923
OX637756.1 171500000 172000000 1322.82085
OX637756.1 172000000 172500000 1324.0
OX637756.1 172500000 173000000 1324.0
OX637756.1 173000000 173500000 1324.0
OX637756.1 173500000 174000000 1324.0
OX637756.1 174000000 174500000 1324.67492
OX637756.1 174500000 175000000 1325.24783
OX637756.1 175000000 175500000 1327.24078
OX637756.1 175500000 176000000 1329.92169
OX637756.1 176000000 176500000 1335.01649
OX637756.1 176500000 177000000 1339.54005
OX637756.1 177000000 177500000 1340.2701
OX637756.1 177500000 178000000 1338.6169
OX637756.1 178000000 178500000 1339.7376
OX637756.1 178500000 179000000 1340.89512
OX637756.1 179000000 179500000 1340.1545
OX637756.1 179500000 180000000 1340.0
OX637756.1 180000000 180500000 1340.09605
OX637756.1 180500000 181000000 1341.98454
OX637756.1 181000000 181500000 1343.88612
OX637756.1 181500000 182000000 1344.0
OX637756.1 182000000 182500000 1344.23329
OX637756.1 182500000 183000000 1346.61171
OX637756.1 183000000 183500000 1347.25474
OX637756.1 183500000 184000000 1349.0
OX637756.1 184000000 184500000 1349.0
OX637756.1 184500000 185000000 1349.0
OX637756.1 185000000 185500000 1349.47896
OX637756.1 185500000 186000000 1350.00209
OX637756.1 186000000 186500000 1350.24694
OX637756.1 186500000 187000000 1352.0097
OX637756.1 187000000 187500000 1352.98282
OX637756.1 187500000 188000000 1356.11417
OX637756.1 188000000 188500000 1357.0
OX637756.1 188500000 189000000 1357.34962
OX637756.1 189000000 189500000 1359.71688
OX637756.1 189500000 190000000 1362.00411
OX637756.1 190000000 190500000 1362.0262
OX637756.1 190500000 191000000 1362.60678
OX637756.1 191000000 191500000 1363.80931
OX637756.1 191500000 192000000 1364.97813
OX637756.1 192000000 192500000 1366.40436
OX637756.1 192500000 193000000 1369.28557
OX637756.1 193000000 193500000 1371.0
OX637756.1 193500000 194000000 1371.0132
OX637756.1 194000000 194500000 1371.93963
OX637756.1 194500000 195000000 1374.60117
OX637756.1 195000000 195500000 1378.74215
OX637756.1 195500000 196000000 1381.67895
OX637756.1 196000000 196500000 1382.59656
OX637756.1 196500000 197000000 1383.99114
OX637756.1 197000000 197500000 1388.10869
OX637756.1 197500000 198000000 1389.0
OX637756.1 198000000 198500000 1389.01769
OX637756.1 198500000 199000000 1390.68323
OX637756.1 199000000 199500000 1392.12106
OX637756.1 199500000 200000000 1394.0
OX637756.1 200000000 200500000 1393.27276
OX637756.1 200500000 201000000 1394.87098
OX637756.1 201000000 201500000 1395.00288
OX637756.1 201500000 202000000 1395.0
OX637756.1 202000000 202500000 1396.12091
OX637756.1 202500000 203000000 1397.0
OX637756.1 203000000 203500000 1397.8908
OX637756.1 203500000 204000000 1399.37681
OX637756.1 204000000 204500000 1400.36711
OX637756.1 204500000 205000000 1402.96054
OX637756.1 205000000 205500000 1405.2958
OX637756.1 205500000 206000000 1406.00183
OX637756.1 206000000 206500000 1407.06389
OX637756.1 206500000 207000000 1408.18974
OX637756.1 207000000 207500000 1411.23465
OX637756.1 207500000 208000000 1413.0
OX637756.1 208000000 208500000 1413.00277
OX637756.1 208500000 209000000 1415.32876
OX637756.1 209000000 209500000 1420.35631
OX637756.1 209500000 210000000 1424.0
OX637756.1 210000000 210500000 1424.4
OX637756.1 210500000 211000000 1425.0
OX637756.1 211000000 211500000 1425.0
OX637756.1 211500000 212000000 1425.00591
OX637756.1 212000000 212500000 1425.0
OX637756.1 212500000 213000000 1425.20521
OX637756.1 213000000 213500000 1427.08746
OX637756.1 213500000 214000000 1428.0
OX637756.1 214000000 214500000 1428.95867
OX637756.1 214500000 215000000 1430.17272
OX637756.1 215000000 215500000 1431.99756
OX637756.1 215500000 216000000 1432.82024
OX637756.1 216000000 216500000 1435.0
OX637756.1 216500000 217000000 1435.75364
OX637756.1 217000000 217500000 1436.94598
OX637756.1 217500000 218000000 1438.27878
OX637756.1 218000000 218500000 1439.9096
OX637756.1 218500000 219000000 1440.00179
OX637756.1 219000000 219500000 1440.6315
OX637756.1 219500000 220000000 1444.32788
OX637756.1 220000000 220500000 1444.26501
OX637756.1 220500000 221000000 1445.23045
OX637756.1 221000000 221500000 1447.07583
OX637756.1 221500000 222000000 1448.0
OX637756.1 222000000 222500000 1448.20738
OX637756.1 222500000 223000000 1449.8211
OX637756.1 223000000 223500000 1450.0
OX637756.1 223500000 224000000 1450.52467
OX637756.1 224000000 224500000 1451.95226
OX637756.1 224500000 225000000 1452.48636
OX637756.1 225000000 225500000 1456.82946
OX637756.1 225500000 226000000 1457.0
OX637756.1 226000000 226500000 1457.07971
OX637756.1 226500000 227000000 1458.53009
OX637756.1 227000000 227500000 1460.93487
OX637756.1 227500000 228000000 1460.03972
OX637756.1 228000000 228500000 1460.00755
OX637756.1 228500000 229000000 1461.2825
OX637756.1 229000000 229500000 1462.29825
OX637756.1 229500000 230000000 1464.06335
OX637756.1 230000000 230500000 1465.82255
OX637756.1 230500000 231000000 1467.04572
OX637756.1 231000000 231500000 1468.10331
OX637756.1 231500000 232000000 1471.58125
OX637756.1 232000000 232500000 1473.94829
OX637756.1 232500000 233000000 1475.0
OX637756.1 233000000 233500000 1475.76234
OX637756.1 233500000 234000000 1477.61422
OX637756.1 234000000 234500000 1479.00957
OX637756.1 234500000 235000000 1480.0289
OX637756.1 235000000 235500000 1482.18366
OX637756.1 235500000 236000000 1483.0032
OX637756.1 236000000 236500000 1484.32137
OX637756.1 236500000 237000000 1486.25189
OX637756.1 237000000 237500000 1490.01048
OX637756.1 237500000 238000000 1490.0029
OX637756.1 238000000 238500000 1489.00343
OX637756.1 238500000 239000000 1489.00531
OX637756.1 239000000 239500000 1489.0
OX637756.1 239500000 240000000 1490.40167
OX637756.1 240000000 240500000 1489.92693
OX637756.1 240500000 241000000 1489.96028
OX637756.1 241000000 241500000 1489.69385
OX637756.1 241500000 242000000 1490.17087
OX637756.1 242000000 242500000 1491.39503
OX637756.1 242500000 243000000 1492.04418
OX637756.1 243000000 243500000 1493.94572
OX637756.1 243500000 244000000 1495.32553
OX637756.1 244000000 244500000 1496.00269
OX637756.1 244500000 245000000 1496.00536
OX637756.1 245000000 245500000 1496.40943
OX637756.1 245500000 246000000 1496.05236
OX637756.1 246000000 246500000 1496.66862
OX637756.1 246500000 247000000 1498.30639
OX637756.1 247000000 247500000 1499.79809
OX637756.1 247500000 248000000 1500.1549
OX637756.1 248000000 248500000 1501.43827
OX637756.1 248500000 249000000 1501.24889
OX637756.1 249000000 249500000 1501.04914
OX637756.1 249500000 250000000 1502.02259
OX637756.1 250000000 250500000 1505.46531
OX637756.1 250500000 251000000 1505.60432
OX637756.1 251000000 251500000 1505.0078
OX637756.1 251500000 252000000 1504.50843
OX637756.1 252000000 252500000 1505.0
OX637756.1 252500000 253000000 1504.72313
OX637756.1 253000000 253500000 1506.66893
OX637756.1 253500000 254000000 1507.0
OX637756.1 254000000 254500000 1507.0
OX637756.1 254500000 255000000 1507.87746
OX637756.1 255000000 255500000 1508.47814
OX637756.1 255500000 256000000 1509.20711
OX637756.1 256000000 256500000 1510.31235
OX637756.1 256500000 257000000 1511.39296
OX637756.1 257000000 257500000 1511.41905
OX637756.1 257500000 258000000 1512.97249
OX637756.1 258000000 258500000 1513.6942
OX637756.1 258500000 259000000 1515.16172
OX637756.1 259000000 259500000 1516.0
OX637756.1 259500000 260000000 1516.0
OX637756.1 260000000 260500000 1516.00172
OX637756.1 260500000 261000000 1516.87247
OX637756.1 261000000 261500000 1517.00993
OX637756.1 261500000 262000000 1517.00895
OX637756.1 262000000 262500000 1518.37814
OX637756.1 262500000 263000000 1518.77764
OX637756.1 263000000 263500000 1519.30289
OX637756.1 263500000 264000000 1517.84564
OX637756.1 264000000 264500000 1515.93947
OX637756.1 264500000 265000000 1516.00749
OX637756.1 265000000 265500000 1516.0
OX637756.1 265500000 266000000 1516.18207
OX637756.1 266000000 266500000 1517.96623
OX637756.1 266500000 267000000 1519.79445
OX637756.1 267000000 267500000 1520.00216
OX637756.1 267500000 268000000 1520.0082
OX637756.1 268000000 268500000 1520.0
OX637756.1 268500000 269000000 1520.20721
OX637756.1 269000000 269500000 1519.91137
OX637756.1 269500000 270000000 1520.11415
OX637756.1 270000000 270500000 1521.67501
OX637756.1 270500000 271000000 1522.0
OX637756.1 271000000 271500000 1523.34537
OX637756.1 271500000 272000000 1524.0
OX637756.1 272000000 272500000 1524.00473
OX637756.1 272500000 273000000 1524.63268
OX637756.1 273000000 273500000 1524.78766
OX637756.1 273500000 274000000 1524.00649
OX637756.1 274000000 274500000 1523.78434
OX637756.1 274500000 275000000 1523.36209
OX637756.1 275000000 275500000 1523.0053
OX637756.1 275500000 276000000 1523.01064
OX637756.1 276000000 276500000 1522.55983
OX637756.1 276500000 277000000 1520.95475
OX637756.1 277000000 277500000 1519.20004
OX637756.1 277500000 278000000 1519.00935
OX637756.1 278000000 278500000 1518.42718
OX637756.1 278500000 279000000 1518.0
OX637756.1 279000000 279500000 1517.34213
OX637756.1 279500000 280000000 1517.61702
OX637756.1 280000000 280500000 1518.42281
OX637756.1 280500000 281000000 1517.9264
OX637756.1 281000000 281500000 1517.32572
OX637756.1 281500000 282000000 1516.99227
OX637756.1 282000000 282500000 1515.11161
OX637756.1 282500000 283000000 1514.0
OX637756.1 283000000 283500000 1513.19459
OX637756.1 283500000 284000000 1511.68019
OX637756.1 284000000 284500000 1511.0
OX637756.1 284500000 285000000 1512.75684
OX637756.1 285000000 285500000 1514.0
OX637756.1 285500000 286000000 1512.49466
OX637756.1 286000000 286500000 1512.00182
OX637756.1 286500000 287000000 1512.2393
OX637756.1 287000000 287500000 1512.45951
OX637756.1 287500000 288000000 1511.44529
OX637756.1 288000000 288500000 1509.60629
OX637756.1 288500000 289000000 1507.7067
OX637756.1 289000000 289500000 1506.08596
OX637756.1 289500000 290000000 1505.41851
OX637756.1 290000000 290500000 1504.19561
OX637756.1 290500000 291000000 1504.67635
OX637756.1 291000000 291500000 1504.10602
OX637756.1 291500000 292000000 1504.04579
OX637756.1 292000000 292500000 1503.8825
OX637756.1 292500000 293000000 1502.15109
OX637756.1 293000000 293500000 1502.03634
OX637756.1 293500000 294000000 1502.35597
OX637756.1 294000000 294500000 1503.0
OX637756.1 294500000 295000000 1502.81822
OX637756.1 295000000 295500000 1501.18262
OX637756.1 295500000 296000000 1500.77144
OX637756.1 296000000 296500000 1499.27581
OX637756.1 296500000 297000000 1499.70958
OX637756.1 297000000 297500000 1500.24117
OX637756.1 297500000 298000000 1499.16253
OX637756.1 298000000 298500000 1498.16372
OX637756.1 298500000 299000000 1498.35548
OX637756.1 299000000 299500000 1496.89115
OX637756.1 299500000 300000000 1495.30087
OX637756.1 300000000 300500000 1495.0
OX637756.1 300500000 301000000 1495.0
OX637756.1 301000000 301500000 1495.0
OX637756.1 301500000 302000000 1495.00889
OX637756.1 302000000 302500000 1495.92335
OX637756.1 302500000 303000000 1498.46694
OX637756.1 303000000 303500000 1499.8092
OX637756.1 303500000 304000000 1499.32138
OX637756.1 304000000 304500000 1500.0
OX637756.1 304500000 305000000 1499.52268
OX637756.1 305000000 305500000 1498.43289
OX637756.1 305500000 306000000 1497.48968
OX637756.1 306000000 306500000 1495.96727
OX637756.1 306500000 307000000 1490.62539
OX637756.1 307000000 307500000 1489.69824
OX637756.1 307500000 308000000 1488.69031
OX637756.1 308000000 308500000 1488.0
OX637756.1 308500000 309000000 1486.43698
OX637756.1 309000000 309500000 1485.00186
OX637756.1 309500000 310000000 1485.67645
OX637756.1 310000000 310500000 1485.01322
OX637756.1 310500000 311000000 1485.16512
OX637756.1 311000000 311500000 1484.47451
OX637756.1 311500000 312000000 1481.58143
OX637756.1 312000000 312500000 1480.15619
OX637756.1 312500000 313000000 1480.0088
OX637756.1 313000000 313500000 1479.96043
OX637756.1 313500000 314000000 1478.08033
OX637756.1 314000000 314500000 1477.0
OX637756.1 314500000 315000000 1476.4665
OX637756.1 315000000 315500000 1475.21384
OX637756.1 315500000 316000000 1474.1734
OX637756.1 316000000 316500000 1471.86047
OX637756.1 316500000 317000000 1471.08893
OX637756.1 317000000 317500000 1469.42622
OX637756.1 317500000 318000000 1469.00296
OX637756.1 318000000 318500000 1469.00396
OX637756.1 318500000 319000000 1468.52964
OX637756.1 319000000 319500000 1466.14445
OX637756.1 319500000 320000000 1465.58992
OX637756.1 320000000 320500000 1466.33658
OX637756.1 320500000 321000000 1463.36653
OX637756.1 321000000 321500000 1463.41044
OX637756.1 321500000 322000000 1463.22983
OX637756.1 322000000 322500000 1463.14075
OX637756.1 322500000 323000000 1463.23699
OX637756.1 323000000 323500000 1463.00187
OX637756.1 323500000 324000000 1462.96577
OX637756.1 324000000 324500000 1463.14605
OX637756.1 324500000 325000000 1461.54212
OX637756.1 325000000 325500000 1461.35748
OX637756.1 325500000 326000000 1461.49835
OX637756.1 326000000 326500000 1460.00649
OX637756.1 326500000 327000000 1459.62516
OX637756.1 327000000 327500000 1459.0
OX637756.1 327500000 328000000 1457.89227
OX637756.1 328000000 328500000 1455.74372
OX637756.1 328500000 329000000 1452.11476
OX637756.1 329000000 329500000 1451.71461
OX637756.1 329500000 330000000 1452.0
OX637756.1 330000000 330500000 1451.11617
OX637756.1 330500000 331000000 1451.0
OX637756.1 331000000 331500000 1451.27397
OX637756.1 331500000 332000000 1449.6237
OX637756.1 332000000 332500000 1449.15462
OX637756.1 332500000 333000000 1445.86153
OX637756.1 333000000 333500000 1443.47053
OX637756.1 333500000 334000000 1442.14244
OX637756.1 334000000 334500000 1443.76845
OX637756.1 334500000 335000000 1439.29615
OX637756.1 335000000 335500000 1433.04678
OX637756.1 335500000 336000000 1430.59034
OX637756.1 336000000 336500000 1427.06385
OX637756.1 336500000 337000000 1425.23914
OX637756.1 337000000 337500000 1421.31831
OX637756.1 337500000 338000000 1418.43287
OX637756.1 338000000 338500000 1414.34135
OX637756.1 338500000 339000000 1415.16346
OX637756.1 339000000 339500000 1413.82769
OX637756.1 339500000 340000000 1411.42861
OX637756.1 340000000 340500000 1406.6651
OX637756.1 340500000 341000000 1402.41886
OX637756.1 341000000 341500000 1402.0
OX637756.1 341500000 342000000 1400.8911
OX637756.1 342000000 342500000 1400.01577
OX637756.1 342500000 343000000 1399.00344
OX637756.1 343000000 343500000 1395.59046
OX637756.1 343500000 344000000 1392.0774
OX637756.1 344000000 344500000 1388.23636
OX637756.1 344500000 345000000 1385.02046
OX637756.1 345000000 345500000 1382.60809
OX637756.1 345500000 346000000 1379.43417
OX637756.1 346000000 346500000 1376.18541
OX637756.1 346500000 347000000 1374.34722
OX637756.1 347000000 347500000 1374.26636
OX637756.1 347500000 348000000 1374.44044
OX637756.1 348000000 348500000 1372.5585
OX637756.1 348500000 349000000 1370.90278
OX637756.1 349000000 349500000 1370.00319
OX637756.1 349500000 350000000 1366.56746
OX637756.1 350000000 350500000 1363.55319
OX637756.1 350500000 351000000 1360.9489
OX637756.1 351000000 351500000 1355.5814
OX637756.1 351500000 352000000 1350.54584
OX637756.1 352000000 352500000 1347.12477
OX637756.1 352500000 353000000 1340.31484
OX637756.1 353000000 353500000 1336.555
OX637756.1 353500000 354000000 1332.02283
OX637756.1 354000000 354500000 1326.43029
OX637756.1 354500000 355000000 1322.37314
OX637756.1 355000000 355500000 1318.97929
OX637756.1 355500000 356000000 1313.61023
OX637756.1 356000000 356500000 1307.217
OX637756.1 356500000 357000000 1300.7874
OX637756.1 357000000 357500000 1297.44568
OX637756.1 357500000 358000000 1292.59542
OX637756.1 358000000 358500000 1289.47976
OX637756.1 358500000 359000000 1285.80732
OX637756.1 359000000 359500000 1284.24048
OX637756.1 359500000 360000000 1282.16945
OX637756.1 360000000 360500000 1281.02616
OX637756.1 360500000 361000000 1279.17995
OX637756.1 361000000 361500000 1277.17766
OX637756.1 361500000 362000000 1274.77251
OX637756.1 362000000 362500000 1271.55121
OX637756.1 362500000 363000000 1267.88327
OX637756.1 363000000 363500000 1267.0
OX637756.1 363500000 364000000 1266.73713
OX637756.1 364000000 364500000 1264.58693
OX637756.1 364500000 365000000 1262.00514
OX637756.1 365000000 365500000 1254.72847
OX637756.1 365500000 366000000 1253.08955
OX637756.1 366000000 366500000 1250.87388
OX637756.1 366500000 367000000 1248.16387
OX637756.1 367000000 367500000 1242.73179
OX637756.1 367500000 368000000 1238.61626
OX637756.1 368000000 368500000 1231.86153
OX637756.1 368500000 369000000 1226.53575
OX637756.1 369000000 369500000 1220.33735
OX637756.1 369500000 370000000 1216.52402
OX637756.1 370000000 370500000 1212.61743
OX637756.1 370500000 371000000 1207.39123
OX637756.1 371000000 371500000 1204.06788
OX637756.1 371500000 372000000 1201.42837
OX637756.1 372000000 372500000 1199.58496
OX637756.1 372500000 373000000 1192.87403
OX637756.1 373000000 373500000 1185.263
OX637756.1 373500000 374000000 1180.90382
OX637756.1 374000000 374500000 1177.03192
OX637756.1 374500000 375000000 1172.18046
OX637756.1 375000000 375500000 1166.98686
OX637756.1 375500000 376000000 1162.31704
OX637756.1 376000000 376500000 1160.0094
OX637756.1 376500000 377000000 1159.39258
OX637756.1 377000000 377500000 1152.23535
OX637756.1 377500000 378000000 1140.13046
OX637756.1 378000000 378500000 1134.4929
OX637756.1 378500000 379000000 1125.66433
OX637756.1 379000000 379500000 1113.06821
OX637756.1 379500000 380000000 1107.77153
OX637756.1 380000000 380500000 1101.91972
OX637756.1 380500000 381000000 1097.36616
OX637756.1 381000000 381500000 1093.75543
OX637756.1 381500000 382000000 1081.54574
OX637756.1 382000000 382500000 1069.0827
OX637756.1 382500000 383000000 1056.21281
OX637756.1 383000000 383500000 1051.25381
OX637756.1 383500000 384000000 1043.65494
OX637756.1 384000000 384500000 1040.21121
OX637756.1 384500000 385000000 1030.00402
OX637756.1 385000000 385500000 1018.68764
OX637756.1 385500000 386000000 1003.94873
OX637756.1 386000000 386500000 993.25099
OX637756.1 386500000 387000000 977.0645
OX637756.1 387000000 387500000 958.56721
OX637756.1 387500000 388000000 947.37276
OX637756.1 388000000 388500000 936.40166
OX637756.1 388500000 389000000 925.68042
OX637756.1 389000000 389500000 908.34901
OX637756.1 389500000 390000000 894.26837
OX637756.1 390000000 390500000 879.84184
OX637756.1 390500000 391000000 852.59212
OX637756.1 391000000 391500000 838.02759
OX637756.1 391500000 392000000 822.55594
OX637756.1 392000000 392500000 812.59511
OX637756.1 392500000 393000000 798.19986
OX637756.1 393000000 393500000 774.5553
OX637756.1 393500000 394000000 765.01424
OX637756.1 394000000 394500000 741.47929
OX637756.1 394500000 395000000 720.5047
OX637756.1 395000000 395500000 690.30592
OX637756.1 395500000 396000000 662.45394
OX637756.1 396000000 396500000 649.54938
OX637756.1 396500000 397000000 613.79632
OX637756.1 397000000 397500000 587.60827
OX637756.1 397500000 398000000 575.22735
OX637756.1 398000000 398500000 556.03313
OX637756.1 398500000 399000000 535.27345
OX637756.1 399000000 399500000 511.56724
OX637756.1 399500000 400000000 480.39233
OX637756.1 400000000 400500000 432.79361
OX637756.1 400500000 401000000 381.86943
OX637756.1 401000000 401500000 338.35809
OX637756.1 401500000 402000000 275.56267
OX637756.1 402000000 402500000 215.73576
OX637756.1 402500000 403000000 151.01156
OX637756.1 403000000 403500000 70.86587
OX637756.1 403500000 403960391 21.54856
OX637743.1 0 500000 23.1015
OX637743.1 500000 1000000 44.96208
OX637743.1 1000000 1500000 49.8305
OX637743.1 1500000 2000000 51.0
OX637743.1 2000000 2500000 51.35619
OX637743.1 2500000 3000000 78.99997
OX637743.1 3000000 3500000 104.0
OX637743.1 3500000 4000000 104.0
OX637743.1 4000000 4500000 104.0
OX637743.1 4500000 5000000 120.34908
OX637743.1 5000000 5500000 153.0
OX637743.1 5500000 6000000 162.61635
OX637743.1 6000000 6500000 177.43979
OX637743.1 6500000 7000000 192.75889
OX637743.1 7000000 7500000 227.34632
OX637743.1 7500000 8000000 254.66734
OX637743.1 8000000 8500000 278.79537
OX637743.1 8500000 9000000 300.09233
OX637743.1 9000000 9500000 313.0
OX637743.1 9500000 10000000 313.0
OX637743.1 10000000 10500000 313.0
OX637743.1 10500000 11000000 313.0
OX637743.1 11000000 11500000 318.91505
OX637743.1 11500000 12000000 352.41245
OX637743.1 12000000 12500000 387.93019
OX637743.1 12500000 13000000 389.0
OX637743.1 13000000 13500000 401.85665
OX637743.1 13500000 14000000 440.78548
OX637743.1 14000000 14500000 455.1846
OX637743.1 14500000 15000000 486.33853
OX637743.1 15000000 15500000 527.08779
OX637743.1 15500000 16000000 531.0
OX637743.1 16000000 16500000 550.60664
OX637743.1 16500000 17000000 583.28919
OX637743.1 17000000 17500000 617.54737
OX637743.1 17500000 18000000 647.90649
OX637743.1 18000000 18500000 672.32824
OX637743.1 18500000 19000000 706.53293
OX637743.1 19000000 19500000 722.43472
OX637743.1 19500000 20000000 738.9545
OX637743.1 20000000 20500000 765.66145
OX637743.1 20500000 21000000 783.44454
OX637743.1 21000000 21500000 805.78423
OX637743.1 21500000 22000000 821.42288
OX637743.1 22000000 22500000 839.8547
OX637743.1 22500000 23000000 871.08169
OX637743.1 23000000 23500000 889.34184
OX637743.1 23500000 24000000 903.04258
OX637743.1 24000000 24500000 927.36268
OX637743.1 24500000 25000000 935.23523
OX637743.1 25000000 25500000 947.35453
OX637743.1 25500000 26000000 961.43864
OX637743.1 26000000 26500000 970.96364
OX637743.1 26500000 27000000 982.91683
OX637743.1 27000000 27500000 991.26939
OX637743.1 27500000 28000000 995.5148
OX637743.1 28000000 28500000 1004.46289
OX637743.1 28500000 29000000 1009.76283
OX637743.1 29000000 29500000 1015.65799
OX637743.1 29500000 30000000 1023.89906
OX637743.1 30000000 30500000 1035.1872
OX637743.1 30500000 31000000 1045.99751
OX637743.1 31000000 31500000 1054.69337
OX637743.1 31500000 32000000 1063.58232
OX637743.1 32000000 32500000 1075.08017
OX637743.1 32500000 33000000 1080.51673
OX637743.1 33000000 33500000 1084.90871
OX637743.1 33500000 34000000 1093.77766
OX637743.1 34000000 34500000 1098.23073
OX637743.1 34500000 35000000 1102.01856
OX637743.1 35000000 35500000 1106.06271
OX637743.1 35500000 36000000 1112.38373
OX637743.1 36000000 36500000 1119.30299
OX637743.1 36500000 37000000 1123.6682
OX637743.1 37000000 37500000 1133.63734
OX637743.1 37500000 38000000 1143.07854
OX637743.1 38000000 38500000 1146.94958
OX637743.1 38500000 39000000 1153.76652
OX637743.1 39000000 39500000 1158.01058
OX637743.1 39500000 40000000 1160.90822
OX637743.1 40000000 40500000 1164.47852
OX637743.1 40500000 41000000 1167.0
OX637743.1 41000000 41500000 1167.32936
OX637743.1 41500000 42000000 1169.34891
OX637743.1 42000000 42500000 1173.7967
OX637743.1 42500000 43000000 1177.24983
OX637743.1 43000000 43500000 1178.2634
OX637743.1 43500000 44000000 1182.4133
OX637743.1 44000000 44500000 1185.62477
OX637743.1 44500000 45000000 1186.65852
OX637743.1 45000000 45500000 1189.44413
OX637743.1 45500000 46000000 1191.52329
OX637743.1 46000000 46500000 1195.37012
OX637743.1 46500000 47000000 1198.39366
OX637743.1 47000000 47500000 1205.03615
OX637743.1 47500000 48000000 1207.64947
OX637743.1 48000000 48500000 1211.30082
OX637743.1 48500000 49000000 1213.88473
OX637743.1 49000000 49500000 1216.03229
OX637743.1 49500000 50000000 1222.04275
OX637743.1 50000000 50500000 1228.32196
OX637743.1 50500000 51000000 1231.04743
OX637743.1 51000000 51500000 1233.19122
OX637743.1 51500000 52000000 1237.08907
OX637743.1 52000000 52500000 1243.62247
OX637743.1 52500000 53000000 1248.14217
OX637743.1 53000000 53500000 1252.66803
OX637743.1 53500000 54000000 1254.16888
OX637743.1 54000000 54500000 1256.04933
OX637743.1 54500000 55000000 1259.80893
OX637743.1 55000000 55500000 1263.8467
OX637743.1 55500000 56000000 1266.90251
OX637743.1 56000000 56500000 1267.9041
OX637743.1 56500000 57000000 1269.55146
OX637743.1 57000000 57500000 1270.98706
OX637743.1 57500000 58000000 1275.811
OX637743.1 58000000 58500000 1282.41351
OX637743.1 58500000 59000000 1283.22711
OX637743.1 59000000 59500000 1286.24504
OX637743.1 59500000 60000000 1288.45801
OX637743.1 60000000 60500000 1292.02025
OX637743.1 60500000 61000000 1293.9509
OX637743.1 61000000 61500000 1295.58589
OX637743.1 61500000 62000000 1296.0
OX637743.1 62000000 62500000 1298.2883
OX637743.1 62500000 63000000 1301.63309
OX637743.1 63000000 63500000 1303.85055
OX637743.1 63500000 64000000 1306.0
OX637743.1 64000000 64500000 1306.0
OX637743.1 64500000 65000000 1306.99542
OX637743.1 65000000 65500000 1307.0
OX637743.1 65500000 66000000 1308.23455
OX637743.1 66000000 66500000 1311.12539
OX637743.1 66500000 67000000 1312.59954
OX637743.1 67000000 67500000 1313.51523
OX637743.1 67500000 68000000 1314.03066
OX637743.1 68000000 68500000 1315.52094
OX637743.1 68500000 69000000 1316.954
OX637743.1 69000000 69500000 1318.9681
OX637743.1 69500000 70000000 1320.98288
OX637743.1 70000000 70500000 1322.84683
OX637743.1 70500000 71000000 1323.00579
OX637743.1 71000000 71500000 1326.3052
OX637743.1 71500000 72000000 1329.1076
OX637743.1 72000000 72500000 1331.64357
OX637743.1 72500000 73000000 1333.0
OX637743.1 73000000 73500000 1334.18489
OX637743.1 73500000 74000000 1337.47825
OX637743.1 74000000 74500000 1339.75703
OX637743.1 74500000 75000000 1341.9837
OX637743.1 75000000 75500000 1345.79384
OX637743.1 75500000 76000000 1347.30504
OX637743.1 76000000 76500000 1348.48735
OX637743.1 76500000 77000000 1351.84762
OX637743.1 77000000 77500000 1352.00645
OX637743.1 77500000 78000000 1352.58159
OX637743.1 78000000 78500000 1357.21476
OX637743.1 78500000 79000000 1360.0547
OX637743.1 79000000 79500000 1363.0
OX637743.1 79500000 80000000 1364.40478
OX637743.1 80000000 80500000 1368.24325
OX637743.1 80500000 81000000 1370.46657
OX637743.1 81000000 81500000 1372.56953
OX637743.1 81500000 82000000 1376.0074
OX637743.1 82000000 82500000 1378.06283
OX637743.1 82500000 83000000 1379.00269
OX637743.1 83000000 83500000 1379.71088
OX637743.1 83500000 84000000 1381.38635
OX637743.1 84000000 84500000 1383.20183
OX637743.1 84500000 85000000 1385.27635
OX637743.1 85000000 85500000 1386.6487
OX637743.1 85500000 86000000 1387.0
OX637743.1 86000000 86500000 1387.34534
OX637743.1 86500000 87000000 1388.60078
OX637743.1 87000000 87500000 1389.85107
OX637743.1 87500000 88000000 1391.0
OX637743.1 88000000 88500000 1392.25364
OX637743.1 88500000 89000000 1394.0
OX637743.1 89000000 89500000 1395.43746
OX637743.1 89500000 90000000 1397.0074
OX637743.1 90000000 90500000 1397.0
OX637743.1 90500000 91000000 1397.09535
OX637743.1 91000000 91500000 1400.53522
OX637743.1 91500000 92000000 1401.56784
OX637743.1 92000000 92500000 1403.95677
OX637743.1 92500000 93000000 1407.00552
OX637743.1 93000000 93500000 1408.0
OX637743.1 93500000 94000000 1409.73607
OX637743.1 94000000 94500000 1411.29016
OX637743.1 94500000 95000000 1412.38066
OX637743.1 95000000 95500000 1413.03742
OX637743.1 95500000 96000000 1413.0
OX637743.1 96000000 96500000 1414.15672
OX637743.1 96500000 97000000 1415.0
OX637743.1 97000000 97500000 1415.26575
OX637743.1 97500000 98000000 1416.52875
OX637743.1 98000000 98500000 1417.96405
OX637743.1 98500000 99000000 1418.36906
OX637743.1 99000000 99500000 1420.16756
OX637743.1 99500000 100000000 1421.13395
OX637743.1 100000000 100500000 1423.0
OX637743.1 100500000 101000000 1423.39161
OX637743.1 101000000 101500000 1424.72757
OX637743.1 101500000 102000000 1425.20145
OX637743.1 102000000 102500000 1426.0
OX637743.1 102500000 103000000 1426.39701
OX637743.1 103000000 103500000 1427.0
OX637743.1 103500000 104000000 1427.0
OX637743.1 104000000 104500000 1428.21018
OX637743.1 104500000 105000000 1429.0
OX637743.1 105000000 105500000 1429.05704
OX637743.1 105500000 106000000 1431.19621
OX637743.1 106000000 106500000 1433.0
OX637743.1 106500000 107000000 1434.29315
OX637743.1 107000000 107500000 1437.93013
OX637743.1 107500000 108000000 1438.0
OX637743.1 108000000 108500000 1438.0
OX637743.1 108500000 109000000 1438.65471
OX637743.1 109000000 109500000 1440.19559
OX637743.1 109500000 110000000 1442.0
OX637743.1 110000000 110500000 1442.0
OX637743.1 110500000 111000000 1442.79211
OX637743.1 111000000 111500000 1443.0
OX637743.1 111500000 112000000 1442.73533
OX637743.1 112000000 112500000 1444.07034
OX637743.1 112500000 113000000 1445.0251
OX637743.1 113000000 113500000 1446.52883
OX637743.1 113500000 114000000 1448.31959
OX637743.1 114000000 114500000 1449.88635
OX637743.1 114500000 115000000 1451.10235
OX637743.1 115000000 115500000 1452.0
OX637743.1 115500000 116000000 1452.55616
OX637743.1 116000000 116500000 1454.84421
OX637743.1 116500000 117000000 1456.73281
OX637743.1 117000000 117500000 1459.75358
OX637743.1 117500000 118000000 1461.0
OX637743.1 118000000 118500000 1461.96165
OX637743.1 118500000 119000000 1462.91981
OX637743.1 119000000 119500000 1463.36905
OX637743.1 119500000 120000000 1464.0
OX637743.1 120000000 120500000 1464.0
OX637743.1 120500000 121000000 1464.55262
OX637743.1 121000000 121500000 1465.0
OX637743.1 121500000 122000000 1465.00702
OX637743.1 122000000 122500000 1465.0
OX637743.1 122500000 123000000 1465.0
OX637743.1 123000000 123500000 1465.80956
OX637743.1 123500000 124000000 1466.23723
OX637743.1 124000000 124500000 1467.0777
OX637743.1 124500000 125000000 1468.48243
OX637743.1 125000000 125500000 1469.29766
OX637743.1 125500000 126000000 1469.6214
OX637743.1 126000000 126500000 1469.73459
OX637743.1 126500000 127000000 1471.0
OX637743.1 127000000 127500000 1471.39263
OX637743.1 127500000 128000000 1472.0
OX637743.1 128000000 128500000 1472.44689
OX637743.1 128500000 129000000 1473.0867
OX637743.1 129000000 129500000 1474.84217
OX637743.1 129500000 130000000 1475.27687
OX637743.1 130000000 130500000 1476.0
OX637743.1 130500000 131000000 1476.0
OX637743.1 131000000 131500000 1476.98447
OX637743.1 131500000 132000000 1477.0
OX637743.1 132000000 132500000 1478.36536
OX637743.1 132500000 133000000 1479.20857
OX637743.1 133000000 133500000 1480.49828
OX637743.1 133500000 134000000 1481.47019
OX637743.1 134000000 134500000 1482.68239
OX637743.1 134500000 135000000 1484.38609
OX637743.1 135000000 135500000 1486.68189
OX637743.1 135500000 136000000 1487.15072
OX637743.1 136000000 136500000 1487.91571
OX637743.1 136500000 137000000 1488.08636
OX637743.1 137000000 137500000 1489.09902
OX637743.1 137500000 138000000 1488.9686
OX637743.1 138000000 138500000 1489.86508
OX637743.1 138500000 139000000 1491.9055
OX637743.1 139000000 139500000 1493.32013
OX637743.1 139500000 140000000 1494.0
OX637743.1 140000000 140500000 1494.55914
OX637743.1 140500000 141000000 1496.0
OX637743.1 141000000 141500000 1496.0
OX637743.1 141500000 142000000 1496.24621
OX637743.1 142000000 142500000 1496.05006
OX637743.1 142500000 143000000 1496.40112
OX637743.1 143000000 143500000 1497.70811
OX637743.1 143500000 144000000 1499.0
OX637743.1 144000000 144500000 1499.44195
OX637743.1 144500000 145000000 1500.0
OX637743.1 145000000 145500000 1500.0
OX637743.1 145500000 146000000 1500.0
OX637743.1 146000000 146500000 1500.83074
OX637743.1 146500000 147000000 1502.0
OX637743.1 147000000 147500000 1502.25502
OX637743.1 147500000 148000000 1503.73928
OX637743.1 148000000 148500000 1505.0
OX637743.1 148500000 149000000 1505.0
OX637743.1 149000000 149500000 1505.07019
OX637743.1 149500000 150000000 1506.90054
OX637743.1 150000000 150500000 1507.91083
OX637743.1 150500000 151000000 1508.0
OX637743.1 151000000 151500000 1508.0
OX637743.1 151500000 152000000 1507.72947
OX637743.1 152000000 152500000 1507.0
OX637743.1 152500000 153000000 1507.34731
OX637743.1 153000000 153500000 1508.0
OX637743.1 153500000 154000000 1508.0
OX637743.1 154000000 154500000 1508.0
OX637743.1 154500000 155000000 1507.42657
OX637743.1 155000000 155500000 1507.66619
OX637743.1 155500000 156000000 1509.0
OX637743.1 156000000 156500000 1509.00449
OX637743.1 156500000 157000000 1509.0
OX637743.1 157000000 157500000 1509.0
OX637743.1 157500000 158000000 1509.0
OX637743.1 158000000 158500000 1509.0
OX637743.1 158500000 159000000 1509.0
OX637743.1 159000000 159500000 1509.77371
OX637743.1 159500000 160000000 1510.0
OX637743.1 160000000 160500000 1510.2728
OX637743.1 160500000 161000000 1511.686
OX637743.1 161000000 161500000 1512.82604
OX637743.1 161500000 162000000 1513.0
OX637743.1 162000000 162500000 1514.12945
OX637743.1 162500000 163000000 1515.71038
OX637743.1 163000000 163500000 1517.0
OX637743.1 163500000 164000000 1517.0
OX637743.1 164000000 164500000 1517.07753
OX637743.1 164500000 165000000 1517.63688
OX637743.1 165000000 165500000 1519.0
OX637743.1 165500000 166000000 1519.0
OX637743.1 166000000 166500000 1519.70441
OX637743.1 166500000 167000000 1520.0
OX637743.1 167000000 167500000 1520.0
OX637743.1 167500000 168000000 1520.0
OX637743.1 168000000 168500000 1520.0
OX637743.1 168500000 169000000 1519.62652
OX637743.1 169000000 169500000 1519.36955
OX637743.1 169500000 170000000 1520.01192
OX637743.1 170000000 170500000 1520.0
OX637743.1 170500000 171000000 1519.99633
OX637743.1 171000000 171500000 1520.18517
OX637743.1 171500000 172000000 1521.68149
OX637743.1 172000000 172500000 1522.0
OX637743.1 172500000 173000000 1522.0
OX637743.1 173000000 173500000 1522.0
OX637743.1 173500000 174000000 1522.0
OX637743.1 174000000 174500000 1521.3711
OX637743.1 174500000 175000000 1522.0
OX637743.1 175000000 175500000 1522.36841
OX637743.1 175500000 176000000 1523.0
OX637743.1 176000000 176500000 1523.55317
OX637743.1 176500000 177000000 1524.0
OX637743.1 177000000 177500000 1524.0
OX637743.1 177500000 178000000 1524.0
OX637743.1 178000000 178500000 1523.87845
OX637743.1 178500000 179000000 1523.0
OX637743.1 179000000 179500000 1523.44651
OX637743.1 179500000 180000000 1523.76982
OX637743.1 180000000 180500000 1523.0
OX637743.1 180500000 181000000 1523.0
OX637743.1 181000000 181500000 1522.80847
OX637743.1 181500000 182000000 1522.0
OX637743.1 182000000 182500000 1522.0
OX637743.1 182500000 183000000 1522.0
OX637743.1 183000000 183500000 1522.60074
OX637743.1 183500000 184000000 1523.0
OX637743.1 184000000 184500000 1523.00305
OX637743.1 184500000 185000000 1523.0
OX637743.1 185000000 185500000 1523.0
OX637743.1 185500000 186000000 1523.0
OX637743.1 186000000 186500000 1523.0
OX637743.1 186500000 187000000 1523.0
OX637743.1 187000000 187500000 1523.0
OX637743.1 187500000 188000000 1523.0
OX637743.1 188000000 188500000 1523.0
OX637743.1 188500000 189000000 1523.0
OX637743.1 189000000 189500000 1523.0
OX637743.1 189500000 190000000 1523.0
OX637743.1 190000000 190500000 1522.7405
OX637743.1 190500000 191000000 1521.38701
OX637743.1 191000000 191500000 1522.91914
OX637743.1 191500000 192000000 1523.0
OX637743.1 192000000 192500000 1523.0
OX637743.1 192500000 193000000 1523.0
OX637743.1 193000000 193500000 1523.0
OX637743.1 193500000 194000000 1523.0
OX637743.1 194000000 194500000 1522.93426
OX637743.1 194500000 195000000 1522.0
OX637743.1 195000000 195500000 1521.72919
OX637743.1 195500000 196000000 1521.0
OX637743.1 196000000 196500000 1521.0
OX637743.1 196500000 197000000 1521.19277
OX637743.1 197000000 197500000 1522.00024
OX637743.1 197500000 198000000 1522.73982
OX637743.1 198000000 198500000 1522.40654
OX637743.1 198500000 199000000 1522.0
OX637743.1 199000000 199500000 1522.94975
OX637743.1 199500000 200000000 1524.36262
OX637743.1 200000000 200500000 1525.0
OX637743.1 200500000 201000000 1525.0
OX637743.1 201000000 201500000 1525.0
OX637743.1 201500000 202000000 1525.0
OX637743.1 202000000 202500000 1525.01103
OX637743.1 202500000 203000000 1525.0
OX637743.1 203000000 203500000 1525.0
OX637743.1 203500000 204000000 1525.0
OX637743.1 204000000 204500000 1525.0
OX637743.1 204500000 205000000 1525.0
OX637743.1 205000000 205500000 1525.0
OX637743.1 205500000 206000000 1525.25654
OX637743.1 206000000 206500000 1526.0
OX637743.1 206500000 207000000 1526.0
OX637743.1 207000000 207500000 1526.0
OX637743.1 207500000 208000000 1526.0
OX637743.1 208000000 208500000 1526.0
OX637743.1 208500000 209000000 1526.0
OX637743.1 209000000 209500000 1525.9779
OX637743.1 209500000 210000000 1525.34345
OX637743.1 210000000 210500000 1526.0
OX637743.1 210500000 211000000 1526.0
OX637743.1 211000000 211500000 1526.0
OX637743.1 211500000 212000000 1525.14251
OX637743.1 212000000 212500000 1525.0
OX637743.1 212500000 213000000 1524.50919
OX637743.1 213000000 213500000 1524.98588
OX637743.1 213500000 214000000 1524.70215
OX637743.1 214000000 214500000 1524.0
OX637743.1 214500000 215000000 1524.20986
OX637743.1 215000000 215500000 1526.0
OX637743.1 215500000 216000000 1526.0
OX637743.1 216000000 216500000 1526.19792
OX637743.1 216500000 217000000 1527.0
OX637743.1 217000000 217500000 1527.0
OX637743.1 217500000 218000000 1527.0
OX637743.1 218000000 218500000 1526.18346
OX637743.1 218500000 219000000 1526.0
OX637743.1 219000000 219500000 1525.88885
OX637743.1 219500000 220000000 1525.00104
OX637743.1 220000000 220500000 1525.0
OX637743.1 220500000 221000000 1525.0
OX637743.1 221000000 221500000 1525.45379
OX637743.1 221500000 222000000 1526.05792
OX637743.1 222000000 222500000 1527.0
OX637743.1 222500000 223000000 1527.0
OX637743.1 223000000 223500000 1527.0
OX637743.1 223500000 224000000 1527.0
OX637743.1 224000000 224500000 1527.0
OX637743.1 224500000 225000000 1527.0
OX637743.1 225000000 225500000 1527.0
OX637743.1 225500000 226000000 1527.0
OX637743.1 226000000 226500000 1527.0
OX637743.1 226500000 227000000 1527.0
OX637743.1 227000000 227500000 1527.0
OX637743.1 227500000 228000000 1527.0
OX637743.1 228000000 228500000 1527.0
OX637743.1 228500000 229000000 1527.0
OX637743.1 229000000 229500000 1527.0
OX637743.1 229500000 230000000 1527.0
OX637743.1 230000000 230500000 1527.0
OX637743.1 230500000 231000000 1527.00027
OX637743.1 231000000 231500000 1527.0
OX637743.1 231500000 232000000 1527.0
OX637743.1 232000000 232500000 1527.0
OX637743.1 232500000 233000000 1527.0
OX637743.1 233000000 233500000 1527.0
OX637743.1 233500000 234000000 1527.0
OX637743.1 234000000 234500000 1527.0
OX637743.1 234500000 235000000 1527.0
OX637743.1 235000000 235500000 1527.0
OX637743.1 235500000 236000000 1527.0
OX637743.1 236000000 236500000 1527.0
OX637743.1 236500000 237000000 1527.0
OX637743.1 237000000 237500000 1527.00207
OX637743.1 237500000 238000000 1527.0
OX637743.1 238000000 238500000 1527.0
OX637743.1 238500000 239000000 1527.0
OX637743.1 239000000 239500000 1527.0
OX637743.1 239500000 240000000 1527.0
OX637743.1 240000000 240500000 1527.0
OX637743.1 240500000 241000000 1527.0
OX637743.1 241000000 241500000 1527.0
OX637743.1 241500000 242000000 1527.0
OX637743.1 242000000 242500000 1527.0
OX637743.1 242500000 243000000 1527.48249
OX637743.1 243000000 243500000 1528.0
OX637743.1 243500000 244000000 1528.0
OX637743.1 244000000 244500000 1528.0
OX637743.1 244500000 245000000 1528.0
OX637743.1 245000000 245500000 1528.0
OX637743.1 245500000 246000000 1528.0
OX637743.1 246000000 246500000 1528.0
OX637743.1 246500000 247000000 1528.0
OX637743.1 247000000 247500000 1528.0
OX637743.1 247500000 248000000 1528.01324
OX637743.1 248000000 248500000 1528.0
OX637743.1 248500000 249000000 1528.81311
OX637743.1 249000000 249500000 1529.0
OX637743.1 249500000 250000000 1529.0
OX637743.1 250000000 250500000 1529.0
OX637743.1 250500000 251000000 1529.0
OX637743.1 251000000 251500000 1529.00143
OX637743.1 251500000 252000000 1529.0
OX637743.1 252000000 252500000 1529.0
OX637743.1 252500000 253000000 1529.0
OX637743.1 253000000 253500000 1529.0
OX637743.1 253500000 254000000 1529.0
OX637743.1 254000000 254500000 1529.0
OX637743.1 254500000 255000000 1529.0
OX637743.1 255000000 255500000 1529.0
OX637743.1 255500000 256000000 1529.0
OX637743.1 256000000 256500000 1529.57424
OX637743.1 256500000 257000000 1530.0
OX637743.1 257000000 257500000 1530.0
OX637743.1 257500000 258000000 1530.0
OX637743.1 258000000 258500000 1530.0
OX637743.1 258500000 259000000 1530.0
OX637743.1 259000000 259500000 1530.00888
OX637743.1 259500000 260000000 1530.0
OX637743.1 260000000 260500000 1530.0
OX637743.1 260500000 261000000 1530.0
OX637743.1 261000000 261500000 1530.00186
OX637743.1 261500000 262000000 1530.0
OX637743.1 262000000 262500000 1530.0
OX637743.1 262500000 263000000 1530.0
OX637743.1 263000000 263500000 1530.0
OX637743.1 263500000 264000000 1530.0
OX637743.1 264000000 264500000 1530.0
OX637743.1 264500000 265000000 1530.0
OX637743.1 265000000 265500000 1530.0
OX637743.1 265500000 266000000 1530.0
OX637743.1 266000000 266500000 1530.0
OX637743.1 266500000 267000000 1530.00057
OX637743.1 267000000 267500000 1530.0
OX637743.1 267500000 268000000 1530.0
OX637743.1 268000000 268500000 1530.0
OX637743.1 268500000 269000000 1530.0
OX637743.1 269000000 269500000 1530.0
OX637743.1 269500000 270000000 1530.0
OX637743.1 270000000 270500000 1530.0
OX637743.1 270500000 271000000 1530.0
OX637743.1 271000000 271500000 1530.0
OX637743.1 271500000 272000000 1530.0
OX637743.1 272000000 272500000 1530.0
OX637743.1 272500000 273000000 1530.0
OX637743.1 273000000 273500000 1530.0041
OX637743.1 273500000 274000000 1530.0
OX637743.1 274000000 274500000 1530.94787
OX637743.1 274500000 275000000 1531.0
OX637743.1 275000000 275500000 1530.85933
OX637743.1 275500000 276000000 1530.0
OX637743.1 276000000 276500000 1530.0
OX637743.1 276500000 277000000 1530.0
OX637743.1 277000000 277500000 1530.0
OX637743.1 277500000 278000000 1530.0
OX637743.1 278000000 278500000 1530.0
OX637743.1 278500000 279000000 1530.00247
OX637743.1 279000000 279500000 1530.55645
OX637743.1 279500000 280000000 1531.0
OX637743.1 280000000 280500000 1531.0387
OX637743.1 280500000 281000000 1531.0
OX637743.1 281000000 281500000 1531.0
OX637743.1 281500000 282000000 1531.0
OX637743.1 282000000 282500000 1531.0
OX637743.1 282500000 283000000 1531.0
OX637743.1 283000000 283500000 1531.0
OX637743.1 283500000 284000000 1531.00191
OX637743.1 284000000 284500000 1530.50581
OX637743.1 284500000 285000000 1529.7315
OX637743.1 285000000 285500000 1529.0
OX637743.1 285500000 286000000 1529.0
OX637743.1 286000000 286500000 1528.19622
OX637743.1 286500000 287000000 1528.0
OX637743.1 287000000 287500000 1528.00122
OX637743.1 287500000 288000000 1527.28763
OX637743.1 288000000 288500000 1527.0
OX637743.1 288500000 289000000 1526.15357
OX637743.1 289000000 289500000 1526.0
OX637743.1 289500000 290000000 1526.70022
OX637743.1 290000000 290500000 1527.0
OX637743.1 290500000 291000000 1527.0
OX637743.1 291000000 291500000 1526.99752
OX637743.1 291500000 292000000 1526.0
OX637743.1 292000000 292500000 1526.0
OX637743.1 292500000 293000000 1526.0
OX637743.1 293000000 293500000 1526.30027
OX637743.1 293500000 294000000 1527.0
OX637743.1 294000000 294500000 1527.0
OX637743.1 294500000 295000000 1527.0
OX637743.1 295000000 295500000 1527.0
OX637743.1 295500000 296000000 1527.0
OX637743.1 296000000 296500000 1527.0
OX637743.1 296500000 297000000 1527.0
OX637743.1 297000000 297500000 1527.0
OX637743.1 297500000 298000000 1527.0
OX637743.1 298000000 298500000 1527.0
OX637743.1 298500000 299000000 1527.0096
OX637743.1 299000000 299500000 1527.0
OX637743.1 299500000 300000000 1527.0
OX637743.1 300000000 300500000 1527.51282
OX637743.1 300500000 301000000 1528.0
OX637743.1 301000000 301500000 1528.0
OX637743.1 301500000 302000000 1528.0
OX637743.1 302000000 302500000 1528.0
OX637743.1 302500000 303000000 1527.54271
OX637743.1 303000000 303500000 1527.0
OX637743.1 303500000 304000000 1526.70824
OX637743.1 304000000 304500000 1526.0
OX637743.1 304500000 305000000 1526.0
OX637743.1 305000000 305500000 1526.70201
OX637743.1 305500000 306000000 1527.0
OX637743.1 306000000 306500000 1527.00245
OX637743.1 306500000 307000000 1525.80903
OX637743.1 307000000 307500000 1525.0
OX637743.1 307500000 308000000 1525.0
OX637743.1 308000000 308500000 1525.0
OX637743.1 308500000 309000000 1525.0
OX637743.1 309000000 309500000 1525.0
OX637743.1 309500000 310000000 1524.7299
OX637743.1 310000000 310500000 1524.0
OX637743.1 310500000 311000000 1524.0
OX637743.1 311000000 311500000 1524.0
OX637743.1 311500000 312000000 1524.0
OX637743.1 312000000 312500000 1523.10667
OX637743.1 312500000 313000000 1523.0
OX637743.1 313000000 313500000 1523.0
OX637743.1 313500000 314000000 1523.93861
OX637743.1 314000000 314500000 1523.80849
OX637743.1 314500000 315000000 1523.0
OX637743.1 315000000 315500000 1523.0
OX637743.1 315500000 316000000 1523.0
OX637743.1 316000000 316500000 1523.0
OX637743.1 316500000 317000000 1523.0
OX637743.1 317000000 317500000 1523.0
OX637743.1 317500000 318000000 1523.0
OX637743.1 318000000 318500000 1522.54982
OX637743.1 318500000 319000000 1520.14934
OX637743.1 319000000 319500000 1520.80291
OX637743.1 319500000 320000000 1521.0
OX637743.1 320000000 320500000 1521.0
OX637743.1 320500000 321000000 1521.0
OX637743.1 321000000 321500000 1521.0
OX637743.1 321500000 322000000 1521.0
OX637743.1 322000000 322500000 1521.0
OX637743.1 322500000 323000000 1521.0
OX637743.1 323000000 323500000 1521.0
OX637743.1 323500000 324000000 1520.26492
OX637743.1 324000000 324500000 1520.48663
OX637743.1 324500000 325000000 1520.0
OX637743.1 325000000 325500000 1519.57367
OX637743.1 325500000 326000000 1519.0
OX637743.1 326000000 326500000 1519.0
OX637743.1 326500000 327000000 1519.0
OX637743.1 327000000 327500000 1519.0
OX637743.1 327500000 328000000 1519.005
OX637743.1 328000000 328500000 1519.98308
OX637743.1 328500000 329000000 1519.32424
OX637743.1 329000000 329500000 1519.0
OX637743.1 329500000 330000000 1519.0
OX637743.1 330000000 330500000 1519.0
OX637743.1 330500000 331000000 1519.41385
OX637743.1 331000000 331500000 1520.0
OX637743.1 331500000 332000000 1520.00249
OX637743.1 332000000 332500000 1520.0
OX637743.1 332500000 333000000 1520.00125
OX637743.1 333000000 333500000 1519.26799
OX637743.1 333500000 334000000 1519.00942
OX637743.1 334000000 334500000 1519.0
OX637743.1 334500000 335000000 1519.0
OX637743.1 335000000 335500000 1519.0
OX637743.1 335500000 336000000 1519.71511
OX637743.1 336000000 336500000 1519.06367
OX637743.1 336500000 337000000 1519.0
OX637743.1 337000000 337500000 1519.00104
OX637743.1 337500000 338000000 1519.74513
OX637743.1 338000000 338500000 1520.0
OX637743.1 338500000 339000000 1520.0
OX637743.1 339000000 339500000 1519.31304
OX637743.1 339500000 340000000 1519.0
OX637743.1 340000000 340500000 1519.0
OX637743.1 340500000 341000000 1519.0
OX637743.1 341000000 341500000 1518.59721
OX637743.1 341500000 342000000 1518.38396
OX637743.1 342000000 342500000 1519.0
OX637743.1 342500000 343000000 1519.0
OX637743.1 343000000 343500000 1519.0
OX637743.1 343500000 344000000 1519.0
OX637743.1 344000000 344500000 1519.02153
OX637743.1 344500000 345000000 1519.0
OX637743.1 345000000 345500000 1519.0
OX637743.1 345500000 346000000 1519.0
OX637743.1 346000000 346500000 1519.0
OX637743.1 346500000 347000000 1519.0
OX637743.1 347000000 347500000 1518.26808
OX637743.1 347500000 348000000 1518.0
OX637743.1 348000000 348500000 1518.0
OX637743.1 348500000 349000000 1518.0
OX637743.1 349000000 349500000 1518.0
OX637743.1 349500000 350000000 1518.0
OX637743.1 350000000 350500000 1517.20749
OX637743.1 350500000 351000000 1517.0
OX637743.1 351000000 351500000 1517.0
OX637743.1 351500000 352000000 1517.0
OX637743.1 352000000 352500000 1517.0
OX637743.1 352500000 353000000 1517.0
OX637743.1 353000000 353500000 1517.00204
OX637743.1 353500000 354000000 1517.08723
OX637743.1 354000000 354500000 1516.0
OX637743.1 354500000 355000000 1516.0
OX637743.1 355000000 355500000 1516.77568
OX637743.1 355500000 356000000 1517.0
OX637743.1 356000000 356500000 1517.0
OX637743.1 356500000 357000000 1517.0
OX637743.1 357000000 357500000 1517.00441
OX637743.1 357500000 358000000 1517.00034
OX637743.1 358000000 358500000 1517.0
OX637743.1 358500000 359000000 1517.0
OX637743.1 359000000 359500000 1516.73809
OX637743.1 359500000 360000000 1515.98427
OX637743.1 360000000 360500000 1516.00224
OX637743.1 360500000 361000000 1515.51127
OX637743.1 361000000 361500000 1515.0
OX637743.1 361500000 362000000 1514.87027
OX637743.1 362000000 362500000 1512.36691
OX637743.1 362500000 363000000 1512.0
OX637743.1 363000000 363500000 1512.0
OX637743.1 363500000 364000000 1512.00298
OX637743.1 364000000 364500000 1512.36587
OX637743.1 364500000 365000000 1512.0
OX637743.1 365000000 365500000 1510.24494
OX637743.1 365500000 366000000 1510.00538
OX637743.1 366000000 366500000 1510.0
OX637743.1 366500000 367000000 1509.21949
OX637743.1 367000000 367500000 1509.0
OX637743.1 367500000 368000000 1509.0
OX637743.1 368000000 368500000 1508.97691
OX637743.1 368500000 369000000 1508.0
OX637743.1 369000000 369500000 1508.0
OX637743.1 369500000 370000000 1508.0
OX637743.1 370000000 370500000 1508.0
OX637743.1 370500000 371000000 1508.0
OX637743.1 371000000 371500000 1508.0
OX637743.1 371500000 372000000 1508.0
OX637743.1 372000000 372500000 1508.0
OX637743.1 372500000 373000000 1508.81748
OX637743.1 373000000 373500000 1509.0
OX637743.1 373500000 374000000 1509.0
OX637743.1 374000000 374500000 1508.05454
OX637743.1 374500000 375000000 1508.62631
OX637743.1 375000000 375500000 1509.31759
OX637743.1 375500000 376000000 1509.1241
OX637743.1 376000000 376500000 1509.0
OX637743.1 376500000 377000000 1509.0
OX637743.1 377000000 377500000 1508.77142
OX637743.1 377500000 378000000 1508.0
OX637743.1 378000000 378500000 1508.0
OX637743.1 378500000 379000000 1508.0
OX637743.1 379000000 379500000 1508.0
OX637743.1 379500000 380000000 1508.0
OX637743.1 380000000 380500000 1508.0
OX637743.1 380500000 381000000 1508.0
OX637743.1 381000000 381500000 1508.00805
OX637743.1 381500000 382000000 1508.0
OX637743.1 382000000 382500000 1508.76373
OX637743.1 382500000 383000000 1509.0
OX637743.1 383000000 383500000 1509.0
OX637743.1 383500000 384000000 1508.48854
OX637743.1 384000000 384500000 1507.14363
OX637743.1 384500000 385000000 1506.48
OX637743.1 385000000 385500000 1505.11322
OX637743.1 385500000 386000000 1505.0
OX637743.1 386000000 386500000 1505.0
OX637743.1 386500000 387000000 1505.34953
OX637743.1 387000000 387500000 1503.56791
OX637743.1 387500000 388000000 1503.09025
OX637743.1 388000000 388500000 1504.0
OX637743.1 388500000 389000000 1504.0
OX637743.1 389000000 389500000 1504.0
OX637743.1 389500000 390000000 1504.0
OX637743.1 390000000 390500000 1504.0
OX637743.1 390500000 391000000 1503.33647
OX637743.1 391000000 391500000 1503.0
OX637743.1 391500000 392000000 1503.0
OX637743.1 392000000 392500000 1503.0
OX637743.1 392500000 393000000 1501.30065
OX637743.1 393000000 393500000 1502.0
OX637743.1 393500000 394000000 1502.0
OX637743.1 394000000 394500000 1501.46696
OX637743.1 394500000 395000000 1501.0
OX637743.1 395000000 395500000 1501.0
OX637743.1 395500000 396000000 1499.60125
OX637743.1 396000000 396500000 1498.74317
OX637743.1 396500000 397000000 1498.33694
OX637743.1 397000000 397500000 1498.82639
OX637743.1 397500000 398000000 1498.0
OX637743.1 398000000 398500000 1497.6193
OX637743.1 398500000 399000000 1496.55823
OX637743.1 399000000 399500000 1496.67388
OX637743.1 399500000 400000000 1496.28294
OX637743.1 400000000 400500000 1494.46053
OX637743.1 400500000 401000000 1494.27848
OX637743.1 401000000 401500000 1493.78838
OX637743.1 401500000 402000000 1492.41185
OX637743.1 402000000 402500000 1492.85748
OX637743.1 402500000 403000000 1492.0
OX637743.1 403000000 403500000 1492.0
OX637743.1 403500000 404000000 1491.30303
OX637743.1 404000000 404500000 1490.16427
OX637743.1 404500000 405000000 1489.75629
OX637743.1 405000000 405500000 1489.01077
OX637743.1 405500000 406000000 1488.84859
OX637743.1 406000000 406500000 1487.75281
OX637743.1 406500000 407000000 1487.3251
OX637743.1 407000000 407500000 1486.0
OX637743.1 407500000 408000000 1484.75671
OX637743.1 408000000 408500000 1483.39671
OX637743.1 408500000 409000000 1481.93994
OX637743.1 409000000 409500000 1480.40132
OX637743.1 409500000 410000000 1479.61889
OX637743.1 410000000 410500000 1478.00677
OX637743.1 410500000 411000000 1478.01834
OX637743.1 411000000 411500000 1477.10327
OX637743.1 411500000 412000000 1476.33081
OX637743.1 412000000 412500000 1475.60062
OX637743.1 412500000 413000000 1473.79317
OX637743.1 413000000 413500000 1473.0
OX637743.1 413500000 414000000 1472.63274
OX637743.1 414000000 414500000 1471.0
OX637743.1 414500000 415000000 1470.21709
OX637743.1 415000000 415500000 1470.0
OX637743.1 415500000 416000000 1469.76722
OX637743.1 416000000 416500000 1470.00968
OX637743.1 416500000 417000000 1469.19481
OX637743.1 417000000 417500000 1467.47547
OX637743.1 417500000 418000000 1466.98721
OX637743.1 418000000 418500000 1465.37101
OX637743.1 418500000 419000000 1463.9947
OX637743.1 419000000 419500000 1461.2687
OX637743.1 419500000 420000000 1459.90974
OX637743.1 420000000 420500000 1459.01705
OX637743.1 420500000 421000000 1459.07225
OX637743.1 421000000 421500000 1459.48916
OX637743.1 421500000 422000000 1457.33388
OX637743.1 422000000 422500000 1457.0
OX637743.1 422500000 423000000 1457.0
OX637743.1 423000000 423500000 1457.0
OX637743.1 423500000 424000000 1455.6422
OX637743.1 424000000 424500000 1454.95407
OX637743.1 424500000 425000000 1454.0
OX637743.1 425000000 425500000 1453.1498
OX637743.1 425500000 426000000 1453.85267
OX637743.1 426000000 426500000 1454.00181
OX637743.1 426500000 427000000 1453.99487
OX637743.1 427000000 427500000 1454.0
OX637743.1 427500000 428000000 1453.63256
OX637743.1 428000000 428500000 1448.77142
OX637743.1 428500000 429000000 1445.27562
OX637743.1 429000000 429500000 1444.91182
OX637743.1 429500000 430000000 1444.39421
OX637743.1 430000000 430500000 1442.95442
OX637743.1 430500000 431000000 1441.13198
OX637743.1 431000000 431500000 1437.85224
OX637743.1 431500000 432000000 1436.0
OX637743.1 432000000 432500000 1434.83988
OX637743.1 432500000 433000000 1432.37761
OX637743.1 433000000 433500000 1431.7935
OX637743.1 433500000 434000000 1430.80457
OX637743.1 434000000 434500000 1428.43034
OX637743.1 434500000 435000000 1427.0
OX637743.1 435000000 435500000 1427.0
OX637743.1 435500000 436000000 1426.63816
OX637743.1 436000000 436500000 1425.57405
OX637743.1 436500000 437000000 1423.85938
OX637743.1 437000000 437500000 1422.48795
OX637743.1 437500000 438000000 1421.50177
OX637743.1 438000000 438500000 1420.63992
OX637743.1 438500000 439000000 1419.2367
OX637743.1 439000000 439500000 1418.00154
OX637743.1 439500000 440000000 1417.62128
OX637743.1 440000000 440500000 1417.0
OX637743.1 440500000 441000000 1417.00293
OX637743.1 441000000 441500000 1416.63669
OX637743.1 441500000 442000000 1413.24377
OX637743.1 442000000 442500000 1412.70828
OX637743.1 442500000 443000000 1407.68581
OX637743.1 443000000 443500000 1402.63133
OX637743.1 443500000 444000000 1400.0
OX637743.1 444000000 444500000 1399.21974
OX637743.1 444500000 445000000 1398.0
OX637743.1 445000000 445500000 1396.46466
OX637743.1 445500000 446000000 1396.0
OX637743.1 446000000 446500000 1395.05713
OX637743.1 446500000 447000000 1391.69012
OX637743.1 447000000 447500000 1390.07275
OX637743.1 447500000 448000000 1390.96699
OX637743.1 448000000 448500000 1388.63522
OX637743.1 448500000 449000000 1386.13127
OX637743.1 449000000 449500000 1385.32562
OX637743.1 449500000 450000000 1383.01794
OX637743.1 450000000 450500000 1378.33259
OX637743.1 450500000 451000000 1377.30645
OX637743.1 451000000 451500000 1375.38106
OX637743.1 451500000 452000000 1373.48867
OX637743.1 452000000 452500000 1371.68674
OX637743.1 452500000 453000000 1371.39049
OX637743.1 453000000 453500000 1366.64855
OX637743.1 453500000 454000000 1360.89313
OX637743.1 454000000 454500000 1357.51072
OX637743.1 454500000 455000000 1354.96818
OX637743.1 455000000 455500000 1353.67326
OX637743.1 455500000 456000000 1350.54213
OX637743.1 456000000 456500000 1349.0
OX637743.1 456500000 457000000 1345.07194
OX637743.1 457000000 457500000 1342.32206
OX637743.1 457500000 458000000 1341.30134
OX637743.1 458000000 458500000 1337.18209
OX637743.1 458500000 459000000 1335.97277
OX637743.1 459000000 459500000 1333.95519
OX637743.1 459500000 460000000 1331.50447
OX637743.1 460000000 460500000 1329.0
OX637743.1 460500000 461000000 1328.34022
OX637743.1 461000000 461500000 1324.03871
OX637743.1 461500000 462000000 1317.40245
OX637743.1 462000000 462500000 1314.26582
OX637743.1 462500000 463000000 1310.21333
OX637743.1 463000000 463500000 1306.46739
OX637743.1 463500000 464000000 1303.0
OX637743.1 464000000 464500000 1301.36405
OX637743.1 464500000 465000000 1295.98523
OX637743.1 465000000 465500000 1291.12816
OX637743.1 465500000 466000000 1286.67789
OX637743.1 466000000 466500000 1283.77397
OX637743.1 466500000 467000000 1281.29855
OX637743.1 467000000 467500000 1278.83827
OX637743.1 467500000 468000000 1274.05558
OX637743.1 468000000 468500000 1269.85669
OX637743.1 468500000 469000000 1266.55221
OX637743.1 469000000 469500000 1264.55162
OX637743.1 469500000 470000000 1260.43145
OX637743.1 470000000 470500000 1258.43086
OX637743.1 470500000 471000000 1257.05709
OX637743.1 471000000 471500000 1250.42388
OX637743.1 471500000 472000000 1247.36274
OX637743.1 472000000 472500000 1242.90508
OX637743.1 472500000 473000000 1238.62355
OX637743.1 473000000 473500000 1233.03017
OX637743.1 473500000 474000000 1226.44954
OX637743.1 474000000 474500000 1219.66284
OX637743.1 474500000 475000000 1215.04049
OX637743.1 475000000 475500000 1212.92629
OX637743.1 475500000 476000000 1207.33801
OX637743.1 476000000 476500000 1202.51624
OX637743.1 476500000 477000000 1195.72298
OX637743.1 477000000 477500000 1185.93136
OX637743.1 477500000 478000000 1179.96623
OX637743.1 478000000 478500000 1178.34971
OX637743.1 478500000 479000000 1178.0
OX637743.1 479000000 479500000 1176.83398
OX637743.1 479500000 480000000 1174.71006
OX637743.1 480000000 480500000 1172.87751
OX637743.1 480500000 481000000 1170.5034
OX637743.1 481000000 481500000 1168.36908
OX637743.1 481500000 482000000 1167.18146
OX637743.1 482000000 482500000 1165.86915
OX637743.1 482500000 483000000 1160.34026
OX637743.1 483000000 483500000 1152.17526
OX637743.1 483500000 484000000 1146.79708
OX637743.1 484000000 484500000 1144.38318
OX637743.1 484500000 485000000 1133.45496
OX637743.1 485000000 485500000 1120.1709
OX637743.1 485500000 486000000 1107.83493
OX637743.1 486000000 486500000 1102.83932
OX637743.1 486500000 487000000 1097.27736
OX637743.1 487000000 487500000 1091.18294
OX637743.1 487500000 488000000 1076.762
OX637743.1 488000000 488500000 1061.99222
OX637743.1 488500000 489000000 1049.28858
OX637743.1 489000000 489500000 1036.09554
OX637743.1 489500000 490000000 1032.31964
OX637743.1 490000000 490500000 1025.06311
OX637743.1 490500000 491000000 1016.22458
OX637743.1 491000000 491500000 1008.29978
OX637743.1 491500000 492000000 999.91896
OX637743.1 492000000 492500000 993.60754
OX637743.1 492500000 493000000 981.38731
OX637743.1 493000000 493500000 966.69963
OX637743.1 493500000 494000000 953.9009
OX637743.1 494000000 494500000 943.354
OX637743.1 494500000 495000000 931.67081
OX637743.1 495000000 495500000 910.61727
OX637743.1 495500000 496000000 889.46002
OX637743.1 496000000 496500000 870.36402
OX637743.1 496500000 497000000 859.0995
OX637743.1 497000000 497500000 852.0
OX637743.1 497500000 498000000 836.68143
OX637743.1 498000000 498500000 814.39612
OX637743.1 498500000 499000000 794.41121
OX637743.1 499000000 499500000 767.0483
OX637743.1 499500000 500000000 751.67683
OX637743.1 500000000 500500000 735.98388
OX637743.1 500500000 501000000 704.38616
OX637743.1 501000000 501500000 677.72234
OX637743.1 501500000 502000000 656.43579
OX637743.1 502000000 502500000 622.77033
OX637743.1 502500000 503000000 586.12324
OX637743.1 503000000 503500000 556.97374
OX637743.1 503500000 504000000 522.81281
OX637743.1 504000000 504500000 502.58198
OX637743.1 504500000 505000000 472.54372
OX637743.1 505000000 505500000 425.36283
OX637743.1 505500000 506000000 389.37203
OX637743.1 506000000 506500000 361.56499
OX637743.1 506500000 507000000 298.97988
OX637743.1 507000000 507500000 269.19013
OX637743.1 507500000 508000000 232.61358
OX637743.1 508000000 508500000 198.0001
OX637743.1 508500000 509000000 155.54482
OX637743.1 509000000 509500000 145.10358
OX637743.1 509500000 510000000 127.4848
OX637743.1 510000000 510500000 89.39295
OX637743.1 510500000 511000000 56.28625
OX637743.1 511000000 511500000 55.70252
OX637743.1 511500000 512000000 51.38331
OX637743.1 512000000 512500000 27.38751
OX637743.1 512500000 513000000 11.03148
OX637743.1 513000000 513500000 5.85807
OX637743.1 513500000 514000000 2.0
OX637743.1 514000000 514500000 2.0
OX637743.1 514500000 515000000 1.7569
OX637743.1 515000000 515068141 0.0
OX637750.1 0 500000 23.49093
OX637750.1 500000 1000000 50.01837
OX637750.1 1000000 1500000 71.05838
OX637750.1 1500000 2000000 102.44602
OX637750.1 2000000 2500000 106.51937
OX637750.1 2500000 3000000 109.62657
OX637750.1 3000000 3500000 129.99276
OX637750.1 3500000 4000000 145.0
OX637750.1 4000000 4500000 154.78215
OX637750.1 4500000 5000000 171.94722
OX637750.1 5000000 5500000 195.25888
OX637750.1 5500000 6000000 197.0832
OX637750.1 6000000 6500000 199.39241
OX637750.1 6500000 7000000 213.75044
OX637750.1 7000000 7500000 242.90288
OX637750.1 7500000 8000000 259.35118
OX637750.1 8000000 8500000 265.87048
OX637750.1 8500000 9000000 267.0
OX637750.1 9000000 9500000 267.0
OX637750.1 9500000 10000000 267.0
OX637750.1 10000000 10500000 267.0
OX637750.1 10500000 11000000 269.29081
OX637750.1 11000000 11500000 288.69961
OX637750.1 11500000 12000000 300.38485
OX637750.1 12000000 12500000 311.73802
OX637750.1 12500000 13000000 319.58689
OX637750.1 13000000 13500000 331.49632
OX637750.1 13500000 14000000 347.98767
OX637750.1 14000000 14500000 358.62275
OX637750.1 14500000 15000000 366.83315
OX637750.1 15000000 15500000 373.7847
OX637750.1 15500000 16000000 389.29026
OX637750.1 16000000 16500000 401.36754
OX637750.1 16500000 17000000 411.19881
OX637750.1 17000000 17500000 420.97912
OX637750.1 17500000 18000000 437.42811
OX637750.1 18000000 18500000 444.36252
OX637750.1 18500000 19000000 446.31868
OX637750.1 19000000 19500000 448.85935
OX637750.1 19500000 20000000 449.0
OX637750.1 20000000 20500000 449.0
OX637750.1 20500000 21000000 449.0
OX637750.1 21000000 21500000 450.24331
OX637750.1 21500000 22000000 452.00391
OX637750.1 22000000 22500000 452.66373
OX637750.1 22500000 23000000 454.4317
OX637750.1 23000000 23500000 464.11941
OX637750.1 23500000 24000000 479.99088
OX637750.1 24000000 24500000 490.59877
OX637750.1 24500000 25000000 502.69623
OX637750.1 25000000 25500000 508.57383
OX637750.1 25500000 26000000 513.23207
OX637750.1 26000000 26500000 521.43554
OX637750.1 26500000 27000000 533.19188
OX637750.1 27000000 27500000 539.01359
OX637750.1 27500000 28000000 547.23483
OX637750.1 28000000 28500000 558.0371
OX637750.1 28500000 29000000 567.73342
OX637750.1 29000000 29500000 573.80099
OX637750.1 29500000 30000000 589.4364
OX637750.1 30000000 30500000 597.15459
OX637750.1 30500000 31000000 601.84409
OX637750.1 31000000 31500000 603.10728
OX637750.1 31500000 32000000 611.47619
OX637750.1 32000000 32500000 618.85111
OX637750.1 32500000 33000000 626.19895
OX637750.1 33000000 33500000 629.95108
OX637750.1 33500000 34000000 635.87711
OX637750.1 34000000 34500000 644.79254
OX637750.1 34500000 35000000 652.94707
OX637750.1 35000000 35500000 658.86228
OX637750.1 35500000 36000000 660.0
OX637750.1 36000000 36500000 660.0
OX637750.1 36500000 37000000 664.13053
OX637750.1 37000000 37500000 671.55711
OX637750.1 37500000 38000000 676.72776
OX637750.1 38000000 38500000 681.85338
OX637750.1 38500000 39000000 688.35558
OX637750.1 39000000 39500000 693.99138
OX637750.1 39500000 40000000 695.0
OX637750.1 40000000 40500000 696.59644
OX637750.1 40500000 41000000 700.33421
OX637750.1 41000000 41500000 702.17732
OX637750.1 41500000 42000000 706.65129
OX637750.1 42000000 42500000 711.12859
OX637750.1 42500000 43000000 713.11047
OX637750.1 43000000 43500000 715.37415
OX637750.1 43500000 44000000 719.42479
OX637750.1 44000000 44500000 724.47182
OX637750.1 44500000 45000000 726.52937
OX637750.1 45000000 45500000 727.0
OX637750.1 45500000 46000000 727.86619
OX637750.1 46000000 46500000 730.06256
OX637750.1 46500000 47000000 734.78317
OX637750.1 47000000 47500000 739.33621
OX637750.1 47500000 48000000 743.48768
OX637750.1 48000000 48500000 747.6655
OX637750.1 48500000 49000000 750.51613
OX637750.1 49000000 49500000 752.21749
OX637750.1 49500000 50000000 753.76319
OX637750.1 50000000 50500000 759.37432
OX637750.1 50500000 51000000 760.60095
OX637750.1 51000000 51500000 762.0458
OX637750.1 51500000 52000000 764.66009
OX637750.1 52000000 52500000 766.94197
OX637750.1 52500000 53000000 769.56506
OX637750.1 53000000 53500000 777.3168
OX637750.1 53500000 54000000 780.562
OX637750.1 54000000 54500000 781.88896
OX637750.1 54500000 55000000 782.38088
OX637750.1 55000000 55500000 784.11207
OX637750.1 55500000 56000000 785.85892
OX637750.1 56000000 56500000 789.14538
OX637750.1 56500000 57000000 790.00806
OX637750.1 57000000 57500000 790.0
OX637750.1 57500000 58000000 790.0
OX637750.1 58000000 58500000 790.0
OX637750.1 58500000 59000000 792.92924
OX637750.1 59000000 59500000 795.0
OX637750.1 59500000 60000000 795.0
OX637750.1 60000000 60500000 795.0
OX637750.1 60500000 61000000 798.55183
OX637750.1 61000000 61500000 801.38013
OX637750.1 61500000 62000000 804.37675
OX637750.1 62000000 62500000 806.0
OX637750.1 62500000 63000000 806.0
OX637750.1 63000000 63500000 808.06222
OX637750.1 63500000 64000000 811.72842
OX637750.1 64000000 64500000 813.18628
OX637750.1 64500000 65000000 819.01222
OX637750.1 65000000 65500000 821.0
OX637750.1 65500000 66000000 821.16369
OX637750.1 66000000 66500000 823.34988
OX637750.1 66500000 67000000 826.79874
OX637750.1 67000000 67500000 830.47052
OX637750.1 67500000 68000000 835.34116
OX637750.1 68000000 68500000 840.51909
OX637750.1 68500000 69000000 842.17589
OX637750.1 69000000 69500000 845.08483
OX637750.1 69500000 70000000 848.40047
OX637750.1 70000000 70500000 855.09789
OX637750.1 70500000 71000000 856.00744
OX637750.1 71000000 71500000 856.0
OX637750.1 71500000 72000000 856.34936
OX637750.1 72000000 72500000 859.11226
OX637750.1 72500000 73000000 861.0
OX637750.1 73000000 73500000 866.03371
OX637750.1 73500000 74000000 872.28416
OX637750.1 74000000 74500000 875.06609
OX637750.1 74500000 75000000 879.67206
OX637750.1 75000000 75500000 881.0
OX637750.1 75500000 76000000 881.19797
OX637750.1 76000000 76500000 885.28693
OX637750.1 76500000 77000000 888.0
OX637750.1 77000000 77500000 888.64035
OX637750.1 77500000 78000000 893.13448
OX637750.1 78000000 78500000 898.0
OX637750.1 78500000 79000000 899.04473
OX637750.1 79000000 79500000 901.72857
OX637750.1 79500000 80000000 903.55604
OX637750.1 80000000 80500000 904.0
OX637750.1 80500000 81000000 904.9946
OX637750.1 81000000 81500000 906.03068
OX637750.1 81500000 82000000 907.44434
OX637750.1 82000000 82500000 908.0
OX637750.1 82500000 83000000 910.60279
OX637750.1 83000000 83500000 914.48997
OX637750.1 83500000 84000000 915.53445
OX637750.1 84000000 84500000 916.39015
OX637750.1 84500000 85000000 918.07874
OX637750.1 85000000 85500000 919.0
OX637750.1 85500000 86000000 919.59512
OX637750.1 86000000 86500000 920.0
OX637750.1 86500000 87000000 922.5119
OX637750.1 87000000 87500000 924.99046
OX637750.1 87500000 88000000 926.80977
OX637750.1 88000000 88500000 933.73982
OX637750.1 88500000 89000000 935.97961
OX637750.1 89000000 89500000 938.01088
OX637750.1 89500000 90000000 942.03238
OX637750.1 90000000 90500000 944.0
OX637750.1 90500000 91000000 945.21599
OX637750.1 91000000 91500000 948.09233
OX637750.1 91500000 92000000 949.0
OX637750.1 92000000 92500000 949.83407
OX637750.1 92500000 93000000 950.0
OX637750.1 93000000 93500000 950.0
OX637750.1 93500000 94000000 955.0702
OX637750.1 94000000 94500000 958.0
OX637750.1 94500000 95000000 958.94938
OX637750.1 95000000 95500000 960.0
OX637750.1 95500000 96000000 960.52605
OX637750.1 96000000 96500000 962.3632
OX637750.1 96500000 97000000 963.5713
OX637750.1 97000000 97500000 965.69604
OX637750.1 97500000 98000000 967.0
OX637750.1 98000000 98500000 968.54904
OX637750.1 98500000 99000000 971.71114
OX637750.1 99000000 99500000 973.0
OX637750.1 99500000 100000000 973.21852
OX637750.1 100000000 100500000 975.81083
OX637750.1 100500000 101000000 976.09583
OX637750.1 101000000 101500000 978.49322
OX637750.1 101500000 102000000 979.0045
OX637750.1 102000000 102500000 979.11153
OX637750.1 102500000 103000000 980.18971
OX637750.1 103000000 103500000 981.00936
OX637750.1 103500000 104000000 981.01699
OX637750.1 104000000 104500000 981.6626
OX637750.1 104500000 105000000 984.59888
OX637750.1 105000000 105500000 986.47663
OX637750.1 105500000 106000000 987.944
OX637750.1 106000000 106500000 991.5283
OX637750.1 106500000 107000000 992.00724
OX637750.1 107000000 107500000 992.0
OX637750.1 107500000 108000000 992.00133
OX637750.1 108000000 108500000 993.41293
OX637750.1 108500000 109000000 996.05583
OX637750.1 109000000 109500000 998.75007
OX637750.1 109500000 110000000 999.0
OX637750.1 110000000 110500000 999.94147
OX637750.1 110500000 111000000 1001.84542
OX637750.1 111000000 111500000 1003.0
OX637750.1 111500000 112000000 1003.0
OX637750.1 112000000 112500000 1003.0
OX637750.1 112500000 113000000 1003.25212
OX637750.1 113000000 113500000 1006.91589
OX637750.1 113500000 114000000 1008.3071
OX637750.1 114000000 114500000 1010.9741
OX637750.1 114500000 115000000 1012.93723
OX637750.1 115000000 115500000 1013.0
OX637750.1 115500000 116000000 1013.60159
OX637750.1 116000000 116500000 1016.65464
OX637750.1 116500000 117000000 1017.00904
OX637750.1 117000000 117500000 1017.0
OX637750.1 117500000 118000000 1017.50677
OX637750.1 118000000 118500000 1019.11632
OX637750.1 118500000 119000000 1020.98187
OX637750.1 119000000 119500000 1024.0
OX637750.1 119500000 120000000 1024.82992
OX637750.1 120000000 120500000 1025.0
OX637750.1 120500000 121000000 1026.4349
OX637750.1 121000000 121500000 1029.39386
OX637750.1 121500000 122000000 1030.0
OX637750.1 122000000 122500000 1030.0
OX637750.1 122500000 123000000 1030.0
OX637750.1 123000000 123500000 1030.0
OX637750.1 123500000 124000000 1030.0
OX637750.1 124000000 124500000 1031.50592
OX637750.1 124500000 125000000 1032.30207
OX637750.1 125000000 125500000 1034.42645
OX637750.1 125500000 126000000 1035.80822
OX637750.1 126000000 126500000 1036.40545
OX637750.1 126500000 127000000 1038.61478
OX637750.1 127000000 127500000 1041.01114
OX637750.1 127500000 128000000 1041.0
OX637750.1 128000000 128500000 1041.0
OX637750.1 128500000 129000000 1041.1631
OX637750.1 129000000 129500000 1042.0
OX637750.1 129500000 130000000 1042.00241
OX637750.1 130000000 130500000 1042.01638
OX637750.1 130500000 131000000 1042.31965
OX637750.1 131000000 131500000 1043.30816
OX637750.1 131500000 132000000 1044.0
OX637750.1 132000000 132500000 1044.0
OX637750.1 132500000 133000000 1044.95243
OX637750.1 133000000 133500000 1046.0
OX637750.1 133500000 134000000 1046.22792
OX637750.1 134000000 134500000 1048.00158
OX637750.1 134500000 135000000 1051.22803
OX637750.1 135000000 135500000 1054.42062
OX637750.1 135500000 136000000 1055.0
OX637750.1 136000000 136500000 1055.90133
OX637750.1 136500000 137000000 1057.09007
OX637750.1 137000000 137500000 1060.26679
OX637750.1 137500000 138000000 1061.0
OX637750.1 138000000 138500000 1061.0
OX637750.1 138500000 139000000 1061.50437
OX637750.1 139000000 139500000 1062.0
OX637750.1 139500000 140000000 1062.81864
OX637750.1 140000000 140500000 1063.87879
OX637750.1 140500000 141000000 1065.00956
OX637750.1 141000000 141500000 1065.52646
OX637750.1 141500000 142000000 1066.0
OX637750.1 142000000 142500000 1069.08399
OX637750.1 142500000 143000000 1072.45453
OX637750.1 143000000 143500000 1073.01617
OX637750.1 143500000 144000000 1074.24056
OX637750.1 144000000 144500000 1076.64916
OX637750.1 144500000 145000000 1077.0
OX637750.1 145000000 145500000 1077.0
OX637750.1 145500000 146000000 1077.0
OX637750.1 146000000 146500000 1077.75457
OX637750.1 146500000 147000000 1078.58444
OX637750.1 147000000 147500000 1079.0
OX637750.1 147500000 148000000 1079.44479
OX637750.1 148000000 148500000 1082.0
OX637750.1 148500000 149000000 1082.93812
OX637750.1 149000000 149500000 1083.92412
OX637750.1 149500000 150000000 1084.0
OX637750.1 150000000 150500000 1084.0
OX637750.1 150500000 151000000 1084.7448
OX637750.1 151000000 151500000 1085.00843
OX637750.1 151500000 152000000 1085.0
OX637750.1 152000000 152500000 1085.66819
OX637750.1 152500000 153000000 1086.72495
OX637750.1 153000000 153500000 1088.46604
OX637750.1 153500000 154000000 1090.39181
OX637750.1 154000000 154500000 1091.0
OX637750.1 154500000 155000000 1091.0
OX637750.1 155000000 155500000 1091.45059
OX637750.1 155500000 156000000 1092.79105
OX637750.1 156000000 156500000 1093.3843
OX637750.1 156500000 157000000 1094.0
OX637750.1 157000000 157500000 1094.44911
OX637750.1 157500000 158000000 1095.00889
OX637750.1 158000000 158500000 1095.0
OX637750.1 158500000 159000000 1095.0
OX637750.1 159000000 159500000 1095.0
OX637750.1 159500000 160000000 1095.02853
OX637750.1 160000000 160500000 1096.84507
OX637750.1 160500000 161000000 1097.91904
OX637750.1 161000000 161500000 1097.05123
OX637750.1 161500000 162000000 1097.0
OX637750.1 162000000 162500000 1097.01774
OX637750.1 162500000 163000000 1097.94974
OX637750.1 163000000 163500000 1098.0
OX637750.1 163500000 164000000 1098.0
OX637750.1 164000000 164500000 1098.0
OX637750.1 164500000 165000000 1098.26864
OX637750.1 165000000 165500000 1099.0
OX637750.1 165500000 166000000 1100.60079
OX637750.1 166000000 166500000 1101.11664
OX637750.1 166500000 167000000 1102.02268
OX637750.1 167000000 167500000 1103.0
OX637750.1 167500000 168000000 1103.78676
OX637750.1 168000000 168500000 1104.0
OX637750.1 168500000 169000000 1104.0
OX637750.1 169000000 169500000 1104.00128
OX637750.1 169500000 170000000 1104.23893
OX637750.1 170000000 170500000 1105.0
OX637750.1 170500000 171000000 1105.9929
OX637750.1 171000000 171500000 1106.00952
OX637750.1 171500000 172000000 1106.31474
OX637750.1 172000000 172500000 1107.0
OX637750.1 172500000 173000000 1107.33727
OX637750.1 173000000 173500000 1108.65208
OX637750.1 173500000 174000000 1109.0
OX637750.1 174000000 174500000 1109.0
OX637750.1 174500000 175000000 1109.84556
OX637750.1 175000000 175500000 1110.00436
OX637750.1 175500000 176000000 1110.0
OX637750.1 176000000 176500000 1110.0
OX637750.1 176500000 177000000 1110.97773
OX637750.1 177000000 177500000 1112.0
OX637750.1 177500000 178000000 1112.0
OX637750.1 178000000 178500000 1112.79611
OX637750.1 178500000 179000000 1114.42432
OX637750.1 179000000 179500000 1115.0
OX637750.1 179500000 180000000 1115.0
OX637750.1 180000000 180500000 1115.0
OX637750.1 180500000 181000000 1115.0
OX637750.1 181000000 181500000 1115.0
OX637750.1 181500000 182000000 1115.0
OX637750.1 182000000 182500000 1115.0
OX637750.1 182500000 183000000 1115.0
OX637750.1 183000000 183500000 1115.54259
OX637750.1 183500000 184000000 1116.0
OX637750.1 184000000 184500000 1116.60391
OX637750.1 184500000 185000000 1117.95278
OX637750.1 185000000 185500000 1118.0
OX637750.1 185500000 186000000 1118.0
OX637750.1 186000000 186500000 1118.0
OX637750.1 186500000 187000000 1118.50315
OX637750.1 187000000 187500000 1119.48385
OX637750.1 187500000 188000000 1121.34422
OX637750.1 188000000 188500000 1122.0
OX637750.1 188500000 189000000 1122.0
OX637750.1 189000000 189500000 1122.51624
OX637750.1 189500000 190000000 1123.0
OX637750.1 190000000 190500000 1123.54695
OX637750.1 190500000 191000000 1124.00218
OX637750.1 191000000 191500000 1125.15572
OX637750.1 191500000 192000000 1126.0
OX637750.1 192000000 192500000 1126.00298
OX637750.1 192500000 193000000 1127.08136
OX637750.1 193000000 193500000 1128.0
OX637750.1 193500000 194000000 1128.0
OX637750.1 194000000 194500000 1128.0
OX637750.1 194500000 195000000 1128.71345
OX637750.1 195000000 195500000 1129.40343
OX637750.1 195500000 196000000 1130.27277
OX637750.1 196000000 196500000 1131.82254
OX637750.1 196500000 197000000 1132.0
OX637750.1 197000000 197500000 1132.0
OX637750.1 197500000 198000000 1132.0
OX637750.1 198000000 198500000 1132.0
OX637750.1 198500000 199000000 1131.50603
OX637750.1 199000000 199500000 1131.0
OX637750.1 199500000 200000000 1131.44257
OX637750.1 200000000 200500000 1133.0
OX637750.1 200500000 201000000 1133.01306
OX637750.1 201000000 201500000 1133.0
OX637750.1 201500000 202000000 1133.01018
OX637750.1 202000000 202500000 1133.5284
OX637750.1 202500000 203000000 1134.60507
OX637750.1 203000000 203500000 1136.11251
OX637750.1 203500000 204000000 1138.75959
OX637750.1 204000000 204500000 1140.60953
OX637750.1 204500000 205000000 1141.0
OX637750.1 205000000 205500000 1141.0
OX637750.1 205500000 206000000 1141.0
OX637750.1 206000000 206500000 1141.26764
OX637750.1 206500000 207000000 1142.00146
OX637750.1 207000000 207500000 1142.24386
OX637750.1 207500000 208000000 1143.10141
OX637750.1 208000000 208500000 1144.0
OX637750.1 208500000 209000000 1144.0
OX637750.1 209000000 209500000 1144.0
OX637750.1 209500000 210000000 1144.0
OX637750.1 210000000 210500000 1144.63794
OX637750.1 210500000 211000000 1145.00231
OX637750.1 211000000 211500000 1145.0
OX637750.1 211500000 212000000 1145.0
OX637750.1 212000000 212500000 1145.74638
OX637750.1 212500000 213000000 1146.0
OX637750.1 213000000 213500000 1146.0
OX637750.1 213500000 214000000 1146.0
OX637750.1 214000000 214500000 1146.0
OX637750.1 214500000 215000000 1146.0
OX637750.1 215000000 215500000 1146.0
OX637750.1 215500000 216000000 1146.0
OX637750.1 216000000 216500000 1146.0
OX637750.1 216500000 217000000 1146.0
OX637750.1 217000000 217500000 1146.0
OX637750.1 217500000 218000000 1146.0
OX637750.1 218000000 218500000 1145.65897
OX637750.1 218500000 219000000 1145.95075
OX637750.1 219000000 219500000 1146.0
OX637750.1 219500000 220000000 1146.00744
OX637750.1 220000000 220500000 1146.0
OX637750.1 220500000 221000000 1146.0
OX637750.1 221000000 221500000 1146.0
OX637750.1 221500000 222000000 1146.0
OX637750.1 222000000 222500000 1146.0
OX637750.1 222500000 223000000 1146.0
OX637750.1 223000000 223500000 1146.0
OX637750.1 223500000 224000000 1146.0
OX637750.1 224000000 224500000 1146.0
OX637750.1 224500000 225000000 1146.0
OX637750.1 225000000 225500000 1146.00552
OX637750.1 225500000 226000000 1146.0
OX637750.1 226000000 226500000 1146.28231
OX637750.1 226500000 227000000 1147.0
OX637750.1 227000000 227500000 1147.0
OX637750.1 227500000 228000000 1147.00968
OX637750.1 228000000 228500000 1147.0
OX637750.1 228500000 229000000 1147.0
OX637750.1 229000000 229500000 1147.00625
OX637750.1 229500000 230000000 1147.0
OX637750.1 230000000 230500000 1147.00249
OX637750.1 230500000 231000000 1147.0
OX637750.1 231000000 231500000 1147.0
OX637750.1 231500000 232000000 1147.00306
OX637750.1 232000000 232500000 1147.0
OX637750.1 232500000 233000000 1147.0
OX637750.1 233000000 233500000 1147.0
OX637750.1 233500000 234000000 1147.0
OX637750.1 234000000 234500000 1147.0
OX637750.1 234500000 235000000 1147.42372
OX637750.1 235000000 235500000 1148.25965
OX637750.1 235500000 236000000 1150.72157
OX637750.1 236000000 236500000 1151.61698
OX637750.1 236500000 237000000 1152.0
OX637750.1 237000000 237500000 1152.00386
OX637750.1 237500000 238000000 1152.0
OX637750.1 238000000 238500000 1152.0
OX637750.1 238500000 239000000 1152.0
OX637750.1 239000000 239500000 1152.52887
OX637750.1 239500000 240000000 1153.0
OX637750.1 240000000 240500000 1153.0
OX637750.1 240500000 241000000 1153.01505
OX637750.1 241000000 241500000 1153.46349
OX637750.1 241500000 242000000 1154.0
OX637750.1 242000000 242500000 1154.0
OX637750.1 242500000 243000000 1154.0
OX637750.1 243000000 243500000 1154.0
OX637750.1 243500000 244000000 1154.0
OX637750.1 244000000 244500000 1154.0
OX637750.1 244500000 245000000 1154.0
OX637750.1 245000000 245500000 1154.0
OX637750.1 245500000 246000000 1154.05918
OX637750.1 246000000 246500000 1155.42978
OX637750.1 246500000 247000000 1156.0
OX637750.1 247000000 247500000 1156.0
OX637750.1 247500000 248000000 1156.0
OX637750.1 248000000 248500000 1156.30716
OX637750.1 248500000 249000000 1157.07073
OX637750.1 249000000 249500000 1158.09713
OX637750.1 249500000 250000000 1159.0
OX637750.1 250000000 250500000 1159.0
OX637750.1 250500000 251000000 1159.0
OX637750.1 251000000 251500000 1159.0
OX637750.1 251500000 252000000 1159.0
OX637750.1 252000000 252500000 1159.0
OX637750.1 252500000 253000000 1159.00274
OX637750.1 253000000 253500000 1159.0
OX637750.1 253500000 254000000 1159.0
OX637750.1 254000000 254500000 1159.0
OX637750.1 254500000 255000000 1159.0
OX637750.1 255000000 255500000 1159.00146
OX637750.1 255500000 256000000 1159.0
OX637750.1 256000000 256500000 1159.0
OX637750.1 256500000 257000000 1159.0
OX637750.1 257000000 257500000 1158.98675
OX637750.1 257500000 258000000 1159.0
OX637750.1 258000000 258500000 1159.0
OX637750.1 258500000 259000000 1159.0
OX637750.1 259000000 259500000 1159.00767
OX637750.1 259500000 260000000 1159.31195
OX637750.1 260000000 260500000 1160.0
OX637750.1 260500000 261000000 1160.0
OX637750.1 261000000 261500000 1160.0
OX637750.1 261500000 262000000 1160.0
OX637750.1 262000000 262500000 1160.6894
OX637750.1 262500000 263000000 1162.6248
OX637750.1 263000000 263500000 1163.26978
OX637750.1 263500000 264000000 1164.00853
OX637750.1 264000000 264500000 1164.0
OX637750.1 264500000 265000000 1164.0
OX637750.1 265000000 265500000 1164.0
OX637750.1 265500000 266000000 1164.0
OX637750.1 266000000 266500000 1164.0
OX637750.1 266500000 267000000 1164.0
OX637750.1 267000000 267500000 1164.0
OX637750.1 267500000 268000000 1165.89525
OX637750.1 268000000 268500000 1166.0
OX637750.1 268500000 269000000 1166.00602
OX637750.1 269000000 269500000 1166.0
OX637750.1 269500000 270000000 1166.00235
OX637750.1 270000000 270500000 1166.0
OX637750.1 270500000 271000000 1166.0
OX637750.1 271000000 271500000 1166.0
OX637750.1 271500000 272000000 1165.55164
OX637750.1 272000000 272500000 1165.0
OX637750.1 272500000 273000000 1165.0
OX637750.1 273000000 273500000 1165.23719
OX637750.1 273500000 274000000 1166.0
OX637750.1 274000000 274500000 1166.42588
OX637750.1 274500000 275000000 1167.0
OX637750.1 275000000 275500000 1167.0
OX637750.1 275500000 276000000 1167.0
OX637750.1 276000000 276500000 1167.0
OX637750.1 276500000 277000000 1167.0
OX637750.1 277000000 277500000 1167.02552
OX637750.1 277500000 278000000 1167.0
OX637750.1 278000000 278500000 1167.0
OX637750.1 278500000 279000000 1167.0
OX637750.1 279000000 279500000 1167.0
OX637750.1 279500000 280000000 1167.0
OX637750.1 280000000 280500000 1168.46446
OX637750.1 280500000 281000000 1169.0
OX637750.1 281000000 281500000 1169.0
OX637750.1 281500000 282000000 1169.00147
OX637750.1 282000000 282500000 1169.0
OX637750.1 282500000 283000000 1169.0
OX637750.1 283000000 283500000 1169.0
OX637750.1 283500000 284000000 1169.0
OX637750.1 284000000 284500000 1169.0
OX637750.1 284500000 285000000 1169.0
OX637750.1 285000000 285500000 1169.129
OX637750.1 285500000 286000000 1171.0
OX637750.1 286000000 286500000 1171.0
OX637750.1 286500000 287000000 1171.00148
OX637750.1 287000000 287500000 1171.0
OX637750.1 287500000 288000000 1171.0
OX637750.1 288000000 288500000 1171.00648
OX637750.1 288500000 289000000 1171.00239
OX637750.1 289000000 289500000 1171.39196
OX637750.1 289500000 290000000 1173.0
OX637750.1 290000000 290500000 1173.0
OX637750.1 290500000 291000000 1172.71498
OX637750.1 291000000 291500000 1172.01113
OX637750.1 291500000 292000000 1172.0
OX637750.1 292000000 292500000 1172.00164
OX637750.1 292500000 293000000 1172.0
OX637750.1 293000000 293500000 1172.0
OX637750.1 293500000 294000000 1172.0
OX637750.1 294000000 294500000 1172.0
OX637750.1 294500000 295000000 1172.0
OX637750.1 295000000 295500000 1172.0
OX637750.1 295500000 296000000 1171.89743
OX637750.1 296000000 296500000 1171.0
OX637750.1 296500000 297000000 1171.0
OX637750.1 297000000 297500000 1171.0
OX637750.1 297500000 298000000 1171.0
OX637750.1 298000000 298500000 1171.0
OX637750.1 298500000 299000000 1171.0
OX637750.1 299000000 299500000 1171.41724
OX637750.1 299500000 300000000 1172.0
OX637750.1 300000000 300500000 1172.03611
OX637750.1 300500000 301000000 1173.0
OX637750.1 301000000 301500000 1172.63945
OX637750.1 301500000 302000000 1172.90727
OX637750.1 302000000 302500000 1173.0
OX637750.1 302500000 303000000 1173.0
OX637750.1 303000000 303500000 1173.0
OX637750.1 303500000 304000000 1173.86908
OX637750.1 304000000 304500000 1174.5765
OX637750.1 304500000 305000000 1175.66899
OX637750.1 305000000 305500000 1176.0
OX637750.1 305500000 306000000 1176.0
OX637750.1 306000000 306500000 1176.0
OX637750.1 306500000 307000000 1176.0
OX637750.1 307000000 307500000 1176.0
OX637750.1 307500000 308000000 1176.0
OX637750.1 308000000 308500000 1176.0
OX637750.1 308500000 309000000 1176.0
OX637750.1 309000000 309500000 1176.0
OX637750.1 309500000 310000000 1176.39675
OX637750.1 310000000 310500000 1177.0
OX637750.1 310500000 311000000 1177.48209
OX637750.1 311000000 311500000 1178.334
OX637750.1 311500000 312000000 1179.0
OX637750.1 312000000 312500000 1179.0
OX637750.1 312500000 313000000 1179.0
OX637750.1 313000000 313500000 1179.0
OX637750.1 313500000 314000000 1179.0
OX637750.1 314000000 314500000 1179.0
OX637750.1 314500000 315000000 1179.0
OX637750.1 315000000 315500000 1179.57289
OX637750.1 315500000 316000000 1180.0
OX637750.1 316000000 316500000 1180.0
OX637750.1 316500000 317000000 1179.78478
OX637750.1 317000000 317500000 1179.89692
OX637750.1 317500000 318000000 1180.99593
OX637750.1 318000000 318500000 1181.81392
OX637750.1 318500000 319000000 1182.0
OX637750.1 319000000 319500000 1182.50157
OX637750.1 319500000 320000000 1183.0
OX637750.1 320000000 320500000 1183.0
OX637750.1 320500000 321000000 1183.00141
OX637750.1 321000000 321500000 1183.0
OX637750.1 321500000 322000000 1183.0036
OX637750.1 322000000 322500000 1183.0
OX637750.1 322500000 323000000 1183.0
OX637750.1 323000000 323500000 1183.0
OX637750.1 323500000 324000000 1184.58401
OX637750.1 324000000 324500000 1187.08353
OX637750.1 324500000 325000000 1188.0
OX637750.1 325000000 325500000 1188.0
OX637750.1 325500000 326000000 1188.0
OX637750.1 326000000 326500000 1188.0
OX637750.1 326500000 327000000 1188.0
OX637750.1 327000000 327500000 1188.00179
OX637750.1 327500000 328000000 1188.0
OX637750.1 328000000 328500000 1188.0
OX637750.1 328500000 329000000 1188.00293
OX637750.1 329000000 329500000 1188.23316
OX637750.1 329500000 330000000 1189.0
OX637750.1 330000000 330500000 1189.0
OX637750.1 330500000 331000000 1189.00224
OX637750.1 331000000 331500000 1189.00237
OX637750.1 331500000 332000000 1189.0
OX637750.1 332000000 332500000 1189.0
OX637750.1 332500000 333000000 1189.0
OX637750.1 333000000 333500000 1189.60998
OX637750.1 333500000 334000000 1189.0
OX637750.1 334000000 334500000 1189.0
OX637750.1 334500000 335000000 1189.25028
OX637750.1 335000000 335500000 1190.0
OX637750.1 335500000 336000000 1190.0
OX637750.1 336000000 336500000 1190.00654
OX637750.1 336500000 337000000 1191.0
OX637750.1 337000000 337500000 1191.0
OX637750.1 337500000 338000000 1191.0
OX637750.1 338000000 338500000 1191.0
OX637750.1 338500000 339000000 1191.0
OX637750.1 339000000 339500000 1191.63313
OX637750.1 339500000 340000000 1194.0
OX637750.1 340000000 340500000 1194.0
OX637750.1 340500000 341000000 1194.01212
OX637750.1 341000000 341500000 1194.0
OX637750.1 341500000 342000000 1194.00269
OX637750.1 342000000 342500000 1194.01057
OX637750.1 342500000 343000000 1193.1549
OX637750.1 343000000 343500000 1193.01433
OX637750.1 343500000 344000000 1192.71754
OX637750.1 344000000 344500000 1193.69812
OX637750.1 344500000 345000000 1194.07444
OX637750.1 345000000 345500000 1195.0
OX637750.1 345500000 346000000 1195.0
OX637750.1 346000000 346500000 1195.0
OX637750.1 346500000 347000000 1195.21232
OX637750.1 347000000 347500000 1196.0
OX637750.1 347500000 348000000 1196.34217
OX637750.1 348000000 348500000 1197.0
OX637750.1 348500000 349000000 1197.68866
OX637750.1 349000000 349500000 1198.00125
OX637750.1 349500000 350000000 1198.0
OX637750.1 350000000 350500000 1198.0
OX637750.1 350500000 351000000 1198.0
OX637750.1 351000000 351500000 1198.74548
OX637750.1 351500000 352000000 1199.0
OX637750.1 352000000 352500000 1199.0
OX637750.1 352500000 353000000 1199.0
OX637750.1 353000000 353500000 1199.0
OX637750.1 353500000 354000000 1199.26897
OX637750.1 354000000 354500000 1200.0
OX637750.1 354500000 355000000 1200.02937
OX637750.1 355000000 355500000 1200.6362
OX637750.1 355500000 356000000 1201.0
OX637750.1 356000000 356500000 1201.0
OX637750.1 356500000 357000000 1200.39119
OX637750.1 357000000 357500000 1200.0
OX637750.1 357500000 358000000 1200.01344
OX637750.1 358000000 358500000 1200.0
OX637750.1 358500000 359000000 1200.0
OX637750.1 359000000 359500000 1200.00889
OX637750.1 359500000 360000000 1200.95005
OX637750.1 360000000 360500000 1201.0
OX637750.1 360500000 361000000 1201.10161
OX637750.1 361000000 361500000 1202.0
OX637750.1 361500000 362000000 1202.00128
OX637750.1 362000000 362500000 1202.0
OX637750.1 362500000 363000000 1202.0
OX637750.1 363000000 363500000 1202.0
OX637750.1 363500000 364000000 1202.0
OX637750.1 364000000 364500000 1201.56993
OX637750.1 364500000 365000000 1201.0
OX637750.1 365000000 365500000 1201.01608
OX637750.1 365500000 366000000 1201.0
OX637750.1 366000000 366500000 1201.00792
OX637750.1 366500000 367000000 1201.44537
OX637750.1 367000000 367500000 1202.16153
OX637750.1 367500000 368000000 1202.99116
OX637750.1 368000000 368500000 1203.0
OX637750.1 368500000 369000000 1203.0
OX637750.1 369000000 369500000 1203.0
OX637750.1 369500000 370000000 1203.0
OX637750.1 370000000 370500000 1203.00432
OX637750.1 370500000 371000000 1203.0
OX637750.1 371000000 371500000 1203.0
OX637750.1 371500000 372000000 1203.0
OX637750.1 372000000 372500000 1203.71153
OX637750.1 372500000 373000000 1204.03362
OX637750.1 373000000 373500000 1204.0
OX637750.1 373500000 374000000 1204.0
OX637750.1 374000000 374500000 1204.00378
OX637750.1 374500000 375000000 1204.0
OX637750.1 375000000 375500000 1204.0
OX637750.1 375500000 376000000 1204.0
OX637750.1 376000000 376500000 1204.0
OX637750.1 376500000 377000000 1204.0
OX637750.1 377000000 377500000 1204.01374
OX637750.1 377500000 378000000 1204.0
OX637750.1 378000000 378500000 1204.0
OX637750.1 378500000 379000000 1203.3856
OX637750.1 379000000 379500000 1203.0
OX637750.1 379500000 380000000 1203.33215
OX637750.1 380000000 380500000 1204.00604
OX637750.1 380500000 381000000 1204.00025
OX637750.1 381000000 381500000 1204.0
OX637750.1 381500000 382000000 1204.0
OX637750.1 382000000 382500000 1204.0
OX637750.1 382500000 383000000 1204.00239
OX637750.1 383000000 383500000 1204.27191
OX637750.1 383500000 384000000 1205.0
OX637750.1 384000000 384500000 1205.0
OX637750.1 384500000 385000000 1205.0
OX637750.1 385000000 385500000 1205.73721
OX637750.1 385500000 386000000 1206.0
OX637750.1 386000000 386500000 1206.0184
OX637750.1 386500000 387000000 1206.0
OX637750.1 387000000 387500000 1206.44198
OX637750.1 387500000 388000000 1207.0
OX637750.1 388000000 388500000 1207.0
OX637750.1 388500000 389000000 1207.0
OX637750.1 389000000 389500000 1207.0
OX637750.1 389500000 390000000 1207.0
OX637750.1 390000000 390500000 1207.00703
OX637750.1 390500000 391000000 1207.0
OX637750.1 391000000 391500000 1207.77175
OX637750.1 391500000 392000000 1208.0
OX637750.1 392000000 392500000 1208.0
OX637750.1 392500000 393000000 1208.0
OX637750.1 393000000 393500000 1207.32073
OX637750.1 393500000 394000000 1206.73623
OX637750.1 394000000 394500000 1206.0164
OX637750.1 394500000 395000000 1206.0
OX637750.1 395000000 395500000 1206.0
OX637750.1 395500000 396000000 1206.00624
OX637750.1 396000000 396500000 1206.0
OX637750.1 396500000 397000000 1206.0
OX637750.1 397000000 397500000 1206.00296
OX637750.1 397500000 398000000 1206.0
OX637750.1 398000000 398500000 1206.32829
OX637750.1 398500000 399000000 1208.0
OX637750.1 399000000 399500000 1208.0
OX637750.1 399500000 400000000 1208.0
OX637750.1 400000000 400500000 1208.0
OX637750.1 400500000 401000000 1208.00759
OX637750.1 401000000 401500000 1208.00848
OX637750.1 401500000 402000000 1208.0
OX637750.1 402000000 402500000 1207.97483
OX637750.1 402500000 403000000 1207.38023
OX637750.1 403000000 403500000 1208.0
OX637750.1 403500000 404000000 1208.0
OX637750.1 404000000 404500000 1208.0
OX637750.1 404500000 405000000 1208.20325
OX637750.1 405000000 405500000 1209.12159
OX637750.1 405500000 406000000 1209.52962
OX637750.1 406000000 406500000 1211.0
OX637750.1 406500000 407000000 1211.0
OX637750.1 407000000 407500000 1211.38369
OX637750.1 407500000 408000000 1211.0029
OX637750.1 408000000 408500000 1210.63297
OX637750.1 408500000 409000000 1210.00762
OX637750.1 409000000 409500000 1210.0
OX637750.1 409500000 410000000 1211.2205
OX637750.1 410000000 410500000 1212.0066
OX637750.1 410500000 411000000 1212.00228
OX637750.1 411000000 411500000 1212.0
OX637750.1 411500000 412000000 1211.44257
OX637750.1 412000000 412500000 1209.813
OX637750.1 412500000 413000000 1208.25909
OX637750.1 413000000 413500000 1208.0
OX637750.1 413500000 414000000 1208.0
OX637750.1 414000000 414500000 1208.0
OX637750.1 414500000 415000000 1208.0
OX637750.1 415000000 415500000 1208.0
OX637750.1 415500000 416000000 1208.0
OX637750.1 416000000 416500000 1208.0
OX637750.1 416500000 417000000 1208.0
OX637750.1 417000000 417500000 1208.9765
OX637750.1 417500000 418000000 1209.58744
OX637750.1 418000000 418500000 1209.0
OX637750.1 418500000 419000000 1209.00396
OX637750.1 419000000 419500000 1209.0
OX637750.1 419500000 420000000 1209.0
OX637750.1 420000000 420500000 1209.41847
OX637750.1 420500000 421000000 1210.0
OX637750.1 421000000 421500000 1210.02023
OX637750.1 421500000 422000000 1210.01108
OX637750.1 422000000 422500000 1209.85953
OX637750.1 422500000 423000000 1209.64288
OX637750.1 423000000 423500000 1210.0
OX637750.1 423500000 424000000 1210.21593
OX637750.1 424000000 424500000 1211.0
OX637750.1 424500000 425000000 1211.0
OX637750.1 425000000 425500000 1211.0
OX637750.1 425500000 426000000 1211.0
OX637750.1 426000000 426500000 1211.51145
OX637750.1 426500000 427000000 1212.0
OX637750.1 427000000 427500000 1212.0
OX637750.1 427500000 428000000 1212.0
OX637750.1 428000000 428500000 1212.00446
OX637750.1 428500000 429000000 1213.93446
OX637750.1 429000000 429500000 1214.00553
OX637750.1 429500000 430000000 1214.0
OX637750.1 430000000 430500000 1214.0
OX637750.1 430500000 431000000 1214.0
OX637750.1 431000000 431500000 1213.9997
OX637750.1 431500000 432000000 1213.0
OX637750.1 432000000 432500000 1213.0
OX637750.1 432500000 433000000 1213.00388
OX637750.1 433000000 433500000 1213.00258
OX637750.1 433500000 434000000 1213.00469
OX637750.1 434000000 434500000 1212.46618
OX637750.1 434500000 435000000 1212.0
OX637750.1 435000000 435500000 1212.00334
OX637750.1 435500000 436000000 1211.06912
OX637750.1 436000000 436500000 1211.0
OX637750.1 436500000 437000000 1210.36475
OX637750.1 437000000 437500000 1210.0
OX637750.1 437500000 438000000 1209.91783
OX637750.1 438000000 438500000 1209.01454
OX637750.1 438500000 439000000 1209.00189
OX637750.1 439000000 439500000 1209.00775
OX637750.1 439500000 440000000 1209.0
OX637750.1 440000000 440500000 1208.79187
OX637750.1 440500000 441000000 1208.0
OX637750.1 441000000 441500000 1208.00028
OX637750.1 441500000 442000000 1208.00618
OX637750.1 442000000 442500000 1208.34346
OX637750.1 442500000 443000000 1209.00227
OX637750.1 443000000 443500000 1209.0
OX637750.1 443500000 444000000 1208.57615
OX637750.1 444000000 444500000 1207.0
OX637750.1 444500000 445000000 1207.0
OX637750.1 445000000 445500000 1207.09164
OX637750.1 445500000 446000000 1208.75295
OX637750.1 446000000 446500000 1209.0
OX637750.1 446500000 447000000 1209.96032
OX637750.1 447000000 447500000 1211.0
OX637750.1 447500000 448000000 1211.0
OX637750.1 448000000 448500000 1211.0
OX637750.1 448500000 449000000 1210.05781
OX637750.1 449000000 449500000 1210.0
OX637750.1 449500000 450000000 1210.00433
OX637750.1 450000000 450500000 1210.01242
OX637750.1 450500000 451000000 1210.00351
OX637750.1 451000000 451500000 1210.0
OX637750.1 451500000 452000000 1210.44425
OX637750.1 452000000 452500000 1211.0
OX637750.1 452500000 453000000 1211.0
OX637750.1 453000000 453500000 1211.0
OX637750.1 453500000 454000000 1211.0
OX637750.1 454000000 454500000 1211.0
OX637750.1 454500000 455000000 1210.3916
OX637750.1 455000000 455500000 1210.00123
OX637750.1 455500000 456000000 1210.53746
OX637750.1 456000000 456500000 1211.73652
OX637750.1 456500000 457000000 1212.0
OX637750.1 457000000 457500000 1212.25604
OX637750.1 457500000 458000000 1212.87062
OX637750.1 458000000 458500000 1212.0
OX637750.1 458500000 459000000 1211.13481
OX637750.1 459000000 459500000 1211.0
OX637750.1 459500000 460000000 1211.0
OX637750.1 460000000 460500000 1211.0
OX637750.1 460500000 461000000 1211.77564
OX637750.1 461000000 461500000 1211.69697
OX637750.1 461500000 462000000 1211.80979
OX637750.1 462000000 462500000 1212.00196
OX637750.1 462500000 463000000 1212.0
OX637750.1 463000000 463500000 1211.56012
OX637750.1 463500000 464000000 1211.01126
OX637750.1 464000000 464500000 1211.88211
OX637750.1 464500000 465000000 1211.25724
OX637750.1 465000000 465500000 1210.97702
OX637750.1 465500000 466000000 1210.37304
OX637750.1 466000000 466500000 1209.29647
OX637750.1 466500000 467000000 1210.0
OX637750.1 467000000 467500000 1209.30261
OX637750.1 467500000 468000000 1209.0
OX637750.1 468000000 468500000 1208.82759
OX637750.1 468500000 469000000 1208.0
OX637750.1 469000000 469500000 1208.00867
OX637750.1 469500000 470000000 1208.0
OX637750.1 470000000 470500000 1207.87902
OX637750.1 470500000 471000000 1207.0
OX637750.1 471000000 471500000 1207.0
OX637750.1 471500000 472000000 1207.0
OX637750.1 472000000 472500000 1206.69948
OX637750.1 472500000 473000000 1205.00335
OX637750.1 473000000 473500000 1205.0
OX637750.1 473500000 474000000 1204.07411
OX637750.1 474000000 474500000 1204.70719
OX637750.1 474500000 475000000 1205.0
OX637750.1 475000000 475500000 1205.0
OX637750.1 475500000 476000000 1205.0
OX637750.1 476000000 476500000 1205.0
OX637750.1 476500000 477000000 1204.0706
OX637750.1 477000000 477500000 1204.01195
OX637750.1 477500000 478000000 1204.0
OX637750.1 478000000 478500000 1204.0
OX637750.1 478500000 479000000 1204.01401
OX637750.1 479000000 479500000 1204.01167
OX637750.1 479500000 480000000 1203.77637
OX637750.1 480000000 480500000 1203.0
OX637750.1 480500000 481000000 1203.0
OX637750.1 481000000 481500000 1203.00479
OX637750.1 481500000 482000000 1203.50406
OX637750.1 482000000 482500000 1205.03107
OX637750.1 482500000 483000000 1206.0
OX637750.1 483000000 483500000 1206.21403
OX637750.1 483500000 484000000 1207.01015
OX637750.1 484000000 484500000 1206.48317
OX637750.1 484500000 485000000 1206.0
OX637750.1 485000000 485500000 1206.0
OX637750.1 485500000 486000000 1206.0
OX637750.1 486000000 486500000 1206.00835
OX637750.1 486500000 487000000 1206.0
OX637750.1 487000000 487500000 1205.01584
OX637750.1 487500000 488000000 1205.00825
OX637750.1 488000000 488500000 1204.31056
OX637750.1 488500000 489000000 1201.8545
OX637750.1 489000000 489500000 1201.0
OX637750.1 489500000 490000000 1200.185
OX637750.1 490000000 490500000 1199.0
OX637750.1 490500000 491000000 1199.0
OX637750.1 491000000 491500000 1199.0
OX637750.1 491500000 492000000 1199.0
OX637750.1 492000000 492500000 1198.01399
OX637750.1 492500000 493000000 1198.00405
OX637750.1 493000000 493500000 1198.00366
OX637750.1 493500000 494000000 1198.00282
OX637750.1 494000000 494500000 1197.6658
OX637750.1 494500000 495000000 1197.00492
OX637750.1 495000000 495500000 1196.60711
OX637750.1 495500000 496000000 1196.0
OX637750.1 496000000 496500000 1196.0
OX637750.1 496500000 497000000 1195.96874
OX637750.1 497000000 497500000 1195.0
OX637750.1 497500000 498000000 1195.0
OX637750.1 498000000 498500000 1195.0
OX637750.1 498500000 499000000 1195.0
OX637750.1 499000000 499500000 1195.0
OX637750.1 499500000 500000000 1195.01318
OX637750.1 500000000 500500000 1195.0
OX637750.1 500500000 501000000 1194.56238
OX637750.1 501000000 501500000 1194.0
OX637750.1 501500000 502000000 1194.0
OX637750.1 502000000 502500000 1194.13075
OX637750.1 502500000 503000000 1195.00347
OX637750.1 503000000 503500000 1195.0
OX637750.1 503500000 504000000 1194.35584
OX637750.1 504000000 504500000 1194.00927
OX637750.1 504500000 505000000 1194.55621
OX637750.1 505000000 505500000 1195.74053
OX637750.1 505500000 506000000 1195.21399
OX637750.1 506000000 506500000 1195.0
OX637750.1 506500000 507000000 1194.94987
OX637750.1 507000000 507500000 1194.39633
OX637750.1 507500000 508000000 1194.0
OX637750.1 508000000 508500000 1193.42271
OX637750.1 508500000 509000000 1193.00139
OX637750.1 509000000 509500000 1193.00426
OX637750.1 509500000 510000000 1192.77338
OX637750.1 510000000 510500000 1192.00952
OX637750.1 510500000 511000000 1192.0214
OX637750.1 511000000 511500000 1191.56191
OX637750.1 511500000 512000000 1192.35918
OX637750.1 512000000 512500000 1191.17759
OX637750.1 512500000 513000000 1190.0
OX637750.1 513000000 513500000 1189.43479
OX637750.1 513500000 514000000 1189.0
OX637750.1 514000000 514500000 1189.0
OX637750.1 514500000 515000000 1189.0
OX637750.1 515000000 515500000 1189.48775
OX637750.1 515500000 516000000 1189.36484
OX637750.1 516000000 516500000 1189.0
OX637750.1 516500000 517000000 1189.01366
OX637750.1 517000000 517500000 1188.99202
OX637750.1 517500000 518000000 1189.3564
OX637750.1 518000000 518500000 1190.00194
OX637750.1 518500000 519000000 1190.0
OX637750.1 519000000 519500000 1190.00492
OX637750.1 519500000 520000000 1190.01453
OX637750.1 520000000 520500000 1190.0
OX637750.1 520500000 521000000 1190.0
OX637750.1 521000000 521500000 1189.17608
OX637750.1 521500000 522000000 1189.01128
OX637750.1 522000000 522500000 1189.01807
OX637750.1 522500000 523000000 1189.00847
OX637750.1 523000000 523500000 1188.93641
OX637750.1 523500000 524000000 1188.0458
OX637750.1 524000000 524500000 1188.0
OX637750.1 524500000 525000000 1188.19203
OX637750.1 525000000 525500000 1188.0
OX637750.1 525500000 526000000 1185.39472
OX637750.1 526000000 526500000 1185.87109
OX637750.1 526500000 527000000 1186.00379
OX637750.1 527000000 527500000 1186.00985
OX637750.1 527500000 528000000 1185.81394
OX637750.1 528000000 528500000 1184.71117
OX637750.1 528500000 529000000 1183.11677
OX637750.1 529000000 529500000 1183.0
OX637750.1 529500000 530000000 1184.12084
OX637750.1 530000000 530500000 1184.09853
OX637750.1 530500000 531000000 1182.39973
OX637750.1 531000000 531500000 1182.0
OX637750.1 531500000 532000000 1182.0
OX637750.1 532000000 532500000 1182.0
OX637750.1 532500000 533000000 1181.93562
OX637750.1 533000000 533500000 1181.00665
OX637750.1 533500000 534000000 1181.02103
OX637750.1 534000000 534500000 1178.94107
OX637750.1 534500000 535000000 1175.32294
OX637750.1 535000000 535500000 1175.0019
OX637750.1 535500000 536000000 1174.94778
OX637750.1 536000000 536500000 1174.00674
OX637750.1 536500000 537000000 1174.0
OX637750.1 537000000 537500000 1172.8704
OX637750.1 537500000 538000000 1171.0
OX637750.1 538000000 538500000 1170.27168
OX637750.1 538500000 539000000 1167.69431
OX637750.1 539000000 539500000 1164.80263
OX637750.1 539500000 540000000 1163.14511
OX637750.1 540000000 540500000 1162.0834
OX637750.1 540500000 541000000 1161.40324
OX637750.1 541000000 541500000 1160.86272
OX637750.1 541500000 542000000 1158.88067
OX637750.1 542000000 542500000 1157.2913
OX637750.1 542500000 543000000 1155.30221
OX637750.1 543000000 543500000 1155.00277
OX637750.1 543500000 544000000 1153.82062
OX637750.1 544000000 544500000 1152.53721
OX637750.1 544500000 545000000 1151.0
OX637750.1 545000000 545500000 1151.0
OX637750.1 545500000 546000000 1150.49322
OX637750.1 546000000 546500000 1149.39538
OX637750.1 546500000 547000000 1149.00911
OX637750.1 547000000 547500000 1148.81828
OX637750.1 547500000 548000000 1144.82048
OX637750.1 548000000 548500000 1143.02182
OX637750.1 548500000 549000000 1143.38644
OX637750.1 549000000 549500000 1142.11604
OX637750.1 549500000 550000000 1142.0
OX637750.1 550000000 550500000 1141.03046
OX637750.1 550500000 551000000 1140.01485
OX637750.1 551000000 551500000 1140.0033
OX637750.1 551500000 552000000 1138.47613
OX637750.1 552000000 552500000 1138.01404
OX637750.1 552500000 553000000 1137.3457
OX637750.1 553000000 553500000 1136.73527
OX637750.1 553500000 554000000 1136.24411
OX637750.1 554000000 554500000 1134.46738
OX637750.1 554500000 555000000 1133.82746
OX637750.1 555000000 555500000 1132.45009
OX637750.1 555500000 556000000 1130.42054
OX637750.1 556000000 556500000 1129.00025
OX637750.1 556500000 557000000 1129.13984
OX637750.1 557000000 557500000 1128.51575
OX637750.1 557500000 558000000 1126.4796
OX637750.1 558000000 558500000 1124.52123
OX637750.1 558500000 559000000 1123.65283
OX637750.1 559000000 559500000 1121.87799
OX637750.1 559500000 560000000 1118.54031
OX637750.1 560000000 560500000 1114.72737
OX637750.1 560500000 561000000 1113.12688
OX637750.1 561000000 561500000 1114.13544
OX637750.1 561500000 562000000 1113.04296
OX637750.1 562000000 562500000 1109.90485
OX637750.1 562500000 563000000 1107.92055
OX637750.1 563000000 563500000 1107.0
OX637750.1 563500000 564000000 1106.36137
OX637750.1 564000000 564500000 1105.82205
OX637750.1 564500000 565000000 1103.79087
OX637750.1 565000000 565500000 1101.28559
OX637750.1 565500000 566000000 1100.56071
OX637750.1 566000000 566500000 1100.00582
OX637750.1 566500000 567000000 1099.84126
OX637750.1 567000000 567500000 1098.51125
OX637750.1 567500000 568000000 1093.51186
OX637750.1 568000000 568500000 1089.44801
OX637750.1 568500000 569000000 1087.39769
OX637750.1 569000000 569500000 1083.1618
OX637750.1 569500000 570000000 1080.15321
OX637750.1 570000000 570500000 1077.70884
OX637750.1 570500000 571000000 1072.07153
OX637750.1 571000000 571500000 1067.04974
OX637750.1 571500000 572000000 1066.01474
OX637750.1 572000000 572500000 1063.39125
OX637750.1 572500000 573000000 1061.91573
OX637750.1 573000000 573500000 1060.26898
OX637750.1 573500000 574000000 1060.0
OX637750.1 574000000 574500000 1059.60976
OX637750.1 574500000 575000000 1057.06949
OX637750.1 575000000 575500000 1055.83306
OX637750.1 575500000 576000000 1052.35131
OX637750.1 576000000 576500000 1049.21404
OX637750.1 576500000 577000000 1046.66599
OX637750.1 577000000 577500000 1045.91668
OX637750.1 577500000 578000000 1041.58121
OX637750.1 578000000 578500000 1035.73657
OX637750.1 578500000 579000000 1030.42316
OX637750.1 579000000 579500000 1027.64113
OX637750.1 579500000 580000000 1025.08333
OX637750.1 580000000 580500000 1022.73898
OX637750.1 580500000 581000000 1019.98374
OX637750.1 581000000 581500000 1017.4431
OX637750.1 581500000 582000000 1012.67488
OX637750.1 582000000 582500000 1010.01271
OX637750.1 582500000 583000000 1008.77238
OX637750.1 583000000 583500000 1008.00226
OX637750.1 583500000 584000000 1007.38343
OX637750.1 584000000 584500000 1004.34464
OX637750.1 584500000 585000000 1001.87724
OX637750.1 585000000 585500000 1000.0
OX637750.1 585500000 586000000 999.46829
OX637750.1 586000000 586500000 995.66103
OX637750.1 586500000 587000000 993.18654
OX637750.1 587000000 587500000 990.0001
OX637750.1 587500000 588000000 989.95561
OX637750.1 588000000 588500000 988.98726
OX637750.1 588500000 589000000 982.9282
OX637750.1 589000000 589500000 977.95531
OX637750.1 589500000 590000000 970.00953
OX637750.1 590000000 590500000 964.04927
OX637750.1 590500000 591000000 959.05833
OX637750.1 591000000 591500000 952.96072
OX637750.1 591500000 592000000 947.34662
OX637750.1 592000000 592500000 943.49737
OX637750.1 592500000 593000000 939.27294
OX637750.1 593000000 593500000 935.94671
OX637750.1 593500000 594000000 931.1936
OX637750.1 594000000 594500000 927.2513
OX637750.1 594500000 595000000 925.01387
OX637750.1 595000000 595500000 922.08768
OX637750.1 595500000 596000000 918.81526
OX637750.1 596000000 596500000 917.00426
OX637750.1 596500000 597000000 916.79479
OX637750.1 597000000 597500000 910.87679
OX637750.1 597500000 598000000 909.25031
OX637750.1 598000000 598500000 905.16143
OX637750.1 598500000 599000000 900.09495
OX637750.1 599000000 599500000 896.13759
OX637750.1 599500000 600000000 892.49857
OX637750.1 600000000 600500000 889.49315
OX637750.1 600500000 601000000 883.31545
OX637750.1 601000000 601500000 873.22023
OX637750.1 601500000 602000000 865.89896
OX637750.1 602000000 602500000 863.57351
OX637750.1 602500000 603000000 861.39348
OX637750.1 603000000 603500000 852.62713
OX637750.1 603500000 604000000 842.86966
OX637750.1 604000000 604500000 834.88919
OX637750.1 604500000 605000000 831.06595
OX637750.1 605000000 605500000 826.42239
OX637750.1 605500000 606000000 816.84852
OX637750.1 606000000 606500000 804.56054
OX637750.1 606500000 607000000 794.24502
OX637750.1 607000000 607500000 786.29018
OX637750.1 607500000 608000000 775.35074
OX637750.1 608000000 608500000 769.21403
OX637750.1 608500000 609000000 764.52828
OX637750.1 609000000 609500000 753.24776
OX637750.1 609500000 610000000 744.50741
OX637750.1 610000000 610500000 735.1027
OX637750.1 610500000 611000000 725.70855
OX637750.1 611000000 611500000 715.13765
OX637750.1 611500000 612000000 701.02475
OX637750.1 612000000 612500000 688.32185
OX637750.1 612500000 613000000 677.52485
OX637750.1 613000000 613500000 664.60978
OX637750.1 613500000 614000000 652.23747
OX637750.1 614000000 614500000 635.3605
OX637750.1 614500000 615000000 624.37717
OX637750.1 615000000 615500000 606.19694
OX637750.1 615500000 616000000 588.54367
OX637750.1 616000000 616500000 571.20747
OX637750.1 616500000 617000000 540.93448
OX637750.1 617000000 617500000 523.21591
OX637750.1 617500000 618000000 498.01291
OX637750.1 618000000 618500000 464.90717
OX637750.1 618500000 619000000 433.70807
OX637750.1 619000000 619500000 398.60185
OX637750.1 619500000 620000000 372.07572
OX637750.1 620000000 620500000 337.15497
OX637750.1 620500000 621000000 323.0
OX637750.1 621000000 621500000 311.57086
OX637750.1 621500000 622000000 280.38587
OX637750.1 622000000 622500000 253.36187
OX637750.1 622500000 623000000 209.13971
OX637750.1 623000000 623500000 174.98064
OX637750.1 623500000 624000000 155.05738
OX637750.1 624000000 624500000 129.45821
OX637750.1 624500000 625000000 65.93615
OX637750.1 625000000 625500000 18.03399
OX637750.1 625500000 625625054 9.71092
OX637757.1 0 500000 0.0
OX637757.1 500000 1000000 0.0
OX637757.1 1000000 1500000 0.88785
OX637757.1 1500000 2000000 48.4095
OX637757.1 2000000 2500000 143.8885
OX637757.1 2500000 3000000 195.16418
OX637757.1 3000000 3500000 251.01816
OX637757.1 3500000 4000000 276.71286
OX637757.1 4000000 4500000 282.06706
OX637757.1 4500000 5000000 303.78039
OX637757.1 5000000 5500000 333.9986
OX637757.1 5500000 6000000 375.82018
OX637757.1 6000000 6500000 417.36856
OX637757.1 6500000 7000000 445.18312
OX637757.1 7000000 7500000 480.52451
OX637757.1 7500000 8000000 520.72237
OX637757.1 8000000 8500000 545.98793
OX637757.1 8500000 9000000 573.70719
OX637757.1 9000000 9500000 592.08539
OX637757.1 9500000 10000000 616.69328
OX637757.1 10000000 10500000 634.71692
OX637757.1 10500000 11000000 647.3572
OX637757.1 11000000 11500000 662.02233
OX637757.1 11500000 12000000 678.65466
OX637757.1 12000000 12500000 707.77865
OX637757.1 12500000 13000000 728.39427
OX637757.1 13000000 13500000 745.15583
OX637757.1 13500000 14000000 762.82278
OX637757.1 14000000 14500000 785.61498
OX637757.1 14500000 15000000 803.8373
OX637757.1 15000000 15500000 810.13206
OX637757.1 15500000 16000000 822.83504
OX637757.1 16000000 16500000 838.11771
OX637757.1 16500000 17000000 853.09578
OX637757.1 17000000 17500000 864.60817
OX637757.1 17500000 18000000 887.94316
OX637757.1 18000000 18500000 900.17137
OX637757.1 18500000 19000000 911.98506
OX637757.1 19000000 19500000 923.1059
OX637757.1 19500000 20000000 929.81301
OX637757.1 20000000 20500000 941.74483
OX637757.1 20500000 21000000 947.60753
OX637757.1 21000000 21500000 953.71157
OX637757.1 21500000 22000000 964.65335
OX637757.1 22000000 22500000 977.0184
OX637757.1 22500000 23000000 991.87116
OX637757.1 23000000 23500000 1001.11408
OX637757.1 23500000 24000000 1003.99837
OX637757.1 24000000 24500000 1014.7074
OX637757.1 24500000 25000000 1021.83921
OX637757.1 25000000 25500000 1033.96292
OX637757.1 25500000 26000000 1041.11978
OX637757.1 26000000 26500000 1047.0948
OX637757.1 26500000 27000000 1053.00829
OX637757.1 27000000 27500000 1059.71618
OX637757.1 27500000 28000000 1066.1381
OX637757.1 28000000 28500000 1072.64441
OX637757.1 28500000 29000000 1084.83613
OX637757.1 29000000 29500000 1094.59573
OX637757.1 29500000 30000000 1101.18961
OX637757.1 30000000 30500000 1104.54622
OX637757.1 30500000 31000000 1105.97619
OX637757.1 31000000 31500000 1108.65241
OX637757.1 31500000 32000000 1111.96831
OX637757.1 32000000 32500000 1116.84694
OX637757.1 32500000 33000000 1120.79253
OX637757.1 33000000 33500000 1124.95714
OX637757.1 33500000 34000000 1129.85585
OX637757.1 34000000 34500000 1134.21327
OX637757.1 34500000 35000000 1145.60222
OX637757.1 35000000 35500000 1153.66223
OX637757.1 35500000 36000000 1155.81737
OX637757.1 36000000 36500000 1158.32926
OX637757.1 36500000 37000000 1160.72466
OX637757.1 37000000 37500000 1169.10371
OX637757.1 37500000 38000000 1176.7265
OX637757.1 38000000 38500000 1185.51537
OX637757.1 38500000 39000000 1189.61603
OX637757.1 39000000 39500000 1193.31338
OX637757.1 39500000 40000000 1195.0
OX637757.1 40000000 40500000 1196.13267
OX637757.1 40500000 41000000 1201.21656
OX637757.1 41000000 41500000 1203.94149
OX637757.1 41500000 42000000 1215.17891
OX637757.1 42000000 42500000 1222.97944
OX637757.1 42500000 43000000 1229.25585
OX637757.1 43000000 43500000 1235.21797
OX637757.1 43500000 44000000 1237.33741
OX637757.1 44000000 44500000 1238.34781
OX637757.1 44500000 45000000 1239.63622
OX637757.1 45000000 45500000 1243.56479
OX637757.1 45500000 46000000 1248.10936
OX637757.1 46000000 46500000 1250.33836
OX637757.1 46500000 47000000 1253.046
OX637757.1 47000000 47500000 1255.3494
OX637757.1 47500000 48000000 1259.68157
OX637757.1 48000000 48500000 1262.43127
OX637757.1 48500000 49000000 1264.71491
OX637757.1 49000000 49500000 1267.38728
OX637757.1 49500000 50000000 1270.16658
OX637757.1 50000000 50500000 1273.22976
OX637757.1 50500000 51000000 1277.71153
OX637757.1 51000000 51500000 1279.73729
OX637757.1 51500000 52000000 1280.42784
OX637757.1 52000000 52500000 1283.14224
OX637757.1 52500000 53000000 1288.68936
OX637757.1 53000000 53500000 1293.13323
OX637757.1 53500000 54000000 1296.3744
OX637757.1 54000000 54500000 1301.64426
OX637757.1 54500000 55000000 1309.43657
OX637757.1 55000000 55500000 1314.31474
OX637757.1 55500000 56000000 1317.52943
OX637757.1 56000000 56500000 1321.54251
OX637757.1 56500000 57000000 1329.13292
OX637757.1 57000000 57500000 1332.98315
OX637757.1 57500000 58000000 1337.09682
OX637757.1 58000000 58500000 1340.93255
OX637757.1 58500000 59000000 1345.98151
OX637757.1 59000000 59500000 1347.72878
OX637757.1 59500000 60000000 1349.0
OX637757.1 60000000 60500000 1351.34035
OX637757.1 60500000 61000000 1354.72354
OX637757.1 61000000 61500000 1357.08919
OX637757.1 61500000 62000000 1359.56005
OX637757.1 62000000 62500000 1363.42971
OX637757.1 62500000 63000000 1364.12474
OX637757.1 63000000 63500000 1367.56109
OX637757.1 63500000 64000000 1369.88992
OX637757.1 64000000 64500000 1372.40022
OX637757.1 64500000 65000000 1373.10573
OX637757.1 65000000 65500000 1374.0
OX637757.1 65500000 66000000 1374.35452
OX637757.1 66000000 66500000 1375.8768
OX637757.1 66500000 67000000 1377.78793
OX637757.1 67000000 67500000 1380.95511
OX637757.1 67500000 68000000 1384.0
OX637757.1 68000000 68500000 1388.08557
OX637757.1 68500000 69000000 1392.22521
OX637757.1 69000000 69500000 1397.52705
OX637757.1 69500000 70000000 1400.53161
OX637757.1 70000000 70500000 1402.05488
OX637757.1 70500000 71000000 1403.83828
OX637757.1 71000000 71500000 1406.5616
OX637757.1 71500000 72000000 1408.74863
OX637757.1 72000000 72500000 1413.05831
OX637757.1 72500000 73000000 1416.1109
OX637757.1 73000000 73500000 1417.0019
OX637757.1 73500000 74000000 1417.0
OX637757.1 74000000 74500000 1417.66243
OX637757.1 74500000 75000000 1421.15593
OX637757.1 75000000 75500000 1426.92126
OX637757.1 75500000 76000000 1429.80073
OX637757.1 76000000 76500000 1431.0
OX637757.1 76500000 77000000 1431.0
OX637757.1 77000000 77500000 1431.88041
OX637757.1 77500000 78000000 1433.65391
OX637757.1 78000000 78500000 1436.00163
OX637757.1 78500000 79000000 1436.2502
OX637757.1 79000000 79500000 1439.43765
OX637757.1 79500000 80000000 1444.22348
OX637757.1 80000000 80500000 1447.01823
OX637757.1 80500000 81000000 1448.60396
OX637757.1 81000000 81500000 1452.41296
OX637757.1 81500000 82000000 1455.17737
OX637757.1 82000000 82500000 1457.6293
OX637757.1 82500000 83000000 1458.0
OX637757.1 83000000 83500000 1460.10333
OX637757.1 83500000 84000000 1461.06583
OX637757.1 84000000 84500000 1462.93031
OX637757.1 84500000 85000000 1464.20833
OX637757.1 85000000 85500000 1466.1169
OX637757.1 85500000 86000000 1468.7601
OX637757.1 86000000 86500000 1471.1807
OX637757.1 86500000 87000000 1473.5591
OX637757.1 87000000 87500000 1475.45253
OX637757.1 87500000 88000000 1477.0956
OX637757.1 88000000 88500000 1478.90958
OX637757.1 88500000 89000000 1479.23082
OX637757.1 89000000 89500000 1480.64887
OX637757.1 89500000 90000000 1482.9845
OX637757.1 90000000 90500000 1483.5384
OX637757.1 90500000 91000000 1484.0
OX637757.1 91000000 91500000 1484.0
OX637757.1 91500000 92000000 1484.19078
OX637757.1 92000000 92500000 1485.48056
OX637757.1 92500000 93000000 1486.13369
OX637757.1 93000000 93500000 1489.1856
OX637757.1 93500000 94000000 1493.428
OX637757.1 94000000 94500000 1496.78794
OX637757.1 94500000 95000000 1498.70267
OX637757.1 95000000 95500000 1501.18384
OX637757.1 95500000 96000000 1510.13183
OX637757.1 96000000 96500000 1511.0
OX637757.1 96500000 97000000 1511.00179
OX637757.1 97000000 97500000 1511.12901
OX637757.1 97500000 98000000 1512.60126
OX637757.1 98000000 98500000 1513.96073
OX637757.1 98500000 99000000 1515.4714
OX637757.1 99000000 99500000 1516.51371
OX637757.1 99500000 100000000 1520.34826
OX637757.1 100000000 100500000 1522.95048
OX637757.1 100500000 101000000 1524.93534
OX637757.1 101000000 101500000 1525.0
OX637757.1 101500000 102000000 1525.0
OX637757.1 102000000 102500000 1525.24917
OX637757.1 102500000 103000000 1526.0
OX637757.1 103000000 103500000 1526.0
OX637757.1 103500000 104000000 1527.53443
OX637757.1 104000000 104500000 1528.00178
OX637757.1 104500000 105000000 1528.36346
OX637757.1 105000000 105500000 1529.50319
OX637757.1 105500000 106000000 1530.73818
OX637757.1 106000000 106500000 1533.0
OX637757.1 106500000 107000000 1533.35208
OX637757.1 107000000 107500000 1533.0
OX637757.1 107500000 108000000 1533.0
OX637757.1 108000000 108500000 1533.71087
OX637757.1 108500000 109000000 1536.03621
OX637757.1 109000000 109500000 1537.0
OX637757.1 109500000 110000000 1537.0
OX637757.1 110000000 110500000 1537.14761
OX637757.1 110500000 111000000 1539.58599
OX637757.1 111000000 111500000 1541.00421
OX637757.1 111500000 112000000 1542.95552
OX637757.1 112000000 112500000 1543.0
OX637757.1 112500000 113000000 1543.0
OX637757.1 113000000 113500000 1543.74627
OX637757.1 113500000 114000000 1545.55544
OX637757.1 114000000 114500000 1549.23757
OX637757.1 114500000 115000000 1551.56792
OX637757.1 115000000 115500000 1552.0
OX637757.1 115500000 116000000 1552.94232
OX637757.1 116000000 116500000 1554.52706
OX637757.1 116500000 117000000 1556.0
OX637757.1 117000000 117500000 1556.4558
OX637757.1 117500000 118000000 1557.0
OX637757.1 118000000 118500000 1558.70513
OX637757.1 118500000 119000000 1561.14841
OX637757.1 119000000 119500000 1562.0
OX637757.1 119500000 120000000 1562.0
OX637757.1 120000000 120500000 1562.0
OX637757.1 120500000 121000000 1562.81688
OX637757.1 121000000 121500000 1564.80676
OX637757.1 121500000 122000000 1567.0
OX637757.1 122000000 122500000 1567.0
OX637757.1 122500000 123000000 1567.15847
OX637757.1 123000000 123500000 1568.0
OX637757.1 123500000 124000000 1568.0
OX637757.1 124000000 124500000 1568.0042
OX637757.1 124500000 125000000 1569.06694
OX637757.1 125000000 125500000 1570.0
OX637757.1 125500000 126000000 1570.0
OX637757.1 126000000 126500000 1570.76446
OX637757.1 126500000 127000000 1571.0
OX637757.1 127000000 127500000 1571.24884
OX637757.1 127500000 128000000 1574.16829
OX637757.1 128000000 128500000 1576.64818
OX637757.1 128500000 129000000 1579.35451
OX637757.1 129000000 129500000 1580.96035
OX637757.1 129500000 130000000 1581.78646
OX637757.1 130000000 130500000 1582.57841
OX637757.1 130500000 131000000 1583.17069
OX637757.1 131000000 131500000 1583.41373
OX637757.1 131500000 132000000 1584.0
OX637757.1 132000000 132500000 1584.58463
OX637757.1 132500000 133000000 1586.11283
OX637757.1 133000000 133500000 1587.0
OX637757.1 133500000 134000000 1587.0
OX637757.1 134000000 134500000 1587.0
OX637757.1 134500000 135000000 1587.0
OX637757.1 135000000 135500000 1587.0
OX637757.1 135500000 136000000 1587.76017
OX637757.1 136000000 136500000 1589.00786
OX637757.1 136500000 137000000 1590.0
OX637757.1 137000000 137500000 1590.00537
OX637757.1 137500000 138000000 1590.0
OX637757.1 138000000 138500000 1590.0
OX637757.1 138500000 139000000 1590.00182
OX637757.1 139000000 139500000 1590.0
OX637757.1 139500000 140000000 1590.0
OX637757.1 140000000 140500000 1590.0
OX637757.1 140500000 141000000 1591.70125
OX637757.1 141000000 141500000 1592.0
OX637757.1 141500000 142000000 1592.0
OX637757.1 142000000 142500000 1592.0
OX637757.1 142500000 143000000 1592.00752
OX637757.1 143000000 143500000 1592.45657
OX637757.1 143500000 144000000 1593.13364
OX637757.1 144000000 144500000 1593.37647
OX637757.1 144500000 145000000 1593.0
OX637757.1 145000000 145500000 1593.0
OX637757.1 145500000 146000000 1593.0
OX637757.1 146000000 146500000 1592.88972
OX637757.1 146500000 147000000 1592.28783
OX637757.1 147000000 147500000 1593.76861
OX637757.1 147500000 148000000 1594.0
OX637757.1 148000000 148500000 1594.88371
OX637757.1 148500000 149000000 1595.55929
OX637757.1 149000000 149500000 1596.0
OX637757.1 149500000 150000000 1596.0
OX637757.1 150000000 150500000 1597.42399
OX637757.1 150500000 151000000 1599.0
OX637757.1 151000000 151500000 1599.0
OX637757.1 151500000 152000000 1599.0
OX637757.1 152000000 152500000 1598.59322
OX637757.1 152500000 153000000 1599.00141
OX637757.1 153000000 153500000 1599.0
OX637757.1 153500000 154000000 1599.72441
OX637757.1 154000000 154500000 1600.0
OX637757.1 154500000 155000000 1600.00569
OX637757.1 155000000 155500000 1600.20306
OX637757.1 155500000 156000000 1601.0
OX637757.1 156000000 156500000 1601.40816
OX637757.1 156500000 157000000 1602.0
OX637757.1 157000000 157500000 1602.72663
OX637757.1 157500000 158000000 1605.53068
OX637757.1 158000000 158500000 1606.0
OX637757.1 158500000 159000000 1606.0
OX637757.1 159000000 159500000 1606.0
OX637757.1 159500000 160000000 1606.73918
OX637757.1 160000000 160500000 1607.0
OX637757.1 160500000 161000000 1607.02048
OX637757.1 161000000 161500000 1607.0
OX637757.1 161500000 162000000 1607.0
OX637757.1 162000000 162500000 1607.0
OX637757.1 162500000 163000000 1607.0
OX637757.1 163000000 163500000 1607.89597
OX637757.1 163500000 164000000 1609.5174
OX637757.1 164000000 164500000 1610.00817
OX637757.1 164500000 165000000 1610.84083
OX637757.1 165000000 165500000 1611.0
OX637757.1 165500000 166000000 1611.0
OX637757.1 166000000 166500000 1611.0
OX637757.1 166500000 167000000 1612.63508
OX637757.1 167000000 167500000 1613.0
OX637757.1 167500000 168000000 1613.0
OX637757.1 168000000 168500000 1613.0
OX637757.1 168500000 169000000 1613.60255
OX637757.1 169000000 169500000 1614.70051
OX637757.1 169500000 170000000 1615.0
OX637757.1 170000000 170500000 1615.04652
OX637757.1 170500000 171000000 1616.0
OX637757.1 171000000 171500000 1616.0
OX637757.1 171500000 172000000 1616.0
OX637757.1 172000000 172500000 1616.28879
OX637757.1 172500000 173000000 1617.0
OX637757.1 173000000 173500000 1617.46331
OX637757.1 173500000 174000000 1618.0
OX637757.1 174000000 174500000 1619.17023
OX637757.1 174500000 175000000 1621.1467
OX637757.1 175000000 175500000 1622.68809
OX637757.1 175500000 176000000 1623.0
OX637757.1 176000000 176500000 1623.0
OX637757.1 176500000 177000000 1623.0
OX637757.1 177000000 177500000 1623.0
OX637757.1 177500000 178000000 1623.0
OX637757.1 178000000 178500000 1623.0
OX637757.1 178500000 179000000 1622.72472
OX637757.1 179000000 179500000 1622.0
OX637757.1 179500000 180000000 1622.0
OX637757.1 180000000 180500000 1622.0
OX637757.1 180500000 181000000 1622.0
OX637757.1 181000000 181500000 1622.0
OX637757.1 181500000 182000000 1623.37849
OX637757.1 182000000 182500000 1623.73603
OX637757.1 182500000 183000000 1624.0
OX637757.1 183000000 183500000 1624.0
OX637757.1 183500000 184000000 1624.00104
OX637757.1 184000000 184500000 1624.0
OX637757.1 184500000 185000000 1624.0
OX637757.1 185000000 185500000 1625.52869
OX637757.1 185500000 186000000 1626.0
OX637757.1 186000000 186500000 1626.36232
OX637757.1 186500000 187000000 1627.0
OX637757.1 187000000 187500000 1627.0
OX637757.1 187500000 188000000 1627.00708
OX637757.1 188000000 188500000 1627.0
OX637757.1 188500000 189000000 1627.0
OX637757.1 189000000 189500000 1627.0
OX637757.1 189500000 190000000 1627.0
OX637757.1 190000000 190500000 1627.0
OX637757.1 190500000 191000000 1627.0
OX637757.1 191000000 191500000 1627.0
OX637757.1 191500000 192000000 1627.0
OX637757.1 192000000 192500000 1627.0
OX637757.1 192500000 193000000 1627.0
OX637757.1 193000000 193500000 1627.0
OX637757.1 193500000 194000000 1627.0
OX637757.1 194000000 194500000 1627.0
OX637757.1 194500000 195000000 1627.0
OX637757.1 195000000 195500000 1627.00207
OX637757.1 195500000 196000000 1627.0
OX637757.1 196000000 196500000 1627.0
OX637757.1 196500000 197000000 1627.0
OX637757.1 197000000 197500000 1627.89905
OX637757.1 197500000 198000000 1628.0
OX637757.1 198000000 198500000 1628.0
OX637757.1 198500000 199000000 1628.0
OX637757.1 199000000 199500000 1628.40505
OX637757.1 199500000 200000000 1629.0
OX637757.1 200000000 200500000 1629.0
OX637757.1 200500000 201000000 1629.0
OX637757.1 201000000 201500000 1629.0
OX637757.1 201500000 202000000 1629.00576
OX637757.1 202000000 202500000 1629.0
OX637757.1 202500000 203000000 1629.0
OX637757.1 203000000 203500000 1629.0
OX637757.1 203500000 204000000 1629.0
OX637757.1 204000000 204500000 1630.16557
OX637757.1 204500000 205000000 1631.0
OX637757.1 205000000 205500000 1630.99995
OX637757.1 205500000 206000000 1631.0
OX637757.1 206000000 206500000 1631.0
OX637757.1 206500000 207000000 1631.0
OX637757.1 207000000 207500000 1631.0
OX637757.1 207500000 208000000 1631.0
OX637757.1 208000000 208500000 1631.11447
OX637757.1 208500000 209000000 1632.0
OX637757.1 209000000 209500000 1632.0
OX637757.1 209500000 210000000 1632.0
OX637757.1 210000000 210500000 1632.0
OX637757.1 210500000 211000000 1631.54123
OX637757.1 211000000 211500000 1631.0
OX637757.1 211500000 212000000 1631.0
OX637757.1 212000000 212500000 1631.0
OX637757.1 212500000 213000000 1631.48435
OX637757.1 213000000 213500000 1632.0
OX637757.1 213500000 214000000 1633.39891
OX637757.1 214000000 214500000 1634.0
OX637757.1 214500000 215000000 1634.0
OX637757.1 215000000 215500000 1634.0
OX637757.1 215500000 216000000 1634.0
OX637757.1 216000000 216500000 1634.0
OX637757.1 216500000 217000000 1634.0
OX637757.1 217000000 217500000 1634.29993
OX637757.1 217500000 218000000 1635.0
OX637757.1 218000000 218500000 1635.0
OX637757.1 218500000 219000000 1635.0
OX637757.1 219000000 219500000 1635.0
OX637757.1 219500000 220000000 1635.0
OX637757.1 220000000 220500000 1635.37642
OX637757.1 220500000 221000000 1636.562
OX637757.1 221000000 221500000 1637.0
OX637757.1 221500000 222000000 1637.0
OX637757.1 222000000 222500000 1637.73002
OX637757.1 222500000 223000000 1638.0
OX637757.1 223000000 223500000 1638.01577
OX637757.1 223500000 224000000 1639.13474
OX637757.1 224000000 224500000 1640.0
OX637757.1 224500000 225000000 1640.36759
OX637757.1 225000000 225500000 1642.0
OX637757.1 225500000 226000000 1642.0
OX637757.1 226000000 226500000 1642.0
OX637757.1 226500000 227000000 1642.0
OX637757.1 227000000 227500000 1642.0
OX637757.1 227500000 228000000 1642.0
OX637757.1 228000000 228500000 1642.09188
OX637757.1 228500000 229000000 1642.3588
OX637757.1 229000000 229500000 1642.00019
OX637757.1 229500000 230000000 1642.0
OX637757.1 230000000 230500000 1642.0
OX637757.1 230500000 231000000 1642.87638
OX637757.1 231000000 231500000 1643.0
OX637757.1 231500000 232000000 1643.0
OX637757.1 232000000 232500000 1643.0
OX637757.1 232500000 233000000 1643.0
OX637757.1 233000000 233500000 1643.0
OX637757.1 233500000 234000000 1643.0
OX637757.1 234000000 234500000 1643.0
OX637757.1 234500000 235000000 1643.1784
OX637757.1 235000000 235500000 1644.0
OX637757.1 235500000 236000000 1644.0
OX637757.1 236000000 236500000 1643.97819
OX637757.1 236500000 237000000 1643.89687
OX637757.1 237000000 237500000 1645.00462
OX637757.1 237500000 238000000 1645.80437
OX637757.1 238000000 238500000 1646.00021
OX637757.1 238500000 239000000 1646.0
OX637757.1 239000000 239500000 1646.0
OX637757.1 239500000 240000000 1646.0
OX637757.1 240000000 240500000 1646.0
OX637757.1 240500000 241000000 1646.77234
OX637757.1 241000000 241500000 1647.0
OX637757.1 241500000 242000000 1647.0
OX637757.1 242000000 242500000 1647.00122
OX637757.1 242500000 243000000 1647.17424
OX637757.1 243000000 243500000 1648.447
OX637757.1 243500000 244000000 1650.0
OX637757.1 244000000 244500000 1650.0
OX637757.1 244500000 245000000 1650.0
OX637757.1 245000000 245500000 1650.0
OX637757.1 245500000 246000000 1650.11757
OX637757.1 246000000 246500000 1649.09032
OX637757.1 246500000 247000000 1649.0
OX637757.1 247000000 247500000 1649.0
OX637757.1 247500000 248000000 1649.0
OX637757.1 248000000 248500000 1649.43192
OX637757.1 248500000 249000000 1650.0
OX637757.1 249000000 249500000 1650.0
OX637757.1 249500000 250000000 1650.0
OX637757.1 250000000 250500000 1650.95094
OX637757.1 250500000 251000000 1651.0
OX637757.1 251000000 251500000 1651.28016
OX637757.1 251500000 252000000 1652.0
OX637757.1 252000000 252500000 1652.0
OX637757.1 252500000 253000000 1652.0
OX637757.1 253000000 253500000 1652.0
OX637757.1 253500000 254000000 1652.0
OX637757.1 254000000 254500000 1652.0
OX637757.1 254500000 255000000 1652.8805
OX637757.1 255000000 255500000 1653.0
OX637757.1 255500000 256000000 1653.0
OX637757.1 256000000 256500000 1653.0
OX637757.1 256500000 257000000 1653.0
OX637757.1 257000000 257500000 1653.0
OX637757.1 257500000 258000000 1653.0
OX637757.1 258000000 258500000 1652.74744
OX637757.1 258500000 259000000 1652.0
OX637757.1 259000000 259500000 1652.0
OX637757.1 259500000 260000000 1651.07449
OX637757.1 260000000 260500000 1650.63972
OX637757.1 260500000 261000000 1650.00618
OX637757.1 261000000 261500000 1650.0
OX637757.1 261500000 262000000 1649.86226
OX637757.1 262000000 262500000 1649.0
OX637757.1 262500000 263000000 1649.0
OX637757.1 263000000 263500000 1649.75776
OX637757.1 263500000 264000000 1650.0
OX637757.1 264000000 264500000 1649.49115
OX637757.1 264500000 265000000 1649.0
OX637757.1 265000000 265500000 1649.0
OX637757.1 265500000 266000000 1649.6554
OX637757.1 266000000 266500000 1650.0
OX637757.1 266500000 267000000 1650.00135
OX637757.1 267000000 267500000 1650.0
OX637757.1 267500000 268000000 1650.96914
OX637757.1 268000000 268500000 1652.00042
OX637757.1 268500000 269000000 1652.0
OX637757.1 269000000 269500000 1652.0
OX637757.1 269500000 270000000 1652.0
OX637757.1 270000000 270500000 1652.0
OX637757.1 270500000 271000000 1650.19916
OX637757.1 271000000 271500000 1650.0
OX637757.1 271500000 272000000 1649.31771
OX637757.1 272000000 272500000 1649.0
OX637757.1 272500000 273000000 1650.20192
OX637757.1 273000000 273500000 1651.0
OX637757.1 273500000 274000000 1650.15515
OX637757.1 274000000 274500000 1650.0
OX637757.1 274500000 275000000 1650.0
OX637757.1 275000000 275500000 1650.0
OX637757.1 275500000 276000000 1649.11512
OX637757.1 276000000 276500000 1649.0
OX637757.1 276500000 277000000 1649.0
OX637757.1 277000000 277500000 1649.66779
OX637757.1 277500000 278000000 1650.20421
OX637757.1 278000000 278500000 1651.14808
OX637757.1 278500000 279000000 1652.0
OX637757.1 279000000 279500000 1652.1295
OX637757.1 279500000 280000000 1653.0
OX637757.1 280000000 280500000 1653.49113
OX637757.1 280500000 281000000 1653.23865
OX637757.1 281000000 281500000 1653.0
OX637757.1 281500000 282000000 1653.0
OX637757.1 282000000 282500000 1653.0
OX637757.1 282500000 283000000 1653.0
OX637757.1 283000000 283500000 1653.0
OX637757.1 283500000 284000000 1652.46962
OX637757.1 284000000 284500000 1652.70296
OX637757.1 284500000 285000000 1653.0
OX637757.1 285000000 285500000 1653.6735
OX637757.1 285500000 286000000 1654.00325
OX637757.1 286000000 286500000 1654.00248
OX637757.1 286500000 287000000 1655.06178
OX637757.1 287000000 287500000 1655.0
OX637757.1 287500000 288000000 1655.79248
OX637757.1 288000000 288500000 1656.96328
OX637757.1 288500000 289000000 1657.0
OX637757.1 289000000 289500000 1657.0
OX637757.1 289500000 290000000 1657.0
OX637757.1 290000000 290500000 1657.0
OX637757.1 290500000 291000000 1657.0
OX637757.1 291000000 291500000 1657.0
OX637757.1 291500000 292000000 1657.0
OX637757.1 292000000 292500000 1657.00832
OX637757.1 292500000 293000000 1657.0
OX637757.1 293000000 293500000 1657.0
OX637757.1 293500000 294000000 1657.0
OX637757.1 294000000 294500000 1657.0
OX637757.1 294500000 295000000 1657.0
OX637757.1 295000000 295500000 1657.3792
OX637757.1 295500000 296000000 1658.0
OX637757.1 296000000 296500000 1658.0
OX637757.1 296500000 297000000 1658.7505
OX637757.1 297000000 297500000 1659.0
OX637757.1 297500000 298000000 1659.08976
OX637757.1 298000000 298500000 1660.33297
OX637757.1 298500000 299000000 1660.0
OX637757.1 299000000 299500000 1660.0
OX637757.1 299500000 300000000 1661.44706
OX637757.1 300000000 300500000 1662.0
OX637757.1 300500000 301000000 1661.80348
OX637757.1 301000000 301500000 1661.00663
OX637757.1 301500000 302000000 1661.69439
OX637757.1 302000000 302500000 1662.56698
OX637757.1 302500000 303000000 1663.40341
OX637757.1 303000000 303500000 1664.49957
OX637757.1 303500000 304000000 1666.0
OX637757.1 304000000 304500000 1666.00016
OX637757.1 304500000 305000000 1666.00039
OX637757.1 305000000 305500000 1666.0
OX637757.1 305500000 306000000 1666.45284
OX637757.1 306000000 306500000 1666.79014
OX637757.1 306500000 307000000 1666.0
OX637757.1 307000000 307500000 1666.00283
OX637757.1 307500000 308000000 1666.0
OX637757.1 308000000 308500000 1666.0
OX637757.1 308500000 309000000 1666.61649
OX637757.1 309000000 309500000 1667.0
OX637757.1 309500000 310000000 1667.90379
OX637757.1 310000000 310500000 1668.00478
OX637757.1 310500000 311000000 1668.0
OX637757.1 311000000 311500000 1668.63599
OX637757.1 311500000 312000000 1669.0
OX637757.1 312000000 312500000 1669.0
OX637757.1 312500000 313000000 1669.0
OX637757.1 313000000 313500000 1669.0
OX637757.1 313500000 314000000 1668.30876
OX637757.1 314000000 314500000 1668.0
OX637757.1 314500000 315000000 1668.79457
OX637757.1 315000000 315500000 1668.24576
OX637757.1 315500000 316000000 1669.0
OX637757.1 316000000 316500000 1669.0
OX637757.1 316500000 317000000 1670.31088
OX637757.1 317000000 317500000 1671.0
OX637757.1 317500000 318000000 1670.90186
OX637757.1 318000000 318500000 1673.45517
OX637757.1 318500000 319000000 1674.44596
OX637757.1 319000000 319500000 1674.0
OX637757.1 319500000 320000000 1674.46992
OX637757.1 320000000 320500000 1674.12465
OX637757.1 320500000 321000000 1674.0
OX637757.1 321000000 321500000 1674.64116
OX637757.1 321500000 322000000 1674.37044
OX637757.1 322000000 322500000 1673.42043
OX637757.1 322500000 323000000 1673.0
OX637757.1 323000000 323500000 1673.0
OX637757.1 323500000 324000000 1673.0
OX637757.1 324000000 324500000 1673.0
OX637757.1 324500000 325000000 1673.0
OX637757.1 325000000 325500000 1673.0
OX637757.1 325500000 326000000 1673.0
OX637757.1 326000000 326500000 1672.74562
OX637757.1 326500000 327000000 1672.04444
OX637757.1 327000000 327500000 1672.8579
OX637757.1 327500000 328000000 1671.71996
OX637757.1 328000000 328500000 1671.0
OX637757.1 328500000 329000000 1671.0
OX637757.1 329000000 329500000 1671.0013
OX637757.1 329500000 330000000 1671.0
OX637757.1 330000000 330500000 1670.74659
OX637757.1 330500000 331000000 1670.0
OX637757.1 331000000 331500000 1669.1809
OX637757.1 331500000 332000000 1669.05396
OX637757.1 332000000 332500000 1670.83205
OX637757.1 332500000 333000000 1671.54056
OX637757.1 333000000 333500000 1671.31863
OX637757.1 333500000 334000000 1671.00833
OX637757.1 334000000 334500000 1671.0
OX637757.1 334500000 335000000 1671.43904
OX637757.1 335000000 335500000 1671.0
OX637757.1 335500000 336000000 1671.68339
OX637757.1 336000000 336500000 1672.0
OX637757.1 336500000 337000000 1671.69286
OX637757.1 337000000 337500000 1670.01523
OX637757.1 337500000 338000000 1671.0
OX637757.1 338000000 338500000 1671.0
OX637757.1 338500000 339000000 1671.0
OX637757.1 339000000 339500000 1671.00017
OX637757.1 339500000 340000000 1671.50071
OX637757.1 340000000 340500000 1671.2619
OX637757.1 340500000 341000000 1670.60466
OX637757.1 341000000 341500000 1670.60817
OX637757.1 341500000 342000000 1672.1745
OX637757.1 342000000 342500000 1672.34705
OX637757.1 342500000 343000000 1673.23389
OX637757.1 343000000 343500000 1672.88664
OX637757.1 343500000 344000000 1673.00098
OX637757.1 344000000 344500000 1673.0
OX637757.1 344500000 345000000 1673.00194
OX637757.1 345000000 345500000 1673.55329
OX637757.1 345500000 346000000 1673.0
OX637757.1 346000000 346500000 1672.19575
OX637757.1 346500000 347000000 1672.16593
OX637757.1 347000000 347500000 1671.98578
OX637757.1 347500000 348000000 1671.0
OX637757.1 348000000 348500000 1671.24082
OX637757.1 348500000 349000000 1671.36386
OX637757.1 349000000 349500000 1672.62786
OX637757.1 349500000 350000000 1674.04047
OX637757.1 350000000 350500000 1675.04431
OX637757.1 350500000 351000000 1676.49641
OX637757.1 351000000 351500000 1676.7127
OX637757.1 351500000 352000000 1676.0
OX637757.1 352000000 352500000 1675.36984
OX637757.1 352500000 353000000 1674.05068
OX637757.1 353000000 353500000 1673.06501
OX637757.1 353500000 354000000 1673.0
OX637757.1 354000000 354500000 1673.0
OX637757.1 354500000 355000000 1673.0
OX637757.1 355000000 355500000 1672.16356
OX637757.1 355500000 356000000 1672.79939
OX637757.1 356000000 356500000 1673.0
OX637757.1 356500000 357000000 1672.40905
OX637757.1 357000000 357500000 1672.0
OX637757.1 357500000 358000000 1672.00545
OX637757.1 358000000 358500000 1671.13342
OX637757.1 358500000 359000000 1671.34228
OX637757.1 359000000 359500000 1672.00106
OX637757.1 359500000 360000000 1670.75717
OX637757.1 360000000 360500000 1670.0
OX637757.1 360500000 361000000 1669.95553
OX637757.1 361000000 361500000 1670.0
OX637757.1 361500000 362000000 1669.60236
OX637757.1 362000000 362500000 1669.0
OX637757.1 362500000 363000000 1669.0
OX637757.1 363000000 363500000 1669.00195
OX637757.1 363500000 364000000 1669.0
OX637757.1 364000000 364500000 1668.52136
OX637757.1 364500000 365000000 1667.33745
OX637757.1 365000000 365500000 1668.0
OX637757.1 365500000 366000000 1668.38466
OX637757.1 366000000 366500000 1667.15978
OX637757.1 366500000 367000000 1667.70099
OX637757.1 367000000 367500000 1667.25968
OX637757.1 367500000 368000000 1664.53935
OX637757.1 368000000 368500000 1663.92479
OX637757.1 368500000 369000000 1663.0
OX637757.1 369000000 369500000 1663.00534
OX637757.1 369500000 370000000 1663.0
OX637757.1 370000000 370500000 1662.44795
OX637757.1 370500000 371000000 1661.66939
OX637757.1 371000000 371500000 1659.02277
OX637757.1 371500000 372000000 1658.0758
OX637757.1 372000000 372500000 1655.36457
OX637757.1 372500000 373000000 1654.00355
OX637757.1 373000000 373500000 1653.42721
OX637757.1 373500000 374000000 1653.0
OX637757.1 374000000 374500000 1652.60075
OX637757.1 374500000 375000000 1652.64062
OX637757.1 375000000 375500000 1654.19646
OX637757.1 375500000 376000000 1654.63216
OX637757.1 376000000 376500000 1650.1272
OX637757.1 376500000 377000000 1649.01758
OX637757.1 377000000 377500000 1648.0318
OX637757.1 377500000 378000000 1647.73089
OX637757.1 378000000 378500000 1645.57122
OX637757.1 378500000 379000000 1643.9238
OX637757.1 379000000 379500000 1642.8325
OX637757.1 379500000 380000000 1643.00842
OX637757.1 380000000 380500000 1642.48627
OX637757.1 380500000 381000000 1641.26675
OX637757.1 381000000 381500000 1642.0
OX637757.1 381500000 382000000 1641.66792
OX637757.1 382000000 382500000 1640.42725
OX637757.1 382500000 383000000 1637.13591
OX637757.1 383000000 383500000 1636.08369
OX637757.1 383500000 384000000 1633.38347
OX637757.1 384000000 384500000 1632.0
OX637757.1 384500000 385000000 1628.55568
OX637757.1 385000000 385500000 1626.3063
OX637757.1 385500000 386000000 1624.46246
OX637757.1 386000000 386500000 1623.10655
OX637757.1 386500000 387000000 1620.78605
OX637757.1 387000000 387500000 1619.05521
OX637757.1 387500000 388000000 1619.0
OX637757.1 388000000 388500000 1617.35461
OX637757.1 388500000 389000000 1615.11272
OX637757.1 389000000 389500000 1615.89269
OX637757.1 389500000 390000000 1614.74101
OX637757.1 390000000 390500000 1613.5808
OX637757.1 390500000 391000000 1612.49641
OX637757.1 391000000 391500000 1611.00223
OX637757.1 391500000 392000000 1611.00826
OX637757.1 392000000 392500000 1611.64923
OX637757.1 392500000 393000000 1611.00028
OX637757.1 393000000 393500000 1610.58371
OX637757.1 393500000 394000000 1608.68684
OX637757.1 394000000 394500000 1607.6568
OX637757.1 394500000 395000000 1606.0
OX637757.1 395000000 395500000 1604.94338
OX637757.1 395500000 396000000 1601.86548
OX637757.1 396000000 396500000 1600.23641
OX637757.1 396500000 397000000 1601.35581
OX637757.1 397000000 397500000 1599.07281
OX637757.1 397500000 398000000 1598.3686
OX637757.1 398000000 398500000 1598.02935
OX637757.1 398500000 399000000 1596.47908
OX637757.1 399000000 399500000 1594.58691
OX637757.1 399500000 400000000 1595.0
OX637757.1 400000000 400500000 1594.66281
OX637757.1 400500000 401000000 1593.0
OX637757.1 401000000 401500000 1593.20269
OX637757.1 401500000 402000000 1591.63534
OX637757.1 402000000 402500000 1590.37128
OX637757.1 402500000 403000000 1586.22946
OX637757.1 403000000 403500000 1581.50956
OX637757.1 403500000 404000000 1579.85486
OX637757.1 404000000 404500000 1580.501
OX637757.1 404500000 405000000 1580.6054
OX637757.1 405000000 405500000 1578.46984
OX637757.1 405500000 406000000 1576.60055
OX637757.1 406000000 406500000 1573.97664
OX637757.1 406500000 407000000 1570.15671
OX637757.1 407000000 407500000 1566.99984
OX637757.1 407500000 408000000 1562.11194
OX637757.1 408000000 408500000 1557.29274
OX637757.1 408500000 409000000 1554.8206
OX637757.1 409000000 409500000 1550.67351
OX637757.1 409500000 410000000 1547.22018
OX637757.1 410000000 410500000 1541.42314
OX637757.1 410500000 411000000 1537.93503
OX637757.1 411000000 411500000 1534.09304
OX637757.1 411500000 412000000 1533.15798
OX637757.1 412000000 412500000 1531.32651
OX637757.1 412500000 413000000 1529.92628
OX637757.1 413000000 413500000 1526.9136
OX637757.1 413500000 414000000 1519.81506
OX637757.1 414000000 414500000 1513.14994
OX637757.1 414500000 415000000 1510.61677
OX637757.1 415000000 415500000 1509.10096
OX637757.1 415500000 416000000 1503.18436
OX637757.1 416000000 416500000 1497.99744
OX637757.1 416500000 417000000 1496.03054
OX637757.1 417000000 417500000 1493.3664
OX637757.1 417500000 418000000 1489.95252
OX637757.1 418000000 418500000 1486.84737
OX637757.1 418500000 419000000 1482.83934
OX637757.1 419000000 419500000 1477.79402
OX637757.1 419500000 420000000 1473.95819
OX637757.1 420000000 420500000 1469.28992
OX637757.1 420500000 421000000 1464.42574
OX637757.1 421000000 421500000 1458.23812
OX637757.1 421500000 422000000 1449.9503
OX637757.1 422000000 422500000 1445.98193
OX637757.1 422500000 423000000 1438.47366
OX637757.1 423000000 423500000 1433.88657
OX637757.1 423500000 424000000 1428.16189
OX637757.1 424000000 424500000 1426.0
OX637757.1 424500000 425000000 1424.00883
OX637757.1 425000000 425500000 1421.56844
OX637757.1 425500000 426000000 1420.95579
OX637757.1 426000000 426500000 1418.42423
OX637757.1 426500000 427000000 1416.50302
OX637757.1 427000000 427500000 1417.23814
OX637757.1 427500000 428000000 1416.0
OX637757.1 428000000 428500000 1416.0
OX637757.1 428500000 429000000 1414.14726
OX637757.1 429000000 429500000 1410.70506
OX637757.1 429500000 430000000 1406.27011
OX637757.1 430000000 430500000 1403.79186
OX637757.1 430500000 431000000 1405.0031
OX637757.1 431000000 431500000 1403.65104
OX637757.1 431500000 432000000 1401.77074
OX637757.1 432000000 432500000 1400.00091
OX637757.1 432500000 433000000 1397.96666
OX637757.1 433000000 433500000 1396.64566
OX637757.1 433500000 434000000 1397.0
OX637757.1 434000000 434500000 1395.99858
OX637757.1 434500000 435000000 1394.0
OX637757.1 435000000 435500000 1392.03612
OX637757.1 435500000 436000000 1389.46051
OX637757.1 436000000 436500000 1388.18889
OX637757.1 436500000 437000000 1385.2916
OX637757.1 437000000 437500000 1383.59461
OX637757.1 437500000 438000000 1380.27037
OX637757.1 438000000 438500000 1379.10482
OX637757.1 438500000 439000000 1378.89677
OX637757.1 439000000 439500000 1378.38653
OX637757.1 439500000 440000000 1376.80497
OX637757.1 440000000 440500000 1371.58886
OX637757.1 440500000 441000000 1369.34794
OX637757.1 441000000 441500000 1365.56381
OX637757.1 441500000 442000000 1360.90973
OX637757.1 442000000 442500000 1357.0583
OX637757.1 442500000 443000000 1354.04235
OX637757.1 443000000 443500000 1350.15779
OX637757.1 443500000 444000000 1348.02973
OX637757.1 444000000 444500000 1345.93775
OX637757.1 444500000 445000000 1341.19698
OX637757.1 445000000 445500000 1337.84915
OX637757.1 445500000 446000000 1337.58762
OX637757.1 446000000 446500000 1335.69048
OX637757.1 446500000 447000000 1332.72
OX637757.1 447000000 447500000 1329.60115
OX637757.1 447500000 448000000 1327.77838
OX637757.1 448000000 448500000 1325.62924
OX637757.1 448500000 449000000 1321.18518
OX637757.1 449000000 449500000 1318.41041
OX637757.1 449500000 450000000 1313.5639
OX637757.1 450000000 450500000 1306.10439
OX637757.1 450500000 451000000 1303.84303
OX637757.1 451000000 451500000 1299.02447
OX637757.1 451500000 452000000 1295.80112
OX637757.1 452000000 452500000 1292.86095
OX637757.1 452500000 453000000 1288.82315
OX637757.1 453000000 453500000 1284.0871
OX637757.1 453500000 454000000 1278.11135
OX637757.1 454000000 454500000 1273.32328
OX637757.1 454500000 455000000 1272.71379
OX637757.1 455000000 455500000 1269.37687
OX637757.1 455500000 456000000 1265.31319
OX637757.1 456000000 456500000 1259.39924
OX637757.1 456500000 457000000 1257.26012
OX637757.1 457000000 457500000 1252.19783
OX637757.1 457500000 458000000 1248.03081
OX637757.1 458000000 458500000 1247.0
OX637757.1 458500000 459000000 1245.99821
OX637757.1 459000000 459500000 1241.55966
OX637757.1 459500000 460000000 1239.68833
OX637757.1 460000000 460500000 1232.77593
OX637757.1 460500000 461000000 1229.07094
OX637757.1 461000000 461500000 1223.67539
OX637757.1 461500000 462000000 1219.9009
OX637757.1 462000000 462500000 1215.56462
OX637757.1 462500000 463000000 1207.77292
OX637757.1 463000000 463500000 1197.27651
OX637757.1 463500000 464000000 1194.88727
OX637757.1 464000000 464500000 1192.4622
OX637757.1 464500000 465000000 1189.40907
OX637757.1 465000000 465500000 1185.77781
OX637757.1 465500000 466000000 1178.50761
OX637757.1 466000000 466500000 1172.01102
OX637757.1 466500000 467000000 1167.33277
OX637757.1 467000000 467500000 1165.2338
OX637757.1 467500000 468000000 1165.0
OX637757.1 468000000 468500000 1162.91004
OX637757.1 468500000 469000000 1158.41359
OX637757.1 469000000 469500000 1152.50926
OX637757.1 469500000 470000000 1147.13785
OX637757.1 470000000 470500000 1134.47178
OX637757.1 470500000 471000000 1125.47724
OX637757.1 471000000 471500000 1114.20407
OX637757.1 471500000 472000000 1106.8956
OX637757.1 472000000 472500000 1098.26386
OX637757.1 472500000 473000000 1081.46452
OX637757.1 473000000 473500000 1062.25114
OX637757.1 473500000 474000000 1048.04014
OX637757.1 474000000 474500000 1034.31634
OX637757.1 474500000 475000000 1030.0
OX637757.1 475000000 475500000 1030.0
OX637757.1 475500000 476000000 1030.0
OX637757.1 476000000 476500000 1030.0
OX637757.1 476500000 477000000 1030.0
OX637757.1 477000000 477500000 1030.0
OX637757.1 477500000 478000000 1029.40149
OX637757.1 478000000 478500000 1025.73512
OX637757.1 478500000 479000000 1015.62472
OX637757.1 479000000 479500000 1001.80281
OX637757.1 479500000 480000000 982.77838
OX637757.1 480000000 480500000 966.71517
OX637757.1 480500000 481000000 950.47445
OX637757.1 481000000 481500000 932.10836
OX637757.1 481500000 482000000 920.32217
OX637757.1 482000000 482500000 895.4235
OX637757.1 482500000 483000000 877.31357
OX637757.1 483000000 483500000 861.28423
OX637757.1 483500000 484000000 849.39382
OX637757.1 484000000 484500000 833.4606
OX637757.1 484500000 485000000 810.71644
OX637757.1 485000000 485500000 792.08826
OX637757.1 485500000 486000000 784.95838
OX637757.1 486000000 486500000 763.13617
OX637757.1 486500000 487000000 738.52438
OX637757.1 487000000 487500000 714.35199
OX637757.1 487500000 488000000 687.53881
OX637757.1 488000000 488500000 645.55952
OX637757.1 488500000 489000000 590.2408
OX637757.1 489000000 489500000 551.61237
OX637757.1 489500000 490000000 531.18982
OX637757.1 490000000 490500000 486.07174
OX637757.1 490500000 491000000 451.56161
OX637757.1 491000000 491500000 443.39964
OX637757.1 491500000 492000000 388.53194
OX637757.1 492000000 492500000 326.93028
OX637757.1 492500000 493000000 261.76761
OX637757.1 493000000 493500000 178.27873
OX637757.1 493500000 494000000 132.49137
OX637757.1 494000000 494500000 65.50956
OX637757.1 494500000 495000000 55.0
OX637757.1 495000000 495234531 30.39689
OX637744.1 0 500000 0.0
OX637744.1 500000 1000000 35.51324
OX637744.1 1000000 1500000 84.0
OX637744.1 1500000 2000000 87.49732
OX637744.1 2000000 2500000 96.91846
OX637744.1 2500000 3000000 98.0
OX637744.1 3000000 3500000 111.33788
OX637744.1 3500000 4000000 157.00109
OX637744.1 4000000 4500000 168.98263
OX637744.1 4500000 5000000 206.25469
OX637744.1 5000000 5500000 210.0
OX637744.1 5500000 6000000 222.75043
OX637744.1 6000000 6500000 273.77453
OX637744.1 6500000 7000000 306.56486
OX637744.1 7000000 7500000 331.06037
OX637744.1 7500000 8000000 361.55476
OX637744.1 8000000 8500000 391.71886
OX637744.1 8500000 9000000 414.24127
OX637744.1 9000000 9500000 434.5868
OX637744.1 9500000 10000000 457.77742
OX637744.1 10000000 10500000 467.82675
OX637744.1 10500000 11000000 491.36885
OX637744.1 11000000 11500000 505.92939
OX637744.1 11500000 12000000 520.3182
OX637744.1 12000000 12500000 536.23207
OX637744.1 12500000 13000000 548.17834
OX637744.1 13000000 13500000 563.54653
OX637744.1 13500000 14000000 577.92187
OX637744.1 14000000 14500000 597.30075
OX637744.1 14500000 15000000 611.83858
OX637744.1 15000000 15500000 621.85708
OX637744.1 15500000 16000000 637.39853
OX637744.1 16000000 16500000 643.51391
OX637744.1 16500000 17000000 646.74657
OX637744.1 17000000 17500000 654.82872
OX637744.1 17500000 18000000 670.15673
OX637744.1 18000000 18500000 684.52624
OX637744.1 18500000 19000000 695.93578
OX637744.1 19000000 19500000 705.2967
OX637744.1 19500000 20000000 713.05163
OX637744.1 20000000 20500000 728.16534
OX637744.1 20500000 21000000 742.51268
OX637744.1 21000000 21500000 756.77867
OX637744.1 21500000 22000000 761.48572
OX637744.1 22000000 22500000 765.50827
OX637744.1 22500000 23000000 774.71946
OX637744.1 23000000 23500000 784.18029
OX637744.1 23500000 24000000 789.67852
OX637744.1 24000000 24500000 794.37907
OX637744.1 24500000 25000000 799.16625
OX637744.1 25000000 25500000 805.29844
OX637744.1 25500000 26000000 812.44134
OX637744.1 26000000 26500000 817.54196
OX637744.1 26500000 27000000 823.80735
OX637744.1 27000000 27500000 829.54763
OX637744.1 27500000 28000000 835.0867
OX637744.1 28000000 28500000 840.70259
OX637744.1 28500000 29000000 843.2398
OX637744.1 29000000 29500000 846.40833
OX637744.1 29500000 30000000 850.13976
OX637744.1 30000000 30500000 856.36925
OX637744.1 30500000 31000000 859.0
OX637744.1 31000000 31500000 862.13659
OX637744.1 31500000 32000000 868.00874
OX637744.1 32000000 32500000 874.55024
OX637744.1 32500000 33000000 877.84292
OX637744.1 33000000 33500000 888.05185
OX637744.1 33500000 34000000 892.79838
OX637744.1 34000000 34500000 902.50692
OX637744.1 34500000 35000000 904.42809
OX637744.1 35000000 35500000 908.09198
OX637744.1 35500000 36000000 912.14689
OX637744.1 36000000 36500000 916.07683
OX637744.1 36500000 37000000 921.19875
OX637744.1 37000000 37500000 923.0
OX637744.1 37500000 38000000 924.01826
OX637744.1 38000000 38500000 925.00888
OX637744.1 38500000 39000000 925.0258
OX637744.1 39000000 39500000 928.03222
OX637744.1 39500000 40000000 930.77188
OX637744.1 40000000 40500000 932.87412
OX637744.1 40500000 41000000 933.68234
OX637744.1 41000000 41500000 934.58258
OX637744.1 41500000 42000000 936.00566
OX637744.1 42000000 42500000 936.94151
OX637744.1 42500000 43000000 942.62684
OX637744.1 43000000 43500000 944.07355
OX637744.1 43500000 44000000 946.24883
OX637744.1 44000000 44500000 947.25171
OX637744.1 44500000 45000000 949.47621
OX637744.1 45000000 45500000 950.13823
OX637744.1 45500000 46000000 954.30592
OX637744.1 46000000 46500000 955.85694
OX637744.1 46500000 47000000 956.93983
OX637744.1 47000000 47500000 957.0
OX637744.1 47500000 48000000 958.40218
OX637744.1 48000000 48500000 960.41922
OX637744.1 48500000 49000000 962.77503
OX637744.1 49000000 49500000 967.51974
OX637744.1 49500000 50000000 970.70456
OX637744.1 50000000 50500000 975.93804
OX637744.1 50500000 51000000 980.07495
OX637744.1 51000000 51500000 982.97093
OX637744.1 51500000 52000000 988.14474
OX637744.1 52000000 52500000 993.82829
OX637744.1 52500000 53000000 997.97426
OX637744.1 53000000 53500000 1001.29827
OX637744.1 53500000 54000000 1002.0
OX637744.1 54000000 54500000 1004.17208
OX637744.1 54500000 55000000 1006.35471
OX637744.1 55000000 55500000 1008.7611
OX637744.1 55500000 56000000 1010.07431
OX637744.1 56000000 56500000 1011.0
OX637744.1 56500000 57000000 1011.0
OX637744.1 57000000 57500000 1011.01326
OX637744.1 57500000 58000000 1012.02996
OX637744.1 58000000 58500000 1014.18951
OX637744.1 58500000 59000000 1015.56858
OX637744.1 59000000 59500000 1016.96474
OX637744.1 59500000 60000000 1021.01695
OX637744.1 60000000 60500000 1026.07448
OX637744.1 60500000 61000000 1028.0
OX637744.1 61000000 61500000 1028.99612
OX637744.1 61500000 62000000 1029.0205
OX637744.1 62000000 62500000 1029.50067
OX637744.1 62500000 63000000 1031.88984
OX637744.1 63000000 63500000 1033.0
OX637744.1 63500000 64000000 1033.23622
OX637744.1 64000000 64500000 1035.00132
OX637744.1 64500000 65000000 1035.0
OX637744.1 65000000 65500000 1035.0
OX637744.1 65500000 66000000 1037.43679
OX637744.1 66000000 66500000 1040.0
OX637744.1 66500000 67000000 1040.00619
OX637744.1 67000000 67500000 1041.51725
OX637744.1 67500000 68000000 1043.7244
OX637744.1 68000000 68500000 1045.98229
OX637744.1 68500000 69000000 1047.66709
OX637744.1 69000000 69500000 1047.9859
OX637744.1 69500000 70000000 1049.03979
OX637744.1 70000000 70500000 1050.41275
OX637744.1 70500000 71000000 1056.78184
OX637744.1 71000000 71500000 1058.83152
OX637744.1 71500000 72000000 1060.9058
OX637744.1 72000000 72500000 1062.75489
OX637744.1 72500000 73000000 1065.51235
OX637744.1 73000000 73500000 1066.0
OX637744.1 73500000 74000000 1066.62347
OX637744.1 74000000 74500000 1068.71549
OX637744.1 74500000 75000000 1069.39185
OX637744.1 75000000 75500000 1070.44747
OX637744.1 75500000 76000000 1072.21557
OX637744.1 76000000 76500000 1073.15601
OX637744.1 76500000 77000000 1075.84342
OX637744.1 77000000 77500000 1077.0
OX637744.1 77500000 78000000 1077.41192
OX637744.1 78000000 78500000 1078.0
OX637744.1 78500000 79000000 1078.00826
OX637744.1 79000000 79500000 1078.00326
OX637744.1 79500000 80000000 1078.0
OX637744.1 80000000 80500000 1078.0
OX637744.1 80500000 81000000 1078.00813
OX637744.1 81000000 81500000 1078.45253
OX637744.1 81500000 82000000 1079.00623
OX637744.1 82000000 82500000 1080.29718
OX637744.1 82500000 83000000 1081.92912
OX637744.1 83000000 83500000 1082.03044
OX637744.1 83500000 84000000 1083.42785
OX637744.1 84000000 84500000 1084.0
OX637744.1 84500000 85000000 1084.84097
OX637744.1 85000000 85500000 1086.27506
OX637744.1 85500000 86000000 1087.04355
OX637744.1 86000000 86500000 1088.24185
OX637744.1 86500000 87000000 1089.0
OX637744.1 87000000 87500000 1089.98675
OX637744.1 87500000 88000000 1090.0
OX637744.1 88000000 88500000 1090.00421
OX637744.1 88500000 89000000 1091.67713
OX637744.1 89000000 89500000 1094.5774
OX637744.1 89500000 90000000 1095.93965
OX637744.1 90000000 90500000 1097.26834
OX637744.1 90500000 91000000 1098.0
OX637744.1 91000000 91500000 1098.0
OX637744.1 91500000 92000000 1098.0
OX637744.1 92000000 92500000 1098.0
OX637744.1 92500000 93000000 1098.0
OX637744.1 93000000 93500000 1098.96327
OX637744.1 93500000 94000000 1101.67924
OX637744.1 94000000 94500000 1104.0
OX637744.1 94500000 95000000 1104.0
OX637744.1 95000000 95500000 1105.00763
OX637744.1 95500000 96000000 1106.21674
OX637744.1 96000000 96500000 1107.54436
OX637744.1 96500000 97000000 1108.0
OX637744.1 97000000 97500000 1109.22166
OX637744.1 97500000 98000000 1110.0
OX637744.1 98000000 98500000 1110.43991
OX637744.1 98500000 99000000 1111.0
OX637744.1 99000000 99500000 1111.0
OX637744.1 99500000 100000000 1111.0
OX637744.1 100000000 100500000 1111.0648
OX637744.1 100500000 101000000 1112.03655
OX637744.1 101000000 101500000 1113.0
OX637744.1 101500000 102000000 1113.52272
OX637744.1 102000000 102500000 1115.26512
OX637744.1 102500000 103000000 1116.0
OX637744.1 103000000 103500000 1116.0
OX637744.1 103500000 104000000 1116.0
OX637744.1 104000000 104500000 1116.0
OX637744.1 104500000 105000000 1116.30163
OX637744.1 105000000 105500000 1117.53233
OX637744.1 105500000 106000000 1118.0
OX637744.1 106000000 106500000 1118.0
OX637744.1 106500000 107000000 1118.0
OX637744.1 107000000 107500000 1118.00228
OX637744.1 107500000 108000000 1118.0
OX637744.1 108000000 108500000 1119.67245
OX637744.1 108500000 109000000 1121.22072
OX637744.1 109000000 109500000 1122.01492
OX637744.1 109500000 110000000 1122.0
OX637744.1 110000000 110500000 1122.0
OX637744.1 110500000 111000000 1122.82918
OX637744.1 111000000 111500000 1124.0
OX637744.1 111500000 112000000 1124.0
OX637744.1 112000000 112500000 1124.60679
OX637744.1 112500000 113000000 1125.73426
OX637744.1 113000000 113500000 1125.7391
OX637744.1 113500000 114000000 1125.02905
OX637744.1 114000000 114500000 1126.0
OX637744.1 114500000 115000000 1126.0
OX637744.1 115000000 115500000 1126.05268
OX637744.1 115500000 116000000 1127.97012
OX637744.1 116000000 116500000 1130.57072
OX637744.1 116500000 117000000 1130.65638
OX637744.1 117000000 117500000 1130.0
OX637744.1 117500000 118000000 1130.16364
OX637744.1 118000000 118500000 1131.05759
OX637744.1 118500000 119000000 1132.0
OX637744.1 119000000 119500000 1132.0
OX637744.1 119500000 120000000 1132.16097
OX637744.1 120000000 120500000 1133.0
OX637744.1 120500000 121000000 1133.0
OX637744.1 121000000 121500000 1133.0
OX637744.1 121500000 122000000 1133.29832
OX637744.1 122000000 122500000 1134.59848
OX637744.1 122500000 123000000 1135.0
OX637744.1 123000000 123500000 1135.0
OX637744.1 123500000 124000000 1135.0
OX637744.1 124000000 124500000 1135.0
OX637744.1 124500000 125000000 1135.0
OX637744.1 125000000 125500000 1135.4187
OX637744.1 125500000 126000000 1136.39765
OX637744.1 126000000 126500000 1137.09475
OX637744.1 126500000 127000000 1139.83012
OX637744.1 127000000 127500000 1140.00032
OX637744.1 127500000 128000000 1140.0
OX637744.1 128000000 128500000 1140.0
OX637744.1 128500000 129000000 1140.0
OX637744.1 129000000 129500000 1140.0
OX637744.1 129500000 130000000 1140.99846
OX637744.1 130000000 130500000 1141.0
OX637744.1 130500000 131000000 1141.40752
OX637744.1 131000000 131500000 1142.0
OX637744.1 131500000 132000000 1142.00256
OX637744.1 132000000 132500000 1142.23659
OX637744.1 132500000 133000000 1143.0
OX637744.1 133000000 133500000 1143.0
OX637744.1 133500000 134000000 1143.0
OX637744.1 134000000 134500000 1143.0
OX637744.1 134500000 135000000 1143.0
OX637744.1 135000000 135500000 1143.0
OX637744.1 135500000 136000000 1144.20271
OX637744.1 136000000 136500000 1145.29542
OX637744.1 136500000 137000000 1146.0
OX637744.1 137000000 137500000 1146.0
OX637744.1 137500000 138000000 1146.0
OX637744.1 138000000 138500000 1146.0
OX637744.1 138500000 139000000 1146.0
OX637744.1 139000000 139500000 1146.0
OX637744.1 139500000 140000000 1146.0
OX637744.1 140000000 140500000 1146.0
OX637744.1 140500000 141000000 1146.0
OX637744.1 141000000 141500000 1146.0
OX637744.1 141500000 142000000 1146.0
OX637744.1 142000000 142500000 1146.0
OX637744.1 142500000 143000000 1146.0
OX637744.1 143000000 143500000 1146.0
OX637744.1 143500000 144000000 1146.0
OX637744.1 144000000 144500000 1146.0
OX637744.1 144500000 145000000 1146.0
OX637744.1 145000000 145500000 1146.0
OX637744.1 145500000 146000000 1146.0
OX637744.1 146000000 146500000 1146.0
OX637744.1 146500000 147000000 1146.0
OX637744.1 147000000 147500000 1146.0
OX637744.1 147500000 148000000 1146.0
OX637744.1 148000000 148500000 1146.0
OX637744.1 148500000 149000000 1146.01716
OX637744.1 149000000 149500000 1146.0
OX637744.1 149500000 150000000 1146.0
OX637744.1 150000000 150500000 1146.18514
OX637744.1 150500000 151000000 1147.0
OX637744.1 151000000 151500000 1147.0
OX637744.1 151500000 152000000 1148.83824
OX637744.1 152000000 152500000 1149.00261
OX637744.1 152500000 153000000 1149.0
OX637744.1 153000000 153500000 1149.72733
OX637744.1 153500000 154000000 1150.0
OX637744.1 154000000 154500000 1149.8058
OX637744.1 154500000 155000000 1149.0
OX637744.1 155000000 155500000 1149.02146
OX637744.1 155500000 156000000 1149.54539
OX637744.1 156000000 156500000 1150.0
OX637744.1 156500000 157000000 1150.0
OX637744.1 157000000 157500000 1150.57993
OX637744.1 157500000 158000000 1152.0
OX637744.1 158000000 158500000 1152.0
OX637744.1 158500000 159000000 1152.00147
OX637744.1 159000000 159500000 1152.0
OX637744.1 159500000 160000000 1152.61609
OX637744.1 160000000 160500000 1153.0
OX637744.1 160500000 161000000 1153.90808
OX637744.1 161000000 161500000 1154.16761
OX637744.1 161500000 162000000 1155.0
OX637744.1 162000000 162500000 1155.0
OX637744.1 162500000 163000000 1155.0
OX637744.1 163000000 163500000 1155.00596
OX637744.1 163500000 164000000 1156.41753
OX637744.1 164000000 164500000 1158.21768
OX637744.1 164500000 165000000 1159.0
OX637744.1 165000000 165500000 1159.0
OX637744.1 165500000 166000000 1159.0
OX637744.1 166000000 166500000 1159.0
OX637744.1 166500000 167000000 1159.0
OX637744.1 167000000 167500000 1159.0
OX637744.1 167500000 168000000 1159.02756
OX637744.1 168000000 168500000 1160.99138
OX637744.1 168500000 169000000 1161.0
OX637744.1 169000000 169500000 1161.0
OX637744.1 169500000 170000000 1161.6621
OX637744.1 170000000 170500000 1163.15887
OX637744.1 170500000 171000000 1164.0
OX637744.1 171000000 171500000 1164.00171
OX637744.1 171500000 172000000 1164.0
OX637744.1 172000000 172500000 1164.0
OX637744.1 172500000 173000000 1164.0
OX637744.1 173000000 173500000 1165.34865
OX637744.1 173500000 174000000 1166.0
OX637744.1 174000000 174500000 1166.0
OX637744.1 174500000 175000000 1166.0
OX637744.1 175000000 175500000 1166.44161
OX637744.1 175500000 176000000 1167.81305
OX637744.1 176000000 176500000 1168.39461
OX637744.1 176500000 177000000 1169.5395
OX637744.1 177000000 177500000 1171.00399
OX637744.1 177500000 178000000 1171.0
OX637744.1 178000000 178500000 1171.0
OX637744.1 178500000 179000000 1171.35466
OX637744.1 179000000 179500000 1172.0
OX637744.1 179500000 180000000 1171.38787
OX637744.1 180000000 180500000 1172.0
OX637744.1 180500000 181000000 1172.00447
OX637744.1 181000000 181500000 1173.18817
OX637744.1 181500000 182000000 1174.0
OX637744.1 182000000 182500000 1174.0
OX637744.1 182500000 183000000 1174.0
OX637744.1 183000000 183500000 1174.0
OX637744.1 183500000 184000000 1174.0
OX637744.1 184000000 184500000 1174.0
OX637744.1 184500000 185000000 1174.0
OX637744.1 185000000 185500000 1174.21269
OX637744.1 185500000 186000000 1175.0
OX637744.1 186000000 186500000 1175.0
OX637744.1 186500000 187000000 1175.22622
OX637744.1 187000000 187500000 1176.0
OX637744.1 187500000 188000000 1176.0
OX637744.1 188000000 188500000 1176.08672
OX637744.1 188500000 189000000 1177.68765
OX637744.1 189000000 189500000 1178.0
OX637744.1 189500000 190000000 1178.71981
OX637744.1 190000000 190500000 1179.0
OX637744.1 190500000 191000000 1179.78184
OX637744.1 191000000 191500000 1180.0
OX637744.1 191500000 192000000 1180.91081
OX637744.1 192000000 192500000 1181.0
OX637744.1 192500000 193000000 1181.00588
OX637744.1 193000000 193500000 1181.0
OX637744.1 193500000 194000000 1181.0
OX637744.1 194000000 194500000 1181.82011
OX637744.1 194500000 195000000 1182.0
OX637744.1 195000000 195500000 1182.0
OX637744.1 195500000 196000000 1182.0
OX637744.1 196000000 196500000 1182.92607
OX637744.1 196500000 197000000 1183.72431
OX637744.1 197000000 197500000 1184.0
OX637744.1 197500000 198000000 1184.00471
OX637744.1 198000000 198500000 1185.10341
OX637744.1 198500000 199000000 1186.0
OX637744.1 199000000 199500000 1186.1789
OX637744.1 199500000 200000000 1187.0
OX637744.1 200000000 200500000 1187.0
OX637744.1 200500000 201000000 1187.0
OX637744.1 201000000 201500000 1187.73662
OX637744.1 201500000 202000000 1188.0
OX637744.1 202000000 202500000 1188.0
OX637744.1 202500000 203000000 1188.0
OX637744.1 203000000 203500000 1188.0
OX637744.1 203500000 204000000 1188.0
OX637744.1 204000000 204500000 1188.49176
OX637744.1 204500000 205000000 1189.0
OX637744.1 205000000 205500000 1189.33964
OX637744.1 205500000 206000000 1190.0
OX637744.1 206000000 206500000 1190.0
OX637744.1 206500000 207000000 1191.28664
OX637744.1 207000000 207500000 1192.0
OX637744.1 207500000 208000000 1192.03355
OX637744.1 208000000 208500000 1192.0
OX637744.1 208500000 209000000 1192.0
OX637744.1 209000000 209500000 1192.43488
OX637744.1 209500000 210000000 1193.0
OX637744.1 210000000 210500000 1194.08925
OX637744.1 210500000 211000000 1195.0038
OX637744.1 211000000 211500000 1195.0
OX637744.1 211500000 212000000 1195.50323
OX637744.1 212000000 212500000 1197.01696
OX637744.1 212500000 213000000 1198.0
OX637744.1 213000000 213500000 1198.62014
OX637744.1 213500000 214000000 1199.0
OX637744.1 214000000 214500000 1199.26682
OX637744.1 214500000 215000000 1200.0
OX637744.1 215000000 215500000 1200.91941
OX637744.1 215500000 216000000 1200.81632
OX637744.1 216000000 216500000 1200.21935
OX637744.1 216500000 217000000 1201.5165
OX637744.1 217000000 217500000 1203.68555
OX637744.1 217500000 218000000 1204.00648
OX637744.1 218000000 218500000 1204.0
OX637744.1 218500000 219000000 1205.81231
OX637744.1 219000000 219500000 1206.08792
OX637744.1 219500000 220000000 1207.0
OX637744.1 220000000 220500000 1207.0
OX637744.1 220500000 221000000 1207.0
OX637744.1 221000000 221500000 1206.99304
OX637744.1 221500000 222000000 1207.00916
OX637744.1 222000000 222500000 1207.0
OX637744.1 222500000 223000000 1207.51822
OX637744.1 223000000 223500000 1208.0
OX637744.1 223500000 224000000 1208.80198
OX637744.1 224000000 224500000 1209.0
OX637744.1 224500000 225000000 1209.0
OX637744.1 225000000 225500000 1209.0
OX637744.1 225500000 226000000 1209.0
OX637744.1 226000000 226500000 1209.0
OX637744.1 226500000 227000000 1209.92018
OX637744.1 227000000 227500000 1211.0
OX637744.1 227500000 228000000 1211.00932
OX637744.1 228000000 228500000 1211.0894
OX637744.1 228500000 229000000 1212.00452
OX637744.1 229000000 229500000 1212.0
OX637744.1 229500000 230000000 1212.0
OX637744.1 230000000 230500000 1212.0
OX637744.1 230500000 231000000 1212.0
OX637744.1 231000000 231500000 1212.0
OX637744.1 231500000 232000000 1211.54021
OX637744.1 232000000 232500000 1211.0
OX637744.1 232500000 233000000 1211.00344
OX637744.1 233000000 233500000 1211.0
OX637744.1 233500000 234000000 1211.01274
OX637744.1 234000000 234500000 1211.0
OX637744.1 234500000 235000000 1211.00741
OX637744.1 235000000 235500000 1211.0
OX637744.1 235500000 236000000 1211.0
OX637744.1 236000000 236500000 1211.67793
OX637744.1 236500000 237000000 1212.0
OX637744.1 237000000 237500000 1212.0
OX637744.1 237500000 238000000 1212.0
OX637744.1 238000000 238500000 1212.0
OX637744.1 238500000 239000000 1212.0
OX637744.1 239000000 239500000 1212.21271
OX637744.1 239500000 240000000 1212.4224
OX637744.1 240000000 240500000 1212.0
OX637744.1 240500000 241000000 1212.82063
OX637744.1 241000000 241500000 1212.25968
OX637744.1 241500000 242000000 1212.23449
OX637744.1 242000000 242500000 1213.0
OX637744.1 242500000 243000000 1213.0
OX637744.1 243000000 243500000 1213.0
OX637744.1 243500000 244000000 1213.70049
OX637744.1 244000000 244500000 1214.00253
OX637744.1 244500000 245000000 1214.00021
OX637744.1 245000000 245500000 1213.10685
OX637744.1 245500000 246000000 1213.40436
OX637744.1 246000000 246500000 1214.0
OX637744.1 246500000 247000000 1214.0
OX637744.1 247000000 247500000 1214.00636
OX637744.1 247500000 248000000 1214.87758
OX637744.1 248000000 248500000 1215.00201
OX637744.1 248500000 249000000 1215.0
OX637744.1 249000000 249500000 1215.75618
OX637744.1 249500000 250000000 1215.87706
OX637744.1 250000000 250500000 1215.0
OX637744.1 250500000 251000000 1215.0
OX637744.1 251000000 251500000 1215.12582
OX637744.1 251500000 252000000 1216.0
OX637744.1 252000000 252500000 1216.35452
OX637744.1 252500000 253000000 1217.0
OX637744.1 253000000 253500000 1217.0
OX637744.1 253500000 254000000 1217.01195
OX637744.1 254000000 254500000 1217.0
OX637744.1 254500000 255000000 1216.60484
OX637744.1 255000000 255500000 1216.0
OX637744.1 255500000 256000000 1216.0
OX637744.1 256000000 256500000 1215.70194
OX637744.1 256500000 257000000 1216.99509
OX637744.1 257000000 257500000 1217.154
OX637744.1 257500000 258000000 1218.26648
OX637744.1 258000000 258500000 1219.0
OX637744.1 258500000 259000000 1219.0
OX637744.1 259000000 259500000 1219.0
OX637744.1 259500000 260000000 1219.0
OX637744.1 260000000 260500000 1219.0
OX637744.1 260500000 261000000 1219.0
OX637744.1 261000000 261500000 1219.01865
OX637744.1 261500000 262000000 1219.1375
OX637744.1 262000000 262500000 1220.0
OX637744.1 262500000 263000000 1220.00546
OX637744.1 263000000 263500000 1220.0
OX637744.1 263500000 264000000 1220.0
OX637744.1 264000000 264500000 1221.04076
OX637744.1 264500000 265000000 1222.0
OX637744.1 265000000 265500000 1222.0
OX637744.1 265500000 266000000 1222.25613
OX637744.1 266000000 266500000 1223.0
OX637744.1 266500000 267000000 1222.92089
OX637744.1 267000000 267500000 1222.67571
OX637744.1 267500000 268000000 1223.00336
OX637744.1 268000000 268500000 1223.00289
OX637744.1 268500000 269000000 1223.0
OX637744.1 269000000 269500000 1223.00207
OX637744.1 269500000 270000000 1223.00303
OX637744.1 270000000 270500000 1223.0077
OX637744.1 270500000 271000000 1223.0
OX637744.1 271000000 271500000 1223.06608
OX637744.1 271500000 272000000 1223.57508
OX637744.1 272000000 272500000 1222.49527
OX637744.1 272500000 273000000 1223.2196
OX637744.1 273000000 273500000 1224.0
OX637744.1 273500000 274000000 1224.0
OX637744.1 274000000 274500000 1224.0
OX637744.1 274500000 275000000 1224.0
OX637744.1 275000000 275500000 1224.00371
OX637744.1 275500000 276000000 1223.12629
OX637744.1 276000000 276500000 1223.0
OX637744.1 276500000 277000000 1223.48168
OX637744.1 277000000 277500000 1224.00837
OX637744.1 277500000 278000000 1224.98308
OX637744.1 278000000 278500000 1225.47771
OX637744.1 278500000 279000000 1225.03817
OX637744.1 279000000 279500000 1226.20042
OX637744.1 279500000 280000000 1227.0
OX637744.1 280000000 280500000 1227.01012
OX637744.1 280500000 281000000 1226.75547
OX637744.1 281000000 281500000 1226.00356
OX637744.1 281500000 282000000 1226.0514
OX637744.1 282000000 282500000 1227.22642
OX637744.1 282500000 283000000 1227.00629
OX637744.1 283000000 283500000 1226.97838
OX637744.1 283500000 284000000 1226.0
OX637744.1 284000000 284500000 1226.0
OX637744.1 284500000 285000000 1226.0
OX637744.1 285000000 285500000 1226.0
OX637744.1 285500000 286000000 1226.69933
OX637744.1 286000000 286500000 1226.73156
OX637744.1 286500000 287000000 1225.02121
OX637744.1 287000000 287500000 1225.05088
OX637744.1 287500000 288000000 1225.02603
OX637744.1 288000000 288500000 1225.0
OX637744.1 288500000 289000000 1225.0
OX637744.1 289000000 289500000 1223.39862
OX637744.1 289500000 290000000 1223.0
OX637744.1 290000000 290500000 1223.16568
OX637744.1 290500000 291000000 1223.82848
OX637744.1 291000000 291500000 1223.0073
OX637744.1 291500000 292000000 1223.0
OX637744.1 292000000 292500000 1222.32763
OX637744.1 292500000 293000000 1222.0
OX637744.1 293000000 293500000 1222.3592
OX637744.1 293500000 294000000 1223.63107
OX637744.1 294000000 294500000 1223.00022
OX637744.1 294500000 295000000 1223.0
OX637744.1 295000000 295500000 1223.0
OX637744.1 295500000 296000000 1223.0
OX637744.1 296000000 296500000 1223.00712
OX637744.1 296500000 297000000 1223.88921
OX637744.1 297000000 297500000 1224.00364
OX637744.1 297500000 298000000 1224.55667
OX637744.1 298000000 298500000 1225.0
OX637744.1 298500000 299000000 1224.48525
OX637744.1 299000000 299500000 1224.00435
OX637744.1 299500000 300000000 1225.32994
OX637744.1 300000000 300500000 1225.62118
OX637744.1 300500000 301000000 1226.0
OX637744.1 301000000 301500000 1228.59521
OX637744.1 301500000 302000000 1229.0
OX637744.1 302000000 302500000 1229.0
OX637744.1 302500000 303000000 1230.19349
OX637744.1 303000000 303500000 1231.01302
OX637744.1 303500000 304000000 1231.93393
OX637744.1 304000000 304500000 1232.0
OX637744.1 304500000 305000000 1231.19664
OX637744.1 305000000 305500000 1230.0
OX637744.1 305500000 306000000 1228.796
OX637744.1 306000000 306500000 1228.0
OX637744.1 306500000 307000000 1228.0
OX637744.1 307000000 307500000 1227.50958
OX637744.1 307500000 308000000 1226.01658
OX637744.1 308000000 308500000 1225.94382
OX637744.1 308500000 309000000 1224.04731
OX637744.1 309000000 309500000 1223.79294
OX637744.1 309500000 310000000 1223.0
OX637744.1 310000000 310500000 1223.0
OX637744.1 310500000 311000000 1223.00158
OX637744.1 311000000 311500000 1223.70759
OX637744.1 311500000 312000000 1223.53846
OX637744.1 312000000 312500000 1224.0
OX637744.1 312500000 313000000 1223.81757
OX637744.1 313000000 313500000 1223.00308
OX637744.1 313500000 314000000 1223.0
OX637744.1 314000000 314500000 1223.0
OX637744.1 314500000 315000000 1222.08515
OX637744.1 315000000 315500000 1222.48321
OX637744.1 315500000 316000000 1222.14186
OX637744.1 316000000 316500000 1221.0
OX637744.1 316500000 317000000 1220.6947
OX637744.1 317000000 317500000 1219.84956
OX637744.1 317500000 318000000 1219.01493
OX637744.1 318000000 318500000 1219.0
OX637744.1 318500000 319000000 1219.0
OX637744.1 319000000 319500000 1219.32126
OX637744.1 319500000 320000000 1219.00975
OX637744.1 320000000 320500000 1219.0
OX637744.1 320500000 321000000 1219.0
OX637744.1 321000000 321500000 1219.0
OX637744.1 321500000 322000000 1218.46261
OX637744.1 322000000 322500000 1218.53146
OX637744.1 322500000 323000000 1217.86084
OX637744.1 323000000 323500000 1217.00867
OX637744.1 323500000 324000000 1217.01025
OX637744.1 324000000 324500000 1217.0108
OX637744.1 324500000 325000000 1216.75154
OX637744.1 325000000 325500000 1217.01139
OX637744.1 325500000 326000000 1217.0
OX637744.1 326000000 326500000 1217.02
OX637744.1 326500000 327000000 1217.27758
OX637744.1 327000000 327500000 1217.25666
OX637744.1 327500000 328000000 1217.93001
OX637744.1 328000000 328500000 1217.45737
OX637744.1 328500000 329000000 1216.1264
OX637744.1 329000000 329500000 1216.35652
OX637744.1 329500000 330000000 1215.43838
OX637744.1 330000000 330500000 1214.00715
OX637744.1 330500000 331000000 1212.47798
OX637744.1 331000000 331500000 1212.00279
OX637744.1 331500000 332000000 1211.36709
OX637744.1 332000000 332500000 1211.01292
OX637744.1 332500000 333000000 1210.73189
OX637744.1 333000000 333500000 1209.57087
OX637744.1 333500000 334000000 1208.58903
OX637744.1 334000000 334500000 1209.00246
OX637744.1 334500000 335000000 1208.96339
OX637744.1 335000000 335500000 1209.3537
OX637744.1 335500000 336000000 1209.98491
OX637744.1 336000000 336500000 1208.29162
OX637744.1 336500000 337000000 1206.55511
OX637744.1 337000000 337500000 1205.0
OX637744.1 337500000 338000000 1204.27738
OX637744.1 338000000 338500000 1204.95687
OX637744.1 338500000 339000000 1204.52586
OX637744.1 339000000 339500000 1204.5784
OX637744.1 339500000 340000000 1202.99665
OX637744.1 340000000 340500000 1202.33636
OX637744.1 340500000 341000000 1200.59387
OX637744.1 341000000 341500000 1200.0
OX637744.1 341500000 342000000 1199.85353
OX637744.1 342000000 342500000 1199.03295
OX637744.1 342500000 343000000 1198.41544
OX637744.1 343000000 343500000 1197.37622
OX637744.1 343500000 344000000 1196.11722
OX637744.1 344000000 344500000 1196.0
OX637744.1 344500000 345000000 1196.0
OX637744.1 345000000 345500000 1196.00291
OX637744.1 345500000 346000000 1195.12112
OX637744.1 346000000 346500000 1195.0
OX637744.1 346500000 347000000 1195.0
OX637744.1 347000000 347500000 1195.0
OX637744.1 347500000 348000000 1193.31127
OX637744.1 348000000 348500000 1192.0
OX637744.1 348500000 349000000 1192.0
OX637744.1 349000000 349500000 1192.0
OX637744.1 349500000 350000000 1192.0
OX637744.1 350000000 350500000 1192.0
OX637744.1 350500000 351000000 1192.0
OX637744.1 351000000 351500000 1192.0
OX637744.1 351500000 352000000 1192.0
OX637744.1 352000000 352500000 1191.41358
OX637744.1 352500000 353000000 1191.0
OX637744.1 353000000 353500000 1189.4031
OX637744.1 353500000 354000000 1189.005
OX637744.1 354000000 354500000 1188.65413
OX637744.1 354500000 355000000 1188.0
OX637744.1 355000000 355500000 1187.52449
OX637744.1 355500000 356000000 1187.00798
OX637744.1 356000000 356500000 1187.48984
OX637744.1 356500000 357000000 1186.96383
OX637744.1 357000000 357500000 1184.44525
OX637744.1 357500000 358000000 1184.0
OX637744.1 358000000 358500000 1182.63439
OX637744.1 358500000 359000000 1182.0
OX637744.1 359000000 359500000 1181.04755
OX637744.1 359500000 360000000 1180.92905
OX637744.1 360000000 360500000 1181.64148
OX637744.1 360500000 361000000 1182.0
OX637744.1 361000000 361500000 1181.23433
OX637744.1 361500000 362000000 1179.01954
OX637744.1 362000000 362500000 1178.02064
OX637744.1 362500000 363000000 1178.00773
OX637744.1 363000000 363500000 1177.66932
OX637744.1 363500000 364000000 1177.0
OX637744.1 364000000 364500000 1177.00788
OX637744.1 364500000 365000000 1177.00525
OX637744.1 365000000 365500000 1175.62964
OX637744.1 365500000 366000000 1174.45721
OX637744.1 366000000 366500000 1174.00286
OX637744.1 366500000 367000000 1174.0
OX637744.1 367000000 367500000 1174.0
OX637744.1 367500000 368000000 1174.0
OX637744.1 368000000 368500000 1174.00284
OX637744.1 368500000 369000000 1174.0
OX637744.1 369000000 369500000 1174.0
OX637744.1 369500000 370000000 1173.62705
OX637744.1 370000000 370500000 1172.91036
OX637744.1 370500000 371000000 1170.65713
OX637744.1 371000000 371500000 1169.2632
OX637744.1 371500000 372000000 1169.0
OX637744.1 372000000 372500000 1168.36818
OX637744.1 372500000 373000000 1167.0
OX637744.1 373000000 373500000 1166.3572
OX637744.1 373500000 374000000 1165.48639
OX637744.1 374000000 374500000 1165.00518
OX637744.1 374500000 375000000 1165.0
OX637744.1 375000000 375500000 1164.55643
OX637744.1 375500000 376000000 1164.00655
OX637744.1 376000000 376500000 1163.29678
OX637744.1 376500000 377000000 1162.26769
OX637744.1 377000000 377500000 1161.94183
OX637744.1 377500000 378000000 1159.64748
OX637744.1 378000000 378500000 1158.60472
OX637744.1 378500000 379000000 1155.06438
OX637744.1 379000000 379500000 1154.00286
OX637744.1 379500000 380000000 1154.0
OX637744.1 380000000 380500000 1153.97391
OX637744.1 380500000 381000000 1153.0
OX637744.1 381000000 381500000 1153.0
OX637744.1 381500000 382000000 1152.59755
OX637744.1 382000000 382500000 1151.34913
OX637744.1 382500000 383000000 1150.44734
OX637744.1 383000000 383500000 1147.40085
OX637744.1 383500000 384000000 1147.0
OX637744.1 384000000 384500000 1146.74261
OX637744.1 384500000 385000000 1145.68869
OX637744.1 385000000 385500000 1144.44374
OX637744.1 385500000 386000000 1144.0
OX637744.1 386000000 386500000 1143.36249
OX637744.1 386500000 387000000 1141.56525
OX637744.1 387000000 387500000 1140.33281
OX637744.1 387500000 388000000 1139.8581
OX637744.1 388000000 388500000 1139.0
OX637744.1 388500000 389000000 1138.46527
OX637744.1 389000000 389500000 1138.0
OX637744.1 389500000 390000000 1137.17327
OX637744.1 390000000 390500000 1133.53113
OX637744.1 390500000 391000000 1130.70446
OX637744.1 391000000 391500000 1130.00124
OX637744.1 391500000 392000000 1130.00479
OX637744.1 392000000 392500000 1129.18167
OX637744.1 392500000 393000000 1128.40793
OX637744.1 393000000 393500000 1127.10735
OX637744.1 393500000 394000000 1125.33604
OX637744.1 394000000 394500000 1123.48551
OX637744.1 394500000 395000000 1122.0
OX637744.1 395000000 395500000 1122.0
OX637744.1 395500000 396000000 1121.76424
OX637744.1 396000000 396500000 1119.06854
OX637744.1 396500000 397000000 1117.0
OX637744.1 397000000 397500000 1116.94165
OX637744.1 397500000 398000000 1115.47458
OX637744.1 398000000 398500000 1113.84676
OX637744.1 398500000 399000000 1112.0557
OX637744.1 399000000 399500000 1112.02821
OX637744.1 399500000 400000000 1111.27339
OX637744.1 400000000 400500000 1110.68444
OX637744.1 400500000 401000000 1110.0
OX637744.1 401000000 401500000 1109.50611
OX637744.1 401500000 402000000 1109.0086
OX637744.1 402000000 402500000 1108.71717
OX637744.1 402500000 403000000 1107.88846
OX637744.1 403000000 403500000 1106.0384
OX637744.1 403500000 404000000 1104.67763
OX637744.1 404000000 404500000 1104.0
OX637744.1 404500000 405000000 1104.0
OX637744.1 405000000 405500000 1104.0
OX637744.1 405500000 406000000 1103.27596
OX637744.1 406000000 406500000 1100.53501
OX637744.1 406500000 407000000 1095.97922
OX637744.1 407000000 407500000 1094.01722
OX637744.1 407500000 408000000 1093.21179
OX637744.1 408000000 408500000 1090.77961
OX637744.1 408500000 409000000 1089.07057
OX637744.1 409000000 409500000 1088.44774
OX637744.1 409500000 410000000 1086.28809
OX637744.1 410000000 410500000 1084.47612
OX637744.1 410500000 411000000 1081.9322
OX637744.1 411000000 411500000 1076.52727
OX637744.1 411500000 412000000 1076.01167
OX637744.1 412000000 412500000 1075.24728
OX637744.1 412500000 413000000 1074.83188
OX637744.1 413000000 413500000 1072.66113
OX637744.1 413500000 414000000 1071.78012
OX637744.1 414000000 414500000 1070.06782
OX637744.1 414500000 415000000 1068.74107
OX637744.1 415000000 415500000 1065.54539
OX637744.1 415500000 416000000 1062.20588
OX637744.1 416000000 416500000 1060.93958
OX637744.1 416500000 417000000 1058.15257
OX637744.1 417000000 417500000 1052.29666
OX637744.1 417500000 418000000 1048.1795
OX637744.1 418000000 418500000 1044.40118
OX637744.1 418500000 419000000 1039.59778
OX637744.1 419000000 419500000 1033.6774
OX637744.1 419500000 420000000 1030.04704
OX637744.1 420000000 420500000 1029.74195
OX637744.1 420500000 421000000 1027.11627
OX637744.1 421000000 421500000 1024.33225
OX637744.1 421500000 422000000 1022.02333
OX637744.1 422000000 422500000 1020.20709
OX637744.1 422500000 423000000 1018.6741
OX637744.1 423000000 423500000 1014.5016
OX637744.1 423500000 424000000 1011.32747
OX637744.1 424000000 424500000 1009.29748
OX637744.1 424500000 425000000 1007.18725
OX637744.1 425000000 425500000 1002.74911
OX637744.1 425500000 426000000 998.44549
OX637744.1 426000000 426500000 995.92527
OX637744.1 426500000 427000000 993.56885
OX637744.1 427000000 427500000 989.89524
OX637744.1 427500000 428000000 987.85396
OX637744.1 428000000 428500000 984.6008
OX637744.1 428500000 429000000 980.74541
OX637744.1 429000000 429500000 977.42245
OX637744.1 429500000 430000000 971.9909
OX637744.1 430000000 430500000 967.71024
OX637744.1 430500000 431000000 961.40321
OX637744.1 431000000 431500000 956.74933
OX637744.1 431500000 432000000 951.05176
OX637744.1 432000000 432500000 946.49015
OX637744.1 432500000 433000000 941.81469
OX637744.1 433000000 433500000 935.22977
OX637744.1 433500000 434000000 931.77307
OX637744.1 434000000 434500000 929.35407
OX637744.1 434500000 435000000 925.50082
OX637744.1 435000000 435500000 920.99163
OX637744.1 435500000 436000000 916.18653
OX637744.1 436000000 436500000 911.15274
OX637744.1 436500000 437000000 901.81243
OX637744.1 437000000 437500000 895.66435
OX637744.1 437500000 438000000 895.01064
OX637744.1 438000000 438500000 888.91502
OX637744.1 438500000 439000000 886.45595
OX637744.1 439000000 439500000 882.55765
OX637744.1 439500000 440000000 874.08035
OX637744.1 440000000 440500000 865.3548
OX637744.1 440500000 441000000 860.7607
OX637744.1 441000000 441500000 858.3866
OX637744.1 441500000 442000000 849.38473
OX637744.1 442000000 442500000 836.32466
OX637744.1 442500000 443000000 823.71895
OX637744.1 443000000 443500000 813.66115
OX637744.1 443500000 444000000 804.87999
OX637744.1 444000000 444500000 791.91253
OX637744.1 444500000 445000000 779.29998
OX637744.1 445000000 445500000 769.62708
OX637744.1 445500000 446000000 760.32386
OX637744.1 446000000 446500000 753.84272
OX637744.1 446500000 447000000 749.55085
OX637744.1 447000000 447500000 739.80292
OX637744.1 447500000 448000000 723.59395
OX637744.1 448000000 448500000 710.64957
OX637744.1 448500000 449000000 699.54823
OX637744.1 449000000 449500000 684.29161
OX637744.1 449500000 450000000 662.95825
OX637744.1 450000000 450500000 643.07029
OX637744.1 450500000 451000000 622.47605
OX637744.1 451000000 451500000 606.25442
OX637744.1 451500000 452000000 576.26852
OX637744.1 452000000 452500000 546.97556
OX637744.1 452500000 453000000 511.29027
OX637744.1 453000000 453500000 489.10653
OX637744.1 453500000 454000000 464.50447
OX637744.1 454000000 454500000 428.5829
OX637744.1 454500000 455000000 398.93294
OX637744.1 455000000 455500000 381.82208
OX637744.1 455500000 456000000 347.22129
OX637744.1 456000000 456500000 301.18146
OX637744.1 456500000 457000000 255.34002
OX637744.1 457000000 457500000 217.81938
OX637744.1 457500000 458000000 189.88033
OX637744.1 458000000 458500000 119.79538
OX637744.1 458500000 459000000 69.42405
OX637744.1 459000000 459500000 24.74507
OX637744.1 459500000 459661686 0.0
OX637751.1 0 500000 39.47763
OX637751.1 500000 1000000 102.14026
OX637751.1 1000000 1500000 151.66068
OX637751.1 1500000 2000000 201.66244
OX637751.1 2000000 2500000 265.04826
OX637751.1 2500000 3000000 340.24942
OX637751.1 3000000 3500000 384.52136
OX637751.1 3500000 4000000 436.41576
OX637751.1 4000000 4500000 482.26284
OX637751.1 4500000 5000000 516.19363
OX637751.1 5000000 5500000 557.93447
OX637751.1 5500000 6000000 595.64753
OX637751.1 6000000 6500000 622.0617
OX637751.1 6500000 7000000 649.97576
OX637751.1 7000000 7500000 673.69599
OX637751.1 7500000 8000000 696.63398
OX637751.1 8000000 8500000 723.76679
OX637751.1 8500000 9000000 743.82031
OX637751.1 9000000 9500000 773.20014
OX637751.1 9500000 10000000 791.83787
OX637751.1 10000000 10500000 815.31125
OX637751.1 10500000 11000000 832.59919
OX637751.1 11000000 11500000 844.46046
OX637751.1 11500000 12000000 858.91883
OX637751.1 12000000 12500000 885.12883
OX637751.1 12500000 13000000 906.02068
OX637751.1 13000000 13500000 930.63037
OX637751.1 13500000 14000000 946.81059
OX637751.1 14000000 14500000 967.92267
OX637751.1 14500000 15000000 986.34837
OX637751.1 15000000 15500000 1002.10528
OX637751.1 15500000 16000000 1011.1165
OX637751.1 16000000 16500000 1022.43142
OX637751.1 16500000 17000000 1030.97166
OX637751.1 17000000 17500000 1044.40717
OX637751.1 17500000 18000000 1057.89352
OX637751.1 18000000 18500000 1066.9402
OX637751.1 18500000 19000000 1076.42169
OX637751.1 19000000 19500000 1084.32404
OX637751.1 19500000 20000000 1092.04868
OX637751.1 20000000 20500000 1099.83182
OX637751.1 20500000 21000000 1104.38061
OX637751.1 21000000 21500000 1112.97243
OX637751.1 21500000 22000000 1121.25799
OX637751.1 22000000 22500000 1129.504
OX637751.1 22500000 23000000 1134.33032
OX637751.1 23000000 23500000 1137.52559
OX637751.1 23500000 24000000 1148.57727
OX637751.1 24000000 24500000 1153.69837
OX637751.1 24500000 25000000 1159.82463
OX637751.1 25000000 25500000 1162.35287
OX637751.1 25500000 26000000 1168.30454
OX637751.1 26000000 26500000 1171.87937
OX637751.1 26500000 27000000 1179.37957
OX637751.1 27000000 27500000 1185.75252
OX637751.1 27500000 28000000 1189.71254
OX637751.1 28000000 28500000 1196.44831
OX637751.1 28500000 29000000 1200.24735
OX637751.1 29000000 29500000 1204.96863
OX637751.1 29500000 30000000 1207.52858
OX637751.1 30000000 30500000 1211.16613
OX637751.1 30500000 31000000 1215.31027
OX637751.1 31000000 31500000 1219.61138
OX637751.1 31500000 32000000 1225.08259
OX637751.1 32000000 32500000 1228.61652
OX637751.1 32500000 33000000 1230.76165
OX637751.1 33000000 33500000 1238.11517
OX637751.1 33500000 34000000 1244.63536
OX637751.1 34000000 34500000 1249.31774
OX637751.1 34500000 35000000 1250.69606
OX637751.1 35000000 35500000 1255.21406
OX637751.1 35500000 36000000 1260.82057
OX637751.1 36000000 36500000 1264.20605
OX637751.1 36500000 37000000 1266.44209
OX637751.1 37000000 37500000 1269.3492
OX637751.1 37500000 38000000 1271.73356
OX637751.1 38000000 38500000 1274.55515
OX637751.1 38500000 39000000 1277.5206
OX637751.1 39000000 39500000 1282.05343
OX637751.1 39500000 40000000 1287.28022
OX637751.1 40000000 40500000 1288.81523
OX637751.1 40500000 41000000 1289.49998
OX637751.1 41000000 41500000 1291.21993
OX637751.1 41500000 42000000 1294.60926
OX637751.1 42000000 42500000 1298.38472
OX637751.1 42500000 43000000 1301.03646
OX637751.1 43000000 43500000 1302.32807
OX637751.1 43500000 44000000 1303.85701
OX637751.1 44000000 44500000 1303.39114
OX637751.1 44500000 45000000 1305.97555
OX637751.1 45000000 45500000 1307.60098
OX637751.1 45500000 46000000 1308.00473
OX637751.1 46000000 46500000 1310.46529
OX637751.1 46500000 47000000 1313.40582
OX637751.1 47000000 47500000 1317.5907
OX637751.1 47500000 48000000 1321.28059
OX637751.1 48000000 48500000 1323.0
OX637751.1 48500000 49000000 1323.21703
OX637751.1 49000000 49500000 1324.0
OX637751.1 49500000 50000000 1325.00025
OX637751.1 50000000 50500000 1328.65399
OX637751.1 50500000 51000000 1329.5909
OX637751.1 51000000 51500000 1332.02549
OX637751.1 51500000 52000000 1335.27421
OX637751.1 52000000 52500000 1338.35515
OX637751.1 52500000 53000000 1341.82073
OX637751.1 53000000 53500000 1345.75199
OX637751.1 53500000 54000000 1347.26238
OX637751.1 54000000 54500000 1348.0
OX637751.1 54500000 55000000 1347.30182
OX637751.1 55000000 55500000 1348.0
OX637751.1 55500000 56000000 1348.00314
OX637751.1 56000000 56500000 1348.0
OX637751.1 56500000 57000000 1349.95154
OX637751.1 57000000 57500000 1352.96651
OX637751.1 57500000 58000000 1353.0
OX637751.1 58000000 58500000 1355.04727
OX637751.1 58500000 59000000 1357.80228
OX637751.1 59000000 59500000 1359.40568
OX637751.1 59500000 60000000 1362.30239
OX637751.1 60000000 60500000 1363.05156
OX637751.1 60500000 61000000 1366.86904
OX637751.1 61000000 61500000 1369.92886
OX637751.1 61500000 62000000 1373.09387
OX637751.1 62000000 62500000 1374.24237
OX637751.1 62500000 63000000 1375.0
OX637751.1 63000000 63500000 1378.0814
OX637751.1 63500000 64000000 1380.59681
OX637751.1 64000000 64500000 1382.37204
OX637751.1 64500000 65000000 1383.64753
OX637751.1 65000000 65500000 1386.30319
OX637751.1 65500000 66000000 1389.11945
OX637751.1 66000000 66500000 1390.00751
OX637751.1 66500000 67000000 1391.57903
OX637751.1 67000000 67500000 1393.96836
OX637751.1 67500000 68000000 1397.32135
OX637751.1 68000000 68500000 1400.13196
OX637751.1 68500000 69000000 1404.62762
OX637751.1 69000000 69500000 1407.90685
OX637751.1 69500000 70000000 1409.09656
OX637751.1 70000000 70500000 1411.83217
OX637751.1 70500000 71000000 1413.26342
OX637751.1 71000000 71500000 1415.55431
OX637751.1 71500000 72000000 1416.0
OX637751.1 72000000 72500000 1417.2197
OX637751.1 72500000 73000000 1419.921
OX637751.1 73000000 73500000 1420.41154
OX637751.1 73500000 74000000 1420.39563
OX637751.1 74000000 74500000 1421.2021
OX637751.1 74500000 75000000 1422.18839
OX637751.1 75000000 75500000 1427.29898
OX637751.1 75500000 76000000 1427.58892
OX637751.1 76000000 76500000 1429.0582
OX637751.1 76500000 77000000 1430.23787
OX637751.1 77000000 77500000 1431.84053
OX637751.1 77500000 78000000 1432.56726
OX637751.1 78000000 78500000 1434.0
OX637751.1 78500000 79000000 1435.3378
OX637751.1 79000000 79500000 1438.23053
OX637751.1 79500000 80000000 1440.30813
OX637751.1 80000000 80500000 1442.4747
OX637751.1 80500000 81000000 1443.92193
OX637751.1 81000000 81500000 1446.55871
OX637751.1 81500000 82000000 1449.98551
OX637751.1 82000000 82500000 1449.25043
OX637751.1 82500000 83000000 1449.69115
OX637751.1 83000000 83500000 1449.6691
OX637751.1 83500000 84000000 1450.0032
OX637751.1 84000000 84500000 1451.43469
OX637751.1 84500000 85000000 1454.0
OX637751.1 85000000 85500000 1455.10964
OX637751.1 85500000 86000000 1456.01713
OX637751.1 86000000 86500000 1455.97743
OX637751.1 86500000 87000000 1457.06805
OX637751.1 87000000 87500000 1458.0
OX637751.1 87500000 88000000 1458.6539
OX637751.1 88000000 88500000 1459.59699
OX637751.1 88500000 89000000 1460.45936
OX637751.1 89000000 89500000 1460.27981
OX637751.1 89500000 90000000 1461.30565
OX637751.1 90000000 90500000 1463.56273
OX637751.1 90500000 91000000 1465.0
OX637751.1 91000000 91500000 1465.45527
OX637751.1 91500000 92000000 1467.01388
OX637751.1 92000000 92500000 1467.65711
OX637751.1 92500000 93000000 1468.46416
OX637751.1 93000000 93500000 1468.63935
OX637751.1 93500000 94000000 1470.0
OX637751.1 94000000 94500000 1470.57757
OX637751.1 94500000 95000000 1472.01525
OX637751.1 95000000 95500000 1472.61932
OX637751.1 95500000 96000000 1472.48163
OX637751.1 96000000 96500000 1476.78779
OX637751.1 96500000 97000000 1478.24419
OX637751.1 97000000 97500000 1480.0
OX637751.1 97500000 98000000 1481.59351
OX637751.1 98000000 98500000 1482.00688
OX637751.1 98500000 99000000 1483.96774
OX637751.1 99000000 99500000 1485.25478
OX637751.1 99500000 100000000 1485.67894
OX637751.1 100000000 100500000 1485.79986
OX637751.1 100500000 101000000 1488.80985
OX637751.1 101000000 101500000 1490.3841
OX637751.1 101500000 102000000 1490.98088
OX637751.1 102000000 102500000 1491.63871
OX637751.1 102500000 103000000 1492.0
OX637751.1 103000000 103500000 1492.00163
OX637751.1 103500000 104000000 1492.0
OX637751.1 104000000 104500000 1492.01531
OX637751.1 104500000 105000000 1492.0
OX637751.1 105000000 105500000 1491.91272
OX637751.1 105500000 106000000 1491.5629
OX637751.1 106000000 106500000 1493.0
OX637751.1 106500000 107000000 1493.00747
OX637751.1 107000000 107500000 1494.18301
OX637751.1 107500000 108000000 1495.0
OX637751.1 108000000 108500000 1495.35602
OX637751.1 108500000 109000000 1496.0082
OX637751.1 109000000 109500000 1495.52593
OX637751.1 109500000 110000000 1495.0
OX637751.1 110000000 110500000 1495.0
OX637751.1 110500000 111000000 1495.0
OX637751.1 111000000 111500000 1495.31076
OX637751.1 111500000 112000000 1496.0
OX637751.1 112000000 112500000 1496.45753
OX637751.1 112500000 113000000 1496.0159
OX637751.1 113000000 113500000 1496.0
OX637751.1 113500000 114000000 1496.0
OX637751.1 114000000 114500000 1497.21648
OX637751.1 114500000 115000000 1498.76262
OX637751.1 115000000 115500000 1499.85895
OX637751.1 115500000 116000000 1500.0
OX637751.1 116000000 116500000 1500.65902
OX637751.1 116500000 117000000 1501.0
OX637751.1 117000000 117500000 1500.21958
OX637751.1 117500000 118000000 1500.00834
OX637751.1 118000000 118500000 1500.7536
OX637751.1 118500000 119000000 1502.29961
OX637751.1 119000000 119500000 1503.1566
OX637751.1 119500000 120000000 1504.00145
OX637751.1 120000000 120500000 1505.00759
OX637751.1 120500000 121000000 1507.28774
OX637751.1 121000000 121500000 1508.06524
OX637751.1 121500000 122000000 1508.14764
OX637751.1 122000000 122500000 1509.00453
OX637751.1 122500000 123000000 1509.07072
OX637751.1 123000000 123500000 1510.0
OX637751.1 123500000 124000000 1509.55276
OX637751.1 124000000 124500000 1511.35302
OX637751.1 124500000 125000000 1511.72113
OX637751.1 125000000 125500000 1512.09764
OX637751.1 125500000 126000000 1513.01489
OX637751.1 126000000 126500000 1514.66423
OX637751.1 126500000 127000000 1516.13715
OX637751.1 127000000 127500000 1517.01002
OX637751.1 127500000 128000000 1516.88455
OX637751.1 128000000 128500000 1515.14626
OX637751.1 128500000 129000000 1514.87392
OX637751.1 129000000 129500000 1514.01048
OX637751.1 129500000 130000000 1512.18198
OX637751.1 130000000 130500000 1512.72564
OX637751.1 130500000 131000000 1513.01268
OX637751.1 131000000 131500000 1513.00945
OX637751.1 131500000 132000000 1513.00669
OX637751.1 132000000 132500000 1513.00458
OX637751.1 132500000 133000000 1513.00123
OX637751.1 133000000 133500000 1513.53716
OX637751.1 133500000 134000000 1514.0
OX637751.1 134000000 134500000 1513.59923
OX637751.1 134500000 135000000 1514.97832
OX637751.1 135000000 135500000 1515.00409
OX637751.1 135500000 136000000 1514.94772
OX637751.1 136000000 136500000 1513.74061
OX637751.1 136500000 137000000 1514.09559
OX637751.1 137000000 137500000 1515.0
OX637751.1 137500000 138000000 1515.0
OX637751.1 138000000 138500000 1516.04165
OX637751.1 138500000 139000000 1517.00923
OX637751.1 139000000 139500000 1517.0358
OX637751.1 139500000 140000000 1517.00211
OX637751.1 140000000 140500000 1517.0185
OX637751.1 140500000 141000000 1517.0
OX637751.1 141000000 141500000 1516.04288
OX637751.1 141500000 142000000 1516.0
OX637751.1 142000000 142500000 1516.0
OX637751.1 142500000 143000000 1516.74117
OX637751.1 143000000 143500000 1517.0
OX637751.1 143500000 144000000 1516.53124
OX637751.1 144000000 144500000 1516.00478
OX637751.1 144500000 145000000 1516.00984
OX637751.1 145000000 145500000 1517.45245
OX637751.1 145500000 146000000 1518.02283
OX637751.1 146000000 146500000 1519.0
OX637751.1 146500000 147000000 1519.00409
OX637751.1 147000000 147500000 1519.0
OX637751.1 147500000 148000000 1519.0
OX637751.1 148000000 148500000 1519.0
OX637751.1 148500000 149000000 1518.28907
OX637751.1 149000000 149500000 1518.0
OX637751.1 149500000 150000000 1517.16961
OX637751.1 150000000 150500000 1517.01026
OX637751.1 150500000 151000000 1517.00743
OX637751.1 151000000 151500000 1517.11796
OX637751.1 151500000 152000000 1518.0
OX637751.1 152000000 152500000 1518.82714
OX637751.1 152500000 153000000 1519.49979
OX637751.1 153000000 153500000 1519.0
OX637751.1 153500000 154000000 1518.75297
OX637751.1 154000000 154500000 1519.00129
OX637751.1 154500000 155000000 1519.31105
OX637751.1 155000000 155500000 1519.27463
OX637751.1 155500000 156000000 1519.0
OX637751.1 156000000 156500000 1518.71517
OX637751.1 156500000 157000000 1518.15109
OX637751.1 157000000 157500000 1519.0
OX637751.1 157500000 158000000 1519.0037
OX637751.1 158000000 158500000 1518.96848
OX637751.1 158500000 159000000 1518.44914
OX637751.1 159000000 159500000 1519.0
OX637751.1 159500000 160000000 1519.0
OX637751.1 160000000 160500000 1519.0
OX637751.1 160500000 161000000 1519.00314
OX637751.1 161000000 161500000 1519.97604
OX637751.1 161500000 162000000 1519.06299
OX637751.1 162000000 162500000 1519.22267
OX637751.1 162500000 163000000 1520.95561
OX637751.1 163000000 163500000 1521.0
OX637751.1 163500000 164000000 1521.35105
OX637751.1 164000000 164500000 1522.00411
OX637751.1 164500000 165000000 1522.0
OX637751.1 165000000 165500000 1522.0
OX637751.1 165500000 166000000 1521.72005
OX637751.1 166000000 166500000 1521.0
OX637751.1 166500000 167000000 1521.0
OX637751.1 167000000 167500000 1521.0089
OX637751.1 167500000 168000000 1520.1063
OX637751.1 168000000 168500000 1520.00285
OX637751.1 168500000 169000000 1519.01867
OX637751.1 169000000 169500000 1519.27118
OX637751.1 169500000 170000000 1519.75455
OX637751.1 170000000 170500000 1521.15905
OX637751.1 170500000 171000000 1522.0
OX637751.1 171000000 171500000 1522.0
OX637751.1 171500000 172000000 1522.70626
OX637751.1 172000000 172500000 1523.0
OX637751.1 172500000 173000000 1522.42349
OX637751.1 173000000 173500000 1522.85883
OX637751.1 173500000 174000000 1523.35998
OX637751.1 174000000 174500000 1523.59401
OX637751.1 174500000 175000000 1523.36136
OX637751.1 175000000 175500000 1523.69447
OX637751.1 175500000 176000000 1523.0
OX637751.1 176000000 176500000 1523.0
OX637751.1 176500000 177000000 1523.03022
OX637751.1 177000000 177500000 1524.0093
OX637751.1 177500000 178000000 1524.73656
OX637751.1 178000000 178500000 1525.0
OX637751.1 178500000 179000000 1525.0
OX637751.1 179000000 179500000 1525.00921
OX637751.1 179500000 180000000 1525.0
OX637751.1 180000000 180500000 1525.00243
OX637751.1 180500000 181000000 1525.00641
OX637751.1 181000000 181500000 1525.0
OX637751.1 181500000 182000000 1525.3131
OX637751.1 182000000 182500000 1525.05671
OX637751.1 182500000 183000000 1526.00671
OX637751.1 183000000 183500000 1526.0
OX637751.1 183500000 184000000 1526.00795
OX637751.1 184000000 184500000 1527.75447
OX637751.1 184500000 185000000 1528.23015
OX637751.1 185000000 185500000 1528.0
OX637751.1 185500000 186000000 1528.0
OX637751.1 186000000 186500000 1527.62835
OX637751.1 186500000 187000000 1527.0
OX637751.1 187000000 187500000 1527.0
OX637751.1 187500000 188000000 1527.01538
OX637751.1 188000000 188500000 1526.35118
OX637751.1 188500000 189000000 1526.00667
OX637751.1 189000000 189500000 1525.96315
OX637751.1 189500000 190000000 1525.0
OX637751.1 190000000 190500000 1525.00808
OX637751.1 190500000 191000000 1525.00698
OX637751.1 191000000 191500000 1523.83234
OX637751.1 191500000 192000000 1523.0
OX637751.1 192000000 192500000 1523.98513
OX637751.1 192500000 193000000 1523.08759
OX637751.1 193000000 193500000 1523.00309
OX637751.1 193500000 194000000 1523.00126
OX637751.1 194000000 194500000 1523.0
OX637751.1 194500000 195000000 1522.80625
OX637751.1 195000000 195500000 1522.0
OX637751.1 195500000 196000000 1522.00913
OX637751.1 196000000 196500000 1522.0
OX637751.1 196500000 197000000 1522.0
OX637751.1 197000000 197500000 1522.0
OX637751.1 197500000 198000000 1522.0
OX637751.1 198000000 198500000 1522.0
OX637751.1 198500000 199000000 1522.0
OX637751.1 199000000 199500000 1522.8953
OX637751.1 199500000 200000000 1525.0
OX637751.1 200000000 200500000 1525.0
OX637751.1 200500000 201000000 1525.0
OX637751.1 201000000 201500000 1525.0
OX637751.1 201500000 202000000 1525.0
OX637751.1 202000000 202500000 1525.00435
OX637751.1 202500000 203000000 1525.0
OX637751.1 203000000 203500000 1525.01011
OX637751.1 203500000 204000000 1525.00172
OX637751.1 204000000 204500000 1525.0
OX637751.1 204500000 205000000 1525.0
OX637751.1 205000000 205500000 1525.0
OX637751.1 205500000 206000000 1525.0
OX637751.1 206000000 206500000 1525.0
OX637751.1 206500000 207000000 1525.0579
OX637751.1 207000000 207500000 1525.3154
OX637751.1 207500000 208000000 1526.0
OX637751.1 208000000 208500000 1526.59065
OX637751.1 208500000 209000000 1528.0
OX637751.1 209000000 209500000 1528.5594
OX637751.1 209500000 210000000 1528.61649
OX637751.1 210000000 210500000 1528.24518
OX637751.1 210500000 211000000 1529.0
OX637751.1 211000000 211500000 1529.0
OX637751.1 211500000 212000000 1529.0
OX637751.1 212000000 212500000 1528.94044
OX637751.1 212500000 213000000 1528.0
OX637751.1 213000000 213500000 1527.68576
OX637751.1 213500000 214000000 1526.0
OX637751.1 214000000 214500000 1526.0
OX637751.1 214500000 215000000 1526.00534
OX637751.1 215000000 215500000 1525.83694
OX637751.1 215500000 216000000 1525.0
OX637751.1 216000000 216500000 1525.01363
OX637751.1 216500000 217000000 1524.37112
OX637751.1 217000000 217500000 1524.0
OX637751.1 217500000 218000000 1524.0
OX637751.1 218000000 218500000 1524.01743
OX637751.1 218500000 219000000 1524.0094
OX637751.1 219000000 219500000 1524.00632
OX637751.1 219500000 220000000 1524.15171
OX637751.1 220000000 220500000 1525.00294
OX637751.1 220500000 221000000 1525.0
OX637751.1 221000000 221500000 1525.00216
OX637751.1 221500000 222000000 1525.1245
OX637751.1 222000000 222500000 1525.03524
OX637751.1 222500000 223000000 1525.0
OX637751.1 223000000 223500000 1525.0
OX637751.1 223500000 224000000 1525.00735
OX637751.1 224000000 224500000 1525.0
OX637751.1 224500000 225000000 1525.0
OX637751.1 225000000 225500000 1525.0
OX637751.1 225500000 226000000 1525.00018
OX637751.1 226000000 226500000 1525.91054
OX637751.1 226500000 227000000 1526.37437
OX637751.1 227000000 227500000 1528.0
OX637751.1 227500000 228000000 1528.79054
OX637751.1 228000000 228500000 1528.06168
OX637751.1 228500000 229000000 1528.0017
OX637751.1 229000000 229500000 1528.0
OX637751.1 229500000 230000000 1528.0
OX637751.1 230000000 230500000 1526.35397
OX637751.1 230500000 231000000 1526.0
OX637751.1 231000000 231500000 1526.00317
OX637751.1 231500000 232000000 1526.0
OX637751.1 232000000 232500000 1526.0
OX637751.1 232500000 233000000 1526.0
OX637751.1 233000000 233500000 1526.01026
OX637751.1 233500000 234000000 1526.0
OX637751.1 234000000 234500000 1524.67071
OX637751.1 234500000 235000000 1524.0
OX637751.1 235000000 235500000 1524.33289
OX637751.1 235500000 236000000 1525.0
OX637751.1 236000000 236500000 1526.01444
OX637751.1 236500000 237000000 1527.0
OX637751.1 237000000 237500000 1526.74889
OX637751.1 237500000 238000000 1526.0
OX637751.1 238000000 238500000 1525.74495
OX637751.1 238500000 239000000 1525.00721
OX637751.1 239000000 239500000 1524.0234
OX637751.1 239500000 240000000 1524.0
OX637751.1 240000000 240500000 1523.73391
OX637751.1 240500000 241000000 1522.61509
OX637751.1 241000000 241500000 1522.0
OX637751.1 241500000 242000000 1522.00786
OX637751.1 242000000 242500000 1522.0
OX637751.1 242500000 243000000 1521.19776
OX637751.1 243000000 243500000 1521.00477
OX637751.1 243500000 244000000 1520.42078
OX637751.1 244000000 244500000 1519.55775
OX637751.1 244500000 245000000 1519.0
OX637751.1 245000000 245500000 1518.1195
OX637751.1 245500000 246000000 1517.83903
OX637751.1 246000000 246500000 1516.01007
OX637751.1 246500000 247000000 1515.48858
OX637751.1 247000000 247500000 1515.76612
OX637751.1 247500000 248000000 1516.0
OX637751.1 248000000 248500000 1516.00555
OX637751.1 248500000 249000000 1516.00832
OX637751.1 249000000 249500000 1516.00404
OX637751.1 249500000 250000000 1516.0
OX637751.1 250000000 250500000 1516.0
OX637751.1 250500000 251000000 1516.0
OX637751.1 251000000 251500000 1515.26675
OX637751.1 251500000 252000000 1515.0
OX637751.1 252000000 252500000 1515.0
OX637751.1 252500000 253000000 1515.0
OX637751.1 253000000 253500000 1514.0308
OX637751.1 253500000 254000000 1514.80613
OX637751.1 254000000 254500000 1515.0
OX637751.1 254500000 255000000 1515.00123
OX637751.1 255000000 255500000 1515.0
OX637751.1 255500000 256000000 1514.91696
OX637751.1 256000000 256500000 1514.0
OX637751.1 256500000 257000000 1512.7402
OX637751.1 257000000 257500000 1512.0
OX637751.1 257500000 258000000 1512.0
OX637751.1 258000000 258500000 1512.01011
OX637751.1 258500000 259000000 1511.59362
OX637751.1 259000000 259500000 1511.0
OX637751.1 259500000 260000000 1511.00608
OX637751.1 260000000 260500000 1510.1336
OX637751.1 260500000 261000000 1510.0
OX637751.1 261000000 261500000 1510.00421
OX637751.1 261500000 262000000 1509.09439
OX637751.1 262000000 262500000 1509.0
OX637751.1 262500000 263000000 1509.0
OX637751.1 263000000 263500000 1509.0
OX637751.1 263500000 264000000 1509.0
OX637751.1 264000000 264500000 1509.0
OX637751.1 264500000 265000000 1509.32051
OX637751.1 265000000 265500000 1510.00139
OX637751.1 265500000 266000000 1510.0
OX637751.1 266000000 266500000 1510.0
OX637751.1 266500000 267000000 1510.0
OX637751.1 267000000 267500000 1510.0
OX637751.1 267500000 268000000 1509.99848
OX637751.1 268000000 268500000 1509.0
OX637751.1 268500000 269000000 1509.71329
OX637751.1 269000000 269500000 1510.0
OX637751.1 269500000 270000000 1510.0021
OX637751.1 270000000 270500000 1509.36369
OX637751.1 270500000 271000000 1508.62536
OX637751.1 271000000 271500000 1508.0843
OX637751.1 271500000 272000000 1509.45696
OX637751.1 272000000 272500000 1510.0
OX637751.1 272500000 273000000 1509.57227
OX637751.1 273000000 273500000 1508.41936
OX637751.1 273500000 274000000 1508.0
OX637751.1 274000000 274500000 1508.0
OX637751.1 274500000 275000000 1508.00657
OX637751.1 275000000 275500000 1508.0
OX637751.1 275500000 276000000 1508.0
OX637751.1 276000000 276500000 1508.0
OX637751.1 276500000 277000000 1508.0
OX637751.1 277000000 277500000 1507.50828
OX637751.1 277500000 278000000 1507.0
OX637751.1 278000000 278500000 1506.72723
OX637751.1 278500000 279000000 1506.8782
OX637751.1 279000000 279500000 1507.0
OX637751.1 279500000 280000000 1506.89933
OX637751.1 280000000 280500000 1506.0
OX637751.1 280500000 281000000 1506.0
OX637751.1 281000000 281500000 1505.43868
OX637751.1 281500000 282000000 1505.0
OX637751.1 282000000 282500000 1504.06685
OX637751.1 282500000 283000000 1504.0
OX637751.1 283000000 283500000 1504.0
OX637751.1 283500000 284000000 1504.0
OX637751.1 284000000 284500000 1502.71163
OX637751.1 284500000 285000000 1502.75113
OX637751.1 285000000 285500000 1502.0
OX637751.1 285500000 286000000 1502.0
OX637751.1 286000000 286500000 1502.0
OX637751.1 286500000 287000000 1502.0
OX637751.1 287000000 287500000 1502.30698
OX637751.1 287500000 288000000 1503.0
OX637751.1 288000000 288500000 1503.0
OX637751.1 288500000 289000000 1502.20061
OX637751.1 289000000 289500000 1502.0
OX637751.1 289500000 290000000 1502.0
OX637751.1 290000000 290500000 1502.0
OX637751.1 290500000 291000000 1502.0
OX637751.1 291000000 291500000 1501.50264
OX637751.1 291500000 292000000 1501.0
OX637751.1 292000000 292500000 1500.78987
OX637751.1 292500000 293000000 1500.00227
OX637751.1 293000000 293500000 1500.0
OX637751.1 293500000 294000000 1500.00935
OX637751.1 294000000 294500000 1500.0
OX637751.1 294500000 295000000 1500.0
OX637751.1 295000000 295500000 1500.0
OX637751.1 295500000 296000000 1500.0
OX637751.1 296000000 296500000 1500.0
OX637751.1 296500000 297000000 1500.0
OX637751.1 297000000 297500000 1500.0
OX637751.1 297500000 298000000 1500.0
OX637751.1 298000000 298500000 1500.0
OX637751.1 298500000 299000000 1500.0
OX637751.1 299000000 299500000 1500.0
OX637751.1 299500000 300000000 1500.0
OX637751.1 300000000 300500000 1500.0044
OX637751.1 300500000 301000000 1500.0
OX637751.1 301000000 301500000 1500.00968
OX637751.1 301500000 302000000 1499.82339
OX637751.1 302000000 302500000 1499.0
OX637751.1 302500000 303000000 1499.0
OX637751.1 303000000 303500000 1499.0
OX637751.1 303500000 304000000 1499.0
OX637751.1 304000000 304500000 1499.0
OX637751.1 304500000 305000000 1499.31574
OX637751.1 305000000 305500000 1500.00756
OX637751.1 305500000 306000000 1500.0
OX637751.1 306000000 306500000 1500.0
OX637751.1 306500000 307000000 1500.0
OX637751.1 307000000 307500000 1499.41904
OX637751.1 307500000 308000000 1499.0
OX637751.1 308000000 308500000 1499.0
OX637751.1 308500000 309000000 1499.0
OX637751.1 309000000 309500000 1499.0
OX637751.1 309500000 310000000 1498.35665
OX637751.1 310000000 310500000 1498.0
OX637751.1 310500000 311000000 1498.00772
OX637751.1 311000000 311500000 1498.0
OX637751.1 311500000 312000000 1498.0
OX637751.1 312000000 312500000 1498.0
OX637751.1 312500000 313000000 1497.93766
OX637751.1 313000000 313500000 1497.00503
OX637751.1 313500000 314000000 1497.0
OX637751.1 314000000 314500000 1497.0
OX637751.1 314500000 315000000 1496.22091
OX637751.1 315000000 315500000 1495.0
OX637751.1 315500000 316000000 1495.0
OX637751.1 316000000 316500000 1495.0
OX637751.1 316500000 317000000 1494.61214
OX637751.1 317000000 317500000 1494.0
OX637751.1 317500000 318000000 1494.0
OX637751.1 318000000 318500000 1494.0
OX637751.1 318500000 319000000 1494.0
OX637751.1 319000000 319500000 1493.24802
OX637751.1 319500000 320000000 1493.0
OX637751.1 320000000 320500000 1493.0
OX637751.1 320500000 321000000 1493.0
OX637751.1 321000000 321500000 1493.0
OX637751.1 321500000 322000000 1493.0
OX637751.1 322000000 322500000 1492.60717
OX637751.1 322500000 323000000 1492.0
OX637751.1 323000000 323500000 1492.0
OX637751.1 323500000 324000000 1491.82889
OX637751.1 324000000 324500000 1491.0
OX637751.1 324500000 325000000 1491.0
OX637751.1 325000000 325500000 1491.0
OX637751.1 325500000 326000000 1491.0
OX637751.1 326000000 326500000 1491.0
OX637751.1 326500000 327000000 1491.0
OX637751.1 327000000 327500000 1491.00235
OX637751.1 327500000 328000000 1491.99913
OX637751.1 328000000 328500000 1491.46625
OX637751.1 328500000 329000000 1491.0
OX637751.1 329000000 329500000 1491.0
OX637751.1 329500000 330000000 1491.23959
OX637751.1 330000000 330500000 1492.04248
OX637751.1 330500000 331000000 1492.0
OX637751.1 331000000 331500000 1491.1199
OX637751.1 331500000 332000000 1490.58782
OX637751.1 332000000 332500000 1490.00789
OX637751.1 332500000 333000000 1490.00821
OX637751.1 333000000 333500000 1490.00697
OX637751.1 333500000 334000000 1490.0
OX637751.1 334000000 334500000 1490.0
OX637751.1 334500000 335000000 1490.0
OX637751.1 335000000 335500000 1490.0
OX637751.1 335500000 336000000 1490.0
OX637751.1 336000000 336500000 1490.0
OX637751.1 336500000 337000000 1490.0
OX637751.1 337000000 337500000 1490.0
OX637751.1 337500000 338000000 1490.0
OX637751.1 338000000 338500000 1490.0
OX637751.1 338500000 339000000 1489.16094
OX637751.1 339000000 339500000 1489.0
OX637751.1 339500000 340000000 1489.0
OX637751.1 340000000 340500000 1488.44861
OX637751.1 340500000 341000000 1488.0
OX637751.1 341000000 341500000 1488.0
OX637751.1 341500000 342000000 1488.0
OX637751.1 342000000 342500000 1488.0
OX637751.1 342500000 343000000 1488.0
OX637751.1 343000000 343500000 1488.92792
OX637751.1 343500000 344000000 1488.76755
OX637751.1 344000000 344500000 1488.0
OX637751.1 344500000 345000000 1488.0
OX637751.1 345000000 345500000 1488.0
OX637751.1 345500000 346000000 1488.00197
OX637751.1 346000000 346500000 1488.0
OX637751.1 346500000 347000000 1488.0
OX637751.1 347000000 347500000 1487.45355
OX637751.1 347500000 348000000 1487.0
OX637751.1 348000000 348500000 1487.0
OX637751.1 348500000 349000000 1487.0
OX637751.1 349000000 349500000 1487.0
OX637751.1 349500000 350000000 1486.376
OX637751.1 350000000 350500000 1486.0
OX637751.1 350500000 351000000 1484.76373
OX637751.1 351000000 351500000 1484.0
OX637751.1 351500000 352000000 1482.93789
OX637751.1 352000000 352500000 1481.78127
OX637751.1 352500000 353000000 1481.0
OX637751.1 353000000 353500000 1481.0
OX637751.1 353500000 354000000 1481.0
OX637751.1 354000000 354500000 1480.46535
OX637751.1 354500000 355000000 1480.0
OX637751.1 355000000 355500000 1480.0
OX637751.1 355500000 356000000 1480.0
OX637751.1 356000000 356500000 1480.0
OX637751.1 356500000 357000000 1480.0
OX637751.1 357000000 357500000 1480.0
OX637751.1 357500000 358000000 1480.0
OX637751.1 358000000 358500000 1479.37513
OX637751.1 358500000 359000000 1477.89776
OX637751.1 359000000 359500000 1477.0
OX637751.1 359500000 360000000 1477.0
OX637751.1 360000000 360500000 1477.0
OX637751.1 360500000 361000000 1477.0
OX637751.1 361000000 361500000 1477.0
OX637751.1 361500000 362000000 1477.0
OX637751.1 362000000 362500000 1477.0
OX637751.1 362500000 363000000 1477.0
OX637751.1 363000000 363500000 1477.0
OX637751.1 363500000 364000000 1477.0
OX637751.1 364000000 364500000 1477.0
OX637751.1 364500000 365000000 1476.24202
OX637751.1 365000000 365500000 1476.0
OX637751.1 365500000 366000000 1476.0
OX637751.1 366000000 366500000 1476.0
OX637751.1 366500000 367000000 1476.0
OX637751.1 367000000 367500000 1476.0
OX637751.1 367500000 368000000 1476.0
OX637751.1 368000000 368500000 1476.0
OX637751.1 368500000 369000000 1476.0
OX637751.1 369000000 369500000 1476.0
OX637751.1 369500000 370000000 1476.0
OX637751.1 370000000 370500000 1476.0
OX637751.1 370500000 371000000 1476.0
OX637751.1 371000000 371500000 1475.11461
OX637751.1 371500000 372000000 1475.0
OX637751.1 372000000 372500000 1475.0
OX637751.1 372500000 373000000 1475.0
OX637751.1 373000000 373500000 1475.0
OX637751.1 373500000 374000000 1475.0
OX637751.1 374000000 374500000 1475.0
OX637751.1 374500000 375000000 1474.78992
OX637751.1 375000000 375500000 1474.0
OX637751.1 375500000 376000000 1474.0
OX637751.1 376000000 376500000 1474.0
OX637751.1 376500000 377000000 1474.0
OX637751.1 377000000 377500000 1474.0
OX637751.1 377500000 378000000 1473.36489
OX637751.1 378000000 378500000 1473.0
OX637751.1 378500000 379000000 1473.0
OX637751.1 379000000 379500000 1473.0
OX637751.1 379500000 380000000 1473.0
OX637751.1 380000000 380500000 1471.16204
OX637751.1 380500000 381000000 1471.0
OX637751.1 381000000 381500000 1471.0
OX637751.1 381500000 382000000 1471.01759
OX637751.1 382000000 382500000 1471.0
OX637751.1 382500000 383000000 1471.0056
OX637751.1 383000000 383500000 1471.0
OX637751.1 383500000 384000000 1471.0
OX637751.1 384000000 384500000 1470.93713
OX637751.1 384500000 385000000 1469.78415
OX637751.1 385000000 385500000 1469.0
OX637751.1 385500000 386000000 1469.0
OX637751.1 386000000 386500000 1469.0
OX637751.1 386500000 387000000 1469.0
OX637751.1 387000000 387500000 1468.54345
OX637751.1 387500000 388000000 1468.00276
OX637751.1 388000000 388500000 1468.0
OX637751.1 388500000 389000000 1467.58129
OX637751.1 389000000 389500000 1467.0
OX637751.1 389500000 390000000 1467.00589
OX637751.1 390000000 390500000 1467.0
OX637751.1 390500000 391000000 1467.00163
OX637751.1 391000000 391500000 1467.0
OX637751.1 391500000 392000000 1467.0
OX637751.1 392000000 392500000 1467.0
OX637751.1 392500000 393000000 1466.41332
OX637751.1 393000000 393500000 1466.0
OX637751.1 393500000 394000000 1466.0
OX637751.1 394000000 394500000 1466.0
OX637751.1 394500000 395000000 1466.0
OX637751.1 395000000 395500000 1466.0
OX637751.1 395500000 396000000 1465.16594
OX637751.1 396000000 396500000 1465.02505
OX637751.1 396500000 397000000 1465.0
OX637751.1 397000000 397500000 1464.55064
OX637751.1 397500000 398000000 1464.00315
OX637751.1 398000000 398500000 1463.4099
OX637751.1 398500000 399000000 1462.0
OX637751.1 399000000 399500000 1462.0
OX637751.1 399500000 400000000 1462.0
OX637751.1 400000000 400500000 1462.11703
OX637751.1 400500000 401000000 1462.62855
OX637751.1 401000000 401500000 1463.0
OX637751.1 401500000 402000000 1463.0
OX637751.1 402000000 402500000 1463.00872
OX637751.1 402500000 403000000 1463.0
OX637751.1 403000000 403500000 1463.0
OX637751.1 403500000 404000000 1463.00024
OX637751.1 404000000 404500000 1463.0
OX637751.1 404500000 405000000 1463.00406
OX637751.1 405000000 405500000 1463.0
OX637751.1 405500000 406000000 1463.0
OX637751.1 406000000 406500000 1463.0
OX637751.1 406500000 407000000 1463.00327
OX637751.1 407000000 407500000 1462.95407
OX637751.1 407500000 408000000 1462.0
OX637751.1 408000000 408500000 1462.0
OX637751.1 408500000 409000000 1461.59065
OX637751.1 409000000 409500000 1461.0
OX637751.1 409500000 410000000 1461.0
OX637751.1 410000000 410500000 1461.0031
OX637751.1 410500000 411000000 1461.00456
OX637751.1 411000000 411500000 1461.0
OX637751.1 411500000 412000000 1460.03869
OX637751.1 412000000 412500000 1457.25983
OX637751.1 412500000 413000000 1457.0
OX637751.1 413000000 413500000 1456.83758
OX637751.1 413500000 414000000 1456.0
OX637751.1 414000000 414500000 1455.31292
OX637751.1 414500000 415000000 1454.66014
OX637751.1 415000000 415500000 1453.0
OX637751.1 415500000 416000000 1453.0
OX637751.1 416000000 416500000 1453.0
OX637751.1 416500000 417000000 1453.0
OX637751.1 417000000 417500000 1452.51193
OX637751.1 417500000 418000000 1451.0
OX637751.1 418000000 418500000 1451.0
OX637751.1 418500000 419000000 1451.0
OX637751.1 419000000 419500000 1451.0
OX637751.1 419500000 420000000 1450.57704
OX637751.1 420000000 420500000 1449.52408
OX637751.1 420500000 421000000 1449.0
OX637751.1 421000000 421500000 1448.28794
OX637751.1 421500000 422000000 1448.00589
OX637751.1 422000000 422500000 1446.98348
OX637751.1 422500000 423000000 1445.64162
OX637751.1 423000000 423500000 1443.30181
OX637751.1 423500000 424000000 1442.43423
OX637751.1 424000000 424500000 1442.0
OX637751.1 424500000 425000000 1441.82929
OX637751.1 425000000 425500000 1441.0
OX637751.1 425500000 426000000 1441.0
OX637751.1 426000000 426500000 1441.0
OX637751.1 426500000 427000000 1440.34605
OX637751.1 427000000 427500000 1440.0
OX637751.1 427500000 428000000 1440.0
OX637751.1 428000000 428500000 1440.0
OX637751.1 428500000 429000000 1440.0
OX637751.1 429000000 429500000 1440.0
OX637751.1 429500000 430000000 1440.0
OX637751.1 430000000 430500000 1440.0
OX637751.1 430500000 431000000 1440.0
OX637751.1 431000000 431500000 1440.0
OX637751.1 431500000 432000000 1439.9902
OX637751.1 432000000 432500000 1440.0
OX637751.1 432500000 433000000 1440.0
OX637751.1 433000000 433500000 1440.0
OX637751.1 433500000 434000000 1440.0
OX637751.1 434000000 434500000 1439.39038
OX637751.1 434500000 435000000 1438.40017
OX637751.1 435000000 435500000 1438.13975
OX637751.1 435500000 436000000 1439.00211
OX637751.1 436000000 436500000 1439.0
OX637751.1 436500000 437000000 1438.51594
OX637751.1 437000000 437500000 1437.12364
OX637751.1 437500000 438000000 1437.02147
OX637751.1 438000000 438500000 1437.0
OX637751.1 438500000 439000000 1437.0
OX637751.1 439000000 439500000 1437.00285
OX637751.1 439500000 440000000 1437.00204
OX637751.1 440000000 440500000 1436.30565
OX637751.1 440500000 441000000 1436.0
OX637751.1 441000000 441500000 1436.0
OX637751.1 441500000 442000000 1435.01874
OX637751.1 442000000 442500000 1434.0
OX637751.1 442500000 443000000 1434.0
OX637751.1 443000000 443500000 1434.0
OX637751.1 443500000 444000000 1433.07455
OX637751.1 444000000 444500000 1431.0
OX637751.1 444500000 445000000 1430.99189
OX637751.1 445000000 445500000 1430.00637
OX637751.1 445500000 446000000 1428.33609
OX637751.1 446000000 446500000 1428.0046
OX637751.1 446500000 447000000 1428.0
OX637751.1 447000000 447500000 1427.61084
OX637751.1 447500000 448000000 1427.0
OX637751.1 448000000 448500000 1427.0
OX637751.1 448500000 449000000 1427.0
OX637751.1 449000000 449500000 1427.0
OX637751.1 449500000 450000000 1427.21823
OX637751.1 450000000 450500000 1427.51432
OX637751.1 450500000 451000000 1425.31778
OX637751.1 451000000 451500000 1425.0
OX637751.1 451500000 452000000 1424.63582
OX637751.1 452000000 452500000 1424.0
OX637751.1 452500000 453000000 1423.62191
OX637751.1 453000000 453500000 1422.15947
OX637751.1 453500000 454000000 1422.00917
OX637751.1 454000000 454500000 1421.84849
OX637751.1 454500000 455000000 1419.64018
OX637751.1 455000000 455500000 1419.0
OX637751.1 455500000 456000000 1419.0
OX637751.1 456000000 456500000 1417.89456
OX637751.1 456500000 457000000 1416.78151
OX637751.1 457000000 457500000 1416.0
OX637751.1 457500000 458000000 1416.0
OX637751.1 458000000 458500000 1416.0
OX637751.1 458500000 459000000 1415.37965
OX637751.1 459000000 459500000 1412.35017
OX637751.1 459500000 460000000 1412.28122
OX637751.1 460000000 460500000 1412.86629
OX637751.1 460500000 461000000 1411.0
OX637751.1 461000000 461500000 1411.0
OX637751.1 461500000 462000000 1411.0009
OX637751.1 462000000 462500000 1410.36729
OX637751.1 462500000 463000000 1410.0
OX637751.1 463000000 463500000 1410.00266
OX637751.1 463500000 464000000 1410.0
OX637751.1 464000000 464500000 1410.0
OX637751.1 464500000 465000000 1410.0
OX637751.1 465000000 465500000 1409.17449
OX637751.1 465500000 466000000 1407.84744
OX637751.1 466000000 466500000 1406.65373
OX637751.1 466500000 467000000 1403.92659
OX637751.1 467000000 467500000 1403.0
OX637751.1 467500000 468000000 1402.60264
OX637751.1 468000000 468500000 1401.0
OX637751.1 468500000 469000000 1401.00235
OX637751.1 469000000 469500000 1401.0
OX637751.1 469500000 470000000 1401.90226
OX637751.1 470000000 470500000 1402.00653
OX637751.1 470500000 471000000 1402.0
OX637751.1 471000000 471500000 1401.98981
OX637751.1 471500000 472000000 1399.98687
OX637751.1 472000000 472500000 1399.0
OX637751.1 472500000 473000000 1398.51775
OX637751.1 473000000 473500000 1396.63101
OX637751.1 473500000 474000000 1395.37118
OX637751.1 474000000 474500000 1395.0
OX637751.1 474500000 475000000 1395.00394
OX637751.1 475000000 475500000 1395.0
OX637751.1 475500000 476000000 1393.93971
OX637751.1 476000000 476500000 1392.09649
OX637751.1 476500000 477000000 1391.23435
OX637751.1 477000000 477500000 1390.85752
OX637751.1 477500000 478000000 1389.57649
OX637751.1 478000000 478500000 1389.0
OX637751.1 478500000 479000000 1388.72062
OX637751.1 479000000 479500000 1385.83707
OX637751.1 479500000 480000000 1385.0
OX637751.1 480000000 480500000 1385.0
OX637751.1 480500000 481000000 1384.50646
OX637751.1 481000000 481500000 1383.3962
OX637751.1 481500000 482000000 1382.0
OX637751.1 482000000 482500000 1382.08432
OX637751.1 482500000 483000000 1383.0
OX637751.1 483000000 483500000 1382.68968
OX637751.1 483500000 484000000 1381.4231
OX637751.1 484000000 484500000 1381.0
OX637751.1 484500000 485000000 1381.0
OX637751.1 485000000 485500000 1381.0
OX637751.1 485500000 486000000 1381.0
OX637751.1 486000000 486500000 1380.66495
OX637751.1 486500000 487000000 1379.20005
OX637751.1 487000000 487500000 1377.43588
OX637751.1 487500000 488000000 1377.0
OX637751.1 488000000 488500000 1376.52323
OX637751.1 488500000 489000000 1375.61772
OX637751.1 489000000 489500000 1375.00457
OX637751.1 489500000 490000000 1374.40099
OX637751.1 490000000 490500000 1370.22946
OX637751.1 490500000 491000000 1368.86324
OX637751.1 491000000 491500000 1366.78755
OX637751.1 491500000 492000000 1363.38271
OX637751.1 492000000 492500000 1363.0
OX637751.1 492500000 493000000 1363.0
OX637751.1 493000000 493500000 1362.67666
OX637751.1 493500000 494000000 1361.3823
OX637751.1 494000000 494500000 1361.0
OX637751.1 494500000 495000000 1361.35145
OX637751.1 495000000 495500000 1362.0
OX637751.1 495500000 496000000 1361.78898
OX637751.1 496000000 496500000 1361.0
OX637751.1 496500000 497000000 1360.04122
OX637751.1 497000000 497500000 1358.34194
OX637751.1 497500000 498000000 1358.0
OX637751.1 498000000 498500000 1358.0
OX637751.1 498500000 499000000 1356.92702
OX637751.1 499000000 499500000 1356.0
OX637751.1 499500000 500000000 1356.00286
OX637751.1 500000000 500500000 1356.0
OX637751.1 500500000 501000000 1354.56783
OX637751.1 501000000 501500000 1354.0
OX637751.1 501500000 502000000 1354.00385
OX637751.1 502000000 502500000 1353.08822
OX637751.1 502500000 503000000 1351.85285
OX637751.1 503000000 503500000 1351.0
OX637751.1 503500000 504000000 1350.18562
OX637751.1 504000000 504500000 1348.39532
OX637751.1 504500000 505000000 1346.85272
OX637751.1 505000000 505500000 1345.42719
OX637751.1 505500000 506000000 1344.28589
OX637751.1 506000000 506500000 1344.00222
OX637751.1 506500000 507000000 1344.00439
OX637751.1 507000000 507500000 1342.95343
OX637751.1 507500000 508000000 1341.0
OX637751.1 508000000 508500000 1340.76702
OX637751.1 508500000 509000000 1340.00021
OX637751.1 509000000 509500000 1339.78224
OX637751.1 509500000 510000000 1338.67406
OX637751.1 510000000 510500000 1337.25011
OX637751.1 510500000 511000000 1336.00866
OX637751.1 511000000 511500000 1336.0
OX637751.1 511500000 512000000 1335.81499
OX637751.1 512000000 512500000 1333.26771
OX637751.1 512500000 513000000 1332.17239
OX637751.1 513000000 513500000 1330.31681
OX637751.1 513500000 514000000 1330.0
OX637751.1 514000000 514500000 1329.17656
OX637751.1 514500000 515000000 1328.38165
OX637751.1 515000000 515500000 1327.93565
OX637751.1 515500000 516000000 1327.00863
OX637751.1 516000000 516500000 1325.63009
OX637751.1 516500000 517000000 1323.96529
OX637751.1 517000000 517500000 1322.67636
OX637751.1 517500000 518000000 1321.2257
OX637751.1 518000000 518500000 1320.1755
OX637751.1 518500000 519000000 1320.0
OX637751.1 519000000 519500000 1320.0
OX637751.1 519500000 520000000 1319.73651
OX637751.1 520000000 520500000 1315.14872
OX637751.1 520500000 521000000 1313.67533
OX637751.1 521000000 521500000 1310.66386
OX637751.1 521500000 522000000 1308.86888
OX637751.1 522000000 522500000 1307.0
OX637751.1 522500000 523000000 1307.0
OX637751.1 523000000 523500000 1307.0
OX637751.1 523500000 524000000 1306.45939
OX637751.1 524000000 524500000 1306.0
OX637751.1 524500000 525000000 1306.0
OX637751.1 525000000 525500000 1304.30786
OX637751.1 525500000 526000000 1303.0
OX637751.1 526000000 526500000 1301.76822
OX637751.1 526500000 527000000 1299.88138
OX637751.1 527000000 527500000 1298.65177
OX637751.1 527500000 528000000 1296.01507
OX637751.1 528000000 528500000 1295.0
OX637751.1 528500000 529000000 1295.0
OX637751.1 529000000 529500000 1292.7101
OX637751.1 529500000 530000000 1291.45299
OX637751.1 530000000 530500000 1291.0
OX637751.1 530500000 531000000 1290.27457
OX637751.1 531000000 531500000 1290.00583
OX637751.1 531500000 532000000 1289.63814
OX637751.1 532000000 532500000 1287.31218
OX637751.1 532500000 533000000 1286.0
OX637751.1 533000000 533500000 1285.81193
OX637751.1 533500000 534000000 1284.29871
OX637751.1 534000000 534500000 1283.7743
OX637751.1 534500000 535000000 1278.5453
OX637751.1 535000000 535500000 1278.0
OX637751.1 535500000 536000000 1277.6601
OX637751.1 536000000 536500000 1277.0
OX637751.1 536500000 537000000 1276.43174
OX637751.1 537000000 537500000 1276.0
OX637751.1 537500000 538000000 1275.97458
OX637751.1 538000000 538500000 1272.73907
OX637751.1 538500000 539000000 1269.31156
OX637751.1 539000000 539500000 1268.0
OX637751.1 539500000 540000000 1268.0
OX637751.1 540000000 540500000 1265.20272
OX637751.1 540500000 541000000 1263.54549
OX637751.1 541000000 541500000 1261.78266
OX637751.1 541500000 542000000 1261.0
OX637751.1 542000000 542500000 1260.71037
OX637751.1 542500000 543000000 1259.08085
OX637751.1 543000000 543500000 1256.80775
OX637751.1 543500000 544000000 1252.28189
OX637751.1 544000000 544500000 1249.0
OX637751.1 544500000 545000000 1248.60359
OX637751.1 545000000 545500000 1245.97168
OX637751.1 545500000 546000000 1244.84569
OX637751.1 546000000 546500000 1242.97793
OX637751.1 546500000 547000000 1240.81971
OX637751.1 547000000 547500000 1239.55014
OX637751.1 547500000 548000000 1239.0
OX637751.1 548000000 548500000 1239.0
OX637751.1 548500000 549000000 1238.47972
OX637751.1 549000000 549500000 1236.20646
OX637751.1 549500000 550000000 1235.47017
OX637751.1 550000000 550500000 1233.16136
OX637751.1 550500000 551000000 1231.53565
OX637751.1 551000000 551500000 1229.82941
OX637751.1 551500000 552000000 1229.0
OX637751.1 552000000 552500000 1228.68878
OX637751.1 552500000 553000000 1227.40783
OX637751.1 553000000 553500000 1226.0
OX637751.1 553500000 554000000 1226.0
OX637751.1 554000000 554500000 1226.0
OX637751.1 554500000 555000000 1226.0
OX637751.1 555000000 555500000 1226.0
OX637751.1 555500000 556000000 1226.0
OX637751.1 556000000 556500000 1225.20591
OX637751.1 556500000 557000000 1225.0
OX637751.1 557000000 557500000 1225.0
OX637751.1 557500000 558000000 1224.33298
OX637751.1 558000000 558500000 1223.71874
OX637751.1 558500000 559000000 1221.81571
OX637751.1 559000000 559500000 1217.65575
OX637751.1 559500000 560000000 1217.0
OX637751.1 560000000 560500000 1216.16053
OX637751.1 560500000 561000000 1214.22008
OX637751.1 561000000 561500000 1212.02922
OX637751.1 561500000 562000000 1212.0
OX637751.1 562000000 562500000 1211.0551
OX637751.1 562500000 563000000 1209.88936
OX637751.1 563000000 563500000 1208.04432
OX637751.1 563500000 564000000 1205.0
OX637751.1 564000000 564500000 1205.0
OX637751.1 564500000 565000000 1205.0
OX637751.1 565000000 565500000 1205.0
OX637751.1 565500000 566000000 1205.0
OX637751.1 566000000 566500000 1205.0
OX637751.1 566500000 567000000 1205.0
OX637751.1 567000000 567500000 1205.0
OX637751.1 567500000 568000000 1205.0
OX637751.1 568000000 568500000 1203.38001
OX637751.1 568500000 569000000 1202.51649
OX637751.1 569000000 569500000 1202.0
OX637751.1 569500000 570000000 1199.71046
OX637751.1 570000000 570500000 1199.0
OX637751.1 570500000 571000000 1199.0
OX637751.1 571000000 571500000 1198.44641
OX637751.1 571500000 572000000 1196.6592
OX637751.1 572000000 572500000 1194.79675
OX637751.1 572500000 573000000 1193.54244
OX637751.1 573000000 573500000 1192.1412
OX637751.1 573500000 574000000 1187.63628
OX637751.1 574000000 574500000 1185.61296
OX637751.1 574500000 575000000 1182.60915
OX637751.1 575000000 575500000 1181.58334
OX637751.1 575500000 576000000 1181.0
OX637751.1 576000000 576500000 1180.23904
OX637751.1 576500000 577000000 1176.43631
OX637751.1 577000000 577500000 1174.21359
OX637751.1 577500000 578000000 1170.39155
OX637751.1 578000000 578500000 1164.50552
OX637751.1 578500000 579000000 1163.3496
OX637751.1 579000000 579500000 1161.55421
OX637751.1 579500000 580000000 1159.86199
OX637751.1 580000000 580500000 1157.21755
OX637751.1 580500000 581000000 1153.07795
OX637751.1 581000000 581500000 1151.78835
OX637751.1 581500000 582000000 1149.52325
OX637751.1 582000000 582500000 1148.0
OX637751.1 582500000 583000000 1144.78579
OX637751.1 583000000 583500000 1141.32803
OX637751.1 583500000 584000000 1139.07317
OX637751.1 584000000 584500000 1138.0
OX637751.1 584500000 585000000 1136.43784
OX637751.1 585000000 585500000 1133.58182
OX637751.1 585500000 586000000 1129.51405
OX637751.1 586000000 586500000 1126.58738
OX637751.1 586500000 587000000 1124.98949
OX637751.1 587000000 587500000 1119.85613
OX637751.1 587500000 588000000 1114.48158
OX637751.1 588000000 588500000 1112.04767
OX637751.1 588500000 589000000 1108.5003
OX637751.1 589000000 589500000 1105.0803
OX637751.1 589500000 590000000 1101.40469
OX637751.1 590000000 590500000 1097.77019
OX637751.1 590500000 591000000 1093.65418
OX637751.1 591000000 591500000 1084.37984
OX637751.1 591500000 592000000 1080.13087
OX637751.1 592000000 592500000 1076.65937
OX637751.1 592500000 593000000 1071.63773
OX637751.1 593000000 593500000 1070.27567
OX637751.1 593500000 594000000 1063.48569
OX637751.1 594000000 594500000 1059.39642
OX637751.1 594500000 595000000 1056.00245
OX637751.1 595000000 595500000 1055.02334
OX637751.1 595500000 596000000 1048.40177
OX637751.1 596000000 596500000 1041.2714
OX637751.1 596500000 597000000 1034.98291
OX637751.1 597000000 597500000 1028.27388
OX637751.1 597500000 598000000 1021.15013
OX637751.1 598000000 598500000 1016.04259
OX637751.1 598500000 599000000 1012.09859
OX637751.1 599000000 599500000 1007.63705
OX637751.1 599500000 600000000 1004.42952
OX637751.1 600000000 600500000 996.06037
OX637751.1 600500000 601000000 984.74784
OX637751.1 601000000 601500000 978.81078
OX637751.1 601500000 602000000 974.19963
OX637751.1 602000000 602500000 965.04397
OX637751.1 602500000 603000000 950.09053
OX637751.1 603000000 603500000 944.33873
OX637751.1 603500000 604000000 939.01304
OX637751.1 604000000 604500000 936.84628
OX637751.1 604500000 605000000 926.06086
OX637751.1 605000000 605500000 913.48401
OX637751.1 605500000 606000000 902.20707
OX637751.1 606000000 606500000 893.61172
OX637751.1 606500000 607000000 890.0
OX637751.1 607000000 607500000 883.95789
OX637751.1 607500000 608000000 876.40766
OX637751.1 608000000 608500000 869.07591
OX637751.1 608500000 609000000 865.98129
OX637751.1 609000000 609500000 859.93395
OX637751.1 609500000 610000000 853.7172
OX637751.1 610000000 610500000 849.19535
OX637751.1 610500000 611000000 847.91902
OX637751.1 611000000 611500000 844.03874
OX637751.1 611500000 612000000 839.85483
OX637751.1 612000000 612500000 831.53908
OX637751.1 612500000 613000000 826.0
OX637751.1 613000000 613500000 825.52403
OX637751.1 613500000 614000000 810.1599
OX637751.1 614000000 614500000 799.78926
OX637751.1 614500000 615000000 791.1479
OX637751.1 615000000 615500000 789.60287
OX637751.1 615500000 616000000 779.74329
OX637751.1 616000000 616500000 759.7528
OX637751.1 616500000 617000000 749.09768
OX637751.1 617000000 617500000 737.70376
OX637751.1 617500000 618000000 732.71775
OX637751.1 618000000 618500000 725.2288
OX637751.1 618500000 619000000 714.84967
OX637751.1 619000000 619500000 704.22342
OX637751.1 619500000 620000000 692.34634
OX637751.1 620000000 620500000 679.51446
OX637751.1 620500000 621000000 664.10739
OX637751.1 621000000 621500000 642.90398
OX637751.1 621500000 622000000 626.03052
OX637751.1 622000000 622500000 603.20549
OX637751.1 622500000 623000000 588.02537
OX637751.1 623000000 623500000 577.1782
OX637751.1 623500000 624000000 574.52941
OX637751.1 624000000 624500000 569.70947
OX637751.1 624500000 625000000 554.52853
OX637751.1 625000000 625500000 528.90649
OX637751.1 625500000 626000000 504.69802
OX637751.1 626000000 626500000 472.92811
OX637751.1 626500000 627000000 461.33804
OX637751.1 627000000 627500000 442.47312
OX637751.1 627500000 628000000 426.07427
OX637751.1 628000000 628500000 385.32482
OX637751.1 628500000 629000000 357.17615
OX637751.1 629000000 629500000 329.63876
OX637751.1 629500000 630000000 280.75443
OX637751.1 630000000 630500000 256.37958
OX637751.1 630500000 631000000 240.13259
OX637751.1 631000000 631500000 191.9784
OX637751.1 631500000 632000000 126.56361
OX637751.1 632000000 632428281 63.26335
OX637758.1 0 500000 0.97627
OX637758.1 500000 1000000 17.68061
OX637758.1 1000000 1500000 87.45013
OX637758.1 1500000 2000000 114.38552
OX637758.1 2000000 2500000 140.01552
OX637758.1 2500000 3000000 160.20582
OX637758.1 3000000 3500000 178.24601
OX637758.1 3500000 4000000 202.29925
OX637758.1 4000000 4500000 227.33698
OX637758.1 4500000 5000000 243.64175
OX637758.1 5000000 5500000 254.46279
OX637758.1 5500000 6000000 276.55807
OX637758.1 6000000 6500000 303.10368
OX637758.1 6500000 7000000 326.43957
OX637758.1 7000000 7500000 337.04106
OX637758.1 7500000 8000000 350.64016
OX637758.1 8000000 8500000 377.14593
OX637758.1 8500000 9000000 402.31868
OX637758.1 9000000 9500000 413.49525
OX637758.1 9500000 10000000 424.39564
OX637758.1 10000000 10500000 436.79551
OX637758.1 10500000 11000000 443.16137
OX637758.1 11000000 11500000 451.04385
OX637758.1 11500000 12000000 461.92163
OX637758.1 12000000 12500000 466.19491
OX637758.1 12500000 13000000 469.41666
OX637758.1 13000000 13500000 473.55315
OX637758.1 13500000 14000000 477.4063
OX637758.1 14000000 14500000 483.42783
OX637758.1 14500000 15000000 490.75823
OX637758.1 15000000 15500000 498.65718
OX637758.1 15500000 16000000 500.47844
OX637758.1 16000000 16500000 510.52006
OX637758.1 16500000 17000000 515.97495
OX637758.1 17000000 17500000 523.63372
OX637758.1 17500000 18000000 530.06161
OX637758.1 18000000 18500000 531.1608
OX637758.1 18500000 19000000 535.29654
OX637758.1 19000000 19500000 540.17048
OX637758.1 19500000 20000000 543.58392
OX637758.1 20000000 20500000 546.00439
OX637758.1 20500000 21000000 548.0
OX637758.1 21000000 21500000 548.78987
OX637758.1 21500000 22000000 552.84338
OX637758.1 22000000 22500000 560.62325
OX637758.1 22500000 23000000 568.64951
OX637758.1 23000000 23500000 576.6644
OX637758.1 23500000 24000000 586.14973
OX637758.1 24000000 24500000 596.62847
OX637758.1 24500000 25000000 601.43616
OX637758.1 25000000 25500000 603.98752
OX637758.1 25500000 26000000 614.88195
OX637758.1 26000000 26500000 620.98599
OX637758.1 26500000 27000000 625.98017
OX637758.1 27000000 27500000 630.72827
OX637758.1 27500000 28000000 635.72058
OX637758.1 28000000 28500000 640.13159
OX637758.1 28500000 29000000 641.84382
OX637758.1 29000000 29500000 643.16723
OX637758.1 29500000 30000000 648.42586
OX637758.1 30000000 30500000 652.03603
OX637758.1 30500000 31000000 655.01267
OX637758.1 31000000 31500000 656.72351
OX637758.1 31500000 32000000 657.79485
OX637758.1 32000000 32500000 660.07005
OX637758.1 32500000 33000000 663.34758
OX637758.1 33000000 33500000 664.28426
OX637758.1 33500000 34000000 665.0
OX637758.1 34000000 34500000 665.16731
OX637758.1 34500000 35000000 666.39824
OX637758.1 35000000 35500000 671.24464
OX637758.1 35500000 36000000 672.01919
OX637758.1 36000000 36500000 676.03327
OX637758.1 36500000 37000000 678.01565
OX637758.1 37000000 37500000 679.0
OX637758.1 37500000 38000000 680.14641
OX637758.1 38000000 38500000 682.0
OX637758.1 38500000 39000000 682.6032
OX637758.1 39000000 39500000 683.0
OX637758.1 39500000 40000000 683.94042
OX637758.1 40000000 40500000 684.66246
OX637758.1 40500000 41000000 687.77668
OX637758.1 41000000 41500000 688.0
OX637758.1 41500000 42000000 688.0
OX637758.1 42000000 42500000 689.12253
OX637758.1 42500000 43000000 691.48073
OX637758.1 43000000 43500000 694.37714
OX637758.1 43500000 44000000 695.59325
OX637758.1 44000000 44500000 698.97965
OX637758.1 44500000 45000000 702.20886
OX637758.1 45000000 45500000 705.73187
OX637758.1 45500000 46000000 708.26852
OX637758.1 46000000 46500000 711.32026
OX637758.1 46500000 47000000 712.36017
OX637758.1 47000000 47500000 716.9206
OX637758.1 47500000 48000000 718.0
OX637758.1 48000000 48500000 718.0
OX637758.1 48500000 49000000 718.99076
OX637758.1 49000000 49500000 721.97389
OX637758.1 49500000 50000000 723.97794
OX637758.1 50000000 50500000 727.62764
OX637758.1 50500000 51000000 731.58045
OX637758.1 51000000 51500000 732.29209
OX637758.1 51500000 52000000 733.99744
OX637758.1 52000000 52500000 735.78645
OX637758.1 52500000 53000000 736.0
OX637758.1 53000000 53500000 736.23107
OX637758.1 53500000 54000000 739.84984
OX637758.1 54000000 54500000 740.0
OX637758.1 54500000 55000000 740.45151
OX637758.1 55000000 55500000 742.08741
OX637758.1 55500000 56000000 743.16031
OX637758.1 56000000 56500000 745.68437
OX637758.1 56500000 57000000 747.0
OX637758.1 57000000 57500000 747.0
OX637758.1 57500000 58000000 747.0
OX637758.1 58000000 58500000 747.0
OX637758.1 58500000 59000000 747.93529
OX637758.1 59000000 59500000 749.0
OX637758.1 59500000 60000000 749.57286
OX637758.1 60000000 60500000 750.0
OX637758.1 60500000 61000000 750.0
OX637758.1 61000000 61500000 750.0
OX637758.1 61500000 62000000 750.0
OX637758.1 62000000 62500000 750.0
OX637758.1 62500000 63000000 751.13785
OX637758.1 63000000 63500000 752.0
OX637758.1 63500000 64000000 752.73978
OX637758.1 64000000 64500000 754.49183
OX637758.1 64500000 65000000 756.54872
OX637758.1 65000000 65500000 757.0
OX637758.1 65500000 66000000 757.0
OX637758.1 66000000 66500000 757.0
OX637758.1 66500000 67000000 757.66472
OX637758.1 67000000 67500000 758.72338
OX637758.1 67500000 68000000 759.91152
OX637758.1 68000000 68500000 760.0
OX637758.1 68500000 69000000 760.0
OX637758.1 69000000 69500000 760.9354
OX637758.1 69500000 70000000 761.0
OX637758.1 70000000 70500000 761.0
OX637758.1 70500000 71000000 761.96977
OX637758.1 71000000 71500000 762.0
OX637758.1 71500000 72000000 762.0
OX637758.1 72000000 72500000 762.86944
OX637758.1 72500000 73000000 763.92208
OX637758.1 73000000 73500000 766.10382
OX637758.1 73500000 74000000 767.0
OX637758.1 74000000 74500000 767.0
OX637758.1 74500000 75000000 767.0
OX637758.1 75000000 75500000 767.76246
OX637758.1 75500000 76000000 769.2689
OX637758.1 76000000 76500000 770.45963
OX637758.1 76500000 77000000 771.0
OX637758.1 77000000 77500000 771.8985
OX637758.1 77500000 78000000 772.38722
OX637758.1 78000000 78500000 773.0
OX637758.1 78500000 79000000 773.97257
OX637758.1 79000000 79500000 774.0
OX637758.1 79500000 80000000 774.10276
OX637758.1 80000000 80500000 775.0
OX637758.1 80500000 81000000 775.0
OX637758.1 81000000 81500000 775.0
OX637758.1 81500000 82000000 775.0
OX637758.1 82000000 82500000 775.0
OX637758.1 82500000 83000000 776.43526
OX637758.1 83000000 83500000 778.0
OX637758.1 83500000 84000000 779.05167
OX637758.1 84000000 84500000 780.0
OX637758.1 84500000 85000000 780.62299
OX637758.1 85000000 85500000 782.13656
OX637758.1 85500000 86000000 784.76956
OX637758.1 86000000 86500000 785.0
OX637758.1 86500000 87000000 785.0
OX637758.1 87000000 87500000 785.7103
OX637758.1 87500000 88000000 786.0
OX637758.1 88000000 88500000 786.0
OX637758.1 88500000 89000000 786.94794
OX637758.1 89000000 89500000 787.0
OX637758.1 89500000 90000000 787.5421
OX637758.1 90000000 90500000 789.0
OX637758.1 90500000 91000000 789.0
OX637758.1 91000000 91500000 789.0
OX637758.1 91500000 92000000 789.72849
OX637758.1 92000000 92500000 790.0
OX637758.1 92500000 93000000 790.0
OX637758.1 93000000 93500000 790.0
OX637758.1 93500000 94000000 790.06335
OX637758.1 94000000 94500000 791.0
OX637758.1 94500000 95000000 792.32692
OX637758.1 95000000 95500000 793.30486
OX637758.1 95500000 96000000 794.20425
OX637758.1 96000000 96500000 795.00212
OX637758.1 96500000 97000000 795.25606
OX637758.1 97000000 97500000 796.00621
OX637758.1 97500000 98000000 796.0
OX637758.1 98000000 98500000 796.0
OX637758.1 98500000 99000000 796.0
OX637758.1 99000000 99500000 796.0
OX637758.1 99500000 100000000 796.0
OX637758.1 100000000 100500000 796.0
OX637758.1 100500000 101000000 796.0
OX637758.1 101000000 101500000 796.41314
OX637758.1 101500000 102000000 797.0
OX637758.1 102000000 102500000 797.0
OX637758.1 102500000 103000000 797.0
OX637758.1 103000000 103500000 796.70517
OX637758.1 103500000 104000000 797.0
OX637758.1 104000000 104500000 797.0
OX637758.1 104500000 105000000 797.88276
OX637758.1 105000000 105500000 800.0
OX637758.1 105500000 106000000 800.27576
OX637758.1 106000000 106500000 801.54356
OX637758.1 106500000 107000000 802.71794
OX637758.1 107000000 107500000 803.0
OX637758.1 107500000 108000000 803.0
OX637758.1 108000000 108500000 803.0
OX637758.1 108500000 109000000 803.62003
OX637758.1 109000000 109500000 804.57133
OX637758.1 109500000 110000000 805.0
OX637758.1 110000000 110500000 805.41005
OX637758.1 110500000 111000000 807.12724
OX637758.1 111000000 111500000 808.0
OX637758.1 111500000 112000000 808.0
OX637758.1 112000000 112500000 808.0
OX637758.1 112500000 113000000 808.0
OX637758.1 113000000 113500000 808.0
OX637758.1 113500000 114000000 808.0
OX637758.1 114000000 114500000 808.0
OX637758.1 114500000 115000000 808.0
OX637758.1 115000000 115500000 808.0
OX637758.1 115500000 116000000 808.0
OX637758.1 116000000 116500000 808.0
OX637758.1 116500000 117000000 808.0
OX637758.1 117000000 117500000 808.0
OX637758.1 117500000 118000000 808.71114
OX637758.1 118000000 118500000 809.0
OX637758.1 118500000 119000000 809.0
OX637758.1 119000000 119500000 809.0
OX637758.1 119500000 120000000 809.26701
OX637758.1 120000000 120500000 810.6754
OX637758.1 120500000 121000000 811.72415
OX637758.1 121000000 121500000 812.01205
OX637758.1 121500000 122000000 812.72259
OX637758.1 122000000 122500000 813.0
OX637758.1 122500000 123000000 813.0
OX637758.1 123000000 123500000 813.0
OX637758.1 123500000 124000000 813.0
OX637758.1 124000000 124500000 813.2849
OX637758.1 124500000 125000000 814.0
OX637758.1 125000000 125500000 812.87106
OX637758.1 125500000 126000000 814.05776
OX637758.1 126000000 126500000 817.0
OX637758.1 126500000 127000000 817.26435
OX637758.1 127000000 127500000 818.0
OX637758.1 127500000 128000000 818.00495
OX637758.1 128000000 128500000 818.06082
OX637758.1 128500000 129000000 819.0
OX637758.1 129000000 129500000 819.41698
OX637758.1 129500000 130000000 820.01752
OX637758.1 130000000 130500000 821.0
OX637758.1 130500000 131000000 821.48083
OX637758.1 131000000 131500000 822.0
OX637758.1 131500000 132000000 822.0
OX637758.1 132000000 132500000 823.3982
OX637758.1 132500000 133000000 823.7459
OX637758.1 133000000 133500000 823.0
OX637758.1 133500000 134000000 823.0
OX637758.1 134000000 134500000 823.0
OX637758.1 134500000 135000000 823.88913
OX637758.1 135000000 135500000 824.82699
OX637758.1 135500000 136000000 826.0
OX637758.1 136000000 136500000 826.0
OX637758.1 136500000 137000000 826.0
OX637758.1 137000000 137500000 826.0
OX637758.1 137500000 138000000 826.42379
OX637758.1 138000000 138500000 827.0
OX637758.1 138500000 139000000 827.0
OX637758.1 139000000 139500000 827.97645
OX637758.1 139500000 140000000 827.91897
OX637758.1 140000000 140500000 828.0
OX637758.1 140500000 141000000 828.0
OX637758.1 141000000 141500000 828.0
OX637758.1 141500000 142000000 827.70194
OX637758.1 142000000 142500000 828.0
OX637758.1 142500000 143000000 828.0
OX637758.1 143000000 143500000 828.13849
OX637758.1 143500000 144000000 829.0
OX637758.1 144000000 144500000 829.0
OX637758.1 144500000 145000000 829.0
OX637758.1 145000000 145500000 829.0
OX637758.1 145500000 146000000 828.51873
OX637758.1 146000000 146500000 828.0
OX637758.1 146500000 147000000 828.64115
OX637758.1 147000000 147500000 829.0
OX637758.1 147500000 148000000 829.0
OX637758.1 148000000 148500000 828.07302
OX637758.1 148500000 149000000 828.0
OX637758.1 149000000 149500000 828.0
OX637758.1 149500000 150000000 828.0
OX637758.1 150000000 150500000 828.76279
OX637758.1 150500000 151000000 828.18865
OX637758.1 151000000 151500000 828.33291
OX637758.1 151500000 152000000 829.91561
OX637758.1 152000000 152500000 831.28937
OX637758.1 152500000 153000000 832.0
OX637758.1 153000000 153500000 832.42089
OX637758.1 153500000 154000000 833.00285
OX637758.1 154000000 154500000 832.71943
OX637758.1 154500000 155000000 832.0
OX637758.1 155000000 155500000 832.0
OX637758.1 155500000 156000000 832.0
OX637758.1 156000000 156500000 832.0
OX637758.1 156500000 157000000 832.32108
OX637758.1 157000000 157500000 833.0
OX637758.1 157500000 158000000 833.0
OX637758.1 158000000 158500000 833.62513
OX637758.1 158500000 159000000 835.0
OX637758.1 159000000 159500000 835.0
OX637758.1 159500000 160000000 835.0
OX637758.1 160000000 160500000 835.38073
OX637758.1 160500000 161000000 837.0
OX637758.1 161000000 161500000 837.0
OX637758.1 161500000 162000000 836.18611
OX637758.1 162000000 162500000 837.0
OX637758.1 162500000 163000000 836.15231
OX637758.1 163000000 163500000 836.47742
OX637758.1 163500000 164000000 837.0
OX637758.1 164000000 164500000 837.46169
OX637758.1 164500000 165000000 837.66372
OX637758.1 165000000 165500000 837.0
OX637758.1 165500000 166000000 837.43073
OX637758.1 166000000 166500000 838.0
OX637758.1 166500000 167000000 838.0
OX637758.1 167000000 167500000 838.0
OX637758.1 167500000 168000000 838.53573
OX637758.1 168000000 168500000 839.39975
OX637758.1 168500000 169000000 840.0
OX637758.1 169000000 169500000 840.0
OX637758.1 169500000 170000000 840.0
OX637758.1 170000000 170500000 840.0076
OX637758.1 170500000 171000000 840.37388
OX637758.1 171000000 171500000 841.0
OX637758.1 171500000 172000000 841.21536
OX637758.1 172000000 172500000 841.72737
OX637758.1 172500000 173000000 842.0
OX637758.1 173000000 173500000 842.0
OX637758.1 173500000 174000000 842.0
OX637758.1 174000000 174500000 842.0
OX637758.1 174500000 175000000 843.19031
OX637758.1 175000000 175500000 844.0
OX637758.1 175500000 176000000 844.0
OX637758.1 176000000 176500000 844.02525
OX637758.1 176500000 177000000 843.88577
OX637758.1 177000000 177500000 843.00328
OX637758.1 177500000 178000000 843.16472
OX637758.1 178000000 178500000 844.0
OX637758.1 178500000 179000000 843.60598
OX637758.1 179000000 179500000 843.11718
OX637758.1 179500000 180000000 844.0
OX637758.1 180000000 180500000 844.73916
OX637758.1 180500000 181000000 845.0
OX637758.1 181000000 181500000 845.22544
OX637758.1 181500000 182000000 846.0
OX637758.1 182000000 182500000 846.0
OX637758.1 182500000 183000000 846.0
OX637758.1 183000000 183500000 846.30864
OX637758.1 183500000 184000000 847.0
OX637758.1 184000000 184500000 847.0
OX637758.1 184500000 185000000 847.0
OX637758.1 185000000 185500000 847.55535
OX637758.1 185500000 186000000 849.98399
OX637758.1 186000000 186500000 852.0392
OX637758.1 186500000 187000000 853.73722
OX637758.1 187000000 187500000 854.00213
OX637758.1 187500000 188000000 854.62511
OX637758.1 188000000 188500000 856.0
OX637758.1 188500000 189000000 856.3157
OX637758.1 189000000 189500000 857.0
OX637758.1 189500000 190000000 857.60938
OX637758.1 190000000 190500000 861.4921
OX637758.1 190500000 191000000 862.0
OX637758.1 191000000 191500000 862.0
OX637758.1 191500000 192000000 862.00182
OX637758.1 192000000 192500000 862.0
OX637758.1 192500000 193000000 862.55632
OX637758.1 193000000 193500000 863.0
OX637758.1 193500000 194000000 862.43195
OX637758.1 194000000 194500000 861.24726
OX637758.1 194500000 195000000 860.70904
OX637758.1 195000000 195500000 861.0
OX637758.1 195500000 196000000 861.0
OX637758.1 196000000 196500000 861.00281
OX637758.1 196500000 197000000 861.39005
OX637758.1 197000000 197500000 862.0
OX637758.1 197500000 198000000 862.0
OX637758.1 198000000 198500000 861.37032
OX637758.1 198500000 199000000 860.0
OX637758.1 199000000 199500000 860.0
OX637758.1 199500000 200000000 860.0
OX637758.1 200000000 200500000 860.01613
OX637758.1 200500000 201000000 859.37092
OX637758.1 201000000 201500000 860.00221
OX637758.1 201500000 202000000 860.34415
OX637758.1 202000000 202500000 860.55983
OX637758.1 202500000 203000000 860.78771
OX637758.1 203000000 203500000 862.82669
OX637758.1 203500000 204000000 863.0
OX637758.1 204000000 204500000 863.00167
OX637758.1 204500000 205000000 863.0
OX637758.1 205000000 205500000 863.11503
OX637758.1 205500000 206000000 864.17227
OX637758.1 206000000 206500000 865.0
OX637758.1 206500000 207000000 865.00024
OX637758.1 207000000 207500000 865.00732
OX637758.1 207500000 208000000 865.02352
OX637758.1 208000000 208500000 866.0
OX637758.1 208500000 209000000 866.64367
OX637758.1 209000000 209500000 867.0
OX637758.1 209500000 210000000 867.13083
OX637758.1 210000000 210500000 867.20481
OX637758.1 210500000 211000000 867.68973
OX637758.1 211000000 211500000 867.58915
OX637758.1 211500000 212000000 866.0
OX637758.1 212000000 212500000 866.00027
OX637758.1 212500000 213000000 866.0
OX637758.1 213000000 213500000 866.0
OX637758.1 213500000 214000000 866.0
OX637758.1 214000000 214500000 866.0
OX637758.1 214500000 215000000 866.0
OX637758.1 215000000 215500000 865.87964
OX637758.1 215500000 216000000 865.0
OX637758.1 216000000 216500000 865.0
OX637758.1 216500000 217000000 865.02377
OX637758.1 217000000 217500000 866.0
OX637758.1 217500000 218000000 866.0
OX637758.1 218000000 218500000 866.0
OX637758.1 218500000 219000000 866.77793
OX637758.1 219000000 219500000 867.36809
OX637758.1 219500000 220000000 864.92059
OX637758.1 220000000 220500000 864.5126
OX637758.1 220500000 221000000 865.0
OX637758.1 221000000 221500000 864.80975
OX637758.1 221500000 222000000 864.00457
OX637758.1 222000000 222500000 864.0
OX637758.1 222500000 223000000 864.11447
OX637758.1 223000000 223500000 864.69336
OX637758.1 223500000 224000000 864.0
OX637758.1 224000000 224500000 863.07204
OX637758.1 224500000 225000000 860.91578
OX637758.1 225000000 225500000 860.0
OX637758.1 225500000 226000000 860.0
OX637758.1 226000000 226500000 859.94569
OX637758.1 226500000 227000000 859.0
OX637758.1 227000000 227500000 859.0
OX637758.1 227500000 228000000 859.58608
OX637758.1 228000000 228500000 859.06529
OX637758.1 228500000 229000000 859.0
OX637758.1 229000000 229500000 859.0
OX637758.1 229500000 230000000 859.0
OX637758.1 230000000 230500000 859.0
OX637758.1 230500000 231000000 859.0
OX637758.1 231000000 231500000 860.57407
OX637758.1 231500000 232000000 861.0002
OX637758.1 232000000 232500000 860.76867
OX637758.1 232500000 233000000 860.0
OX637758.1 233000000 233500000 860.97787
OX637758.1 233500000 234000000 860.21704
OX637758.1 234000000 234500000 859.68549
OX637758.1 234500000 235000000 858.60065
OX637758.1 235000000 235500000 859.0
OX637758.1 235500000 236000000 858.34601
OX637758.1 236000000 236500000 858.0
OX637758.1 236500000 237000000 857.50065
OX637758.1 237000000 237500000 857.51272
OX637758.1 237500000 238000000 857.0
OX637758.1 238000000 238500000 857.7745
OX637758.1 238500000 239000000 857.99447
OX637758.1 239000000 239500000 857.0
OX637758.1 239500000 240000000 857.09003
OX637758.1 240000000 240500000 858.0
OX637758.1 240500000 241000000 857.2544
OX637758.1 241000000 241500000 857.63936
OX637758.1 241500000 242000000 857.22792
OX637758.1 242000000 242500000 856.36829
OX637758.1 242500000 243000000 854.48398
OX637758.1 243000000 243500000 853.63894
OX637758.1 243500000 244000000 852.4014
OX637758.1 244000000 244500000 852.0
OX637758.1 244500000 245000000 852.0
OX637758.1 245000000 245500000 852.0
OX637758.1 245500000 246000000 850.57417
OX637758.1 246000000 246500000 849.0
OX637758.1 246500000 247000000 848.22332
OX637758.1 247000000 247500000 845.58917
OX637758.1 247500000 248000000 845.0
OX637758.1 248000000 248500000 844.10585
OX637758.1 248500000 249000000 842.515
OX637758.1 249000000 249500000 841.23456
OX637758.1 249500000 250000000 841.44967
OX637758.1 250000000 250500000 841.99262
OX637758.1 250500000 251000000 843.0014
OX637758.1 251000000 251500000 842.47902
OX637758.1 251500000 252000000 841.8493
OX637758.1 252000000 252500000 841.78069
OX637758.1 252500000 253000000 842.46288
OX637758.1 253000000 253500000 841.55834
OX637758.1 253500000 254000000 840.60888
OX637758.1 254000000 254500000 838.26416
OX637758.1 254500000 255000000 834.37854
OX637758.1 255000000 255500000 831.3872
OX637758.1 255500000 256000000 831.0
OX637758.1 256000000 256500000 830.31802
OX637758.1 256500000 257000000 827.00359
OX637758.1 257000000 257500000 825.23263
OX637758.1 257500000 258000000 824.12161
OX637758.1 258000000 258500000 824.0
OX637758.1 258500000 259000000 823.59303
OX637758.1 259000000 259500000 817.90851
OX637758.1 259500000 260000000 813.29798
OX637758.1 260000000 260500000 813.09695
OX637758.1 260500000 261000000 811.00124
OX637758.1 261000000 261500000 810.23008
OX637758.1 261500000 262000000 808.38197
OX637758.1 262000000 262500000 808.00436
OX637758.1 262500000 263000000 807.0662
OX637758.1 263000000 263500000 804.85654
OX637758.1 263500000 264000000 801.00322
OX637758.1 264000000 264500000 798.70177
OX637758.1 264500000 265000000 798.97326
OX637758.1 265000000 265500000 797.39308
OX637758.1 265500000 266000000 795.6965
OX637758.1 266000000 266500000 793.00828
OX637758.1 266500000 267000000 788.72687
OX637758.1 267000000 267500000 785.42417
OX637758.1 267500000 268000000 782.98442
OX637758.1 268000000 268500000 780.33809
OX637758.1 268500000 269000000 779.11784
OX637758.1 269000000 269500000 776.9465
OX637758.1 269500000 270000000 771.60988
OX637758.1 270000000 270500000 767.65535
OX637758.1 270500000 271000000 762.77025
OX637758.1 271000000 271500000 760.36543
OX637758.1 271500000 272000000 759.86115
OX637758.1 272000000 272500000 758.77871
OX637758.1 272500000 273000000 750.50732
OX637758.1 273000000 273500000 747.0
OX637758.1 273500000 274000000 744.63058
OX637758.1 274000000 274500000 738.5385
OX637758.1 274500000 275000000 730.31684
OX637758.1 275000000 275500000 725.32197
OX637758.1 275500000 276000000 721.7908
OX637758.1 276000000 276500000 718.79992
OX637758.1 276500000 277000000 711.08282
OX637758.1 277000000 277500000 704.72236
OX637758.1 277500000 278000000 700.25163
OX637758.1 278000000 278500000 696.7087
OX637758.1 278500000 279000000 691.09389
OX637758.1 279000000 279500000 685.28512
OX637758.1 279500000 280000000 675.47255
OX637758.1 280000000 280500000 664.87034
OX637758.1 280500000 281000000 657.70973
OX637758.1 281000000 281500000 653.42143
OX637758.1 281500000 282000000 643.25251
OX637758.1 282000000 282500000 638.55596
OX637758.1 282500000 283000000 628.56882
OX637758.1 283000000 283500000 622.56697
OX637758.1 283500000 284000000 615.21304
OX637758.1 284000000 284500000 610.38201
OX637758.1 284500000 285000000 597.48838
OX637758.1 285000000 285500000 580.04707
OX637758.1 285500000 286000000 566.965
OX637758.1 286000000 286500000 550.86349
OX637758.1 286500000 287000000 536.41916
OX637758.1 287000000 287500000 521.4791
OX637758.1 287500000 288000000 509.73621
OX637758.1 288000000 288500000 491.8884
OX637758.1 288500000 289000000 473.54878
OX637758.1 289000000 289500000 446.52159
OX637758.1 289500000 290000000 428.49727
OX637758.1 290000000 290500000 400.35059
OX637758.1 290500000 291000000 373.41583
OX637758.1 291000000 291500000 357.37308
OX637758.1 291500000 292000000 346.575
OX637758.1 292000000 292500000 331.93444
OX637758.1 292500000 293000000 294.53782
OX637758.1 293000000 293500000 245.40275
OX637758.1 293500000 294000000 212.73012
OX637758.1 294000000 294500000 178.99822
OX637758.1 294500000 295000000 145.64886
OX637758.1 295000000 295500000 98.63146
OX637758.1 295500000 296000000 81.04985
OX637758.1 296000000 296500000 56.53724
OX637758.1 296500000 297000000 11.3062
OX637758.1 297000000 297154445 1.0
OX637745.1 0 500000 19.22646
OX637745.1 500000 1000000 93.8041
OX637745.1 1000000 1500000 161.19251
OX637745.1 1500000 2000000 210.03597
OX637745.1 2000000 2500000 241.68306
OX637745.1 2500000 3000000 270.7589
OX637745.1 3000000 3500000 287.41411
OX637745.1 3500000 4000000 301.81466
OX637745.1 4000000 4500000 334.75233
OX637745.1 4500000 5000000 361.44359
OX637745.1 5000000 5500000 379.61054
OX637745.1 5500000 6000000 395.82565
OX637745.1 6000000 6500000 417.89024
OX637745.1 6500000 7000000 448.39805
OX637745.1 7000000 7500000 468.27454
OX637745.1 7500000 8000000 479.81275
OX637745.1 8000000 8500000 495.15812
OX637745.1 8500000 9000000 515.0518
OX637745.1 9000000 9500000 532.27875
OX637745.1 9500000 10000000 541.77214
OX637745.1 10000000 10500000 555.61111
OX637745.1 10500000 11000000 566.62046
OX637745.1 11000000 11500000 581.55956
OX637745.1 11500000 12000000 606.04327
OX637745.1 12000000 12500000 612.73625
OX637745.1 12500000 13000000 619.90109
OX637745.1 13000000 13500000 633.73322
OX637745.1 13500000 14000000 649.40114
OX637745.1 14000000 14500000 659.50089
OX637745.1 14500000 15000000 663.81376
OX637745.1 15000000 15500000 675.83676
OX637745.1 15500000 16000000 688.25891
OX637745.1 16000000 16500000 701.51792
OX637745.1 16500000 17000000 711.00431
OX637745.1 17000000 17500000 718.27489
OX637745.1 17500000 18000000 728.79341
OX637745.1 18000000 18500000 736.88932
OX637745.1 18500000 19000000 748.59011
OX637745.1 19000000 19500000 763.338
OX637745.1 19500000 20000000 770.99454
OX637745.1 20000000 20500000 774.58077
OX637745.1 20500000 21000000 780.00568
OX637745.1 21000000 21500000 781.97138
OX637745.1 21500000 22000000 783.13933
OX637745.1 22000000 22500000 788.64315
OX637745.1 22500000 23000000 793.79941
OX637745.1 23000000 23500000 799.67864
OX637745.1 23500000 24000000 804.4045
OX637745.1 24000000 24500000 807.35417
OX637745.1 24500000 25000000 808.0
OX637745.1 25000000 25500000 813.43837
OX637745.1 25500000 26000000 820.26503
OX637745.1 26000000 26500000 821.0
OX637745.1 26500000 27000000 824.41335
OX637745.1 27000000 27500000 831.98664
OX637745.1 27500000 28000000 832.0
OX637745.1 28000000 28500000 833.08495
OX637745.1 28500000 29000000 836.31243
OX637745.1 29000000 29500000 840.7494
OX637745.1 29500000 30000000 844.9747
OX637745.1 30000000 30500000 851.26716
OX637745.1 30500000 31000000 856.42479
OX637745.1 31000000 31500000 860.50107
OX637745.1 31500000 32000000 864.23457
OX637745.1 32000000 32500000 871.00331
OX637745.1 32500000 33000000 875.81474
OX637745.1 33000000 33500000 880.11973
OX637745.1 33500000 34000000 882.44487
OX637745.1 34000000 34500000 888.93348
OX637745.1 34500000 35000000 893.15187
OX637745.1 35000000 35500000 898.17481
OX637745.1 35500000 36000000 901.52319
OX637745.1 36000000 36500000 905.43327
OX637745.1 36500000 37000000 909.22063
OX637745.1 37000000 37500000 912.89321
OX637745.1 37500000 38000000 915.51422
OX637745.1 38000000 38500000 917.73249
OX637745.1 38500000 39000000 919.61666
OX637745.1 39000000 39500000 922.91956
OX637745.1 39500000 40000000 926.09431
OX637745.1 40000000 40500000 927.02664
OX637745.1 40500000 41000000 928.0474
OX637745.1 41000000 41500000 929.92168
OX637745.1 41500000 42000000 933.25274
OX637745.1 42000000 42500000 935.64802
OX637745.1 42500000 43000000 938.66696
OX637745.1 43000000 43500000 941.26223
OX637745.1 43500000 44000000 944.74963
OX637745.1 44000000 44500000 946.96497
OX637745.1 44500000 45000000 951.78152
OX637745.1 45000000 45500000 954.49707
OX637745.1 45500000 46000000 955.41444
OX637745.1 46000000 46500000 956.58614
OX637745.1 46500000 47000000 960.31415
OX637745.1 47000000 47500000 967.33966
OX637745.1 47500000 48000000 969.51791
OX637745.1 48000000 48500000 971.85823
OX637745.1 48500000 49000000 973.04609
OX637745.1 49000000 49500000 974.45539
OX637745.1 49500000 50000000 976.1866
OX637745.1 50000000 50500000 978.33104
OX637745.1 50500000 51000000 980.79413
OX637745.1 51000000 51500000 983.0
OX637745.1 51500000 52000000 984.39785
OX637745.1 52000000 52500000 986.48935
OX637745.1 52500000 53000000 987.45779
OX637745.1 53000000 53500000 988.42686
OX637745.1 53500000 54000000 989.90927
OX637745.1 54000000 54500000 992.81205
OX637745.1 54500000 55000000 994.10426
OX637745.1 55000000 55500000 995.01488
OX637745.1 55500000 56000000 995.57776
OX637745.1 56000000 56500000 996.59495
OX637745.1 56500000 57000000 998.16301
OX637745.1 57000000 57500000 1001.37545
OX637745.1 57500000 58000000 1006.03907
OX637745.1 58000000 58500000 1008.73004
OX637745.1 58500000 59000000 1009.75017
OX637745.1 59000000 59500000 1010.1349
OX637745.1 59500000 60000000 1010.0
OX637745.1 60000000 60500000 1013.02617
OX637745.1 60500000 61000000 1016.16949
OX637745.1 61000000 61500000 1019.58109
OX637745.1 61500000 62000000 1024.14725
OX637745.1 62000000 62500000 1026.0
OX637745.1 62500000 63000000 1027.46807
OX637745.1 63000000 63500000 1029.50405
OX637745.1 63500000 64000000 1031.16499
OX637745.1 64000000 64500000 1033.19913
OX637745.1 64500000 65000000 1035.29737
OX637745.1 65000000 65500000 1036.32845
OX637745.1 65500000 66000000 1037.17857
OX637745.1 66000000 66500000 1039.45223
OX637745.1 66500000 67000000 1041.16788
OX637745.1 67000000 67500000 1042.75983
OX637745.1 67500000 68000000 1046.63765
OX637745.1 68000000 68500000 1048.5984
OX637745.1 68500000 69000000 1051.42095
OX637745.1 69000000 69500000 1054.15287
OX637745.1 69500000 70000000 1057.92992
OX637745.1 70000000 70500000 1060.78758
OX637745.1 70500000 71000000 1063.48199
OX637745.1 71000000 71500000 1069.07934
OX637745.1 71500000 72000000 1072.03799
OX637745.1 72000000 72500000 1073.0
OX637745.1 72500000 73000000 1073.0
OX637745.1 73000000 73500000 1073.65894
OX637745.1 73500000 74000000 1075.36723
OX637745.1 74000000 74500000 1078.4109
OX637745.1 74500000 75000000 1079.0
OX637745.1 75000000 75500000 1079.0
OX637745.1 75500000 76000000 1079.79137
OX637745.1 76000000 76500000 1081.67344
OX637745.1 76500000 77000000 1082.82187
OX637745.1 77000000 77500000 1084.69224
OX637745.1 77500000 78000000 1084.72479
OX637745.1 78000000 78500000 1084.99367
OX637745.1 78500000 79000000 1086.01437
OX637745.1 79000000 79500000 1086.95112
OX637745.1 79500000 80000000 1090.73943
OX637745.1 80000000 80500000 1092.0
OX637745.1 80500000 81000000 1092.66038
OX637745.1 81000000 81500000 1093.00903
OX637745.1 81500000 82000000 1093.0
OX637745.1 82000000 82500000 1093.72609
OX637745.1 82500000 83000000 1093.80664
OX637745.1 83000000 83500000 1090.7195
OX637745.1 83500000 84000000 1092.00585
OX637745.1 84000000 84500000 1092.85349
OX637745.1 84500000 85000000 1094.87
OX637745.1 85000000 85500000 1096.60866
OX637745.1 85500000 86000000 1097.45815
OX637745.1 86000000 86500000 1098.0
OX637745.1 86500000 87000000 1098.0
OX637745.1 87000000 87500000 1098.96751
OX637745.1 87500000 88000000 1100.92637
OX637745.1 88000000 88500000 1102.11705
OX637745.1 88500000 89000000 1103.34756
OX637745.1 89000000 89500000 1104.31522
OX637745.1 89500000 90000000 1105.00924
OX637745.1 90000000 90500000 1106.13583
OX637745.1 90500000 91000000 1108.00402
OX637745.1 91000000 91500000 1108.02587
OX637745.1 91500000 92000000 1108.77073
OX637745.1 92000000 92500000 1109.34092
OX637745.1 92500000 93000000 1110.66898
OX637745.1 93000000 93500000 1111.58931
OX637745.1 93500000 94000000 1113.02137
OX637745.1 94000000 94500000 1113.71608
OX637745.1 94500000 95000000 1114.12233
OX637745.1 95000000 95500000 1115.00743
OX637745.1 95500000 96000000 1115.0
OX637745.1 96000000 96500000 1115.88035
OX637745.1 96500000 97000000 1114.31295
OX637745.1 97000000 97500000 1115.09183
OX637745.1 97500000 98000000 1116.72327
OX637745.1 98000000 98500000 1118.67656
OX637745.1 98500000 99000000 1119.84212
OX637745.1 99000000 99500000 1121.0
OX637745.1 99500000 100000000 1121.56288
OX637745.1 100000000 100500000 1121.22177
OX637745.1 100500000 101000000 1121.11575
OX637745.1 101000000 101500000 1120.81354
OX637745.1 101500000 102000000 1120.0
OX637745.1 102000000 102500000 1120.67899
OX637745.1 102500000 103000000 1120.60365
OX637745.1 103000000 103500000 1120.0
OX637745.1 103500000 104000000 1120.003
OX637745.1 104000000 104500000 1120.01893
OX637745.1 104500000 105000000 1119.58999
OX637745.1 105000000 105500000 1119.94894
OX637745.1 105500000 106000000 1120.64329
OX637745.1 106000000 106500000 1121.29377
OX637745.1 106500000 107000000 1121.59204
OX637745.1 107000000 107500000 1121.0
OX637745.1 107500000 108000000 1120.14725
OX637745.1 108000000 108500000 1119.62038
OX637745.1 108500000 109000000 1119.18015
OX637745.1 109000000 109500000 1120.5194
OX637745.1 109500000 110000000 1120.76922
OX637745.1 110000000 110500000 1121.76386
OX637745.1 110500000 111000000 1122.13906
OX637745.1 111000000 111500000 1123.63719
OX637745.1 111500000 112000000 1124.0
OX637745.1 112000000 112500000 1124.0
OX637745.1 112500000 113000000 1124.0
OX637745.1 113000000 113500000 1124.0
OX637745.1 113500000 114000000 1124.0
OX637745.1 114000000 114500000 1124.0
OX637745.1 114500000 115000000 1124.0
OX637745.1 115000000 115500000 1124.0
OX637745.1 115500000 116000000 1124.00028
OX637745.1 116000000 116500000 1124.0
OX637745.1 116500000 117000000 1124.0
OX637745.1 117000000 117500000 1123.9497
OX637745.1 117500000 118000000 1122.47102
OX637745.1 118000000 118500000 1122.26426
OX637745.1 118500000 119000000 1122.00394
OX637745.1 119000000 119500000 1122.0
OX637745.1 119500000 120000000 1122.0
OX637745.1 120000000 120500000 1122.00373
OX637745.1 120500000 121000000 1122.0
OX637745.1 121000000 121500000 1122.0
OX637745.1 121500000 122000000 1122.86721
OX637745.1 122000000 122500000 1122.00136
OX637745.1 122500000 123000000 1122.00808
OX637745.1 123000000 123500000 1122.0084
OX637745.1 123500000 124000000 1122.0
OX637745.1 124000000 124500000 1122.01709
OX637745.1 124500000 125000000 1122.01758
OX637745.1 125000000 125500000 1123.2276
OX637745.1 125500000 126000000 1124.0
OX637745.1 126000000 126500000 1124.0086
OX637745.1 126500000 127000000 1124.00606
OX637745.1 127000000 127500000 1124.0
OX637745.1 127500000 128000000 1124.0
OX637745.1 128000000 128500000 1124.0
OX637745.1 128500000 129000000 1124.00669
OX637745.1 129000000 129500000 1124.01301
OX637745.1 129500000 130000000 1124.53375
OX637745.1 130000000 130500000 1125.42813
OX637745.1 130500000 131000000 1126.00834
OX637745.1 131000000 131500000 1126.0
OX637745.1 131500000 132000000 1127.4015
OX637745.1 132000000 132500000 1128.0
OX637745.1 132500000 133000000 1128.38103
OX637745.1 133000000 133500000 1129.0
OX637745.1 133500000 134000000 1129.0
OX637745.1 134000000 134500000 1129.00889
OX637745.1 134500000 135000000 1129.0
OX637745.1 135000000 135500000 1129.216
OX637745.1 135500000 136000000 1129.29074
OX637745.1 136000000 136500000 1130.0
OX637745.1 136500000 137000000 1130.01801
OX637745.1 137000000 137500000 1130.01244
OX637745.1 137500000 138000000 1130.25691
OX637745.1 138000000 138500000 1131.0
OX637745.1 138500000 139000000 1131.20648
OX637745.1 139000000 139500000 1130.78565
OX637745.1 139500000 140000000 1130.33477
OX637745.1 140000000 140500000 1131.0
OX637745.1 140500000 141000000 1131.01161
OX637745.1 141000000 141500000 1130.11374
OX637745.1 141500000 142000000 1130.00721
OX637745.1 142000000 142500000 1130.44792
OX637745.1 142500000 143000000 1131.00644
OX637745.1 143000000 143500000 1132.38385
OX637745.1 143500000 144000000 1133.00725
OX637745.1 144000000 144500000 1133.70006
OX637745.1 144500000 145000000 1134.61267
OX637745.1 145000000 145500000 1135.0
OX637745.1 145500000 146000000 1135.0
OX637745.1 146000000 146500000 1135.0
OX637745.1 146500000 147000000 1135.0
OX637745.1 147000000 147500000 1135.0
OX637745.1 147500000 148000000 1135.06696
OX637745.1 148000000 148500000 1136.0
OX637745.1 148500000 149000000 1136.00557
OX637745.1 149000000 149500000 1136.00274
OX637745.1 149500000 150000000 1136.0
OX637745.1 150000000 150500000 1135.10063
OX637745.1 150500000 151000000 1135.0013
OX637745.1 151000000 151500000 1134.42355
OX637745.1 151500000 152000000 1133.13436
OX637745.1 152000000 152500000 1133.0
OX637745.1 152500000 153000000 1133.0
OX637745.1 153000000 153500000 1133.09501
OX637745.1 153500000 154000000 1133.0
OX637745.1 154000000 154500000 1132.53926
OX637745.1 154500000 155000000 1132.0
OX637745.1 155000000 155500000 1132.9813
OX637745.1 155500000 156000000 1132.77932
OX637745.1 156000000 156500000 1132.0
OX637745.1 156500000 157000000 1132.11624
OX637745.1 157000000 157500000 1133.69112
OX637745.1 157500000 158000000 1134.0
OX637745.1 158000000 158500000 1134.00151
OX637745.1 158500000 159000000 1134.70493
OX637745.1 159000000 159500000 1136.0
OX637745.1 159500000 160000000 1136.0
OX637745.1 160000000 160500000 1137.44006
OX637745.1 160500000 161000000 1136.0858
OX637745.1 161000000 161500000 1135.59737
OX637745.1 161500000 162000000 1135.0
OX637745.1 162000000 162500000 1135.82732
OX637745.1 162500000 163000000 1136.00649
OX637745.1 163000000 163500000 1136.09097
OX637745.1 163500000 164000000 1137.00414
OX637745.1 164000000 164500000 1137.00322
OX637745.1 164500000 165000000 1137.0
OX637745.1 165000000 165500000 1137.0
OX637745.1 165500000 166000000 1137.0
OX637745.1 166000000 166500000 1137.46968
OX637745.1 166500000 167000000 1137.71961
OX637745.1 167000000 167500000 1139.00033
OX637745.1 167500000 168000000 1139.18191
OX637745.1 168000000 168500000 1140.0
OX637745.1 168500000 169000000 1140.00674
OX637745.1 169000000 169500000 1140.0
OX637745.1 169500000 170000000 1138.22616
OX637745.1 170000000 170500000 1138.0
OX637745.1 170500000 171000000 1138.0
OX637745.1 171000000 171500000 1138.0
OX637745.1 171500000 172000000 1138.00749
OX637745.1 172000000 172500000 1138.0
OX637745.1 172500000 173000000 1137.32561
OX637745.1 173000000 173500000 1137.0
OX637745.1 173500000 174000000 1137.60195
OX637745.1 174000000 174500000 1138.00156
OX637745.1 174500000 175000000 1138.0
OX637745.1 175000000 175500000 1137.10186
OX637745.1 175500000 176000000 1137.02469
OX637745.1 176000000 176500000 1138.0
OX637745.1 176500000 177000000 1138.0
OX637745.1 177000000 177500000 1138.00976
OX637745.1 177500000 178000000 1138.0
OX637745.1 178000000 178500000 1138.65993
OX637745.1 178500000 179000000 1140.0
OX637745.1 179000000 179500000 1140.0
OX637745.1 179500000 180000000 1140.00764
OX637745.1 180000000 180500000 1140.0
OX637745.1 180500000 181000000 1140.0
OX637745.1 181000000 181500000 1139.61054
OX637745.1 181500000 182000000 1139.0
OX637745.1 182000000 182500000 1138.23236
OX637745.1 182500000 183000000 1138.00108
OX637745.1 183000000 183500000 1137.25874
OX637745.1 183500000 184000000 1137.0
OX637745.1 184000000 184500000 1136.71849
OX637745.1 184500000 185000000 1133.99814
OX637745.1 185000000 185500000 1133.01116
OX637745.1 185500000 186000000 1132.49927
OX637745.1 186000000 186500000 1132.0
OX637745.1 186500000 187000000 1132.0073
OX637745.1 187000000 187500000 1132.88317
OX637745.1 187500000 188000000 1133.0
OX637745.1 188000000 188500000 1133.28155
OX637745.1 188500000 189000000 1132.0
OX637745.1 189000000 189500000 1132.0
OX637745.1 189500000 190000000 1132.0
OX637745.1 190000000 190500000 1131.88938
OX637745.1 190500000 191000000 1131.55352
OX637745.1 191000000 191500000 1131.39556
OX637745.1 191500000 192000000 1132.0
OX637745.1 192000000 192500000 1132.0
OX637745.1 192500000 193000000 1131.10879
OX637745.1 193000000 193500000 1131.0
OX637745.1 193500000 194000000 1131.00806
OX637745.1 194000000 194500000 1131.0
OX637745.1 194500000 195000000 1131.59486
OX637745.1 195000000 195500000 1132.0
OX637745.1 195500000 196000000 1132.00273
OX637745.1 196000000 196500000 1131.31553
OX637745.1 196500000 197000000 1131.0
OX637745.1 197000000 197500000 1131.00728
OX637745.1 197500000 198000000 1131.0256
OX637745.1 198000000 198500000 1131.0
OX637745.1 198500000 199000000 1129.18726
OX637745.1 199000000 199500000 1128.62289
OX637745.1 199500000 200000000 1128.0
OX637745.1 200000000 200500000 1127.55741
OX637745.1 200500000 201000000 1126.94159
OX637745.1 201000000 201500000 1126.69787
OX637745.1 201500000 202000000 1126.0
OX637745.1 202000000 202500000 1126.0
OX637745.1 202500000 203000000 1125.43272
OX637745.1 203000000 203500000 1124.2183
OX637745.1 203500000 204000000 1124.0
OX637745.1 204000000 204500000 1123.75866
OX637745.1 204500000 205000000 1124.0
OX637745.1 205000000 205500000 1124.0
OX637745.1 205500000 206000000 1124.0
OX637745.1 206000000 206500000 1123.3653
OX637745.1 206500000 207000000 1123.01044
OX637745.1 207000000 207500000 1123.00154
OX637745.1 207500000 208000000 1122.59498
OX637745.1 208000000 208500000 1120.32576
OX637745.1 208500000 209000000 1120.00468
OX637745.1 209000000 209500000 1120.0
OX637745.1 209500000 210000000 1120.0
OX637745.1 210000000 210500000 1120.00128
OX637745.1 210500000 211000000 1120.0
OX637745.1 211000000 211500000 1120.0115
OX637745.1 211500000 212000000 1120.0
OX637745.1 212000000 212500000 1120.00326
OX637745.1 212500000 213000000 1120.0
OX637745.1 213000000 213500000 1119.27305
OX637745.1 213500000 214000000 1120.0
OX637745.1 214000000 214500000 1120.0
OX637745.1 214500000 215000000 1120.0
OX637745.1 215000000 215500000 1119.13827
OX637745.1 215500000 216000000 1118.42861
OX637745.1 216000000 216500000 1118.0
OX637745.1 216500000 217000000 1118.0
OX637745.1 217000000 217500000 1118.0
OX637745.1 217500000 218000000 1118.0
OX637745.1 218000000 218500000 1118.0
OX637745.1 218500000 219000000 1118.0
OX637745.1 219000000 219500000 1117.68434
OX637745.1 219500000 220000000 1117.0
OX637745.1 220000000 220500000 1116.53476
OX637745.1 220500000 221000000 1116.00625
OX637745.1 221000000 221500000 1116.0
OX637745.1 221500000 222000000 1116.0
OX637745.1 222000000 222500000 1116.0
OX637745.1 222500000 223000000 1116.0
OX637745.1 223000000 223500000 1116.0
OX637745.1 223500000 224000000 1116.0
OX637745.1 224000000 224500000 1116.6531
OX637745.1 224500000 225000000 1117.0
OX637745.1 225000000 225500000 1116.0693
OX637745.1 225500000 226000000 1116.18995
OX637745.1 226000000 226500000 1117.0
OX637745.1 226500000 227000000 1117.0
OX637745.1 227000000 227500000 1117.0
OX637745.1 227500000 228000000 1117.0
OX637745.1 228000000 228500000 1116.41158
OX637745.1 228500000 229000000 1116.0
OX637745.1 229000000 229500000 1116.0
OX637745.1 229500000 230000000 1116.0
OX637745.1 230000000 230500000 1116.0
OX637745.1 230500000 231000000 1116.0
OX637745.1 231000000 231500000 1116.0
OX637745.1 231500000 232000000 1116.0
OX637745.1 232000000 232500000 1116.0
OX637745.1 232500000 233000000 1116.0
OX637745.1 233000000 233500000 1116.88819
OX637745.1 233500000 234000000 1117.01869
OX637745.1 234000000 234500000 1117.0
OX637745.1 234500000 235000000 1116.39843
OX637745.1 235000000 235500000 1116.02441
OX637745.1 235500000 236000000 1116.0
OX637745.1 236000000 236500000 1116.0
OX637745.1 236500000 237000000 1116.0
OX637745.1 237000000 237500000 1116.0
OX637745.1 237500000 238000000 1116.0
OX637745.1 238000000 238500000 1116.0
OX637745.1 238500000 239000000 1116.0
OX637745.1 239000000 239500000 1116.0
OX637745.1 239500000 240000000 1116.18969
OX637745.1 240000000 240500000 1117.0
OX637745.1 240500000 241000000 1117.0
OX637745.1 241000000 241500000 1117.0
OX637745.1 241500000 242000000 1117.0
OX637745.1 242000000 242500000 1116.8514
OX637745.1 242500000 243000000 1115.92041
OX637745.1 243000000 243500000 1115.0
OX637745.1 243500000 244000000 1115.0
OX637745.1 244000000 244500000 1115.0
OX637745.1 244500000 245000000 1115.60019
OX637745.1 245000000 245500000 1116.0
OX637745.1 245500000 246000000 1116.0
OX637745.1 246000000 246500000 1116.0
OX637745.1 246500000 247000000 1116.0
OX637745.1 247000000 247500000 1116.0
OX637745.1 247500000 248000000 1115.6541
OX637745.1 248000000 248500000 1115.0
OX637745.1 248500000 249000000 1115.00311
OX637745.1 249000000 249500000 1114.08613
OX637745.1 249500000 250000000 1114.0
OX637745.1 250000000 250500000 1115.80642
OX637745.1 250500000 251000000 1116.41444
OX637745.1 251000000 251500000 1114.73009
OX637745.1 251500000 252000000 1114.0
OX637745.1 252000000 252500000 1114.00147
OX637745.1 252500000 253000000 1114.0
OX637745.1 253000000 253500000 1114.00316
OX637745.1 253500000 254000000 1113.45433
OX637745.1 254000000 254500000 1113.0
OX637745.1 254500000 255000000 1113.0
OX637745.1 255000000 255500000 1111.42529
OX637745.1 255500000 256000000 1111.0
OX637745.1 256000000 256500000 1111.0
OX637745.1 256500000 257000000 1111.0
OX637745.1 257000000 257500000 1110.7301
OX637745.1 257500000 258000000 1109.11631
OX637745.1 258000000 258500000 1109.00023
OX637745.1 258500000 259000000 1108.27492
OX637745.1 259000000 259500000 1107.5062
OX637745.1 259500000 260000000 1107.42249
OX637745.1 260000000 260500000 1108.57948
OX637745.1 260500000 261000000 1109.00435
OX637745.1 261000000 261500000 1109.0002
OX637745.1 261500000 262000000 1109.0
OX637745.1 262000000 262500000 1108.98892
OX637745.1 262500000 263000000 1108.00998
OX637745.1 263000000 263500000 1108.03827
OX637745.1 263500000 264000000 1108.47865
OX637745.1 264000000 264500000 1107.99371
OX637745.1 264500000 265000000 1108.00078
OX637745.1 265000000 265500000 1108.0
OX637745.1 265500000 266000000 1108.0
OX637745.1 266000000 266500000 1107.45627
OX637745.1 266500000 267000000 1106.03698
OX637745.1 267000000 267500000 1106.0
OX637745.1 267500000 268000000 1106.0
OX637745.1 268000000 268500000 1106.0
OX637745.1 268500000 269000000 1106.93769
OX637745.1 269000000 269500000 1107.00448
OX637745.1 269500000 270000000 1106.56028
OX637745.1 270000000 270500000 1105.80016
OX637745.1 270500000 271000000 1105.54155
OX637745.1 271000000 271500000 1106.91684
OX637745.1 271500000 272000000 1107.0
OX637745.1 272000000 272500000 1107.0
OX637745.1 272500000 273000000 1107.0
OX637745.1 273000000 273500000 1107.0
OX637745.1 273500000 274000000 1106.83686
OX637745.1 274000000 274500000 1106.0
OX637745.1 274500000 275000000 1106.0
OX637745.1 275000000 275500000 1106.0
OX637745.1 275500000 276000000 1106.0
OX637745.1 276000000 276500000 1106.0
OX637745.1 276500000 277000000 1105.4163
OX637745.1 277000000 277500000 1104.0
OX637745.1 277500000 278000000 1104.0
OX637745.1 278000000 278500000 1104.18647
OX637745.1 278500000 279000000 1105.0053
OX637745.1 279000000 279500000 1104.32001
OX637745.1 279500000 280000000 1104.0
OX637745.1 280000000 280500000 1103.23407
OX637745.1 280500000 281000000 1103.0
OX637745.1 281000000 281500000 1103.0
OX637745.1 281500000 282000000 1102.68692
OX637745.1 282000000 282500000 1102.0
OX637745.1 282500000 283000000 1102.00956
OX637745.1 283000000 283500000 1102.0
OX637745.1 283500000 284000000 1102.00808
OX637745.1 284000000 284500000 1102.00304
OX637745.1 284500000 285000000 1101.15838
OX637745.1 285000000 285500000 1102.44161
OX637745.1 285500000 286000000 1104.0
OX637745.1 286000000 286500000 1104.0
OX637745.1 286500000 287000000 1104.76531
OX637745.1 287000000 287500000 1105.0
OX637745.1 287500000 288000000 1105.0
OX637745.1 288000000 288500000 1105.03504
OX637745.1 288500000 289000000 1106.0
OX637745.1 289000000 289500000 1106.0
OX637745.1 289500000 290000000 1106.0
OX637745.1 290000000 290500000 1106.0
OX637745.1 290500000 291000000 1106.0
OX637745.1 291000000 291500000 1106.0
OX637745.1 291500000 292000000 1106.0
OX637745.1 292000000 292500000 1105.65885
OX637745.1 292500000 293000000 1105.0
OX637745.1 293000000 293500000 1104.28977
OX637745.1 293500000 294000000 1104.0
OX637745.1 294000000 294500000 1104.0
OX637745.1 294500000 295000000 1104.0
OX637745.1 295000000 295500000 1104.0
OX637745.1 295500000 296000000 1104.0
OX637745.1 296000000 296500000 1104.0
OX637745.1 296500000 297000000 1104.0
OX637745.1 297000000 297500000 1104.0
OX637745.1 297500000 298000000 1104.01661
OX637745.1 298000000 298500000 1103.88648
OX637745.1 298500000 299000000 1103.0
OX637745.1 299000000 299500000 1102.2952
OX637745.1 299500000 300000000 1102.0
OX637745.1 300000000 300500000 1101.06251
OX637745.1 300500000 301000000 1099.18659
OX637745.1 301000000 301500000 1099.0
OX637745.1 301500000 302000000 1098.39633
OX637745.1 302000000 302500000 1098.0
OX637745.1 302500000 303000000 1098.0
OX637745.1 303000000 303500000 1098.0
OX637745.1 303500000 304000000 1097.09786
OX637745.1 304000000 304500000 1097.0
OX637745.1 304500000 305000000 1096.2971
OX637745.1 305000000 305500000 1096.0
OX637745.1 305500000 306000000 1095.03061
OX637745.1 306000000 306500000 1094.78306
OX637745.1 306500000 307000000 1094.0
OX637745.1 307000000 307500000 1093.80874
OX637745.1 307500000 308000000 1094.0
OX637745.1 308000000 308500000 1092.81093
OX637745.1 308500000 309000000 1091.0
OX637745.1 309000000 309500000 1091.00528
OX637745.1 309500000 310000000 1091.0
OX637745.1 310000000 310500000 1091.0
OX637745.1 310500000 311000000 1090.50079
OX637745.1 311000000 311500000 1090.0
OX637745.1 311500000 312000000 1090.0
OX637745.1 312000000 312500000 1090.31925
OX637745.1 312500000 313000000 1089.93964
OX637745.1 313000000 313500000 1089.01116
OX637745.1 313500000 314000000 1089.0
OX637745.1 314000000 314500000 1089.0
OX637745.1 314500000 315000000 1089.0
OX637745.1 315000000 315500000 1089.0
OX637745.1 315500000 316000000 1089.0
OX637745.1 316000000 316500000 1089.0
OX637745.1 316500000 317000000 1088.28336
OX637745.1 317000000 317500000 1087.03038
OX637745.1 317500000 318000000 1086.11294
OX637745.1 318000000 318500000 1086.0
OX637745.1 318500000 319000000 1085.98817
OX637745.1 319000000 319500000 1085.0
OX637745.1 319500000 320000000 1085.0
OX637745.1 320000000 320500000 1084.2748
OX637745.1 320500000 321000000 1084.0
OX637745.1 321000000 321500000 1084.0
OX637745.1 321500000 322000000 1084.11527
OX637745.1 322000000 322500000 1084.0
OX637745.1 322500000 323000000 1083.68415
OX637745.1 323000000 323500000 1083.00849
OX637745.1 323500000 324000000 1083.0
OX637745.1 324000000 324500000 1083.0
OX637745.1 324500000 325000000 1083.0
OX637745.1 325000000 325500000 1083.71484
OX637745.1 325500000 326000000 1083.85878
OX637745.1 326000000 326500000 1083.0
OX637745.1 326500000 327000000 1083.0047
OX637745.1 327000000 327500000 1082.40144
OX637745.1 327500000 328000000 1082.0
OX637745.1 328000000 328500000 1081.20629
OX637745.1 328500000 329000000 1080.66955
OX637745.1 329000000 329500000 1080.0
OX637745.1 329500000 330000000 1079.18552
OX637745.1 330000000 330500000 1079.0
OX637745.1 330500000 331000000 1079.0
OX637745.1 331000000 331500000 1079.0
OX637745.1 331500000 332000000 1078.75951
OX637745.1 332000000 332500000 1078.0
OX637745.1 332500000 333000000 1078.0
OX637745.1 333000000 333500000 1077.01441
OX637745.1 333500000 334000000 1077.0
OX637745.1 334000000 334500000 1077.0
OX637745.1 334500000 335000000 1077.0
OX637745.1 335000000 335500000 1077.0
OX637745.1 335500000 336000000 1077.0
OX637745.1 336000000 336500000 1077.0
OX637745.1 336500000 337000000 1077.00381
OX637745.1 337000000 337500000 1076.40045
OX637745.1 337500000 338000000 1076.0
OX637745.1 338000000 338500000 1076.0
OX637745.1 338500000 339000000 1076.0
OX637745.1 339000000 339500000 1076.0
OX637745.1 339500000 340000000 1076.0
OX637745.1 340000000 340500000 1076.0
OX637745.1 340500000 341000000 1076.0
OX637745.1 341000000 341500000 1076.0
OX637745.1 341500000 342000000 1076.0
OX637745.1 342000000 342500000 1076.0
OX637745.1 342500000 343000000 1076.0
OX637745.1 343000000 343500000 1076.0
OX637745.1 343500000 344000000 1076.0
OX637745.1 344000000 344500000 1076.0
OX637745.1 344500000 345000000 1075.36549
OX637745.1 345000000 345500000 1075.0
OX637745.1 345500000 346000000 1074.69561
OX637745.1 346000000 346500000 1074.0
OX637745.1 346500000 347000000 1074.00521
OX637745.1 347000000 347500000 1074.0
OX637745.1 347500000 348000000 1073.07379
OX637745.1 348000000 348500000 1073.0
OX637745.1 348500000 349000000 1073.00217
OX637745.1 349000000 349500000 1073.0
OX637745.1 349500000 350000000 1073.0
OX637745.1 350000000 350500000 1073.0
OX637745.1 350500000 351000000 1073.0
OX637745.1 351000000 351500000 1071.33477
OX637745.1 351500000 352000000 1071.0
OX637745.1 352000000 352500000 1071.0
OX637745.1 352500000 353000000 1071.0
OX637745.1 353000000 353500000 1071.0
OX637745.1 353500000 354000000 1071.0
OX637745.1 354000000 354500000 1071.0
OX637745.1 354500000 355000000 1071.0
OX637745.1 355000000 355500000 1071.0
OX637745.1 355500000 356000000 1070.42161
OX637745.1 356000000 356500000 1067.28971
OX637745.1 356500000 357000000 1065.93014
OX637745.1 357000000 357500000 1065.0
OX637745.1 357500000 358000000 1065.0
OX637745.1 358000000 358500000 1065.0
OX637745.1 358500000 359000000 1064.77338
OX637745.1 359000000 359500000 1062.32267
OX637745.1 359500000 360000000 1061.65759
OX637745.1 360000000 360500000 1061.0
OX637745.1 360500000 361000000 1061.0
OX637745.1 361000000 361500000 1060.77207
OX637745.1 361500000 362000000 1060.0
OX637745.1 362000000 362500000 1060.0
OX637745.1 362500000 363000000 1060.0
OX637745.1 363000000 363500000 1060.0
OX637745.1 363500000 364000000 1060.0
OX637745.1 364000000 364500000 1060.0
OX637745.1 364500000 365000000 1060.0
OX637745.1 365000000 365500000 1059.48665
OX637745.1 365500000 366000000 1058.72273
OX637745.1 366000000 366500000 1057.61372
OX637745.1 366500000 367000000 1055.05078
OX637745.1 367000000 367500000 1054.66402
OX637745.1 367500000 368000000 1054.0
OX637745.1 368000000 368500000 1054.00995
OX637745.1 368500000 369000000 1053.4314
OX637745.1 369000000 369500000 1053.0
OX637745.1 369500000 370000000 1053.0
OX637745.1 370000000 370500000 1053.55879
OX637745.1 370500000 371000000 1053.85347
OX637745.1 371000000 371500000 1053.0
OX637745.1 371500000 372000000 1053.0
OX637745.1 372000000 372500000 1052.3682
OX637745.1 372500000 373000000 1052.0
OX637745.1 373000000 373500000 1051.37641
OX637745.1 373500000 374000000 1050.23364
OX637745.1 374000000 374500000 1050.0
OX637745.1 374500000 375000000 1050.0
OX637745.1 375000000 375500000 1050.0
OX637745.1 375500000 376000000 1049.39741
OX637745.1 376000000 376500000 1049.0
OX637745.1 376500000 377000000 1049.0
OX637745.1 377000000 377500000 1048.72456
OX637745.1 377500000 378000000 1048.0
OX637745.1 378000000 378500000 1048.0
OX637745.1 378500000 379000000 1047.39158
OX637745.1 379000000 379500000 1047.00565
OX637745.1 379500000 380000000 1047.0
OX637745.1 380000000 380500000 1047.0
OX637745.1 380500000 381000000 1046.07769
OX637745.1 381000000 381500000 1044.32943
OX637745.1 381500000 382000000 1044.0
OX637745.1 382000000 382500000 1043.96001
OX637745.1 382500000 383000000 1042.2392
OX637745.1 383000000 383500000 1041.31125
OX637745.1 383500000 384000000 1040.0
OX637745.1 384000000 384500000 1039.34796
OX637745.1 384500000 385000000 1038.0
OX637745.1 385000000 385500000 1038.0
OX637745.1 385500000 386000000 1038.0
OX637745.1 386000000 386500000 1037.73365
OX637745.1 386500000 387000000 1037.0
OX637745.1 387000000 387500000 1035.2787
OX637745.1 387500000 388000000 1034.02801
OX637745.1 388000000 388500000 1033.4274
OX637745.1 388500000 389000000 1029.26625
OX637745.1 389000000 389500000 1028.00237
OX637745.1 389500000 390000000 1027.29927
OX637745.1 390000000 390500000 1027.0
OX637745.1 390500000 391000000 1025.09071
OX637745.1 391000000 391500000 1023.65347
OX637745.1 391500000 392000000 1022.21435
OX637745.1 392000000 392500000 1021.02225
OX637745.1 392500000 393000000 1018.88679
OX637745.1 393000000 393500000 1018.0
OX637745.1 393500000 394000000 1018.0
OX637745.1 394000000 394500000 1018.0
OX637745.1 394500000 395000000 1018.00043
OX637745.1 395000000 395500000 1018.0
OX637745.1 395500000 396000000 1015.62446
OX637745.1 396000000 396500000 1015.0
OX637745.1 396500000 397000000 1015.0
OX637745.1 397000000 397500000 1014.55898
OX637745.1 397500000 398000000 1014.0
OX637745.1 398000000 398500000 1013.5652
OX637745.1 398500000 399000000 1012.0
OX637745.1 399000000 399500000 1012.0
OX637745.1 399500000 400000000 1011.15392
OX637745.1 400000000 400500000 1007.77407
OX637745.1 400500000 401000000 1004.07554
OX637745.1 401000000 401500000 1002.97143
OX637745.1 401500000 402000000 1002.00211
OX637745.1 402000000 402500000 1002.0
OX637745.1 402500000 403000000 1001.52646
OX637745.1 403000000 403500000 1000.18543
OX637745.1 403500000 404000000 998.0
OX637745.1 404000000 404500000 996.72784
OX637745.1 404500000 405000000 993.34854
OX637745.1 405000000 405500000 991.67148
OX637745.1 405500000 406000000 990.0
OX637745.1 406000000 406500000 989.0542
OX637745.1 406500000 407000000 987.41067
OX637745.1 407000000 407500000 986.80816
OX637745.1 407500000 408000000 985.56448
OX637745.1 408000000 408500000 985.00624
OX637745.1 408500000 409000000 984.06996
OX637745.1 409000000 409500000 980.10033
OX637745.1 409500000 410000000 977.58504
OX637745.1 410000000 410500000 973.77096
OX637745.1 410500000 411000000 970.42989
OX637745.1 411000000 411500000 967.92159
OX637745.1 411500000 412000000 967.0
OX637745.1 412000000 412500000 966.84212
OX637745.1 412500000 413000000 963.59295
OX637745.1 413000000 413500000 963.0
OX637745.1 413500000 414000000 963.0
OX637745.1 414000000 414500000 961.57087
OX637745.1 414500000 415000000 958.66381
OX637745.1 415000000 415500000 957.00384
OX637745.1 415500000 416000000 954.82351
OX637745.1 416000000 416500000 953.50787
OX637745.1 416500000 417000000 951.26058
OX637745.1 417000000 417500000 951.0
OX637745.1 417500000 418000000 949.26714
OX637745.1 418000000 418500000 945.79341
OX637745.1 418500000 419000000 942.49734
OX637745.1 419000000 419500000 941.0
OX637745.1 419500000 420000000 939.68193
OX637745.1 420000000 420500000 939.00175
OX637745.1 420500000 421000000 937.50662
OX637745.1 421000000 421500000 935.52669
OX637745.1 421500000 422000000 934.96034
OX637745.1 422000000 422500000 933.35775
OX637745.1 422500000 423000000 932.68487
OX637745.1 423000000 423500000 930.00832
OX637745.1 423500000 424000000 928.13009
OX637745.1 424000000 424500000 925.37895
OX637745.1 424500000 425000000 924.84836
OX637745.1 425000000 425500000 923.58355
OX637745.1 425500000 426000000 920.40181
OX637745.1 426000000 426500000 915.46837
OX637745.1 426500000 427000000 913.45651
OX637745.1 427000000 427500000 911.0
OX637745.1 427500000 428000000 910.0935
OX637745.1 428000000 428500000 907.31791
OX637745.1 428500000 429000000 904.85775
OX637745.1 429000000 429500000 903.48631
OX637745.1 429500000 430000000 902.0
OX637745.1 430000000 430500000 902.0
OX637745.1 430500000 431000000 900.58927
OX637745.1 431000000 431500000 898.51663
OX637745.1 431500000 432000000 896.12695
OX637745.1 432000000 432500000 895.10484
OX637745.1 432500000 433000000 893.68821
OX637745.1 433000000 433500000 893.0
OX637745.1 433500000 434000000 890.30109
OX637745.1 434000000 434500000 889.56619
OX637745.1 434500000 435000000 886.03896
OX637745.1 435000000 435500000 882.35972
OX637745.1 435500000 436000000 879.55974
OX637745.1 436000000 436500000 874.14942
OX637745.1 436500000 437000000 874.00305
OX637745.1 437000000 437500000 869.91534
OX637745.1 437500000 438000000 866.72122
OX637745.1 438000000 438500000 865.34746
OX637745.1 438500000 439000000 863.97934
OX637745.1 439000000 439500000 862.37405
OX637745.1 439500000 440000000 860.87455
OX637745.1 440000000 440500000 860.34256
OX637745.1 440500000 441000000 858.59749
OX637745.1 441000000 441500000 855.50413
OX637745.1 441500000 442000000 852.5359
OX637745.1 442000000 442500000 849.24312
OX637745.1 442500000 443000000 846.00544
OX637745.1 443000000 443500000 839.4301
OX637745.1 443500000 444000000 835.68477
OX637745.1 444000000 444500000 833.27134
OX637745.1 444500000 445000000 830.37928
OX637745.1 445000000 445500000 826.37285
OX637745.1 445500000 446000000 822.83094
OX637745.1 446000000 446500000 820.44106
OX637745.1 446500000 447000000 819.05634
OX637745.1 447000000 447500000 818.0
OX637745.1 447500000 448000000 816.89106
OX637745.1 448000000 448500000 815.30884
OX637745.1 448500000 449000000 813.32565
OX637745.1 449000000 449500000 811.52937
OX637745.1 449500000 450000000 809.3887
OX637745.1 450000000 450500000 804.63891
OX637745.1 450500000 451000000 803.0
OX637745.1 451000000 451500000 801.91066
OX637745.1 451500000 452000000 799.0
OX637745.1 452000000 452500000 797.62966
OX637745.1 452500000 453000000 792.8664
OX637745.1 453000000 453500000 790.98775
OX637745.1 453500000 454000000 788.2323
OX637745.1 454000000 454500000 786.0
OX637745.1 454500000 455000000 780.86858
OX637745.1 455000000 455500000 771.80479
OX637745.1 455500000 456000000 768.45211
OX637745.1 456000000 456500000 765.9356
OX637745.1 456500000 457000000 764.39265
OX637745.1 457000000 457500000 763.27666
OX637745.1 457500000 458000000 760.54412
OX637745.1 458000000 458500000 757.43073
OX637745.1 458500000 459000000 751.69104
OX637745.1 459000000 459500000 749.33275
OX637745.1 459500000 460000000 744.03428
OX637745.1 460000000 460500000 742.343
OX637745.1 460500000 461000000 740.43649
OX637745.1 461000000 461500000 735.17414
OX637745.1 461500000 462000000 726.1976
OX637745.1 462000000 462500000 718.0419
OX637745.1 462500000 463000000 711.30297
OX637745.1 463000000 463500000 705.36946
OX637745.1 463500000 464000000 697.82671
OX637745.1 464000000 464500000 692.78915
OX637745.1 464500000 465000000 684.03024
OX637745.1 465000000 465500000 681.99127
OX637745.1 465500000 466000000 676.6831
OX637745.1 466000000 466500000 666.40666
OX637745.1 466500000 467000000 656.16099
OX637745.1 467000000 467500000 651.04442
OX637745.1 467500000 468000000 644.4252
OX637745.1 468000000 468500000 638.60636
OX637745.1 468500000 469000000 631.6578
OX637745.1 469000000 469500000 622.01052
OX637745.1 469500000 470000000 612.86171
OX637745.1 470000000 470500000 602.99496
OX637745.1 470500000 471000000 587.80877
OX637745.1 471000000 471500000 574.07887
OX637745.1 471500000 472000000 564.80131
OX637745.1 472000000 472500000 554.82034
OX637745.1 472500000 473000000 541.32896
OX637745.1 473000000 473500000 537.34613
OX637745.1 473500000 474000000 528.24015
OX637745.1 474000000 474500000 506.16737
OX637745.1 474500000 475000000 495.0375
OX637745.1 475000000 475500000 479.97708
OX637745.1 475500000 476000000 461.99333
OX637745.1 476000000 476500000 449.77172
OX637745.1 476500000 477000000 436.65503
OX637745.1 477000000 477500000 419.86732
OX637745.1 477500000 478000000 410.25553
OX637745.1 478000000 478500000 400.81089
OX637745.1 478500000 479000000 384.90685
OX637745.1 479000000 479500000 357.45238
OX637745.1 479500000 480000000 325.77294
OX637745.1 480000000 480500000 302.00228
OX637745.1 480500000 481000000 265.82509
OX637745.1 481000000 481500000 235.91
OX637745.1 481500000 482000000 181.57284
OX637745.1 482000000 482500000 141.75489
OX637745.1 482500000 483000000 125.4586
OX637745.1 483000000 483500000 73.29067
OX637745.1 483500000 484000000 48.04443
OX637745.1 484000000 484500000 46.13554
OX637745.1 484500000 485000000 46.0
OX637745.1 485000000 485490313 20.3511
OX637752.1 0 500000 1.94431
OX637752.1 500000 1000000 2.0
OX637752.1 1000000 1500000 11.64241
OX637752.1 1500000 2000000 30.63288
OX637752.1 2000000 2500000 99.1296
OX637752.1 2500000 3000000 139.76775
OX637752.1 3000000 3500000 174.66054
OX637752.1 3500000 4000000 235.09615
OX637752.1 4000000 4500000 274.88767
OX637752.1 4500000 5000000 332.98537
OX637752.1 5000000 5500000 383.11645
OX637752.1 5500000 6000000 417.6138
OX637752.1 6000000 6500000 463.92655
OX637752.1 6500000 7000000 504.71011
OX637752.1 7000000 7500000 532.43469
OX637752.1 7500000 8000000 560.02158
OX637752.1 8000000 8500000 595.90591
OX637752.1 8500000 9000000 608.558
OX637752.1 9000000 9500000 626.86525
OX637752.1 9500000 10000000 638.67413
OX637752.1 10000000 10500000 648.68568
OX637752.1 10500000 11000000 682.53917
OX637752.1 11000000 11500000 708.43502
OX637752.1 11500000 12000000 725.19666
OX637752.1 12000000 12500000 748.11259
OX637752.1 12500000 13000000 752.17656
OX637752.1 13000000 13500000 756.34439
OX637752.1 13500000 14000000 762.09072
OX637752.1 14000000 14500000 765.0
OX637752.1 14500000 15000000 765.0
OX637752.1 15000000 15500000 765.0
OX637752.1 15500000 16000000 765.0
OX637752.1 16000000 16500000 765.0
OX637752.1 16500000 17000000 765.0
OX637752.1 17000000 17500000 765.0
OX637752.1 17500000 18000000 765.76559
OX637752.1 18000000 18500000 768.66732
OX637752.1 18500000 19000000 773.0
OX637752.1 19000000 19500000 773.42432
OX637752.1 19500000 20000000 789.92366
OX637752.1 20000000 20500000 817.84131
OX637752.1 20500000 21000000 838.84286
OX637752.1 21000000 21500000 853.12772
OX637752.1 21500000 22000000 864.83703
OX637752.1 22000000 22500000 877.25705
OX637752.1 22500000 23000000 892.69357
OX637752.1 23000000 23500000 907.39549
OX637752.1 23500000 24000000 922.00167
OX637752.1 24000000 24500000 936.49162
OX637752.1 24500000 25000000 948.57698
OX637752.1 25000000 25500000 963.83771
OX637752.1 25500000 26000000 973.42402
OX637752.1 26000000 26500000 990.65162
OX637752.1 26500000 27000000 1005.29428
OX637752.1 27000000 27500000 1020.27082
OX637752.1 27500000 28000000 1031.68171
OX637752.1 28000000 28500000 1040.42508
OX637752.1 28500000 29000000 1047.909
OX637752.1 29000000 29500000 1057.6471
OX637752.1 29500000 30000000 1064.65845
OX637752.1 30000000 30500000 1073.5732
OX637752.1 30500000 31000000 1083.49466
OX637752.1 31000000 31500000 1092.74845
OX637752.1 31500000 32000000 1103.99863
OX637752.1 32000000 32500000 1109.29372
OX637752.1 32500000 33000000 1116.52754
OX637752.1 33000000 33500000 1120.8964
OX637752.1 33500000 34000000 1125.31079
OX637752.1 34000000 34500000 1138.77979
OX637752.1 34500000 35000000 1145.37215
OX637752.1 35000000 35500000 1150.04899
OX637752.1 35500000 36000000 1153.65998
OX637752.1 36000000 36500000 1159.2891
OX637752.1 36500000 37000000 1163.55783
OX637752.1 37000000 37500000 1168.0
OX637752.1 37500000 38000000 1169.39316
OX637752.1 38000000 38500000 1177.62632
OX637752.1 38500000 39000000 1184.58134
OX637752.1 39000000 39500000 1194.84627
OX637752.1 39500000 40000000 1201.16232
OX637752.1 40000000 40500000 1207.02392
OX637752.1 40500000 41000000 1211.76698
OX637752.1 41000000 41500000 1214.03772
OX637752.1 41500000 42000000 1218.64919
OX637752.1 42000000 42500000 1221.84454
OX637752.1 42500000 43000000 1224.6237
OX637752.1 43000000 43500000 1227.6129
OX637752.1 43500000 44000000 1230.89618
OX637752.1 44000000 44500000 1233.54455
OX637752.1 44500000 45000000 1239.92064
OX637752.1 45000000 45500000 1242.5204
OX637752.1 45500000 46000000 1244.33044
OX637752.1 46000000 46500000 1248.08094
OX637752.1 46500000 47000000 1250.95548
OX637752.1 47000000 47500000 1255.7956
OX637752.1 47500000 48000000 1261.49965
OX637752.1 48000000 48500000 1264.59503
OX637752.1 48500000 49000000 1266.4194
OX637752.1 49000000 49500000 1269.92687
OX637752.1 49500000 50000000 1272.19877
OX637752.1 50000000 50500000 1275.76704
OX637752.1 50500000 51000000 1278.14294
OX637752.1 51000000 51500000 1279.91068
OX637752.1 51500000 52000000 1284.28414
OX637752.1 52000000 52500000 1285.05499
OX637752.1 52500000 53000000 1286.76921
OX637752.1 53000000 53500000 1287.81882
OX637752.1 53500000 54000000 1290.57761
OX637752.1 54000000 54500000 1291.00886
OX637752.1 54500000 55000000 1292.56974
OX637752.1 55000000 55500000 1294.57443
OX637752.1 55500000 56000000 1295.86961
OX637752.1 56000000 56500000 1297.77209
OX637752.1 56500000 57000000 1300.31541
OX637752.1 57000000 57500000 1301.93304
OX637752.1 57500000 58000000 1303.74151
OX637752.1 58000000 58500000 1307.47007
OX637752.1 58500000 59000000 1309.86158
OX637752.1 59000000 59500000 1312.21334
OX637752.1 59500000 60000000 1313.00451
OX637752.1 60000000 60500000 1313.31331
OX637752.1 60500000 61000000 1315.0
OX637752.1 61000000 61500000 1315.8355
OX637752.1 61500000 62000000 1318.74105
OX637752.1 62000000 62500000 1319.57363
OX637752.1 62500000 63000000 1319.59182
OX637752.1 63000000 63500000 1323.57932
OX637752.1 63500000 64000000 1325.6812
OX637752.1 64000000 64500000 1328.37405
OX637752.1 64500000 65000000 1329.0
OX637752.1 65000000 65500000 1330.20656
OX637752.1 65500000 66000000 1330.20205
OX637752.1 66000000 66500000 1332.2874
OX637752.1 66500000 67000000 1333.10468
OX637752.1 67000000 67500000 1334.00514
OX637752.1 67500000 68000000 1334.0
OX637752.1 68000000 68500000 1333.99931
OX637752.1 68500000 69000000 1335.09752
OX637752.1 69000000 69500000 1336.8323
OX637752.1 69500000 70000000 1339.0
OX637752.1 70000000 70500000 1339.6371
OX637752.1 70500000 71000000 1340.90409
OX637752.1 71000000 71500000 1341.87898
OX637752.1 71500000 72000000 1342.0
OX637752.1 72000000 72500000 1342.00243
OX637752.1 72500000 73000000 1342.01975
OX637752.1 73000000 73500000 1345.16141
OX637752.1 73500000 74000000 1346.18466
OX637752.1 74000000 74500000 1346.81338
OX637752.1 74500000 75000000 1348.02166
OX637752.1 75000000 75500000 1349.14739
OX637752.1 75500000 76000000 1352.74671
OX637752.1 76000000 76500000 1355.73577
OX637752.1 76500000 77000000 1356.00241
OX637752.1 77000000 77500000 1356.44524
OX637752.1 77500000 78000000 1356.0
OX637752.1 78000000 78500000 1357.38477
OX637752.1 78500000 79000000 1358.42575
OX637752.1 79000000 79500000 1359.31234
OX637752.1 79500000 80000000 1359.23463
OX637752.1 80000000 80500000 1360.21712
OX637752.1 80500000 81000000 1362.01647
OX637752.1 81000000 81500000 1361.46147
OX637752.1 81500000 82000000 1363.17179
OX637752.1 82000000 82500000 1365.19753
OX637752.1 82500000 83000000 1366.0
OX637752.1 83000000 83500000 1366.0
OX637752.1 83500000 84000000 1366.0
OX637752.1 84000000 84500000 1366.4814
OX637752.1 84500000 85000000 1367.65045
OX637752.1 85000000 85500000 1369.23277
OX637752.1 85500000 86000000 1370.8491
OX637752.1 86000000 86500000 1371.0
OX637752.1 86500000 87000000 1372.16916
OX637752.1 87000000 87500000 1373.83989
OX637752.1 87500000 88000000 1374.0
OX637752.1 88000000 88500000 1374.04387
OX637752.1 88500000 89000000 1375.00186
OX637752.1 89000000 89500000 1375.0
OX637752.1 89500000 90000000 1374.85343
OX637752.1 90000000 90500000 1374.0
OX637752.1 90500000 91000000 1374.03358
OX637752.1 91000000 91500000 1375.00253
OX637752.1 91500000 92000000 1376.23085
OX637752.1 92000000 92500000 1377.00637
OX637752.1 92500000 93000000 1376.49836
OX637752.1 93000000 93500000 1376.0
OX637752.1 93500000 94000000 1376.0
OX637752.1 94000000 94500000 1376.0
OX637752.1 94500000 95000000 1376.08149
OX637752.1 95000000 95500000 1377.00701
OX637752.1 95500000 96000000 1377.83717
OX637752.1 96000000 96500000 1377.91577
OX637752.1 96500000 97000000 1379.75355
OX637752.1 97000000 97500000 1380.0067
OX637752.1 97500000 98000000 1380.0
OX637752.1 98000000 98500000 1380.98448
OX637752.1 98500000 99000000 1381.00163
OX637752.1 99000000 99500000 1381.57147
OX637752.1 99500000 100000000 1383.0
OX637752.1 100000000 100500000 1383.0
OX637752.1 100500000 101000000 1383.0
OX637752.1 101000000 101500000 1383.53662
OX637752.1 101500000 102000000 1384.89335
OX637752.1 102000000 102500000 1386.53006
OX637752.1 102500000 103000000 1386.05961
OX637752.1 103000000 103500000 1387.0
OX637752.1 103500000 104000000 1387.0
OX637752.1 104000000 104500000 1388.16322
OX637752.1 104500000 105000000 1389.0
OX637752.1 105000000 105500000 1390.44017
OX637752.1 105500000 106000000 1392.0
OX637752.1 106000000 106500000 1392.0
OX637752.1 106500000 107000000 1391.7918
OX637752.1 107000000 107500000 1391.48129
OX637752.1 107500000 108000000 1392.32604
OX637752.1 108000000 108500000 1392.99476
OX637752.1 108500000 109000000 1393.0
OX637752.1 109000000 109500000 1393.44688
OX637752.1 109500000 110000000 1394.00176
OX637752.1 110000000 110500000 1394.00591
OX637752.1 110500000 111000000 1394.0
OX637752.1 111000000 111500000 1394.00278
OX637752.1 111500000 112000000 1394.0
OX637752.1 112000000 112500000 1394.80222
OX637752.1 112500000 113000000 1395.78111
OX637752.1 113000000 113500000 1395.0
OX637752.1 113500000 114000000 1395.0
OX637752.1 114000000 114500000 1396.40221
OX637752.1 114500000 115000000 1398.36982
OX637752.1 115000000 115500000 1398.0
OX637752.1 115500000 116000000 1398.63819
OX637752.1 116000000 116500000 1398.87567
OX637752.1 116500000 117000000 1398.0
OX637752.1 117000000 117500000 1398.0
OX637752.1 117500000 118000000 1397.888
OX637752.1 118000000 118500000 1398.00935
OX637752.1 118500000 119000000 1397.2345
OX637752.1 119000000 119500000 1397.00122
OX637752.1 119500000 120000000 1397.34141
OX637752.1 120000000 120500000 1398.0
OX637752.1 120500000 121000000 1398.36028
OX637752.1 121000000 121500000 1401.0
OX637752.1 121500000 122000000 1401.0
OX637752.1 122000000 122500000 1401.76084
OX637752.1 122500000 123000000 1403.78828
OX637752.1 123000000 123500000 1404.00634
OX637752.1 123500000 124000000 1403.61595
OX637752.1 124000000 124500000 1402.81971
OX637752.1 124500000 125000000 1401.03636
OX637752.1 125000000 125500000 1401.67454
OX637752.1 125500000 126000000 1402.00359
OX637752.1 126000000 126500000 1402.00739
OX637752.1 126500000 127000000 1402.40892
OX637752.1 127000000 127500000 1402.0
OX637752.1 127500000 128000000 1401.65661
OX637752.1 128000000 128500000 1400.88553
OX637752.1 128500000 129000000 1400.79823
OX637752.1 129000000 129500000 1401.0
OX637752.1 129500000 130000000 1401.0
OX637752.1 130000000 130500000 1401.0
OX637752.1 130500000 131000000 1401.57033
OX637752.1 131000000 131500000 1401.31918
OX637752.1 131500000 132000000 1401.01808
OX637752.1 132000000 132500000 1401.49615
OX637752.1 132500000 133000000 1402.62505
OX637752.1 133000000 133500000 1403.00754
OX637752.1 133500000 134000000 1403.0
OX637752.1 134000000 134500000 1402.97895
OX637752.1 134500000 135000000 1402.84152
OX637752.1 135000000 135500000 1403.0
OX637752.1 135500000 136000000 1404.07283
OX637752.1 136000000 136500000 1405.0
OX637752.1 136500000 137000000 1405.0
OX637752.1 137000000 137500000 1405.00442
OX637752.1 137500000 138000000 1405.262
OX637752.1 138000000 138500000 1406.98589
OX637752.1 138500000 139000000 1407.90437
OX637752.1 139000000 139500000 1408.0
OX637752.1 139500000 140000000 1408.28505
OX637752.1 140000000 140500000 1408.13447
OX637752.1 140500000 141000000 1409.02146
OX637752.1 141000000 141500000 1410.0
OX637752.1 141500000 142000000 1410.90241
OX637752.1 142000000 142500000 1411.67148
OX637752.1 142500000 143000000 1412.0
OX637752.1 143000000 143500000 1412.00362
OX637752.1 143500000 144000000 1412.8988
OX637752.1 144000000 144500000 1412.73941
OX637752.1 144500000 145000000 1412.84671
OX637752.1 145000000 145500000 1412.82187
OX637752.1 145500000 146000000 1412.0
OX637752.1 146000000 146500000 1411.43712
OX637752.1 146500000 147000000 1410.0
OX637752.1 147000000 147500000 1410.0
OX637752.1 147500000 148000000 1410.04203
OX637752.1 148000000 148500000 1411.0
OX637752.1 148500000 149000000 1411.0
OX637752.1 149000000 149500000 1411.0
OX637752.1 149500000 150000000 1411.66631
OX637752.1 150000000 150500000 1412.00529
OX637752.1 150500000 151000000 1412.0
OX637752.1 151000000 151500000 1412.00567
OX637752.1 151500000 152000000 1411.1067
OX637752.1 152000000 152500000 1411.0
OX637752.1 152500000 153000000 1411.0
OX637752.1 153000000 153500000 1410.18575
OX637752.1 153500000 154000000 1409.0
OX637752.1 154000000 154500000 1409.0
OX637752.1 154500000 155000000 1409.14626
OX637752.1 155000000 155500000 1409.28863
OX637752.1 155500000 156000000 1409.0
OX637752.1 156000000 156500000 1410.58418
OX637752.1 156500000 157000000 1411.00824
OX637752.1 157000000 157500000 1410.24332
OX637752.1 157500000 158000000 1410.26247
OX637752.1 158000000 158500000 1411.0
OX637752.1 158500000 159000000 1411.53949
OX637752.1 159000000 159500000 1411.81702
OX637752.1 159500000 160000000 1411.0
OX637752.1 160000000 160500000 1410.18171
OX637752.1 160500000 161000000 1410.0
OX637752.1 161000000 161500000 1410.0
OX637752.1 161500000 162000000 1410.0
OX637752.1 162000000 162500000 1410.0
OX637752.1 162500000 163000000 1410.0
OX637752.1 163000000 163500000 1410.0
OX637752.1 163500000 164000000 1410.00107
OX637752.1 164000000 164500000 1410.56347
OX637752.1 164500000 165000000 1410.02425
OX637752.1 165000000 165500000 1410.00215
OX637752.1 165500000 166000000 1409.38604
OX637752.1 166000000 166500000 1408.67898
OX637752.1 166500000 167000000 1408.0
OX637752.1 167000000 167500000 1407.66046
OX637752.1 167500000 168000000 1407.0
OX637752.1 168000000 168500000 1407.0
OX637752.1 168500000 169000000 1407.52519
OX637752.1 169000000 169500000 1408.0
OX637752.1 169500000 170000000 1408.55177
OX637752.1 170000000 170500000 1408.25506
OX637752.1 170500000 171000000 1408.0
OX637752.1 171000000 171500000 1407.73438
OX637752.1 171500000 172000000 1407.0
OX637752.1 172000000 172500000 1407.0
OX637752.1 172500000 173000000 1407.0
OX637752.1 173000000 173500000 1406.00559
OX637752.1 173500000 174000000 1405.11175
OX637752.1 174000000 174500000 1406.89924
OX637752.1 174500000 175000000 1407.0
OX637752.1 175000000 175500000 1407.0
OX637752.1 175500000 176000000 1406.94757
OX637752.1 176000000 176500000 1405.42267
OX637752.1 176500000 177000000 1405.0
OX637752.1 177000000 177500000 1405.00204
OX637752.1 177500000 178000000 1405.0
OX637752.1 178000000 178500000 1405.00022
OX637752.1 178500000 179000000 1405.00113
OX637752.1 179000000 179500000 1404.08715
OX637752.1 179500000 180000000 1404.0
OX637752.1 180000000 180500000 1404.0
OX637752.1 180500000 181000000 1404.0
OX637752.1 181000000 181500000 1403.62684
OX637752.1 181500000 182000000 1403.0
OX637752.1 182000000 182500000 1403.0
OX637752.1 182500000 183000000 1402.10301
OX637752.1 183000000 183500000 1402.00245
OX637752.1 183500000 184000000 1402.0
OX637752.1 184000000 184500000 1401.27738
OX637752.1 184500000 185000000 1400.00496
OX637752.1 185000000 185500000 1400.0
OX637752.1 185500000 186000000 1398.3998
OX637752.1 186000000 186500000 1396.57957
OX637752.1 186500000 187000000 1396.0
OX637752.1 187000000 187500000 1396.0
OX637752.1 187500000 188000000 1395.42744
OX637752.1 188000000 188500000 1395.0
OX637752.1 188500000 189000000 1395.16338
OX637752.1 189000000 189500000 1396.0
OX637752.1 189500000 190000000 1395.64152
OX637752.1 190000000 190500000 1395.97001
OX637752.1 190500000 191000000 1396.01382
OX637752.1 191000000 191500000 1395.9892
OX637752.1 191500000 192000000 1396.0
OX637752.1 192000000 192500000 1396.0044
OX637752.1 192500000 193000000 1396.0
OX637752.1 193000000 193500000 1396.00211
OX637752.1 193500000 194000000 1395.75
OX637752.1 194000000 194500000 1395.0
OX637752.1 194500000 195000000 1394.72136
OX637752.1 195000000 195500000 1394.73891
OX637752.1 195500000 196000000 1395.0
OX637752.1 196000000 196500000 1394.87854
OX637752.1 196500000 197000000 1394.0
OX637752.1 197000000 197500000 1394.0
OX637752.1 197500000 198000000 1393.59741
OX637752.1 198000000 198500000 1393.0
OX637752.1 198500000 199000000 1393.0
OX637752.1 199000000 199500000 1392.40824
OX637752.1 199500000 200000000 1392.0
OX637752.1 200000000 200500000 1392.0
OX637752.1 200500000 201000000 1392.0
OX637752.1 201000000 201500000 1391.06309
OX637752.1 201500000 202000000 1391.0023
OX637752.1 202000000 202500000 1390.53998
OX637752.1 202500000 203000000 1390.0
OX637752.1 203000000 203500000 1390.0
OX637752.1 203500000 204000000 1390.0
OX637752.1 204000000 204500000 1390.0
OX637752.1 204500000 205000000 1390.0
OX637752.1 205000000 205500000 1390.0
OX637752.1 205500000 206000000 1389.00854
OX637752.1 206000000 206500000 1388.0
OX637752.1 206500000 207000000 1387.37946
OX637752.1 207000000 207500000 1387.0
OX637752.1 207500000 208000000 1387.0
OX637752.1 208000000 208500000 1386.09417
OX637752.1 208500000 209000000 1386.00436
OX637752.1 209000000 209500000 1386.0
OX637752.1 209500000 210000000 1386.0
OX637752.1 210000000 210500000 1386.0
OX637752.1 210500000 211000000 1386.0
OX637752.1 211000000 211500000 1386.0
OX637752.1 211500000 212000000 1386.0
OX637752.1 212000000 212500000 1386.0
OX637752.1 212500000 213000000 1386.0
OX637752.1 213000000 213500000 1386.0
OX637752.1 213500000 214000000 1386.0
OX637752.1 214000000 214500000 1386.0
OX637752.1 214500000 215000000 1385.92358
OX637752.1 215000000 215500000 1385.0
OX637752.1 215500000 216000000 1385.00525
OX637752.1 216000000 216500000 1385.0
OX637752.1 216500000 217000000 1385.0
OX637752.1 217000000 217500000 1385.0
OX637752.1 217500000 218000000 1385.66579
OX637752.1 218000000 218500000 1386.0
OX637752.1 218500000 219000000 1386.0
OX637752.1 219000000 219500000 1385.16193
OX637752.1 219500000 220000000 1385.0
OX637752.1 220000000 220500000 1385.0
OX637752.1 220500000 221000000 1385.70554
OX637752.1 221000000 221500000 1386.0
OX637752.1 221500000 222000000 1386.0
OX637752.1 222000000 222500000 1386.0
OX637752.1 222500000 223000000 1386.0
OX637752.1 223000000 223500000 1386.50697
OX637752.1 223500000 224000000 1386.85945
OX637752.1 224000000 224500000 1385.96257
OX637752.1 224500000 225000000 1384.68705
OX637752.1 225000000 225500000 1384.0
OX637752.1 225500000 226000000 1383.79007
OX637752.1 226000000 226500000 1383.0
OX637752.1 226500000 227000000 1383.0
OX637752.1 227000000 227500000 1383.0
OX637752.1 227500000 228000000 1383.0
OX637752.1 228000000 228500000 1383.0
OX637752.1 228500000 229000000 1383.00227
OX637752.1 229000000 229500000 1383.0
OX637752.1 229500000 230000000 1382.73456
OX637752.1 230000000 230500000 1381.0746
OX637752.1 230500000 231000000 1381.0
OX637752.1 231000000 231500000 1380.49975
OX637752.1 231500000 232000000 1380.0
OX637752.1 232000000 232500000 1379.82372
OX637752.1 232500000 233000000 1379.0
OX637752.1 233000000 233500000 1379.0
OX637752.1 233500000 234000000 1379.0
OX637752.1 234000000 234500000 1379.51521
OX637752.1 234500000 235000000 1380.0
OX637752.1 235000000 235500000 1380.0
OX637752.1 235500000 236000000 1380.0
OX637752.1 236000000 236500000 1380.0
OX637752.1 236500000 237000000 1380.0
OX637752.1 237000000 237500000 1380.0
OX637752.1 237500000 238000000 1380.0
OX637752.1 238000000 238500000 1380.0
OX637752.1 238500000 239000000 1380.0
OX637752.1 239000000 239500000 1380.0
OX637752.1 239500000 240000000 1380.00591
OX637752.1 240000000 240500000 1380.0
OX637752.1 240500000 241000000 1380.37146
OX637752.1 241000000 241500000 1381.0
OX637752.1 241500000 242000000 1381.0
OX637752.1 242000000 242500000 1381.0
OX637752.1 242500000 243000000 1381.0
OX637752.1 243000000 243500000 1381.0
OX637752.1 243500000 244000000 1381.0
OX637752.1 244000000 244500000 1381.0
OX637752.1 244500000 245000000 1381.0
OX637752.1 245000000 245500000 1381.0
OX637752.1 245500000 246000000 1381.0
OX637752.1 246000000 246500000 1380.86694
OX637752.1 246500000 247000000 1380.0
OX637752.1 247000000 247500000 1380.0
OX637752.1 247500000 248000000 1380.0
OX637752.1 248000000 248500000 1380.0
OX637752.1 248500000 249000000 1380.0
OX637752.1 249000000 249500000 1380.0
OX637752.1 249500000 250000000 1379.04069
OX637752.1 250000000 250500000 1379.0
OX637752.1 250500000 251000000 1379.0
OX637752.1 251000000 251500000 1379.00928
OX637752.1 251500000 252000000 1379.0
OX637752.1 252000000 252500000 1379.0
OX637752.1 252500000 253000000 1379.0
OX637752.1 253000000 253500000 1379.0
OX637752.1 253500000 254000000 1379.0
OX637752.1 254000000 254500000 1379.0
OX637752.1 254500000 255000000 1379.0
OX637752.1 255000000 255500000 1379.0
OX637752.1 255500000 256000000 1379.0
OX637752.1 256000000 256500000 1379.0
OX637752.1 256500000 257000000 1379.0
OX637752.1 257000000 257500000 1378.02424
OX637752.1 257500000 258000000 1378.0
OX637752.1 258000000 258500000 1378.0
OX637752.1 258500000 259000000 1378.0
OX637752.1 259000000 259500000 1378.0
OX637752.1 259500000 260000000 1378.0
OX637752.1 260000000 260500000 1378.0
OX637752.1 260500000 261000000 1378.0
OX637752.1 261000000 261500000 1378.7159
OX637752.1 261500000 262000000 1379.0
OX637752.1 262000000 262500000 1379.01279
OX637752.1 262500000 263000000 1379.0
OX637752.1 263000000 263500000 1379.00817
OX637752.1 263500000 264000000 1379.0
OX637752.1 264000000 264500000 1378.14775
OX637752.1 264500000 265000000 1377.33555
OX637752.1 265000000 265500000 1377.0
OX637752.1 265500000 266000000 1377.0
OX637752.1 266000000 266500000 1377.0
OX637752.1 266500000 267000000 1377.11864
OX637752.1 267000000 267500000 1378.0
OX637752.1 267500000 268000000 1378.0
OX637752.1 268000000 268500000 1378.0
OX637752.1 268500000 269000000 1378.0
OX637752.1 269000000 269500000 1378.0
OX637752.1 269500000 270000000 1378.0
OX637752.1 270000000 270500000 1378.0
OX637752.1 270500000 271000000 1378.0
OX637752.1 271000000 271500000 1378.0
OX637752.1 271500000 272000000 1378.85979
OX637752.1 272000000 272500000 1379.0
OX637752.1 272500000 273000000 1379.0
OX637752.1 273000000 273500000 1379.0
OX637752.1 273500000 274000000 1379.0
OX637752.1 274000000 274500000 1379.0
OX637752.1 274500000 275000000 1379.0
OX637752.1 275000000 275500000 1379.0
OX637752.1 275500000 276000000 1379.0
OX637752.1 276000000 276500000 1379.0
OX637752.1 276500000 277000000 1379.0
OX637752.1 277000000 277500000 1379.0
OX637752.1 277500000 278000000 1379.0
OX637752.1 278000000 278500000 1379.0
OX637752.1 278500000 279000000 1379.0
OX637752.1 279000000 279500000 1378.02806
OX637752.1 279500000 280000000 1378.0
OX637752.1 280000000 280500000 1378.0
OX637752.1 280500000 281000000 1378.0
OX637752.1 281000000 281500000 1378.0
OX637752.1 281500000 282000000 1378.0
OX637752.1 282000000 282500000 1378.0
OX637752.1 282500000 283000000 1378.0
OX637752.1 283000000 283500000 1378.0
OX637752.1 283500000 284000000 1378.0
OX637752.1 284000000 284500000 1378.0
OX637752.1 284500000 285000000 1378.0
OX637752.1 285000000 285500000 1378.0
OX637752.1 285500000 286000000 1377.93242
OX637752.1 286000000 286500000 1377.69232
OX637752.1 286500000 287000000 1378.0
OX637752.1 287000000 287500000 1377.76132
OX637752.1 287500000 288000000 1376.55452
OX637752.1 288000000 288500000 1376.0
OX637752.1 288500000 289000000 1376.0
OX637752.1 289000000 289500000 1376.0
OX637752.1 289500000 290000000 1376.0
OX637752.1 290000000 290500000 1376.0
OX637752.1 290500000 291000000 1373.7421
OX637752.1 291000000 291500000 1373.0
OX637752.1 291500000 292000000 1373.0
OX637752.1 292000000 292500000 1372.03421
OX637752.1 292500000 293000000 1371.7673
OX637752.1 293000000 293500000 1371.00018
OX637752.1 293500000 294000000 1370.83634
OX637752.1 294000000 294500000 1370.0
OX637752.1 294500000 295000000 1369.85868
OX637752.1 295000000 295500000 1369.0
OX637752.1 295500000 296000000 1369.0
OX637752.1 296000000 296500000 1369.0
OX637752.1 296500000 297000000 1369.0
OX637752.1 297000000 297500000 1369.0
OX637752.1 297500000 298000000 1368.981
OX637752.1 298000000 298500000 1368.00588
OX637752.1 298500000 299000000 1368.0
OX637752.1 299000000 299500000 1368.0
OX637752.1 299500000 300000000 1368.0
OX637752.1 300000000 300500000 1368.53466
OX637752.1 300500000 301000000 1369.0
OX637752.1 301000000 301500000 1369.0
OX637752.1 301500000 302000000 1369.0
OX637752.1 302000000 302500000 1369.0
OX637752.1 302500000 303000000 1369.0
OX637752.1 303000000 303500000 1369.0
OX637752.1 303500000 304000000 1369.0
OX637752.1 304000000 304500000 1369.0
OX637752.1 304500000 305000000 1369.0
OX637752.1 305000000 305500000 1369.0
OX637752.1 305500000 306000000 1369.0
OX637752.1 306000000 306500000 1369.0
OX637752.1 306500000 307000000 1369.0
OX637752.1 307000000 307500000 1369.0
OX637752.1 307500000 308000000 1368.13069
OX637752.1 308000000 308500000 1367.88918
OX637752.1 308500000 309000000 1367.0
OX637752.1 309000000 309500000 1367.0
OX637752.1 309500000 310000000 1367.92692
OX637752.1 310000000 310500000 1366.98518
OX637752.1 310500000 311000000 1366.0
OX637752.1 311000000 311500000 1366.0
OX637752.1 311500000 312000000 1366.0
OX637752.1 312000000 312500000 1366.0
OX637752.1 312500000 313000000 1365.97748
OX637752.1 313000000 313500000 1365.0
OX637752.1 313500000 314000000 1365.0
OX637752.1 314000000 314500000 1365.0
OX637752.1 314500000 315000000 1365.0
OX637752.1 315000000 315500000 1365.0
OX637752.1 315500000 316000000 1365.36799
OX637752.1 316000000 316500000 1366.0
OX637752.1 316500000 317000000 1366.00792
OX637752.1 317000000 317500000 1366.0
OX637752.1 317500000 318000000 1365.85543
OX637752.1 318000000 318500000 1365.0
OX637752.1 318500000 319000000 1365.0
OX637752.1 319000000 319500000 1365.0
OX637752.1 319500000 320000000 1365.0
OX637752.1 320000000 320500000 1365.0
OX637752.1 320500000 321000000 1365.0
OX637752.1 321000000 321500000 1365.0
OX637752.1 321500000 322000000 1365.0
OX637752.1 322000000 322500000 1365.0
OX637752.1 322500000 323000000 1365.0
OX637752.1 323000000 323500000 1365.0
OX637752.1 323500000 324000000 1365.0
OX637752.1 324000000 324500000 1365.0
OX637752.1 324500000 325000000 1365.0
OX637752.1 325000000 325500000 1364.95175
OX637752.1 325500000 326000000 1365.0
OX637752.1 326000000 326500000 1364.85039
OX637752.1 326500000 327000000 1364.0
OX637752.1 327000000 327500000 1364.0
OX637752.1 327500000 328000000 1364.0
OX637752.1 328000000 328500000 1361.71925
OX637752.1 328500000 329000000 1361.0
OX637752.1 329000000 329500000 1361.0
OX637752.1 329500000 330000000 1361.0
OX637752.1 330000000 330500000 1360.21469
OX637752.1 330500000 331000000 1360.0
OX637752.1 331000000 331500000 1358.77204
OX637752.1 331500000 332000000 1358.0
OX637752.1 332000000 332500000 1358.0
OX637752.1 332500000 333000000 1358.0
OX637752.1 333000000 333500000 1358.0
OX637752.1 333500000 334000000 1358.0
OX637752.1 334000000 334500000 1357.97958
OX637752.1 334500000 335000000 1357.0
OX637752.1 335000000 335500000 1355.17329
OX637752.1 335500000 336000000 1354.64207
OX637752.1 336000000 336500000 1353.56357
OX637752.1 336500000 337000000 1353.0
OX637752.1 337000000 337500000 1353.0
OX637752.1 337500000 338000000 1353.0
OX637752.1 338000000 338500000 1353.0
OX637752.1 338500000 339000000 1353.0
OX637752.1 339000000 339500000 1353.0
OX637752.1 339500000 340000000 1353.0
OX637752.1 340000000 340500000 1353.0
OX637752.1 340500000 341000000 1353.0
OX637752.1 341000000 341500000 1353.0
OX637752.1 341500000 342000000 1353.0
OX637752.1 342000000 342500000 1353.0
OX637752.1 342500000 343000000 1353.0
OX637752.1 343000000 343500000 1353.0
OX637752.1 343500000 344000000 1353.0
OX637752.1 344000000 344500000 1353.0
OX637752.1 344500000 345000000 1353.0
OX637752.1 345000000 345500000 1353.0
OX637752.1 345500000 346000000 1353.0
OX637752.1 346000000 346500000 1353.0
OX637752.1 346500000 347000000 1353.0
OX637752.1 347000000 347500000 1352.89308
OX637752.1 347500000 348000000 1352.0
OX637752.1 348000000 348500000 1352.0
OX637752.1 348500000 349000000 1352.0
OX637752.1 349000000 349500000 1352.0
OX637752.1 349500000 350000000 1351.68555
OX637752.1 350000000 350500000 1351.0
OX637752.1 350500000 351000000 1351.0
OX637752.1 351000000 351500000 1351.9826
OX637752.1 351500000 352000000 1351.58461
OX637752.1 352000000 352500000 1351.0
OX637752.1 352500000 353000000 1351.0
OX637752.1 353000000 353500000 1350.27062
OX637752.1 353500000 354000000 1349.16896
OX637752.1 354000000 354500000 1349.0
OX637752.1 354500000 355000000 1348.72217
OX637752.1 355000000 355500000 1348.0
OX637752.1 355500000 356000000 1348.0
OX637752.1 356000000 356500000 1348.0
OX637752.1 356500000 357000000 1347.05091
OX637752.1 357000000 357500000 1347.0
OX637752.1 357500000 358000000 1345.49136
OX637752.1 358000000 358500000 1345.0
OX637752.1 358500000 359000000 1345.73829
OX637752.1 359000000 359500000 1345.76519
OX637752.1 359500000 360000000 1345.0
OX637752.1 360000000 360500000 1345.0
OX637752.1 360500000 361000000 1344.18425
OX637752.1 361000000 361500000 1344.002
OX637752.1 361500000 362000000 1343.0919
OX637752.1 362000000 362500000 1342.0
OX637752.1 362500000 363000000 1342.0
OX637752.1 363000000 363500000 1342.0
OX637752.1 363500000 364000000 1341.77596
OX637752.1 364000000 364500000 1339.64501
OX637752.1 364500000 365000000 1339.0
OX637752.1 365000000 365500000 1339.0
OX637752.1 365500000 366000000 1339.0
OX637752.1 366000000 366500000 1339.0
OX637752.1 366500000 367000000 1338.96594
OX637752.1 367000000 367500000 1338.0
OX637752.1 367500000 368000000 1338.0
OX637752.1 368000000 368500000 1338.0
OX637752.1 368500000 369000000 1338.0
OX637752.1 369000000 369500000 1338.0
OX637752.1 369500000 370000000 1338.0
OX637752.1 370000000 370500000 1338.0
OX637752.1 370500000 371000000 1338.0
OX637752.1 371000000 371500000 1338.0
OX637752.1 371500000 372000000 1338.0
OX637752.1 372000000 372500000 1338.0
OX637752.1 372500000 373000000 1338.0
OX637752.1 373000000 373500000 1338.0
OX637752.1 373500000 374000000 1337.94438
OX637752.1 374000000 374500000 1336.32765
OX637752.1 374500000 375000000 1335.0
OX637752.1 375000000 375500000 1335.47537
OX637752.1 375500000 376000000 1335.0
OX637752.1 376000000 376500000 1335.0
OX637752.1 376500000 377000000 1335.0
OX637752.1 377000000 377500000 1335.0
OX637752.1 377500000 378000000 1334.13427
OX637752.1 378000000 378500000 1334.0
OX637752.1 378500000 379000000 1334.0
OX637752.1 379000000 379500000 1334.0
OX637752.1 379500000 380000000 1334.00337
OX637752.1 380000000 380500000 1334.0
OX637752.1 380500000 381000000 1333.9052
OX637752.1 381000000 381500000 1333.0
OX637752.1 381500000 382000000 1333.0
OX637752.1 382000000 382500000 1333.0
OX637752.1 382500000 383000000 1332.50108
OX637752.1 383000000 383500000 1331.0
OX637752.1 383500000 384000000 1330.24073
OX637752.1 384000000 384500000 1329.0
OX637752.1 384500000 385000000 1328.5785
OX637752.1 385000000 385500000 1328.0
OX637752.1 385500000 386000000 1328.0
OX637752.1 386000000 386500000 1328.0
OX637752.1 386500000 387000000 1328.0
OX637752.1 387000000 387500000 1328.0
OX637752.1 387500000 388000000 1328.0
OX637752.1 388000000 388500000 1326.5049
OX637752.1 388500000 389000000 1326.0
OX637752.1 389000000 389500000 1325.66382
OX637752.1 389500000 390000000 1324.6386
OX637752.1 390000000 390500000 1324.0
OX637752.1 390500000 391000000 1324.0
OX637752.1 391000000 391500000 1323.99059
OX637752.1 391500000 392000000 1323.0155
OX637752.1 392000000 392500000 1322.56915
OX637752.1 392500000 393000000 1322.0
OX637752.1 393000000 393500000 1322.0
OX637752.1 393500000 394000000 1322.0
OX637752.1 394000000 394500000 1322.0
OX637752.1 394500000 395000000 1322.0
OX637752.1 395000000 395500000 1321.66305
OX637752.1 395500000 396000000 1320.22103
OX637752.1 396000000 396500000 1319.36241
OX637752.1 396500000 397000000 1318.9696
OX637752.1 397000000 397500000 1318.0
OX637752.1 397500000 398000000 1317.66496
OX637752.1 398000000 398500000 1317.0
OX637752.1 398500000 399000000 1317.00194
OX637752.1 399000000 399500000 1317.00259
OX637752.1 399500000 400000000 1317.0
OX637752.1 400000000 400500000 1317.0
OX637752.1 400500000 401000000 1316.75186
OX637752.1 401000000 401500000 1316.0
OX637752.1 401500000 402000000 1316.0
OX637752.1 402000000 402500000 1315.03307
OX637752.1 402500000 403000000 1315.0
OX637752.1 403000000 403500000 1314.33485
OX637752.1 403500000 404000000 1314.0
OX637752.1 404000000 404500000 1314.0
OX637752.1 404500000 405000000 1314.0
OX637752.1 405000000 405500000 1313.91319
OX637752.1 405500000 406000000 1313.00182
OX637752.1 406000000 406500000 1313.0
OX637752.1 406500000 407000000 1312.93692
OX637752.1 407000000 407500000 1312.0
OX637752.1 407500000 408000000 1311.9151
OX637752.1 408000000 408500000 1311.0
OX637752.1 408500000 409000000 1311.0
OX637752.1 409000000 409500000 1311.0
OX637752.1 409500000 410000000 1311.0
OX637752.1 410000000 410500000 1311.0
OX637752.1 410500000 411000000 1310.59893
OX637752.1 411000000 411500000 1310.0
OX637752.1 411500000 412000000 1309.51759
OX637752.1 412000000 412500000 1309.0
OX637752.1 412500000 413000000 1309.0
OX637752.1 413000000 413500000 1309.0
OX637752.1 413500000 414000000 1309.0
OX637752.1 414000000 414500000 1309.0
OX637752.1 414500000 415000000 1307.79601
OX637752.1 415000000 415500000 1306.3594
OX637752.1 415500000 416000000 1305.69611
OX637752.1 416000000 416500000 1304.924
OX637752.1 416500000 417000000 1304.0
OX637752.1 417000000 417500000 1303.32696
OX637752.1 417500000 418000000 1303.0
OX637752.1 418000000 418500000 1302.5772
OX637752.1 418500000 419000000 1302.0
OX637752.1 419000000 419500000 1301.54609
OX637752.1 419500000 420000000 1299.11455
OX637752.1 420000000 420500000 1298.0
OX637752.1 420500000 421000000 1298.0
OX637752.1 421000000 421500000 1298.00273
OX637752.1 421500000 422000000 1298.37269
OX637752.1 422000000 422500000 1299.0
OX637752.1 422500000 423000000 1299.0
OX637752.1 423000000 423500000 1299.0
OX637752.1 423500000 424000000 1299.0
OX637752.1 424000000 424500000 1299.0
OX637752.1 424500000 425000000 1298.22258
OX637752.1 425000000 425500000 1297.87757
OX637752.1 425500000 426000000 1297.0
OX637752.1 426000000 426500000 1297.0
OX637752.1 426500000 427000000 1297.0
OX637752.1 427000000 427500000 1297.0
OX637752.1 427500000 428000000 1296.59526
OX637752.1 428000000 428500000 1295.08188
OX637752.1 428500000 429000000 1295.0
OX637752.1 429000000 429500000 1294.76213
OX637752.1 429500000 430000000 1294.0
OX637752.1 430000000 430500000 1293.36884
OX637752.1 430500000 431000000 1291.19294
OX637752.1 431000000 431500000 1290.0
OX637752.1 431500000 432000000 1289.00054
OX637752.1 432000000 432500000 1287.72098
OX637752.1 432500000 433000000 1286.52669
OX637752.1 433000000 433500000 1285.0
OX637752.1 433500000 434000000 1283.94766
OX637752.1 434000000 434500000 1283.0
OX637752.1 434500000 435000000 1283.0
OX637752.1 435000000 435500000 1282.36118
OX637752.1 435500000 436000000 1281.60427
OX637752.1 436000000 436500000 1281.0
OX637752.1 436500000 437000000 1281.0
OX637752.1 437000000 437500000 1281.0
OX637752.1 437500000 438000000 1280.98008
OX637752.1 438000000 438500000 1279.29017
OX637752.1 438500000 439000000 1278.52063
OX637752.1 439000000 439500000 1277.86125
OX637752.1 439500000 440000000 1275.6095
OX637752.1 440000000 440500000 1274.0
OX637752.1 440500000 441000000 1274.0
OX637752.1 441000000 441500000 1273.10344
OX637752.1 441500000 442000000 1272.0
OX637752.1 442000000 442500000 1271.5431
OX637752.1 442500000 443000000 1270.00142
OX637752.1 443000000 443500000 1269.65171
OX637752.1 443500000 444000000 1268.57562
OX637752.1 444000000 444500000 1268.0
OX637752.1 444500000 445000000 1268.00149
OX637752.1 445000000 445500000 1268.0
OX637752.1 445500000 446000000 1268.0
OX637752.1 446000000 446500000 1267.89994
OX637752.1 446500000 447000000 1267.0
OX637752.1 447000000 447500000 1265.68927
OX637752.1 447500000 448000000 1265.0
OX637752.1 448000000 448500000 1265.0
OX637752.1 448500000 449000000 1265.0
OX637752.1 449000000 449500000 1265.0
OX637752.1 449500000 450000000 1264.95933
OX637752.1 450000000 450500000 1264.0
OX637752.1 450500000 451000000 1264.0
OX637752.1 451000000 451500000 1263.71233
OX637752.1 451500000 452000000 1261.15481
OX637752.1 452000000 452500000 1260.0
OX637752.1 452500000 453000000 1260.00575
OX637752.1 453000000 453500000 1260.0
OX637752.1 453500000 454000000 1260.0
OX637752.1 454000000 454500000 1260.0
OX637752.1 454500000 455000000 1260.0
OX637752.1 455000000 455500000 1259.21817
OX637752.1 455500000 456000000 1259.0
OX637752.1 456000000 456500000 1259.0
OX637752.1 456500000 457000000 1259.0
OX637752.1 457000000 457500000 1259.0
OX637752.1 457500000 458000000 1259.00585
OX637752.1 458000000 458500000 1259.0
OX637752.1 458500000 459000000 1258.53197
OX637752.1 459000000 459500000 1258.0
OX637752.1 459500000 460000000 1258.0
OX637752.1 460000000 460500000 1258.0
OX637752.1 460500000 461000000 1258.0
OX637752.1 461000000 461500000 1257.54947
OX637752.1 461500000 462000000 1255.79675
OX637752.1 462000000 462500000 1254.99059
OX637752.1 462500000 463000000 1254.0
OX637752.1 463000000 463500000 1253.77531
OX637752.1 463500000 464000000 1253.0
OX637752.1 464000000 464500000 1253.0
OX637752.1 464500000 465000000 1253.0
OX637752.1 465000000 465500000 1253.0
OX637752.1 465500000 466000000 1253.12881
OX637752.1 466000000 466500000 1253.0
OX637752.1 466500000 467000000 1251.7032
OX637752.1 467000000 467500000 1251.0
OX637752.1 467500000 468000000 1249.73634
OX637752.1 468000000 468500000 1249.0
OX637752.1 468500000 469000000 1249.0
OX637752.1 469000000 469500000 1249.0
OX637752.1 469500000 470000000 1249.0
OX637752.1 470000000 470500000 1249.0
OX637752.1 470500000 471000000 1248.54238
OX637752.1 471000000 471500000 1248.0
OX637752.1 471500000 472000000 1247.5148
OX637752.1 472000000 472500000 1245.55089
OX637752.1 472500000 473000000 1244.97441
OX637752.1 473000000 473500000 1243.23664
OX637752.1 473500000 474000000 1243.0
OX637752.1 474000000 474500000 1243.0
OX637752.1 474500000 475000000 1242.32504
OX637752.1 475000000 475500000 1240.30117
OX637752.1 475500000 476000000 1238.58759
OX637752.1 476000000 476500000 1236.19239
OX637752.1 476500000 477000000 1232.37861
OX637752.1 477000000 477500000 1231.49481
OX637752.1 477500000 478000000 1231.0
OX637752.1 478000000 478500000 1229.77584
OX637752.1 478500000 479000000 1228.82841
OX637752.1 479000000 479500000 1226.85416
OX637752.1 479500000 480000000 1225.91005
OX637752.1 480000000 480500000 1222.92871
OX637752.1 480500000 481000000 1221.49702
OX637752.1 481000000 481500000 1219.03468
OX637752.1 481500000 482000000 1218.21991
OX637752.1 482000000 482500000 1218.0
OX637752.1 482500000 483000000 1217.72737
OX637752.1 483000000 483500000 1217.0
OX637752.1 483500000 484000000 1217.00018
OX637752.1 484000000 484500000 1214.72063
OX637752.1 484500000 485000000 1213.0
OX637752.1 485000000 485500000 1212.82379
OX637752.1 485500000 486000000 1212.0
OX637752.1 486000000 486500000 1211.14968
OX637752.1 486500000 487000000 1210.2558
OX637752.1 487000000 487500000 1209.05666
OX637752.1 487500000 488000000 1207.0774
OX637752.1 488000000 488500000 1206.16001
OX637752.1 488500000 489000000 1206.0
OX637752.1 489000000 489500000 1205.44183
OX637752.1 489500000 490000000 1205.0
OX637752.1 490000000 490500000 1205.0
OX637752.1 490500000 491000000 1205.00951
OX637752.1 491000000 491500000 1206.0
OX637752.1 491500000 492000000 1205.03529
OX637752.1 492000000 492500000 1203.70379
OX637752.1 492500000 493000000 1202.55435
OX637752.1 493000000 493500000 1200.30617
OX637752.1 493500000 494000000 1197.71061
OX637752.1 494000000 494500000 1197.0
OX637752.1 494500000 495000000 1197.0
OX637752.1 495000000 495500000 1196.36487
OX637752.1 495500000 496000000 1194.55161
OX637752.1 496000000 496500000 1193.56659
OX637752.1 496500000 497000000 1192.02776
OX637752.1 497000000 497500000 1190.18211
OX637752.1 497500000 498000000 1189.95273
OX637752.1 498000000 498500000 1187.20871
OX637752.1 498500000 499000000 1187.0
OX637752.1 499000000 499500000 1182.80188
OX637752.1 499500000 500000000 1181.0
OX637752.1 500000000 500500000 1180.30347
OX637752.1 500500000 501000000 1178.03628
OX637752.1 501000000 501500000 1175.39141
OX637752.1 501500000 502000000 1172.36567
OX637752.1 502000000 502500000 1168.2767
OX637752.1 502500000 503000000 1164.81153
OX637752.1 503000000 503500000 1163.82222
OX637752.1 503500000 504000000 1162.50238
OX637752.1 504000000 504500000 1162.0
OX637752.1 504500000 505000000 1162.00361
OX637752.1 505000000 505500000 1162.0
OX637752.1 505500000 506000000 1162.0
OX637752.1 506000000 506500000 1157.48984
OX637752.1 506500000 507000000 1155.0
OX637752.1 507000000 507500000 1154.38844
OX637752.1 507500000 508000000 1152.28842
OX637752.1 508000000 508500000 1151.13999
OX637752.1 508500000 509000000 1148.9466
OX637752.1 509000000 509500000 1146.29781
OX637752.1 509500000 510000000 1145.95222
OX637752.1 510000000 510500000 1141.19082
OX637752.1 510500000 511000000 1140.18297
OX637752.1 511000000 511500000 1138.83354
OX637752.1 511500000 512000000 1137.0
OX637752.1 512000000 512500000 1137.0
OX637752.1 512500000 513000000 1136.56017
OX637752.1 513000000 513500000 1135.66884
OX637752.1 513500000 514000000 1133.16297
OX637752.1 514000000 514500000 1130.04271
OX637752.1 514500000 515000000 1127.63684
OX637752.1 515000000 515500000 1126.0
OX637752.1 515500000 516000000 1122.90131
OX637752.1 516000000 516500000 1121.90121
OX637752.1 516500000 517000000 1119.55252
OX637752.1 517000000 517500000 1114.81198
OX637752.1 517500000 518000000 1108.80607
OX637752.1 518000000 518500000 1106.0
OX637752.1 518500000 519000000 1103.29468
OX637752.1 519000000 519500000 1099.82769
OX637752.1 519500000 520000000 1095.35636
OX637752.1 520000000 520500000 1093.46018
OX637752.1 520500000 521000000 1090.41103
OX637752.1 521000000 521500000 1088.86991
OX637752.1 521500000 522000000 1086.09555
OX637752.1 522000000 522500000 1081.43943
OX637752.1 522500000 523000000 1079.06049
OX637752.1 523000000 523500000 1075.67055
OX637752.1 523500000 524000000 1072.62127
OX637752.1 524000000 524500000 1069.53619
OX637752.1 524500000 525000000 1065.49355
OX637752.1 525000000 525500000 1063.63299
OX637752.1 525500000 526000000 1062.04436
OX637752.1 526000000 526500000 1061.46308
OX637752.1 526500000 527000000 1059.6691
OX637752.1 527000000 527500000 1057.49912
OX637752.1 527500000 528000000 1056.16596
OX637752.1 528000000 528500000 1051.3575
OX637752.1 528500000 529000000 1047.41371
OX637752.1 529000000 529500000 1042.42565
OX637752.1 529500000 530000000 1037.4754
OX637752.1 530000000 530500000 1027.49403
OX637752.1 530500000 531000000 1019.75416
OX637752.1 531000000 531500000 1012.42685
OX637752.1 531500000 532000000 1008.48281
OX637752.1 532000000 532500000 1004.8049
OX637752.1 532500000 533000000 998.82733
OX637752.1 533000000 533500000 996.21908
OX637752.1 533500000 534000000 992.16501
OX637752.1 534000000 534500000 983.41676
OX637752.1 534500000 535000000 977.21617
OX637752.1 535000000 535500000 970.83582
OX637752.1 535500000 536000000 966.90575
OX637752.1 536000000 536500000 961.0998
OX637752.1 536500000 537000000 956.36671
OX637752.1 537000000 537500000 947.86202
OX637752.1 537500000 538000000 938.77132
OX637752.1 538000000 538500000 933.03585
OX637752.1 538500000 539000000 922.10824
OX637752.1 539000000 539500000 908.49511
OX637752.1 539500000 540000000 902.0
OX637752.1 540000000 540500000 889.42514
OX637752.1 540500000 541000000 876.98166
OX637752.1 541000000 541500000 871.17155
OX637752.1 541500000 542000000 863.9569
OX637752.1 542000000 542500000 856.14106
OX637752.1 542500000 543000000 844.08888
OX637752.1 543000000 543500000 835.55279
OX637752.1 543500000 544000000 820.54484
OX637752.1 544000000 544500000 801.84713
OX637752.1 544500000 545000000 787.66648
OX637752.1 545000000 545500000 771.18187
OX637752.1 545500000 546000000 750.74232
OX637752.1 546000000 546500000 722.67589
OX637752.1 546500000 547000000 696.49653
OX637752.1 547000000 547500000 679.17873
OX637752.1 547500000 548000000 653.36948
OX637752.1 548000000 548500000 634.14135
OX637752.1 548500000 549000000 609.37005
OX637752.1 549000000 549500000 604.0
OX637752.1 549500000 550000000 596.39427
OX637752.1 550000000 550500000 564.71756
OX637752.1 550500000 551000000 525.74121
OX637752.1 551000000 551500000 487.83122
OX637752.1 551500000 552000000 462.18733
OX637752.1 552000000 552500000 415.24986
OX637752.1 552500000 553000000 377.00446
OX637752.1 553000000 553500000 354.2731
OX637752.1 553500000 554000000 334.8908
OX637752.1 554000000 554500000 301.45289
OX637752.1 554500000 555000000 257.28604
OX637752.1 555000000 555500000 221.44482
OX637752.1 555500000 556000000 183.54406
OX637752.1 556000000 556500000 95.20212
OX637752.1 556500000 557000000 71.0
OX637752.1 557000000 557500000 71.0
OX637752.1 557500000 558000000 68.13109
OX637752.1 558000000 558500000 9.48548
OX637752.1 558500000 559000000 2.0
OX637752.1 559000000 559500000 1.77436
OX637752.1 559500000 559573494 0.69495
OX637759.1 0 500000 20.74738
OX637759.1 500000 1000000 63.05563
OX637759.1 1000000 1500000 117.81697
OX637759.1 1500000 2000000 154.36154
OX637759.1 2000000 2500000 183.21879
OX637759.1 2500000 3000000 217.24341
OX637759.1 3000000 3500000 266.25268
OX637759.1 3500000 4000000 303.8138
OX637759.1 4000000 4500000 355.17519
OX637759.1 4500000 5000000 392.16228
OX637759.1 5000000 5500000 428.82495
OX637759.1 5500000 6000000 459.05745
OX637759.1 6000000 6500000 484.1485
OX637759.1 6500000 7000000 521.14946
OX637759.1 7000000 7500000 548.93618
OX637759.1 7500000 8000000 565.60319
OX637759.1 8000000 8500000 594.77973
OX637759.1 8500000 9000000 611.57928
OX637759.1 9000000 9500000 639.20618
OX637759.1 9500000 10000000 657.0864
OX637759.1 10000000 10500000 680.75936
OX637759.1 10500000 11000000 703.50921
OX637759.1 11000000 11500000 725.2918
OX637759.1 11500000 12000000 751.22616
OX637759.1 12000000 12500000 766.32085
OX637759.1 12500000 13000000 778.77598
OX637759.1 13000000 13500000 791.08839
OX637759.1 13500000 14000000 810.89407
OX637759.1 14000000 14500000 825.38416
OX637759.1 14500000 15000000 839.28985
OX637759.1 15000000 15500000 852.99297
OX637759.1 15500000 16000000 864.498
OX637759.1 16000000 16500000 876.63456
OX637759.1 16500000 17000000 890.71154
OX637759.1 17000000 17500000 900.57105
OX637759.1 17500000 18000000 919.16999
OX637759.1 18000000 18500000 933.8566
OX637759.1 18500000 19000000 948.40877
OX637759.1 19000000 19500000 958.00009
OX637759.1 19500000 20000000 967.50529
OX637759.1 20000000 20500000 978.87589
OX637759.1 20500000 21000000 988.0252
OX637759.1 21000000 21500000 995.87611
OX637759.1 21500000 22000000 1003.95103
OX637759.1 22000000 22500000 1015.8516
OX637759.1 22500000 23000000 1027.05772
OX637759.1 23000000 23500000 1036.1519
OX637759.1 23500000 24000000 1045.46889
OX637759.1 24000000 24500000 1048.38907
OX637759.1 24500000 25000000 1051.69114
OX637759.1 25000000 25500000 1059.06908
OX637759.1 25500000 26000000 1071.28088
OX637759.1 26000000 26500000 1075.1676
OX637759.1 26500000 27000000 1078.88955
OX637759.1 27000000 27500000 1085.2108
OX637759.1 27500000 28000000 1093.35478
OX637759.1 28000000 28500000 1096.31002
OX637759.1 28500000 29000000 1099.58662
OX637759.1 29000000 29500000 1103.31509
OX637759.1 29500000 30000000 1105.77519
OX637759.1 30000000 30500000 1110.33143
OX637759.1 30500000 31000000 1115.92051
OX637759.1 31000000 31500000 1120.33774
OX637759.1 31500000 32000000 1124.83781
OX637759.1 32000000 32500000 1128.51738
OX637759.1 32500000 33000000 1134.79451
OX637759.1 33000000 33500000 1137.38333
OX637759.1 33500000 34000000 1140.93392
OX637759.1 34000000 34500000 1146.39809
OX637759.1 34500000 35000000 1151.18272
OX637759.1 35000000 35500000 1153.00789
OX637759.1 35500000 36000000 1156.18217
OX637759.1 36000000 36500000 1158.73983
OX637759.1 36500000 37000000 1161.22848
OX637759.1 37000000 37500000 1162.9716
OX637759.1 37500000 38000000 1165.63986
OX637759.1 38000000 38500000 1168.3124
OX637759.1 38500000 39000000 1170.19807
OX637759.1 39000000 39500000 1172.00126
OX637759.1 39500000 40000000 1175.0012
OX637759.1 40000000 40500000 1179.56258
OX637759.1 40500000 41000000 1181.15412
OX637759.1 41000000 41500000 1185.5271
OX637759.1 41500000 42000000 1188.33306
OX637759.1 42000000 42500000 1190.0744
OX637759.1 42500000 43000000 1192.55122
OX637759.1 43000000 43500000 1194.04869
OX637759.1 43500000 44000000 1200.33577
OX637759.1 44000000 44500000 1203.10105
OX637759.1 44500000 45000000 1204.83583
OX637759.1 45000000 45500000 1207.43413
OX637759.1 45500000 46000000 1209.1509
OX637759.1 46000000 46500000 1213.30672
OX637759.1 46500000 47000000 1216.75938
OX637759.1 47000000 47500000 1219.93308
OX637759.1 47500000 48000000 1224.49607
OX637759.1 48000000 48500000 1227.39001
OX637759.1 48500000 49000000 1230.47067
OX637759.1 49000000 49500000 1233.50493
OX637759.1 49500000 50000000 1235.0
OX637759.1 50000000 50500000 1235.0
OX637759.1 50500000 51000000 1235.0
OX637759.1 51000000 51500000 1235.0
OX637759.1 51500000 52000000 1235.0
OX637759.1 52000000 52500000 1235.10539
OX637759.1 52500000 53000000 1236.56057
OX637759.1 53000000 53500000 1240.23447
OX637759.1 53500000 54000000 1243.29661
OX637759.1 54000000 54500000 1247.2625
OX637759.1 54500000 55000000 1250.40948
OX637759.1 55000000 55500000 1251.0
OX637759.1 55500000 56000000 1251.00689
OX637759.1 56000000 56500000 1253.28626
OX637759.1 56500000 57000000 1256.96453
OX637759.1 57000000 57500000 1262.96617
OX637759.1 57500000 58000000 1265.83282
OX637759.1 58000000 58500000 1268.97879
OX637759.1 58500000 59000000 1274.00242
OX637759.1 59000000 59500000 1277.71885
OX637759.1 59500000 60000000 1279.00497
OX637759.1 60000000 60500000 1279.45252
OX637759.1 60500000 61000000 1280.92397
OX637759.1 61000000 61500000 1281.33379
OX637759.1 61500000 62000000 1282.32761
OX637759.1 62000000 62500000 1283.32801
OX637759.1 62500000 63000000 1284.97432
OX637759.1 63000000 63500000 1285.27633
OX637759.1 63500000 64000000 1287.73444
OX637759.1 64000000 64500000 1289.15207
OX637759.1 64500000 65000000 1291.48105
OX637759.1 65000000 65500000 1292.15598
OX637759.1 65500000 66000000 1293.95453
OX637759.1 66000000 66500000 1294.0
OX637759.1 66500000 67000000 1294.0
OX637759.1 67000000 67500000 1294.0
OX637759.1 67500000 68000000 1294.20833
OX637759.1 68000000 68500000 1295.00164
OX637759.1 68500000 69000000 1295.0
OX637759.1 69000000 69500000 1297.9561
OX637759.1 69500000 70000000 1300.46041
OX637759.1 70000000 70500000 1301.17933
OX637759.1 70500000 71000000 1303.16277
OX637759.1 71000000 71500000 1305.0
OX637759.1 71500000 72000000 1306.75844
OX637759.1 72000000 72500000 1308.43773
OX637759.1 72500000 73000000 1310.44411
OX637759.1 73000000 73500000 1311.03858
OX637759.1 73500000 74000000 1313.1781
OX637759.1 74000000 74500000 1314.53324
OX637759.1 74500000 75000000 1317.3463
OX637759.1 75000000 75500000 1319.60056
OX637759.1 75500000 76000000 1322.83054
OX637759.1 76000000 76500000 1323.08623
OX637759.1 76500000 77000000 1324.0
OX637759.1 77000000 77500000 1324.0
OX637759.1 77500000 78000000 1324.65267
OX637759.1 78000000 78500000 1325.34999
OX637759.1 78500000 79000000 1327.2384
OX637759.1 79000000 79500000 1328.77902
OX637759.1 79500000 80000000 1329.0
OX637759.1 80000000 80500000 1329.91333
OX637759.1 80500000 81000000 1331.84825
OX637759.1 81000000 81500000 1334.22073
OX637759.1 81500000 82000000 1335.0
OX637759.1 82000000 82500000 1335.0
OX637759.1 82500000 83000000 1335.0
OX637759.1 83000000 83500000 1335.63659
OX637759.1 83500000 84000000 1336.70987
OX637759.1 84000000 84500000 1338.0
OX637759.1 84500000 85000000 1339.6189
OX637759.1 85000000 85500000 1342.00264
OX637759.1 85500000 86000000 1342.00258
OX637759.1 86000000 86500000 1343.0673
OX637759.1 86500000 87000000 1345.16968
OX637759.1 87000000 87500000 1345.0
OX637759.1 87500000 88000000 1345.0
OX637759.1 88000000 88500000 1346.11219
OX637759.1 88500000 89000000 1348.0
OX637759.1 89000000 89500000 1348.00573
OX637759.1 89500000 90000000 1348.82908
OX637759.1 90000000 90500000 1349.0
OX637759.1 90500000 91000000 1349.06545
OX637759.1 91000000 91500000 1350.00884
OX637759.1 91500000 92000000 1350.54651
OX637759.1 92000000 92500000 1351.0
OX637759.1 92500000 93000000 1351.0
OX637759.1 93000000 93500000 1351.2956
OX637759.1 93500000 94000000 1351.97521
OX637759.1 94000000 94500000 1354.08738
OX637759.1 94500000 95000000 1355.1628
OX637759.1 95000000 95500000 1356.73478
OX637759.1 95500000 96000000 1358.00523
OX637759.1 96000000 96500000 1358.00416
OX637759.1 96500000 97000000 1358.00473
OX637759.1 97000000 97500000 1358.0
OX637759.1 97500000 98000000 1358.29791
OX637759.1 98000000 98500000 1359.54313
OX637759.1 98500000 99000000 1361.0
OX637759.1 99000000 99500000 1361.1089
OX637759.1 99500000 100000000 1362.43591
OX637759.1 100000000 100500000 1363.90607
OX637759.1 100500000 101000000 1364.03522
OX637759.1 101000000 101500000 1364.0
OX637759.1 101500000 102000000 1364.0
OX637759.1 102000000 102500000 1364.33591
OX637759.1 102500000 103000000 1365.00793
OX637759.1 103000000 103500000 1365.09719
OX637759.1 103500000 104000000 1366.25996
OX637759.1 104000000 104500000 1368.0
OX637759.1 104500000 105000000 1369.26679
OX637759.1 105000000 105500000 1369.99231
OX637759.1 105500000 106000000 1369.90185
OX637759.1 106000000 106500000 1371.69389
OX637759.1 106500000 107000000 1372.35243
OX637759.1 107000000 107500000 1373.00666
OX637759.1 107500000 108000000 1373.01323
OX637759.1 108000000 108500000 1373.0
OX637759.1 108500000 109000000 1373.0
OX637759.1 109000000 109500000 1373.0
OX637759.1 109500000 110000000 1373.0
OX637759.1 110000000 110500000 1373.4794
OX637759.1 110500000 111000000 1373.0
OX637759.1 111000000 111500000 1373.12756
OX637759.1 111500000 112000000 1374.00618
OX637759.1 112000000 112500000 1374.0
OX637759.1 112500000 113000000 1374.0
OX637759.1 113000000 113500000 1374.0
OX637759.1 113500000 114000000 1374.0
OX637759.1 114000000 114500000 1373.96221
OX637759.1 114500000 115000000 1373.81593
OX637759.1 115000000 115500000 1374.0
OX637759.1 115500000 116000000 1374.0
OX637759.1 116000000 116500000 1374.0
OX637759.1 116500000 117000000 1374.00211
OX637759.1 117000000 117500000 1375.69589
OX637759.1 117500000 118000000 1377.80812
OX637759.1 118000000 118500000 1378.0
OX637759.1 118500000 119000000 1378.73353
OX637759.1 119000000 119500000 1379.00603
OX637759.1 119500000 120000000 1379.0
OX637759.1 120000000 120500000 1379.00315
OX637759.1 120500000 121000000 1379.00387
OX637759.1 121000000 121500000 1380.30087
OX637759.1 121500000 122000000 1382.01861
OX637759.1 122000000 122500000 1382.0
OX637759.1 122500000 123000000 1382.47237
OX637759.1 123000000 123500000 1383.37708
OX637759.1 123500000 124000000 1384.55368
OX637759.1 124000000 124500000 1385.08504
OX637759.1 124500000 125000000 1386.40787
OX637759.1 125000000 125500000 1387.0
OX637759.1 125500000 126000000 1387.0
OX637759.1 126000000 126500000 1386.57314
OX637759.1 126500000 127000000 1387.0
OX637759.1 127000000 127500000 1387.4967
OX637759.1 127500000 128000000 1388.0
OX637759.1 128000000 128500000 1388.34126
OX637759.1 128500000 129000000 1389.0
OX637759.1 129000000 129500000 1389.0
OX637759.1 129500000 130000000 1388.78467
OX637759.1 130000000 130500000 1389.15351
OX637759.1 130500000 131000000 1390.81847
OX637759.1 131000000 131500000 1391.75604
OX637759.1 131500000 132000000 1392.85684
OX637759.1 132000000 132500000 1393.97921
OX637759.1 132500000 133000000 1394.00359
OX637759.1 133000000 133500000 1394.0
OX637759.1 133500000 134000000 1394.0
OX637759.1 134000000 134500000 1394.76341
OX637759.1 134500000 135000000 1395.00218
OX637759.1 135000000 135500000 1395.0
OX637759.1 135500000 136000000 1395.90498
OX637759.1 136000000 136500000 1396.76495
OX637759.1 136500000 137000000 1397.0
OX637759.1 137000000 137500000 1397.0
OX637759.1 137500000 138000000 1396.16992
OX637759.1 138000000 138500000 1396.30367
OX637759.1 138500000 139000000 1397.0
OX637759.1 139000000 139500000 1396.473
OX637759.1 139500000 140000000 1398.57047
OX637759.1 140000000 140500000 1400.66069
OX637759.1 140500000 141000000 1402.0
OX637759.1 141000000 141500000 1402.00675
OX637759.1 141500000 142000000 1402.0
OX637759.1 142000000 142500000 1402.0
OX637759.1 142500000 143000000 1402.0
OX637759.1 143000000 143500000 1402.0
OX637759.1 143500000 144000000 1402.13074
OX637759.1 144000000 144500000 1403.0
OX637759.1 144500000 145000000 1403.0
OX637759.1 145000000 145500000 1403.76651
OX637759.1 145500000 146000000 1404.0
OX637759.1 146000000 146500000 1404.0
OX637759.1 146500000 147000000 1404.0
OX637759.1 147000000 147500000 1404.0
OX637759.1 147500000 148000000 1404.0
OX637759.1 148000000 148500000 1404.58634
OX637759.1 148500000 149000000 1406.0
OX637759.1 149000000 149500000 1406.0
OX637759.1 149500000 150000000 1406.0
OX637759.1 150000000 150500000 1405.40306
OX637759.1 150500000 151000000 1405.0
OX637759.1 151000000 151500000 1405.0
OX637759.1 151500000 152000000 1405.01875
OX637759.1 152000000 152500000 1406.0
OX637759.1 152500000 153000000 1406.0
OX637759.1 153000000 153500000 1406.0
OX637759.1 153500000 154000000 1406.55397
OX637759.1 154000000 154500000 1407.0
OX637759.1 154500000 155000000 1407.0
OX637759.1 155000000 155500000 1406.48763
OX637759.1 155500000 156000000 1406.0
OX637759.1 156000000 156500000 1406.0
OX637759.1 156500000 157000000 1406.73162
OX637759.1 157000000 157500000 1407.0
OX637759.1 157500000 158000000 1407.0
OX637759.1 158000000 158500000 1407.0
OX637759.1 158500000 159000000 1407.0
OX637759.1 159000000 159500000 1407.0
OX637759.1 159500000 160000000 1407.64763
OX637759.1 160000000 160500000 1408.00626
OX637759.1 160500000 161000000 1408.0
OX637759.1 161000000 161500000 1407.69497
OX637759.1 161500000 162000000 1407.56383
OX637759.1 162000000 162500000 1408.0
OX637759.1 162500000 163000000 1408.0
OX637759.1 163000000 163500000 1408.0
OX637759.1 163500000 164000000 1408.0
OX637759.1 164000000 164500000 1408.0
OX637759.1 164500000 165000000 1408.0
OX637759.1 165000000 165500000 1407.54662
OX637759.1 165500000 166000000 1407.0
OX637759.1 166000000 166500000 1407.00336
OX637759.1 166500000 167000000 1407.0
OX637759.1 167000000 167500000 1407.14871
OX637759.1 167500000 168000000 1408.98459
OX637759.1 168000000 168500000 1409.05359
OX637759.1 168500000 169000000 1410.98092
OX637759.1 169000000 169500000 1411.0
OX637759.1 169500000 170000000 1411.0
OX637759.1 170000000 170500000 1411.0
OX637759.1 170500000 171000000 1411.46276
OX637759.1 171000000 171500000 1411.17738
OX637759.1 171500000 172000000 1411.30257
OX637759.1 172000000 172500000 1412.22151
OX637759.1 172500000 173000000 1413.0
OX637759.1 173000000 173500000 1412.61461
OX637759.1 173500000 174000000 1412.0
OX637759.1 174000000 174500000 1412.51675
OX637759.1 174500000 175000000 1413.0
OX637759.1 175000000 175500000 1413.0
OX637759.1 175500000 176000000 1413.0
OX637759.1 176000000 176500000 1413.0
OX637759.1 176500000 177000000 1413.0
OX637759.1 177000000 177500000 1413.98619
OX637759.1 177500000 178000000 1414.0
OX637759.1 178000000 178500000 1413.14267
OX637759.1 178500000 179000000 1413.0
OX637759.1 179000000 179500000 1413.0
OX637759.1 179500000 180000000 1413.00186
OX637759.1 180000000 180500000 1414.0
OX637759.1 180500000 181000000 1414.0
OX637759.1 181000000 181500000 1414.13241
OX637759.1 181500000 182000000 1414.23967
OX637759.1 182000000 182500000 1413.81607
OX637759.1 182500000 183000000 1413.00531
OX637759.1 183000000 183500000 1413.0
OX637759.1 183500000 184000000 1413.89359
OX637759.1 184000000 184500000 1414.17887
OX637759.1 184500000 185000000 1415.0
OX637759.1 185000000 185500000 1415.0
OX637759.1 185500000 186000000 1415.10353
OX637759.1 186000000 186500000 1416.0
OX637759.1 186500000 187000000 1416.0
OX637759.1 187000000 187500000 1416.0
OX637759.1 187500000 188000000 1416.0
OX637759.1 188000000 188500000 1416.5848
OX637759.1 188500000 189000000 1417.00312
OX637759.1 189000000 189500000 1417.0
OX637759.1 189500000 190000000 1417.0
OX637759.1 190000000 190500000 1417.89443
OX637759.1 190500000 191000000 1418.0
OX637759.1 191000000 191500000 1417.28784
OX637759.1 191500000 192000000 1417.0
OX637759.1 192000000 192500000 1417.0
OX637759.1 192500000 193000000 1417.0
OX637759.1 193000000 193500000 1417.0
OX637759.1 193500000 194000000 1417.99431
OX637759.1 194000000 194500000 1418.0
OX637759.1 194500000 195000000 1418.0
OX637759.1 195000000 195500000 1418.74144
OX637759.1 195500000 196000000 1419.0
OX637759.1 196000000 196500000 1419.00194
OX637759.1 196500000 197000000 1419.0
OX637759.1 197000000 197500000 1419.52685
OX637759.1 197500000 198000000 1420.0
OX637759.1 198000000 198500000 1420.0
OX637759.1 198500000 199000000 1420.0
OX637759.1 199000000 199500000 1420.0
OX637759.1 199500000 200000000 1420.0
OX637759.1 200000000 200500000 1420.0
OX637759.1 200500000 201000000 1419.48412
OX637759.1 201000000 201500000 1418.9372
OX637759.1 201500000 202000000 1418.00899
OX637759.1 202000000 202500000 1418.0
OX637759.1 202500000 203000000 1418.0
OX637759.1 203000000 203500000 1417.95694
OX637759.1 203500000 204000000 1417.0
OX637759.1 204000000 204500000 1417.0
OX637759.1 204500000 205000000 1417.0
OX637759.1 205000000 205500000 1417.0
OX637759.1 205500000 206000000 1417.0
OX637759.1 206000000 206500000 1417.56302
OX637759.1 206500000 207000000 1418.0
OX637759.1 207000000 207500000 1417.63024
OX637759.1 207500000 208000000 1417.0
OX637759.1 208000000 208500000 1417.0
OX637759.1 208500000 209000000 1416.45922
OX637759.1 209000000 209500000 1416.00306
OX637759.1 209500000 210000000 1416.0
OX637759.1 210000000 210500000 1416.0
OX637759.1 210500000 211000000 1416.0
OX637759.1 211000000 211500000 1415.30869
OX637759.1 211500000 212000000 1415.0
OX637759.1 212000000 212500000 1415.0
OX637759.1 212500000 213000000 1415.77974
OX637759.1 213000000 213500000 1416.0
OX637759.1 213500000 214000000 1415.94856
OX637759.1 214000000 214500000 1415.00786
OX637759.1 214500000 215000000 1415.0
OX637759.1 215000000 215500000 1415.85783
OX637759.1 215500000 216000000 1416.0
OX637759.1 216000000 216500000 1416.0
OX637759.1 216500000 217000000 1415.91637
OX637759.1 217000000 217500000 1415.0
OX637759.1 217500000 218000000 1415.0
OX637759.1 218000000 218500000 1415.0
OX637759.1 218500000 219000000 1415.0
OX637759.1 219000000 219500000 1415.55275
OX637759.1 219500000 220000000 1416.0
OX637759.1 220000000 220500000 1416.0
OX637759.1 220500000 221000000 1416.0
OX637759.1 221000000 221500000 1416.0
OX637759.1 221500000 222000000 1415.76173
OX637759.1 222000000 222500000 1415.0
OX637759.1 222500000 223000000 1415.82974
OX637759.1 223000000 223500000 1416.0
OX637759.1 223500000 224000000 1416.0
OX637759.1 224000000 224500000 1415.37872
OX637759.1 224500000 225000000 1415.0
OX637759.1 225000000 225500000 1415.00691
OX637759.1 225500000 226000000 1415.00764
OX637759.1 226000000 226500000 1415.0
OX637759.1 226500000 227000000 1414.29697
OX637759.1 227000000 227500000 1414.0
OX637759.1 227500000 228000000 1414.0
OX637759.1 228000000 228500000 1414.0
OX637759.1 228500000 229000000 1414.35824
OX637759.1 229000000 229500000 1415.0
OX637759.1 229500000 230000000 1415.65306
OX637759.1 230000000 230500000 1416.0
OX637759.1 230500000 231000000 1416.00157
OX637759.1 231000000 231500000 1416.0
OX637759.1 231500000 232000000 1416.0
OX637759.1 232000000 232500000 1416.0
OX637759.1 232500000 233000000 1416.0
OX637759.1 233000000 233500000 1416.6132
OX637759.1 233500000 234000000 1417.0
OX637759.1 234000000 234500000 1417.0
OX637759.1 234500000 235000000 1417.0
OX637759.1 235000000 235500000 1416.28697
OX637759.1 235500000 236000000 1415.71184
OX637759.1 236000000 236500000 1415.0
OX637759.1 236500000 237000000 1415.0
OX637759.1 237000000 237500000 1415.0
OX637759.1 237500000 238000000 1415.0
OX637759.1 238000000 238500000 1415.0
OX637759.1 238500000 239000000 1415.0
OX637759.1 239000000 239500000 1414.75064
OX637759.1 239500000 240000000 1414.0
OX637759.1 240000000 240500000 1414.0
OX637759.1 240500000 241000000 1414.86804
OX637759.1 241000000 241500000 1415.00205
OX637759.1 241500000 242000000 1415.00205
OX637759.1 242000000 242500000 1414.86416
OX637759.1 242500000 243000000 1414.22192
OX637759.1 243000000 243500000 1415.0
OX637759.1 243500000 244000000 1415.00714
OX637759.1 244000000 244500000 1414.17653
OX637759.1 244500000 245000000 1414.6726
OX637759.1 245000000 245500000 1415.0
OX637759.1 245500000 246000000 1415.0
OX637759.1 246000000 246500000 1415.0
OX637759.1 246500000 247000000 1415.0
OX637759.1 247000000 247500000 1415.0
OX637759.1 247500000 248000000 1415.0
OX637759.1 248000000 248500000 1415.00466
OX637759.1 248500000 249000000 1415.00193
OX637759.1 249000000 249500000 1414.82585
OX637759.1 249500000 250000000 1414.0
OX637759.1 250000000 250500000 1414.0
OX637759.1 250500000 251000000 1414.0
OX637759.1 251000000 251500000 1414.00386
OX637759.1 251500000 252000000 1414.0
OX637759.1 252000000 252500000 1414.0
OX637759.1 252500000 253000000 1414.03923
OX637759.1 253000000 253500000 1415.0
OX637759.1 253500000 254000000 1415.0
OX637759.1 254000000 254500000 1414.70471
OX637759.1 254500000 255000000 1414.0
OX637759.1 255000000 255500000 1414.0
OX637759.1 255500000 256000000 1413.5307
OX637759.1 256000000 256500000 1412.0
OX637759.1 256500000 257000000 1411.22408
OX637759.1 257000000 257500000 1410.00565
OX637759.1 257500000 258000000 1410.0
OX637759.1 258000000 258500000 1409.67323
OX637759.1 258500000 259000000 1409.0
OX637759.1 259000000 259500000 1409.0
OX637759.1 259500000 260000000 1409.0
OX637759.1 260000000 260500000 1409.0
OX637759.1 260500000 261000000 1408.98086
OX637759.1 261000000 261500000 1407.55936
OX637759.1 261500000 262000000 1407.0
OX637759.1 262000000 262500000 1407.0
OX637759.1 262500000 263000000 1407.0
OX637759.1 263000000 263500000 1407.0
OX637759.1 263500000 264000000 1407.0
OX637759.1 264000000 264500000 1407.0
OX637759.1 264500000 265000000 1407.84634
OX637759.1 265000000 265500000 1408.0
OX637759.1 265500000 266000000 1408.00234
OX637759.1 266000000 266500000 1408.0
OX637759.1 266500000 267000000 1408.0
OX637759.1 267000000 267500000 1407.62489
OX637759.1 267500000 268000000 1407.0
OX637759.1 268000000 268500000 1407.0
OX637759.1 268500000 269000000 1407.15125
OX637759.1 269000000 269500000 1408.00698
OX637759.1 269500000 270000000 1408.0
OX637759.1 270000000 270500000 1408.0
OX637759.1 270500000 271000000 1408.0
OX637759.1 271000000 271500000 1408.00548
OX637759.1 271500000 272000000 1408.0
OX637759.1 272000000 272500000 1408.0
OX637759.1 272500000 273000000 1407.62201
OX637759.1 273000000 273500000 1407.00209
OX637759.1 273500000 274000000 1407.0
OX637759.1 274000000 274500000 1407.00149
OX637759.1 274500000 275000000 1407.0
OX637759.1 275000000 275500000 1406.13321
OX637759.1 275500000 276000000 1404.66443
OX637759.1 276000000 276500000 1404.00198
OX637759.1 276500000 277000000 1404.0
OX637759.1 277000000 277500000 1404.0
OX637759.1 277500000 278000000 1404.0
OX637759.1 278000000 278500000 1404.0
OX637759.1 278500000 279000000 1404.0
OX637759.1 279000000 279500000 1404.1453
OX637759.1 279500000 280000000 1402.54617
OX637759.1 280000000 280500000 1402.00179
OX637759.1 280500000 281000000 1402.0
OX637759.1 281000000 281500000 1402.0
OX637759.1 281500000 282000000 1402.0
OX637759.1 282000000 282500000 1402.0
OX637759.1 282500000 283000000 1402.0
OX637759.1 283000000 283500000 1402.00987
OX637759.1 283500000 284000000 1402.0
OX637759.1 284000000 284500000 1402.0
OX637759.1 284500000 285000000 1402.0
OX637759.1 285000000 285500000 1402.0
OX637759.1 285500000 286000000 1402.0
OX637759.1 286000000 286500000 1402.0
OX637759.1 286500000 287000000 1402.0
OX637759.1 287000000 287500000 1402.0
OX637759.1 287500000 288000000 1402.0
OX637759.1 288000000 288500000 1402.00233
OX637759.1 288500000 289000000 1402.0
OX637759.1 289000000 289500000 1402.0
OX637759.1 289500000 290000000 1402.0
OX637759.1 290000000 290500000 1402.0
OX637759.1 290500000 291000000 1402.90948
OX637759.1 291000000 291500000 1402.19495
OX637759.1 291500000 292000000 1402.86086
OX637759.1 292000000 292500000 1403.0
OX637759.1 292500000 293000000 1403.0
OX637759.1 293000000 293500000 1403.0
OX637759.1 293500000 294000000 1403.00736
OX637759.1 294000000 294500000 1403.0
OX637759.1 294500000 295000000 1402.9522
OX637759.1 295000000 295500000 1402.0
OX637759.1 295500000 296000000 1402.0
OX637759.1 296000000 296500000 1402.0
OX637759.1 296500000 297000000 1401.89327
OX637759.1 297000000 297500000 1401.0
OX637759.1 297500000 298000000 1401.0
OX637759.1 298000000 298500000 1400.18418
OX637759.1 298500000 299000000 1400.0
OX637759.1 299000000 299500000 1400.008
OX637759.1 299500000 300000000 1399.79975
OX637759.1 300000000 300500000 1398.10298
OX637759.1 300500000 301000000 1398.0
OX637759.1 301000000 301500000 1398.0
OX637759.1 301500000 302000000 1397.34283
OX637759.1 302000000 302500000 1397.0
OX637759.1 302500000 303000000 1396.21128
OX637759.1 303000000 303500000 1396.0
OX637759.1 303500000 304000000 1396.0
OX637759.1 304000000 304500000 1396.00674
OX637759.1 304500000 305000000 1396.0
OX637759.1 305000000 305500000 1396.0
OX637759.1 305500000 306000000 1396.81317
OX637759.1 306000000 306500000 1396.28803
OX637759.1 306500000 307000000 1395.32784
OX637759.1 307000000 307500000 1394.91847
OX637759.1 307500000 308000000 1392.60146
OX637759.1 308000000 308500000 1391.10062
OX637759.1 308500000 309000000 1391.0
OX637759.1 309000000 309500000 1390.65735
OX637759.1 309500000 310000000 1388.72383
OX637759.1 310000000 310500000 1388.0
OX637759.1 310500000 311000000 1388.0
OX637759.1 311000000 311500000 1388.00236
OX637759.1 311500000 312000000 1387.92331
OX637759.1 312000000 312500000 1387.0
OX637759.1 312500000 313000000 1387.0
OX637759.1 313000000 313500000 1387.0
OX637759.1 313500000 314000000 1386.35719
OX637759.1 314000000 314500000 1386.00329
OX637759.1 314500000 315000000 1386.0
OX637759.1 315000000 315500000 1386.00899
OX637759.1 315500000 316000000 1387.0
OX637759.1 316000000 316500000 1387.00721
OX637759.1 316500000 317000000 1387.00302
OX637759.1 317000000 317500000 1387.0
OX637759.1 317500000 318000000 1386.89684
OX637759.1 318000000 318500000 1386.0
OX637759.1 318500000 319000000 1385.97693
OX637759.1 319000000 319500000 1385.55995
OX637759.1 319500000 320000000 1385.18548
OX637759.1 320000000 320500000 1385.00026
OX637759.1 320500000 321000000 1385.66224
OX637759.1 321000000 321500000 1385.63138
OX637759.1 321500000 322000000 1385.00186
OX637759.1 322000000 322500000 1384.5857
OX637759.1 322500000 323000000 1383.07558
OX637759.1 323000000 323500000 1383.0
OX637759.1 323500000 324000000 1382.21639
OX637759.1 324000000 324500000 1382.0065
OX637759.1 324500000 325000000 1382.0
OX637759.1 325000000 325500000 1382.0
OX637759.1 325500000 326000000 1382.51229
OX637759.1 326000000 326500000 1382.75916
OX637759.1 326500000 327000000 1381.56292
OX637759.1 327000000 327500000 1381.0
OX637759.1 327500000 328000000 1380.02106
OX637759.1 328000000 328500000 1379.06033
OX637759.1 328500000 329000000 1378.55897
OX637759.1 329000000 329500000 1378.0
OX637759.1 329500000 330000000 1378.0
OX637759.1 330000000 330500000 1378.0
OX637759.1 330500000 331000000 1378.0
OX637759.1 331000000 331500000 1377.32989
OX637759.1 331500000 332000000 1376.00609
OX637759.1 332000000 332500000 1376.52304
OX637759.1 332500000 333000000 1378.17826
OX637759.1 333000000 333500000 1379.0
OX637759.1 333500000 334000000 1379.0
OX637759.1 334000000 334500000 1378.14587
OX637759.1 334500000 335000000 1378.00809
OX637759.1 335000000 335500000 1378.88182
OX637759.1 335500000 336000000 1379.0
OX637759.1 336000000 336500000 1377.7278
OX637759.1 336500000 337000000 1376.01605
OX637759.1 337000000 337500000 1376.0
OX637759.1 337500000 338000000 1375.4277
OX637759.1 338000000 338500000 1374.54267
OX637759.1 338500000 339000000 1374.0
OX637759.1 339000000 339500000 1373.41297
OX637759.1 339500000 340000000 1373.00442
OX637759.1 340000000 340500000 1373.0
OX637759.1 340500000 341000000 1372.31631
OX637759.1 341000000 341500000 1370.66286
OX637759.1 341500000 342000000 1369.24716
OX637759.1 342000000 342500000 1368.09582
OX637759.1 342500000 343000000 1368.00846
OX637759.1 343000000 343500000 1367.11935
OX637759.1 343500000 344000000 1366.989
OX637759.1 344000000 344500000 1366.0
OX637759.1 344500000 345000000 1366.0008
OX637759.1 345000000 345500000 1365.07039
OX637759.1 345500000 346000000 1364.0
OX637759.1 346000000 346500000 1364.0
OX637759.1 346500000 347000000 1364.0
OX637759.1 347000000 347500000 1363.27757
OX637759.1 347500000 348000000 1361.98554
OX637759.1 348000000 348500000 1360.00425
OX637759.1 348500000 349000000 1360.00577
OX637759.1 349000000 349500000 1359.61987
OX637759.1 349500000 350000000 1357.75454
OX637759.1 350000000 350500000 1356.00026
OX637759.1 350500000 351000000 1356.09899
OX637759.1 351000000 351500000 1355.2588
OX637759.1 351500000 352000000 1355.0
OX637759.1 352000000 352500000 1355.0
OX637759.1 352500000 353000000 1355.00554
OX637759.1 353000000 353500000 1355.00615
OX637759.1 353500000 354000000 1355.0
OX637759.1 354000000 354500000 1355.11304
OX637759.1 354500000 355000000 1355.0
OX637759.1 355000000 355500000 1355.00195
OX637759.1 355500000 356000000 1355.0
OX637759.1 356000000 356500000 1354.00914
OX637759.1 356500000 357000000 1353.16817
OX637759.1 357000000 357500000 1351.0
OX637759.1 357500000 358000000 1350.64214
OX637759.1 358000000 358500000 1349.07146
OX637759.1 358500000 359000000 1349.0
OX637759.1 359000000 359500000 1348.045
OX637759.1 359500000 360000000 1347.72266
OX637759.1 360000000 360500000 1347.0
OX637759.1 360500000 361000000 1346.71572
OX637759.1 361000000 361500000 1345.0
OX637759.1 361500000 362000000 1342.73775
OX637759.1 362000000 362500000 1339.8309
OX637759.1 362500000 363000000 1339.0
OX637759.1 363000000 363500000 1338.97562
OX637759.1 363500000 364000000 1336.22453
OX637759.1 364000000 364500000 1334.0
OX637759.1 364500000 365000000 1333.4531
OX637759.1 365000000 365500000 1332.87171
OX637759.1 365500000 366000000 1330.18272
OX637759.1 366000000 366500000 1330.00141
OX637759.1 366500000 367000000 1329.15671
OX637759.1 367000000 367500000 1329.0
OX637759.1 367500000 368000000 1328.29441
OX637759.1 368000000 368500000 1328.07666
OX637759.1 368500000 369000000 1326.94131
OX637759.1 369000000 369500000 1325.49526
OX637759.1 369500000 370000000 1323.60889
OX637759.1 370000000 370500000 1321.42668
OX637759.1 370500000 371000000 1319.30147
OX637759.1 371000000 371500000 1317.83346
OX637759.1 371500000 372000000 1314.12499
OX637759.1 372000000 372500000 1312.74658
OX637759.1 372500000 373000000 1310.58459
OX637759.1 373000000 373500000 1309.0
OX637759.1 373500000 374000000 1308.66548
OX637759.1 374000000 374500000 1306.50358
OX637759.1 374500000 375000000 1302.02377
OX637759.1 375000000 375500000 1301.02995
OX637759.1 375500000 376000000 1300.01991
OX637759.1 376000000 376500000 1299.49996
OX637759.1 376500000 377000000 1299.18851
OX637759.1 377000000 377500000 1297.81253
OX637759.1 377500000 378000000 1295.39925
OX637759.1 378000000 378500000 1294.07033
OX637759.1 378500000 379000000 1291.30348
OX637759.1 379000000 379500000 1288.42994
OX637759.1 379500000 380000000 1283.47452
OX637759.1 380000000 380500000 1282.80251
OX637759.1 380500000 381000000 1282.07415
OX637759.1 381000000 381500000 1282.00952
OX637759.1 381500000 382000000 1280.191
OX637759.1 382000000 382500000 1279.53994
OX637759.1 382500000 383000000 1276.72213
OX637759.1 383000000 383500000 1274.21603
OX637759.1 383500000 384000000 1274.0
OX637759.1 384000000 384500000 1272.46155
OX637759.1 384500000 385000000 1270.45036
OX637759.1 385000000 385500000 1266.06223
OX637759.1 385500000 386000000 1263.28538
OX637759.1 386000000 386500000 1261.53351
OX637759.1 386500000 387000000 1261.78757
OX637759.1 387000000 387500000 1259.43388
OX637759.1 387500000 388000000 1258.94187
OX637759.1 388000000 388500000 1256.10202
OX637759.1 388500000 389000000 1251.79885
OX637759.1 389000000 389500000 1248.69869
OX637759.1 389500000 390000000 1245.3559
OX637759.1 390000000 390500000 1240.73704
OX637759.1 390500000 391000000 1237.71041
OX637759.1 391000000 391500000 1236.36411
OX637759.1 391500000 392000000 1234.92178
OX637759.1 392000000 392500000 1232.65167
OX637759.1 392500000 393000000 1232.0
OX637759.1 393000000 393500000 1232.0
OX637759.1 393500000 394000000 1232.0
OX637759.1 394000000 394500000 1232.0
OX637759.1 394500000 395000000 1230.99189
OX637759.1 395000000 395500000 1226.26142
OX637759.1 395500000 396000000 1224.37476
OX637759.1 396000000 396500000 1218.96975
OX637759.1 396500000 397000000 1218.00743
OX637759.1 397000000 397500000 1217.10543
OX637759.1 397500000 398000000 1210.86603
OX637759.1 398000000 398500000 1204.03947
OX637759.1 398500000 399000000 1199.67298
OX637759.1 399000000 399500000 1197.70691
OX637759.1 399500000 400000000 1197.00182
OX637759.1 400000000 400500000 1196.77506
OX637759.1 400500000 401000000 1190.3545
OX637759.1 401000000 401500000 1186.1539
OX637759.1 401500000 402000000 1182.80469
OX637759.1 402000000 402500000 1179.24051
OX637759.1 402500000 403000000 1176.89246
OX637759.1 403000000 403500000 1172.00327
OX637759.1 403500000 404000000 1167.9362
OX637759.1 404000000 404500000 1163.71709
OX637759.1 404500000 405000000 1161.3975
OX637759.1 405000000 405500000 1156.64117
OX637759.1 405500000 406000000 1149.53642
OX637759.1 406000000 406500000 1139.37084
OX637759.1 406500000 407000000 1137.00171
OX637759.1 407000000 407500000 1133.90739
OX637759.1 407500000 408000000 1130.72839
OX637759.1 408000000 408500000 1124.40762
OX637759.1 408500000 409000000 1120.04873
OX637759.1 409000000 409500000 1116.22727
OX637759.1 409500000 410000000 1110.82754
OX637759.1 410000000 410500000 1103.48005
OX637759.1 410500000 411000000 1101.63212
OX637759.1 411000000 411500000 1098.92593
OX637759.1 411500000 412000000 1094.80976
OX637759.1 412000000 412500000 1086.91346
OX637759.1 412500000 413000000 1080.56516
OX637759.1 413000000 413500000 1076.70108
OX637759.1 413500000 414000000 1070.35592
OX637759.1 414000000 414500000 1063.52394
OX637759.1 414500000 415000000 1052.52544
OX637759.1 415000000 415500000 1045.99354
OX637759.1 415500000 416000000 1039.21564
OX637759.1 416000000 416500000 1030.9702
OX637759.1 416500000 417000000 1025.50033
OX637759.1 417000000 417500000 1022.03628
OX637759.1 417500000 418000000 1016.20387
OX637759.1 418000000 418500000 1002.60874
OX637759.1 418500000 419000000 994.2265
OX637759.1 419000000 419500000 984.18123
OX637759.1 419500000 420000000 967.89006
OX637759.1 420000000 420500000 956.25314
OX637759.1 420500000 421000000 952.00574
OX637759.1 421000000 421500000 945.41281
OX637759.1 421500000 422000000 938.05825
OX637759.1 422000000 422500000 926.7008
OX637759.1 422500000 423000000 915.56993
OX637759.1 423000000 423500000 900.85417
OX637759.1 423500000 424000000 885.89626
OX637759.1 424000000 424500000 874.9682
OX637759.1 424500000 425000000 860.88666
OX637759.1 425000000 425500000 849.09045
OX637759.1 425500000 426000000 839.1831
OX637759.1 426000000 426500000 828.59828
OX637759.1 426500000 427000000 812.37433
OX637759.1 427000000 427500000 793.90728
OX637759.1 427500000 428000000 774.58004
OX637759.1 428000000 428500000 746.97515
OX637759.1 428500000 429000000 726.72374
OX637759.1 429000000 429500000 703.2289
OX637759.1 429500000 430000000 689.19678
OX637759.1 430000000 430500000 671.22168
OX637759.1 430500000 431000000 649.22672
OX637759.1 431000000 431500000 619.7788
OX637759.1 431500000 432000000 603.5414
OX637759.1 432000000 432500000 570.486
OX637759.1 432500000 433000000 538.92097
OX637759.1 433000000 433500000 502.77591
OX637759.1 433500000 434000000 453.54758
OX637759.1 434000000 434500000 424.1959
OX637759.1 434500000 435000000 396.62987
OX637759.1 435000000 435500000 358.21
OX637759.1 435500000 436000000 328.39175
OX637759.1 436000000 436500000 287.0451
OX637759.1 436500000 437000000 266.24909
OX637759.1 437000000 437500000 235.27909
OX637759.1 437500000 438000000 208.60945
OX637759.1 438000000 438500000 155.66955
OX637759.1 438500000 439000000 112.05114
OX637759.1 439000000 439500000 55.74975
OX637759.1 439500000 439685826 18.78526
