OX637739.1 0 500000 1.64748
OX637739.1 500000 1000000 11.80295
OX637739.1 1000000 1500000 57.93746
OX637739.1 1500000 2000000 130.16617
OX637739.1 2000000 2500000 163.07903
OX637739.1 2500000 3000000 217.08272
OX637739.1 3000000 3500000 252.50454
OX637739.1 3500000 4000000 301.14092
OX637739.1 4000000 4500000 369.78559
OX637739.1 4500000 5000000 432.95884
OX637739.1 5000000 5500000 481.19877
OX637739.1 5500000 6000000 516.7073
OX637739.1 6000000 6500000 555.17935
OX637739.1 6500000 7000000 603.82297
OX637739.1 7000000 7500000 654.21595
OX637739.1 7500000 8000000 681.44303
OX637739.1 8000000 8500000 718.26099
OX637739.1 8500000 9000000 744.24251
OX637739.1 9000000 9500000 768.96197
OX637739.1 9500000 10000000 780.38044
OX637739.1 10000000 10500000 792.92793
OX637739.1 10500000 11000000 831.36873
OX637739.1 11000000 11500000 852.63125
OX637739.1 11500000 12000000 881.77463
OX637739.1 12000000 12500000 915.7628
OX637739.1 12500000 13000000 936.53288
OX637739.1 13000000 13500000 953.4425
OX637739.1 13500000 14000000 971.43849
OX637739.1 14000000 14500000 988.29053
OX637739.1 14500000 15000000 1002.99437
OX637739.1 15000000 15500000 1017.29146
OX637739.1 15500000 16000000 1032.39935
OX637739.1 16000000 16500000 1059.23943
OX637739.1 16500000 17000000 1075.92016
OX637739.1 17000000 17500000 1087.31349
OX637739.1 17500000 18000000 1102.56967
OX637739.1 18000000 18500000 1116.68615
OX637739.1 18500000 19000000 1127.72156
OX637739.1 19000000 19500000 1137.11375
OX637739.1 19500000 20000000 1152.67083
OX637739.1 20000000 20500000 1165.70686
OX637739.1 20500000 21000000 1178.7005
OX637739.1 21000000 21500000 1188.51146
OX637739.1 21500000 22000000 1203.28186
OX637739.1 22000000 22500000 1206.78129
OX637739.1 22500000 23000000 1213.74838
OX637739.1 23000000 23500000 1222.54305
OX637739.1 23500000 24000000 1236.16788
OX637739.1 24000000 24500000 1246.53119
OX637739.1 24500000 25000000 1255.10107
OX637739.1 25000000 25500000 1268.22236
OX637739.1 25500000 26000000 1285.68366
OX637739.1 26000000 26500000 1294.30107
OX637739.1 26500000 27000000 1305.61172
OX637739.1 27000000 27500000 1314.52776
OX637739.1 27500000 28000000 1326.87049
OX637739.1 28000000 28500000 1336.61749
OX637739.1 28500000 29000000 1342.7051
OX637739.1 29000000 29500000 1349.79697
OX637739.1 29500000 30000000 1361.70014
OX637739.1 30000000 30500000 1376.79731
OX637739.1 30500000 31000000 1386.89507
OX637739.1 31000000 31500000 1396.15034
OX637739.1 31500000 32000000 1404.08583
OX637739.1 32000000 32500000 1414.20948
OX637739.1 32500000 33000000 1431.0177
OX637739.1 33000000 33500000 1436.65427
OX637739.1 33500000 34000000 1447.51593
OX637739.1 34000000 34500000 1461.23157
OX637739.1 34500000 35000000 1472.52216
OX637739.1 35000000 35500000 1482.00097
OX637739.1 35500000 36000000 1487.80667
OX637739.1 36000000 36500000 1493.7305
OX637739.1 36500000 37000000 1503.24443
OX637739.1 37000000 37500000 1508.16574
OX637739.1 37500000 38000000 1514.44571
OX637739.1 38000000 38500000 1522.60696
OX637739.1 38500000 39000000 1530.41608
OX637739.1 39000000 39500000 1535.1234
OX637739.1 39500000 40000000 1540.3454
OX637739.1 40000000 40500000 1545.20121
OX637739.1 40500000 41000000 1550.74672
OX637739.1 41000000 41500000 1556.53887
OX637739.1 41500000 42000000 1560.57829
OX637739.1 42000000 42500000 1565.27375
OX637739.1 42500000 43000000 1568.89345
OX637739.1 43000000 43500000 1574.03108
OX637739.1 43500000 44000000 1578.46674
OX637739.1 44000000 44500000 1580.68073
OX637739.1 44500000 45000000 1585.61035
OX637739.1 45000000 45500000 1596.89685
OX637739.1 45500000 46000000 1608.3686
OX637739.1 46000000 46500000 1615.29473
OX637739.1 46500000 47000000 1618.33549
OX637739.1 47000000 47500000 1620.63243
OX637739.1 47500000 48000000 1624.80516
OX637739.1 48000000 48500000 1632.52502
OX637739.1 48500000 49000000 1640.07692
OX637739.1 49000000 49500000 1647.4353
OX637739.1 49500000 50000000 1651.37543
OX637739.1 50000000 50500000 1654.07862
OX637739.1 50500000 51000000 1657.99903
OX637739.1 51000000 51500000 1664.63116
OX637739.1 51500000 52000000 1669.42387
OX637739.1 52000000 52500000 1676.76125
OX637739.1 52500000 53000000 1682.05546
OX637739.1 53000000 53500000 1685.22313
OX637739.1 53500000 54000000 1689.77905
OX637739.1 54000000 54500000 1693.67246
OX637739.1 54500000 55000000 1698.02039
OX637739.1 55000000 55500000 1701.01044
OX637739.1 55500000 56000000 1704.07012
OX637739.1 56000000 56500000 1709.07683
OX637739.1 56500000 57000000 1711.73199
OX637739.1 57000000 57500000 1716.3228
OX637739.1 57500000 58000000 1717.47037
OX637739.1 58000000 58500000 1720.36964
OX637739.1 58500000 59000000 1724.56385
OX637739.1 59000000 59500000 1730.08881
OX637739.1 59500000 60000000 1731.48056
OX637739.1 60000000 60500000 1733.33464
OX637739.1 60500000 61000000 1734.2052
OX637739.1 61000000 61500000 1739.08878
OX637739.1 61500000 62000000 1743.93918
OX637739.1 62000000 62500000 1749.48381
OX637739.1 62500000 63000000 1751.63911
OX637739.1 63000000 63500000 1757.35563
OX637739.1 63500000 64000000 1763.71819
OX637739.1 64000000 64500000 1765.2167
OX637739.1 64500000 65000000 1770.69953
OX637739.1 65000000 65500000 1775.86528
OX637739.1 65500000 66000000 1779.32603
OX637739.1 66000000 66500000 1784.08443
OX637739.1 66500000 67000000 1789.94825
OX637739.1 67000000 67500000 1792.53252
OX637739.1 67500000 68000000 1797.39474
OX637739.1 68000000 68500000 1801.15573
OX637739.1 68500000 69000000 1805.38519
OX637739.1 69000000 69500000 1807.42177
OX637739.1 69500000 70000000 1809.9132
OX637739.1 70000000 70500000 1811.87423
OX637739.1 70500000 71000000 1811.92543
OX637739.1 71000000 71500000 1814.73042
OX637739.1 71500000 72000000 1816.84294
OX637739.1 72000000 72500000 1818.56647
OX637739.1 72500000 73000000 1821.82474
OX637739.1 73000000 73500000 1826.6688
OX637739.1 73500000 74000000 1827.4902
OX637739.1 74000000 74500000 1830.38176
OX637739.1 74500000 75000000 1834.63879
OX637739.1 75000000 75500000 1838.05257
OX637739.1 75500000 76000000 1839.76588
OX637739.1 76000000 76500000 1843.66428
OX637739.1 76500000 77000000 1847.32567
OX637739.1 77000000 77500000 1848.05441
OX637739.1 77500000 78000000 1849.46213
OX637739.1 78000000 78500000 1851.41298
OX637739.1 78500000 79000000 1853.57671
OX637739.1 79000000 79500000 1855.14123
OX637739.1 79500000 80000000 1856.58968
OX637739.1 80000000 80500000 1861.06308
OX637739.1 80500000 81000000 1863.73108
OX637739.1 81000000 81500000 1866.39197
OX637739.1 81500000 82000000 1870.44693
OX637739.1 82000000 82500000 1871.67196
OX637739.1 82500000 83000000 1873.1431
OX637739.1 83000000 83500000 1876.69459
OX637739.1 83500000 84000000 1883.51205
OX637739.1 84000000 84500000 1889.8331
OX637739.1 84500000 85000000 1894.67034
OX637739.1 85000000 85500000 1896.27037
OX637739.1 85500000 86000000 1898.47668
OX637739.1 86000000 86500000 1899.08376
OX637739.1 86500000 87000000 1901.69065
OX637739.1 87000000 87500000 1904.45394
OX637739.1 87500000 88000000 1906.73053
OX637739.1 88000000 88500000 1907.79204
OX637739.1 88500000 89000000 1909.49459
OX637739.1 89000000 89500000 1910.04963
OX637739.1 89500000 90000000 1910.27596
OX637739.1 90000000 90500000 1914.10176
OX637739.1 90500000 91000000 1917.15383
OX637739.1 91000000 91500000 1918.5321
OX637739.1 91500000 92000000 1919.40711
OX637739.1 92000000 92500000 1921.53805
OX637739.1 92500000 93000000 1926.79945
OX637739.1 93000000 93500000 1931.85053
OX637739.1 93500000 94000000 1935.29983
OX637739.1 94000000 94500000 1940.87834
OX637739.1 94500000 95000000 1946.30063
OX637739.1 95000000 95500000 1950.76066
OX637739.1 95500000 96000000 1955.98685
OX637739.1 96000000 96500000 1957.98396
OX637739.1 96500000 97000000 1960.00032
OX637739.1 97000000 97500000 1962.96187
OX637739.1 97500000 98000000 1964.36652
OX637739.1 98000000 98500000 1966.56998
OX637739.1 98500000 99000000 1967.6211
OX637739.1 99000000 99500000 1968.07425
OX637739.1 99500000 100000000 1968.17676
OX637739.1 100000000 100500000 1971.52203
OX637739.1 100500000 101000000 1975.1254
OX637739.1 101000000 101500000 1976.12926
OX637739.1 101500000 102000000 1978.39647
OX637739.1 102000000 102500000 1981.10252
OX637739.1 102500000 103000000 1981.01852
OX637739.1 103000000 103500000 1983.35345
OX637739.1 103500000 104000000 1987.24004
OX637739.1 104000000 104500000 1989.71578
OX637739.1 104500000 105000000 1990.97281
OX637739.1 105000000 105500000 1993.23243
OX637739.1 105500000 106000000 1994.0
OX637739.1 106000000 106500000 1995.53807
OX637739.1 106500000 107000000 1997.69077
OX637739.1 107000000 107500000 1997.63437
OX637739.1 107500000 108000000 2001.27388
OX637739.1 108000000 108500000 2002.92436
OX637739.1 108500000 109000000 2005.04249
OX637739.1 109000000 109500000 2007.31519
OX637739.1 109500000 110000000 2008.51318
OX637739.1 110000000 110500000 2009.0
OX637739.1 110500000 111000000 2010.61448
OX637739.1 111000000 111500000 2011.5261
OX637739.1 111500000 112000000 2016.52173
OX637739.1 112000000 112500000 2020.26912
OX637739.1 112500000 113000000 2022.18068
OX637739.1 113000000 113500000 2023.61448
OX637739.1 113500000 114000000 2026.61856
OX637739.1 114000000 114500000 2028.72479
OX637739.1 114500000 115000000 2030.01272
OX637739.1 115000000 115500000 2031.77576
OX637739.1 115500000 116000000 2033.71587
OX637739.1 116000000 116500000 2034.65372
OX637739.1 116500000 117000000 2038.86178
OX637739.1 117000000 117500000 2043.20861
OX637739.1 117500000 118000000 2044.91821
OX637739.1 118000000 118500000 2051.2083
OX637739.1 118500000 119000000 2053.17129
OX637739.1 119000000 119500000 2054.05942
OX637739.1 119500000 120000000 2054.3986
OX637739.1 120000000 120500000 2054.57759
OX637739.1 120500000 121000000 2056.60861
OX637739.1 121000000 121500000 2057.61231
OX637739.1 121500000 122000000 2058.47274
OX637739.1 122000000 122500000 2060.01774
OX637739.1 122500000 123000000 2061.92025
OX637739.1 123000000 123500000 2063.30731
OX637739.1 123500000 124000000 2064.0
OX637739.1 124000000 124500000 2064.02483
OX637739.1 124500000 125000000 2064.84482
OX637739.1 125000000 125500000 2065.87331
OX637739.1 125500000 126000000 2068.28295
OX637739.1 126000000 126500000 2070.42491
OX637739.1 126500000 127000000 2070.71253
OX637739.1 127000000 127500000 2071.77886
OX637739.1 127500000 128000000 2077.1218
OX637739.1 128000000 128500000 2079.14492
OX637739.1 128500000 129000000 2081.25433
OX637739.1 129000000 129500000 2082.44308
OX637739.1 129500000 130000000 2084.92434
OX637739.1 130000000 130500000 2085.0409
OX637739.1 130500000 131000000 2086.01549
OX637739.1 131000000 131500000 2087.23554
OX637739.1 131500000 132000000 2088.462
OX637739.1 132000000 132500000 2089.02605
OX637739.1 132500000 133000000 2089.0187
OX637739.1 133000000 133500000 2089.0
OX637739.1 133500000 134000000 2088.77173
OX637739.1 134000000 134500000 2092.21742
OX637739.1 134500000 135000000 2094.01844
OX637739.1 135000000 135500000 2096.53754
OX637739.1 135500000 136000000 2097.05552
OX637739.1 136000000 136500000 2097.01819
OX637739.1 136500000 137000000 2097.6217
OX637739.1 137000000 137500000 2098.75286
OX637739.1 137500000 138000000 2101.7033
OX637739.1 138000000 138500000 2102.60246
OX637739.1 138500000 139000000 2103.04045
OX637739.1 139000000 139500000 2103.08254
OX637739.1 139500000 140000000 2104.60996
OX637739.1 140000000 140500000 2104.40369
OX637739.1 140500000 141000000 2104.92603
OX637739.1 141000000 141500000 2105.90313
OX637739.1 141500000 142000000 2108.55591
OX637739.1 142000000 142500000 2108.33214
OX637739.1 142500000 143000000 2109.25049
OX637739.1 143000000 143500000 2109.7788
OX637739.1 143500000 144000000 2110.70203
OX637739.1 144000000 144500000 2112.8305
OX637739.1 144500000 145000000 2112.09489
OX637739.1 145000000 145500000 2112.69897
OX637739.1 145500000 146000000 2113.67449
OX637739.1 146000000 146500000 2114.60756
OX637739.1 146500000 147000000 2115.61851
OX637739.1 147000000 147500000 2117.80161
OX637739.1 147500000 148000000 2118.10927
OX637739.1 148000000 148500000 2118.01115
OX637739.1 148500000 149000000 2119.26324
OX637739.1 149000000 149500000 2121.6204
OX637739.1 149500000 150000000 2121.77882
OX637739.1 150000000 150500000 2123.33209
OX637739.1 150500000 151000000 2124.64164
OX637739.1 151000000 151500000 2127.82021
OX637739.1 151500000 152000000 2132.72261
OX637739.1 152000000 152500000 2135.87382
OX637739.1 152500000 153000000 2136.13497
OX637739.1 153000000 153500000 2138.29539
OX637739.1 153500000 154000000 2139.69092
OX637739.1 154000000 154500000 2141.70837
OX637739.1 154500000 155000000 2144.50679
OX637739.1 155000000 155500000 2144.39983
OX637739.1 155500000 156000000 2145.92902
OX637739.1 156000000 156500000 2146.13351
OX637739.1 156500000 157000000 2147.07112
OX637739.1 157000000 157500000 2148.91082
OX637739.1 157500000 158000000 2151.80345
OX637739.1 158000000 158500000 2153.77805
OX637739.1 158500000 159000000 2155.56076
OX637739.1 159000000 159500000 2156.71728
OX637739.1 159500000 160000000 2158.17696
OX637739.1 160000000 160500000 2160.55691
OX637739.1 160500000 161000000 2161.07952
OX637739.1 161000000 161500000 2160.58812
OX637739.1 161500000 162000000 2159.67829
OX637739.1 162000000 162500000 2158.51608
OX637739.1 162500000 163000000 2157.15245
OX637739.1 163000000 163500000 2155.12061
OX637739.1 163500000 164000000 2156.11268
OX637739.1 164000000 164500000 2154.44914
OX637739.1 164500000 165000000 2155.19274
OX637739.1 165000000 165500000 2155.00525
OX637739.1 165500000 166000000 2156.21698
OX637739.1 166000000 166500000 2155.42125
OX637739.1 166500000 167000000 2154.096
OX637739.1 167000000 167500000 2154.6827
OX637739.1 167500000 168000000 2153.88329
OX637739.1 168000000 168500000 2152.80641
OX637739.1 168500000 169000000 2152.0
OX637739.1 169000000 169500000 2152.52712
OX637739.1 169500000 170000000 2153.0
OX637739.1 170000000 170500000 2152.93513
OX637739.1 170500000 171000000 2153.00067
OX637739.1 171000000 171500000 2153.92085
OX637739.1 171500000 172000000 2155.04957
OX637739.1 172000000 172500000 2156.14655
OX637739.1 172500000 173000000 2157.55584
OX637739.1 173000000 173500000 2158.77183
OX637739.1 173500000 174000000 2159.65948
OX637739.1 174000000 174500000 2161.77611
OX637739.1 174500000 175000000 2162.52817
OX637739.1 175000000 175500000 2163.01942
OX637739.1 175500000 176000000 2163.02034
OX637739.1 176000000 176500000 2163.00032
OX637739.1 176500000 177000000 2164.06118
OX637739.1 177000000 177500000 2165.27705
OX637739.1 177500000 178000000 2165.05508
OX637739.1 178000000 178500000 2165.01641
OX637739.1 178500000 179000000 2166.47575
OX637739.1 179000000 179500000 2168.47904
OX637739.1 179500000 180000000 2169.40225
OX637739.1 180000000 180500000 2169.20325
OX637739.1 180500000 181000000 2169.99736
OX637739.1 181000000 181500000 2171.06756
OX637739.1 181500000 182000000 2171.32908
OX637739.1 182000000 182500000 2172.20527
OX637739.1 182500000 183000000 2173.84369
OX637739.1 183000000 183500000 2175.01943
OX637739.1 183500000 184000000 2177.2837
OX637739.1 184000000 184500000 2177.85227
OX637739.1 184500000 185000000 2178.0
OX637739.1 185000000 185500000 2178.03028
OX637739.1 185500000 186000000 2178.0184
OX637739.1 186000000 186500000 2178.01893
OX637739.1 186500000 187000000 2178.0
OX637739.1 187000000 187500000 2178.01284
OX637739.1 187500000 188000000 2178.32154
OX637739.1 188000000 188500000 2178.04479
OX637739.1 188500000 189000000 2178.0
OX637739.1 189000000 189500000 2178.60189
OX637739.1 189500000 190000000 2179.01547
OX637739.1 190000000 190500000 2182.06546
OX637739.1 190500000 191000000 2182.95144
OX637739.1 191000000 191500000 2182.97803
OX637739.1 191500000 192000000 2184.0
OX637739.1 192000000 192500000 2184.70846
OX637739.1 192500000 193000000 2184.5385
OX637739.1 193000000 193500000 2184.8305
OX637739.1 193500000 194000000 2183.98885
OX637739.1 194000000 194500000 2183.163
OX637739.1 194500000 195000000 2183.09448
OX637739.1 195000000 195500000 2180.88898
OX637739.1 195500000 196000000 2179.56029
OX637739.1 196000000 196500000 2179.29894
OX637739.1 196500000 197000000 2177.25941
OX637739.1 197000000 197500000 2177.0
OX637739.1 197500000 198000000 2177.01609
OX637739.1 198000000 198500000 2177.66947
OX637739.1 198500000 199000000 2179.63179
OX637739.1 199000000 199500000 2180.02928
OX637739.1 199500000 200000000 2181.15804
OX637739.1 200000000 200500000 2182.87742
OX637739.1 200500000 201000000 2182.0
OX637739.1 201000000 201500000 2181.86661
OX637739.1 201500000 202000000 2180.84691
OX637739.1 202000000 202500000 2180.01547
OX637739.1 202500000 203000000 2179.86434
OX637739.1 203000000 203500000 2178.89696
OX637739.1 203500000 204000000 2177.21144
OX637739.1 204000000 204500000 2176.8592
OX637739.1 204500000 205000000 2177.09638
OX637739.1 205000000 205500000 2176.24412
OX637739.1 205500000 206000000 2176.41205
OX637739.1 206000000 206500000 2176.00851
OX637739.1 206500000 207000000 2176.49782
OX637739.1 207000000 207500000 2176.0247
OX637739.1 207500000 208000000 2175.91358
OX637739.1 208000000 208500000 2176.01399
OX637739.1 208500000 209000000 2175.66566
OX637739.1 209000000 209500000 2175.05308
OX637739.1 209500000 210000000 2176.02003
OX637739.1 210000000 210500000 2176.02005
OX637739.1 210500000 211000000 2176.0134
OX637739.1 211000000 211500000 2176.0
OX637739.1 211500000 212000000 2175.19959
OX637739.1 212000000 212500000 2174.03888
OX637739.1 212500000 213000000 2174.9506
OX637739.1 213000000 213500000 2176.11772
OX637739.1 213500000 214000000 2176.02932
OX637739.1 214000000 214500000 2178.21276
OX637739.1 214500000 215000000 2179.04466
OX637739.1 215000000 215500000 2180.19077
OX637739.1 215500000 216000000 2179.37017
OX637739.1 216000000 216500000 2179.01965
OX637739.1 216500000 217000000 2179.03662
OX637739.1 217000000 217500000 2179.91133
OX637739.1 217500000 218000000 2179.4845
OX637739.1 218000000 218500000 2180.01974
OX637739.1 218500000 219000000 2180.97807
OX637739.1 219000000 219500000 2181.0
OX637739.1 219500000 220000000 2181.49587
OX637739.1 220000000 220500000 2181.53927
OX637739.1 220500000 221000000 2182.39163
OX637739.1 221000000 221500000 2182.32119
OX637739.1 221500000 222000000 2182.0
OX637739.1 222000000 222500000 2182.72194
OX637739.1 222500000 223000000 2184.64712
OX637739.1 223000000 223500000 2185.00776
OX637739.1 223500000 224000000 2185.04889
OX637739.1 224000000 224500000 2185.23292
OX637739.1 224500000 225000000 2186.27691
OX637739.1 225000000 225500000 2187.395
OX637739.1 225500000 226000000 2187.0
OX637739.1 226000000 226500000 2187.03764
OX637739.1 226500000 227000000 2187.27866
OX637739.1 227000000 227500000 2188.17979
OX637739.1 227500000 228000000 2187.15113
OX637739.1 228000000 228500000 2185.36112
OX637739.1 228500000 229000000 2184.53656
OX637739.1 229000000 229500000 2182.72773
OX637739.1 229500000 230000000 2181.03762
OX637739.1 230000000 230500000 2181.99061
OX637739.1 230500000 231000000 2182.0199
OX637739.1 231000000 231500000 2182.33348
OX637739.1 231500000 232000000 2183.40074
OX637739.1 232000000 232500000 2185.61215
OX637739.1 232500000 233000000 2186.25458
OX637739.1 233000000 233500000 2187.14211
OX637739.1 233500000 234000000 2189.01814
OX637739.1 234000000 234500000 2189.01548
OX637739.1 234500000 235000000 2188.25582
OX637739.1 235000000 235500000 2187.97598
OX637739.1 235500000 236000000 2190.0119
OX637739.1 236000000 236500000 2189.00928
OX637739.1 236500000 237000000 2188.05212
OX637739.1 237000000 237500000 2186.58129
OX637739.1 237500000 238000000 2187.29476
OX637739.1 238000000 238500000 2186.9118
OX637739.1 238500000 239000000 2186.0
OX637739.1 239000000 239500000 2186.56348
OX637739.1 239500000 240000000 2186.55287
OX637739.1 240000000 240500000 2186.05042
OX637739.1 240500000 241000000 2183.62256
OX637739.1 241000000 241500000 2183.69989
OX637739.1 241500000 242000000 2182.94783
OX637739.1 242000000 242500000 2181.93953
OX637739.1 242500000 243000000 2182.02457
OX637739.1 243000000 243500000 2182.26731
OX637739.1 243500000 244000000 2183.0
OX637739.1 244000000 244500000 2182.82228
OX637739.1 244500000 245000000 2181.96862
OX637739.1 245000000 245500000 2182.61302
OX637739.1 245500000 246000000 2184.1146
OX637739.1 246000000 246500000 2185.42197
OX637739.1 246500000 247000000 2184.38264
OX637739.1 247000000 247500000 2183.0
OX637739.1 247500000 248000000 2183.01149
OX637739.1 248000000 248500000 2183.89572
OX637739.1 248500000 249000000 2185.01445
OX637739.1 249000000 249500000 2184.01468
OX637739.1 249500000 250000000 2183.58766
OX637739.1 250000000 250500000 2183.7605
OX637739.1 250500000 251000000 2183.68695
OX637739.1 251000000 251500000 2182.33238
OX637739.1 251500000 252000000 2181.62212
OX637739.1 252000000 252500000 2182.2814
OX637739.1 252500000 253000000 2183.25049
OX637739.1 253000000 253500000 2183.16719
OX637739.1 253500000 254000000 2183.02836
OX637739.1 254000000 254500000 2182.3462
OX637739.1 254500000 255000000 2183.03576
OX637739.1 255000000 255500000 2182.67073
OX637739.1 255500000 256000000 2182.0
OX637739.1 256000000 256500000 2182.54069
OX637739.1 256500000 257000000 2182.0149
OX637739.1 257000000 257500000 2180.8971
OX637739.1 257500000 258000000 2180.42682
OX637739.1 258000000 258500000 2178.65198
OX637739.1 258500000 259000000 2179.50851
OX637739.1 259000000 259500000 2181.90205
OX637739.1 259500000 260000000 2181.03763
OX637739.1 260000000 260500000 2181.65102
OX637739.1 260500000 261000000 2182.01843
OX637739.1 261000000 261500000 2182.03664
OX637739.1 261500000 262000000 2181.81646
OX637739.1 262000000 262500000 2181.45942
OX637739.1 262500000 263000000 2182.36834
OX637739.1 263000000 263500000 2182.674
OX637739.1 263500000 264000000 2183.01554
OX637739.1 264000000 264500000 2183.05001
OX637739.1 264500000 265000000 2183.13142
OX637739.1 265000000 265500000 2183.0
OX637739.1 265500000 266000000 2183.43121
OX637739.1 266000000 266500000 2183.46414
OX637739.1 266500000 267000000 2181.76142
OX637739.1 267000000 267500000 2180.03396
OX637739.1 267500000 268000000 2179.08748
OX637739.1 268000000 268500000 2179.91424
OX637739.1 268500000 269000000 2180.00936
OX637739.1 269000000 269500000 2180.04739
OX637739.1 269500000 270000000 2179.31566
OX637739.1 270000000 270500000 2178.07141
OX637739.1 270500000 271000000 2176.01827
OX637739.1 271000000 271500000 2176.0
OX637739.1 271500000 272000000 2175.48268
OX637739.1 272000000 272500000 2172.48968
OX637739.1 272500000 273000000 2171.35875
OX637739.1 273000000 273500000 2172.62293
OX637739.1 273500000 274000000 2172.94264
OX637739.1 274000000 274500000 2173.90721
OX637739.1 274500000 275000000 2175.0234
OX637739.1 275000000 275500000 2174.3867
OX637739.1 275500000 276000000 2172.41445
OX637739.1 276000000 276500000 2169.95932
OX637739.1 276500000 277000000 2169.3671
OX637739.1 277000000 277500000 2171.12093
OX637739.1 277500000 278000000 2170.99733
OX637739.1 278000000 278500000 2168.79207
OX637739.1 278500000 279000000 2168.23237
OX637739.1 279000000 279500000 2168.9286
OX637739.1 279500000 280000000 2169.07048
OX637739.1 280000000 280500000 2169.59931
OX637739.1 280500000 281000000 2169.01724
OX637739.1 281000000 281500000 2168.85007
OX637739.1 281500000 282000000 2168.65716
OX637739.1 282000000 282500000 2169.5936
OX637739.1 282500000 283000000 2170.49956
OX637739.1 283000000 283500000 2171.32779
OX637739.1 283500000 284000000 2169.38332
OX637739.1 284000000 284500000 2168.30445
OX637739.1 284500000 285000000 2167.43395
OX637739.1 285000000 285500000 2167.7664
OX637739.1 285500000 286000000 2165.087
OX637739.1 286000000 286500000 2165.0
OX637739.1 286500000 287000000 2165.16209
OX637739.1 287000000 287500000 2164.60236
OX637739.1 287500000 288000000 2164.38613
OX637739.1 288000000 288500000 2164.16966
OX637739.1 288500000 289000000 2161.80616
OX637739.1 289000000 289500000 2159.98345
OX637739.1 289500000 290000000 2161.54
OX637739.1 290000000 290500000 2162.42921
OX637739.1 290500000 291000000 2162.02921
OX637739.1 291000000 291500000 2161.85273
OX637739.1 291500000 292000000 2160.52993
OX637739.1 292000000 292500000 2160.0255
OX637739.1 292500000 293000000 2160.0165
OX637739.1 293000000 293500000 2159.8812
OX637739.1 293500000 294000000 2159.28719
OX637739.1 294000000 294500000 2157.57585
OX637739.1 294500000 295000000 2158.0077
OX637739.1 295000000 295500000 2157.77894
OX637739.1 295500000 296000000 2155.98225
OX637739.1 296000000 296500000 2156.53958
OX637739.1 296500000 297000000 2155.80506
OX637739.1 297000000 297500000 2154.97197
OX637739.1 297500000 298000000 2155.055
OX637739.1 298000000 298500000 2154.05731
OX637739.1 298500000 299000000 2153.67902
OX637739.1 299000000 299500000 2152.86785
OX637739.1 299500000 300000000 2151.8813
OX637739.1 300000000 300500000 2152.46562
OX637739.1 300500000 301000000 2153.0
OX637739.1 301000000 301500000 2152.82083
OX637739.1 301500000 302000000 2150.07674
OX637739.1 302000000 302500000 2149.0
OX637739.1 302500000 303000000 2149.06419
OX637739.1 303000000 303500000 2149.32246
OX637739.1 303500000 304000000 2148.03083
OX637739.1 304000000 304500000 2148.037
OX637739.1 304500000 305000000 2149.07094
OX637739.1 305000000 305500000 2149.2879
OX637739.1 305500000 306000000 2150.03281
OX637739.1 306000000 306500000 2150.2783
OX637739.1 306500000 307000000 2148.12142
OX637739.1 307000000 307500000 2146.0
OX637739.1 307500000 308000000 2145.37455
OX637739.1 308000000 308500000 2143.94636
OX637739.1 308500000 309000000 2143.0
OX637739.1 309000000 309500000 2143.04046
OX637739.1 309500000 310000000 2143.0
OX637739.1 310000000 310500000 2143.53962
OX637739.1 310500000 311000000 2144.0
OX637739.1 311000000 311500000 2144.46634
OX637739.1 311500000 312000000 2145.01096
OX637739.1 312000000 312500000 2144.76134
OX637739.1 312500000 313000000 2144.5605
OX637739.1 313000000 313500000 2142.17651
OX637739.1 313500000 314000000 2140.52492
OX637739.1 314000000 314500000 2139.47727
OX637739.1 314500000 315000000 2137.71126
OX637739.1 315000000 315500000 2135.3924
OX637739.1 315500000 316000000 2134.93459
OX637739.1 316000000 316500000 2135.05622
OX637739.1 316500000 317000000 2136.01883
OX637739.1 317000000 317500000 2136.05583
OX637739.1 317500000 318000000 2135.35541
OX637739.1 318000000 318500000 2136.30677
OX637739.1 318500000 319000000 2135.66939
OX637739.1 319000000 319500000 2135.01055
OX637739.1 319500000 320000000 2134.47688
OX637739.1 320000000 320500000 2134.67762
OX637739.1 320500000 321000000 2134.9969
OX637739.1 321000000 321500000 2134.78224
OX637739.1 321500000 322000000 2133.89069
OX637739.1 322000000 322500000 2133.64567
OX637739.1 322500000 323000000 2132.20895
OX637739.1 323000000 323500000 2130.90823
OX637739.1 323500000 324000000 2129.42481
OX637739.1 324000000 324500000 2125.6398
OX637739.1 324500000 325000000 2124.46933
OX637739.1 325000000 325500000 2124.03752
OX637739.1 325500000 326000000 2123.95995
OX637739.1 326000000 326500000 2123.50064
OX637739.1 326500000 327000000 2123.85892
OX637739.1 327000000 327500000 2123.22735
OX637739.1 327500000 328000000 2124.17522
OX637739.1 328000000 328500000 2125.13764
OX637739.1 328500000 329000000 2125.03138
OX637739.1 329000000 329500000 2125.85419
OX637739.1 329500000 330000000 2125.05149
OX637739.1 330000000 330500000 2125.01901
OX637739.1 330500000 331000000 2123.84954
OX637739.1 331000000 331500000 2123.78772
OX637739.1 331500000 332000000 2123.9439
OX637739.1 332000000 332500000 2122.65522
OX637739.1 332500000 333000000 2122.89387
OX637739.1 333000000 333500000 2121.71548
OX637739.1 333500000 334000000 2119.4431
OX637739.1 334000000 334500000 2118.04605
OX637739.1 334500000 335000000 2117.07587
OX637739.1 335000000 335500000 2116.36934
OX637739.1 335500000 336000000 2114.08446
OX637739.1 336000000 336500000 2113.61819
OX637739.1 336500000 337000000 2113.39193
OX637739.1 337000000 337500000 2113.00987
OX637739.1 337500000 338000000 2113.0
OX637739.1 338000000 338500000 2111.31736
OX637739.1 338500000 339000000 2110.97546
OX637739.1 339000000 339500000 2111.02429
OX637739.1 339500000 340000000 2110.50004
OX637739.1 340000000 340500000 2107.13539
OX637739.1 340500000 341000000 2106.97824
OX637739.1 341000000 341500000 2105.84601
OX637739.1 341500000 342000000 2103.15231
OX637739.1 342000000 342500000 2101.77197
OX637739.1 342500000 343000000 2100.56227
OX637739.1 343000000 343500000 2099.37714
OX637739.1 343500000 344000000 2099.79474
OX637739.1 344000000 344500000 2101.56138
OX637739.1 344500000 345000000 2101.47061
OX637739.1 345000000 345500000 2100.02359
OX637739.1 345500000 346000000 2097.83249
OX637739.1 346000000 346500000 2097.67952
OX637739.1 346500000 347000000 2097.01378
OX637739.1 347000000 347500000 2095.07642
OX637739.1 347500000 348000000 2094.0
OX637739.1 348000000 348500000 2094.04512
OX637739.1 348500000 349000000 2094.13289
OX637739.1 349000000 349500000 2096.29788
OX637739.1 349500000 350000000 2094.88261
OX637739.1 350000000 350500000 2091.01603
OX637739.1 350500000 351000000 2091.0
OX637739.1 351000000 351500000 2091.6135
OX637739.1 351500000 352000000 2091.20017
OX637739.1 352000000 352500000 2088.28711
OX637739.1 352500000 353000000 2087.23734
OX637739.1 353000000 353500000 2087.0
OX637739.1 353500000 354000000 2087.0
OX637739.1 354000000 354500000 2087.02926
OX637739.1 354500000 355000000 2086.53456
OX637739.1 355000000 355500000 2088.37757
OX637739.1 355500000 356000000 2089.64725
OX637739.1 356000000 356500000 2088.64985
OX637739.1 356500000 357000000 2086.39353
OX637739.1 357000000 357500000 2084.79554
OX637739.1 357500000 358000000 2084.85712
OX637739.1 358000000 358500000 2084.78937
OX637739.1 358500000 359000000 2082.81452
OX637739.1 359000000 359500000 2083.46545
OX637739.1 359500000 360000000 2083.02154
OX637739.1 360000000 360500000 2080.8938
OX637739.1 360500000 361000000 2079.0
OX637739.1 361000000 361500000 2079.06348
OX637739.1 361500000 362000000 2081.63191
OX637739.1 362000000 362500000 2080.3928
OX637739.1 362500000 363000000 2076.67559
OX637739.1 363000000 363500000 2074.44085
OX637739.1 363500000 364000000 2074.59618
OX637739.1 364000000 364500000 2073.46012
OX637739.1 364500000 365000000 2070.87205
OX637739.1 365000000 365500000 2068.0031
OX637739.1 365500000 366000000 2068.31527
OX637739.1 366000000 366500000 2069.22681
OX637739.1 366500000 367000000 2067.62241
OX637739.1 367000000 367500000 2067.76269
OX637739.1 367500000 368000000 2065.25472
OX637739.1 368000000 368500000 2065.04556
OX637739.1 368500000 369000000 2064.19861
OX637739.1 369000000 369500000 2063.0
OX637739.1 369500000 370000000 2061.82837
OX637739.1 370000000 370500000 2061.65202
OX637739.1 370500000 371000000 2058.82276
OX637739.1 371000000 371500000 2057.29602
OX637739.1 371500000 372000000 2054.24393
OX637739.1 372000000 372500000 2053.28752
OX637739.1 372500000 373000000 2050.80037
OX637739.1 373000000 373500000 2048.20353
OX637739.1 373500000 374000000 2047.6448
OX637739.1 374000000 374500000 2046.93272
OX637739.1 374500000 375000000 2044.84916
OX637739.1 375000000 375500000 2044.29026
OX637739.1 375500000 376000000 2043.59604
OX637739.1 376000000 376500000 2040.97441
OX637739.1 376500000 377000000 2038.45689
OX637739.1 377000000 377500000 2035.25759
OX637739.1 377500000 378000000 2032.50011
OX637739.1 378000000 378500000 2030.40047
OX637739.1 378500000 379000000 2030.01782
OX637739.1 379000000 379500000 2029.02304
OX637739.1 379500000 380000000 2028.53504
OX637739.1 380000000 380500000 2024.92898
OX637739.1 380500000 381000000 2022.16932
OX637739.1 381000000 381500000 2020.62549
OX637739.1 381500000 382000000 2016.50862
OX637739.1 382000000 382500000 2015.19632
OX637739.1 382500000 383000000 2014.79699
OX637739.1 383000000 383500000 2015.0
OX637739.1 383500000 384000000 2014.24663
OX637739.1 384000000 384500000 2014.01075
OX637739.1 384500000 385000000 2014.08287
OX637739.1 385000000 385500000 2011.95665
OX637739.1 385500000 386000000 2010.77223
OX637739.1 386000000 386500000 2007.29729
OX637739.1 386500000 387000000 2006.01895
OX637739.1 387000000 387500000 2005.78472
OX637739.1 387500000 388000000 2002.96017
OX637739.1 388000000 388500000 2002.0
OX637739.1 388500000 389000000 2000.73469
OX637739.1 389000000 389500000 1998.43792
OX637739.1 389500000 390000000 1995.63008
OX637739.1 390000000 390500000 1995.42535
OX637739.1 390500000 391000000 1993.73077
OX637739.1 391000000 391500000 1992.73339
OX637739.1 391500000 392000000 1988.75927
OX637739.1 392000000 392500000 1986.08798
OX637739.1 392500000 393000000 1982.97441
OX637739.1 393000000 393500000 1980.93302
OX637739.1 393500000 394000000 1980.0
OX637739.1 394000000 394500000 1978.81661
OX637739.1 394500000 395000000 1973.75821
OX637739.1 395000000 395500000 1970.39151
OX637739.1 395500000 396000000 1965.90828
OX637739.1 396000000 396500000 1963.83532
OX637739.1 396500000 397000000 1963.10783
OX637739.1 397000000 397500000 1961.72614
OX637739.1 397500000 398000000 1958.77274
OX637739.1 398000000 398500000 1952.36845
OX637739.1 398500000 399000000 1948.46184
OX637739.1 399000000 399500000 1943.37562
OX637739.1 399500000 400000000 1940.87871
OX637739.1 400000000 400500000 1937.66796
OX637739.1 400500000 401000000 1933.26398
OX637739.1 401000000 401500000 1930.29829
OX637739.1 401500000 402000000 1927.6252
OX637739.1 402000000 402500000 1924.45108
OX637739.1 402500000 403000000 1923.53069
OX637739.1 403000000 403500000 1918.12966
OX637739.1 403500000 404000000 1910.51061
OX637739.1 404000000 404500000 1902.83776
OX637739.1 404500000 405000000 1899.01308
OX637739.1 405000000 405500000 1895.83677
OX637739.1 405500000 406000000 1893.802
OX637739.1 406000000 406500000 1889.84623
OX637739.1 406500000 407000000 1888.5313
OX637739.1 407000000 407500000 1887.1559
OX637739.1 407500000 408000000 1883.63393
OX637739.1 408000000 408500000 1881.44878
OX637739.1 408500000 409000000 1878.55431
OX637739.1 409000000 409500000 1875.29075
OX637739.1 409500000 410000000 1871.50547
OX637739.1 410000000 410500000 1869.51367
OX637739.1 410500000 411000000 1866.11928
OX637739.1 411000000 411500000 1862.647
OX637739.1 411500000 412000000 1858.01972
OX637739.1 412000000 412500000 1852.18202
OX637739.1 412500000 413000000 1849.60997
OX637739.1 413000000 413500000 1845.45446
OX637739.1 413500000 414000000 1841.2881
OX637739.1 414000000 414500000 1831.65743
OX637739.1 414500000 415000000 1829.38413
OX637739.1 415000000 415500000 1825.46587
OX637739.1 415500000 416000000 1821.75023
OX637739.1 416000000 416500000 1816.32746
OX637739.1 416500000 417000000 1809.2046
OX637739.1 417000000 417500000 1804.75337
OX637739.1 417500000 418000000 1797.24979
OX637739.1 418000000 418500000 1793.76863
OX637739.1 418500000 419000000 1789.09906
OX637739.1 419000000 419500000 1786.13441
OX637739.1 419500000 420000000 1784.46302
OX637739.1 420000000 420500000 1781.23843
OX637739.1 420500000 421000000 1779.88083
OX637739.1 421000000 421500000 1774.37472
OX637739.1 421500000 422000000 1771.0
OX637739.1 422000000 422500000 1769.55295
OX637739.1 422500000 423000000 1768.0701
OX637739.1 423000000 423500000 1766.87201
OX637739.1 423500000 424000000 1762.23174
OX637739.1 424000000 424500000 1758.12001
OX637739.1 424500000 425000000 1758.0003
OX637739.1 425000000 425500000 1754.67663
OX637739.1 425500000 426000000 1750.24746
OX637739.1 426000000 426500000 1747.25726
OX637739.1 426500000 427000000 1743.22274
OX637739.1 427000000 427500000 1740.91555
OX637739.1 427500000 428000000 1738.0
OX637739.1 428000000 428500000 1735.24844
OX637739.1 428500000 429000000 1728.10837
OX637739.1 429000000 429500000 1724.40343
OX637739.1 429500000 430000000 1717.43446
OX637739.1 430000000 430500000 1705.4022
OX637739.1 430500000 431000000 1698.69837
OX637739.1 431000000 431500000 1693.91945
OX637739.1 431500000 432000000 1690.99905
OX637739.1 432000000 432500000 1689.80035
OX637739.1 432500000 433000000 1686.65108
OX637739.1 433000000 433500000 1683.24564
OX637739.1 433500000 434000000 1679.58626
OX637739.1 434000000 434500000 1672.00355
OX637739.1 434500000 435000000 1665.74126
OX637739.1 435000000 435500000 1659.9224
OX637739.1 435500000 436000000 1647.75455
OX637739.1 436000000 436500000 1636.43292
OX637739.1 436500000 437000000 1632.14758
OX637739.1 437000000 437500000 1624.60431
OX637739.1 437500000 438000000 1619.0
OX637739.1 438000000 438500000 1611.76939
OX637739.1 438500000 439000000 1610.346
OX637739.1 439000000 439500000 1607.20501
OX637739.1 439500000 440000000 1607.23707
OX637739.1 440000000 440500000 1608.07425
OX637739.1 440500000 441000000 1610.05247
OX637739.1 441000000 441500000 1608.77317
OX637739.1 441500000 442000000 1607.6271
OX637739.1 442000000 442500000 1605.17049
OX637739.1 442500000 443000000 1603.72066
OX637739.1 443000000 443500000 1605.23962
OX637739.1 443500000 444000000 1604.15946
OX637739.1 444000000 444500000 1599.96876
OX637739.1 444500000 445000000 1597.18982
OX637739.1 445000000 445500000 1595.51905
OX637739.1 445500000 446000000 1594.0324
OX637739.1 446000000 446500000 1593.48594
OX637739.1 446500000 447000000 1593.22348
OX637739.1 447000000 447500000 1592.63732
OX637739.1 447500000 448000000 1590.78118
OX637739.1 448000000 448500000 1589.56682
OX637739.1 448500000 449000000 1587.57515
OX637739.1 449000000 449500000 1583.25619
OX637739.1 449500000 450000000 1582.98708
OX637739.1 450000000 450500000 1582.98614
OX637739.1 450500000 451000000 1583.475
OX637739.1 451000000 451500000 1582.06493
OX637739.1 451500000 452000000 1579.98335
OX637739.1 452000000 452500000 1579.38259
OX637739.1 452500000 453000000 1578.51866
OX637739.1 453000000 453500000 1579.40252
OX637739.1 453500000 454000000 1580.02777
OX637739.1 454000000 454500000 1577.58392
OX637739.1 454500000 455000000 1576.27649
OX637739.1 455000000 455500000 1575.52246
OX637739.1 455500000 456000000 1573.58638
OX637739.1 456000000 456500000 1572.24268
OX637739.1 456500000 457000000 1571.5002
OX637739.1 457000000 457500000 1571.18555
OX637739.1 457500000 458000000 1568.46041
OX637739.1 458000000 458500000 1566.27492
OX637739.1 458500000 459000000 1565.47798
OX637739.1 459000000 459500000 1563.71719
OX637739.1 459500000 460000000 1561.97823
OX637739.1 460000000 460500000 1558.99181
OX637739.1 460500000 461000000 1555.91059
OX637739.1 461000000 461500000 1554.36719
OX637739.1 461500000 462000000 1551.37509
OX637739.1 462000000 462500000 1549.13832
OX637739.1 462500000 463000000 1548.14841
OX637739.1 463000000 463500000 1546.17249
OX637739.1 463500000 464000000 1545.06611
OX637739.1 464000000 464500000 1542.96179
OX637739.1 464500000 465000000 1541.59421
OX637739.1 465000000 465500000 1537.61854
OX637739.1 465500000 466000000 1533.91906
OX637739.1 466000000 466500000 1531.27225
OX637739.1 466500000 467000000 1529.3967
OX637739.1 467000000 467500000 1526.44609
OX637739.1 467500000 468000000 1525.28097
OX637739.1 468000000 468500000 1523.75023
OX637739.1 468500000 469000000 1521.50555
OX637739.1 469000000 469500000 1518.8206
OX637739.1 469500000 470000000 1517.03916
OX637739.1 470000000 470500000 1515.05899
OX637739.1 470500000 471000000 1514.0541
OX637739.1 471000000 471500000 1514.03
OX637739.1 471500000 472000000 1513.35614
OX637739.1 472000000 472500000 1513.07657
OX637739.1 472500000 473000000 1513.17659
OX637739.1 473000000 473500000 1511.7951
OX637739.1 473500000 474000000 1509.70624
OX637739.1 474000000 474500000 1506.65834
OX637739.1 474500000 475000000 1505.99018
OX637739.1 475000000 475500000 1500.75778
OX637739.1 475500000 476000000 1495.81952
OX637739.1 476000000 476500000 1494.01971
OX637739.1 476500000 477000000 1491.36527
OX637739.1 477000000 477500000 1487.55446
OX637739.1 477500000 478000000 1484.45884
OX637739.1 478000000 478500000 1480.98166
OX637739.1 478500000 479000000 1479.11089
OX637739.1 479000000 479500000 1476.91063
OX637739.1 479500000 480000000 1471.41199
OX637739.1 480000000 480500000 1470.82811
OX637739.1 480500000 481000000 1468.07726
OX637739.1 481000000 481500000 1466.36916
OX637739.1 481500000 482000000 1464.04735
OX637739.1 482000000 482500000 1462.20848
OX637739.1 482500000 483000000 1459.12586
OX637739.1 483000000 483500000 1458.60735
OX637739.1 483500000 484000000 1456.88266
OX637739.1 484000000 484500000 1455.74529
OX637739.1 484500000 485000000 1455.07622
OX637739.1 485000000 485500000 1453.33498
OX637739.1 485500000 486000000 1452.08716
OX637739.1 486000000 486500000 1449.83805
OX637739.1 486500000 487000000 1447.16631
OX637739.1 487000000 487500000 1443.28079
OX637739.1 487500000 488000000 1440.52061
OX637739.1 488000000 488500000 1435.50795
OX637739.1 488500000 489000000 1432.17332
OX637739.1 489000000 489500000 1430.08574
OX637739.1 489500000 490000000 1428.98283
OX637739.1 490000000 490500000 1426.15439
OX637739.1 490500000 491000000 1423.5527
OX637739.1 491000000 491500000 1417.73551
OX637739.1 491500000 492000000 1414.61265
OX637739.1 492000000 492500000 1410.62885
OX637739.1 492500000 493000000 1406.5982
OX637739.1 493000000 493500000 1405.29885
OX637739.1 493500000 494000000 1402.51347
OX637739.1 494000000 494500000 1398.1585
OX637739.1 494500000 495000000 1395.37099
OX637739.1 495000000 495500000 1389.06905
OX637739.1 495500000 496000000 1384.52863
OX637739.1 496000000 496500000 1381.24619
OX637739.1 496500000 497000000 1375.01375
OX637739.1 497000000 497500000 1368.22479
OX637739.1 497500000 498000000 1360.91987
OX637739.1 498000000 498500000 1356.59864
OX637739.1 498500000 499000000 1352.92
OX637739.1 499000000 499500000 1349.76225
OX637739.1 499500000 500000000 1339.71086
OX637739.1 500000000 500500000 1335.23079
OX637739.1 500500000 501000000 1332.62841
OX637739.1 501000000 501500000 1330.26531
OX637739.1 501500000 502000000 1328.36122
OX637739.1 502000000 502500000 1323.79657
OX637739.1 502500000 503000000 1314.25433
OX637739.1 503000000 503500000 1311.89167
OX637739.1 503500000 504000000 1305.45109
OX637739.1 504000000 504500000 1300.6465
OX637739.1 504500000 505000000 1296.94647
OX637739.1 505000000 505500000 1293.85668
OX637739.1 505500000 506000000 1290.95615
OX637739.1 506000000 506500000 1287.53726
OX637739.1 506500000 507000000 1283.17158
OX637739.1 507000000 507500000 1282.0
OX637739.1 507500000 508000000 1282.0
OX637739.1 508000000 508500000 1278.91685
OX637739.1 508500000 509000000 1274.6812
OX637739.1 509000000 509500000 1270.39786
OX637739.1 509500000 510000000 1267.77259
OX637739.1 510000000 510500000 1262.80891
OX637739.1 510500000 511000000 1258.59767
OX637739.1 511000000 511500000 1252.66718
OX637739.1 511500000 512000000 1246.55135
OX637739.1 512000000 512500000 1240.53429
OX637739.1 512500000 513000000 1239.55905
OX637739.1 513000000 513500000 1234.08346
OX637739.1 513500000 514000000 1227.85781
OX637739.1 514000000 514500000 1219.45337
OX637739.1 514500000 515000000 1213.48205
OX637739.1 515000000 515500000 1209.56471
OX637739.1 515500000 516000000 1205.05115
OX637739.1 516000000 516500000 1197.14222
OX637739.1 516500000 517000000 1182.03865
OX637739.1 517000000 517500000 1175.80707
OX637739.1 517500000 518000000 1171.33333
OX637739.1 518000000 518500000 1169.18475
OX637739.1 518500000 519000000 1163.5459
OX637739.1 519000000 519500000 1157.62407
OX637739.1 519500000 520000000 1152.11088
OX637739.1 520000000 520500000 1148.53091
OX637739.1 520500000 521000000 1142.40573
OX637739.1 521000000 521500000 1133.98431
OX637739.1 521500000 522000000 1126.66105
OX637739.1 522000000 522500000 1119.50193
OX637739.1 522500000 523000000 1110.78742
OX637739.1 523000000 523500000 1099.28966
OX637739.1 523500000 524000000 1092.42481
OX637739.1 524000000 524500000 1083.97843
OX637739.1 524500000 525000000 1074.34864
OX637739.1 525000000 525500000 1072.65567
OX637739.1 525500000 526000000 1066.82418
OX637739.1 526000000 526500000 1057.14024
OX637739.1 526500000 527000000 1050.02627
OX637739.1 527000000 527500000 1041.9932
OX637739.1 527500000 528000000 1031.82571
OX637739.1 528000000 528500000 1023.51529
OX637739.1 528500000 529000000 1014.44948
OX637739.1 529000000 529500000 1005.04052
OX637739.1 529500000 530000000 1000.88173
OX637739.1 530000000 530500000 996.74298
OX637739.1 530500000 531000000 989.1672
OX637739.1 531000000 531500000 979.64088
OX637739.1 531500000 532000000 969.70695
OX637739.1 532000000 532500000 964.22623
OX637739.1 532500000 533000000 956.40466
OX637739.1 533000000 533500000 946.29708
OX637739.1 533500000 534000000 930.23258
OX637739.1 534000000 534500000 920.16376
OX637739.1 534500000 535000000 914.90044
OX637739.1 535000000 535500000 907.41586
OX637739.1 535500000 536000000 895.6752
OX637739.1 536000000 536500000 874.44709
OX637739.1 536500000 537000000 861.97545
OX637739.1 537000000 537500000 852.91993
OX637739.1 537500000 538000000 847.81189
OX637739.1 538000000 538500000 839.19723
OX637739.1 538500000 539000000 822.84555
OX637739.1 539000000 539500000 810.04703
OX637739.1 539500000 540000000 798.81395
OX637739.1 540000000 540500000 785.45356
OX637739.1 540500000 541000000 759.8225
OX637739.1 541000000 541500000 739.8156
OX637739.1 541500000 542000000 721.80336
OX637739.1 542000000 542500000 703.00964
OX637739.1 542500000 543000000 687.35811
OX637739.1 543000000 543500000 676.36442
OX637739.1 543500000 544000000 658.79022
OX637739.1 544000000 544500000 637.8301
OX637739.1 544500000 545000000 606.62467
OX637739.1 545000000 545500000 576.5627
OX637739.1 545500000 546000000 546.12334
OX637739.1 546000000 546500000 501.86383
OX637739.1 546500000 547000000 470.45516
OX637739.1 547000000 547500000 449.10284
OX637739.1 547500000 548000000 412.56258
OX637739.1 548000000 548500000 397.80173
OX637739.1 548500000 549000000 393.15994
OX637739.1 549000000 549500000 364.73418
OX637739.1 549500000 550000000 319.37553
OX637739.1 550000000 550500000 282.29157
OX637739.1 550500000 551000000 224.70168
OX637739.1 551000000 551500000 144.43944
OX637739.1 551500000 552000000 102.63663
OX637739.1 552000000 552500000 15.48539
OX637739.1 552500000 552998710 0.0
OX637746.1 0 500000 21.57337
OX637746.1 500000 1000000 100.87898
OX637746.1 1000000 1500000 153.64711
OX637746.1 1500000 2000000 185.03222
OX637746.1 2000000 2500000 230.24049
OX637746.1 2500000 3000000 264.76912
OX637746.1 3000000 3500000 287.61567
OX637746.1 3500000 4000000 317.79348
OX637746.1 4000000 4500000 335.6339
OX637746.1 4500000 5000000 351.74257
OX637746.1 5000000 5500000 365.67088
OX637746.1 5500000 6000000 393.56041
OX637746.1 6000000 6500000 416.08741
OX637746.1 6500000 7000000 425.13201
OX637746.1 7000000 7500000 442.19844
OX637746.1 7500000 8000000 473.6828
OX637746.1 8000000 8500000 500.22916
OX637746.1 8500000 9000000 524.86692
OX637746.1 9000000 9500000 535.3757
OX637746.1 9500000 10000000 546.39971
OX637746.1 10000000 10500000 555.4824
OX637746.1 10500000 11000000 571.60727
OX637746.1 11000000 11500000 584.8919
OX637746.1 11500000 12000000 598.37131
OX637746.1 12000000 12500000 613.08846
OX637746.1 12500000 13000000 622.61953
OX637746.1 13000000 13500000 631.13415
OX637746.1 13500000 14000000 638.61923
OX637746.1 14000000 14500000 646.11682
OX637746.1 14500000 15000000 651.81657
OX637746.1 15000000 15500000 659.87175
OX637746.1 15500000 16000000 663.35296
OX637746.1 16000000 16500000 671.87172
OX637746.1 16500000 17000000 682.82465
OX637746.1 17000000 17500000 695.7188
OX637746.1 17500000 18000000 705.54093
OX637746.1 18000000 18500000 712.11505
OX637746.1 18500000 19000000 717.81605
OX637746.1 19000000 19500000 723.72218
OX637746.1 19500000 20000000 732.06306
OX637746.1 20000000 20500000 739.92781
OX637746.1 20500000 21000000 743.48165
OX637746.1 21000000 21500000 748.68359
OX637746.1 21500000 22000000 755.35919
OX637746.1 22000000 22500000 761.37733
OX637746.1 22500000 23000000 764.43978
OX637746.1 23000000 23500000 766.26011
OX637746.1 23500000 24000000 771.05012
OX637746.1 24000000 24500000 776.60449
OX637746.1 24500000 25000000 778.1837
OX637746.1 25000000 25500000 782.861
OX637746.1 25500000 26000000 786.75457
OX637746.1 26000000 26500000 789.22759
OX637746.1 26500000 27000000 795.25892
OX637746.1 27000000 27500000 802.15979
OX637746.1 27500000 28000000 806.84795
OX637746.1 28000000 28500000 807.07713
OX637746.1 28500000 29000000 807.94184
OX637746.1 29000000 29500000 811.64951
OX637746.1 29500000 30000000 818.18466
OX637746.1 30000000 30500000 822.52191
OX637746.1 30500000 31000000 829.03175
OX637746.1 31000000 31500000 830.21341
OX637746.1 31500000 32000000 838.07351
OX637746.1 32000000 32500000 847.16574
OX637746.1 32500000 33000000 852.43641
OX637746.1 33000000 33500000 856.92511
OX637746.1 33500000 34000000 862.79578
OX637746.1 34000000 34500000 865.40188
OX637746.1 34500000 35000000 867.88373
OX637746.1 35000000 35500000 872.73835
OX637746.1 35500000 36000000 875.28006
OX637746.1 36000000 36500000 881.61915
OX637746.1 36500000 37000000 884.00297
OX637746.1 37000000 37500000 888.24996
OX637746.1 37500000 38000000 891.30633
OX637746.1 38000000 38500000 896.05837
OX637746.1 38500000 39000000 902.32333
OX637746.1 39000000 39500000 907.35526
OX637746.1 39500000 40000000 911.3403
OX637746.1 40000000 40500000 915.68116
OX637746.1 40500000 41000000 920.38593
OX637746.1 41000000 41500000 924.01888
OX637746.1 41500000 42000000 928.35606
OX637746.1 42000000 42500000 928.34105
OX637746.1 42500000 43000000 930.74131
OX637746.1 43000000 43500000 936.55875
OX637746.1 43500000 44000000 937.92913
OX637746.1 44000000 44500000 940.76372
OX637746.1 44500000 45000000 942.73267
OX637746.1 45000000 45500000 944.01022
OX637746.1 45500000 46000000 945.62601
OX637746.1 46000000 46500000 948.00306
OX637746.1 46500000 47000000 949.01412
OX637746.1 47000000 47500000 952.18382
OX637746.1 47500000 48000000 956.83934
OX637746.1 48000000 48500000 983.02623
OX637746.1 48500000 49000000 999.88403
OX637746.1 49000000 49500000 1002.30716
OX637746.1 49500000 50000000 1008.4484
OX637746.1 50000000 50500000 1013.0
OX637746.1 50500000 51000000 1018.011
OX637746.1 51000000 51500000 1045.16808
OX637746.1 51500000 52000000 1067.38298
OX637746.1 52000000 52500000 1081.34621
OX637746.1 52500000 53000000 1094.34475
OX637746.1 53000000 53500000 1104.83498
OX637746.1 53500000 54000000 1116.22361
OX637746.1 54000000 54500000 1128.61712
OX637746.1 54500000 55000000 1142.52283
OX637746.1 55000000 55500000 1150.1533
OX637746.1 55500000 56000000 1153.74646
OX637746.1 56000000 56500000 1157.0388
OX637746.1 56500000 57000000 1165.49475
OX637746.1 57000000 57500000 1170.67415
OX637746.1 57500000 58000000 1175.79051
OX637746.1 58000000 58500000 1182.41587
OX637746.1 58500000 59000000 1189.23952
OX637746.1 59000000 59500000 1197.55664
OX637746.1 59500000 60000000 1209.90388
OX637746.1 60000000 60500000 1215.86794
OX637746.1 60500000 61000000 1220.65284
OX637746.1 61000000 61500000 1222.35323
OX637746.1 61500000 62000000 1229.56253
OX637746.1 62000000 62500000 1242.86026
OX637746.1 62500000 63000000 1248.16217
OX637746.1 63000000 63500000 1250.68339
OX637746.1 63500000 64000000 1252.63556
OX637746.1 64000000 64500000 1257.1319
OX637746.1 64500000 65000000 1267.25659
OX637746.1 65000000 65500000 1274.96328
OX637746.1 65500000 66000000 1284.27761
OX637746.1 66000000 66500000 1293.79006
OX637746.1 66500000 67000000 1297.11676
OX637746.1 67000000 67500000 1303.21814
OX637746.1 67500000 68000000 1307.21783
OX637746.1 68000000 68500000 1310.49506
OX637746.1 68500000 69000000 1315.76544
OX637746.1 69000000 69500000 1319.8831
OX637746.1 69500000 70000000 1323.97457
OX637746.1 70000000 70500000 1326.62544
OX637746.1 70500000 71000000 1335.10458
OX637746.1 71000000 71500000 1342.54716
OX637746.1 71500000 72000000 1343.8281
OX637746.1 72000000 72500000 1346.85745
OX637746.1 72500000 73000000 1347.03222
OX637746.1 73000000 73500000 1348.10466
OX637746.1 73500000 74000000 1351.13725
OX637746.1 74000000 74500000 1352.22386
OX637746.1 74500000 75000000 1355.99186
OX637746.1 75000000 75500000 1361.80638
OX637746.1 75500000 76000000 1364.88341
OX637746.1 76000000 76500000 1368.04699
OX637746.1 76500000 77000000 1372.05259
OX637746.1 77000000 77500000 1374.48284
OX637746.1 77500000 78000000 1375.94413
OX637746.1 78000000 78500000 1381.33081
OX637746.1 78500000 79000000 1390.36699
OX637746.1 79000000 79500000 1395.05422
OX637746.1 79500000 80000000 1396.92133
OX637746.1 80000000 80500000 1401.65319
OX637746.1 80500000 81000000 1407.20253
OX637746.1 81000000 81500000 1409.93289
OX637746.1 81500000 82000000 1410.32027
OX637746.1 82000000 82500000 1415.22086
OX637746.1 82500000 83000000 1416.37511
OX637746.1 83000000 83500000 1421.35862
OX637746.1 83500000 84000000 1424.47139
OX637746.1 84000000 84500000 1426.80434
OX637746.1 84500000 85000000 1426.95381
OX637746.1 85000000 85500000 1427.24625
OX637746.1 85500000 86000000 1429.66482
OX637746.1 86000000 86500000 1431.05977
OX637746.1 86500000 87000000 1432.22335
OX637746.1 87000000 87500000 1433.12455
OX637746.1 87500000 88000000 1434.60609
OX637746.1 88000000 88500000 1439.30767
OX637746.1 88500000 89000000 1441.71799
OX637746.1 89000000 89500000 1443.2771
OX637746.1 89500000 90000000 1446.33857
OX637746.1 90000000 90500000 1450.91077
OX637746.1 90500000 91000000 1453.48859
OX637746.1 91000000 91500000 1456.48302
OX637746.1 91500000 92000000 1459.0
OX637746.1 92000000 92500000 1459.67425
OX637746.1 92500000 93000000 1460.74085
OX637746.1 93000000 93500000 1463.0
OX637746.1 93500000 94000000 1463.70829
OX637746.1 94000000 94500000 1464.0
OX637746.1 94500000 95000000 1464.02899
OX637746.1 95000000 95500000 1464.02436
OX637746.1 95500000 96000000 1464.62502
OX637746.1 96000000 96500000 1465.66383
OX637746.1 96500000 97000000 1466.70497
OX637746.1 97000000 97500000 1467.40858
OX637746.1 97500000 98000000 1468.02936
OX637746.1 98000000 98500000 1468.10154
OX637746.1 98500000 99000000 1470.96433
OX637746.1 99000000 99500000 1473.16815
OX637746.1 99500000 100000000 1474.77003
OX637746.1 100000000 100500000 1476.53875
OX637746.1 100500000 101000000 1477.06703
OX637746.1 101000000 101500000 1477.28887
OX637746.1 101500000 102000000 1479.0
OX637746.1 102000000 102500000 1479.02419
OX637746.1 102500000 103000000 1479.5563
OX637746.1 103000000 103500000 1480.74202
OX637746.1 103500000 104000000 1483.34395
OX637746.1 104000000 104500000 1485.24163
OX637746.1 104500000 105000000 1486.61589
OX637746.1 105000000 105500000 1487.66901
OX637746.1 105500000 106000000 1488.85132
OX637746.1 106000000 106500000 1489.04191
OX637746.1 106500000 107000000 1491.09171
OX637746.1 107000000 107500000 1492.7975
OX637746.1 107500000 108000000 1493.0501
OX637746.1 108000000 108500000 1493.0
OX637746.1 108500000 109000000 1493.67226
OX637746.1 109000000 109500000 1497.321
OX637746.1 109500000 110000000 1499.87488
OX637746.1 110000000 110500000 1501.0
OX637746.1 110500000 111000000 1502.61756
OX637746.1 111000000 111500000 1505.4394
OX637746.1 111500000 112000000 1507.47677
OX637746.1 112000000 112500000 1508.74041
OX637746.1 112500000 113000000 1511.0
OX637746.1 113000000 113500000 1511.17739
OX637746.1 113500000 114000000 1511.58577
OX637746.1 114000000 114500000 1511.02871
OX637746.1 114500000 115000000 1512.3511
OX637746.1 115000000 115500000 1513.56217
OX637746.1 115500000 116000000 1514.96168
OX637746.1 116000000 116500000 1517.72227
OX637746.1 116500000 117000000 1518.57432
OX637746.1 117000000 117500000 1520.25131
OX637746.1 117500000 118000000 1521.78352
OX637746.1 118000000 118500000 1522.0154
OX637746.1 118500000 119000000 1522.1527
OX637746.1 119000000 119500000 1525.62521
OX637746.1 119500000 120000000 1529.67586
OX637746.1 120000000 120500000 1532.39701
OX637746.1 120500000 121000000 1534.61093
OX637746.1 121000000 121500000 1535.36902
OX637746.1 121500000 122000000 1536.1907
OX637746.1 122000000 122500000 1537.08788
OX637746.1 122500000 123000000 1538.46982
OX637746.1 123000000 123500000 1540.0
OX637746.1 123500000 124000000 1540.86437
OX637746.1 124000000 124500000 1541.0
OX637746.1 124500000 125000000 1541.89626
OX637746.1 125000000 125500000 1545.39059
OX637746.1 125500000 126000000 1547.61663
OX637746.1 126000000 126500000 1550.06165
OX637746.1 126500000 127000000 1551.02774
OX637746.1 127000000 127500000 1551.02908
OX637746.1 127500000 128000000 1552.02575
OX637746.1 128000000 128500000 1552.0
OX637746.1 128500000 129000000 1552.0
OX637746.1 129000000 129500000 1552.02262
OX637746.1 129500000 130000000 1552.01071
OX637746.1 130000000 130500000 1552.02297
OX637746.1 130500000 131000000 1552.00518
OX637746.1 131000000 131500000 1553.6867
OX637746.1 131500000 132000000 1556.58205
OX637746.1 132000000 132500000 1556.83823
OX637746.1 132500000 133000000 1559.19207
OX637746.1 133000000 133500000 1562.0
OX637746.1 133500000 134000000 1562.56413
OX637746.1 134000000 134500000 1564.04474
OX637746.1 134500000 135000000 1564.38163
OX637746.1 135000000 135500000 1566.52747
OX637746.1 135500000 136000000 1568.0
OX637746.1 136000000 136500000 1569.83146
OX637746.1 136500000 137000000 1573.0
OX637746.1 137000000 137500000 1573.0
OX637746.1 137500000 138000000 1573.36539
OX637746.1 138000000 138500000 1573.85221
OX637746.1 138500000 139000000 1573.04548
OX637746.1 139000000 139500000 1573.05025
OX637746.1 139500000 140000000 1573.00983
OX637746.1 140000000 140500000 1573.74212
OX637746.1 140500000 141000000 1575.0
OX637746.1 141000000 141500000 1575.0
OX637746.1 141500000 142000000 1575.05052
OX637746.1 142000000 142500000 1575.37183
OX637746.1 142500000 143000000 1575.90019
OX637746.1 143000000 143500000 1575.02366
OX637746.1 143500000 144000000 1577.0
OX637746.1 144000000 144500000 1577.0
OX637746.1 144500000 145000000 1577.0
OX637746.1 145000000 145500000 1577.42805
OX637746.1 145500000 146000000 1578.45877
OX637746.1 146000000 146500000 1578.02414
OX637746.1 146500000 147000000 1578.02497
OX637746.1 147000000 147500000 1577.27671
OX637746.1 147500000 148000000 1577.06746
OX637746.1 148000000 148500000 1577.18819
OX637746.1 148500000 149000000 1577.07494
OX637746.1 149000000 149500000 1577.55036
OX637746.1 149500000 150000000 1578.06718
OX637746.1 150000000 150500000 1579.63093
OX637746.1 150500000 151000000 1582.02983
OX637746.1 151000000 151500000 1583.26072
OX637746.1 151500000 152000000 1584.26473
OX637746.1 152000000 152500000 1585.28173
OX637746.1 152500000 153000000 1586.0
OX637746.1 153000000 153500000 1586.0172
OX637746.1 153500000 154000000 1586.28791
OX637746.1 154000000 154500000 1587.05933
OX637746.1 154500000 155000000 1587.27163
OX637746.1 155000000 155500000 1588.03081
OX637746.1 155500000 156000000 1588.0
OX637746.1 156000000 156500000 1589.02922
OX637746.1 156500000 157000000 1590.91395
OX637746.1 157000000 157500000 1592.02604
OX637746.1 157500000 158000000 1593.30022
OX637746.1 158000000 158500000 1595.1261
OX637746.1 158500000 159000000 1596.16639
OX637746.1 159000000 159500000 1597.0
OX637746.1 159500000 160000000 1597.0
OX637746.1 160000000 160500000 1597.0
OX637746.1 160500000 161000000 1597.0464
OX637746.1 161000000 161500000 1597.0
OX637746.1 161500000 162000000 1597.0
OX637746.1 162000000 162500000 1597.25432
OX637746.1 162500000 163000000 1599.06252
OX637746.1 163000000 163500000 1599.16886
OX637746.1 163500000 164000000 1599.01785
OX637746.1 164000000 164500000 1598.44623
OX637746.1 164500000 165000000 1598.17523
OX637746.1 165000000 165500000 1599.31641
OX637746.1 165500000 166000000 1601.67787
OX637746.1 166000000 166500000 1603.24693
OX637746.1 166500000 167000000 1604.49806
OX637746.1 167000000 167500000 1605.00031
OX637746.1 167500000 168000000 1605.27888
OX637746.1 168000000 168500000 1608.97638
OX637746.1 168500000 169000000 1608.3572
OX637746.1 169000000 169500000 1610.09695
OX637746.1 169500000 170000000 1611.73035
OX637746.1 170000000 170500000 1612.0
OX637746.1 170500000 171000000 1612.00862
OX637746.1 171000000 171500000 1612.79905
OX637746.1 171500000 172000000 1613.63803
OX637746.1 172000000 172500000 1614.04927
OX637746.1 172500000 173000000 1613.69977
OX637746.1 173000000 173500000 1614.0
OX637746.1 173500000 174000000 1612.96994
OX637746.1 174000000 174500000 1612.0
OX637746.1 174500000 175000000 1612.00906
OX637746.1 175000000 175500000 1611.13432
OX637746.1 175500000 176000000 1611.81602
OX637746.1 176000000 176500000 1612.35308
OX637746.1 176500000 177000000 1613.01923
OX637746.1 177000000 177500000 1613.0
OX637746.1 177500000 178000000 1613.68889
OX637746.1 178000000 178500000 1614.25336
OX637746.1 178500000 179000000 1615.03584
OX637746.1 179000000 179500000 1615.67763
OX637746.1 179500000 180000000 1615.01048
OX637746.1 180000000 180500000 1615.01556
OX637746.1 180500000 181000000 1615.0
OX637746.1 181000000 181500000 1615.0
OX637746.1 181500000 182000000 1616.91217
OX637746.1 182000000 182500000 1617.82568
OX637746.1 182500000 183000000 1617.11439
OX637746.1 183000000 183500000 1618.04285
OX637746.1 183500000 184000000 1618.0
OX637746.1 184000000 184500000 1618.80573
OX637746.1 184500000 185000000 1619.0
OX637746.1 185000000 185500000 1620.4655
OX637746.1 185500000 186000000 1621.17708
OX637746.1 186000000 186500000 1622.99801
OX637746.1 186500000 187000000 1625.34397
OX637746.1 187000000 187500000 1627.23223
OX637746.1 187500000 188000000 1628.0438
OX637746.1 188000000 188500000 1628.00161
OX637746.1 188500000 189000000 1628.77608
OX637746.1 189000000 189500000 1629.0
OX637746.1 189500000 190000000 1629.90599
OX637746.1 190000000 190500000 1630.0
OX637746.1 190500000 191000000 1629.29078
OX637746.1 191000000 191500000 1629.0
OX637746.1 191500000 192000000 1629.98933
OX637746.1 192000000 192500000 1631.0
OX637746.1 192500000 193000000 1631.0
OX637746.1 193000000 193500000 1631.02766
OX637746.1 193500000 194000000 1631.25204
OX637746.1 194000000 194500000 1632.11371
OX637746.1 194500000 195000000 1632.30345
OX637746.1 195000000 195500000 1632.74825
OX637746.1 195500000 196000000 1634.93469
OX637746.1 196000000 196500000 1636.5438
OX637746.1 196500000 197000000 1636.85388
OX637746.1 197000000 197500000 1636.63621
OX637746.1 197500000 198000000 1637.0
OX637746.1 198000000 198500000 1637.82599
OX637746.1 198500000 199000000 1638.0
OX637746.1 199000000 199500000 1637.64347
OX637746.1 199500000 200000000 1636.95721
OX637746.1 200000000 200500000 1637.96626
OX637746.1 200500000 201000000 1638.0
OX637746.1 201000000 201500000 1638.0
OX637746.1 201500000 202000000 1638.0
OX637746.1 202000000 202500000 1638.0
OX637746.1 202500000 203000000 1638.0
OX637746.1 203000000 203500000 1638.00306
OX637746.1 203500000 204000000 1638.23526
OX637746.1 204000000 204500000 1638.43887
OX637746.1 204500000 205000000 1638.0
OX637746.1 205000000 205500000 1638.0
OX637746.1 205500000 206000000 1637.27933
OX637746.1 206000000 206500000 1637.05463
OX637746.1 206500000 207000000 1636.1711
OX637746.1 207000000 207500000 1636.66364
OX637746.1 207500000 208000000 1637.27437
OX637746.1 208000000 208500000 1638.02565
OX637746.1 208500000 209000000 1638.0
OX637746.1 209000000 209500000 1638.54021
OX637746.1 209500000 210000000 1639.84927
OX637746.1 210000000 210500000 1640.10022
OX637746.1 210500000 211000000 1641.0
OX637746.1 211000000 211500000 1641.0288
OX637746.1 211500000 212000000 1641.85853
OX637746.1 212000000 212500000 1642.00026
OX637746.1 212500000 213000000 1641.72633
OX637746.1 213000000 213500000 1642.546
OX637746.1 213500000 214000000 1644.22554
OX637746.1 214000000 214500000 1646.11985
OX637746.1 214500000 215000000 1647.48088
OX637746.1 215000000 215500000 1648.05142
OX637746.1 215500000 216000000 1648.02464
OX637746.1 216000000 216500000 1647.30675
OX637746.1 216500000 217000000 1648.4115
OX637746.1 217000000 217500000 1648.2972
OX637746.1 217500000 218000000 1647.60223
OX637746.1 218000000 218500000 1647.0
OX637746.1 218500000 219000000 1647.0
OX637746.1 219000000 219500000 1647.0
OX637746.1 219500000 220000000 1647.0
OX637746.1 220000000 220500000 1647.02692
OX637746.1 220500000 221000000 1647.0
OX637746.1 221000000 221500000 1647.66381
OX637746.1 221500000 222000000 1647.36356
OX637746.1 222000000 222500000 1647.96999
OX637746.1 222500000 223000000 1647.78161
OX637746.1 223000000 223500000 1648.80265
OX637746.1 223500000 224000000 1650.0
OX637746.1 224000000 224500000 1649.00528
OX637746.1 224500000 225000000 1649.0
OX637746.1 225000000 225500000 1649.02533
OX637746.1 225500000 226000000 1649.90009
OX637746.1 226000000 226500000 1649.66018
OX637746.1 226500000 227000000 1648.98502
OX637746.1 227000000 227500000 1648.65589
OX637746.1 227500000 228000000 1650.00151
OX637746.1 228000000 228500000 1651.00762
OX637746.1 228500000 229000000 1652.81766
OX637746.1 229000000 229500000 1657.1793
OX637746.1 229500000 230000000 1660.24107
OX637746.1 230000000 230500000 1662.13895
OX637746.1 230500000 231000000 1663.76313
OX637746.1 231000000 231500000 1666.37343
OX637746.1 231500000 232000000 1667.15687
OX637746.1 232000000 232500000 1668.526
OX637746.1 232500000 233000000 1670.02498
OX637746.1 233000000 233500000 1670.02941
OX637746.1 233500000 234000000 1670.97837
OX637746.1 234000000 234500000 1672.79357
OX637746.1 234500000 235000000 1676.87436
OX637746.1 235000000 235500000 1677.05515
OX637746.1 235500000 236000000 1678.06761
OX637746.1 236000000 236500000 1678.36215
OX637746.1 236500000 237000000 1679.29768
OX637746.1 237000000 237500000 1680.19967
OX637746.1 237500000 238000000 1681.96727
OX637746.1 238000000 238500000 1682.37386
OX637746.1 238500000 239000000 1682.56304
OX637746.1 239000000 239500000 1682.0
OX637746.1 239500000 240000000 1681.17587
OX637746.1 240000000 240500000 1680.89663
OX637746.1 240500000 241000000 1680.87218
OX637746.1 241000000 241500000 1681.14683
OX637746.1 241500000 242000000 1682.08801
OX637746.1 242000000 242500000 1683.03677
OX637746.1 242500000 243000000 1682.63089
OX637746.1 243000000 243500000 1683.4693
OX637746.1 243500000 244000000 1684.02886
OX637746.1 244000000 244500000 1683.5197
OX637746.1 244500000 245000000 1681.34069
OX637746.1 245000000 245500000 1681.04346
OX637746.1 245500000 246000000 1680.53282
OX637746.1 246000000 246500000 1681.10821
OX637746.1 246500000 247000000 1681.78333
OX637746.1 247000000 247500000 1681.93658
OX637746.1 247500000 248000000 1682.01778
OX637746.1 248000000 248500000 1681.48386
OX637746.1 248500000 249000000 1680.19208
OX637746.1 249000000 249500000 1680.2458
OX637746.1 249500000 250000000 1681.02995
OX637746.1 250000000 250500000 1681.0
OX637746.1 250500000 251000000 1681.00461
OX637746.1 251000000 251500000 1681.02401
OX637746.1 251500000 252000000 1680.01956
OX637746.1 252000000 252500000 1680.0
OX637746.1 252500000 253000000 1680.00752
OX637746.1 253000000 253500000 1680.02886
OX637746.1 253500000 254000000 1680.1787
OX637746.1 254000000 254500000 1680.00008
OX637746.1 254500000 255000000 1679.2528
OX637746.1 255000000 255500000 1677.59521
OX637746.1 255500000 256000000 1677.08294
OX637746.1 256000000 256500000 1677.52043
OX637746.1 256500000 257000000 1678.0
OX637746.1 257000000 257500000 1678.02489
OX637746.1 257500000 258000000 1678.02529
OX637746.1 258000000 258500000 1678.02616
OX637746.1 258500000 259000000 1678.89779
OX637746.1 259000000 259500000 1678.02418
OX637746.1 259500000 260000000 1678.0
OX637746.1 260000000 260500000 1678.03643
OX637746.1 260500000 261000000 1677.88858
OX637746.1 261000000 261500000 1677.07658
OX637746.1 261500000 262000000 1676.56394
OX637746.1 262000000 262500000 1674.64405
OX637746.1 262500000 263000000 1673.99654
OX637746.1 263000000 263500000 1674.0297
OX637746.1 263500000 264000000 1674.0
OX637746.1 264000000 264500000 1674.17168
OX637746.1 264500000 265000000 1674.88801
OX637746.1 265000000 265500000 1675.01
OX637746.1 265500000 266000000 1675.0
OX637746.1 266000000 266500000 1674.81095
OX637746.1 266500000 267000000 1675.02846
OX637746.1 267000000 267500000 1675.01115
OX637746.1 267500000 268000000 1675.0
OX637746.1 268000000 268500000 1675.30318
OX637746.1 268500000 269000000 1675.35074
OX637746.1 269000000 269500000 1675.03734
OX637746.1 269500000 270000000 1675.83727
OX637746.1 270000000 270500000 1676.54569
OX637746.1 270500000 271000000 1678.26781
OX637746.1 271000000 271500000 1679.0485
OX637746.1 271500000 272000000 1679.02502
OX637746.1 272000000 272500000 1679.01142
OX637746.1 272500000 273000000 1679.64437
OX637746.1 273000000 273500000 1679.8568
OX637746.1 273500000 274000000 1679.0
OX637746.1 274000000 274500000 1678.1052
OX637746.1 274500000 275000000 1676.63383
OX637746.1 275000000 275500000 1676.00876
OX637746.1 275500000 276000000 1675.72608
OX637746.1 276000000 276500000 1675.00095
OX637746.1 276500000 277000000 1675.52472
OX637746.1 277000000 277500000 1673.35197
OX637746.1 277500000 278000000 1671.292
OX637746.1 278000000 278500000 1669.42253
OX637746.1 278500000 279000000 1668.8671
OX637746.1 279000000 279500000 1666.82
OX637746.1 279500000 280000000 1664.27343
OX637746.1 280000000 280500000 1662.0603
OX637746.1 280500000 281000000 1661.88028
OX637746.1 281000000 281500000 1660.54724
OX637746.1 281500000 282000000 1658.49835
OX637746.1 282000000 282500000 1657.0
OX637746.1 282500000 283000000 1656.45827
OX637746.1 283000000 283500000 1653.88294
OX637746.1 283500000 284000000 1653.0
OX637746.1 284000000 284500000 1652.22157
OX637746.1 284500000 285000000 1652.21739
OX637746.1 285000000 285500000 1653.04572
OX637746.1 285500000 286000000 1653.48533
OX637746.1 286000000 286500000 1654.26566
OX637746.1 286500000 287000000 1653.62208
OX637746.1 287000000 287500000 1651.47379
OX637746.1 287500000 288000000 1650.0
OX637746.1 288000000 288500000 1650.01808
OX637746.1 288500000 289000000 1650.02786
OX637746.1 289000000 289500000 1649.53837
OX637746.1 289500000 290000000 1649.02498
OX637746.1 290000000 290500000 1649.04251
OX637746.1 290500000 291000000 1648.38589
OX637746.1 291000000 291500000 1647.48608
OX637746.1 291500000 292000000 1647.16866
OX637746.1 292000000 292500000 1646.30838
OX637746.1 292500000 293000000 1646.18886
OX637746.1 293000000 293500000 1644.5406
OX637746.1 293500000 294000000 1642.11921
OX637746.1 294000000 294500000 1638.53918
OX637746.1 294500000 295000000 1635.23972
OX637746.1 295000000 295500000 1632.5902
OX637746.1 295500000 296000000 1631.04128
OX637746.1 296000000 296500000 1631.0
OX637746.1 296500000 297000000 1631.06622
OX637746.1 297000000 297500000 1631.70736
OX637746.1 297500000 298000000 1630.25989
OX637746.1 298000000 298500000 1630.67868
OX637746.1 298500000 299000000 1631.29519
OX637746.1 299000000 299500000 1631.44478
OX637746.1 299500000 300000000 1627.72359
OX637746.1 300000000 300500000 1626.61051
OX637746.1 300500000 301000000 1625.06249
OX637746.1 301000000 301500000 1624.45548
OX637746.1 301500000 302000000 1625.0
OX637746.1 302000000 302500000 1624.26579
OX637746.1 302500000 303000000 1623.68737
OX637746.1 303000000 303500000 1623.0
OX637746.1 303500000 304000000 1623.0
OX637746.1 304000000 304500000 1623.0
OX637746.1 304500000 305000000 1622.27893
OX637746.1 305000000 305500000 1620.79947
OX637746.1 305500000 306000000 1619.71793
OX637746.1 306000000 306500000 1619.0
OX637746.1 306500000 307000000 1619.0
OX637746.1 307000000 307500000 1618.01378
OX637746.1 307500000 308000000 1618.0361
OX637746.1 308000000 308500000 1615.73542
OX637746.1 308500000 309000000 1613.40435
OX637746.1 309000000 309500000 1611.12379
OX637746.1 309500000 310000000 1611.0
OX637746.1 310000000 310500000 1610.91683
OX637746.1 310500000 311000000 1609.7506
OX637746.1 311000000 311500000 1609.05924
OX637746.1 311500000 312000000 1608.084
OX637746.1 312000000 312500000 1607.17615
OX637746.1 312500000 313000000 1605.49308
OX637746.1 313000000 313500000 1604.43549
OX637746.1 313500000 314000000 1603.3615
OX637746.1 314000000 314500000 1600.15857
OX637746.1 314500000 315000000 1599.02458
OX637746.1 315000000 315500000 1599.0
OX637746.1 315500000 316000000 1597.57111
OX637746.1 316000000 316500000 1597.01004
OX637746.1 316500000 317000000 1596.6384
OX637746.1 317000000 317500000 1596.98893
OX637746.1 317500000 318000000 1596.02802
OX637746.1 318000000 318500000 1593.62777
OX637746.1 318500000 319000000 1593.0
OX637746.1 319000000 319500000 1593.0
OX637746.1 319500000 320000000 1592.62652
OX637746.1 320000000 320500000 1592.26801
OX637746.1 320500000 321000000 1592.00831
OX637746.1 321000000 321500000 1592.0429
OX637746.1 321500000 322000000 1592.01514
OX637746.1 322000000 322500000 1592.0
OX637746.1 322500000 323000000 1590.62445
OX637746.1 323000000 323500000 1587.9023
OX637746.1 323500000 324000000 1586.10307
OX637746.1 324000000 324500000 1586.00994
OX637746.1 324500000 325000000 1587.58947
OX637746.1 325000000 325500000 1587.06588
OX637746.1 325500000 326000000 1586.99404
OX637746.1 326000000 326500000 1585.10645
OX637746.1 326500000 327000000 1583.22303
OX637746.1 327000000 327500000 1582.02491
OX637746.1 327500000 328000000 1582.03086
OX637746.1 328000000 328500000 1581.07651
OX637746.1 328500000 329000000 1579.17856
OX637746.1 329000000 329500000 1577.07093
OX637746.1 329500000 330000000 1576.18488
OX637746.1 330000000 330500000 1576.08965
OX637746.1 330500000 331000000 1574.78663
OX637746.1 331000000 331500000 1574.0
OX637746.1 331500000 332000000 1574.0
OX637746.1 332000000 332500000 1573.17547
OX637746.1 332500000 333000000 1573.48744
OX637746.1 333000000 333500000 1574.40962
OX637746.1 333500000 334000000 1572.97419
OX637746.1 334000000 334500000 1570.82124
OX637746.1 334500000 335000000 1569.08103
OX637746.1 335000000 335500000 1569.0467
OX637746.1 335500000 336000000 1569.00156
OX637746.1 336000000 336500000 1567.61344
OX637746.1 336500000 337000000 1565.17913
OX637746.1 337000000 337500000 1564.89564
OX637746.1 337500000 338000000 1564.45547
OX637746.1 338000000 338500000 1564.01293
OX637746.1 338500000 339000000 1563.33399
OX637746.1 339000000 339500000 1562.74287
OX637746.1 339500000 340000000 1561.50297
OX637746.1 340000000 340500000 1558.35981
OX637746.1 340500000 341000000 1557.44839
OX637746.1 341000000 341500000 1556.9246
OX637746.1 341500000 342000000 1556.02168
OX637746.1 342000000 342500000 1554.4446
OX637746.1 342500000 343000000 1552.53293
OX637746.1 343000000 343500000 1550.6275
OX637746.1 343500000 344000000 1549.36114
OX637746.1 344000000 344500000 1548.51378
OX637746.1 344500000 345000000 1547.24208
OX637746.1 345000000 345500000 1545.27853
OX637746.1 345500000 346000000 1544.0
OX637746.1 346000000 346500000 1543.14834
OX637746.1 346500000 347000000 1543.46984
OX637746.1 347000000 347500000 1542.77277
OX637746.1 347500000 348000000 1542.04696
OX637746.1 348000000 348500000 1541.99516
OX637746.1 348500000 349000000 1541.6914
OX637746.1 349000000 349500000 1540.01225
OX637746.1 349500000 350000000 1540.00989
OX637746.1 350000000 350500000 1536.93598
OX637746.1 350500000 351000000 1532.20388
OX637746.1 351000000 351500000 1532.01863
OX637746.1 351500000 352000000 1530.83413
OX637746.1 352000000 352500000 1528.83371
OX637746.1 352500000 353000000 1525.03127
OX637746.1 353000000 353500000 1524.45108
OX637746.1 353500000 354000000 1522.85381
OX637746.1 354000000 354500000 1521.47387
OX637746.1 354500000 355000000 1520.0
OX637746.1 355000000 355500000 1520.0314
OX637746.1 355500000 356000000 1518.96567
OX637746.1 356000000 356500000 1517.6592
OX637746.1 356500000 357000000 1516.63353
OX637746.1 357000000 357500000 1515.21829
OX637746.1 357500000 358000000 1512.59844
OX637746.1 358000000 358500000 1511.0
OX637746.1 358500000 359000000 1509.82089
OX637746.1 359000000 359500000 1509.02513
OX637746.1 359500000 360000000 1508.80367
OX637746.1 360000000 360500000 1507.00032
OX637746.1 360500000 361000000 1506.48783
OX637746.1 361000000 361500000 1506.43338
OX637746.1 361500000 362000000 1505.21419
OX637746.1 362000000 362500000 1503.46521
OX637746.1 362500000 363000000 1503.0
OX637746.1 363000000 363500000 1502.7137
OX637746.1 363500000 364000000 1502.0
OX637746.1 364000000 364500000 1500.60461
OX637746.1 364500000 365000000 1500.00481
OX637746.1 365000000 365500000 1500.03911
OX637746.1 365500000 366000000 1499.45961
OX637746.1 366000000 366500000 1499.03578
OX637746.1 366500000 367000000 1498.65039
OX637746.1 367000000 367500000 1497.86169
OX637746.1 367500000 368000000 1494.46672
OX637746.1 368000000 368500000 1493.61096
OX637746.1 368500000 369000000 1489.25927
OX637746.1 369000000 369500000 1488.74189
OX637746.1 369500000 370000000 1488.9689
OX637746.1 370000000 370500000 1487.58778
OX637746.1 370500000 371000000 1484.66661
OX637746.1 371000000 371500000 1482.61729
OX637746.1 371500000 372000000 1479.9605
OX637746.1 372000000 372500000 1477.75318
OX637746.1 372500000 373000000 1476.87791
OX637746.1 373000000 373500000 1474.72342
OX637746.1 373500000 374000000 1472.27273
OX637746.1 374000000 374500000 1470.25766
OX637746.1 374500000 375000000 1468.91586
OX637746.1 375000000 375500000 1466.0644
OX637746.1 375500000 376000000 1464.8117
OX637746.1 376000000 376500000 1463.02486
OX637746.1 376500000 377000000 1460.51453
OX637746.1 377000000 377500000 1458.0119
OX637746.1 377500000 378000000 1458.0197
OX637746.1 378000000 378500000 1457.50162
OX637746.1 378500000 379000000 1456.73902
OX637746.1 379000000 379500000 1455.76513
OX637746.1 379500000 380000000 1454.53582
OX637746.1 380000000 380500000 1451.90808
OX637746.1 380500000 381000000 1447.74424
OX637746.1 381000000 381500000 1445.49655
OX637746.1 381500000 382000000 1445.27006
OX637746.1 382000000 382500000 1443.19621
OX637746.1 382500000 383000000 1441.51257
OX637746.1 383000000 383500000 1439.1619
OX637746.1 383500000 384000000 1438.04789
OX637746.1 384000000 384500000 1437.54241
OX637746.1 384500000 385000000 1435.69397
OX637746.1 385000000 385500000 1434.02071
OX637746.1 385500000 386000000 1433.02071
OX637746.1 386000000 386500000 1433.0
OX637746.1 386500000 387000000 1431.58661
OX637746.1 387000000 387500000 1428.53067
OX637746.1 387500000 388000000 1426.57169
OX637746.1 388000000 388500000 1423.13481
OX637746.1 388500000 389000000 1419.81585
OX637746.1 389000000 389500000 1418.70098
OX637746.1 389500000 390000000 1416.73411
OX637746.1 390000000 390500000 1414.22897
OX637746.1 390500000 391000000 1411.50609
OX637746.1 391000000 391500000 1407.71517
OX637746.1 391500000 392000000 1405.84279
OX637746.1 392000000 392500000 1402.31385
OX637746.1 392500000 393000000 1401.59415
OX637746.1 393000000 393500000 1399.8359
OX637746.1 393500000 394000000 1398.36029
OX637746.1 394000000 394500000 1397.87105
OX637746.1 394500000 395000000 1395.13951
OX637746.1 395000000 395500000 1394.21959
OX637746.1 395500000 396000000 1392.55632
OX637746.1 396000000 396500000 1391.03808
OX637746.1 396500000 397000000 1390.04018
OX637746.1 397000000 397500000 1389.47132
OX637746.1 397500000 398000000 1388.71803
OX637746.1 398000000 398500000 1385.91365
OX637746.1 398500000 399000000 1383.40658
OX637746.1 399000000 399500000 1378.70418
OX637746.1 399500000 400000000 1377.04885
OX637746.1 400000000 400500000 1377.03083
OX637746.1 400500000 401000000 1375.96792
OX637746.1 401000000 401500000 1371.88752
OX637746.1 401500000 402000000 1369.84816
OX637746.1 402000000 402500000 1366.60488
OX637746.1 402500000 403000000 1365.60117
OX637746.1 403000000 403500000 1366.86212
OX637746.1 403500000 404000000 1365.02111
OX637746.1 404000000 404500000 1365.02343
OX637746.1 404500000 405000000 1364.26412
OX637746.1 405000000 405500000 1364.28719
OX637746.1 405500000 406000000 1362.50176
OX637746.1 406000000 406500000 1356.56934
OX637746.1 406500000 407000000 1354.37348
OX637746.1 407000000 407500000 1352.88063
OX637746.1 407500000 408000000 1351.20702
OX637746.1 408000000 408500000 1348.55214
OX637746.1 408500000 409000000 1346.37065
OX637746.1 409000000 409500000 1343.39692
OX637746.1 409500000 410000000 1340.97362
OX637746.1 410000000 410500000 1339.81911
OX637746.1 410500000 411000000 1337.03258
OX637746.1 411000000 411500000 1335.42442
OX637746.1 411500000 412000000 1332.68067
OX637746.1 412000000 412500000 1329.48105
OX637746.1 412500000 413000000 1327.13839
OX637746.1 413000000 413500000 1324.27477
OX637746.1 413500000 414000000 1321.20844
OX637746.1 414000000 414500000 1319.0421
OX637746.1 414500000 415000000 1319.00297
OX637746.1 415000000 415500000 1319.01701
OX637746.1 415500000 416000000 1317.33639
OX637746.1 416000000 416500000 1314.22131
OX637746.1 416500000 417000000 1313.76991
OX637746.1 417000000 417500000 1313.98364
OX637746.1 417500000 418000000 1312.54359
OX637746.1 418000000 418500000 1308.59461
OX637746.1 418500000 419000000 1304.78617
OX637746.1 419000000 419500000 1301.26155
OX637746.1 419500000 420000000 1299.38899
OX637746.1 420000000 420500000 1295.90569
OX637746.1 420500000 421000000 1291.23729
OX637746.1 421000000 421500000 1287.30211
OX637746.1 421500000 422000000 1283.289
OX637746.1 422000000 422500000 1277.32994
OX637746.1 422500000 423000000 1275.91545
OX637746.1 423000000 423500000 1274.31177
OX637746.1 423500000 424000000 1270.66284
OX637746.1 424000000 424500000 1268.07078
OX637746.1 424500000 425000000 1263.24882
OX637746.1 425000000 425500000 1261.67477
OX637746.1 425500000 426000000 1256.61174
OX637746.1 426000000 426500000 1253.27197
OX637746.1 426500000 427000000 1248.27823
OX637746.1 427000000 427500000 1243.91344
OX637746.1 427500000 428000000 1239.48761
OX637746.1 428000000 428500000 1237.48676
OX637746.1 428500000 429000000 1233.54732
OX637746.1 429000000 429500000 1229.13343
OX637746.1 429500000 430000000 1227.35145
OX637746.1 430000000 430500000 1225.24667
OX637746.1 430500000 431000000 1219.17197
OX637746.1 431000000 431500000 1214.12548
OX637746.1 431500000 432000000 1210.21819
OX637746.1 432000000 432500000 1208.09501
OX637746.1 432500000 433000000 1206.03095
OX637746.1 433000000 433500000 1202.64628
OX637746.1 433500000 434000000 1199.57484
OX637746.1 434000000 434500000 1196.79171
OX637746.1 434500000 435000000 1194.1007
OX637746.1 435000000 435500000 1188.62508
OX637746.1 435500000 436000000 1180.73773
OX637746.1 436000000 436500000 1172.05963
OX637746.1 436500000 437000000 1165.37778
OX637746.1 437000000 437500000 1157.87308
OX637746.1 437500000 438000000 1151.25874
OX637746.1 438000000 438500000 1142.66631
OX637746.1 438500000 439000000 1139.10937
OX637746.1 439000000 439500000 1135.02138
OX637746.1 439500000 440000000 1133.39994
OX637746.1 440000000 440500000 1129.0313
OX637746.1 440500000 441000000 1119.38211
OX637746.1 441000000 441500000 1110.86376
OX637746.1 441500000 442000000 1105.31468
OX637746.1 442000000 442500000 1098.50853
OX637746.1 442500000 443000000 1094.5681
OX637746.1 443000000 443500000 1089.83249
OX637746.1 443500000 444000000 1082.84578
OX637746.1 444000000 444500000 1073.28148
OX637746.1 444500000 445000000 1066.8291
OX637746.1 445000000 445500000 1060.5711
OX637746.1 445500000 446000000 1056.04265
OX637746.1 446000000 446500000 1049.66774
OX637746.1 446500000 447000000 1046.48985
OX637746.1 447000000 447500000 1039.45472
OX637746.1 447500000 448000000 1034.90667
OX637746.1 448000000 448500000 1027.56746
OX637746.1 448500000 449000000 1021.55603
OX637746.1 449000000 449500000 1014.93606
OX637746.1 449500000 450000000 1007.37855
OX637746.1 450000000 450500000 1001.34295
OX637746.1 450500000 451000000 995.99783
OX637746.1 451000000 451500000 991.70803
OX637746.1 451500000 452000000 978.64348
OX637746.1 452000000 452500000 969.694
OX637746.1 452500000 453000000 952.62689
OX637746.1 453000000 453500000 935.44719
OX637746.1 453500000 454000000 925.1836
OX637746.1 454000000 454500000 911.847
OX637746.1 454500000 455000000 903.05952
OX637746.1 455000000 455500000 894.53642
OX637746.1 455500000 456000000 878.82535
OX637746.1 456000000 456500000 859.53004
OX637746.1 456500000 457000000 846.72232
OX637746.1 457000000 457500000 828.68091
OX637746.1 457500000 458000000 805.08258
OX637746.1 458000000 458500000 784.66946
OX637746.1 458500000 459000000 760.4108
OX637746.1 459000000 459500000 735.93281
OX637746.1 459500000 460000000 721.4225
OX637746.1 460000000 460500000 705.35633
OX637746.1 460500000 461000000 675.57128
OX637746.1 461000000 461500000 650.08137
OX637746.1 461500000 462000000 629.12076
OX637746.1 462000000 462500000 583.67549
OX637746.1 462500000 463000000 531.86854
OX637746.1 463000000 463500000 460.87732
OX637746.1 463500000 464000000 438.42571
OX637746.1 464000000 464500000 414.63929
OX637746.1 464500000 465000000 386.36681
OX637746.1 465000000 465500000 373.48848
OX637746.1 465500000 466000000 354.38097
OX637746.1 466000000 466500000 336.43568
OX637746.1 466500000 467000000 321.69063
OX637746.1 467000000 467500000 307.01807
OX637746.1 467500000 468000000 299.61908
OX637746.1 468000000 468500000 279.76825
OX637746.1 468500000 469000000 259.87653
OX637746.1 469000000 469500000 211.35846
OX637746.1 469500000 470000000 162.23512
OX637746.1 470000000 470500000 147.0
OX637746.1 470500000 471000000 147.0
OX637746.1 471000000 471500000 136.27239
OX637746.1 471500000 472000000 109.62285
OX637746.1 472000000 472500000 105.60675
OX637746.1 472500000 473000000 100.15429
OX637746.1 473000000 473455622 36.14308
OX637753.1 0 500000 1.73314
OX637753.1 500000 1000000 52.02764
OX637753.1 1000000 1500000 90.00089
OX637753.1 1500000 2000000 112.79527
OX637753.1 2000000 2500000 158.86009
OX637753.1 2500000 3000000 204.709
OX637753.1 3000000 3500000 234.58546
OX637753.1 3500000 4000000 277.33417
OX637753.1 4000000 4500000 318.976
OX637753.1 4500000 5000000 378.95913
OX637753.1 5000000 5500000 425.75467
OX637753.1 5500000 6000000 456.38862
OX637753.1 6000000 6500000 484.5155
OX637753.1 6500000 7000000 519.3581
OX637753.1 7000000 7500000 550.26693
OX637753.1 7500000 8000000 571.63902
OX637753.1 8000000 8500000 599.17547
OX637753.1 8500000 9000000 626.33021
OX637753.1 9000000 9500000 645.73716
OX637753.1 9500000 10000000 662.65658
OX637753.1 10000000 10500000 679.09678
OX637753.1 10500000 11000000 694.51249
OX637753.1 11000000 11500000 706.70392
OX637753.1 11500000 12000000 718.54326
OX637753.1 12000000 12500000 732.71513
OX637753.1 12500000 13000000 747.19257
OX637753.1 13000000 13500000 758.62922
OX637753.1 13500000 14000000 773.46699
OX637753.1 14000000 14500000 791.78898
OX637753.1 14500000 15000000 803.36007
OX637753.1 15000000 15500000 811.8725
OX637753.1 15500000 16000000 820.25116
OX637753.1 16000000 16500000 833.74608
OX637753.1 16500000 17000000 849.45267
OX637753.1 17000000 17500000 858.24509
OX637753.1 17500000 18000000 865.17539
OX637753.1 18000000 18500000 878.60111
OX637753.1 18500000 19000000 883.237
OX637753.1 19000000 19500000 891.95745
OX637753.1 19500000 20000000 900.00485
OX637753.1 20000000 20500000 909.44653
OX637753.1 20500000 21000000 921.0909
OX637753.1 21000000 21500000 932.5157
OX637753.1 21500000 22000000 938.40116
OX637753.1 22000000 22500000 942.61553
OX637753.1 22500000 23000000 952.83047
OX637753.1 23000000 23500000 962.79638
OX637753.1 23500000 24000000 973.07559
OX637753.1 24000000 24500000 983.554
OX637753.1 24500000 25000000 992.72733
OX637753.1 25000000 25500000 999.65209
OX637753.1 25500000 26000000 1007.17529
OX637753.1 26000000 26500000 1014.94434
OX637753.1 26500000 27000000 1021.98684
OX637753.1 27000000 27500000 1030.12012
OX637753.1 27500000 28000000 1040.09412
OX637753.1 28000000 28500000 1046.66989
OX637753.1 28500000 29000000 1051.6419
OX637753.1 29000000 29500000 1060.23562
OX637753.1 29500000 30000000 1066.03275
OX637753.1 30000000 30500000 1071.33587
OX637753.1 30500000 31000000 1075.84007
OX637753.1 31000000 31500000 1082.76541
OX637753.1 31500000 32000000 1094.8484
OX637753.1 32000000 32500000 1100.49091
OX637753.1 32500000 33000000 1103.71
OX637753.1 33000000 33500000 1108.90401
OX637753.1 33500000 34000000 1116.33331
OX637753.1 34000000 34500000 1123.77249
OX637753.1 34500000 35000000 1129.35872
OX637753.1 35000000 35500000 1132.968
OX637753.1 35500000 36000000 1139.44727
OX637753.1 36000000 36500000 1145.04522
OX637753.1 36500000 37000000 1148.97906
OX637753.1 37000000 37500000 1154.18606
OX637753.1 37500000 38000000 1158.23793
OX637753.1 38000000 38500000 1162.47332
OX637753.1 38500000 39000000 1165.85533
OX637753.1 39000000 39500000 1171.24342
OX637753.1 39500000 40000000 1172.8065
OX637753.1 40000000 40500000 1177.04098
OX637753.1 40500000 41000000 1182.07017
OX637753.1 41000000 41500000 1184.28558
OX637753.1 41500000 42000000 1188.18456
OX637753.1 42000000 42500000 1190.93729
OX637753.1 42500000 43000000 1195.31479
OX637753.1 43000000 43500000 1199.04633
OX637753.1 43500000 44000000 1203.58725
OX637753.1 44000000 44500000 1212.74136
OX637753.1 44500000 45000000 1221.6577
OX637753.1 45000000 45500000 1225.92832
OX637753.1 45500000 46000000 1230.71089
OX637753.1 46000000 46500000 1234.1031
OX637753.1 46500000 47000000 1238.98751
OX637753.1 47000000 47500000 1241.50407
OX637753.1 47500000 48000000 1245.37449
OX637753.1 48000000 48500000 1249.72164
OX637753.1 48500000 49000000 1253.05894
OX637753.1 49000000 49500000 1257.04321
OX637753.1 49500000 50000000 1262.80364
OX637753.1 50000000 50500000 1266.30946
OX637753.1 50500000 51000000 1271.13795
OX637753.1 51000000 51500000 1277.66476
OX637753.1 51500000 52000000 1283.24976
OX637753.1 52000000 52500000 1286.65419
OX637753.1 52500000 53000000 1291.61559
OX637753.1 53000000 53500000 1295.7707
OX637753.1 53500000 54000000 1298.55777
OX637753.1 54000000 54500000 1301.06892
OX637753.1 54500000 55000000 1303.46656
OX637753.1 55000000 55500000 1307.35646
OX637753.1 55500000 56000000 1308.23914
OX637753.1 56000000 56500000 1311.00564
OX637753.1 56500000 57000000 1314.9356
OX637753.1 57000000 57500000 1318.0
OX637753.1 57500000 58000000 1318.46421
OX637753.1 58000000 58500000 1322.95668
OX637753.1 58500000 59000000 1324.42352
OX637753.1 59000000 59500000 1325.0
OX637753.1 59500000 60000000 1326.2679
OX637753.1 60000000 60500000 1334.53479
OX637753.1 60500000 61000000 1338.23812
OX637753.1 61000000 61500000 1342.2118
OX637753.1 61500000 62000000 1345.86619
OX637753.1 62000000 62500000 1347.08573
OX637753.1 62500000 63000000 1348.67499
OX637753.1 63000000 63500000 1352.67506
OX637753.1 63500000 64000000 1355.60737
OX637753.1 64000000 64500000 1357.84911
OX637753.1 64500000 65000000 1360.18215
OX637753.1 65000000 65500000 1363.84371
OX637753.1 65500000 66000000 1366.10222
OX637753.1 66000000 66500000 1367.82405
OX637753.1 66500000 67000000 1368.0
OX637753.1 67000000 67500000 1368.7067
OX637753.1 67500000 68000000 1370.16032
OX637753.1 68000000 68500000 1371.03572
OX637753.1 68500000 69000000 1372.22057
OX637753.1 69000000 69500000 1374.05412
OX637753.1 69500000 70000000 1374.0
OX637753.1 70000000 70500000 1374.0
OX637753.1 70500000 71000000 1375.49519
OX637753.1 71000000 71500000 1378.02164
OX637753.1 71500000 72000000 1381.80086
OX637753.1 72000000 72500000 1383.61741
OX637753.1 72500000 73000000 1386.9916
OX637753.1 73000000 73500000 1392.40914
OX637753.1 73500000 74000000 1394.41722
OX637753.1 74000000 74500000 1394.94192
OX637753.1 74500000 75000000 1396.53018
OX637753.1 75000000 75500000 1397.93889
OX637753.1 75500000 76000000 1402.90534
OX637753.1 76000000 76500000 1403.66291
OX637753.1 76500000 77000000 1406.1541
OX637753.1 77000000 77500000 1412.35156
OX637753.1 77500000 78000000 1415.58626
OX637753.1 78000000 78500000 1417.0
OX637753.1 78500000 79000000 1417.0
OX637753.1 79000000 79500000 1418.47351
OX637753.1 79500000 80000000 1421.93546
OX637753.1 80000000 80500000 1423.43394
OX637753.1 80500000 81000000 1425.19807
OX637753.1 81000000 81500000 1426.5521
OX637753.1 81500000 82000000 1430.0
OX637753.1 82000000 82500000 1432.43403
OX637753.1 82500000 83000000 1435.22409
OX637753.1 83000000 83500000 1437.25318
OX637753.1 83500000 84000000 1438.23828
OX637753.1 84000000 84500000 1444.26363
OX637753.1 84500000 85000000 1448.8672
OX637753.1 85000000 85500000 1450.13549
OX637753.1 85500000 86000000 1453.14223
OX637753.1 86000000 86500000 1455.43923
OX637753.1 86500000 87000000 1460.28554
OX637753.1 87000000 87500000 1462.77595
OX637753.1 87500000 88000000 1465.51773
OX637753.1 88000000 88500000 1468.9958
OX637753.1 88500000 89000000 1473.2003
OX637753.1 89000000 89500000 1477.48254
OX637753.1 89500000 90000000 1479.71605
OX637753.1 90000000 90500000 1480.6349
OX637753.1 90500000 91000000 1481.34332
OX637753.1 91000000 91500000 1482.71244
OX637753.1 91500000 92000000 1484.96329
OX637753.1 92000000 92500000 1488.0
OX637753.1 92500000 93000000 1488.0
OX637753.1 93000000 93500000 1488.04777
OX637753.1 93500000 94000000 1490.41893
OX637753.1 94000000 94500000 1492.15734
OX637753.1 94500000 95000000 1494.00512
OX637753.1 95000000 95500000 1497.11528
OX637753.1 95500000 96000000 1498.02938
OX637753.1 96000000 96500000 1501.92141
OX637753.1 96500000 97000000 1502.37613
OX637753.1 97000000 97500000 1502.01058
OX637753.1 97500000 98000000 1502.25493
OX637753.1 98000000 98500000 1503.02478
OX637753.1 98500000 99000000 1503.02526
OX637753.1 99000000 99500000 1503.59764
OX637753.1 99500000 100000000 1504.0
OX637753.1 100000000 100500000 1504.12905
OX637753.1 100500000 101000000 1505.96335
OX637753.1 101000000 101500000 1506.66332
OX637753.1 101500000 102000000 1507.72496
OX637753.1 102000000 102500000 1508.0
OX637753.1 102500000 103000000 1508.99668
OX637753.1 103000000 103500000 1509.30754
OX637753.1 103500000 104000000 1512.72908
OX637753.1 104000000 104500000 1513.92072
OX637753.1 104500000 105000000 1516.78721
OX637753.1 105000000 105500000 1521.24602
OX637753.1 105500000 106000000 1525.48074
OX637753.1 106000000 106500000 1528.0
OX637753.1 106500000 107000000 1527.8893
OX637753.1 107000000 107500000 1530.72045
OX637753.1 107500000 108000000 1531.67785
OX637753.1 108000000 108500000 1532.0
OX637753.1 108500000 109000000 1533.52148
OX637753.1 109000000 109500000 1534.53431
OX637753.1 109500000 110000000 1536.95803
OX637753.1 110000000 110500000 1540.4649
OX637753.1 110500000 111000000 1541.46653
OX637753.1 111000000 111500000 1543.68577
OX637753.1 111500000 112000000 1544.01032
OX637753.1 112000000 112500000 1544.90398
OX637753.1 112500000 113000000 1545.40435
OX637753.1 113000000 113500000 1548.18477
OX637753.1 113500000 114000000 1554.83794
OX637753.1 114000000 114500000 1556.51144
OX637753.1 114500000 115000000 1557.51024
OX637753.1 115000000 115500000 1559.3043
OX637753.1 115500000 116000000 1562.92872
OX637753.1 116000000 116500000 1563.49992
OX637753.1 116500000 117000000 1563.59242
OX637753.1 117000000 117500000 1562.75326
OX637753.1 117500000 118000000 1562.49835
OX637753.1 118000000 118500000 1564.63277
OX637753.1 118500000 119000000 1566.40836
OX637753.1 119000000 119500000 1569.72822
OX637753.1 119500000 120000000 1571.9663
OX637753.1 120000000 120500000 1573.54848
OX637753.1 120500000 121000000 1574.04576
OX637753.1 121000000 121500000 1574.11417
OX637753.1 121500000 122000000 1576.0
OX637753.1 122000000 122500000 1576.01379
OX637753.1 122500000 123000000 1577.35538
OX637753.1 123000000 123500000 1578.07254
OX637753.1 123500000 124000000 1578.0
OX637753.1 124000000 124500000 1578.90508
OX637753.1 124500000 125000000 1581.56012
OX637753.1 125000000 125500000 1582.28377
OX637753.1 125500000 126000000 1583.04356
OX637753.1 126000000 126500000 1584.0
OX637753.1 126500000 127000000 1584.95307
OX637753.1 127000000 127500000 1586.89619
OX637753.1 127500000 128000000 1586.80103
OX637753.1 128000000 128500000 1586.78805
OX637753.1 128500000 129000000 1587.02502
OX637753.1 129000000 129500000 1587.11821
OX637753.1 129500000 130000000 1588.61887
OX637753.1 130000000 130500000 1590.66505
OX637753.1 130500000 131000000 1593.5779
OX637753.1 131000000 131500000 1594.0575
OX637753.1 131500000 132000000 1594.60643
OX637753.1 132000000 132500000 1596.21601
OX637753.1 132500000 133000000 1597.94577
OX637753.1 133000000 133500000 1597.10831
OX637753.1 133500000 134000000 1597.04143
OX637753.1 134000000 134500000 1597.3594
OX637753.1 134500000 135000000 1600.60089
OX637753.1 135000000 135500000 1603.00111
OX637753.1 135500000 136000000 1603.62549
OX637753.1 136000000 136500000 1606.28635
OX637753.1 136500000 137000000 1607.01417
OX637753.1 137000000 137500000 1608.41061
OX637753.1 137500000 138000000 1609.04677
OX637753.1 138000000 138500000 1610.0
OX637753.1 138500000 139000000 1609.95138
OX637753.1 139000000 139500000 1608.88602
OX637753.1 139500000 140000000 1612.2948
OX637753.1 140000000 140500000 1613.87525
OX637753.1 140500000 141000000 1613.98029
OX637753.1 141000000 141500000 1614.18565
OX637753.1 141500000 142000000 1614.01364
OX637753.1 142000000 142500000 1614.95921
OX637753.1 142500000 143000000 1618.02186
OX637753.1 143000000 143500000 1618.0
OX637753.1 143500000 144000000 1618.29855
OX637753.1 144000000 144500000 1618.0
OX637753.1 144500000 145000000 1618.46297
OX637753.1 145000000 145500000 1619.79632
OX637753.1 145500000 146000000 1621.75672
OX637753.1 146000000 146500000 1621.57913
OX637753.1 146500000 147000000 1621.92088
OX637753.1 147000000 147500000 1623.27256
OX637753.1 147500000 148000000 1623.91846
OX637753.1 148000000 148500000 1626.2151
OX637753.1 148500000 149000000 1627.7189
OX637753.1 149000000 149500000 1630.21629
OX637753.1 149500000 150000000 1631.87133
OX637753.1 150000000 150500000 1632.73522
OX637753.1 150500000 151000000 1634.57623
OX637753.1 151000000 151500000 1636.40786
OX637753.1 151500000 152000000 1639.83329
OX637753.1 152000000 152500000 1639.14802
OX637753.1 152500000 153000000 1638.17264
OX637753.1 153000000 153500000 1638.54782
OX637753.1 153500000 154000000 1639.14582
OX637753.1 154000000 154500000 1640.5054
OX637753.1 154500000 155000000 1640.46244
OX637753.1 155000000 155500000 1640.92374
OX637753.1 155500000 156000000 1640.99177
OX637753.1 156000000 156500000 1639.87574
OX637753.1 156500000 157000000 1637.08371
OX637753.1 157000000 157500000 1637.26724
OX637753.1 157500000 158000000 1638.0
OX637753.1 158000000 158500000 1638.01626
OX637753.1 158500000 159000000 1638.08666
OX637753.1 159000000 159500000 1638.04455
OX637753.1 159500000 160000000 1639.15699
OX637753.1 160000000 160500000 1640.0271
OX637753.1 160500000 161000000 1639.28367
OX637753.1 161000000 161500000 1639.07093
OX637753.1 161500000 162000000 1641.05408
OX637753.1 162000000 162500000 1642.43033
OX637753.1 162500000 163000000 1641.40107
OX637753.1 163000000 163500000 1642.76166
OX637753.1 163500000 164000000 1644.1236
OX637753.1 164000000 164500000 1646.14511
OX637753.1 164500000 165000000 1647.07828
OX637753.1 165000000 165500000 1648.51874
OX637753.1 165500000 166000000 1649.0202
OX637753.1 166000000 166500000 1649.59895
OX637753.1 166500000 167000000 1649.26018
OX637753.1 167000000 167500000 1650.09874
OX637753.1 167500000 168000000 1651.38197
OX637753.1 168000000 168500000 1651.03203
OX637753.1 168500000 169000000 1651.83553
OX637753.1 169000000 169500000 1654.43925
OX637753.1 169500000 170000000 1655.76713
OX637753.1 170000000 170500000 1656.0
OX637753.1 170500000 171000000 1656.98203
OX637753.1 171000000 171500000 1656.53462
OX637753.1 171500000 172000000 1657.87713
OX637753.1 172000000 172500000 1660.0
OX637753.1 172500000 173000000 1660.15081
OX637753.1 173000000 173500000 1660.90706
OX637753.1 173500000 174000000 1661.03369
OX637753.1 174000000 174500000 1661.01607
OX637753.1 174500000 175000000 1660.12574
OX637753.1 175000000 175500000 1660.01234
OX637753.1 175500000 176000000 1659.78868
OX637753.1 176000000 176500000 1658.9815
OX637753.1 176500000 177000000 1657.11209
OX637753.1 177000000 177500000 1655.81475
OX637753.1 177500000 178000000 1655.38734
OX637753.1 178000000 178500000 1655.62663
OX637753.1 178500000 179000000 1656.02962
OX637753.1 179000000 179500000 1656.0
OX637753.1 179500000 180000000 1656.9094
OX637753.1 180000000 180500000 1657.30882
OX637753.1 180500000 181000000 1658.02161
OX637753.1 181000000 181500000 1659.00827
OX637753.1 181500000 182000000 1658.91198
OX637753.1 182000000 182500000 1657.79088
OX637753.1 182500000 183000000 1657.11464
OX637753.1 183000000 183500000 1658.27839
OX637753.1 183500000 184000000 1658.20023
OX637753.1 184000000 184500000 1658.80933
OX637753.1 184500000 185000000 1659.0
OX637753.1 185000000 185500000 1658.94357
OX637753.1 185500000 186000000 1659.0007
OX637753.1 186000000 186500000 1659.32673
OX637753.1 186500000 187000000 1660.42034
OX637753.1 187000000 187500000 1660.0005
OX637753.1 187500000 188000000 1659.43101
OX637753.1 188000000 188500000 1658.93411
OX637753.1 188500000 189000000 1660.11746
OX637753.1 189000000 189500000 1663.02892
OX637753.1 189500000 190000000 1663.0
OX637753.1 190000000 190500000 1662.99216
OX637753.1 190500000 191000000 1662.58328
OX637753.1 191000000 191500000 1663.22656
OX637753.1 191500000 192000000 1664.03532
OX637753.1 192000000 192500000 1664.0
OX637753.1 192500000 193000000 1663.30911
OX637753.1 193000000 193500000 1662.7488
OX637753.1 193500000 194000000 1662.41998
OX637753.1 194000000 194500000 1663.0
OX637753.1 194500000 195000000 1663.06853
OX637753.1 195000000 195500000 1663.05587
OX637753.1 195500000 196000000 1663.94591
OX637753.1 196000000 196500000 1663.94431
OX637753.1 196500000 197000000 1662.34387
OX637753.1 197000000 197500000 1661.0287
OX637753.1 197500000 198000000 1661.26512
OX637753.1 198000000 198500000 1663.68203
OX637753.1 198500000 199000000 1665.0
OX637753.1 199000000 199500000 1664.94389
OX637753.1 199500000 200000000 1664.02883
OX637753.1 200000000 200500000 1663.62675
OX637753.1 200500000 201000000 1663.37656
OX637753.1 201000000 201500000 1664.26415
OX637753.1 201500000 202000000 1665.63712
OX637753.1 202000000 202500000 1665.90355
OX637753.1 202500000 203000000 1665.55452
OX637753.1 203000000 203500000 1666.03768
OX637753.1 203500000 204000000 1668.12816
OX637753.1 204000000 204500000 1668.96735
OX637753.1 204500000 205000000 1670.0
OX637753.1 205000000 205500000 1669.72934
OX637753.1 205500000 206000000 1669.01427
OX637753.1 206000000 206500000 1669.87459
OX637753.1 206500000 207000000 1672.48534
OX637753.1 207000000 207500000 1673.69765
OX637753.1 207500000 208000000 1672.38298
OX637753.1 208000000 208500000 1673.03921
OX637753.1 208500000 209000000 1673.02709
OX637753.1 209000000 209500000 1672.09282
OX637753.1 209500000 210000000 1670.44746
OX637753.1 210000000 210500000 1671.01825
OX637753.1 210500000 211000000 1672.72324
OX637753.1 211000000 211500000 1672.05642
OX637753.1 211500000 212000000 1673.34486
OX637753.1 212000000 212500000 1674.76688
OX637753.1 212500000 213000000 1675.03987
OX637753.1 213000000 213500000 1674.7408
OX637753.1 213500000 214000000 1674.06175
OX637753.1 214000000 214500000 1672.5087
OX637753.1 214500000 215000000 1673.31989
OX637753.1 215000000 215500000 1674.26366
OX637753.1 215500000 216000000 1674.42687
OX637753.1 216000000 216500000 1675.05449
OX637753.1 216500000 217000000 1674.35284
OX637753.1 217000000 217500000 1671.81461
OX637753.1 217500000 218000000 1671.04267
OX637753.1 218000000 218500000 1671.04656
OX637753.1 218500000 219000000 1671.03536
OX637753.1 219000000 219500000 1671.41171
OX637753.1 219500000 220000000 1673.97017
OX637753.1 220000000 220500000 1673.05185
OX637753.1 220500000 221000000 1673.59647
OX637753.1 221000000 221500000 1674.01737
OX637753.1 221500000 222000000 1674.04867
OX637753.1 222000000 222500000 1674.0
OX637753.1 222500000 223000000 1672.5525
OX637753.1 223000000 223500000 1672.06584
OX637753.1 223500000 224000000 1672.01739
OX637753.1 224000000 224500000 1672.04321
OX637753.1 224500000 225000000 1672.74535
OX637753.1 225000000 225500000 1673.0367
OX637753.1 225500000 226000000 1673.40573
OX637753.1 226000000 226500000 1672.52417
OX637753.1 226500000 227000000 1671.02806
OX637753.1 227000000 227500000 1672.0
OX637753.1 227500000 228000000 1674.08667
OX637753.1 228000000 228500000 1675.01387
OX637753.1 228500000 229000000 1675.01195
OX637753.1 229000000 229500000 1675.02471
OX637753.1 229500000 230000000 1675.05877
OX637753.1 230000000 230500000 1675.77143
OX637753.1 230500000 231000000 1676.11369
OX637753.1 231000000 231500000 1676.0
OX637753.1 231500000 232000000 1674.9418
OX637753.1 232000000 232500000 1674.74349
OX637753.1 232500000 233000000 1675.28469
OX637753.1 233000000 233500000 1674.01146
OX637753.1 233500000 234000000 1674.00776
OX637753.1 234000000 234500000 1675.44771
OX637753.1 234500000 235000000 1676.1817
OX637753.1 235000000 235500000 1675.80075
OX637753.1 235500000 236000000 1674.98541
OX637753.1 236000000 236500000 1675.74604
OX637753.1 236500000 237000000 1675.43182
OX637753.1 237000000 237500000 1676.0285
OX637753.1 237500000 238000000 1675.56824
OX637753.1 238000000 238500000 1674.99855
OX637753.1 238500000 239000000 1674.0
OX637753.1 239000000 239500000 1673.0055
OX637753.1 239500000 240000000 1673.9383
OX637753.1 240000000 240500000 1674.0238
OX637753.1 240500000 241000000 1675.01884
OX637753.1 241000000 241500000 1674.37396
OX637753.1 241500000 242000000 1674.10776
OX637753.1 242000000 242500000 1675.02372
OX637753.1 242500000 243000000 1674.23659
OX637753.1 243000000 243500000 1674.23904
OX637753.1 243500000 244000000 1674.15409
OX637753.1 244000000 244500000 1675.44962
OX637753.1 244500000 245000000 1675.0
OX637753.1 245000000 245500000 1675.37273
OX637753.1 245500000 246000000 1676.07099
OX637753.1 246000000 246500000 1674.81981
OX637753.1 246500000 247000000 1675.28796
OX637753.1 247000000 247500000 1675.23271
OX637753.1 247500000 248000000 1675.4795
OX637753.1 248000000 248500000 1676.13198
OX637753.1 248500000 249000000 1676.64373
OX637753.1 249000000 249500000 1677.49329
OX637753.1 249500000 250000000 1677.36275
OX637753.1 250000000 250500000 1677.28662
OX637753.1 250500000 251000000 1678.0793
OX637753.1 251000000 251500000 1678.9365
OX637753.1 251500000 252000000 1680.72034
OX637753.1 252000000 252500000 1682.03641
OX637753.1 252500000 253000000 1682.1894
OX637753.1 253000000 253500000 1681.50595
OX637753.1 253500000 254000000 1680.0
OX637753.1 254000000 254500000 1679.11371
OX637753.1 254500000 255000000 1678.22047
OX637753.1 255000000 255500000 1677.00875
OX637753.1 255500000 256000000 1674.23895
OX637753.1 256000000 256500000 1671.8986
OX637753.1 256500000 257000000 1671.15828
OX637753.1 257000000 257500000 1671.99841
OX637753.1 257500000 258000000 1672.0846
OX637753.1 258000000 258500000 1672.02439
OX637753.1 258500000 259000000 1673.39653
OX637753.1 259000000 259500000 1674.65561
OX637753.1 259500000 260000000 1675.57247
OX637753.1 260000000 260500000 1676.0
OX637753.1 260500000 261000000 1675.84197
OX637753.1 261000000 261500000 1676.02766
OX637753.1 261500000 262000000 1674.46625
OX637753.1 262000000 262500000 1674.15526
OX637753.1 262500000 263000000 1674.25952
OX637753.1 263000000 263500000 1671.64819
OX637753.1 263500000 264000000 1670.42293
OX637753.1 264000000 264500000 1669.56411
OX637753.1 264500000 265000000 1667.24703
OX637753.1 265000000 265500000 1666.02855
OX637753.1 265500000 266000000 1665.82643
OX637753.1 266000000 266500000 1667.39389
OX637753.1 266500000 267000000 1666.04335
OX637753.1 267000000 267500000 1666.56025
OX637753.1 267500000 268000000 1667.01918
OX637753.1 268000000 268500000 1666.37534
OX637753.1 268500000 269000000 1665.61846
OX637753.1 269000000 269500000 1661.83807
OX637753.1 269500000 270000000 1661.01871
OX637753.1 270000000 270500000 1660.6036
OX637753.1 270500000 271000000 1661.27897
OX637753.1 271000000 271500000 1661.04784
OX637753.1 271500000 272000000 1660.14143
OX637753.1 272000000 272500000 1658.20283
OX637753.1 272500000 273000000 1657.62346
OX637753.1 273000000 273500000 1656.95611
OX637753.1 273500000 274000000 1658.01326
OX637753.1 274000000 274500000 1657.41068
OX637753.1 274500000 275000000 1656.84636
OX637753.1 275000000 275500000 1656.52296
OX637753.1 275500000 276000000 1657.06283
OX637753.1 276000000 276500000 1658.0
OX637753.1 276500000 277000000 1658.50477
OX637753.1 277000000 277500000 1659.64184
OX637753.1 277500000 278000000 1658.49056
OX637753.1 278000000 278500000 1658.00216
OX637753.1 278500000 279000000 1658.28773
OX637753.1 279000000 279500000 1659.07693
OX637753.1 279500000 280000000 1658.17277
OX637753.1 280000000 280500000 1657.07455
OX637753.1 280500000 281000000 1656.33498
OX637753.1 281000000 281500000 1656.07213
OX637753.1 281500000 282000000 1656.0411
OX637753.1 282000000 282500000 1655.17278
OX637753.1 282500000 283000000 1655.27059
OX637753.1 283000000 283500000 1654.6008
OX637753.1 283500000 284000000 1652.90985
OX637753.1 284000000 284500000 1653.0
OX637753.1 284500000 285000000 1651.62188
OX637753.1 285000000 285500000 1649.34902
OX637753.1 285500000 286000000 1649.27995
OX637753.1 286000000 286500000 1649.43176
OX637753.1 286500000 287000000 1650.81821
OX637753.1 287000000 287500000 1650.79303
OX637753.1 287500000 288000000 1650.19733
OX637753.1 288000000 288500000 1650.33744
OX637753.1 288500000 289000000 1652.3765
OX637753.1 289000000 289500000 1651.38108
OX637753.1 289500000 290000000 1650.10711
OX637753.1 290000000 290500000 1649.68569
OX637753.1 290500000 291000000 1648.30353
OX637753.1 291000000 291500000 1648.03514
OX637753.1 291500000 292000000 1646.31905
OX637753.1 292000000 292500000 1646.9407
OX637753.1 292500000 293000000 1646.20848
OX637753.1 293000000 293500000 1645.52236
OX637753.1 293500000 294000000 1644.71593
OX637753.1 294000000 294500000 1641.85034
OX637753.1 294500000 295000000 1641.24135
OX637753.1 295000000 295500000 1642.0206
OX637753.1 295500000 296000000 1642.75529
OX637753.1 296000000 296500000 1641.94321
OX637753.1 296500000 297000000 1642.53751
OX637753.1 297000000 297500000 1643.01994
OX637753.1 297500000 298000000 1642.13645
OX637753.1 298000000 298500000 1640.31384
OX637753.1 298500000 299000000 1640.34972
OX637753.1 299000000 299500000 1639.0547
OX637753.1 299500000 300000000 1639.46361
OX637753.1 300000000 300500000 1640.96681
OX637753.1 300500000 301000000 1640.04289
OX637753.1 301000000 301500000 1639.97895
OX637753.1 301500000 302000000 1640.74036
OX637753.1 302000000 302500000 1640.18061
OX637753.1 302500000 303000000 1640.0
OX637753.1 303000000 303500000 1640.0
OX637753.1 303500000 304000000 1640.0
OX637753.1 304000000 304500000 1639.63057
OX637753.1 304500000 305000000 1638.12144
OX637753.1 305000000 305500000 1637.89838
OX637753.1 305500000 306000000 1637.40935
OX637753.1 306000000 306500000 1637.28788
OX637753.1 306500000 307000000 1637.05054
OX637753.1 307000000 307500000 1638.24114
OX637753.1 307500000 308000000 1637.46928
OX637753.1 308000000 308500000 1638.58954
OX637753.1 308500000 309000000 1639.71478
OX637753.1 309000000 309500000 1641.14646
OX637753.1 309500000 310000000 1641.14371
OX637753.1 310000000 310500000 1639.24969
OX637753.1 310500000 311000000 1639.44765
OX637753.1 311000000 311500000 1640.0
OX637753.1 311500000 312000000 1640.48574
OX637753.1 312000000 312500000 1640.93596
OX637753.1 312500000 313000000 1640.01063
OX637753.1 313000000 313500000 1640.02965
OX637753.1 313500000 314000000 1640.02247
OX637753.1 314000000 314500000 1638.79097
OX637753.1 314500000 315000000 1637.44433
OX637753.1 315000000 315500000 1638.01639
OX637753.1 315500000 316000000 1638.0
OX637753.1 316000000 316500000 1638.42126
OX637753.1 316500000 317000000 1637.13692
OX637753.1 317000000 317500000 1637.00091
OX637753.1 317500000 318000000 1637.03084
OX637753.1 318000000 318500000 1637.06151
OX637753.1 318500000 319000000 1636.49468
OX637753.1 319000000 319500000 1635.05839
OX637753.1 319500000 320000000 1635.71218
OX637753.1 320000000 320500000 1636.01392
OX637753.1 320500000 321000000 1636.04684
OX637753.1 321000000 321500000 1633.36746
OX637753.1 321500000 322000000 1632.3701
OX637753.1 322000000 322500000 1631.03037
OX637753.1 322500000 323000000 1632.12475
OX637753.1 323000000 323500000 1632.99214
OX637753.1 323500000 324000000 1631.76717
OX637753.1 324000000 324500000 1630.65015
OX637753.1 324500000 325000000 1628.30688
OX637753.1 325000000 325500000 1628.41424
OX637753.1 325500000 326000000 1627.13694
OX637753.1 326000000 326500000 1626.52478
OX637753.1 326500000 327000000 1624.13788
OX637753.1 327000000 327500000 1623.52928
OX637753.1 327500000 328000000 1623.3825
OX637753.1 328000000 328500000 1624.03664
OX637753.1 328500000 329000000 1624.0
OX637753.1 329000000 329500000 1622.89853
OX637753.1 329500000 330000000 1621.0264
OX637753.1 330000000 330500000 1621.58766
OX637753.1 330500000 331000000 1622.90066
OX637753.1 331000000 331500000 1620.87438
OX637753.1 331500000 332000000 1620.0
OX637753.1 332000000 332500000 1620.69148
OX637753.1 332500000 333000000 1618.24544
OX637753.1 333000000 333500000 1615.85936
OX637753.1 333500000 334000000 1614.83645
OX637753.1 334000000 334500000 1613.83153
OX637753.1 334500000 335000000 1613.36007
OX637753.1 335000000 335500000 1613.59641
OX637753.1 335500000 336000000 1613.73955
OX637753.1 336000000 336500000 1613.35958
OX637753.1 336500000 337000000 1611.41167
OX637753.1 337000000 337500000 1610.77751
OX637753.1 337500000 338000000 1610.0
OX637753.1 338000000 338500000 1609.84177
OX637753.1 338500000 339000000 1608.51905
OX637753.1 339000000 339500000 1606.72868
OX637753.1 339500000 340000000 1606.06543
OX637753.1 340000000 340500000 1606.92671
OX637753.1 340500000 341000000 1607.0
OX637753.1 341000000 341500000 1607.00038
OX637753.1 341500000 342000000 1607.02552
OX637753.1 342000000 342500000 1606.25265
OX637753.1 342500000 343000000 1604.51629
OX637753.1 343000000 343500000 1604.57224
OX637753.1 343500000 344000000 1604.1444
OX637753.1 344000000 344500000 1605.52153
OX637753.1 344500000 345000000 1608.08496
OX637753.1 345000000 345500000 1607.16044
OX637753.1 345500000 346000000 1606.89302
OX637753.1 346000000 346500000 1608.0
OX637753.1 346500000 347000000 1606.80582
OX637753.1 347000000 347500000 1606.02904
OX637753.1 347500000 348000000 1604.1595
OX637753.1 348000000 348500000 1603.75985
OX637753.1 348500000 349000000 1603.28638
OX637753.1 349000000 349500000 1603.3398
OX637753.1 349500000 350000000 1603.45046
OX637753.1 350000000 350500000 1603.01074
OX637753.1 350500000 351000000 1602.70924
OX637753.1 351000000 351500000 1601.24191
OX637753.1 351500000 352000000 1601.28397
OX637753.1 352000000 352500000 1601.5549
OX637753.1 352500000 353000000 1599.55751
OX637753.1 353000000 353500000 1597.16976
OX637753.1 353500000 354000000 1596.919
OX637753.1 354000000 354500000 1594.93475
OX637753.1 354500000 355000000 1594.51942
OX637753.1 355000000 355500000 1592.26648
OX637753.1 355500000 356000000 1592.39643
OX637753.1 356000000 356500000 1592.67993
OX637753.1 356500000 357000000 1591.56785
OX637753.1 357000000 357500000 1589.27744
OX637753.1 357500000 358000000 1589.02091
OX637753.1 358000000 358500000 1589.06755
OX637753.1 358500000 359000000 1588.48343
OX637753.1 359000000 359500000 1587.56808
OX637753.1 359500000 360000000 1586.21388
OX637753.1 360000000 360500000 1586.43845
OX637753.1 360500000 361000000 1585.94608
OX637753.1 361000000 361500000 1584.02682
OX637753.1 361500000 362000000 1582.79038
OX637753.1 362000000 362500000 1581.02201
OX637753.1 362500000 363000000 1580.73284
OX637753.1 363000000 363500000 1580.04359
OX637753.1 363500000 364000000 1579.92555
OX637753.1 364000000 364500000 1577.29433
OX637753.1 364500000 365000000 1577.51554
OX637753.1 365000000 365500000 1578.01729
OX637753.1 365500000 366000000 1575.84552
OX637753.1 366000000 366500000 1574.5673
OX637753.1 366500000 367000000 1574.0033
OX637753.1 367000000 367500000 1572.40542
OX637753.1 367500000 368000000 1572.29179
OX637753.1 368000000 368500000 1571.10353
OX637753.1 368500000 369000000 1569.56568
OX637753.1 369000000 369500000 1569.79909
OX637753.1 369500000 370000000 1568.18309
OX637753.1 370000000 370500000 1568.97581
OX637753.1 370500000 371000000 1568.3646
OX637753.1 371000000 371500000 1567.59872
OX637753.1 371500000 372000000 1567.0
OX637753.1 372000000 372500000 1567.02049
OX637753.1 372500000 373000000 1567.01645
OX637753.1 373000000 373500000 1567.0
OX637753.1 373500000 374000000 1566.49997
OX637753.1 374000000 374500000 1565.46447
OX637753.1 374500000 375000000 1564.20016
OX637753.1 375000000 375500000 1561.65654
OX637753.1 375500000 376000000 1561.0154
OX637753.1 376000000 376500000 1559.43891
OX637753.1 376500000 377000000 1557.61841
OX637753.1 377000000 377500000 1556.2676
OX637753.1 377500000 378000000 1555.84623
OX637753.1 378000000 378500000 1556.03061
OX637753.1 378500000 379000000 1555.60552
OX637753.1 379000000 379500000 1552.73132
OX637753.1 379500000 380000000 1552.0
OX637753.1 380000000 380500000 1551.04932
OX637753.1 380500000 381000000 1551.19648
OX637753.1 381000000 381500000 1552.0
OX637753.1 381500000 382000000 1551.58619
OX637753.1 382000000 382500000 1549.2002
OX637753.1 382500000 383000000 1547.10458
OX637753.1 383000000 383500000 1545.07647
OX637753.1 383500000 384000000 1543.32585
OX637753.1 384000000 384500000 1539.56437
OX637753.1 384500000 385000000 1537.52473
OX637753.1 385000000 385500000 1537.6256
OX637753.1 385500000 386000000 1537.90602
OX637753.1 386000000 386500000 1535.76583
OX637753.1 386500000 387000000 1531.5587
OX637753.1 387000000 387500000 1529.67952
OX637753.1 387500000 388000000 1529.36567
OX637753.1 388000000 388500000 1528.00314
OX637753.1 388500000 389000000 1524.90486
OX637753.1 389000000 389500000 1524.0
OX637753.1 389500000 390000000 1522.07823
OX637753.1 390000000 390500000 1520.91231
OX637753.1 390500000 391000000 1518.5427
OX637753.1 391000000 391500000 1518.01733
OX637753.1 391500000 392000000 1517.70419
OX637753.1 392000000 392500000 1517.03829
OX637753.1 392500000 393000000 1516.03323
OX637753.1 393000000 393500000 1515.04279
OX637753.1 393500000 394000000 1514.15897
OX637753.1 394000000 394500000 1511.68101
OX637753.1 394500000 395000000 1508.22081
OX637753.1 395000000 395500000 1505.40027
OX637753.1 395500000 396000000 1504.40363
OX637753.1 396000000 396500000 1504.03268
OX637753.1 396500000 397000000 1504.0
OX637753.1 397000000 397500000 1504.23484
OX637753.1 397500000 398000000 1505.01953
OX637753.1 398000000 398500000 1503.01673
OX637753.1 398500000 399000000 1500.8662
OX637753.1 399000000 399500000 1499.0
OX637753.1 399500000 400000000 1497.42354
OX637753.1 400000000 400500000 1496.02525
OX637753.1 400500000 401000000 1495.77819
OX637753.1 401000000 401500000 1494.19807
OX637753.1 401500000 402000000 1491.11889
OX637753.1 402000000 402500000 1487.45056
OX637753.1 402500000 403000000 1485.23493
OX637753.1 403000000 403500000 1484.20701
OX637753.1 403500000 404000000 1481.43743
OX637753.1 404000000 404500000 1481.02739
OX637753.1 404500000 405000000 1479.8748
OX637753.1 405000000 405500000 1477.75958
OX637753.1 405500000 406000000 1473.38232
OX637753.1 406000000 406500000 1473.02036
OX637753.1 406500000 407000000 1471.81128
OX637753.1 407000000 407500000 1469.58814
OX637753.1 407500000 408000000 1465.03397
OX637753.1 408000000 408500000 1462.15718
OX637753.1 408500000 409000000 1460.91596
OX637753.1 409000000 409500000 1459.56739
OX637753.1 409500000 410000000 1458.03302
OX637753.1 410000000 410500000 1452.81029
OX637753.1 410500000 411000000 1448.1715
OX637753.1 411000000 411500000 1447.16586
OX637753.1 411500000 412000000 1445.14244
OX637753.1 412000000 412500000 1442.2065
OX637753.1 412500000 413000000 1438.69311
OX637753.1 413000000 413500000 1435.5427
OX637753.1 413500000 414000000 1434.41609
OX637753.1 414000000 414500000 1431.01755
OX637753.1 414500000 415000000 1429.54322
OX637753.1 415000000 415500000 1425.14366
OX637753.1 415500000 416000000 1425.01768
OX637753.1 416000000 416500000 1422.45748
OX637753.1 416500000 417000000 1421.57824
OX637753.1 417000000 417500000 1416.91014
OX637753.1 417500000 418000000 1414.19134
OX637753.1 418000000 418500000 1411.38123
OX637753.1 418500000 419000000 1408.33696
OX637753.1 419000000 419500000 1403.63217
OX637753.1 419500000 420000000 1400.0
OX637753.1 420000000 420500000 1399.30669
OX637753.1 420500000 421000000 1396.64088
OX637753.1 421000000 421500000 1392.70712
OX637753.1 421500000 422000000 1388.9647
OX637753.1 422000000 422500000 1382.12902
OX637753.1 422500000 423000000 1377.78026
OX637753.1 423000000 423500000 1375.27305
OX637753.1 423500000 424000000 1374.85725
OX637753.1 424000000 424500000 1371.95221
OX637753.1 424500000 425000000 1369.14148
OX637753.1 425000000 425500000 1364.49444
OX637753.1 425500000 426000000 1361.48335
OX637753.1 426000000 426500000 1355.77993
OX637753.1 426500000 427000000 1353.15157
OX637753.1 427000000 427500000 1347.1077
OX637753.1 427500000 428000000 1342.84093
OX637753.1 428000000 428500000 1338.81051
OX637753.1 428500000 429000000 1335.87064
OX637753.1 429000000 429500000 1331.17845
OX637753.1 429500000 430000000 1323.79211
OX637753.1 430000000 430500000 1319.07261
OX637753.1 430500000 431000000 1313.19505
OX637753.1 431000000 431500000 1309.28058
OX637753.1 431500000 432000000 1304.58251
OX637753.1 432000000 432500000 1300.53701
OX637753.1 432500000 433000000 1298.45296
OX637753.1 433000000 433500000 1294.43543
OX637753.1 433500000 434000000 1293.0
OX637753.1 434000000 434500000 1291.61169
OX637753.1 434500000 435000000 1285.38457
OX637753.1 435000000 435500000 1282.86712
OX637753.1 435500000 436000000 1281.18059
OX637753.1 436000000 436500000 1277.97827
OX637753.1 436500000 437000000 1271.75845
OX637753.1 437000000 437500000 1266.57386
OX637753.1 437500000 438000000 1263.92856
OX637753.1 438000000 438500000 1261.51952
OX637753.1 438500000 439000000 1258.34698
OX637753.1 439000000 439500000 1254.89624
OX637753.1 439500000 440000000 1251.03547
OX637753.1 440000000 440500000 1248.92498
OX637753.1 440500000 441000000 1246.15723
OX637753.1 441000000 441500000 1241.92214
OX637753.1 441500000 442000000 1237.07054
OX637753.1 442000000 442500000 1232.30137
OX637753.1 442500000 443000000 1228.60003
OX637753.1 443000000 443500000 1225.87096
OX637753.1 443500000 444000000 1224.15078
OX637753.1 444000000 444500000 1221.90613
OX637753.1 444500000 445000000 1220.18376
OX637753.1 445000000 445500000 1216.77994
OX637753.1 445500000 446000000 1213.89871
OX637753.1 446000000 446500000 1207.96805
OX637753.1 446500000 447000000 1202.40164
OX637753.1 447000000 447500000 1199.72522
OX637753.1 447500000 448000000 1196.16465
OX637753.1 448000000 448500000 1192.25939
OX637753.1 448500000 449000000 1184.3225
OX637753.1 449000000 449500000 1179.29036
OX637753.1 449500000 450000000 1171.00189
OX637753.1 450000000 450500000 1166.19161
OX637753.1 450500000 451000000 1162.99785
OX637753.1 451000000 451500000 1160.05538
OX637753.1 451500000 452000000 1155.35935
OX637753.1 452000000 452500000 1152.00597
OX637753.1 452500000 453000000 1146.53426
OX637753.1 453000000 453500000 1140.39608
OX637753.1 453500000 454000000 1131.20319
OX637753.1 454000000 454500000 1128.65837
OX637753.1 454500000 455000000 1124.37865
OX637753.1 455000000 455500000 1117.24163
OX637753.1 455500000 456000000 1107.83277
OX637753.1 456000000 456500000 1100.03188
OX637753.1 456500000 457000000 1094.52954
OX637753.1 457000000 457500000 1083.23109
OX637753.1 457500000 458000000 1078.03469
OX637753.1 458000000 458500000 1073.42528
OX637753.1 458500000 459000000 1066.95149
OX637753.1 459000000 459500000 1062.35806
OX637753.1 459500000 460000000 1054.71435
OX637753.1 460000000 460500000 1046.73586
OX637753.1 460500000 461000000 1040.50526
OX637753.1 461000000 461500000 1032.26129
OX637753.1 461500000 462000000 1020.92372
OX637753.1 462000000 462500000 1015.20828
OX637753.1 462500000 463000000 1004.69757
OX637753.1 463000000 463500000 993.79151
OX637753.1 463500000 464000000 983.06841
OX637753.1 464000000 464500000 968.30703
OX637753.1 464500000 465000000 956.78728
OX637753.1 465000000 465500000 943.49956
OX637753.1 465500000 466000000 933.59643
OX637753.1 466000000 466500000 924.58616
OX637753.1 466500000 467000000 910.03679
OX637753.1 467000000 467500000 902.62377
OX637753.1 467500000 468000000 898.40245
OX637753.1 468000000 468500000 888.94109
OX637753.1 468500000 469000000 880.7425
OX637753.1 469000000 469500000 869.3701
OX637753.1 469500000 470000000 860.31079
OX637753.1 470000000 470500000 849.78296
OX637753.1 470500000 471000000 840.37381
OX637753.1 471000000 471500000 828.6334
OX637753.1 471500000 472000000 819.26895
OX637753.1 472000000 472500000 810.7296
OX637753.1 472500000 473000000 800.50023
OX637753.1 473000000 473500000 789.09788
OX637753.1 473500000 474000000 777.00973
OX637753.1 474000000 474500000 756.08019
OX637753.1 474500000 475000000 741.05236
OX637753.1 475000000 475500000 718.38101
OX637753.1 475500000 476000000 707.22547
OX637753.1 476000000 476500000 695.73522
OX637753.1 476500000 477000000 684.00385
OX637753.1 477000000 477500000 671.91578
OX637753.1 477500000 478000000 657.99232
OX637753.1 478000000 478500000 647.46116
OX637753.1 478500000 479000000 635.97733
OX637753.1 479000000 479500000 623.87737
OX637753.1 479500000 480000000 618.88688
OX637753.1 480000000 480500000 618.0
OX637753.1 480500000 481000000 616.04705
OX637753.1 481000000 481500000 604.47818
OX637753.1 481500000 482000000 592.04977
OX637753.1 482000000 482500000 567.44352
OX637753.1 482500000 483000000 544.37614
OX637753.1 483000000 483500000 516.84458
OX637753.1 483500000 484000000 494.11712
OX637753.1 484000000 484500000 476.84853
OX637753.1 484500000 485000000 456.68853
OX637753.1 485000000 485500000 433.95253
OX637753.1 485500000 486000000 398.36195
OX637753.1 486000000 486500000 351.67594
OX637753.1 486500000 487000000 314.78183
OX637753.1 487000000 487500000 276.12688
OX637753.1 487500000 488000000 252.86697
OX637753.1 488000000 488500000 181.94263
OX637753.1 488500000 489000000 81.96787
OX637753.1 489000000 489061466 13.11605
OX637740.1 0 500000 6.02383
OX637740.1 500000 1000000 17.62244
OX637740.1 1000000 1500000 20.45616
OX637740.1 1500000 2000000 40.11852
OX637740.1 2000000 2500000 79.33126
OX637740.1 2500000 3000000 133.72618
OX637740.1 3000000 3500000 220.71684
OX637740.1 3500000 4000000 258.78431
OX637740.1 4000000 4500000 309.99047
OX637740.1 4500000 5000000 357.19366
OX637740.1 5000000 5500000 408.48305
OX637740.1 5500000 6000000 465.40077
OX637740.1 6000000 6500000 509.66551
OX637740.1 6500000 7000000 554.27783
OX637740.1 7000000 7500000 584.88032
OX637740.1 7500000 8000000 609.51039
OX637740.1 8000000 8500000 640.54514
OX637740.1 8500000 9000000 673.61776
OX637740.1 9000000 9500000 708.26758
OX637740.1 9500000 10000000 737.98221
OX637740.1 10000000 10500000 767.62552
OX637740.1 10500000 11000000 796.84734
OX637740.1 11000000 11500000 812.54265
OX637740.1 11500000 12000000 831.49393
OX637740.1 12000000 12500000 851.81262
OX637740.1 12500000 13000000 867.93067
OX637740.1 13000000 13500000 884.51842
OX637740.1 13500000 14000000 908.27504
OX637740.1 14000000 14500000 933.70468
OX637740.1 14500000 15000000 949.88571
OX637740.1 15000000 15500000 967.63963
OX637740.1 15500000 16000000 984.32709
OX637740.1 16000000 16500000 999.03948
OX637740.1 16500000 17000000 1021.57331
OX637740.1 17000000 17500000 1040.58028
OX637740.1 17500000 18000000 1059.83607
OX637740.1 18000000 18500000 1073.17128
OX637740.1 18500000 19000000 1090.59234
OX637740.1 19000000 19500000 1109.74031
OX637740.1 19500000 20000000 1128.35812
OX637740.1 20000000 20500000 1143.55039
OX637740.1 20500000 21000000 1156.01393
OX637740.1 21000000 21500000 1168.50927
OX637740.1 21500000 22000000 1180.70884
OX637740.1 22000000 22500000 1198.85278
OX637740.1 22500000 23000000 1211.19054
OX637740.1 23000000 23500000 1225.7545
OX637740.1 23500000 24000000 1236.28435
OX637740.1 24000000 24500000 1245.20928
OX637740.1 24500000 25000000 1252.92216
OX637740.1 25000000 25500000 1256.3361
OX637740.1 25500000 26000000 1264.77412
OX637740.1 26000000 26500000 1278.66351
OX637740.1 26500000 27000000 1292.92789
OX637740.1 27000000 27500000 1307.60945
OX637740.1 27500000 28000000 1319.22796
OX637740.1 28000000 28500000 1328.06293
OX637740.1 28500000 29000000 1334.01154
OX637740.1 29000000 29500000 1341.36105
OX637740.1 29500000 30000000 1348.20562
OX637740.1 30000000 30500000 1353.23684
OX637740.1 30500000 31000000 1357.41769
OX637740.1 31000000 31500000 1371.5647
OX637740.1 31500000 32000000 1380.28302
OX637740.1 32000000 32500000 1388.68784
OX637740.1 32500000 33000000 1390.06444
OX637740.1 33000000 33500000 1398.40259
OX637740.1 33500000 34000000 1404.52966
OX637740.1 34000000 34500000 1409.88864
OX637740.1 34500000 35000000 1414.47522
OX637740.1 35000000 35500000 1420.10411
OX637740.1 35500000 36000000 1431.44793
OX637740.1 36000000 36500000 1435.35759
OX637740.1 36500000 37000000 1440.55814
OX637740.1 37000000 37500000 1446.55237
OX637740.1 37500000 38000000 1451.98821
OX637740.1 38000000 38500000 1458.63418
OX637740.1 38500000 39000000 1467.33785
OX637740.1 39000000 39500000 1475.60535
OX637740.1 39500000 40000000 1479.75981
OX637740.1 40000000 40500000 1485.10531
OX637740.1 40500000 41000000 1487.71709
OX637740.1 41000000 41500000 1498.08368
OX637740.1 41500000 42000000 1505.80857
OX637740.1 42000000 42500000 1508.95301
OX637740.1 42500000 43000000 1514.02723
OX637740.1 43000000 43500000 1518.46954
OX637740.1 43500000 44000000 1521.82571
OX637740.1 44000000 44500000 1523.7053
OX637740.1 44500000 45000000 1524.83878
OX637740.1 45000000 45500000 1530.55008
OX637740.1 45500000 46000000 1534.19142
OX637740.1 46000000 46500000 1538.94905
OX637740.1 46500000 47000000 1540.8076
OX637740.1 47000000 47500000 1542.10794
OX637740.1 47500000 48000000 1544.76099
OX637740.1 48000000 48500000 1546.66483
OX637740.1 48500000 49000000 1550.57683
OX637740.1 49000000 49500000 1550.90065
OX637740.1 49500000 50000000 1557.4502
OX637740.1 50000000 50500000 1565.80596
OX637740.1 50500000 51000000 1567.83478
OX637740.1 51000000 51500000 1572.29744
OX637740.1 51500000 52000000 1576.56563
OX637740.1 52000000 52500000 1577.08041
OX637740.1 52500000 53000000 1580.12574
OX637740.1 53000000 53500000 1583.60968
OX637740.1 53500000 54000000 1586.68196
OX637740.1 54000000 54500000 1589.18813
OX637740.1 54500000 55000000 1592.61316
OX637740.1 55000000 55500000 1593.62149
OX637740.1 55500000 56000000 1595.0
OX637740.1 56000000 56500000 1597.40872
OX637740.1 56500000 57000000 1603.03972
OX637740.1 57000000 57500000 1608.13396
OX637740.1 57500000 58000000 1612.03562
OX637740.1 58000000 58500000 1617.15557
OX637740.1 58500000 59000000 1619.84351
OX637740.1 59000000 59500000 1624.1978
OX637740.1 59500000 60000000 1626.64252
OX637740.1 60000000 60500000 1627.47091
OX637740.1 60500000 61000000 1630.82431
OX637740.1 61000000 61500000 1634.78266
OX637740.1 61500000 62000000 1638.39081
OX637740.1 62000000 62500000 1641.89866
OX637740.1 62500000 63000000 1649.74522
OX637740.1 63000000 63500000 1657.17402
OX637740.1 63500000 64000000 1661.29434
OX637740.1 64000000 64500000 1666.32711
OX637740.1 64500000 65000000 1671.80978
OX637740.1 65000000 65500000 1676.12095
OX637740.1 65500000 66000000 1679.43939
OX637740.1 66000000 66500000 1682.35533
OX637740.1 66500000 67000000 1684.7797
OX637740.1 67000000 67500000 1687.67836
OX637740.1 67500000 68000000 1689.59843
OX637740.1 68000000 68500000 1695.00618
OX637740.1 68500000 69000000 1696.65739
OX637740.1 69000000 69500000 1699.33954
OX637740.1 69500000 70000000 1701.24923
OX637740.1 70000000 70500000 1704.50174
OX637740.1 70500000 71000000 1708.86604
OX637740.1 71000000 71500000 1711.34425
OX637740.1 71500000 72000000 1712.60248
OX637740.1 72000000 72500000 1713.20952
OX637740.1 72500000 73000000 1714.02117
OX637740.1 73000000 73500000 1715.09117
OX637740.1 73500000 74000000 1718.62211
OX637740.1 74000000 74500000 1719.36336
OX637740.1 74500000 75000000 1725.18413
OX637740.1 75000000 75500000 1729.0
OX637740.1 75500000 76000000 1730.72261
OX637740.1 76000000 76500000 1734.67072
OX637740.1 76500000 77000000 1736.61797
OX637740.1 77000000 77500000 1739.08357
OX637740.1 77500000 78000000 1743.38879
OX637740.1 78000000 78500000 1745.00227
OX637740.1 78500000 79000000 1748.44382
OX637740.1 79000000 79500000 1752.75283
OX637740.1 79500000 80000000 1756.10165
OX637740.1 80000000 80500000 1758.63807
OX637740.1 80500000 81000000 1758.26453
OX637740.1 81000000 81500000 1758.23711
OX637740.1 81500000 82000000 1760.33948
OX637740.1 82000000 82500000 1761.51839
OX637740.1 82500000 83000000 1763.40129
OX637740.1 83000000 83500000 1766.6865
OX637740.1 83500000 84000000 1769.56415
OX637740.1 84000000 84500000 1770.05994
OX637740.1 84500000 85000000 1770.50945
OX637740.1 85000000 85500000 1774.04316
OX637740.1 85500000 86000000 1776.69803
OX637740.1 86000000 86500000 1777.04131
OX637740.1 86500000 87000000 1777.74916
OX637740.1 87000000 87500000 1780.10592
OX637740.1 87500000 88000000 1782.06104
OX637740.1 88000000 88500000 1782.50979
OX637740.1 88500000 89000000 1783.74853
OX637740.1 89000000 89500000 1785.17277
OX637740.1 89500000 90000000 1787.20299
OX637740.1 90000000 90500000 1791.3397
OX637740.1 90500000 91000000 1795.1074
OX637740.1 91000000 91500000 1797.37852
OX637740.1 91500000 92000000 1800.14485
OX637740.1 92000000 92500000 1803.16829
OX637740.1 92500000 93000000 1805.0
OX637740.1 93000000 93500000 1807.11743
OX637740.1 93500000 94000000 1808.07741
OX637740.1 94000000 94500000 1811.13083
OX637740.1 94500000 95000000 1812.17091
OX637740.1 95000000 95500000 1812.55693
OX637740.1 95500000 96000000 1813.27573
OX637740.1 96000000 96500000 1814.03199
OX637740.1 96500000 97000000 1815.15861
OX637740.1 97000000 97500000 1817.59615
OX637740.1 97500000 98000000 1821.26747
OX637740.1 98000000 98500000 1823.00668
OX637740.1 98500000 99000000 1823.86655
OX637740.1 99000000 99500000 1824.06636
OX637740.1 99500000 100000000 1825.49376
OX637740.1 100000000 100500000 1827.0
OX637740.1 100500000 101000000 1827.0
OX637740.1 101000000 101500000 1827.02541
OX637740.1 101500000 102000000 1827.15189
OX637740.1 102000000 102500000 1829.54175
OX637740.1 102500000 103000000 1831.32485
OX637740.1 103000000 103500000 1833.39847
OX637740.1 103500000 104000000 1834.53933
OX637740.1 104000000 104500000 1838.33157
OX637740.1 104500000 105000000 1839.0791
OX637740.1 105000000 105500000 1839.30872
OX637740.1 105500000 106000000 1840.02548
OX637740.1 106000000 106500000 1840.65397
OX637740.1 106500000 107000000 1843.38334
OX637740.1 107000000 107500000 1846.13195
OX637740.1 107500000 108000000 1847.08208
OX637740.1 108000000 108500000 1848.17554
OX637740.1 108500000 109000000 1848.07518
OX637740.1 109000000 109500000 1850.77517
OX637740.1 109500000 110000000 1854.99308
OX637740.1 110000000 110500000 1856.3124
OX637740.1 110500000 111000000 1857.00027
OX637740.1 111000000 111500000 1857.03957
OX637740.1 111500000 112000000 1859.24977
OX637740.1 112000000 112500000 1861.7739
OX637740.1 112500000 113000000 1863.94855
OX637740.1 113000000 113500000 1865.29621
OX637740.1 113500000 114000000 1866.24284
OX637740.1 114000000 114500000 1868.50798
OX637740.1 114500000 115000000 1872.48097
OX637740.1 115000000 115500000 1872.99226
OX637740.1 115500000 116000000 1873.86106
OX637740.1 116000000 116500000 1873.41857
OX637740.1 116500000 117000000 1876.55152
OX637740.1 117000000 117500000 1881.25113
OX637740.1 117500000 118000000 1885.31035
OX637740.1 118000000 118500000 1888.01954
OX637740.1 118500000 119000000 1888.22202
OX637740.1 119000000 119500000 1888.50116
OX637740.1 119500000 120000000 1889.27734
OX637740.1 120000000 120500000 1889.18702
OX637740.1 120500000 121000000 1889.14941
OX637740.1 121000000 121500000 1890.64775
OX637740.1 121500000 122000000 1891.47153
OX637740.1 122000000 122500000 1892.54121
OX637740.1 122500000 123000000 1895.02187
OX637740.1 123000000 123500000 1897.08856
OX637740.1 123500000 124000000 1898.66582
OX637740.1 124000000 124500000 1900.08254
OX637740.1 124500000 125000000 1901.0
OX637740.1 125000000 125500000 1901.01549
OX637740.1 125500000 126000000 1902.03183
OX637740.1 126000000 126500000 1902.02559
OX637740.1 126500000 127000000 1902.37165
OX637740.1 127000000 127500000 1903.36981
OX637740.1 127500000 128000000 1906.18266
OX637740.1 128000000 128500000 1907.83419
OX637740.1 128500000 129000000 1908.66743
OX637740.1 129000000 129500000 1909.77761
OX637740.1 129500000 130000000 1911.0
OX637740.1 130000000 130500000 1911.89744
OX637740.1 130500000 131000000 1912.13276
OX637740.1 131000000 131500000 1912.3384
OX637740.1 131500000 132000000 1914.52373
OX637740.1 132000000 132500000 1915.10805
OX637740.1 132500000 133000000 1915.61063
OX637740.1 133000000 133500000 1919.69305
OX637740.1 133500000 134000000 1920.6557
OX637740.1 134000000 134500000 1921.69411
OX637740.1 134500000 135000000 1922.7925
OX637740.1 135000000 135500000 1923.48444
OX637740.1 135500000 136000000 1924.33577
OX637740.1 136000000 136500000 1925.34253
OX637740.1 136500000 137000000 1926.92182
OX637740.1 137000000 137500000 1928.35503
OX637740.1 137500000 138000000 1929.69282
OX637740.1 138000000 138500000 1932.72038
OX637740.1 138500000 139000000 1932.81059
OX637740.1 139000000 139500000 1932.93892
OX637740.1 139500000 140000000 1933.02503
OX637740.1 140000000 140500000 1934.02999
OX637740.1 140500000 141000000 1934.9176
OX637740.1 141000000 141500000 1936.92602
OX637740.1 141500000 142000000 1938.30149
OX637740.1 142000000 142500000 1939.0297
OX637740.1 142500000 143000000 1939.0
OX637740.1 143000000 143500000 1941.11571
OX637740.1 143500000 144000000 1944.37606
OX637740.1 144000000 144500000 1947.52399
OX637740.1 144500000 145000000 1948.63834
OX637740.1 145000000 145500000 1949.56199
OX637740.1 145500000 146000000 1950.88584
OX637740.1 146000000 146500000 1952.15569
OX637740.1 146500000 147000000 1952.0
OX637740.1 147000000 147500000 1952.65925
OX637740.1 147500000 148000000 1954.4835
OX637740.1 148000000 148500000 1954.55331
OX637740.1 148500000 149000000 1957.23706
OX637740.1 149000000 149500000 1960.29712
OX637740.1 149500000 150000000 1962.97015
OX637740.1 150000000 150500000 1965.84269
OX637740.1 150500000 151000000 1965.50216
OX637740.1 151000000 151500000 1966.01866
OX637740.1 151500000 152000000 1967.11619
OX637740.1 152000000 152500000 1967.03852
OX637740.1 152500000 153000000 1967.05909
OX637740.1 153000000 153500000 1967.58111
OX637740.1 153500000 154000000 1968.05367
OX637740.1 154000000 154500000 1967.69227
OX637740.1 154500000 155000000 1971.74553
OX637740.1 155000000 155500000 1975.4971
OX637740.1 155500000 156000000 1976.01843
OX637740.1 156000000 156500000 1975.68856
OX637740.1 156500000 157000000 1975.88804
OX637740.1 157000000 157500000 1977.36445
OX637740.1 157500000 158000000 1978.12506
OX637740.1 158000000 158500000 1978.08102
OX637740.1 158500000 159000000 1978.18614
OX637740.1 159000000 159500000 1978.25001
OX637740.1 159500000 160000000 1978.27981
OX637740.1 160000000 160500000 1979.60874
OX637740.1 160500000 161000000 1980.09691
OX637740.1 161000000 161500000 1982.11579
OX637740.1 161500000 162000000 1981.65882
OX637740.1 162000000 162500000 1980.47335
OX637740.1 162500000 163000000 1979.76005
OX637740.1 163000000 163500000 1978.13875
OX637740.1 163500000 164000000 1976.23959
OX637740.1 164000000 164500000 1977.02761
OX637740.1 164500000 165000000 1977.03505
OX637740.1 165000000 165500000 1978.50124
OX637740.1 165500000 166000000 1980.04472
OX637740.1 166000000 166500000 1980.64146
OX637740.1 166500000 167000000 1981.97302
OX637740.1 167000000 167500000 1982.05711
OX637740.1 167500000 168000000 1981.09093
OX637740.1 168000000 168500000 1980.23198
OX637740.1 168500000 169000000 1980.0324
OX637740.1 169000000 169500000 1980.60058
OX637740.1 169500000 170000000 1981.40859
OX637740.1 170000000 170500000 1981.8486
OX637740.1 170500000 171000000 1983.0
OX637740.1 171000000 171500000 1983.02536
OX637740.1 171500000 172000000 1983.21826
OX637740.1 172000000 172500000 1984.97333
OX637740.1 172500000 173000000 1985.0
OX637740.1 173000000 173500000 1985.01153
OX637740.1 173500000 174000000 1985.99919
OX637740.1 174000000 174500000 1987.80624
OX637740.1 174500000 175000000 1987.34625
OX637740.1 175000000 175500000 1987.0
OX637740.1 175500000 176000000 1987.04251
OX637740.1 176000000 176500000 1987.04736
OX637740.1 176500000 177000000 1987.01965
OX637740.1 177000000 177500000 1987.91635
OX637740.1 177500000 178000000 1989.42487
OX637740.1 178000000 178500000 1990.26099
OX637740.1 178500000 179000000 1991.49562
OX637740.1 179000000 179500000 1991.12468
OX637740.1 179500000 180000000 1992.14921
OX637740.1 180000000 180500000 1993.44238
OX637740.1 180500000 181000000 1994.83349
OX637740.1 181000000 181500000 1995.01506
OX637740.1 181500000 182000000 1996.46246
OX637740.1 182000000 182500000 1997.87871
OX637740.1 182500000 183000000 1997.03955
OX637740.1 183000000 183500000 1997.14699
OX637740.1 183500000 184000000 1998.89714
OX637740.1 184000000 184500000 2001.85229
OX637740.1 184500000 185000000 2002.3934
OX637740.1 185000000 185500000 2003.0
OX637740.1 185500000 186000000 2002.92118
OX637740.1 186000000 186500000 2001.9228
OX637740.1 186500000 187000000 2001.0193
OX637740.1 187000000 187500000 2000.51664
OX637740.1 187500000 188000000 2000.04676
OX637740.1 188000000 188500000 1999.65676
OX637740.1 188500000 189000000 2000.0
OX637740.1 189000000 189500000 1999.43243
OX637740.1 189500000 190000000 1999.03439
OX637740.1 190000000 190500000 1998.15854
OX637740.1 190500000 191000000 1998.04241
OX637740.1 191000000 191500000 1999.46863
OX637740.1 191500000 192000000 2000.32442
OX637740.1 192000000 192500000 2000.38552
OX637740.1 192500000 193000000 2000.8824
OX637740.1 193000000 193500000 2001.0339
OX637740.1 193500000 194000000 2001.72267
OX637740.1 194000000 194500000 2003.91855
OX637740.1 194500000 195000000 2004.0
OX637740.1 195000000 195500000 2003.7982
OX637740.1 195500000 196000000 2003.36994
OX637740.1 196000000 196500000 2003.95779
OX637740.1 196500000 197000000 2003.35199
OX637740.1 197000000 197500000 2003.75296
OX637740.1 197500000 198000000 2004.02174
OX637740.1 198000000 198500000 2004.65151
OX637740.1 198500000 199000000 2005.69635
OX637740.1 199000000 199500000 2006.8063
OX637740.1 199500000 200000000 2006.00088
OX637740.1 200000000 200500000 2006.0
OX637740.1 200500000 201000000 2006.0265
OX637740.1 201000000 201500000 2006.06144
OX637740.1 201500000 202000000 2006.05233
OX637740.1 202000000 202500000 2007.54811
OX637740.1 202500000 203000000 2009.62941
OX637740.1 203000000 203500000 2008.84492
OX637740.1 203500000 204000000 2008.41814
OX637740.1 204000000 204500000 2008.24887
OX637740.1 204500000 205000000 2009.40086
OX637740.1 205000000 205500000 2011.09609
OX637740.1 205500000 206000000 2010.1826
OX637740.1 206000000 206500000 2009.65243
OX637740.1 206500000 207000000 2010.90436
OX637740.1 207000000 207500000 2013.02231
OX637740.1 207500000 208000000 2012.57586
OX637740.1 208000000 208500000 2012.0196
OX637740.1 208500000 209000000 2013.61201
OX637740.1 209000000 209500000 2012.20468
OX637740.1 209500000 210000000 2011.01707
OX637740.1 210000000 210500000 2011.01409
OX637740.1 210500000 211000000 2010.62083
OX637740.1 211000000 211500000 2012.08002
OX637740.1 211500000 212000000 2014.07966
OX637740.1 212000000 212500000 2014.06272
OX637740.1 212500000 213000000 2013.69801
OX637740.1 213000000 213500000 2014.0348
OX637740.1 213500000 214000000 2012.576
OX637740.1 214000000 214500000 2011.70558
OX637740.1 214500000 215000000 2011.98009
OX637740.1 215000000 215500000 2011.46361
OX637740.1 215500000 216000000 2010.0
OX637740.1 216000000 216500000 2008.65895
OX637740.1 216500000 217000000 2008.0
OX637740.1 217000000 217500000 2008.46423
OX637740.1 217500000 218000000 2007.96042
OX637740.1 218000000 218500000 2007.36981
OX637740.1 218500000 219000000 2009.00296
OX637740.1 219000000 219500000 2010.3352
OX637740.1 219500000 220000000 2010.47367
OX637740.1 220000000 220500000 2013.15631
OX637740.1 220500000 221000000 2012.05573
OX637740.1 221000000 221500000 2010.85696
OX637740.1 221500000 222000000 2010.0
OX637740.1 222000000 222500000 2010.02714
OX637740.1 222500000 223000000 2009.73837
OX637740.1 223000000 223500000 2009.10342
OX637740.1 223500000 224000000 2008.38246
OX637740.1 224000000 224500000 2007.0
OX637740.1 224500000 225000000 2006.57643
OX637740.1 225000000 225500000 2007.1892
OX637740.1 225500000 226000000 2006.70478
OX637740.1 226000000 226500000 2008.15115
OX637740.1 226500000 227000000 2009.05399
OX637740.1 227000000 227500000 2013.54756
OX637740.1 227500000 228000000 2012.30389
OX637740.1 228000000 228500000 2011.57517
OX637740.1 228500000 229000000 2012.65429
OX637740.1 229000000 229500000 2013.44753
OX637740.1 229500000 230000000 2014.17348
OX637740.1 230000000 230500000 2015.1234
OX637740.1 230500000 231000000 2016.02197
OX637740.1 231000000 231500000 2016.07349
OX637740.1 231500000 232000000 2016.07608
OX637740.1 232000000 232500000 2018.09362
OX637740.1 232500000 233000000 2020.72252
OX637740.1 233000000 233500000 2023.2132
OX637740.1 233500000 234000000 2024.93967
OX637740.1 234000000 234500000 2025.01581
OX637740.1 234500000 235000000 2025.22498
OX637740.1 235000000 235500000 2024.84749
OX637740.1 235500000 236000000 2023.36115
OX637740.1 236000000 236500000 2023.0
OX637740.1 236500000 237000000 2022.30244
OX637740.1 237000000 237500000 2022.80429
OX637740.1 237500000 238000000 2022.92503
OX637740.1 238000000 238500000 2021.50727
OX637740.1 238500000 239000000 2020.67114
OX637740.1 239000000 239500000 2019.33011
OX637740.1 239500000 240000000 2019.50336
OX637740.1 240000000 240500000 2020.67961
OX637740.1 240500000 241000000 2020.02046
OX637740.1 241000000 241500000 2019.71422
OX637740.1 241500000 242000000 2019.02686
OX637740.1 242000000 242500000 2019.10934
OX637740.1 242500000 243000000 2019.08556
OX637740.1 243000000 243500000 2019.52329
OX637740.1 243500000 244000000 2019.05242
OX637740.1 244000000 244500000 2020.01842
OX637740.1 244500000 245000000 2021.97026
OX637740.1 245000000 245500000 2020.05775
OX637740.1 245500000 246000000 2017.28709
OX637740.1 246000000 246500000 2016.65087
OX637740.1 246500000 247000000 2016.07535
OX637740.1 247000000 247500000 2015.25504
OX637740.1 247500000 248000000 2015.24187
OX637740.1 248000000 248500000 2014.67718
OX637740.1 248500000 249000000 2015.22649
OX637740.1 249000000 249500000 2016.01875
OX637740.1 249500000 250000000 2016.48417
OX637740.1 250000000 250500000 2016.01328
OX637740.1 250500000 251000000 2014.69274
OX637740.1 251000000 251500000 2015.39159
OX637740.1 251500000 252000000 2017.70902
OX637740.1 252000000 252500000 2016.77112
OX637740.1 252500000 253000000 2015.68381
OX637740.1 253000000 253500000 2013.48179
OX637740.1 253500000 254000000 2013.0
OX637740.1 254000000 254500000 2012.16014
OX637740.1 254500000 255000000 2013.25412
OX637740.1 255000000 255500000 2014.56933
OX637740.1 255500000 256000000 2014.34566
OX637740.1 256000000 256500000 2014.06611
OX637740.1 256500000 257000000 2012.39318
OX637740.1 257000000 257500000 2012.78589
OX637740.1 257500000 258000000 2013.0
OX637740.1 258000000 258500000 2013.45875
OX637740.1 258500000 259000000 2012.05571
OX637740.1 259000000 259500000 2013.45422
OX637740.1 259500000 260000000 2014.00693
OX637740.1 260000000 260500000 2013.14173
OX637740.1 260500000 261000000 2013.05281
OX637740.1 261000000 261500000 2012.829
OX637740.1 261500000 262000000 2011.07921
OX637740.1 262000000 262500000 2010.0
OX637740.1 262500000 263000000 2009.22199
OX637740.1 263000000 263500000 2009.59767
OX637740.1 263500000 264000000 2009.3573
OX637740.1 264000000 264500000 2009.15921
OX637740.1 264500000 265000000 2009.04893
OX637740.1 265000000 265500000 2009.01662
OX637740.1 265500000 266000000 2007.2364
OX637740.1 266000000 266500000 2004.06056
OX637740.1 266500000 267000000 2004.52643
OX637740.1 267000000 267500000 2002.64631
OX637740.1 267500000 268000000 2001.91262
OX637740.1 268000000 268500000 2000.15718
OX637740.1 268500000 269000000 1998.28364
OX637740.1 269000000 269500000 1998.0281
OX637740.1 269500000 270000000 1999.0128
OX637740.1 270000000 270500000 1998.22402
OX637740.1 270500000 271000000 1996.59071
OX637740.1 271000000 271500000 1996.0431
OX637740.1 271500000 272000000 1995.50649
OX637740.1 272000000 272500000 1992.52635
OX637740.1 272500000 273000000 1991.41348
OX637740.1 273000000 273500000 1990.30194
OX637740.1 273500000 274000000 1987.58974
OX637740.1 274000000 274500000 1986.6606
OX637740.1 274500000 275000000 1985.10427
OX637740.1 275000000 275500000 1983.32511
OX637740.1 275500000 276000000 1982.01647
OX637740.1 276000000 276500000 1979.84414
OX637740.1 276500000 277000000 1979.04426
OX637740.1 277000000 277500000 1981.85784
OX637740.1 277500000 278000000 1981.85342
OX637740.1 278000000 278500000 1980.53291
OX637740.1 278500000 279000000 1980.25682
OX637740.1 279000000 279500000 1981.03822
OX637740.1 279500000 280000000 1982.89765
OX637740.1 280000000 280500000 1982.02606
OX637740.1 280500000 281000000 1982.61526
OX637740.1 281000000 281500000 1982.73602
OX637740.1 281500000 282000000 1982.92525
OX637740.1 282000000 282500000 1982.10024
OX637740.1 282500000 283000000 1983.0
OX637740.1 283000000 283500000 1983.06624
OX637740.1 283500000 284000000 1982.04696
OX637740.1 284000000 284500000 1981.31969
OX637740.1 284500000 285000000 1981.25063
OX637740.1 285000000 285500000 1980.82063
OX637740.1 285500000 286000000 1981.71848
OX637740.1 286000000 286500000 1981.40781
OX637740.1 286500000 287000000 1980.01901
OX637740.1 287000000 287500000 1979.23745
OX637740.1 287500000 288000000 1977.93752
OX637740.1 288000000 288500000 1976.31804
OX637740.1 288500000 289000000 1975.65477
OX637740.1 289000000 289500000 1974.96222
OX637740.1 289500000 290000000 1974.62814
OX637740.1 290000000 290500000 1975.09106
OX637740.1 290500000 291000000 1975.14674
OX637740.1 291000000 291500000 1974.80913
OX637740.1 291500000 292000000 1974.0
OX637740.1 292000000 292500000 1973.82565
OX637740.1 292500000 293000000 1974.0004
OX637740.1 293000000 293500000 1972.10287
OX637740.1 293500000 294000000 1969.31827
OX637740.1 294000000 294500000 1969.07214
OX637740.1 294500000 295000000 1967.76437
OX637740.1 295000000 295500000 1966.51509
OX637740.1 295500000 296000000 1965.44007
OX637740.1 296000000 296500000 1963.61184
OX637740.1 296500000 297000000 1963.05693
OX637740.1 297000000 297500000 1962.32835
OX637740.1 297500000 298000000 1961.8699
OX637740.1 298000000 298500000 1960.14022
OX637740.1 298500000 299000000 1960.85018
OX637740.1 299000000 299500000 1961.0181
OX637740.1 299500000 300000000 1960.51612
OX637740.1 300000000 300500000 1957.99126
OX637740.1 300500000 301000000 1957.42399
OX637740.1 301000000 301500000 1957.0
OX637740.1 301500000 302000000 1956.51391
OX637740.1 302000000 302500000 1957.0
OX637740.1 302500000 303000000 1957.06408
OX637740.1 303000000 303500000 1956.54278
OX637740.1 303500000 304000000 1955.32971
OX637740.1 304000000 304500000 1953.10244
OX637740.1 304500000 305000000 1952.18895
OX637740.1 305000000 305500000 1951.02181
OX637740.1 305500000 306000000 1951.01764
OX637740.1 306000000 306500000 1951.01191
OX637740.1 306500000 307000000 1951.07079
OX637740.1 307000000 307500000 1950.03729
OX637740.1 307500000 308000000 1948.04735
OX637740.1 308000000 308500000 1947.10009
OX637740.1 308500000 309000000 1944.98002
OX637740.1 309000000 309500000 1944.0
OX637740.1 309500000 310000000 1944.03975
OX637740.1 310000000 310500000 1942.99193
OX637740.1 310500000 311000000 1942.0
OX637740.1 311000000 311500000 1941.43121
OX637740.1 311500000 312000000 1941.52976
OX637740.1 312000000 312500000 1942.01646
OX637740.1 312500000 313000000 1942.0
OX637740.1 313000000 313500000 1942.04702
OX637740.1 313500000 314000000 1942.03404
OX637740.1 314000000 314500000 1941.59582
OX637740.1 314500000 315000000 1938.58999
OX637740.1 315000000 315500000 1937.675
OX637740.1 315500000 316000000 1937.04308
OX637740.1 316000000 316500000 1936.29117
OX637740.1 316500000 317000000 1934.62957
OX637740.1 317000000 317500000 1934.54958
OX637740.1 317500000 318000000 1932.92119
OX637740.1 318000000 318500000 1931.30422
OX637740.1 318500000 319000000 1931.18601
OX637740.1 319000000 319500000 1931.5738
OX637740.1 319500000 320000000 1930.77606
OX637740.1 320000000 320500000 1929.02113
OX637740.1 320500000 321000000 1926.25915
OX637740.1 321000000 321500000 1925.0
OX637740.1 321500000 322000000 1925.0
OX637740.1 322000000 322500000 1924.00164
OX637740.1 322500000 323000000 1923.0
OX637740.1 323000000 323500000 1923.00712
OX637740.1 323500000 324000000 1923.0
OX637740.1 324000000 324500000 1922.67944
OX637740.1 324500000 325000000 1922.00804
OX637740.1 325000000 325500000 1922.01938
OX637740.1 325500000 326000000 1920.30481
OX637740.1 326000000 326500000 1920.24109
OX637740.1 326500000 327000000 1919.76707
OX637740.1 327000000 327500000 1920.86162
OX637740.1 327500000 328000000 1919.54081
OX637740.1 328000000 328500000 1917.65338
OX637740.1 328500000 329000000 1916.76175
OX637740.1 329000000 329500000 1916.05508
OX637740.1 329500000 330000000 1916.0
OX637740.1 330000000 330500000 1916.04749
OX637740.1 330500000 331000000 1915.31167
OX637740.1 331000000 331500000 1914.0168
OX637740.1 331500000 332000000 1913.87237
OX637740.1 332000000 332500000 1913.66784
OX637740.1 332500000 333000000 1911.71902
OX637740.1 333000000 333500000 1910.05057
OX637740.1 333500000 334000000 1908.95912
OX637740.1 334000000 334500000 1907.9923
OX637740.1 334500000 335000000 1905.10218
OX637740.1 335000000 335500000 1902.34845
OX637740.1 335500000 336000000 1900.62239
OX637740.1 336000000 336500000 1898.85065
OX637740.1 336500000 337000000 1897.90239
OX637740.1 337000000 337500000 1897.02839
OX637740.1 337500000 338000000 1897.01212
OX637740.1 338000000 338500000 1897.02097
OX637740.1 338500000 339000000 1896.61855
OX637740.1 339000000 339500000 1896.00677
OX637740.1 339500000 340000000 1895.33955
OX637740.1 340000000 340500000 1892.94593
OX637740.1 340500000 341000000 1890.49791
OX637740.1 341000000 341500000 1887.6222
OX637740.1 341500000 342000000 1885.56631
OX637740.1 342000000 342500000 1886.89251
OX637740.1 342500000 343000000 1885.94284
OX637740.1 343000000 343500000 1884.86682
OX637740.1 343500000 344000000 1884.60478
OX637740.1 344000000 344500000 1882.16174
OX637740.1 344500000 345000000 1881.05074
OX637740.1 345000000 345500000 1878.92149
OX637740.1 345500000 346000000 1876.21762
OX637740.1 346000000 346500000 1875.03405
OX637740.1 346500000 347000000 1875.09231
OX637740.1 347000000 347500000 1873.2617
OX637740.1 347500000 348000000 1871.0
OX637740.1 348000000 348500000 1870.12899
OX637740.1 348500000 349000000 1870.01149
OX637740.1 349000000 349500000 1869.45049
OX637740.1 349500000 350000000 1868.74731
OX637740.1 350000000 350500000 1868.90647
OX637740.1 350500000 351000000 1869.21106
OX637740.1 351000000 351500000 1868.66042
OX637740.1 351500000 352000000 1865.67664
OX637740.1 352000000 352500000 1864.41664
OX637740.1 352500000 353000000 1864.61612
OX637740.1 353000000 353500000 1863.79035
OX637740.1 353500000 354000000 1863.93604
OX637740.1 354000000 354500000 1862.67635
OX637740.1 354500000 355000000 1859.66214
OX637740.1 355000000 355500000 1859.02961
OX637740.1 355500000 356000000 1855.72987
OX637740.1 356000000 356500000 1854.41314
OX637740.1 356500000 357000000 1850.59859
OX637740.1 357000000 357500000 1849.44631
OX637740.1 357500000 358000000 1845.71001
OX637740.1 358000000 358500000 1843.05371
OX637740.1 358500000 359000000 1841.07351
OX637740.1 359000000 359500000 1839.07745
OX637740.1 359500000 360000000 1838.01672
OX637740.1 360000000 360500000 1837.0378
OX637740.1 360500000 361000000 1836.60371
OX637740.1 361000000 361500000 1837.05646
OX637740.1 361500000 362000000 1836.0011
OX637740.1 362000000 362500000 1835.17485
OX637740.1 362500000 363000000 1835.68484
OX637740.1 363000000 363500000 1835.62959
OX637740.1 363500000 364000000 1835.19836
OX637740.1 364000000 364500000 1835.02362
OX637740.1 364500000 365000000 1835.0
OX637740.1 365000000 365500000 1833.53717
OX637740.1 365500000 366000000 1831.76421
OX637740.1 366000000 366500000 1830.76359
OX637740.1 366500000 367000000 1827.87206
OX637740.1 367000000 367500000 1826.91814
OX637740.1 367500000 368000000 1825.53773
OX637740.1 368000000 368500000 1824.09279
OX637740.1 368500000 369000000 1822.56034
OX637740.1 369000000 369500000 1821.0536
OX637740.1 369500000 370000000 1815.70062
OX637740.1 370000000 370500000 1815.01256
OX637740.1 370500000 371000000 1814.20583
OX637740.1 371000000 371500000 1813.17693
OX637740.1 371500000 372000000 1812.0763
OX637740.1 372000000 372500000 1811.24855
OX637740.1 372500000 373000000 1809.76478
OX637740.1 373000000 373500000 1806.30751
OX637740.1 373500000 374000000 1805.67905
OX637740.1 374000000 374500000 1804.4856
OX637740.1 374500000 375000000 1802.83278
OX637740.1 375000000 375500000 1800.70967
OX637740.1 375500000 376000000 1798.97223
OX637740.1 376000000 376500000 1795.53406
OX637740.1 376500000 377000000 1791.98525
OX637740.1 377000000 377500000 1789.84447
OX637740.1 377500000 378000000 1789.0
OX637740.1 378000000 378500000 1788.41037
OX637740.1 378500000 379000000 1785.29444
OX637740.1 379000000 379500000 1781.91264
OX637740.1 379500000 380000000 1778.50614
OX637740.1 380000000 380500000 1776.56765
OX637740.1 380500000 381000000 1773.23829
OX637740.1 381000000 381500000 1772.01069
OX637740.1 381500000 382000000 1772.0
OX637740.1 382000000 382500000 1768.24639
OX637740.1 382500000 383000000 1761.59174
OX637740.1 383000000 383500000 1761.03802
OX637740.1 383500000 384000000 1761.0
OX637740.1 384000000 384500000 1758.4617
OX637740.1 384500000 385000000 1752.94243
OX637740.1 385000000 385500000 1751.74306
OX637740.1 385500000 386000000 1750.04472
OX637740.1 386000000 386500000 1749.29403
OX637740.1 386500000 387000000 1745.75479
OX637740.1 387000000 387500000 1744.05168
OX637740.1 387500000 388000000 1741.26919
OX637740.1 388000000 388500000 1737.41636
OX637740.1 388500000 389000000 1736.60021
OX637740.1 389000000 389500000 1734.37473
OX637740.1 389500000 390000000 1730.20022
OX637740.1 390000000 390500000 1724.55501
OX637740.1 390500000 391000000 1724.80018
OX637740.1 391000000 391500000 1723.93458
OX637740.1 391500000 392000000 1722.17003
OX637740.1 392000000 392500000 1720.93505
OX637740.1 392500000 393000000 1719.32568
OX637740.1 393000000 393500000 1716.56429
OX637740.1 393500000 394000000 1711.47944
OX637740.1 394000000 394500000 1709.93075
OX637740.1 394500000 395000000 1710.03595
OX637740.1 395000000 395500000 1708.438
OX637740.1 395500000 396000000 1706.04003
OX637740.1 396000000 396500000 1706.0
OX637740.1 396500000 397000000 1706.00895
OX637740.1 397000000 397500000 1705.35214
OX637740.1 397500000 398000000 1704.80045
OX637740.1 398000000 398500000 1702.65019
OX637740.1 398500000 399000000 1702.08247
OX637740.1 399000000 399500000 1701.34915
OX637740.1 399500000 400000000 1700.11985
OX637740.1 400000000 400500000 1699.0
OX637740.1 400500000 401000000 1696.90698
OX637740.1 401000000 401500000 1696.03684
OX637740.1 401500000 402000000 1695.07809
OX637740.1 402000000 402500000 1692.25463
OX637740.1 402500000 403000000 1687.90544
OX637740.1 403000000 403500000 1686.9601
OX637740.1 403500000 404000000 1683.57004
OX637740.1 404000000 404500000 1679.03433
OX637740.1 404500000 405000000 1672.29103
OX637740.1 405000000 405500000 1669.75118
OX637740.1 405500000 406000000 1666.76098
OX637740.1 406000000 406500000 1666.02175
OX637740.1 406500000 407000000 1663.72548
OX637740.1 407000000 407500000 1658.12114
OX637740.1 407500000 408000000 1655.74859
OX637740.1 408000000 408500000 1651.83918
OX637740.1 408500000 409000000 1649.11816
OX637740.1 409000000 409500000 1646.67449
OX637740.1 409500000 410000000 1644.061
OX637740.1 410000000 410500000 1642.2401
OX637740.1 410500000 411000000 1635.83323
OX637740.1 411000000 411500000 1630.14798
OX637740.1 411500000 412000000 1627.17867
OX637740.1 412000000 412500000 1620.97633
OX637740.1 412500000 413000000 1616.06024
OX637740.1 413000000 413500000 1612.60838
OX637740.1 413500000 414000000 1610.65049
OX637740.1 414000000 414500000 1609.07198
OX637740.1 414500000 415000000 1608.16544
OX637740.1 415000000 415500000 1606.24024
OX637740.1 415500000 416000000 1604.26888
OX637740.1 416000000 416500000 1597.10358
OX637740.1 416500000 417000000 1586.45124
OX637740.1 417000000 417500000 1580.04949
OX637740.1 417500000 418000000 1572.13923
OX637740.1 418000000 418500000 1570.68562
OX637740.1 418500000 419000000 1567.92043
OX637740.1 419000000 419500000 1562.50208
OX637740.1 419500000 420000000 1557.08973
OX637740.1 420000000 420500000 1552.71757
OX637740.1 420500000 421000000 1548.909
OX637740.1 421000000 421500000 1547.33933
OX637740.1 421500000 422000000 1546.84018
OX637740.1 422000000 422500000 1544.49011
OX637740.1 422500000 423000000 1539.32383
OX637740.1 423000000 423500000 1534.48379
OX637740.1 423500000 424000000 1532.11719
OX637740.1 424000000 424500000 1529.04525
OX637740.1 424500000 425000000 1526.26364
OX637740.1 425000000 425500000 1524.08516
OX637740.1 425500000 426000000 1517.78398
OX637740.1 426000000 426500000 1510.36309
OX637740.1 426500000 427000000 1499.97078
OX637740.1 427000000 427500000 1491.90585
OX637740.1 427500000 428000000 1489.51072
OX637740.1 428000000 428500000 1485.40819
OX637740.1 428500000 429000000 1479.61971
OX637740.1 429000000 429500000 1474.3731
OX637740.1 429500000 430000000 1472.11203
OX637740.1 430000000 430500000 1467.92963
OX637740.1 430500000 431000000 1459.17347
OX637740.1 431000000 431500000 1457.00699
OX637740.1 431500000 432000000 1455.26188
OX637740.1 432000000 432500000 1449.74345
OX637740.1 432500000 433000000 1444.60181
OX637740.1 433000000 433500000 1441.85554
OX637740.1 433500000 434000000 1436.57008
OX637740.1 434000000 434500000 1430.98855
OX637740.1 434500000 435000000 1424.96347
OX637740.1 435000000 435500000 1419.82498
OX637740.1 435500000 436000000 1408.84569
OX637740.1 436000000 436500000 1402.45874
OX637740.1 436500000 437000000 1400.2129
OX637740.1 437000000 437500000 1396.49389
OX637740.1 437500000 438000000 1391.92717
OX637740.1 438000000 438500000 1387.94278
OX637740.1 438500000 439000000 1383.89868
OX637740.1 439000000 439500000 1373.19188
OX637740.1 439500000 440000000 1368.91655
OX637740.1 440000000 440500000 1353.76704
OX637740.1 440500000 441000000 1345.29745
OX637740.1 441000000 441500000 1343.05361
OX637740.1 441500000 442000000 1338.29805
OX637740.1 442000000 442500000 1333.86261
OX637740.1 442500000 443000000 1325.74805
OX637740.1 443000000 443500000 1321.51192
OX637740.1 443500000 444000000 1315.28333
OX637740.1 444000000 444500000 1312.32984
OX637740.1 444500000 445000000 1306.8683
OX637740.1 445000000 445500000 1303.97461
OX637740.1 445500000 446000000 1298.24981
OX637740.1 446000000 446500000 1284.50913
OX637740.1 446500000 447000000 1268.82461
OX637740.1 447000000 447500000 1255.30631
OX637740.1 447500000 448000000 1245.49207
OX637740.1 448000000 448500000 1233.65442
OX637740.1 448500000 449000000 1228.11017
OX637740.1 449000000 449500000 1224.47776
OX637740.1 449500000 450000000 1222.22216
OX637740.1 450000000 450500000 1219.51427
OX637740.1 450500000 451000000 1215.39975
OX637740.1 451000000 451500000 1206.552
OX637740.1 451500000 452000000 1194.64519
OX637740.1 452000000 452500000 1191.28101
OX637740.1 452500000 453000000 1184.30313
OX637740.1 453000000 453500000 1176.83137
OX637740.1 453500000 454000000 1166.98123
OX637740.1 454000000 454500000 1156.33332
OX637740.1 454500000 455000000 1146.49343
OX637740.1 455000000 455500000 1140.18315
OX637740.1 455500000 456000000 1133.28022
OX637740.1 456000000 456500000 1131.03954
OX637740.1 456500000 457000000 1126.26349
OX637740.1 457000000 457500000 1117.09797
OX637740.1 457500000 458000000 1111.11239
OX637740.1 458000000 458500000 1101.97842
OX637740.1 458500000 459000000 1092.03136
OX637740.1 459000000 459500000 1078.01382
OX637740.1 459500000 460000000 1063.97909
OX637740.1 460000000 460500000 1046.20442
OX637740.1 460500000 461000000 1031.38591
OX637740.1 461000000 461500000 1020.14347
OX637740.1 461500000 462000000 1006.71688
OX637740.1 462000000 462500000 995.84126
OX637740.1 462500000 463000000 985.95476
OX637740.1 463000000 463500000 975.87545
OX637740.1 463500000 464000000 964.59102
OX637740.1 464000000 464500000 952.96219
OX637740.1 464500000 465000000 935.46662
OX637740.1 465000000 465500000 924.31843
OX637740.1 465500000 466000000 913.49862
OX637740.1 466000000 466500000 906.72434
OX637740.1 466500000 467000000 891.39159
OX637740.1 467000000 467500000 877.86177
OX637740.1 467500000 468000000 863.81939
OX637740.1 468000000 468500000 846.95239
OX637740.1 468500000 469000000 837.16912
OX637740.1 469000000 469500000 819.71268
OX637740.1 469500000 470000000 806.34213
OX637740.1 470000000 470500000 781.1832
OX637740.1 470500000 471000000 756.62413
OX637740.1 471000000 471500000 739.8236
OX637740.1 471500000 472000000 720.46272
OX637740.1 472000000 472500000 706.8636
OX637740.1 472500000 473000000 690.84583
OX637740.1 473000000 473500000 670.67113
OX637740.1 473500000 474000000 642.95647
OX637740.1 474000000 474500000 626.07859
OX637740.1 474500000 475000000 611.77205
OX637740.1 475000000 475500000 585.8486
OX637740.1 475500000 476000000 564.42604
OX637740.1 476000000 476500000 542.29566
OX637740.1 476500000 477000000 518.90716
OX637740.1 477000000 477500000 500.63292
OX637740.1 477500000 478000000 467.34483
OX637740.1 478000000 478500000 416.07657
OX637740.1 478500000 479000000 386.85826
OX637740.1 479000000 479500000 357.44377
OX637740.1 479500000 480000000 324.89029
OX637740.1 480000000 480500000 275.19284
OX637740.1 480500000 481000000 246.89966
OX637740.1 481000000 481500000 240.53603
OX637740.1 481500000 482000000 207.47867
OX637740.1 482000000 482500000 149.93935
OX637740.1 482500000 482982197 64.97866
OX637747.1 0 500000 0.0
OX637747.1 500000 1000000 0.0
OX637747.1 1000000 1500000 0.62124
OX637747.1 1500000 2000000 16.99376
OX637747.1 2000000 2500000 112.08975
OX637747.1 2500000 3000000 207.596
OX637747.1 3000000 3500000 255.02655
OX637747.1 3500000 4000000 295.28805
OX637747.1 4000000 4500000 344.40467
OX637747.1 4500000 5000000 393.50391
OX637747.1 5000000 5500000 438.47716
OX637747.1 5500000 6000000 492.90254
OX637747.1 6000000 6500000 531.32259
OX637747.1 6500000 7000000 561.18184
OX637747.1 7000000 7500000 586.4924
OX637747.1 7500000 8000000 611.32811
OX637747.1 8000000 8500000 633.63003
OX637747.1 8500000 9000000 652.14705
OX637747.1 9000000 9500000 665.73861
OX637747.1 9500000 10000000 679.82577
OX637747.1 10000000 10500000 695.50382
OX637747.1 10500000 11000000 713.78719
OX637747.1 11000000 11500000 724.60814
OX637747.1 11500000 12000000 730.60773
OX637747.1 12000000 12500000 745.56875
OX637747.1 12500000 13000000 760.60533
OX637747.1 13000000 13500000 772.22649
OX637747.1 13500000 14000000 779.67841
OX637747.1 14000000 14500000 788.54205
OX637747.1 14500000 15000000 796.88204
OX637747.1 15000000 15500000 809.75796
OX637747.1 15500000 16000000 818.95543
OX637747.1 16000000 16500000 835.62137
OX637747.1 16500000 17000000 849.82993
OX637747.1 17000000 17500000 858.12996
OX637747.1 17500000 18000000 868.9127
OX637747.1 18000000 18500000 876.35214
OX637747.1 18500000 19000000 882.46637
OX637747.1 19000000 19500000 889.74597
OX637747.1 19500000 20000000 901.5173
OX637747.1 20000000 20500000 913.96122
OX637747.1 20500000 21000000 924.84518
OX637747.1 21000000 21500000 934.51552
OX637747.1 21500000 22000000 946.23236
OX637747.1 22000000 22500000 956.21093
OX637747.1 22500000 23000000 966.37643
OX637747.1 23000000 23500000 971.79691
OX637747.1 23500000 24000000 979.27232
OX637747.1 24000000 24500000 987.48347
OX637747.1 24500000 25000000 997.22983
OX637747.1 25000000 25500000 1002.4375
OX637747.1 25500000 26000000 1015.79545
OX637747.1 26000000 26500000 1025.63184
OX637747.1 26500000 27000000 1031.00845
OX637747.1 27000000 27500000 1034.84333
OX637747.1 27500000 28000000 1041.64407
OX637747.1 28000000 28500000 1047.78329
OX637747.1 28500000 29000000 1053.96848
OX637747.1 29000000 29500000 1061.35536
OX637747.1 29500000 30000000 1066.00889
OX637747.1 30000000 30500000 1070.43947
OX637747.1 30500000 31000000 1075.80238
OX637747.1 31000000 31500000 1080.02272
OX637747.1 31500000 32000000 1086.40481
OX637747.1 32000000 32500000 1094.30301
OX637747.1 32500000 33000000 1097.68923
OX637747.1 33000000 33500000 1103.74408
OX637747.1 33500000 34000000 1105.87094
OX637747.1 34000000 34500000 1108.46001
OX637747.1 34500000 35000000 1111.66489
OX637747.1 35000000 35500000 1122.65171
OX637747.1 35500000 36000000 1125.48787
OX637747.1 36000000 36500000 1127.77135
OX637747.1 36500000 37000000 1131.01893
OX637747.1 37000000 37500000 1134.90491
OX637747.1 37500000 38000000 1135.38205
OX637747.1 38000000 38500000 1140.25273
OX637747.1 38500000 39000000 1144.45621
OX637747.1 39000000 39500000 1150.7793
OX637747.1 39500000 40000000 1154.16533
OX637747.1 40000000 40500000 1162.92004
OX637747.1 40500000 41000000 1168.47647
OX637747.1 41000000 41500000 1171.03215
OX637747.1 41500000 42000000 1172.12003
OX637747.1 42000000 42500000 1176.25059
OX637747.1 42500000 43000000 1178.51513
OX637747.1 43000000 43500000 1183.14485
OX637747.1 43500000 44000000 1185.03046
OX637747.1 44000000 44500000 1186.90552
OX637747.1 44500000 45000000 1192.66138
OX637747.1 45000000 45500000 1199.07622
OX637747.1 45500000 46000000 1204.99408
OX637747.1 46000000 46500000 1206.99121
OX637747.1 46500000 47000000 1209.97117
OX637747.1 47000000 47500000 1211.0
OX637747.1 47500000 48000000 1211.0
OX637747.1 48000000 48500000 1211.0
OX637747.1 48500000 49000000 1213.68499
OX637747.1 49000000 49500000 1217.05176
OX637747.1 49500000 50000000 1218.05831
OX637747.1 50000000 50500000 1221.09189
OX637747.1 50500000 51000000 1224.6871
OX637747.1 51000000 51500000 1228.9635
OX637747.1 51500000 52000000 1232.2162
OX637747.1 52000000 52500000 1241.52748
OX637747.1 52500000 53000000 1249.91504
OX637747.1 53000000 53500000 1253.45051
OX637747.1 53500000 54000000 1256.52634
OX637747.1 54000000 54500000 1258.47971
OX637747.1 54500000 55000000 1271.19431
OX637747.1 55000000 55500000 1276.46165
OX637747.1 55500000 56000000 1281.87868
OX637747.1 56000000 56500000 1287.32266
OX637747.1 56500000 57000000 1292.571
OX637747.1 57000000 57500000 1295.95667
OX637747.1 57500000 58000000 1297.92744
OX637747.1 58000000 58500000 1303.12906
OX637747.1 58500000 59000000 1308.91221
OX637747.1 59000000 59500000 1313.24552
OX637747.1 59500000 60000000 1316.20951
OX637747.1 60000000 60500000 1317.27124
OX637747.1 60500000 61000000 1319.81069
OX637747.1 61000000 61500000 1324.54744
OX637747.1 61500000 62000000 1327.16418
OX637747.1 62000000 62500000 1328.0
OX637747.1 62500000 63000000 1328.0
OX637747.1 63000000 63500000 1329.00883
OX637747.1 63500000 64000000 1330.0
OX637747.1 64000000 64500000 1331.43395
OX637747.1 64500000 65000000 1333.7495
OX637747.1 65000000 65500000 1335.86965
OX637747.1 65500000 66000000 1338.22113
OX637747.1 66000000 66500000 1341.88371
OX637747.1 66500000 67000000 1343.88973
OX637747.1 67000000 67500000 1346.0
OX637747.1 67500000 68000000 1346.0
OX637747.1 68000000 68500000 1346.0
OX637747.1 68500000 69000000 1346.97475
OX637747.1 69000000 69500000 1351.53909
OX637747.1 69500000 70000000 1353.827
OX637747.1 70000000 70500000 1355.82386
OX637747.1 70500000 71000000 1356.0
OX637747.1 71000000 71500000 1356.0
OX637747.1 71500000 72000000 1357.20042
OX637747.1 72000000 72500000 1360.52778
OX637747.1 72500000 73000000 1364.87738
OX637747.1 73000000 73500000 1366.99505
OX637747.1 73500000 74000000 1369.22738
OX637747.1 74000000 74500000 1371.11698
OX637747.1 74500000 75000000 1375.20197
OX637747.1 75000000 75500000 1378.70287
OX637747.1 75500000 76000000 1379.72253
OX637747.1 76000000 76500000 1380.82772
OX637747.1 76500000 77000000 1384.55662
OX637747.1 77000000 77500000 1386.66244
OX637747.1 77500000 78000000 1391.90256
OX637747.1 78000000 78500000 1396.05613
OX637747.1 78500000 79000000 1397.15351
OX637747.1 79000000 79500000 1398.92366
OX637747.1 79500000 80000000 1400.05756
OX637747.1 80000000 80500000 1401.90903
OX637747.1 80500000 81000000 1405.83511
OX637747.1 81000000 81500000 1407.02963
OX637747.1 81500000 82000000 1408.42594
OX637747.1 82000000 82500000 1411.03049
OX637747.1 82500000 83000000 1411.8654
OX637747.1 83000000 83500000 1414.04694
OX637747.1 83500000 84000000 1414.06624
OX637747.1 84000000 84500000 1414.01608
OX637747.1 84500000 85000000 1414.85885
OX637747.1 85000000 85500000 1415.92633
OX637747.1 85500000 86000000 1416.68769
OX637747.1 86000000 86500000 1419.97388
OX637747.1 86500000 87000000 1423.8829
OX637747.1 87000000 87500000 1424.07304
OX637747.1 87500000 88000000 1424.78158
OX637747.1 88000000 88500000 1427.78871
OX637747.1 88500000 89000000 1430.06211
OX637747.1 89000000 89500000 1432.39934
OX637747.1 89500000 90000000 1434.11417
OX637747.1 90000000 90500000 1434.28742
OX637747.1 90500000 91000000 1436.16072
OX637747.1 91000000 91500000 1437.79219
OX637747.1 91500000 92000000 1439.05258
OX637747.1 92000000 92500000 1442.70705
OX637747.1 92500000 93000000 1443.71527
OX637747.1 93000000 93500000 1445.81614
OX637747.1 93500000 94000000 1446.89302
OX637747.1 94000000 94500000 1448.82608
OX637747.1 94500000 95000000 1451.0
OX637747.1 95000000 95500000 1451.92032
OX637747.1 95500000 96000000 1453.99539
OX637747.1 96000000 96500000 1455.91009
OX637747.1 96500000 97000000 1465.30819
OX637747.1 97000000 97500000 1467.85296
OX637747.1 97500000 98000000 1472.73321
OX637747.1 98000000 98500000 1476.77004
OX637747.1 98500000 99000000 1478.74206
OX637747.1 99000000 99500000 1480.05431
OX637747.1 99500000 100000000 1480.90967
OX637747.1 100000000 100500000 1486.07926
OX637747.1 100500000 101000000 1486.0
OX637747.1 101000000 101500000 1486.0
OX637747.1 101500000 102000000 1486.06684
OX637747.1 102000000 102500000 1486.82329
OX637747.1 102500000 103000000 1487.22011
OX637747.1 103000000 103500000 1487.99489
OX637747.1 103500000 104000000 1489.79135
OX637747.1 104000000 104500000 1494.57261
OX637747.1 104500000 105000000 1496.55606
OX637747.1 105000000 105500000 1497.01637
OX637747.1 105500000 106000000 1499.39517
OX637747.1 106000000 106500000 1505.3548
OX637747.1 106500000 107000000 1507.86667
OX637747.1 107000000 107500000 1510.72724
OX637747.1 107500000 108000000 1511.08051
OX637747.1 108000000 108500000 1511.45092
OX637747.1 108500000 109000000 1511.1593
OX637747.1 109000000 109500000 1512.0
OX637747.1 109500000 110000000 1513.46349
OX637747.1 110000000 110500000 1515.46701
OX637747.1 110500000 111000000 1516.31222
OX637747.1 111000000 111500000 1518.29355
OX637747.1 111500000 112000000 1519.03297
OX637747.1 112000000 112500000 1519.57609
OX637747.1 112500000 113000000 1521.83633
OX637747.1 113000000 113500000 1522.59653
OX637747.1 113500000 114000000 1523.07032
OX637747.1 114000000 114500000 1523.04565
OX637747.1 114500000 115000000 1522.45132
OX637747.1 115000000 115500000 1524.7404
OX637747.1 115500000 116000000 1527.73038
OX637747.1 116000000 116500000 1528.25965
OX637747.1 116500000 117000000 1529.18098
OX637747.1 117000000 117500000 1530.98906
OX637747.1 117500000 118000000 1531.79752
OX637747.1 118000000 118500000 1533.56565
OX637747.1 118500000 119000000 1535.0
OX637747.1 119000000 119500000 1534.45041
OX637747.1 119500000 120000000 1534.39636
OX637747.1 120000000 120500000 1537.29437
OX637747.1 120500000 121000000 1538.11166
OX637747.1 121000000 121500000 1538.08255
OX637747.1 121500000 122000000 1539.0
OX637747.1 122000000 122500000 1541.11413
OX637747.1 122500000 123000000 1543.66406
OX637747.1 123000000 123500000 1544.20215
OX637747.1 123500000 124000000 1545.65264
OX637747.1 124000000 124500000 1546.01637
OX637747.1 124500000 125000000 1546.83428
OX637747.1 125000000 125500000 1547.06633
OX637747.1 125500000 126000000 1548.43222
OX637747.1 126000000 126500000 1549.01438
OX637747.1 126500000 127000000 1549.40887
OX637747.1 127000000 127500000 1550.4146
OX637747.1 127500000 128000000 1552.65992
OX637747.1 128000000 128500000 1555.36081
OX637747.1 128500000 129000000 1556.94944
OX637747.1 129000000 129500000 1557.0
OX637747.1 129500000 130000000 1557.16829
OX637747.1 130000000 130500000 1558.0
OX637747.1 130500000 131000000 1558.0
OX637747.1 131000000 131500000 1558.05198
OX637747.1 131500000 132000000 1558.0
OX637747.1 132000000 132500000 1558.62841
OX637747.1 132500000 133000000 1560.40654
OX637747.1 133000000 133500000 1561.94042
OX637747.1 133500000 134000000 1563.17864
OX637747.1 134000000 134500000 1564.2215
OX637747.1 134500000 135000000 1565.03769
OX637747.1 135000000 135500000 1566.69735
OX637747.1 135500000 136000000 1566.82092
OX637747.1 136000000 136500000 1567.02878
OX637747.1 136500000 137000000 1567.4462
OX637747.1 137000000 137500000 1568.80576
OX637747.1 137500000 138000000 1570.0
OX637747.1 138000000 138500000 1570.77976
OX637747.1 138500000 139000000 1572.84632
OX637747.1 139000000 139500000 1573.0193
OX637747.1 139500000 140000000 1573.72682
OX637747.1 140000000 140500000 1576.92707
OX637747.1 140500000 141000000 1579.01005
OX637747.1 141000000 141500000 1583.27688
OX637747.1 141500000 142000000 1583.31588
OX637747.1 142000000 142500000 1584.87296
OX637747.1 142500000 143000000 1586.05239
OX637747.1 143000000 143500000 1586.23444
OX637747.1 143500000 144000000 1587.80738
OX637747.1 144000000 144500000 1589.61889
OX637747.1 144500000 145000000 1591.01524
OX637747.1 145000000 145500000 1593.0
OX637747.1 145500000 146000000 1593.25304
OX637747.1 146000000 146500000 1595.68096
OX637747.1 146500000 147000000 1598.42108
OX637747.1 147000000 147500000 1600.11375
OX637747.1 147500000 148000000 1601.63159
OX637747.1 148000000 148500000 1604.01775
OX637747.1 148500000 149000000 1604.07336
OX637747.1 149000000 149500000 1606.6794
OX637747.1 149500000 150000000 1610.00557
OX637747.1 150000000 150500000 1612.63227
OX637747.1 150500000 151000000 1614.93496
OX637747.1 151000000 151500000 1617.08386
OX637747.1 151500000 152000000 1617.80198
OX637747.1 152000000 152500000 1620.63382
OX637747.1 152500000 153000000 1621.07461
OX637747.1 153000000 153500000 1622.10845
OX637747.1 153500000 154000000 1623.0
OX637747.1 154000000 154500000 1624.26967
OX637747.1 154500000 155000000 1626.84068
OX637747.1 155000000 155500000 1627.40693
OX637747.1 155500000 156000000 1629.04386
OX637747.1 156000000 156500000 1633.65221
OX637747.1 156500000 157000000 1634.69599
OX637747.1 157000000 157500000 1639.33382
OX637747.1 157500000 158000000 1644.8868
OX637747.1 158000000 158500000 1646.05183
OX637747.1 158500000 159000000 1647.35536
OX637747.1 159000000 159500000 1648.0294
OX637747.1 159500000 160000000 1648.01639
OX637747.1 160000000 160500000 1648.93406
OX637747.1 160500000 161000000 1649.01629
OX637747.1 161000000 161500000 1650.99819
OX637747.1 161500000 162000000 1652.0
OX637747.1 162000000 162500000 1653.0095
OX637747.1 162500000 163000000 1653.60393
OX637747.1 163000000 163500000 1656.42008
OX637747.1 163500000 164000000 1659.03342
OX637747.1 164000000 164500000 1659.42861
OX637747.1 164500000 165000000 1662.0
OX637747.1 165000000 165500000 1662.89556
OX637747.1 165500000 166000000 1663.74352
OX637747.1 166000000 166500000 1663.27116
OX637747.1 166500000 167000000 1665.04847
OX637747.1 167000000 167500000 1666.95904
OX637747.1 167500000 168000000 1667.34661
OX637747.1 168000000 168500000 1668.0
OX637747.1 168500000 169000000 1668.9082
OX637747.1 169000000 169500000 1669.08295
OX637747.1 169500000 170000000 1669.25436
OX637747.1 170000000 170500000 1671.39399
OX637747.1 170500000 171000000 1672.0
OX637747.1 171000000 171500000 1672.0
OX637747.1 171500000 172000000 1672.0
OX637747.1 172000000 172500000 1672.0
OX637747.1 172500000 173000000 1672.01957
OX637747.1 173000000 173500000 1672.01684
OX637747.1 173500000 174000000 1672.02919
OX637747.1 174000000 174500000 1672.0172
OX637747.1 174500000 175000000 1672.43454
OX637747.1 175000000 175500000 1673.48189
OX637747.1 175500000 176000000 1674.31647
OX637747.1 176000000 176500000 1675.71157
OX637747.1 176500000 177000000 1678.58927
OX637747.1 177000000 177500000 1679.92334
OX637747.1 177500000 178000000 1679.58916
OX637747.1 178000000 178500000 1679.99634
OX637747.1 178500000 179000000 1680.02879
OX637747.1 179000000 179500000 1680.0
OX637747.1 179500000 180000000 1680.05065
OX637747.1 180000000 180500000 1680.05962
OX637747.1 180500000 181000000 1680.05805
OX637747.1 181000000 181500000 1680.90766
OX637747.1 181500000 182000000 1681.85964
OX637747.1 182000000 182500000 1681.0
OX637747.1 182500000 183000000 1681.02191
OX637747.1 183000000 183500000 1681.90184
OX637747.1 183500000 184000000 1682.76083
OX637747.1 184000000 184500000 1683.0
OX637747.1 184500000 185000000 1683.01247
OX637747.1 185000000 185500000 1683.05836
OX637747.1 185500000 186000000 1683.04519
OX637747.1 186000000 186500000 1683.0
OX637747.1 186500000 187000000 1683.53577
OX637747.1 187000000 187500000 1687.8461
OX637747.1 187500000 188000000 1690.0358
OX637747.1 188000000 188500000 1690.06754
OX637747.1 188500000 189000000 1691.05522
OX637747.1 189000000 189500000 1690.54319
OX637747.1 189500000 190000000 1689.94572
OX637747.1 190000000 190500000 1689.0
OX637747.1 190500000 191000000 1689.42325
OX637747.1 191000000 191500000 1690.0
OX637747.1 191500000 192000000 1691.78904
OX637747.1 192000000 192500000 1694.13759
OX637747.1 192500000 193000000 1697.5506
OX637747.1 193000000 193500000 1699.06979
OX637747.1 193500000 194000000 1700.07984
OX637747.1 194000000 194500000 1701.78989
OX637747.1 194500000 195000000 1701.37936
OX637747.1 195000000 195500000 1701.0
OX637747.1 195500000 196000000 1702.30092
OX637747.1 196000000 196500000 1703.29617
OX637747.1 196500000 197000000 1704.06075
OX637747.1 197000000 197500000 1704.25048
OX637747.1 197500000 198000000 1705.04499
OX637747.1 198000000 198500000 1705.95181
OX637747.1 198500000 199000000 1706.01616
OX637747.1 199000000 199500000 1705.92396
OX637747.1 199500000 200000000 1706.03708
OX637747.1 200000000 200500000 1706.06694
OX637747.1 200500000 201000000 1706.64432
OX637747.1 201000000 201500000 1707.01966
OX637747.1 201500000 202000000 1706.17027
OX637747.1 202000000 202500000 1706.03796
OX637747.1 202500000 203000000 1706.0
OX637747.1 203000000 203500000 1706.0
OX637747.1 203500000 204000000 1706.90542
OX637747.1 204000000 204500000 1708.0271
OX637747.1 204500000 205000000 1708.05447
OX637747.1 205000000 205500000 1709.44631
OX637747.1 205500000 206000000 1713.96528
OX637747.1 206000000 206500000 1715.39204
OX637747.1 206500000 207000000 1718.719
OX637747.1 207000000 207500000 1723.29538
OX637747.1 207500000 208000000 1725.0
OX637747.1 208000000 208500000 1725.33695
OX637747.1 208500000 209000000 1727.21308
OX637747.1 209000000 209500000 1729.47094
OX637747.1 209500000 210000000 1730.80098
OX637747.1 210000000 210500000 1732.27045
OX637747.1 210500000 211000000 1734.60158
OX637747.1 211000000 211500000 1735.57189
OX637747.1 211500000 212000000 1734.56627
OX637747.1 212000000 212500000 1736.42503
OX637747.1 212500000 213000000 1740.24904
OX637747.1 213000000 213500000 1743.97095
OX637747.1 213500000 214000000 1743.55672
OX637747.1 214000000 214500000 1744.0
OX637747.1 214500000 215000000 1744.6323
OX637747.1 215000000 215500000 1745.17711
OX637747.1 215500000 216000000 1744.0
OX637747.1 216000000 216500000 1744.71252
OX637747.1 216500000 217000000 1745.48164
OX637747.1 217000000 217500000 1744.25988
OX637747.1 217500000 218000000 1745.04889
OX637747.1 218000000 218500000 1745.889
OX637747.1 218500000 219000000 1746.00641
OX637747.1 219000000 219500000 1746.62424
OX637747.1 219500000 220000000 1746.40126
OX637747.1 220000000 220500000 1746.01918
OX637747.1 220500000 221000000 1746.01289
OX637747.1 221000000 221500000 1746.01963
OX637747.1 221500000 222000000 1745.5445
OX637747.1 222000000 222500000 1744.923
OX637747.1 222500000 223000000 1744.30675
OX637747.1 223000000 223500000 1746.34237
OX637747.1 223500000 224000000 1747.67402
OX637747.1 224000000 224500000 1749.69013
OX637747.1 224500000 225000000 1749.02581
OX637747.1 225000000 225500000 1748.20658
OX637747.1 225500000 226000000 1748.01266
OX637747.1 226000000 226500000 1748.77302
OX637747.1 226500000 227000000 1751.04146
OX637747.1 227000000 227500000 1752.05546
OX637747.1 227500000 228000000 1752.0
OX637747.1 228000000 228500000 1752.07686
OX637747.1 228500000 229000000 1752.27931
OX637747.1 229000000 229500000 1753.01455
OX637747.1 229500000 230000000 1753.09867
OX637747.1 230000000 230500000 1755.23847
OX637747.1 230500000 231000000 1758.85967
OX637747.1 231000000 231500000 1760.02901
OX637747.1 231500000 232000000 1757.33799
OX637747.1 232000000 232500000 1757.13803
OX637747.1 232500000 233000000 1758.30369
OX637747.1 233000000 233500000 1759.74293
OX637747.1 233500000 234000000 1760.19325
OX637747.1 234000000 234500000 1761.02863
OX637747.1 234500000 235000000 1760.62801
OX637747.1 235000000 235500000 1759.11443
OX637747.1 235500000 236000000 1759.62988
OX637747.1 236000000 236500000 1762.13379
OX637747.1 236500000 237000000 1763.43185
OX637747.1 237000000 237500000 1762.5096
OX637747.1 237500000 238000000 1762.84606
OX637747.1 238000000 238500000 1763.67551
OX637747.1 238500000 239000000 1764.02427
OX637747.1 239000000 239500000 1764.05504
OX637747.1 239500000 240000000 1763.78994
OX637747.1 240000000 240500000 1762.10722
OX637747.1 240500000 241000000 1761.80769
OX637747.1 241000000 241500000 1761.30385
OX637747.1 241500000 242000000 1763.67311
OX637747.1 242000000 242500000 1763.70723
OX637747.1 242500000 243000000 1764.34088
OX637747.1 243000000 243500000 1765.04639
OX637747.1 243500000 244000000 1765.03785
OX637747.1 244000000 244500000 1765.06525
OX637747.1 244500000 245000000 1765.01431
OX637747.1 245000000 245500000 1766.12391
OX637747.1 245500000 246000000 1766.45191
OX637747.1 246000000 246500000 1766.18075
OX637747.1 246500000 247000000 1765.11371
OX637747.1 247000000 247500000 1764.98154
OX637747.1 247500000 248000000 1765.19333
OX637747.1 248000000 248500000 1765.03628
OX637747.1 248500000 249000000 1765.76646
OX637747.1 249000000 249500000 1766.09065
OX637747.1 249500000 250000000 1765.42624
OX637747.1 250000000 250500000 1763.65866
OX637747.1 250500000 251000000 1763.20055
OX637747.1 251000000 251500000 1763.00875
OX637747.1 251500000 252000000 1762.90778
OX637747.1 252000000 252500000 1763.05451
OX637747.1 252500000 253000000 1763.01897
OX637747.1 253000000 253500000 1762.98272
OX637747.1 253500000 254000000 1765.07511
OX637747.1 254000000 254500000 1764.23879
OX637747.1 254500000 255000000 1762.0
OX637747.1 255000000 255500000 1762.01631
OX637747.1 255500000 256000000 1762.01461
OX637747.1 256000000 256500000 1761.71465
OX637747.1 256500000 257000000 1761.13197
OX637747.1 257000000 257500000 1761.82673
OX637747.1 257500000 258000000 1761.01581
OX637747.1 258000000 258500000 1760.83657
OX637747.1 258500000 259000000 1759.63063
OX637747.1 259000000 259500000 1758.76531
OX637747.1 259500000 260000000 1758.04661
OX637747.1 260000000 260500000 1757.84189
OX637747.1 260500000 261000000 1758.02542
OX637747.1 261000000 261500000 1758.74663
OX637747.1 261500000 262000000 1759.0194
OX637747.1 262000000 262500000 1757.69787
OX637747.1 262500000 263000000 1754.87169
OX637747.1 263000000 263500000 1753.00871
OX637747.1 263500000 264000000 1750.5238
OX637747.1 264000000 264500000 1749.45668
OX637747.1 264500000 265000000 1748.04294
OX637747.1 265000000 265500000 1747.09112
OX637747.1 265500000 266000000 1746.01633
OX637747.1 266000000 266500000 1746.04794
OX637747.1 266500000 267000000 1746.0
OX637747.1 267000000 267500000 1746.01099
OX637747.1 267500000 268000000 1746.5588
OX637747.1 268000000 268500000 1747.03008
OX637747.1 268500000 269000000 1747.0
OX637747.1 269000000 269500000 1747.9735
OX637747.1 269500000 270000000 1746.89731
OX637747.1 270000000 270500000 1744.82305
OX637747.1 270500000 271000000 1743.26053
OX637747.1 271000000 271500000 1742.09696
OX637747.1 271500000 272000000 1741.66206
OX637747.1 272000000 272500000 1740.77641
OX637747.1 272500000 273000000 1740.05333
OX637747.1 273000000 273500000 1740.64411
OX637747.1 273500000 274000000 1741.06478
OX637747.1 274000000 274500000 1742.31932
OX637747.1 274500000 275000000 1742.43135
OX637747.1 275000000 275500000 1742.04434
OX637747.1 275500000 276000000 1742.00371
OX637747.1 276000000 276500000 1742.0
OX637747.1 276500000 277000000 1742.0298
OX637747.1 277000000 277500000 1742.04968
OX637747.1 277500000 278000000 1741.79866
OX637747.1 278000000 278500000 1739.90174
OX637747.1 278500000 279000000 1737.61576
OX637747.1 279000000 279500000 1737.0
OX637747.1 279500000 280000000 1736.60763
OX637747.1 280000000 280500000 1737.0
OX637747.1 280500000 281000000 1737.05056
OX637747.1 281000000 281500000 1737.00029
OX637747.1 281500000 282000000 1737.42766
OX637747.1 282000000 282500000 1738.0555
OX637747.1 282500000 283000000 1738.04447
OX637747.1 283000000 283500000 1738.04965
OX637747.1 283500000 284000000 1738.0168
OX637747.1 284000000 284500000 1738.01946
OX637747.1 284500000 285000000 1738.02581
OX637747.1 285000000 285500000 1737.29734
OX637747.1 285500000 286000000 1736.02829
OX637747.1 286000000 286500000 1734.94853
OX637747.1 286500000 287000000 1732.85104
OX637747.1 287000000 287500000 1731.50687
OX637747.1 287500000 288000000 1731.51561
OX637747.1 288000000 288500000 1732.02626
OX637747.1 288500000 289000000 1732.08214
OX637747.1 289000000 289500000 1733.13684
OX637747.1 289500000 290000000 1732.0587
OX637747.1 290000000 290500000 1732.0383
OX637747.1 290500000 291000000 1732.01857
OX637747.1 291000000 291500000 1732.0
OX637747.1 291500000 292000000 1732.01501
OX637747.1 292000000 292500000 1732.85263
OX637747.1 292500000 293000000 1732.09971
OX637747.1 293000000 293500000 1732.04545
OX637747.1 293500000 294000000 1731.68739
OX637747.1 294000000 294500000 1731.3603
OX637747.1 294500000 295000000 1732.01982
OX637747.1 295000000 295500000 1732.01622
OX637747.1 295500000 296000000 1732.02742
OX637747.1 296000000 296500000 1731.94532
OX637747.1 296500000 297000000 1731.0466
OX637747.1 297000000 297500000 1730.09673
OX637747.1 297500000 298000000 1729.03721
OX637747.1 298000000 298500000 1729.74008
OX637747.1 298500000 299000000 1728.30427
OX637747.1 299000000 299500000 1728.01329
OX637747.1 299500000 300000000 1728.03632
OX637747.1 300000000 300500000 1728.01557
OX637747.1 300500000 301000000 1727.95285
OX637747.1 301000000 301500000 1727.06889
OX637747.1 301500000 302000000 1726.03354
OX637747.1 302000000 302500000 1725.66835
OX637747.1 302500000 303000000 1725.01568
OX637747.1 303000000 303500000 1725.03199
OX637747.1 303500000 304000000 1725.01449
OX637747.1 304000000 304500000 1724.95889
OX637747.1 304500000 305000000 1725.02353
OX637747.1 305000000 305500000 1725.01465
OX637747.1 305500000 306000000 1725.23367
OX637747.1 306000000 306500000 1725.19687
OX637747.1 306500000 307000000 1724.42012
OX637747.1 307000000 307500000 1723.40502
OX637747.1 307500000 308000000 1723.01935
OX637747.1 308000000 308500000 1723.0
OX637747.1 308500000 309000000 1723.05533
OX637747.1 309000000 309500000 1723.0513
OX637747.1 309500000 310000000 1723.04726
OX637747.1 310000000 310500000 1723.66476
OX637747.1 310500000 311000000 1723.17376
OX637747.1 311000000 311500000 1722.0
OX637747.1 311500000 312000000 1721.46805
OX637747.1 312000000 312500000 1721.0
OX637747.1 312500000 313000000 1721.02817
OX637747.1 313000000 313500000 1721.68391
OX637747.1 313500000 314000000 1721.09902
OX637747.1 314000000 314500000 1721.03039
OX637747.1 314500000 315000000 1721.02333
OX637747.1 315000000 315500000 1721.0298
OX637747.1 315500000 316000000 1721.76146
OX637747.1 316000000 316500000 1722.0
OX637747.1 316500000 317000000 1721.24739
OX637747.1 317000000 317500000 1721.09989
OX637747.1 317500000 318000000 1721.0258
OX637747.1 318000000 318500000 1721.02432
OX637747.1 318500000 319000000 1719.76795
OX637747.1 319000000 319500000 1720.33957
OX637747.1 319500000 320000000 1720.89091
OX637747.1 320000000 320500000 1720.00974
OX637747.1 320500000 321000000 1719.1873
OX637747.1 321000000 321500000 1719.89441
OX637747.1 321500000 322000000 1719.06957
OX637747.1 322000000 322500000 1719.0
OX637747.1 322500000 323000000 1718.64572
OX637747.1 323000000 323500000 1718.0
OX637747.1 323500000 324000000 1718.01938
OX637747.1 324000000 324500000 1718.03355
OX637747.1 324500000 325000000 1717.40339
OX637747.1 325000000 325500000 1717.01974
OX637747.1 325500000 326000000 1717.02629
OX637747.1 326000000 326500000 1717.0
OX637747.1 326500000 327000000 1717.63534
OX637747.1 327000000 327500000 1719.04595
OX637747.1 327500000 328000000 1718.9768
OX637747.1 328000000 328500000 1717.69663
OX637747.1 328500000 329000000 1716.4795
OX637747.1 329000000 329500000 1716.09659
OX637747.1 329500000 330000000 1717.01604
OX637747.1 330000000 330500000 1716.10616
OX637747.1 330500000 331000000 1715.24366
OX637747.1 331000000 331500000 1715.43697
OX637747.1 331500000 332000000 1716.02546
OX637747.1 332000000 332500000 1716.0
OX637747.1 332500000 333000000 1716.0
OX637747.1 333000000 333500000 1716.00889
OX637747.1 333500000 334000000 1716.48971
OX637747.1 334000000 334500000 1717.0
OX637747.1 334500000 335000000 1717.0362
OX637747.1 335000000 335500000 1716.25091
OX637747.1 335500000 336000000 1715.32841
OX637747.1 336000000 336500000 1715.01613
OX637747.1 336500000 337000000 1715.02997
OX637747.1 337000000 337500000 1714.40354
OX637747.1 337500000 338000000 1714.34645
OX637747.1 338000000 338500000 1715.0139
OX637747.1 338500000 339000000 1714.1729
OX637747.1 339000000 339500000 1713.01838
OX637747.1 339500000 340000000 1712.28735
OX637747.1 340000000 340500000 1713.46315
OX637747.1 340500000 341000000 1713.87473
OX637747.1 341000000 341500000 1712.57888
OX637747.1 341500000 342000000 1713.0
OX637747.1 342000000 342500000 1713.02408
OX637747.1 342500000 343000000 1713.01458
OX637747.1 343000000 343500000 1712.93127
OX637747.1 343500000 344000000 1711.45692
OX637747.1 344000000 344500000 1711.0
OX637747.1 344500000 345000000 1711.2701
OX637747.1 345000000 345500000 1711.75047
OX637747.1 345500000 346000000 1710.64309
OX637747.1 346000000 346500000 1710.03774
OX637747.1 346500000 347000000 1710.01578
OX637747.1 347000000 347500000 1709.68185
OX637747.1 347500000 348000000 1709.0
OX637747.1 348000000 348500000 1709.90766
OX637747.1 348500000 349000000 1712.08471
OX637747.1 349000000 349500000 1712.31266
OX637747.1 349500000 350000000 1711.07151
OX637747.1 350000000 350500000 1710.65612
OX637747.1 350500000 351000000 1709.1222
OX637747.1 351000000 351500000 1708.84205
OX637747.1 351500000 352000000 1706.57893
OX637747.1 352000000 352500000 1706.04874
OX637747.1 352500000 353000000 1706.05774
OX637747.1 353000000 353500000 1705.24913
OX637747.1 353500000 354000000 1705.01683
OX637747.1 354000000 354500000 1705.0
OX637747.1 354500000 355000000 1703.79851
OX637747.1 355000000 355500000 1703.083
OX637747.1 355500000 356000000 1703.05223
OX637747.1 356000000 356500000 1703.03708
OX637747.1 356500000 357000000 1701.30812
OX637747.1 357000000 357500000 1701.27282
OX637747.1 357500000 358000000 1702.77066
OX637747.1 358000000 358500000 1703.01883
OX637747.1 358500000 359000000 1703.97422
OX637747.1 359000000 359500000 1703.09723
OX637747.1 359500000 360000000 1704.0
OX637747.1 360000000 360500000 1703.71456
OX637747.1 360500000 361000000 1702.5801
OX637747.1 361000000 361500000 1702.58719
OX637747.1 361500000 362000000 1702.26572
OX637747.1 362000000 362500000 1703.07962
OX637747.1 362500000 363000000 1703.15257
OX637747.1 363000000 363500000 1704.02469
OX637747.1 363500000 364000000 1704.01335
OX637747.1 364000000 364500000 1704.01957
OX637747.1 364500000 365000000 1703.20961
OX637747.1 365000000 365500000 1701.63106
OX637747.1 365500000 366000000 1702.01265
OX637747.1 366000000 366500000 1701.81781
OX637747.1 366500000 367000000 1701.30613
OX637747.1 367000000 367500000 1701.94977
OX637747.1 367500000 368000000 1701.09763
OX637747.1 368000000 368500000 1701.49105
OX637747.1 368500000 369000000 1702.0
OX637747.1 369000000 369500000 1702.28436
OX637747.1 369500000 370000000 1702.2985
OX637747.1 370000000 370500000 1701.05515
OX637747.1 370500000 371000000 1701.0477
OX637747.1 371000000 371500000 1700.29528
OX637747.1 371500000 372000000 1701.65652
OX637747.1 372000000 372500000 1701.86264
OX637747.1 372500000 373000000 1701.08657
OX637747.1 373000000 373500000 1701.09572
OX637747.1 373500000 374000000 1701.01351
OX637747.1 374000000 374500000 1699.32835
OX637747.1 374500000 375000000 1699.04859
OX637747.1 375000000 375500000 1699.04737
OX637747.1 375500000 376000000 1699.0153
OX637747.1 376000000 376500000 1699.69122
OX637747.1 376500000 377000000 1699.7046
OX637747.1 377000000 377500000 1699.02531
OX637747.1 377500000 378000000 1698.12314
OX637747.1 378000000 378500000 1698.72978
OX637747.1 378500000 379000000 1698.08105
OX637747.1 379000000 379500000 1697.54949
OX637747.1 379500000 380000000 1697.7875
OX637747.1 380000000 380500000 1697.13008
OX637747.1 380500000 381000000 1696.09921
OX637747.1 381000000 381500000 1695.94544
OX637747.1 381500000 382000000 1691.83284
OX637747.1 382000000 382500000 1691.04909
OX637747.1 382500000 383000000 1690.7188
OX637747.1 383000000 383500000 1688.18304
OX637747.1 383500000 384000000 1687.34679
OX637747.1 384000000 384500000 1687.77939
OX637747.1 384500000 385000000 1687.03896
OX637747.1 385000000 385500000 1686.39979
OX637747.1 385500000 386000000 1686.01615
OX637747.1 386000000 386500000 1686.06708
OX637747.1 386500000 387000000 1686.26793
OX637747.1 387000000 387500000 1687.07135
OX637747.1 387500000 388000000 1687.87389
OX637747.1 388000000 388500000 1687.54446
OX637747.1 388500000 389000000 1685.67832
OX637747.1 389000000 389500000 1683.56357
OX637747.1 389500000 390000000 1682.15723
OX637747.1 390000000 390500000 1681.87488
OX637747.1 390500000 391000000 1681.01881
OX637747.1 391000000 391500000 1681.0578
OX637747.1 391500000 392000000 1680.17884
OX637747.1 392000000 392500000 1674.15965
OX637747.1 392500000 393000000 1673.54856
OX637747.1 393000000 393500000 1672.49372
OX637747.1 393500000 394000000 1671.29111
OX637747.1 394000000 394500000 1670.66573
OX637747.1 394500000 395000000 1670.07428
OX637747.1 395000000 395500000 1669.76686
OX637747.1 395500000 396000000 1668.0
OX637747.1 396000000 396500000 1667.48675
OX637747.1 396500000 397000000 1666.74071
OX637747.1 397000000 397500000 1666.92861
OX637747.1 397500000 398000000 1666.35956
OX637747.1 398000000 398500000 1667.06668
OX637747.1 398500000 399000000 1667.03097
OX637747.1 399000000 399500000 1667.02613
OX637747.1 399500000 400000000 1666.13989
OX637747.1 400000000 400500000 1665.55458
OX637747.1 400500000 401000000 1664.31655
OX637747.1 401000000 401500000 1663.19219
OX637747.1 401500000 402000000 1661.58897
OX637747.1 402000000 402500000 1660.72513
OX637747.1 402500000 403000000 1659.76068
OX637747.1 403000000 403500000 1659.04682
OX637747.1 403500000 404000000 1659.0492
OX637747.1 404000000 404500000 1659.17479
OX637747.1 404500000 405000000 1660.06381
OX637747.1 405000000 405500000 1660.03903
OX637747.1 405500000 406000000 1660.0191
OX637747.1 406000000 406500000 1658.52511
OX637747.1 406500000 407000000 1656.27512
OX637747.1 407000000 407500000 1654.01214
OX637747.1 407500000 408000000 1654.03003
OX637747.1 408000000 408500000 1653.78149
OX637747.1 408500000 409000000 1653.20061
OX637747.1 409000000 409500000 1653.02238
OX637747.1 409500000 410000000 1653.01944
OX637747.1 410000000 410500000 1652.49379
OX637747.1 410500000 411000000 1650.04587
OX637747.1 411000000 411500000 1649.75835
OX637747.1 411500000 412000000 1647.55227
OX637747.1 412000000 412500000 1645.73446
OX637747.1 412500000 413000000 1644.19316
OX637747.1 413000000 413500000 1642.72284
OX637747.1 413500000 414000000 1641.1261
OX637747.1 414000000 414500000 1641.02459
OX637747.1 414500000 415000000 1640.33235
OX637747.1 415000000 415500000 1640.22461
OX637747.1 415500000 416000000 1638.305
OX637747.1 416000000 416500000 1639.09695
OX637747.1 416500000 417000000 1638.26512
OX637747.1 417000000 417500000 1636.65478
OX637747.1 417500000 418000000 1635.09791
OX637747.1 418000000 418500000 1634.68432
OX637747.1 418500000 419000000 1634.05462
OX637747.1 419000000 419500000 1632.76009
OX637747.1 419500000 420000000 1632.03092
OX637747.1 420000000 420500000 1632.26985
OX637747.1 420500000 421000000 1631.81535
OX637747.1 421000000 421500000 1630.85352
OX637747.1 421500000 422000000 1629.08417
OX637747.1 422000000 422500000 1628.37895
OX637747.1 422500000 423000000 1627.05877
OX637747.1 423000000 423500000 1626.06191
OX637747.1 423500000 424000000 1626.0188
OX637747.1 424000000 424500000 1625.57775
OX637747.1 424500000 425000000 1622.43475
OX637747.1 425000000 425500000 1620.30393
OX637747.1 425500000 426000000 1619.65049
OX637747.1 426000000 426500000 1619.32158
OX637747.1 426500000 427000000 1618.944
OX637747.1 427000000 427500000 1617.64945
OX637747.1 427500000 428000000 1616.61652
OX637747.1 428000000 428500000 1615.70016
OX637747.1 428500000 429000000 1614.19931
OX637747.1 429000000 429500000 1614.0302
OX637747.1 429500000 430000000 1613.19233
OX637747.1 430000000 430500000 1611.73549
OX637747.1 430500000 431000000 1610.01884
OX637747.1 431000000 431500000 1608.75546
OX637747.1 431500000 432000000 1608.01704
OX637747.1 432000000 432500000 1608.09551
OX637747.1 432500000 433000000 1607.65809
OX637747.1 433000000 433500000 1606.86457
OX637747.1 433500000 434000000 1606.33056
OX637747.1 434000000 434500000 1605.12051
OX637747.1 434500000 435000000 1604.00828
OX637747.1 435000000 435500000 1603.06258
OX637747.1 435500000 436000000 1603.96331
OX637747.1 436000000 436500000 1603.41141
OX637747.1 436500000 437000000 1604.04273
OX637747.1 437000000 437500000 1604.09541
OX637747.1 437500000 438000000 1603.06694
OX637747.1 438000000 438500000 1600.84361
OX637747.1 438500000 439000000 1598.4224
OX637747.1 439000000 439500000 1597.05299
OX637747.1 439500000 440000000 1596.14755
OX637747.1 440000000 440500000 1595.17331
OX637747.1 440500000 441000000 1594.02787
OX637747.1 441000000 441500000 1593.56763
OX637747.1 441500000 442000000 1593.0485
OX637747.1 442000000 442500000 1591.97266
OX637747.1 442500000 443000000 1590.96746
OX637747.1 443000000 443500000 1590.08033
OX637747.1 443500000 444000000 1589.80231
OX637747.1 444000000 444500000 1590.01819
OX637747.1 444500000 445000000 1590.01634
OX637747.1 445000000 445500000 1589.53813
OX637747.1 445500000 446000000 1589.80856
OX637747.1 446000000 446500000 1590.0
OX637747.1 446500000 447000000 1590.0
OX637747.1 447000000 447500000 1588.5671
OX637747.1 447500000 448000000 1588.04366
OX637747.1 448000000 448500000 1588.04655
OX637747.1 448500000 449000000 1587.75704
OX637747.1 449000000 449500000 1585.20819
OX637747.1 449500000 450000000 1585.03799
OX637747.1 450000000 450500000 1583.78706
OX637747.1 450500000 451000000 1583.0164
OX637747.1 451000000 451500000 1582.10494
OX637747.1 451500000 452000000 1579.25403
OX637747.1 452000000 452500000 1576.09172
OX637747.1 452500000 453000000 1575.01957
OX637747.1 453000000 453500000 1574.7392
OX637747.1 453500000 454000000 1572.24847
OX637747.1 454000000 454500000 1570.27339
OX637747.1 454500000 455000000 1570.0
OX637747.1 455000000 455500000 1568.90208
OX637747.1 455500000 456000000 1567.37976
OX637747.1 456000000 456500000 1564.86062
OX637747.1 456500000 457000000 1561.80978
OX637747.1 457000000 457500000 1561.0917
OX637747.1 457500000 458000000 1561.0798
OX637747.1 458000000 458500000 1557.7622
OX637747.1 458500000 459000000 1555.21783
OX637747.1 459000000 459500000 1553.46594
OX637747.1 459500000 460000000 1553.063
OX637747.1 460000000 460500000 1551.78495
OX637747.1 460500000 461000000 1550.93668
OX637747.1 461000000 461500000 1549.75838
OX637747.1 461500000 462000000 1547.63255
OX637747.1 462000000 462500000 1544.40276
OX637747.1 462500000 463000000 1542.01047
OX637747.1 463000000 463500000 1541.33872
OX637747.1 463500000 464000000 1541.0
OX637747.1 464000000 464500000 1541.0
OX637747.1 464500000 465000000 1541.0
OX637747.1 465000000 465500000 1540.47218
OX637747.1 465500000 466000000 1539.80167
OX637747.1 466000000 466500000 1538.50597
OX637747.1 466500000 467000000 1536.91189
OX637747.1 467000000 467500000 1535.23601
OX637747.1 467500000 468000000 1535.0
OX637747.1 468000000 468500000 1534.62892
OX637747.1 468500000 469000000 1532.57531
OX637747.1 469000000 469500000 1529.79294
OX637747.1 469500000 470000000 1527.62081
OX637747.1 470000000 470500000 1523.37754
OX637747.1 470500000 471000000 1520.75773
OX637747.1 471000000 471500000 1517.32858
OX637747.1 471500000 472000000 1514.2384
OX637747.1 472000000 472500000 1513.03116
OX637747.1 472500000 473000000 1511.60723
OX637747.1 473000000 473500000 1510.15254
OX637747.1 473500000 474000000 1509.21025
OX637747.1 474000000 474500000 1508.14226
OX637747.1 474500000 475000000 1507.0
OX637747.1 475000000 475500000 1507.0
OX637747.1 475500000 476000000 1507.0
OX637747.1 476000000 476500000 1507.0
OX637747.1 476500000 477000000 1507.0
OX637747.1 477000000 477500000 1507.0
OX637747.1 477500000 478000000 1506.28854
OX637747.1 478000000 478500000 1504.83136
OX637747.1 478500000 479000000 1501.47732
OX637747.1 479000000 479500000 1500.11433
OX637747.1 479500000 480000000 1498.47734
OX637747.1 480000000 480500000 1497.0
OX637747.1 480500000 481000000 1496.82747
OX637747.1 481000000 481500000 1496.6363
OX637747.1 481500000 482000000 1495.59281
OX637747.1 482000000 482500000 1494.21226
OX637747.1 482500000 483000000 1490.35883
OX637747.1 483000000 483500000 1487.75734
OX637747.1 483500000 484000000 1485.06969
OX637747.1 484000000 484500000 1483.88838
OX637747.1 484500000 485000000 1482.22496
OX637747.1 485000000 485500000 1482.06332
OX637747.1 485500000 486000000 1481.21556
OX637747.1 486000000 486500000 1480.87623
OX637747.1 486500000 487000000 1478.38507
OX637747.1 487000000 487500000 1477.04254
OX637747.1 487500000 488000000 1474.76407
OX637747.1 488000000 488500000 1473.06052
OX637747.1 488500000 489000000 1472.35267
OX637747.1 489000000 489500000 1469.80598
OX637747.1 489500000 490000000 1467.14243
OX637747.1 490000000 490500000 1465.79048
OX637747.1 490500000 491000000 1462.05127
OX637747.1 491000000 491500000 1458.87052
OX637747.1 491500000 492000000 1457.02908
OX637747.1 492000000 492500000 1456.65608
OX637747.1 492500000 493000000 1454.96363
OX637747.1 493000000 493500000 1453.78005
OX637747.1 493500000 494000000 1452.18262
OX637747.1 494000000 494500000 1451.13071
OX637747.1 494500000 495000000 1450.03584
OX637747.1 495000000 495500000 1449.4986
OX637747.1 495500000 496000000 1446.9978
OX637747.1 496000000 496500000 1444.852
OX637747.1 496500000 497000000 1441.39453
OX637747.1 497000000 497500000 1440.84394
OX637747.1 497500000 498000000 1439.20175
OX637747.1 498000000 498500000 1438.26988
OX637747.1 498500000 499000000 1435.54237
OX637747.1 499000000 499500000 1433.97993
OX637747.1 499500000 500000000 1433.01577
OX637747.1 500000000 500500000 1431.50597
OX637747.1 500500000 501000000 1431.03266
OX637747.1 501000000 501500000 1429.9146
OX637747.1 501500000 502000000 1427.67278
OX637747.1 502000000 502500000 1426.30232
OX637747.1 502500000 503000000 1425.6768
OX637747.1 503000000 503500000 1424.40818
OX637747.1 503500000 504000000 1421.95881
OX637747.1 504000000 504500000 1420.18112
OX637747.1 504500000 505000000 1418.35931
OX637747.1 505000000 505500000 1417.35159
OX637747.1 505500000 506000000 1414.66848
OX637747.1 506000000 506500000 1411.26222
OX637747.1 506500000 507000000 1409.07171
OX637747.1 507000000 507500000 1405.88313
OX637747.1 507500000 508000000 1403.8228
OX637747.1 508000000 508500000 1401.78826
OX637747.1 508500000 509000000 1400.06398
OX637747.1 509000000 509500000 1397.43514
OX637747.1 509500000 510000000 1396.51894
OX637747.1 510000000 510500000 1393.69974
OX637747.1 510500000 511000000 1391.7827
OX637747.1 511000000 511500000 1390.63099
OX637747.1 511500000 512000000 1389.73202
OX637747.1 512000000 512500000 1387.26124
OX637747.1 512500000 513000000 1384.81728
OX637747.1 513000000 513500000 1383.85438
OX637747.1 513500000 514000000 1381.91763
OX637747.1 514000000 514500000 1377.42614
OX637747.1 514500000 515000000 1375.26468
OX637747.1 515000000 515500000 1373.88217
OX637747.1 515500000 516000000 1370.27291
OX637747.1 516000000 516500000 1368.51589
OX637747.1 516500000 517000000 1367.59761
OX637747.1 517000000 517500000 1365.73791
OX637747.1 517500000 518000000 1364.46256
OX637747.1 518000000 518500000 1360.88931
OX637747.1 518500000 519000000 1356.28988
OX637747.1 519000000 519500000 1352.97312
OX637747.1 519500000 520000000 1351.15416
OX637747.1 520000000 520500000 1350.54738
OX637747.1 520500000 521000000 1346.85487
OX637747.1 521000000 521500000 1343.29837
OX637747.1 521500000 522000000 1341.11136
OX637747.1 522000000 522500000 1336.54581
OX637747.1 522500000 523000000 1334.58898
OX637747.1 523000000 523500000 1330.17137
OX637747.1 523500000 524000000 1326.35488
OX637747.1 524000000 524500000 1325.03359
OX637747.1 524500000 525000000 1325.01049
OX637747.1 525000000 525500000 1320.13545
OX637747.1 525500000 526000000 1317.4176
OX637747.1 526000000 526500000 1315.73166
OX637747.1 526500000 527000000 1313.43674
OX637747.1 527000000 527500000 1312.43484
OX637747.1 527500000 528000000 1310.23262
OX637747.1 528000000 528500000 1302.17035
OX637747.1 528500000 529000000 1293.87708
OX637747.1 529000000 529500000 1288.11532
OX637747.1 529500000 530000000 1281.03362
OX637747.1 530000000 530500000 1275.76426
OX637747.1 530500000 531000000 1275.47674
OX637747.1 531000000 531500000 1265.63406
OX637747.1 531500000 532000000 1258.45202
OX637747.1 532000000 532500000 1254.07895
OX637747.1 532500000 533000000 1250.83603
OX637747.1 533000000 533500000 1243.75884
OX637747.1 533500000 534000000 1239.32398
OX637747.1 534000000 534500000 1236.80764
OX637747.1 534500000 535000000 1231.44408
OX637747.1 535000000 535500000 1225.86846
OX637747.1 535500000 536000000 1222.93037
OX637747.1 536000000 536500000 1218.02777
OX637747.1 536500000 537000000 1214.73152
OX637747.1 537000000 537500000 1206.81228
OX637747.1 537500000 538000000 1200.51701
OX637747.1 538000000 538500000 1197.34359
OX637747.1 538500000 539000000 1191.96673
OX637747.1 539000000 539500000 1187.10246
OX637747.1 539500000 540000000 1183.39962
OX637747.1 540000000 540500000 1179.23651
OX637747.1 540500000 541000000 1178.83895
OX637747.1 541000000 541500000 1174.97609
OX637747.1 541500000 542000000 1173.03557
OX637747.1 542000000 542500000 1170.1887
OX637747.1 542500000 543000000 1164.46611
OX637747.1 543000000 543500000 1156.94582
OX637747.1 543500000 544000000 1147.90581
OX637747.1 544000000 544500000 1142.37532
OX637747.1 544500000 545000000 1137.66688
OX637747.1 545000000 545500000 1129.79196
OX637747.1 545500000 546000000 1125.65033
OX637747.1 546000000 546500000 1121.55276
OX637747.1 546500000 547000000 1116.68634
OX637747.1 547000000 547500000 1110.94476
OX637747.1 547500000 548000000 1105.66515
OX637747.1 548000000 548500000 1100.78073
OX637747.1 548500000 549000000 1091.02753
OX637747.1 549000000 549500000 1085.01046
OX637747.1 549500000 550000000 1080.70244
OX637747.1 550000000 550500000 1077.11845
OX637747.1 550500000 551000000 1071.67505
OX637747.1 551000000 551500000 1064.24566
OX637747.1 551500000 552000000 1056.27355
OX637747.1 552000000 552500000 1046.33698
OX637747.1 552500000 553000000 1041.5861
OX637747.1 553000000 553500000 1031.95964
OX637747.1 553500000 554000000 1024.77919
OX637747.1 554000000 554500000 1017.39874
OX637747.1 554500000 555000000 1014.87777
OX637747.1 555000000 555500000 1005.17296
OX637747.1 555500000 556000000 1000.41161
OX637747.1 556000000 556500000 994.46871
OX637747.1 556500000 557000000 987.32494
OX637747.1 557000000 557500000 984.06605
OX637747.1 557500000 558000000 978.25863
OX637747.1 558000000 558500000 966.59846
OX637747.1 558500000 559000000 956.51364
OX637747.1 559000000 559500000 946.42071
OX637747.1 559500000 560000000 936.95556
OX637747.1 560000000 560500000 928.86881
OX637747.1 560500000 561000000 921.11497
OX637747.1 561000000 561500000 910.67022
OX637747.1 561500000 562000000 891.68085
OX637747.1 562000000 562500000 879.63191
OX637747.1 562500000 563000000 867.62481
OX637747.1 563000000 563500000 854.54541
OX637747.1 563500000 564000000 839.37647
OX637747.1 564000000 564500000 822.40252
OX637747.1 564500000 565000000 817.0
OX637747.1 565000000 565500000 817.0
OX637747.1 565500000 566000000 815.30409
OX637747.1 566000000 566500000 809.88144
OX637747.1 566500000 567000000 804.03584
OX637747.1 567000000 567500000 804.0
OX637747.1 567500000 568000000 804.0
OX637747.1 568000000 568500000 804.0
OX637747.1 568500000 569000000 802.91369
OX637747.1 569000000 569500000 800.72769
OX637747.1 569500000 570000000 798.63675
OX637747.1 570000000 570500000 793.42768
OX637747.1 570500000 571000000 781.41181
OX637747.1 571000000 571500000 779.02181
OX637747.1 571500000 572000000 778.81988
OX637747.1 572000000 572500000 778.0
OX637747.1 572500000 573000000 775.80764
OX637747.1 573000000 573500000 764.85479
OX637747.1 573500000 574000000 754.41716
OX637747.1 574000000 574500000 744.66767
OX637747.1 574500000 575000000 731.23089
OX637747.1 575000000 575500000 719.63508
OX637747.1 575500000 576000000 710.10529
OX637747.1 576000000 576500000 706.57572
OX637747.1 576500000 577000000 699.59662
OX637747.1 577000000 577500000 691.36794
OX637747.1 577500000 578000000 687.09228
OX637747.1 578000000 578500000 673.62127
OX637747.1 578500000 579000000 650.83037
OX637747.1 579000000 579500000 629.1742
OX637747.1 579500000 580000000 612.50817
OX637747.1 580000000 580500000 592.69992
OX637747.1 580500000 581000000 569.63883
OX637747.1 581000000 581500000 539.53595
OX637747.1 581500000 582000000 508.37302
OX637747.1 582000000 582500000 491.84255
OX637747.1 582500000 583000000 472.76551
OX637747.1 583000000 583500000 440.55565
OX637747.1 583500000 584000000 401.78554
OX637747.1 584000000 584500000 373.48466
OX637747.1 584500000 585000000 336.87377
OX637747.1 585000000 585500000 303.08695
OX637747.1 585500000 586000000 294.19396
OX637747.1 586000000 586500000 285.56111
OX637747.1 586500000 587000000 250.01838
OX637747.1 587000000 587500000 221.60341
OX637747.1 587500000 588000000 208.78429
OX637747.1 588000000 588500000 138.07464
OX637747.1 588500000 589000000 62.5156
OX637747.1 589000000 589500000 56.81895
OX637747.1 589500000 590000000 39.61884
OX637747.1 590000000 590011947 6.53603
OX637754.1 0 500000 45.64859
OX637754.1 500000 1000000 112.28246
OX637754.1 1000000 1500000 172.39146
OX637754.1 1500000 2000000 220.33199
OX637754.1 2000000 2500000 247.89821
OX637754.1 2500000 3000000 282.5482
OX637754.1 3000000 3500000 306.85746
OX637754.1 3500000 4000000 333.037
OX637754.1 4000000 4500000 357.12612
OX637754.1 4500000 5000000 385.17452
OX637754.1 5000000 5500000 418.85537
OX637754.1 5500000 6000000 450.77618
OX637754.1 6000000 6500000 471.88995
OX637754.1 6500000 7000000 501.73111
OX637754.1 7000000 7500000 528.15715
OX637754.1 7500000 8000000 552.23019
OX637754.1 8000000 8500000 566.97471
OX637754.1 8500000 9000000 589.59839
OX637754.1 9000000 9500000 605.18869
OX637754.1 9500000 10000000 615.24253
OX637754.1 10000000 10500000 624.61879
OX637754.1 10500000 11000000 633.45528
OX637754.1 11000000 11500000 640.08216
OX637754.1 11500000 12000000 657.17549
OX637754.1 12000000 12500000 675.04056
OX637754.1 12500000 13000000 689.00728
OX637754.1 13000000 13500000 700.23448
OX637754.1 13500000 14000000 711.48874
OX637754.1 14000000 14500000 718.1059
OX637754.1 14500000 15000000 725.93923
OX637754.1 15000000 15500000 737.7967
OX637754.1 15500000 16000000 756.32338
OX637754.1 16000000 16500000 769.65436
OX637754.1 16500000 17000000 774.84807
OX637754.1 17000000 17500000 786.39636
OX637754.1 17500000 18000000 793.59891
OX637754.1 18000000 18500000 801.04901
OX637754.1 18500000 19000000 805.8015
OX637754.1 19000000 19500000 815.65028
OX637754.1 19500000 20000000 822.73376
OX637754.1 20000000 20500000 837.46532
OX637754.1 20500000 21000000 849.677
OX637754.1 21000000 21500000 855.84951
OX637754.1 21500000 22000000 864.17975
OX637754.1 22000000 22500000 869.74568
OX637754.1 22500000 23000000 880.40681
OX637754.1 23000000 23500000 887.90452
OX637754.1 23500000 24000000 898.29065
OX637754.1 24000000 24500000 904.97569
OX637754.1 24500000 25000000 914.28586
OX637754.1 25000000 25500000 922.77758
OX637754.1 25500000 26000000 930.5638
OX637754.1 26000000 26500000 939.48588
OX637754.1 26500000 27000000 945.13563
OX637754.1 27000000 27500000 949.65052
OX637754.1 27500000 28000000 953.92121
OX637754.1 28000000 28500000 959.6377
OX637754.1 28500000 29000000 964.03605
OX637754.1 29000000 29500000 973.48745
OX637754.1 29500000 30000000 978.9025
OX637754.1 30000000 30500000 989.46195
OX637754.1 30500000 31000000 994.77959
OX637754.1 31000000 31500000 1000.5955
OX637754.1 31500000 32000000 1002.11313
OX637754.1 32000000 32500000 1008.74314
OX637754.1 32500000 33000000 1015.25124
OX637754.1 33000000 33500000 1018.9962
OX637754.1 33500000 34000000 1029.673
OX637754.1 34000000 34500000 1034.78709
OX637754.1 34500000 35000000 1041.30227
OX637754.1 35000000 35500000 1048.49758
OX637754.1 35500000 36000000 1053.12451
OX637754.1 36000000 36500000 1059.25501
OX637754.1 36500000 37000000 1065.0484
OX637754.1 37000000 37500000 1067.15273
OX637754.1 37500000 38000000 1073.13629
OX637754.1 38000000 38500000 1078.60162
OX637754.1 38500000 39000000 1079.63332
OX637754.1 39000000 39500000 1083.46385
OX637754.1 39500000 40000000 1084.89494
OX637754.1 40000000 40500000 1088.09774
OX637754.1 40500000 41000000 1090.71425
OX637754.1 41000000 41500000 1093.60306
OX637754.1 41500000 42000000 1095.68534
OX637754.1 42000000 42500000 1096.56352
OX637754.1 42500000 43000000 1097.0
OX637754.1 43000000 43500000 1099.12489
OX637754.1 43500000 44000000 1110.02202
OX637754.1 44000000 44500000 1118.99908
OX637754.1 44500000 45000000 1119.00739
OX637754.1 45000000 45500000 1125.63368
OX637754.1 45500000 46000000 1140.8637
OX637754.1 46000000 46500000 1152.47626
OX637754.1 46500000 47000000 1161.45598
OX637754.1 47000000 47500000 1164.8682
OX637754.1 47500000 48000000 1167.03218
OX637754.1 48000000 48500000 1171.21881
OX637754.1 48500000 49000000 1178.07519
OX637754.1 49000000 49500000 1189.58808
OX637754.1 49500000 50000000 1197.57557
OX637754.1 50000000 50500000 1203.7213
OX637754.1 50500000 51000000 1210.37693
OX637754.1 51000000 51500000 1217.59338
OX637754.1 51500000 52000000 1232.90769
OX637754.1 52000000 52500000 1249.3101
OX637754.1 52500000 53000000 1261.22911
OX637754.1 53000000 53500000 1268.47774
OX637754.1 53500000 54000000 1276.53032
OX637754.1 54000000 54500000 1283.42139
OX637754.1 54500000 55000000 1290.10667
OX637754.1 55000000 55500000 1295.08688
OX637754.1 55500000 56000000 1297.71166
OX637754.1 56000000 56500000 1301.68692
OX637754.1 56500000 57000000 1305.63362
OX637754.1 57000000 57500000 1309.71569
OX637754.1 57500000 58000000 1323.24842
OX637754.1 58000000 58500000 1330.34356
OX637754.1 58500000 59000000 1333.92288
OX637754.1 59000000 59500000 1335.92911
OX637754.1 59500000 60000000 1337.06786
OX637754.1 60000000 60500000 1343.52222
OX637754.1 60500000 61000000 1351.06211
OX637754.1 61000000 61500000 1356.94422
OX637754.1 61500000 62000000 1359.05649
OX637754.1 62000000 62500000 1364.23532
OX637754.1 62500000 63000000 1380.92573
OX637754.1 63000000 63500000 1389.66552
OX637754.1 63500000 64000000 1393.56
OX637754.1 64000000 64500000 1401.30474
OX637754.1 64500000 65000000 1404.65508
OX637754.1 65000000 65500000 1411.06075
OX637754.1 65500000 66000000 1421.24125
OX637754.1 66000000 66500000 1428.93842
OX637754.1 66500000 67000000 1438.20158
OX637754.1 67000000 67500000 1441.96138
OX637754.1 67500000 68000000 1443.0
OX637754.1 68000000 68500000 1444.79373
OX637754.1 68500000 69000000 1446.60491
OX637754.1 69000000 69500000 1450.76621
OX637754.1 69500000 70000000 1455.57201
OX637754.1 70000000 70500000 1458.14071
OX637754.1 70500000 71000000 1459.69586
OX637754.1 71000000 71500000 1464.25119
OX637754.1 71500000 72000000 1468.26059
OX637754.1 72000000 72500000 1473.07443
OX637754.1 72500000 73000000 1484.08531
OX637754.1 73000000 73500000 1488.99314
OX637754.1 73500000 74000000 1494.99129
OX637754.1 74000000 74500000 1499.9838
OX637754.1 74500000 75000000 1507.89802
OX637754.1 75000000 75500000 1514.0
OX637754.1 75500000 76000000 1515.23419
OX637754.1 76000000 76500000 1517.81584
OX637754.1 76500000 77000000 1520.71431
OX637754.1 77000000 77500000 1525.88815
OX637754.1 77500000 78000000 1527.12308
OX637754.1 78000000 78500000 1530.19939
OX637754.1 78500000 79000000 1535.034
OX637754.1 79000000 79500000 1541.85541
OX637754.1 79500000 80000000 1545.99722
OX637754.1 80000000 80500000 1552.23585
OX637754.1 80500000 81000000 1554.51698
OX637754.1 81000000 81500000 1555.53882
OX637754.1 81500000 82000000 1558.76859
OX637754.1 82000000 82500000 1561.67797
OX637754.1 82500000 83000000 1565.41776
OX637754.1 83000000 83500000 1568.31611
OX637754.1 83500000 84000000 1570.41102
OX637754.1 84000000 84500000 1572.54423
OX637754.1 84500000 85000000 1575.77765
OX637754.1 85000000 85500000 1579.01779
OX637754.1 85500000 86000000 1581.2742
OX637754.1 86000000 86500000 1584.10931
OX637754.1 86500000 87000000 1587.00587
OX637754.1 87000000 87500000 1589.13496
OX637754.1 87500000 88000000 1591.25229
OX637754.1 88000000 88500000 1593.26745
OX637754.1 88500000 89000000 1596.29896
OX637754.1 89000000 89500000 1601.50821
OX637754.1 89500000 90000000 1603.99395
OX637754.1 90000000 90500000 1604.27508
OX637754.1 90500000 91000000 1608.02366
OX637754.1 91000000 91500000 1612.1222
OX637754.1 91500000 92000000 1614.89239
OX637754.1 92000000 92500000 1619.15113
OX637754.1 92500000 93000000 1621.26328
OX637754.1 93000000 93500000 1623.4149
OX637754.1 93500000 94000000 1626.34192
OX637754.1 94000000 94500000 1630.84068
OX637754.1 94500000 95000000 1632.55611
OX637754.1 95000000 95500000 1633.48943
OX637754.1 95500000 96000000 1635.56365
OX637754.1 96000000 96500000 1639.45124
OX637754.1 96500000 97000000 1641.9352
OX637754.1 97000000 97500000 1642.39941
OX637754.1 97500000 98000000 1645.82363
OX637754.1 98000000 98500000 1648.05596
OX637754.1 98500000 99000000 1649.5977
OX637754.1 99000000 99500000 1654.52772
OX637754.1 99500000 100000000 1656.22401
OX637754.1 100000000 100500000 1659.29403
OX637754.1 100500000 101000000 1662.89664
OX637754.1 101000000 101500000 1666.57804
OX637754.1 101500000 102000000 1668.63312
OX637754.1 102000000 102500000 1673.51718
OX637754.1 102500000 103000000 1676.11092
OX637754.1 103000000 103500000 1678.57502
OX637754.1 103500000 104000000 1683.31687
OX637754.1 104000000 104500000 1685.0
OX637754.1 104500000 105000000 1685.0
OX637754.1 105000000 105500000 1685.0
OX637754.1 105500000 106000000 1685.67592
OX637754.1 106000000 106500000 1690.99073
OX637754.1 106500000 107000000 1692.0
OX637754.1 107000000 107500000 1694.33264
OX637754.1 107500000 108000000 1697.93644
OX637754.1 108000000 108500000 1700.50161
OX637754.1 108500000 109000000 1704.97886
OX637754.1 109000000 109500000 1709.41881
OX637754.1 109500000 110000000 1710.70192
OX637754.1 110000000 110500000 1713.03799
OX637754.1 110500000 111000000 1714.69869
OX637754.1 111000000 111500000 1717.8402
OX637754.1 111500000 112000000 1718.00551
OX637754.1 112000000 112500000 1717.85623
OX637754.1 112500000 113000000 1720.2762
OX637754.1 113000000 113500000 1724.20842
OX637754.1 113500000 114000000 1725.47795
OX637754.1 114000000 114500000 1727.67623
OX637754.1 114500000 115000000 1730.94152
OX637754.1 115000000 115500000 1734.23175
OX637754.1 115500000 116000000 1736.45433
OX637754.1 116000000 116500000 1738.27386
OX637754.1 116500000 117000000 1741.52033
OX637754.1 117000000 117500000 1742.82359
OX637754.1 117500000 118000000 1744.0
OX637754.1 118000000 118500000 1745.01812
OX637754.1 118500000 119000000 1746.09622
OX637754.1 119000000 119500000 1747.86256
OX637754.1 119500000 120000000 1751.02487
OX637754.1 120000000 120500000 1756.04896
OX637754.1 120500000 121000000 1757.13175
OX637754.1 121000000 121500000 1759.02167
OX637754.1 121500000 122000000 1760.06487
OX637754.1 122000000 122500000 1761.58806
OX637754.1 122500000 123000000 1764.0
OX637754.1 123000000 123500000 1765.14605
OX637754.1 123500000 124000000 1767.90212
OX637754.1 124000000 124500000 1771.25187
OX637754.1 124500000 125000000 1774.07585
OX637754.1 125000000 125500000 1775.31635
OX637754.1 125500000 126000000 1776.54496
OX637754.1 126000000 126500000 1778.56519
OX637754.1 126500000 127000000 1780.03283
OX637754.1 127000000 127500000 1781.51799
OX637754.1 127500000 128000000 1784.98744
OX637754.1 128000000 128500000 1785.63437
OX637754.1 128500000 129000000 1787.99445
OX637754.1 129000000 129500000 1788.67274
OX637754.1 129500000 130000000 1790.00536
OX637754.1 130000000 130500000 1790.79043
OX637754.1 130500000 131000000 1791.23281
OX637754.1 131000000 131500000 1794.369
OX637754.1 131500000 132000000 1796.02771
OX637754.1 132000000 132500000 1795.72942
OX637754.1 132500000 133000000 1796.59916
OX637754.1 133000000 133500000 1797.76293
OX637754.1 133500000 134000000 1798.51529
OX637754.1 134000000 134500000 1800.47645
OX637754.1 134500000 135000000 1802.05042
OX637754.1 135000000 135500000 1804.80595
OX637754.1 135500000 136000000 1807.0012
OX637754.1 136000000 136500000 1807.09058
OX637754.1 136500000 137000000 1809.41274
OX637754.1 137000000 137500000 1810.30206
OX637754.1 137500000 138000000 1812.82624
OX637754.1 138000000 138500000 1815.01932
OX637754.1 138500000 139000000 1815.04895
OX637754.1 139000000 139500000 1815.33162
OX637754.1 139500000 140000000 1816.0499
OX637754.1 140000000 140500000 1816.50093
OX637754.1 140500000 141000000 1817.43284
OX637754.1 141000000 141500000 1819.24179
OX637754.1 141500000 142000000 1820.0236
OX637754.1 142000000 142500000 1820.41662
OX637754.1 142500000 143000000 1821.68088
OX637754.1 143000000 143500000 1823.07854
OX637754.1 143500000 144000000 1822.45546
OX637754.1 144000000 144500000 1821.70946
OX637754.1 144500000 145000000 1822.35541
OX637754.1 145000000 145500000 1823.0
OX637754.1 145500000 146000000 1823.04415
OX637754.1 146000000 146500000 1823.04701
OX637754.1 146500000 147000000 1823.88382
OX637754.1 147000000 147500000 1825.38399
OX637754.1 147500000 148000000 1827.52897
OX637754.1 148000000 148500000 1828.70887
OX637754.1 148500000 149000000 1828.00365
OX637754.1 149000000 149500000 1828.03479
OX637754.1 149500000 150000000 1828.01012
OX637754.1 150000000 150500000 1828.0
OX637754.1 150500000 151000000 1827.53524
OX637754.1 151000000 151500000 1827.71446
OX637754.1 151500000 152000000 1828.73556
OX637754.1 152000000 152500000 1830.19739
OX637754.1 152500000 153000000 1831.0
OX637754.1 153000000 153500000 1832.68329
OX637754.1 153500000 154000000 1833.7718
OX637754.1 154000000 154500000 1834.56235
OX637754.1 154500000 155000000 1835.00485
OX637754.1 155000000 155500000 1834.01651
OX637754.1 155500000 156000000 1834.54346
OX637754.1 156000000 156500000 1835.99764
OX637754.1 156500000 157000000 1835.5126
OX637754.1 157000000 157500000 1835.0
OX637754.1 157500000 158000000 1835.28173
OX637754.1 158000000 158500000 1836.13544
OX637754.1 158500000 159000000 1837.01267
OX637754.1 159000000 159500000 1838.15301
OX637754.1 159500000 160000000 1839.0
OX637754.1 160000000 160500000 1839.73636
OX637754.1 160500000 161000000 1841.7661
OX637754.1 161000000 161500000 1843.89623
OX637754.1 161500000 162000000 1844.0
OX637754.1 162000000 162500000 1844.96471
OX637754.1 162500000 163000000 1845.0
OX637754.1 163000000 163500000 1845.00692
OX637754.1 163500000 164000000 1845.07607
OX637754.1 164000000 164500000 1845.41167
OX637754.1 164500000 165000000 1846.08857
OX637754.1 165000000 165500000 1846.02192
OX637754.1 165500000 166000000 1846.82511
OX637754.1 166000000 166500000 1846.70441
OX637754.1 166500000 167000000 1846.0
OX637754.1 167000000 167500000 1846.69523
OX637754.1 167500000 168000000 1848.04747
OX637754.1 168000000 168500000 1848.05221
OX637754.1 168500000 169000000 1849.0
OX637754.1 169000000 169500000 1849.01942
OX637754.1 169500000 170000000 1848.47924
OX637754.1 170000000 170500000 1850.2925
OX637754.1 170500000 171000000 1852.84005
OX637754.1 171000000 171500000 1853.08487
OX637754.1 171500000 172000000 1853.55279
OX637754.1 172000000 172500000 1854.02053
OX637754.1 172500000 173000000 1854.86432
OX637754.1 173000000 173500000 1855.90898
OX637754.1 173500000 174000000 1855.26297
OX637754.1 174000000 174500000 1856.0
OX637754.1 174500000 175000000 1856.03513
OX637754.1 175000000 175500000 1856.8426
OX637754.1 175500000 176000000 1858.49566
OX637754.1 176000000 176500000 1859.3271
OX637754.1 176500000 177000000 1860.03959
OX637754.1 177000000 177500000 1859.85412
OX637754.1 177500000 178000000 1858.30999
OX637754.1 178000000 178500000 1858.01893
OX637754.1 178500000 179000000 1858.46676
OX637754.1 179000000 179500000 1860.3892
OX637754.1 179500000 180000000 1861.0
OX637754.1 180000000 180500000 1860.91317
OX637754.1 180500000 181000000 1858.99918
OX637754.1 181000000 181500000 1858.12011
OX637754.1 181500000 182000000 1859.61272
OX637754.1 182000000 182500000 1859.05002
OX637754.1 182500000 183000000 1857.28737
OX637754.1 183000000 183500000 1857.10375
OX637754.1 183500000 184000000 1858.4289
OX637754.1 184000000 184500000 1858.02543
OX637754.1 184500000 185000000 1857.76673
OX637754.1 185000000 185500000 1856.31776
OX637754.1 185500000 186000000 1856.45715
OX637754.1 186000000 186500000 1857.57613
OX637754.1 186500000 187000000 1858.0
OX637754.1 187000000 187500000 1858.47204
OX637754.1 187500000 188000000 1859.00221
OX637754.1 188000000 188500000 1860.55359
OX637754.1 188500000 189000000 1862.47452
OX637754.1 189000000 189500000 1864.51639
OX637754.1 189500000 190000000 1864.66038
OX637754.1 190000000 190500000 1866.50173
OX637754.1 190500000 191000000 1867.42977
OX637754.1 191000000 191500000 1868.07651
OX637754.1 191500000 192000000 1868.82149
OX637754.1 192000000 192500000 1869.68988
OX637754.1 192500000 193000000 1870.76827
OX637754.1 193000000 193500000 1870.00985
OX637754.1 193500000 194000000 1870.0
OX637754.1 194000000 194500000 1869.05755
OX637754.1 194500000 195000000 1869.00602
OX637754.1 195000000 195500000 1870.13134
OX637754.1 195500000 196000000 1873.99463
OX637754.1 196000000 196500000 1874.68709
OX637754.1 196500000 197000000 1874.01646
OX637754.1 197000000 197500000 1874.02363
OX637754.1 197500000 198000000 1874.03522
OX637754.1 198000000 198500000 1874.74754
OX637754.1 198500000 199000000 1874.69084
OX637754.1 199000000 199500000 1873.17762
OX637754.1 199500000 200000000 1872.09766
OX637754.1 200000000 200500000 1874.3431
OX637754.1 200500000 201000000 1876.49498
OX637754.1 201000000 201500000 1877.0
OX637754.1 201500000 202000000 1876.23277
OX637754.1 202000000 202500000 1876.90017
OX637754.1 202500000 203000000 1875.55293
OX637754.1 203000000 203500000 1874.01963
OX637754.1 203500000 204000000 1874.0
OX637754.1 204000000 204500000 1873.30722
OX637754.1 204500000 205000000 1874.0
OX637754.1 205000000 205500000 1874.02077
OX637754.1 205500000 206000000 1873.87456
OX637754.1 206000000 206500000 1873.62286
OX637754.1 206500000 207000000 1874.32715
OX637754.1 207000000 207500000 1874.56168
OX637754.1 207500000 208000000 1875.1468
OX637754.1 208000000 208500000 1876.0
OX637754.1 208500000 209000000 1875.98472
OX637754.1 209000000 209500000 1874.68211
OX637754.1 209500000 210000000 1874.81001
OX637754.1 210000000 210500000 1875.9552
OX637754.1 210500000 211000000 1875.1247
OX637754.1 211000000 211500000 1875.01661
OX637754.1 211500000 212000000 1875.02236
OX637754.1 212000000 212500000 1876.22185
OX637754.1 212500000 213000000 1875.05993
OX637754.1 213000000 213500000 1874.45259
OX637754.1 213500000 214000000 1873.6652
OX637754.1 214000000 214500000 1872.89683
OX637754.1 214500000 215000000 1873.67827
OX637754.1 215000000 215500000 1875.61607
OX637754.1 215500000 216000000 1874.95031
OX637754.1 216000000 216500000 1875.0
OX637754.1 216500000 217000000 1875.55074
OX637754.1 217000000 217500000 1875.43997
OX637754.1 217500000 218000000 1874.05925
OX637754.1 218000000 218500000 1874.05107
OX637754.1 218500000 219000000 1874.22657
OX637754.1 219000000 219500000 1875.03975
OX637754.1 219500000 220000000 1875.0
OX637754.1 220000000 220500000 1874.79369
OX637754.1 220500000 221000000 1874.98061
OX637754.1 221000000 221500000 1874.9739
OX637754.1 221500000 222000000 1876.50311
OX637754.1 222000000 222500000 1877.02879
OX637754.1 222500000 223000000 1877.20461
OX637754.1 223000000 223500000 1877.10049
OX637754.1 223500000 224000000 1877.02421
OX637754.1 224000000 224500000 1877.07266
OX637754.1 224500000 225000000 1875.97268
OX637754.1 225000000 225500000 1874.9756
OX637754.1 225500000 226000000 1876.30094
OX637754.1 226000000 226500000 1880.24138
OX637754.1 226500000 227000000 1881.04702
OX637754.1 227000000 227500000 1882.02227
OX637754.1 227500000 228000000 1882.0
OX637754.1 228000000 228500000 1882.052
OX637754.1 228500000 229000000 1880.81387
OX637754.1 229000000 229500000 1880.52328
OX637754.1 229500000 230000000 1882.77956
OX637754.1 230000000 230500000 1883.0231
OX637754.1 230500000 231000000 1883.68052
OX637754.1 231000000 231500000 1884.52515
OX637754.1 231500000 232000000 1885.05328
OX637754.1 232000000 232500000 1885.06773
OX637754.1 232500000 233000000 1884.48727
OX637754.1 233000000 233500000 1883.30223
OX637754.1 233500000 234000000 1882.16138
OX637754.1 234000000 234500000 1883.01404
OX637754.1 234500000 235000000 1884.8633
OX637754.1 235000000 235500000 1885.08197
OX637754.1 235500000 236000000 1885.48912
OX637754.1 236000000 236500000 1885.0126
OX637754.1 236500000 237000000 1885.085
OX637754.1 237000000 237500000 1885.15457
OX637754.1 237500000 238000000 1885.09317
OX637754.1 238000000 238500000 1884.1925
OX637754.1 238500000 239000000 1884.92718
OX637754.1 239000000 239500000 1885.88365
OX637754.1 239500000 240000000 1886.99271
OX637754.1 240000000 240500000 1887.02198
OX637754.1 240500000 241000000 1887.37989
OX637754.1 241000000 241500000 1887.67719
OX637754.1 241500000 242000000 1887.01267
OX637754.1 242000000 242500000 1887.01346
OX637754.1 242500000 243000000 1887.31386
OX637754.1 243000000 243500000 1885.30993
OX637754.1 243500000 244000000 1885.0
OX637754.1 244000000 244500000 1884.79418
OX637754.1 244500000 245000000 1884.86545
OX637754.1 245000000 245500000 1885.0
OX637754.1 245500000 246000000 1885.85379
OX637754.1 246000000 246500000 1886.01693
OX637754.1 246500000 247000000 1886.35346
OX637754.1 247000000 247500000 1886.82278
OX637754.1 247500000 248000000 1887.501
OX637754.1 248000000 248500000 1888.32448
OX637754.1 248500000 249000000 1889.02466
OX637754.1 249000000 249500000 1889.07451
OX637754.1 249500000 250000000 1889.5487
OX637754.1 250000000 250500000 1890.0
OX637754.1 250500000 251000000 1890.68417
OX637754.1 251000000 251500000 1891.66602
OX637754.1 251500000 252000000 1891.56384
OX637754.1 252000000 252500000 1893.81804
OX637754.1 252500000 253000000 1894.57396
OX637754.1 253000000 253500000 1895.03716
OX637754.1 253500000 254000000 1894.50462
OX637754.1 254000000 254500000 1894.0
OX637754.1 254500000 255000000 1894.0
OX637754.1 255000000 255500000 1895.28114
OX637754.1 255500000 256000000 1895.0
OX637754.1 256000000 256500000 1895.02671
OX637754.1 256500000 257000000 1893.47515
OX637754.1 257000000 257500000 1893.0
OX637754.1 257500000 258000000 1893.57944
OX637754.1 258000000 258500000 1894.05603
OX637754.1 258500000 259000000 1894.02259
OX637754.1 259000000 259500000 1894.92997
OX637754.1 259500000 260000000 1894.92988
OX637754.1 260000000 260500000 1895.81975
OX637754.1 260500000 261000000 1896.0
OX637754.1 261000000 261500000 1896.0
OX637754.1 261500000 262000000 1896.0
OX637754.1 262000000 262500000 1898.17634
OX637754.1 262500000 263000000 1899.79343
OX637754.1 263000000 263500000 1899.7488
OX637754.1 263500000 264000000 1898.91407
OX637754.1 264000000 264500000 1900.05588
OX637754.1 264500000 265000000 1900.0
OX637754.1 265000000 265500000 1899.87209
OX637754.1 265500000 266000000 1898.23086
OX637754.1 266000000 266500000 1899.27917
OX637754.1 266500000 267000000 1898.2428
OX637754.1 267000000 267500000 1898.50445
OX637754.1 267500000 268000000 1899.22587
OX637754.1 268000000 268500000 1900.45976
OX637754.1 268500000 269000000 1900.6964
OX637754.1 269000000 269500000 1900.02727
OX637754.1 269500000 270000000 1900.05397
OX637754.1 270000000 270500000 1900.01058
OX637754.1 270500000 271000000 1900.08381
OX637754.1 271000000 271500000 1901.03078
OX637754.1 271500000 272000000 1901.06009
OX637754.1 272000000 272500000 1901.00392
OX637754.1 272500000 273000000 1901.42134
OX637754.1 273000000 273500000 1902.02902
OX637754.1 273500000 274000000 1902.91864
OX637754.1 274000000 274500000 1902.34996
OX637754.1 274500000 275000000 1902.0
OX637754.1 275000000 275500000 1902.30941
OX637754.1 275500000 276000000 1903.29822
OX637754.1 276000000 276500000 1903.0654
OX637754.1 276500000 277000000 1903.17298
OX637754.1 277000000 277500000 1903.69104
OX637754.1 277500000 278000000 1904.07575
OX637754.1 278000000 278500000 1906.05245
OX637754.1 278500000 279000000 1907.0
OX637754.1 279000000 279500000 1907.0
OX637754.1 279500000 280000000 1907.01022
OX637754.1 280000000 280500000 1906.18049
OX637754.1 280500000 281000000 1906.16147
OX637754.1 281000000 281500000 1906.43686
OX637754.1 281500000 282000000 1905.67769
OX637754.1 282000000 282500000 1906.01879
OX637754.1 282500000 283000000 1905.60644
OX637754.1 283000000 283500000 1905.02903
OX637754.1 283500000 284000000 1906.61944
OX637754.1 284000000 284500000 1907.00696
OX637754.1 284500000 285000000 1907.0
OX637754.1 285000000 285500000 1906.55841
OX637754.1 285500000 286000000 1906.92727
OX637754.1 286000000 286500000 1906.0
OX637754.1 286500000 287000000 1906.02089
OX637754.1 287000000 287500000 1906.0
OX637754.1 287500000 288000000 1906.72534
OX637754.1 288000000 288500000 1908.04532
OX637754.1 288500000 289000000 1907.4801
OX637754.1 289000000 289500000 1907.69065
OX637754.1 289500000 290000000 1907.82549
OX637754.1 290000000 290500000 1908.00946
OX637754.1 290500000 291000000 1907.45044
OX637754.1 291000000 291500000 1906.97879
OX637754.1 291500000 292000000 1906.06499
OX637754.1 292000000 292500000 1906.09728
OX637754.1 292500000 293000000 1905.71007
OX637754.1 293000000 293500000 1905.10987
OX637754.1 293500000 294000000 1905.59339
OX637754.1 294000000 294500000 1904.75711
OX637754.1 294500000 295000000 1904.46991
OX637754.1 295000000 295500000 1905.16104
OX637754.1 295500000 296000000 1906.02276
OX637754.1 296000000 296500000 1906.78549
OX637754.1 296500000 297000000 1907.05184
OX637754.1 297000000 297500000 1907.03948
OX637754.1 297500000 298000000 1907.09927
OX637754.1 298000000 298500000 1907.17059
OX637754.1 298500000 299000000 1908.67231
OX637754.1 299000000 299500000 1909.06281
OX637754.1 299500000 300000000 1909.01021
OX637754.1 300000000 300500000 1908.02643
OX637754.1 300500000 301000000 1908.05267
OX637754.1 301000000 301500000 1908.02574
OX637754.1 301500000 302000000 1908.0
OX637754.1 302000000 302500000 1907.64971
OX637754.1 302500000 303000000 1906.84361
OX637754.1 303000000 303500000 1906.03293
OX637754.1 303500000 304000000 1907.69694
OX637754.1 304000000 304500000 1909.98705
OX637754.1 304500000 305000000 1911.02182
OX637754.1 305000000 305500000 1911.04828
OX637754.1 305500000 306000000 1911.0
OX637754.1 306000000 306500000 1911.06298
OX637754.1 306500000 307000000 1911.0
OX637754.1 307000000 307500000 1910.15907
OX637754.1 307500000 308000000 1909.57095
OX637754.1 308000000 308500000 1909.0483
OX637754.1 308500000 309000000 1909.36893
OX637754.1 309000000 309500000 1910.09873
OX637754.1 309500000 310000000 1909.62936
OX637754.1 310000000 310500000 1910.01946
OX637754.1 310500000 311000000 1910.0
OX637754.1 311000000 311500000 1910.02958
OX637754.1 311500000 312000000 1910.02212
OX637754.1 312000000 312500000 1910.0297
OX637754.1 312500000 313000000 1911.32906
OX637754.1 313000000 313500000 1912.38136
OX637754.1 313500000 314000000 1913.02486
OX637754.1 314000000 314500000 1913.02785
OX637754.1 314500000 315000000 1913.95058
OX637754.1 315000000 315500000 1915.31951
OX637754.1 315500000 316000000 1916.03744
OX637754.1 316000000 316500000 1916.99
OX637754.1 316500000 317000000 1917.601
OX637754.1 317000000 317500000 1916.0
OX637754.1 317500000 318000000 1916.23903
OX637754.1 318000000 318500000 1915.53763
OX637754.1 318500000 319000000 1914.07778
OX637754.1 319000000 319500000 1913.37614
OX637754.1 319500000 320000000 1913.06856
OX637754.1 320000000 320500000 1913.02794
OX637754.1 320500000 321000000 1912.64054
OX637754.1 321000000 321500000 1911.13345
OX637754.1 321500000 322000000 1910.02722
OX637754.1 322000000 322500000 1910.02194
OX637754.1 322500000 323000000 1910.0
OX637754.1 323000000 323500000 1910.65894
OX637754.1 323500000 324000000 1911.0
OX637754.1 324000000 324500000 1910.16899
OX637754.1 324500000 325000000 1910.03665
OX637754.1 325000000 325500000 1909.97654
OX637754.1 325500000 326000000 1909.02791
OX637754.1 326000000 326500000 1909.0
OX637754.1 326500000 327000000 1908.59428
OX637754.1 327000000 327500000 1907.098
OX637754.1 327500000 328000000 1907.02796
OX637754.1 328000000 328500000 1907.14574
OX637754.1 328500000 329000000 1907.49909
OX637754.1 329000000 329500000 1907.51203
OX637754.1 329500000 330000000 1907.02777
OX637754.1 330000000 330500000 1906.55961
OX637754.1 330500000 331000000 1905.29711
OX637754.1 331000000 331500000 1906.02787
OX637754.1 331500000 332000000 1905.87042
OX637754.1 332000000 332500000 1904.1892
OX637754.1 332500000 333000000 1904.02462
OX637754.1 333000000 333500000 1904.0
OX637754.1 333500000 334000000 1902.39844
OX637754.1 334000000 334500000 1900.92722
OX637754.1 334500000 335000000 1900.06164
OX637754.1 335000000 335500000 1900.0
OX637754.1 335500000 336000000 1899.90382
OX637754.1 336000000 336500000 1898.01744
OX637754.1 336500000 337000000 1897.8654
OX637754.1 337000000 337500000 1898.02546
OX637754.1 337500000 338000000 1898.03215
OX637754.1 338000000 338500000 1898.0
OX637754.1 338500000 339000000 1898.78224
OX637754.1 339000000 339500000 1898.08745
OX637754.1 339500000 340000000 1898.02769
OX637754.1 340000000 340500000 1897.4028
OX637754.1 340500000 341000000 1897.63916
OX637754.1 341000000 341500000 1897.14157
OX637754.1 341500000 342000000 1895.38041
OX637754.1 342000000 342500000 1895.08998
OX637754.1 342500000 343000000 1896.1719
OX637754.1 343000000 343500000 1897.02439
OX637754.1 343500000 344000000 1896.51558
OX637754.1 344000000 344500000 1896.0
OX637754.1 344500000 345000000 1895.52126
OX637754.1 345000000 345500000 1896.31011
OX637754.1 345500000 346000000 1897.4572
OX637754.1 346000000 346500000 1898.04938
OX637754.1 346500000 347000000 1898.02422
OX637754.1 347000000 347500000 1898.0
OX637754.1 347500000 348000000 1898.02454
OX637754.1 348000000 348500000 1897.6346
OX637754.1 348500000 349000000 1897.24485
OX637754.1 349000000 349500000 1896.86741
OX637754.1 349500000 350000000 1896.12759
OX637754.1 350000000 350500000 1896.0
OX637754.1 350500000 351000000 1894.9171
OX637754.1 351000000 351500000 1893.63884
OX637754.1 351500000 352000000 1893.35364
OX637754.1 352000000 352500000 1894.0
OX637754.1 352500000 353000000 1893.3682
OX637754.1 353000000 353500000 1892.82627
OX637754.1 353500000 354000000 1892.02147
OX637754.1 354000000 354500000 1891.97909
OX637754.1 354500000 355000000 1891.16519
OX637754.1 355000000 355500000 1891.35242
OX637754.1 355500000 356000000 1889.67358
OX637754.1 356000000 356500000 1890.0511
OX637754.1 356500000 357000000 1889.8105
OX637754.1 357000000 357500000 1888.17326
OX637754.1 357500000 358000000 1888.01956
OX637754.1 358000000 358500000 1888.04934
OX637754.1 358500000 359000000 1887.42254
OX637754.1 359000000 359500000 1887.02491
OX637754.1 359500000 360000000 1886.95707
OX637754.1 360000000 360500000 1886.0
OX637754.1 360500000 361000000 1886.0
OX637754.1 361000000 361500000 1886.09783
OX637754.1 361500000 362000000 1884.92096
OX637754.1 362000000 362500000 1882.62578
OX637754.1 362500000 363000000 1881.36889
OX637754.1 363000000 363500000 1882.02521
OX637754.1 363500000 364000000 1882.01223
OX637754.1 364000000 364500000 1882.02385
OX637754.1 364500000 365000000 1881.96854
OX637754.1 365000000 365500000 1880.55489
OX637754.1 365500000 366000000 1881.54297
OX637754.1 366000000 366500000 1882.75823
OX637754.1 366500000 367000000 1883.2657
OX637754.1 367000000 367500000 1883.34608
OX637754.1 367500000 368000000 1883.49843
OX637754.1 368000000 368500000 1882.69268
OX637754.1 368500000 369000000 1879.5416
OX637754.1 369000000 369500000 1878.39251
OX637754.1 369500000 370000000 1878.00993
OX637754.1 370000000 370500000 1877.02361
OX637754.1 370500000 371000000 1875.12241
OX637754.1 371000000 371500000 1874.98622
OX637754.1 371500000 372000000 1875.13542
OX637754.1 372000000 372500000 1875.04374
OX637754.1 372500000 373000000 1873.81246
OX637754.1 373000000 373500000 1871.33669
OX637754.1 373500000 374000000 1869.84808
OX637754.1 374000000 374500000 1868.35688
OX637754.1 374500000 375000000 1868.04769
OX637754.1 375000000 375500000 1868.10697
OX637754.1 375500000 376000000 1868.57028
OX637754.1 376000000 376500000 1867.58345
OX637754.1 376500000 377000000 1866.17922
OX637754.1 377000000 377500000 1862.32458
OX637754.1 377500000 378000000 1861.08236
OX637754.1 378000000 378500000 1861.17281
OX637754.1 378500000 379000000 1861.40866
OX637754.1 379000000 379500000 1857.60742
OX637754.1 379500000 380000000 1855.56224
OX637754.1 380000000 380500000 1853.20473
OX637754.1 380500000 381000000 1852.38079
OX637754.1 381000000 381500000 1851.1839
OX637754.1 381500000 382000000 1849.45005
OX637754.1 382000000 382500000 1847.54079
OX637754.1 382500000 383000000 1846.1295
OX637754.1 383000000 383500000 1843.35279
OX637754.1 383500000 384000000 1838.19393
OX637754.1 384000000 384500000 1837.0
OX637754.1 384500000 385000000 1837.02468
OX637754.1 385000000 385500000 1836.19227
OX637754.1 385500000 386000000 1836.0
OX637754.1 386000000 386500000 1836.0
OX637754.1 386500000 387000000 1834.63956
OX637754.1 387000000 387500000 1833.46704
OX637754.1 387500000 388000000 1833.02795
OX637754.1 388000000 388500000 1833.0
OX637754.1 388500000 389000000 1833.0
OX637754.1 389000000 389500000 1833.0
OX637754.1 389500000 390000000 1832.11573
OX637754.1 390000000 390500000 1831.55
OX637754.1 390500000 391000000 1829.92048
OX637754.1 391000000 391500000 1828.58815
OX637754.1 391500000 392000000 1825.92978
OX637754.1 392000000 392500000 1825.03773
OX637754.1 392500000 393000000 1824.48321
OX637754.1 393000000 393500000 1819.97573
OX637754.1 393500000 394000000 1819.59866
OX637754.1 394000000 394500000 1820.00126
OX637754.1 394500000 395000000 1818.62233
OX637754.1 395000000 395500000 1815.92123
OX637754.1 395500000 396000000 1813.76443
OX637754.1 396000000 396500000 1813.02788
OX637754.1 396500000 397000000 1813.12379
OX637754.1 397000000 397500000 1810.62361
OX637754.1 397500000 398000000 1810.0258
OX637754.1 398000000 398500000 1810.0286
OX637754.1 398500000 399000000 1810.02018
OX637754.1 399000000 399500000 1808.45261
OX637754.1 399500000 400000000 1807.2337
OX637754.1 400000000 400500000 1805.60014
OX637754.1 400500000 401000000 1804.04459
OX637754.1 401000000 401500000 1803.4699
OX637754.1 401500000 402000000 1801.98758
OX637754.1 402000000 402500000 1801.01201
OX637754.1 402500000 403000000 1800.06363
OX637754.1 403000000 403500000 1798.37831
OX637754.1 403500000 404000000 1798.07783
OX637754.1 404000000 404500000 1798.05181
OX637754.1 404500000 405000000 1797.40783
OX637754.1 405000000 405500000 1796.38883
OX637754.1 405500000 406000000 1796.0
OX637754.1 406000000 406500000 1795.4762
OX637754.1 406500000 407000000 1794.35797
OX637754.1 407000000 407500000 1791.22649
OX637754.1 407500000 408000000 1790.28849
OX637754.1 408000000 408500000 1789.06272
OX637754.1 408500000 409000000 1789.00076
OX637754.1 409000000 409500000 1789.0194
OX637754.1 409500000 410000000 1788.20483
OX637754.1 410000000 410500000 1787.04387
OX637754.1 410500000 411000000 1786.39428
OX637754.1 411000000 411500000 1785.50347
OX637754.1 411500000 412000000 1783.0101
OX637754.1 412000000 412500000 1782.05428
OX637754.1 412500000 413000000 1782.02771
OX637754.1 413000000 413500000 1780.66661
OX637754.1 413500000 414000000 1778.42059
OX637754.1 414000000 414500000 1777.45235
OX637754.1 414500000 415000000 1774.34327
OX637754.1 415000000 415500000 1773.79743
OX637754.1 415500000 416000000 1772.23533
OX637754.1 416000000 416500000 1772.27737
OX637754.1 416500000 417000000 1771.33764
OX637754.1 417000000 417500000 1770.5947
OX637754.1 417500000 418000000 1768.43459
OX637754.1 418000000 418500000 1765.95537
OX637754.1 418500000 419000000 1764.95501
OX637754.1 419000000 419500000 1764.04475
OX637754.1 419500000 420000000 1763.29806
OX637754.1 420000000 420500000 1762.48469
OX637754.1 420500000 421000000 1762.04092
OX637754.1 421000000 421500000 1761.20436
OX637754.1 421500000 422000000 1760.83136
OX637754.1 422000000 422500000 1759.02018
OX637754.1 422500000 423000000 1755.6917
OX637754.1 423000000 423500000 1752.0
OX637754.1 423500000 424000000 1751.66182
OX637754.1 424000000 424500000 1749.11173
OX637754.1 424500000 425000000 1747.55924
OX637754.1 425000000 425500000 1745.01811
OX637754.1 425500000 426000000 1743.97667
OX637754.1 426000000 426500000 1743.07611
OX637754.1 426500000 427000000 1742.69204
OX637754.1 427000000 427500000 1740.19819
OX637754.1 427500000 428000000 1740.0
OX637754.1 428000000 428500000 1738.06923
OX637754.1 428500000 429000000 1737.01341
OX637754.1 429000000 429500000 1737.03257
OX637754.1 429500000 430000000 1735.5313
OX637754.1 430000000 430500000 1734.83726
OX637754.1 430500000 431000000 1734.0
OX637754.1 431000000 431500000 1733.41066
OX637754.1 431500000 432000000 1732.50289
OX637754.1 432000000 432500000 1730.45249
OX637754.1 432500000 433000000 1730.0
OX637754.1 433000000 433500000 1729.28969
OX637754.1 433500000 434000000 1727.09394
OX637754.1 434000000 434500000 1725.07063
OX637754.1 434500000 435000000 1723.9322
OX637754.1 435000000 435500000 1722.53994
OX637754.1 435500000 436000000 1721.02937
OX637754.1 436000000 436500000 1716.70107
OX637754.1 436500000 437000000 1713.35271
OX637754.1 437000000 437500000 1712.26637
OX637754.1 437500000 438000000 1712.14482
OX637754.1 438000000 438500000 1711.52527
OX637754.1 438500000 439000000 1710.48034
OX637754.1 439000000 439500000 1709.50545
OX637754.1 439500000 440000000 1707.80057
OX637754.1 440000000 440500000 1706.02066
OX637754.1 440500000 441000000 1706.0738
OX637754.1 441000000 441500000 1705.0856
OX637754.1 441500000 442000000 1705.50246
OX637754.1 442000000 442500000 1705.78839
OX637754.1 442500000 443000000 1701.31949
OX637754.1 443000000 443500000 1700.65254
OX637754.1 443500000 444000000 1700.00276
OX637754.1 444000000 444500000 1698.92134
OX637754.1 444500000 445000000 1695.91655
OX637754.1 445000000 445500000 1693.45442
OX637754.1 445500000 446000000 1693.74998
OX637754.1 446000000 446500000 1688.33406
OX637754.1 446500000 447000000 1685.16874
OX637754.1 447000000 447500000 1680.13631
OX637754.1 447500000 448000000 1676.02721
OX637754.1 448000000 448500000 1674.04669
OX637754.1 448500000 449000000 1670.25752
OX637754.1 449000000 449500000 1668.0
OX637754.1 449500000 450000000 1667.71625
OX637754.1 450000000 450500000 1665.64548
OX637754.1 450500000 451000000 1664.85442
OX637754.1 451000000 451500000 1662.33026
OX637754.1 451500000 452000000 1660.17478
OX637754.1 452000000 452500000 1657.57293
OX637754.1 452500000 453000000 1653.22129
OX637754.1 453000000 453500000 1650.93736
OX637754.1 453500000 454000000 1649.90275
OX637754.1 454000000 454500000 1648.33688
OX637754.1 454500000 455000000 1646.54006
OX637754.1 455000000 455500000 1643.92345
OX637754.1 455500000 456000000 1641.27789
OX637754.1 456000000 456500000 1640.26059
OX637754.1 456500000 457000000 1639.20951
OX637754.1 457000000 457500000 1637.1946
OX637754.1 457500000 458000000 1635.04546
OX637754.1 458000000 458500000 1633.45353
OX637754.1 458500000 459000000 1630.84724
OX637754.1 459000000 459500000 1628.74944
OX637754.1 459500000 460000000 1627.57059
OX637754.1 460000000 460500000 1626.41227
OX637754.1 460500000 461000000 1624.4943
OX637754.1 461000000 461500000 1621.83218
OX637754.1 461500000 462000000 1619.05408
OX637754.1 462000000 462500000 1618.9448
OX637754.1 462500000 463000000 1617.31559
OX637754.1 463000000 463500000 1615.61586
OX637754.1 463500000 464000000 1612.5498
OX637754.1 464000000 464500000 1608.63557
OX637754.1 464500000 465000000 1605.30671
OX637754.1 465000000 465500000 1601.82619
OX637754.1 465500000 466000000 1599.00804
OX637754.1 466000000 466500000 1597.00239
OX637754.1 466500000 467000000 1595.23706
OX637754.1 467000000 467500000 1591.14975
OX637754.1 467500000 468000000 1589.18083
OX637754.1 468000000 468500000 1586.85269
OX637754.1 468500000 469000000 1585.37134
OX637754.1 469000000 469500000 1584.54284
OX637754.1 469500000 470000000 1582.49852
OX637754.1 470000000 470500000 1579.04497
OX637754.1 470500000 471000000 1576.58681
OX637754.1 471000000 471500000 1574.03156
OX637754.1 471500000 472000000 1571.77285
OX637754.1 472000000 472500000 1564.6271
OX637754.1 472500000 473000000 1562.49447
OX637754.1 473000000 473500000 1562.03643
OX637754.1 473500000 474000000 1561.07126
OX637754.1 474000000 474500000 1556.58847
OX637754.1 474500000 475000000 1552.89501
OX637754.1 475000000 475500000 1551.43908
OX637754.1 475500000 476000000 1550.08874
OX637754.1 476000000 476500000 1546.42367
OX637754.1 476500000 477000000 1539.49866
OX637754.1 477000000 477500000 1537.09447
OX637754.1 477500000 478000000 1535.01559
OX637754.1 478000000 478500000 1533.69096
OX637754.1 478500000 479000000 1529.87914
OX637754.1 479000000 479500000 1527.71946
OX637754.1 479500000 480000000 1525.98715
OX637754.1 480000000 480500000 1522.19661
OX637754.1 480500000 481000000 1519.41895
OX637754.1 481000000 481500000 1513.504
OX637754.1 481500000 482000000 1508.2802
OX637754.1 482000000 482500000 1504.73346
OX637754.1 482500000 483000000 1502.00563
OX637754.1 483000000 483500000 1501.52705
OX637754.1 483500000 484000000 1496.04445
OX637754.1 484000000 484500000 1493.65703
OX637754.1 484500000 485000000 1491.27297
OX637754.1 485000000 485500000 1484.86035
OX637754.1 485500000 486000000 1479.08509
OX637754.1 486000000 486500000 1474.63767
OX637754.1 486500000 487000000 1471.03427
OX637754.1 487000000 487500000 1471.07877
OX637754.1 487500000 488000000 1468.0446
OX637754.1 488000000 488500000 1460.24786
OX637754.1 488500000 489000000 1457.86611
OX637754.1 489000000 489500000 1453.23283
OX637754.1 489500000 490000000 1445.34901
OX637754.1 490000000 490500000 1439.20812
OX637754.1 490500000 491000000 1434.73504
OX637754.1 491000000 491500000 1428.66293
OX637754.1 491500000 492000000 1424.0877
OX637754.1 492000000 492500000 1422.75216
OX637754.1 492500000 493000000 1416.775
OX637754.1 493000000 493500000 1405.5006
OX637754.1 493500000 494000000 1396.65861
OX637754.1 494000000 494500000 1391.37337
OX637754.1 494500000 495000000 1389.91474
OX637754.1 495000000 495500000 1386.22086
OX637754.1 495500000 496000000 1381.80876
OX637754.1 496000000 496500000 1374.36851
OX637754.1 496500000 497000000 1369.93444
OX637754.1 497000000 497500000 1364.26833
OX637754.1 497500000 498000000 1359.44542
OX637754.1 498000000 498500000 1354.15285
OX637754.1 498500000 499000000 1350.68909
OX637754.1 499000000 499500000 1343.71691
OX637754.1 499500000 500000000 1340.30105
OX637754.1 500000000 500500000 1334.2282
OX637754.1 500500000 501000000 1327.12879
OX637754.1 501000000 501500000 1320.54504
OX637754.1 501500000 502000000 1315.50639
OX637754.1 502000000 502500000 1310.20527
OX637754.1 502500000 503000000 1303.92449
OX637754.1 503000000 503500000 1296.42203
OX637754.1 503500000 504000000 1287.87068
OX637754.1 504000000 504500000 1283.82353
OX637754.1 504500000 505000000 1276.96798
OX637754.1 505000000 505500000 1270.29747
OX637754.1 505500000 506000000 1265.86156
OX637754.1 506000000 506500000 1261.91028
OX637754.1 506500000 507000000 1254.85332
OX637754.1 507000000 507500000 1248.16846
OX637754.1 507500000 508000000 1243.01392
OX637754.1 508000000 508500000 1238.02339
OX637754.1 508500000 509000000 1230.34304
OX637754.1 509000000 509500000 1226.45084
OX637754.1 509500000 510000000 1221.64807
OX637754.1 510000000 510500000 1213.53026
OX637754.1 510500000 511000000 1206.03139
OX637754.1 511000000 511500000 1198.36125
OX637754.1 511500000 512000000 1192.18662
OX637754.1 512000000 512500000 1188.9712
OX637754.1 512500000 513000000 1182.17868
OX637754.1 513000000 513500000 1173.16536
OX637754.1 513500000 514000000 1169.41108
OX637754.1 514000000 514500000 1167.05299
OX637754.1 514500000 515000000 1154.52263
OX637754.1 515000000 515500000 1145.79559
OX637754.1 515500000 516000000 1137.9546
OX637754.1 516000000 516500000 1132.65426
OX637754.1 516500000 517000000 1124.07316
OX637754.1 517000000 517500000 1109.50952
OX637754.1 517500000 518000000 1094.67026
OX637754.1 518000000 518500000 1083.92284
OX637754.1 518500000 519000000 1073.23191
OX637754.1 519000000 519500000 1064.19238
OX637754.1 519500000 520000000 1054.58387
OX637754.1 520000000 520500000 1044.0669
OX637754.1 520500000 521000000 1030.59432
OX637754.1 521000000 521500000 1013.99848
OX637754.1 521500000 522000000 1001.96304
OX637754.1 522000000 522500000 992.82378
OX637754.1 522500000 523000000 984.93762
OX637754.1 523000000 523500000 971.85646
OX637754.1 523500000 524000000 954.17847
OX637754.1 524000000 524500000 943.29477
OX637754.1 524500000 525000000 932.71938
OX637754.1 525000000 525500000 916.47213
OX637754.1 525500000 526000000 896.39387
OX637754.1 526000000 526500000 879.04418
OX637754.1 526500000 527000000 863.04117
OX637754.1 527000000 527500000 848.0882
OX637754.1 527500000 528000000 826.2192
OX637754.1 528000000 528500000 809.7188
OX637754.1 528500000 529000000 783.34631
OX637754.1 529000000 529500000 765.12417
OX637754.1 529500000 530000000 753.2109
OX637754.1 530000000 530500000 736.87808
OX637754.1 530500000 531000000 716.86199
OX637754.1 531000000 531500000 694.57215
OX637754.1 531500000 532000000 674.21448
OX637754.1 532000000 532500000 647.47742
OX637754.1 532500000 533000000 601.47803
OX637754.1 533000000 533500000 563.08706
OX637754.1 533500000 534000000 525.74483
OX637754.1 534000000 534500000 491.4632
OX637754.1 534500000 535000000 464.88581
OX637754.1 535000000 535500000 430.68594
OX637754.1 535500000 536000000 393.04335
OX637754.1 536000000 536500000 333.99345
OX637754.1 536500000 537000000 274.46496
OX637754.1 537000000 537500000 198.98603
OX637754.1 537500000 538000000 76.12395
OX637754.1 538000000 538359201 0.25964
OX637741.1 0 500000 2.91091
OX637741.1 500000 1000000 3.0
OX637741.1 1000000 1500000 3.0
OX637741.1 1500000 2000000 6.63779
OX637741.1 2000000 2500000 8.34779
OX637741.1 2500000 3000000 11.94955
OX637741.1 3000000 3500000 14.0
OX637741.1 3500000 4000000 14.0
OX637741.1 4000000 4500000 48.99934
OX637741.1 4500000 5000000 118.17874
OX637741.1 5000000 5500000 167.81673
OX637741.1 5500000 6000000 193.92837
OX637741.1 6000000 6500000 235.33442
OX637741.1 6500000 7000000 282.82113
OX637741.1 7000000 7500000 337.0898
OX637741.1 7500000 8000000 376.91635
OX637741.1 8000000 8500000 416.72823
OX637741.1 8500000 9000000 448.45119
OX637741.1 9000000 9500000 473.98284
OX637741.1 9500000 10000000 489.97271
OX637741.1 10000000 10500000 525.15087
OX637741.1 10500000 11000000 555.20541
OX637741.1 11000000 11500000 581.16772
OX637741.1 11500000 12000000 604.57432
OX637741.1 12000000 12500000 616.3406
OX637741.1 12500000 13000000 638.04467
OX637741.1 13000000 13500000 661.43318
OX637741.1 13500000 14000000 677.27803
OX637741.1 14000000 14500000 697.23674
OX637741.1 14500000 15000000 712.71852
OX637741.1 15000000 15500000 731.24201
OX637741.1 15500000 16000000 755.69253
OX637741.1 16000000 16500000 778.93868
OX637741.1 16500000 17000000 792.14373
OX637741.1 17000000 17500000 816.81501
OX637741.1 17500000 18000000 831.488
OX637741.1 18000000 18500000 854.08783
OX637741.1 18500000 19000000 886.87571
OX637741.1 19000000 19500000 905.35063
OX637741.1 19500000 20000000 918.58182
OX637741.1 20000000 20500000 927.4964
OX637741.1 20500000 21000000 938.58059
OX637741.1 21000000 21500000 947.8856
OX637741.1 21500000 22000000 959.15991
OX637741.1 22000000 22500000 968.27443
OX637741.1 22500000 23000000 978.39528
OX637741.1 23000000 23500000 987.38348
OX637741.1 23500000 24000000 997.16416
OX637741.1 24000000 24500000 1019.02205
OX637741.1 24500000 25000000 1032.48753
OX637741.1 25000000 25500000 1043.23636
OX637741.1 25500000 26000000 1047.19237
OX637741.1 26000000 26500000 1061.60703
OX637741.1 26500000 27000000 1069.73502
OX637741.1 27000000 27500000 1079.01947
OX637741.1 27500000 28000000 1092.09946
OX637741.1 28000000 28500000 1101.84256
OX637741.1 28500000 29000000 1108.36564
OX637741.1 29000000 29500000 1111.42206
OX637741.1 29500000 30000000 1122.23724
OX637741.1 30000000 30500000 1126.8932
OX637741.1 30500000 31000000 1140.44123
OX637741.1 31000000 31500000 1154.0897
OX637741.1 31500000 32000000 1161.67727
OX637741.1 32000000 32500000 1171.28701
OX637741.1 32500000 33000000 1177.33044
OX637741.1 33000000 33500000 1180.95296
OX637741.1 33500000 34000000 1186.87427
OX637741.1 34000000 34500000 1187.09127
OX637741.1 34500000 35000000 1191.4614
OX637741.1 35000000 35500000 1193.89319
OX637741.1 35500000 36000000 1195.22138
OX637741.1 36000000 36500000 1201.45942
OX637741.1 36500000 37000000 1214.7595
OX637741.1 37000000 37500000 1221.01591
OX637741.1 37500000 38000000 1223.77064
OX637741.1 38000000 38500000 1226.95876
OX637741.1 38500000 39000000 1236.07035
OX637741.1 39000000 39500000 1245.83659
OX637741.1 39500000 40000000 1257.79996
OX637741.1 40000000 40500000 1264.28369
OX637741.1 40500000 41000000 1268.42578
OX637741.1 41000000 41500000 1270.51404
OX637741.1 41500000 42000000 1279.40956
OX637741.1 42000000 42500000 1285.39438
OX637741.1 42500000 43000000 1290.75372
OX637741.1 43000000 43500000 1294.87266
OX637741.1 43500000 44000000 1296.48035
OX637741.1 44000000 44500000 1298.8349
OX637741.1 44500000 45000000 1301.64202
OX637741.1 45000000 45500000 1306.05014
OX637741.1 45500000 46000000 1315.012
OX637741.1 46000000 46500000 1323.04759
OX637741.1 46500000 47000000 1325.14561
OX637741.1 47000000 47500000 1327.5482
OX637741.1 47500000 48000000 1330.13872
OX637741.1 48000000 48500000 1336.43055
OX637741.1 48500000 49000000 1344.66512
OX637741.1 49000000 49500000 1349.45369
OX637741.1 49500000 50000000 1354.87374
OX637741.1 50000000 50500000 1359.54617
OX637741.1 50500000 51000000 1369.44623
OX637741.1 51000000 51500000 1374.29734
OX637741.1 51500000 52000000 1377.09361
OX637741.1 52000000 52500000 1386.72376
OX637741.1 52500000 53000000 1397.17831
OX637741.1 53000000 53500000 1402.87963
OX637741.1 53500000 54000000 1409.78958
OX637741.1 54000000 54500000 1414.14083
OX637741.1 54500000 55000000 1418.77601
OX637741.1 55000000 55500000 1423.3974
OX637741.1 55500000 56000000 1428.8637
OX637741.1 56000000 56500000 1430.94108
OX637741.1 56500000 57000000 1436.07497
OX637741.1 57000000 57500000 1438.25198
OX637741.1 57500000 58000000 1443.75288
OX637741.1 58000000 58500000 1451.2542
OX637741.1 58500000 59000000 1459.8407
OX637741.1 59000000 59500000 1463.59785
OX637741.1 59500000 60000000 1466.97365
OX637741.1 60000000 60500000 1469.58325
OX637741.1 60500000 61000000 1470.61608
OX637741.1 61000000 61500000 1473.87265
OX637741.1 61500000 62000000 1476.79905
OX637741.1 62000000 62500000 1483.42901
OX637741.1 62500000 63000000 1485.36075
OX637741.1 63000000 63500000 1488.54806
OX637741.1 63500000 64000000 1492.85851
OX637741.1 64000000 64500000 1495.70498
OX637741.1 64500000 65000000 1499.96085
OX637741.1 65000000 65500000 1503.30057
OX637741.1 65500000 66000000 1507.25678
OX637741.1 66000000 66500000 1513.01496
OX637741.1 66500000 67000000 1517.51593
OX637741.1 67000000 67500000 1523.93289
OX637741.1 67500000 68000000 1526.52718
OX637741.1 68000000 68500000 1527.3871
OX637741.1 68500000 69000000 1529.99424
OX637741.1 69000000 69500000 1531.10348
OX637741.1 69500000 70000000 1533.31783
OX637741.1 70000000 70500000 1536.96932
OX637741.1 70500000 71000000 1538.82972
OX637741.1 71000000 71500000 1540.0
OX637741.1 71500000 72000000 1545.10174
OX637741.1 72000000 72500000 1548.31728
OX637741.1 72500000 73000000 1553.31045
OX637741.1 73000000 73500000 1554.6021
OX637741.1 73500000 74000000 1555.7649
OX637741.1 74000000 74500000 1557.37753
OX637741.1 74500000 75000000 1560.83876
OX637741.1 75000000 75500000 1561.90987
OX637741.1 75500000 76000000 1566.03408
OX637741.1 76000000 76500000 1566.36205
OX637741.1 76500000 77000000 1568.0
OX637741.1 77000000 77500000 1569.88916
OX637741.1 77500000 78000000 1572.38398
OX637741.1 78000000 78500000 1574.13827
OX637741.1 78500000 79000000 1575.94607
OX637741.1 79000000 79500000 1584.3782
OX637741.1 79500000 80000000 1588.66643
OX637741.1 80000000 80500000 1591.22217
OX637741.1 80500000 81000000 1593.82194
OX637741.1 81000000 81500000 1597.98503
OX637741.1 81500000 82000000 1600.67834
OX637741.1 82000000 82500000 1602.30994
OX637741.1 82500000 83000000 1604.62495
OX637741.1 83000000 83500000 1606.51378
OX637741.1 83500000 84000000 1609.03627
OX637741.1 84000000 84500000 1612.09411
OX637741.1 84500000 85000000 1616.20638
OX637741.1 85000000 85500000 1620.90539
OX637741.1 85500000 86000000 1621.77261
OX637741.1 86000000 86500000 1623.43746
OX637741.1 86500000 87000000 1625.99813
OX637741.1 87000000 87500000 1628.05513
OX637741.1 87500000 88000000 1630.51185
OX637741.1 88000000 88500000 1632.60757
OX637741.1 88500000 89000000 1635.15092
OX637741.1 89000000 89500000 1637.61585
OX637741.1 89500000 90000000 1642.27071
OX637741.1 90000000 90500000 1644.37692
OX637741.1 90500000 91000000 1648.65091
OX637741.1 91000000 91500000 1652.31457
OX637741.1 91500000 92000000 1653.49059
OX637741.1 92000000 92500000 1654.69319
OX637741.1 92500000 93000000 1656.04794
OX637741.1 93000000 93500000 1656.6378
OX637741.1 93500000 94000000 1658.33644
OX637741.1 94000000 94500000 1658.24777
OX637741.1 94500000 95000000 1662.56984
OX637741.1 95000000 95500000 1664.04222
OX637741.1 95500000 96000000 1665.07541
OX637741.1 96000000 96500000 1666.6174
OX637741.1 96500000 97000000 1669.6431
OX637741.1 97000000 97500000 1672.61156
OX637741.1 97500000 98000000 1676.18475
OX637741.1 98000000 98500000 1677.53362
OX637741.1 98500000 99000000 1678.0534
OX637741.1 99000000 99500000 1679.54862
OX637741.1 99500000 100000000 1682.0737
OX637741.1 100000000 100500000 1683.91352
OX637741.1 100500000 101000000 1685.03798
OX637741.1 101000000 101500000 1686.50457
OX637741.1 101500000 102000000 1687.63536
OX637741.1 102000000 102500000 1689.60424
OX637741.1 102500000 103000000 1692.5309
OX637741.1 103000000 103500000 1693.56494
OX637741.1 103500000 104000000 1695.36088
OX637741.1 104000000 104500000 1696.84402
OX637741.1 104500000 105000000 1697.64391
OX637741.1 105000000 105500000 1699.32475
OX637741.1 105500000 106000000 1699.29578
OX637741.1 106000000 106500000 1701.85152
OX637741.1 106500000 107000000 1704.16421
OX637741.1 107000000 107500000 1705.85011
OX637741.1 107500000 108000000 1705.61565
OX637741.1 108000000 108500000 1706.4924
OX637741.1 108500000 109000000 1707.03527
OX637741.1 109000000 109500000 1710.5201
OX637741.1 109500000 110000000 1711.68002
OX637741.1 110000000 110500000 1712.16914
OX637741.1 110500000 111000000 1714.05242
OX637741.1 111000000 111500000 1716.69168
OX637741.1 111500000 112000000 1719.46297
OX637741.1 112000000 112500000 1721.86044
OX637741.1 112500000 113000000 1722.56361
OX637741.1 113000000 113500000 1723.03241
OX637741.1 113500000 114000000 1726.35382
OX637741.1 114000000 114500000 1728.63113
OX637741.1 114500000 115000000 1730.01727
OX637741.1 115000000 115500000 1730.11054
OX637741.1 115500000 116000000 1731.61249
OX637741.1 116000000 116500000 1732.61249
OX637741.1 116500000 117000000 1734.00999
OX637741.1 117000000 117500000 1733.98809
OX637741.1 117500000 118000000 1737.34713
OX637741.1 118000000 118500000 1738.92039
OX637741.1 118500000 119000000 1739.80152
OX637741.1 119000000 119500000 1740.84652
OX637741.1 119500000 120000000 1741.28062
OX637741.1 120000000 120500000 1743.45808
OX637741.1 120500000 121000000 1747.94414
OX637741.1 121000000 121500000 1750.14044
OX637741.1 121500000 122000000 1752.31975
OX637741.1 122000000 122500000 1753.0
OX637741.1 122500000 123000000 1754.18711
OX637741.1 123000000 123500000 1755.11075
OX637741.1 123500000 124000000 1757.0879
OX637741.1 124000000 124500000 1761.22358
OX637741.1 124500000 125000000 1765.91385
OX637741.1 125000000 125500000 1766.92191
OX637741.1 125500000 126000000 1769.726
OX637741.1 126000000 126500000 1772.37446
OX637741.1 126500000 127000000 1773.01881
OX637741.1 127000000 127500000 1773.27227
OX637741.1 127500000 128000000 1773.26245
OX637741.1 128000000 128500000 1774.5935
OX637741.1 128500000 129000000 1775.77386
OX637741.1 129000000 129500000 1776.94214
OX637741.1 129500000 130000000 1778.74178
OX637741.1 130000000 130500000 1780.0317
OX637741.1 130500000 131000000 1781.02876
OX637741.1 131000000 131500000 1781.12788
OX637741.1 131500000 132000000 1783.64578
OX637741.1 132000000 132500000 1786.29524
OX637741.1 132500000 133000000 1786.69892
OX637741.1 133000000 133500000 1788.0
OX637741.1 133500000 134000000 1788.93596
OX637741.1 134000000 134500000 1791.68137
OX637741.1 134500000 135000000 1792.02743
OX637741.1 135000000 135500000 1791.84442
OX637741.1 135500000 136000000 1794.02309
OX637741.1 136000000 136500000 1796.00126
OX637741.1 136500000 137000000 1796.01732
OX637741.1 137000000 137500000 1796.78268
OX637741.1 137500000 138000000 1798.0
OX637741.1 138000000 138500000 1798.62326
OX637741.1 138500000 139000000 1800.13316
OX637741.1 139000000 139500000 1800.20722
OX637741.1 139500000 140000000 1801.20429
OX637741.1 140000000 140500000 1802.74477
OX637741.1 140500000 141000000 1802.6789
OX637741.1 141000000 141500000 1803.0579
OX637741.1 141500000 142000000 1804.56487
OX637741.1 142000000 142500000 1805.0
OX637741.1 142500000 143000000 1805.33493
OX637741.1 143000000 143500000 1806.0
OX637741.1 143500000 144000000 1806.18288
OX637741.1 144000000 144500000 1808.6539
OX637741.1 144500000 145000000 1809.55958
OX637741.1 145000000 145500000 1811.74623
OX637741.1 145500000 146000000 1813.11002
OX637741.1 146000000 146500000 1814.61582
OX637741.1 146500000 147000000 1815.01918
OX637741.1 147000000 147500000 1815.65597
OX637741.1 147500000 148000000 1815.16952
OX637741.1 148000000 148500000 1817.58057
OX637741.1 148500000 149000000 1818.00651
OX637741.1 149000000 149500000 1818.80667
OX637741.1 149500000 150000000 1819.01074
OX637741.1 150000000 150500000 1819.9725
OX637741.1 150500000 151000000 1821.19528
OX637741.1 151000000 151500000 1822.1831
OX637741.1 151500000 152000000 1823.05543
OX637741.1 152000000 152500000 1823.30323
OX637741.1 152500000 153000000 1824.02015
OX637741.1 153000000 153500000 1824.89214
OX637741.1 153500000 154000000 1826.45121
OX637741.1 154000000 154500000 1827.45545
OX637741.1 154500000 155000000 1830.73691
OX637741.1 155000000 155500000 1831.0
OX637741.1 155500000 156000000 1830.90126
OX637741.1 156000000 156500000 1832.40966
OX637741.1 156500000 157000000 1833.27342
OX637741.1 157000000 157500000 1833.01876
OX637741.1 157500000 158000000 1833.08206
OX637741.1 158000000 158500000 1833.21187
OX637741.1 158500000 159000000 1833.03751
OX637741.1 159000000 159500000 1833.76467
OX637741.1 159500000 160000000 1835.89482
OX637741.1 160000000 160500000 1836.4546
OX637741.1 160500000 161000000 1836.81222
OX637741.1 161000000 161500000 1836.81888
OX637741.1 161500000 162000000 1836.54077
OX637741.1 162000000 162500000 1837.08281
OX637741.1 162500000 163000000 1837.80747
OX637741.1 163000000 163500000 1838.0
OX637741.1 163500000 164000000 1839.08978
OX637741.1 164000000 164500000 1840.21468
OX637741.1 164500000 165000000 1842.01473
OX637741.1 165000000 165500000 1840.02021
OX637741.1 165500000 166000000 1839.54182
OX637741.1 166000000 166500000 1841.52354
OX637741.1 166500000 167000000 1841.54225
OX637741.1 167000000 167500000 1842.84021
OX637741.1 167500000 168000000 1843.01775
OX637741.1 168000000 168500000 1844.01607
OX637741.1 168500000 169000000 1844.0
OX637741.1 169000000 169500000 1843.70431
OX637741.1 169500000 170000000 1844.08389
OX637741.1 170000000 170500000 1845.79397
OX637741.1 170500000 171000000 1845.36623
OX637741.1 171000000 171500000 1845.77667
OX637741.1 171500000 172000000 1846.03931
OX637741.1 172000000 172500000 1846.0
OX637741.1 172500000 173000000 1846.18581
OX637741.1 173000000 173500000 1846.46501
OX637741.1 173500000 174000000 1846.78927
OX637741.1 174000000 174500000 1846.50757
OX637741.1 174500000 175000000 1847.0575
OX637741.1 175000000 175500000 1847.25907
OX637741.1 175500000 176000000 1848.01505
OX637741.1 176000000 176500000 1848.39756
OX637741.1 176500000 177000000 1849.45406
OX637741.1 177000000 177500000 1849.57094
OX637741.1 177500000 178000000 1850.70525
OX637741.1 178000000 178500000 1851.0
OX637741.1 178500000 179000000 1851.0649
OX637741.1 179000000 179500000 1852.03923
OX637741.1 179500000 180000000 1851.78413
OX637741.1 180000000 180500000 1852.362
OX637741.1 180500000 181000000 1853.0232
OX637741.1 181000000 181500000 1854.57222
OX637741.1 181500000 182000000 1856.48916
OX637741.1 182000000 182500000 1858.42965
OX637741.1 182500000 183000000 1858.01022
OX637741.1 183000000 183500000 1858.1596
OX637741.1 183500000 184000000 1859.0
OX637741.1 184000000 184500000 1859.02248
OX637741.1 184500000 185000000 1859.0
OX637741.1 185000000 185500000 1859.4295
OX637741.1 185500000 186000000 1860.61379
OX637741.1 186000000 186500000 1861.0
OX637741.1 186500000 187000000 1860.62864
OX637741.1 187000000 187500000 1860.0
OX637741.1 187500000 188000000 1860.0
OX637741.1 188000000 188500000 1858.21485
OX637741.1 188500000 189000000 1858.18572
OX637741.1 189000000 189500000 1858.68354
OX637741.1 189500000 190000000 1860.03126
OX637741.1 190000000 190500000 1860.02066
OX637741.1 190500000 191000000 1860.051
OX637741.1 191000000 191500000 1860.0
OX637741.1 191500000 192000000 1860.01817
OX637741.1 192000000 192500000 1860.33465
OX637741.1 192500000 193000000 1862.76151
OX637741.1 193000000 193500000 1864.0
OX637741.1 193500000 194000000 1863.105
OX637741.1 194000000 194500000 1861.93742
OX637741.1 194500000 195000000 1862.0
OX637741.1 195000000 195500000 1862.55558
OX637741.1 195500000 196000000 1864.0005
OX637741.1 196000000 196500000 1864.01823
OX637741.1 196500000 197000000 1864.85595
OX637741.1 197000000 197500000 1865.3341
OX637741.1 197500000 198000000 1866.39653
OX637741.1 198000000 198500000 1865.86615
OX637741.1 198500000 199000000 1865.04988
OX637741.1 199000000 199500000 1865.0
OX637741.1 199500000 200000000 1864.58771
OX637741.1 200000000 200500000 1865.06751
OX637741.1 200500000 201000000 1865.35541
OX637741.1 201000000 201500000 1865.00394
OX637741.1 201500000 202000000 1865.88891
OX637741.1 202000000 202500000 1868.77722
OX637741.1 202500000 203000000 1867.85004
OX637741.1 203000000 203500000 1867.82208
OX637741.1 203500000 204000000 1868.47657
OX637741.1 204000000 204500000 1868.94097
OX637741.1 204500000 205000000 1869.43503
OX637741.1 205000000 205500000 1870.04089
OX637741.1 205500000 206000000 1870.96987
OX637741.1 206000000 206500000 1871.13417
OX637741.1 206500000 207000000 1870.854
OX637741.1 207000000 207500000 1871.55052
OX637741.1 207500000 208000000 1871.16351
OX637741.1 208000000 208500000 1872.26634
OX637741.1 208500000 209000000 1873.63114
OX637741.1 209000000 209500000 1874.64037
OX637741.1 209500000 210000000 1875.08895
OX637741.1 210000000 210500000 1876.01953
OX637741.1 210500000 211000000 1875.19021
OX637741.1 211000000 211500000 1875.62532
OX637741.1 211500000 212000000 1877.31261
OX637741.1 212000000 212500000 1877.81499
OX637741.1 212500000 213000000 1879.39997
OX637741.1 213000000 213500000 1881.01964
OX637741.1 213500000 214000000 1880.63914
OX637741.1 214000000 214500000 1879.90412
OX637741.1 214500000 215000000 1878.77373
OX637741.1 215000000 215500000 1878.00669
OX637741.1 215500000 216000000 1878.26677
OX637741.1 216000000 216500000 1879.09491
OX637741.1 216500000 217000000 1878.86079
OX637741.1 217000000 217500000 1878.0
OX637741.1 217500000 218000000 1878.0
OX637741.1 218000000 218500000 1878.02499
OX637741.1 218500000 219000000 1878.39683
OX637741.1 219000000 219500000 1878.02304
OX637741.1 219500000 220000000 1878.0
OX637741.1 220000000 220500000 1878.0
OX637741.1 220500000 221000000 1878.0
OX637741.1 221000000 221500000 1877.18331
OX637741.1 221500000 222000000 1877.3541
OX637741.1 222000000 222500000 1878.01714
OX637741.1 222500000 223000000 1877.9244
OX637741.1 223000000 223500000 1877.20147
OX637741.1 223500000 224000000 1877.01545
OX637741.1 224000000 224500000 1876.62444
OX637741.1 224500000 225000000 1876.28344
OX637741.1 225000000 225500000 1876.94784
OX637741.1 225500000 226000000 1878.31327
OX637741.1 226000000 226500000 1878.25536
OX637741.1 226500000 227000000 1878.65725
OX637741.1 227000000 227500000 1880.0298
OX637741.1 227500000 228000000 1882.81244
OX637741.1 228000000 228500000 1884.39758
OX637741.1 228500000 229000000 1884.90271
OX637741.1 229000000 229500000 1884.0
OX637741.1 229500000 230000000 1884.01767
OX637741.1 230000000 230500000 1884.0147
OX637741.1 230500000 231000000 1884.02919
OX637741.1 231000000 231500000 1883.61746
OX637741.1 231500000 232000000 1883.42892
OX637741.1 232000000 232500000 1881.82375
OX637741.1 232500000 233000000 1881.0
OX637741.1 233000000 233500000 1881.43394
OX637741.1 233500000 234000000 1880.75068
OX637741.1 234000000 234500000 1880.03657
OX637741.1 234500000 235000000 1880.0
OX637741.1 235000000 235500000 1879.53276
OX637741.1 235500000 236000000 1877.53208
OX637741.1 236000000 236500000 1877.0409
OX637741.1 236500000 237000000 1877.0
OX637741.1 237000000 237500000 1878.04155
OX637741.1 237500000 238000000 1878.80702
OX637741.1 238000000 238500000 1876.7552
OX637741.1 238500000 239000000 1879.40434
OX637741.1 239000000 239500000 1879.95874
OX637741.1 239500000 240000000 1879.00974
OX637741.1 240000000 240500000 1881.19704
OX637741.1 240500000 241000000 1883.59656
OX637741.1 241000000 241500000 1884.32288
OX637741.1 241500000 242000000 1884.12661
OX637741.1 242000000 242500000 1884.29226
OX637741.1 242500000 243000000 1883.09573
OX637741.1 243000000 243500000 1883.04987
OX637741.1 243500000 244000000 1883.0772
OX637741.1 244000000 244500000 1883.09676
OX637741.1 244500000 245000000 1882.1718
OX637741.1 245000000 245500000 1880.02917
OX637741.1 245500000 246000000 1880.20356
OX637741.1 246000000 246500000 1878.76089
OX637741.1 246500000 247000000 1878.09031
OX637741.1 247000000 247500000 1877.67123
OX637741.1 247500000 248000000 1876.01723
OX637741.1 248000000 248500000 1875.31051
OX637741.1 248500000 249000000 1874.00261
OX637741.1 249000000 249500000 1873.00086
OX637741.1 249500000 250000000 1873.79645
OX637741.1 250000000 250500000 1872.87103
OX637741.1 250500000 251000000 1872.03692
OX637741.1 251000000 251500000 1872.0
OX637741.1 251500000 252000000 1872.22711
OX637741.1 252000000 252500000 1873.0245
OX637741.1 252500000 253000000 1872.34942
OX637741.1 253000000 253500000 1870.74078
OX637741.1 253500000 254000000 1870.06477
OX637741.1 254000000 254500000 1870.02018
OX637741.1 254500000 255000000 1869.206
OX637741.1 255000000 255500000 1868.27167
OX637741.1 255500000 256000000 1867.70093
OX637741.1 256000000 256500000 1867.0255
OX637741.1 256500000 257000000 1866.23091
OX637741.1 257000000 257500000 1865.62262
OX637741.1 257500000 258000000 1864.66668
OX637741.1 258000000 258500000 1863.06908
OX637741.1 258500000 259000000 1863.18838
OX637741.1 259000000 259500000 1863.02885
OX637741.1 259500000 260000000 1862.31006
OX637741.1 260000000 260500000 1862.0
OX637741.1 260500000 261000000 1862.81696
OX637741.1 261000000 261500000 1862.1514
OX637741.1 261500000 262000000 1862.37946
OX637741.1 262000000 262500000 1862.04202
OX637741.1 262500000 263000000 1861.68053
OX637741.1 263000000 263500000 1860.78663
OX637741.1 263500000 264000000 1858.69115
OX637741.1 264000000 264500000 1858.06192
OX637741.1 264500000 265000000 1858.01756
OX637741.1 265000000 265500000 1858.0
OX637741.1 265500000 266000000 1858.01958
OX637741.1 266000000 266500000 1857.0677
OX637741.1 266500000 267000000 1857.82584
OX637741.1 267000000 267500000 1857.64221
OX637741.1 267500000 268000000 1857.01506
OX637741.1 268000000 268500000 1857.00778
OX637741.1 268500000 269000000 1857.04657
OX637741.1 269000000 269500000 1853.8974
OX637741.1 269500000 270000000 1853.69514
OX637741.1 270000000 270500000 1851.92704
OX637741.1 270500000 271000000 1851.33093
OX637741.1 271000000 271500000 1852.06305
OX637741.1 271500000 272000000 1851.44073
OX637741.1 272000000 272500000 1850.95993
OX637741.1 272500000 273000000 1850.0
OX637741.1 273000000 273500000 1849.02364
OX637741.1 273500000 274000000 1848.07455
OX637741.1 274000000 274500000 1846.49306
OX637741.1 274500000 275000000 1846.0
OX637741.1 275000000 275500000 1846.03195
OX637741.1 275500000 276000000 1845.09949
OX637741.1 276000000 276500000 1844.04955
OX637741.1 276500000 277000000 1843.13921
OX637741.1 277000000 277500000 1843.0
OX637741.1 277500000 278000000 1841.59158
OX637741.1 278000000 278500000 1839.48473
OX637741.1 278500000 279000000 1837.81744
OX637741.1 279000000 279500000 1836.37189
OX637741.1 279500000 280000000 1835.60407
OX637741.1 280000000 280500000 1833.28689
OX637741.1 280500000 281000000 1832.41647
OX637741.1 281000000 281500000 1833.80903
OX637741.1 281500000 282000000 1834.0
OX637741.1 282000000 282500000 1834.64353
OX637741.1 282500000 283000000 1833.72603
OX637741.1 283000000 283500000 1833.36834
OX637741.1 283500000 284000000 1835.01269
OX637741.1 284000000 284500000 1835.2537
OX637741.1 284500000 285000000 1833.08
OX637741.1 285000000 285500000 1830.75545
OX637741.1 285500000 286000000 1830.12133
OX637741.1 286000000 286500000 1831.02441
OX637741.1 286500000 287000000 1830.23613
OX637741.1 287000000 287500000 1830.05403
OX637741.1 287500000 288000000 1828.80411
OX637741.1 288000000 288500000 1828.00623
OX637741.1 288500000 289000000 1827.77348
OX637741.1 289000000 289500000 1824.18422
OX637741.1 289500000 290000000 1824.0
OX637741.1 290000000 290500000 1823.28062
OX637741.1 290500000 291000000 1820.37639
OX637741.1 291000000 291500000 1819.02662
OX637741.1 291500000 292000000 1818.87784
OX637741.1 292000000 292500000 1817.88368
OX637741.1 292500000 293000000 1816.0187
OX637741.1 293000000 293500000 1816.0
OX637741.1 293500000 294000000 1815.39723
OX637741.1 294000000 294500000 1814.64208
OX637741.1 294500000 295000000 1813.04115
OX637741.1 295000000 295500000 1812.25752
OX637741.1 295500000 296000000 1810.05238
OX637741.1 296000000 296500000 1809.28257
OX637741.1 296500000 297000000 1806.56566
OX637741.1 297000000 297500000 1805.00102
OX637741.1 297500000 298000000 1802.87145
OX637741.1 298000000 298500000 1799.7623
OX637741.1 298500000 299000000 1798.0
OX637741.1 299000000 299500000 1796.8264
OX637741.1 299500000 300000000 1796.01508
OX637741.1 300000000 300500000 1794.42455
OX637741.1 300500000 301000000 1790.95962
OX637741.1 301000000 301500000 1789.00737
OX637741.1 301500000 302000000 1787.779
OX637741.1 302000000 302500000 1785.58249
OX637741.1 302500000 303000000 1780.61654
OX637741.1 303000000 303500000 1780.68918
OX637741.1 303500000 304000000 1780.08462
OX637741.1 304000000 304500000 1777.87023
OX637741.1 304500000 305000000 1777.0507
OX637741.1 305000000 305500000 1777.02392
OX637741.1 305500000 306000000 1777.14654
OX637741.1 306000000 306500000 1778.09601
OX637741.1 306500000 307000000 1777.75733
OX637741.1 307000000 307500000 1776.71641
OX637741.1 307500000 308000000 1774.93007
OX637741.1 308000000 308500000 1772.89447
OX637741.1 308500000 309000000 1771.0
OX637741.1 309000000 309500000 1771.02486
OX637741.1 309500000 310000000 1770.29837
OX637741.1 310000000 310500000 1769.0423
OX637741.1 310500000 311000000 1766.09807
OX637741.1 311000000 311500000 1764.33481
OX637741.1 311500000 312000000 1762.80905
OX637741.1 312000000 312500000 1762.02899
OX637741.1 312500000 313000000 1761.0295
OX637741.1 313000000 313500000 1761.0
OX637741.1 313500000 314000000 1761.36545
OX637741.1 314000000 314500000 1762.0
OX637741.1 314500000 315000000 1762.0
OX637741.1 315000000 315500000 1762.01896
OX637741.1 315500000 316000000 1760.69285
OX637741.1 316000000 316500000 1758.21012
OX637741.1 316500000 317000000 1757.91547
OX637741.1 317000000 317500000 1756.23722
OX637741.1 317500000 318000000 1756.0
OX637741.1 318000000 318500000 1754.34671
OX637741.1 318500000 319000000 1752.11173
OX637741.1 319000000 319500000 1750.99991
OX637741.1 319500000 320000000 1748.17513
OX637741.1 320000000 320500000 1745.64861
OX637741.1 320500000 321000000 1745.56028
OX637741.1 321000000 321500000 1745.57693
OX637741.1 321500000 322000000 1743.43446
OX637741.1 322000000 322500000 1742.02309
OX637741.1 322500000 323000000 1740.25072
OX637741.1 323000000 323500000 1738.14951
OX637741.1 323500000 324000000 1738.03941
OX637741.1 324000000 324500000 1738.03037
OX637741.1 324500000 325000000 1738.0
OX637741.1 325000000 325500000 1736.80317
OX637741.1 325500000 326000000 1736.0
OX637741.1 326000000 326500000 1735.16061
OX637741.1 326500000 327000000 1734.39789
OX637741.1 327000000 327500000 1733.07234
OX637741.1 327500000 328000000 1733.01171
OX637741.1 328000000 328500000 1732.01943
OX637741.1 328500000 329000000 1729.72397
OX637741.1 329000000 329500000 1729.04872
OX637741.1 329500000 330000000 1727.91225
OX637741.1 330000000 330500000 1726.14505
OX637741.1 330500000 331000000 1724.22562
OX637741.1 331000000 331500000 1723.49741
OX637741.1 331500000 332000000 1722.25456
OX637741.1 332000000 332500000 1720.178
OX637741.1 332500000 333000000 1717.1317
OX637741.1 333000000 333500000 1715.9877
OX637741.1 333500000 334000000 1713.81811
OX637741.1 334000000 334500000 1711.52288
OX637741.1 334500000 335000000 1708.54951
OX637741.1 335000000 335500000 1707.01802
OX637741.1 335500000 336000000 1705.06461
OX637741.1 336000000 336500000 1703.67419
OX637741.1 336500000 337000000 1702.49173
OX637741.1 337000000 337500000 1698.55849
OX637741.1 337500000 338000000 1696.84355
OX637741.1 338000000 338500000 1693.79103
OX637741.1 338500000 339000000 1691.48179
OX637741.1 339000000 339500000 1689.31158
OX637741.1 339500000 340000000 1685.42834
OX637741.1 340000000 340500000 1682.93684
OX637741.1 340500000 341000000 1679.57287
OX637741.1 341000000 341500000 1677.82843
OX637741.1 341500000 342000000 1674.27025
OX637741.1 342000000 342500000 1671.31233
OX637741.1 342500000 343000000 1668.51445
OX637741.1 343000000 343500000 1666.35876
OX637741.1 343500000 344000000 1662.55043
OX637741.1 344000000 344500000 1660.74722
OX637741.1 344500000 345000000 1659.20438
OX637741.1 345000000 345500000 1658.23023
OX637741.1 345500000 346000000 1657.57189
OX637741.1 346000000 346500000 1655.9938
OX637741.1 346500000 347000000 1655.03415
OX637741.1 347000000 347500000 1654.49817
OX637741.1 347500000 348000000 1653.19913
OX637741.1 348000000 348500000 1653.36042
OX637741.1 348500000 349000000 1653.18947
OX637741.1 349000000 349500000 1652.67459
OX637741.1 349500000 350000000 1647.99961
OX637741.1 350000000 350500000 1643.45412
OX637741.1 350500000 351000000 1641.51681
OX637741.1 351000000 351500000 1638.18825
OX637741.1 351500000 352000000 1636.56673
OX637741.1 352000000 352500000 1634.84537
OX637741.1 352500000 353000000 1630.46047
OX637741.1 353000000 353500000 1626.46486
OX637741.1 353500000 354000000 1623.61236
OX637741.1 354000000 354500000 1619.27478
OX637741.1 354500000 355000000 1616.72202
OX637741.1 355000000 355500000 1616.0
OX637741.1 355500000 356000000 1615.39475
OX637741.1 356000000 356500000 1611.33496
OX637741.1 356500000 357000000 1605.81732
OX637741.1 357000000 357500000 1602.6607
OX637741.1 357500000 358000000 1601.96578
OX637741.1 358000000 358500000 1597.897
OX637741.1 358500000 359000000 1596.15679
OX637741.1 359000000 359500000 1591.41082
OX637741.1 359500000 360000000 1585.75667
OX637741.1 360000000 360500000 1580.37489
OX637741.1 360500000 361000000 1578.64128
OX637741.1 361000000 361500000 1576.61572
OX637741.1 361500000 362000000 1573.5867
OX637741.1 362000000 362500000 1570.8202
OX637741.1 362500000 363000000 1569.5626
OX637741.1 363000000 363500000 1567.46678
OX637741.1 363500000 364000000 1563.95549
OX637741.1 364000000 364500000 1561.78797
OX637741.1 364500000 365000000 1559.48141
OX637741.1 365000000 365500000 1554.3943
OX637741.1 365500000 366000000 1548.85128
OX637741.1 366000000 366500000 1543.70998
OX637741.1 366500000 367000000 1541.84421
OX637741.1 367000000 367500000 1539.15621
OX637741.1 367500000 368000000 1535.08389
OX637741.1 368000000 368500000 1531.51013
OX637741.1 368500000 369000000 1527.16472
OX637741.1 369000000 369500000 1521.75202
OX637741.1 369500000 370000000 1520.58284
OX637741.1 370000000 370500000 1519.56217
OX637741.1 370500000 371000000 1515.37933
OX637741.1 371000000 371500000 1511.29969
OX637741.1 371500000 372000000 1509.27317
OX637741.1 372000000 372500000 1506.44173
OX637741.1 372500000 373000000 1500.65675
OX637741.1 373000000 373500000 1495.37
OX637741.1 373500000 374000000 1491.88346
OX637741.1 374000000 374500000 1487.11705
OX637741.1 374500000 375000000 1479.98135
OX637741.1 375000000 375500000 1477.73539
OX637741.1 375500000 376000000 1474.55462
OX637741.1 376000000 376500000 1471.50246
OX637741.1 376500000 377000000 1465.57427
OX637741.1 377000000 377500000 1461.56074
OX637741.1 377500000 378000000 1459.26344
OX637741.1 378000000 378500000 1454.63778
OX637741.1 378500000 379000000 1446.78107
OX637741.1 379000000 379500000 1441.67136
OX637741.1 379500000 380000000 1438.17535
OX637741.1 380000000 380500000 1431.44923
OX637741.1 380500000 381000000 1428.44392
OX637741.1 381000000 381500000 1424.04454
OX637741.1 381500000 382000000 1420.74753
OX637741.1 382000000 382500000 1417.06335
OX637741.1 382500000 383000000 1414.05087
OX637741.1 383000000 383500000 1411.01883
OX637741.1 383500000 384000000 1407.60278
OX637741.1 384000000 384500000 1397.78514
OX637741.1 384500000 385000000 1393.13847
OX637741.1 385000000 385500000 1389.00986
OX637741.1 385500000 386000000 1380.931
OX637741.1 386000000 386500000 1376.22523
OX637741.1 386500000 387000000 1372.68279
OX637741.1 387000000 387500000 1363.94671
OX637741.1 387500000 388000000 1358.4548
OX637741.1 388000000 388500000 1349.96062
OX637741.1 388500000 389000000 1341.28671
OX637741.1 389000000 389500000 1333.03774
OX637741.1 389500000 390000000 1326.77755
OX637741.1 390000000 390500000 1319.58297
OX637741.1 390500000 391000000 1312.70739
OX637741.1 391000000 391500000 1302.75079
OX637741.1 391500000 392000000 1297.5724
OX637741.1 392000000 392500000 1288.82806
OX637741.1 392500000 393000000 1280.68031
OX637741.1 393000000 393500000 1273.268
OX637741.1 393500000 394000000 1268.41187
OX637741.1 394000000 394500000 1260.93677
OX637741.1 394500000 395000000 1249.46472
OX637741.1 395000000 395500000 1243.61456
OX637741.1 395500000 396000000 1237.26909
OX637741.1 396000000 396500000 1225.31267
OX637741.1 396500000 397000000 1217.9198
OX637741.1 397000000 397500000 1208.85129
OX637741.1 397500000 398000000 1200.21979
OX637741.1 398000000 398500000 1188.57919
OX637741.1 398500000 399000000 1175.84093
OX637741.1 399000000 399500000 1172.70685
OX637741.1 399500000 400000000 1164.60066
OX637741.1 400000000 400500000 1157.77955
OX637741.1 400500000 401000000 1146.91936
OX637741.1 401000000 401500000 1135.92248
OX637741.1 401500000 402000000 1126.59472
OX637741.1 402000000 402500000 1117.86167
OX637741.1 402500000 403000000 1105.96157
OX637741.1 403000000 403500000 1087.17244
OX637741.1 403500000 404000000 1076.7532
OX637741.1 404000000 404500000 1066.90542
OX637741.1 404500000 405000000 1059.03276
OX637741.1 405000000 405500000 1047.35889
OX637741.1 405500000 406000000 1034.55745
OX637741.1 406000000 406500000 1022.31885
OX637741.1 406500000 407000000 1010.07168
OX637741.1 407000000 407500000 990.2955
OX637741.1 407500000 408000000 980.90717
OX637741.1 408000000 408500000 968.94842
OX637741.1 408500000 409000000 956.71467
OX637741.1 409000000 409500000 941.62241
OX637741.1 409500000 410000000 924.4185
OX637741.1 410000000 410500000 901.18599
OX637741.1 410500000 411000000 873.47139
OX637741.1 411000000 411500000 846.1481
OX637741.1 411500000 412000000 819.26688
OX637741.1 412000000 412500000 798.20097
OX637741.1 412500000 413000000 775.15215
OX637741.1 413000000 413500000 754.8053
OX637741.1 413500000 414000000 733.69062
OX637741.1 414000000 414500000 712.36169
OX637741.1 414500000 415000000 691.10671
OX637741.1 415000000 415500000 662.12005
OX637741.1 415500000 416000000 641.34294
OX637741.1 416000000 416500000 619.52169
OX637741.1 416500000 417000000 592.01943
OX637741.1 417000000 417500000 553.1343
OX637741.1 417500000 418000000 508.07062
OX637741.1 418000000 418500000 470.02154
OX637741.1 418500000 419000000 426.35124
OX637741.1 419000000 419500000 376.81821
OX637741.1 419500000 420000000 319.67391
OX637741.1 420000000 420500000 256.7201
OX637741.1 420500000 421000000 201.17536
OX637741.1 421000000 421500000 137.23292
OX637741.1 421500000 422000000 82.3555
OX637741.1 422000000 422500000 63.45514
OX637741.1 422500000 423000000 18.60135
OX637741.1 423000000 423500000 13.92542
OX637741.1 423500000 424000000 10.46106
OX637741.1 424000000 424500000 3.67114
OX637741.1 424500000 424937212 2.54599
OX637748.1 0 500000 56.93326
OX637748.1 500000 1000000 88.00573
OX637748.1 1000000 1500000 103.68054
OX637748.1 1500000 2000000 162.81918
OX637748.1 2000000 2500000 228.66711
OX637748.1 2500000 3000000 233.11737
OX637748.1 3000000 3500000 264.62221
OX637748.1 3500000 4000000 323.61788
OX637748.1 4000000 4500000 360.84779
OX637748.1 4500000 5000000 406.02049
OX637748.1 5000000 5500000 435.63934
OX637748.1 5500000 6000000 466.26597
OX637748.1 6000000 6500000 489.45069
OX637748.1 6500000 7000000 505.53002
OX637748.1 7000000 7500000 510.61749
OX637748.1 7500000 8000000 514.06891
OX637748.1 8000000 8500000 537.81117
OX637748.1 8500000 9000000 557.54716
OX637748.1 9000000 9500000 558.87953
OX637748.1 9500000 10000000 562.0
OX637748.1 10000000 10500000 567.08096
OX637748.1 10500000 11000000 570.86415
OX637748.1 11000000 11500000 571.0
OX637748.1 11500000 12000000 571.01122
OX637748.1 12000000 12500000 584.50747
OX637748.1 12500000 13000000 605.64038
OX637748.1 13000000 13500000 622.23246
OX637748.1 13500000 14000000 645.6996
OX637748.1 14000000 14500000 667.53355
OX637748.1 14500000 15000000 685.43694
OX637748.1 15000000 15500000 704.8606
OX637748.1 15500000 16000000 720.79777
OX637748.1 16000000 16500000 738.55388
OX637748.1 16500000 17000000 756.48747
OX637748.1 17000000 17500000 775.73835
OX637748.1 17500000 18000000 800.91573
OX637748.1 18000000 18500000 822.2555
OX637748.1 18500000 19000000 835.03639
OX637748.1 19000000 19500000 850.89347
OX637748.1 19500000 20000000 863.82021
OX637748.1 20000000 20500000 877.33668
OX637748.1 20500000 21000000 887.97976
OX637748.1 21000000 21500000 904.26937
OX637748.1 21500000 22000000 918.37469
OX637748.1 22000000 22500000 926.67732
OX637748.1 22500000 23000000 938.57826
OX637748.1 23000000 23500000 951.39017
OX637748.1 23500000 24000000 953.90534
OX637748.1 24000000 24500000 956.11272
OX637748.1 24500000 25000000 967.66931
OX637748.1 25000000 25500000 971.56384
OX637748.1 25500000 26000000 987.08162
OX637748.1 26000000 26500000 996.83774
OX637748.1 26500000 27000000 1005.78501
OX637748.1 27000000 27500000 1013.91485
OX637748.1 27500000 28000000 1021.37167
OX637748.1 28000000 28500000 1024.78927
OX637748.1 28500000 29000000 1024.74388
OX637748.1 29000000 29500000 1026.87325
OX637748.1 29500000 30000000 1030.50399
OX637748.1 30000000 30500000 1035.61842
OX637748.1 30500000 31000000 1041.1817
OX637748.1 31000000 31500000 1048.6386
OX637748.1 31500000 32000000 1057.58991
OX637748.1 32000000 32500000 1063.27013
OX637748.1 32500000 33000000 1075.22232
OX637748.1 33000000 33500000 1079.24528
OX637748.1 33500000 34000000 1082.79342
OX637748.1 34000000 34500000 1088.59799
OX637748.1 34500000 35000000 1093.16899
OX637748.1 35000000 35500000 1098.90095
OX637748.1 35500000 36000000 1105.37629
OX637748.1 36000000 36500000 1109.92268
OX637748.1 36500000 37000000 1116.59565
OX637748.1 37000000 37500000 1123.11311
OX637748.1 37500000 38000000 1125.30414
OX637748.1 38000000 38500000 1128.01015
OX637748.1 38500000 39000000 1128.60323
OX637748.1 39000000 39500000 1131.7699
OX637748.1 39500000 40000000 1132.76667
OX637748.1 40000000 40500000 1136.42991
OX637748.1 40500000 41000000 1142.08806
OX637748.1 41000000 41500000 1144.55518
OX637748.1 41500000 42000000 1149.14505
OX637748.1 42000000 42500000 1154.05059
OX637748.1 42500000 43000000 1160.13909
OX637748.1 43000000 43500000 1165.19081
OX637748.1 43500000 44000000 1173.43372
OX637748.1 44000000 44500000 1181.20229
OX637748.1 44500000 45000000 1185.36683
OX637748.1 45000000 45500000 1190.99648
OX637748.1 45500000 46000000 1195.33498
OX637748.1 46000000 46500000 1201.29834
OX637748.1 46500000 47000000 1210.17045
OX637748.1 47000000 47500000 1219.50243
OX637748.1 47500000 48000000 1226.01496
OX637748.1 48000000 48500000 1229.61519
OX637748.1 48500000 49000000 1231.16562
OX637748.1 49000000 49500000 1233.67865
OX637748.1 49500000 50000000 1236.80721
OX637748.1 50000000 50500000 1244.2082
OX637748.1 50500000 51000000 1250.11413
OX637748.1 51000000 51500000 1254.74636
OX637748.1 51500000 52000000 1259.84198
OX637748.1 52000000 52500000 1264.10309
OX637748.1 52500000 53000000 1267.05231
OX637748.1 53000000 53500000 1269.13153
OX637748.1 53500000 54000000 1272.70094
OX637748.1 54000000 54500000 1275.71916
OX637748.1 54500000 55000000 1280.88208
OX637748.1 55000000 55500000 1285.1756
OX637748.1 55500000 56000000 1287.69323
OX637748.1 56000000 56500000 1290.15109
OX637748.1 56500000 57000000 1295.17679
OX637748.1 57000000 57500000 1299.62702
OX637748.1 57500000 58000000 1303.26557
OX637748.1 58000000 58500000 1306.58795
OX637748.1 58500000 59000000 1312.75841
OX637748.1 59000000 59500000 1316.37155
OX637748.1 59500000 60000000 1321.99424
OX637748.1 60000000 60500000 1326.77011
OX637748.1 60500000 61000000 1331.5506
OX637748.1 61000000 61500000 1336.71951
OX637748.1 61500000 62000000 1342.75898
OX637748.1 62000000 62500000 1347.2564
OX637748.1 62500000 63000000 1349.32763
OX637748.1 63000000 63500000 1349.61545
OX637748.1 63500000 64000000 1349.70529
OX637748.1 64000000 64500000 1351.29899
OX637748.1 64500000 65000000 1352.97031
OX637748.1 65000000 65500000 1354.07495
OX637748.1 65500000 66000000 1357.03984
OX637748.1 66000000 66500000 1358.02311
OX637748.1 66500000 67000000 1361.48867
OX637748.1 67000000 67500000 1364.83578
OX637748.1 67500000 68000000 1369.38761
OX637748.1 68000000 68500000 1376.0883
OX637748.1 68500000 69000000 1380.51717
OX637748.1 69000000 69500000 1384.01794
OX637748.1 69500000 70000000 1385.02866
OX637748.1 70000000 70500000 1386.6349
OX637748.1 70500000 71000000 1389.909
OX637748.1 71000000 71500000 1392.90813
OX637748.1 71500000 72000000 1394.987
OX637748.1 72000000 72500000 1403.57759
OX637748.1 72500000 73000000 1408.16268
OX637748.1 73000000 73500000 1411.00292
OX637748.1 73500000 74000000 1414.05686
OX637748.1 74000000 74500000 1415.55341
OX637748.1 74500000 75000000 1415.85127
OX637748.1 75000000 75500000 1416.98694
OX637748.1 75500000 76000000 1419.74212
OX637748.1 76000000 76500000 1422.44049
OX637748.1 76500000 77000000 1423.275
OX637748.1 77000000 77500000 1425.03662
OX637748.1 77500000 78000000 1429.12925
OX637748.1 78000000 78500000 1434.16608
OX637748.1 78500000 79000000 1436.15924
OX637748.1 79000000 79500000 1437.68964
OX637748.1 79500000 80000000 1439.66429
OX637748.1 80000000 80500000 1442.87065
OX637748.1 80500000 81000000 1444.03436
OX637748.1 81000000 81500000 1444.70047
OX637748.1 81500000 82000000 1448.79896
OX637748.1 82000000 82500000 1451.99471
OX637748.1 82500000 83000000 1454.54491
OX637748.1 83000000 83500000 1458.2657
OX637748.1 83500000 84000000 1461.33998
OX637748.1 84000000 84500000 1462.0
OX637748.1 84500000 85000000 1462.44425
OX637748.1 85000000 85500000 1467.77836
OX637748.1 85500000 86000000 1470.311
OX637748.1 86000000 86500000 1474.11604
OX637748.1 86500000 87000000 1476.72747
OX637748.1 87000000 87500000 1479.30776
OX637748.1 87500000 88000000 1483.2496
OX637748.1 88000000 88500000 1485.06876
OX637748.1 88500000 89000000 1487.60153
OX637748.1 89000000 89500000 1488.82995
OX637748.1 89500000 90000000 1491.77989
OX637748.1 90000000 90500000 1495.91303
OX637748.1 90500000 91000000 1496.72242
OX637748.1 91000000 91500000 1497.74202
OX637748.1 91500000 92000000 1499.89982
OX637748.1 92000000 92500000 1500.32165
OX637748.1 92500000 93000000 1502.61384
OX637748.1 93000000 93500000 1506.24955
OX637748.1 93500000 94000000 1509.82846
OX637748.1 94000000 94500000 1514.43665
OX637748.1 94500000 95000000 1517.09712
OX637748.1 95000000 95500000 1519.94902
OX637748.1 95500000 96000000 1521.11867
OX637748.1 96000000 96500000 1522.96109
OX637748.1 96500000 97000000 1523.51283
OX637748.1 97000000 97500000 1524.10367
OX637748.1 97500000 98000000 1526.47764
OX637748.1 98000000 98500000 1529.63974
OX637748.1 98500000 99000000 1531.50418
OX637748.1 99000000 99500000 1532.13842
OX637748.1 99500000 100000000 1533.0
OX637748.1 100000000 100500000 1533.02781
OX637748.1 100500000 101000000 1534.45748
OX637748.1 101000000 101500000 1536.64928
OX637748.1 101500000 102000000 1540.96473
OX637748.1 102000000 102500000 1545.22872
OX637748.1 102500000 103000000 1546.93369
OX637748.1 103000000 103500000 1547.26526
OX637748.1 103500000 104000000 1549.64757
OX637748.1 104000000 104500000 1553.25083
OX637748.1 104500000 105000000 1554.6532
OX637748.1 105000000 105500000 1555.94289
OX637748.1 105500000 106000000 1558.43753
OX637748.1 106000000 106500000 1561.06092
OX637748.1 106500000 107000000 1562.39226
OX637748.1 107000000 107500000 1563.07855
OX637748.1 107500000 108000000 1564.94351
OX637748.1 108000000 108500000 1567.08164
OX637748.1 108500000 109000000 1569.61173
OX637748.1 109000000 109500000 1571.07141
OX637748.1 109500000 110000000 1572.09938
OX637748.1 110000000 110500000 1573.43225
OX637748.1 110500000 111000000 1575.81299
OX637748.1 111000000 111500000 1576.40956
OX637748.1 111500000 112000000 1577.48373
OX637748.1 112000000 112500000 1580.0
OX637748.1 112500000 113000000 1580.0
OX637748.1 113000000 113500000 1580.0
OX637748.1 113500000 114000000 1581.67015
OX637748.1 114000000 114500000 1583.0342
OX637748.1 114500000 115000000 1583.59373
OX637748.1 115000000 115500000 1584.00084
OX637748.1 115500000 116000000 1583.47177
OX637748.1 116000000 116500000 1584.48923
OX637748.1 116500000 117000000 1585.4607
OX637748.1 117000000 117500000 1586.53905
OX637748.1 117500000 118000000 1589.13918
OX637748.1 118000000 118500000 1591.56425
OX637748.1 118500000 119000000 1592.0
OX637748.1 119000000 119500000 1592.94219
OX637748.1 119500000 120000000 1594.44216
OX637748.1 120000000 120500000 1594.52278
OX637748.1 120500000 121000000 1594.65452
OX637748.1 121000000 121500000 1595.07468
OX637748.1 121500000 122000000 1595.98796
OX637748.1 122000000 122500000 1596.22927
OX637748.1 122500000 123000000 1596.26228
OX637748.1 123000000 123500000 1596.17936
OX637748.1 123500000 124000000 1596.46792
OX637748.1 124000000 124500000 1596.0785
OX637748.1 124500000 125000000 1596.26931
OX637748.1 125000000 125500000 1597.79531
OX637748.1 125500000 126000000 1599.25256
OX637748.1 126000000 126500000 1601.0
OX637748.1 126500000 127000000 1601.01306
OX637748.1 127000000 127500000 1601.51219
OX637748.1 127500000 128000000 1603.78024
OX637748.1 128000000 128500000 1606.40038
OX637748.1 128500000 129000000 1607.0
OX637748.1 129000000 129500000 1607.30627
OX637748.1 129500000 130000000 1608.16051
OX637748.1 130000000 130500000 1611.63853
OX637748.1 130500000 131000000 1613.00503
OX637748.1 131000000 131500000 1613.73405
OX637748.1 131500000 132000000 1615.18143
OX637748.1 132000000 132500000 1618.55093
OX637748.1 132500000 133000000 1620.7202
OX637748.1 133000000 133500000 1621.16016
OX637748.1 133500000 134000000 1621.88149
OX637748.1 134000000 134500000 1622.39572
OX637748.1 134500000 135000000 1623.4131
OX637748.1 135000000 135500000 1625.17589
OX637748.1 135500000 136000000 1626.04695
OX637748.1 136000000 136500000 1627.05309
OX637748.1 136500000 137000000 1629.27002
OX637748.1 137000000 137500000 1630.66678
OX637748.1 137500000 138000000 1632.73074
OX637748.1 138000000 138500000 1635.74131
OX637748.1 138500000 139000000 1637.26859
OX637748.1 139000000 139500000 1640.28188
OX637748.1 139500000 140000000 1642.37619
OX637748.1 140000000 140500000 1645.96286
OX637748.1 140500000 141000000 1649.23572
OX637748.1 141000000 141500000 1650.86477
OX637748.1 141500000 142000000 1652.8665
OX637748.1 142000000 142500000 1653.38598
OX637748.1 142500000 143000000 1654.0
OX637748.1 143000000 143500000 1654.4082
OX637748.1 143500000 144000000 1655.81777
OX637748.1 144000000 144500000 1657.0
OX637748.1 144500000 145000000 1657.0
OX637748.1 145000000 145500000 1657.4529
OX637748.1 145500000 146000000 1658.01229
OX637748.1 146000000 146500000 1659.45124
OX637748.1 146500000 147000000 1661.49153
OX637748.1 147000000 147500000 1663.87836
OX637748.1 147500000 148000000 1664.44355
OX637748.1 148000000 148500000 1665.68036
OX637748.1 148500000 149000000 1667.14104
OX637748.1 149000000 149500000 1669.14427
OX637748.1 149500000 150000000 1670.03214
OX637748.1 150000000 150500000 1671.14761
OX637748.1 150500000 151000000 1672.45286
OX637748.1 151000000 151500000 1673.0
OX637748.1 151500000 152000000 1673.40157
OX637748.1 152000000 152500000 1674.01781
OX637748.1 152500000 153000000 1674.23249
OX637748.1 153000000 153500000 1675.02086
OX637748.1 153500000 154000000 1675.8955
OX637748.1 154000000 154500000 1677.0
OX637748.1 154500000 155000000 1677.0
OX637748.1 155000000 155500000 1677.0
OX637748.1 155500000 156000000 1677.0
OX637748.1 156000000 156500000 1678.20828
OX637748.1 156500000 157000000 1680.0
OX637748.1 157000000 157500000 1680.03174
OX637748.1 157500000 158000000 1680.80159
OX637748.1 158000000 158500000 1681.0
OX637748.1 158500000 159000000 1681.39596
OX637748.1 159000000 159500000 1684.21026
OX637748.1 159500000 160000000 1685.0
OX637748.1 160000000 160500000 1687.34314
OX637748.1 160500000 161000000 1688.60388
OX637748.1 161000000 161500000 1689.0005
OX637748.1 161500000 162000000 1689.01187
OX637748.1 162000000 162500000 1690.02802
OX637748.1 162500000 163000000 1689.37149
OX637748.1 163000000 163500000 1689.05207
OX637748.1 163500000 164000000 1689.01276
OX637748.1 164000000 164500000 1690.25955
OX637748.1 164500000 165000000 1691.02927
OX637748.1 165000000 165500000 1691.90887
OX637748.1 165500000 166000000 1691.51255
OX637748.1 166000000 166500000 1692.29788
OX637748.1 166500000 167000000 1693.02829
OX637748.1 167000000 167500000 1693.0
OX637748.1 167500000 168000000 1693.90638
OX637748.1 168000000 168500000 1695.93137
OX637748.1 168500000 169000000 1697.4726
OX637748.1 169000000 169500000 1700.13638
OX637748.1 169500000 170000000 1701.61519
OX637748.1 170000000 170500000 1702.03557
OX637748.1 170500000 171000000 1702.4915
OX637748.1 171000000 171500000 1705.39418
OX637748.1 171500000 172000000 1706.22567
OX637748.1 172000000 172500000 1707.0003
OX637748.1 172500000 173000000 1707.16128
OX637748.1 173000000 173500000 1709.50519
OX637748.1 173500000 174000000 1710.07261
OX637748.1 174000000 174500000 1710.01818
OX637748.1 174500000 175000000 1710.23376
OX637748.1 175000000 175500000 1711.23088
OX637748.1 175500000 176000000 1713.0
OX637748.1 176000000 176500000 1713.77221
OX637748.1 176500000 177000000 1714.02348
OX637748.1 177000000 177500000 1714.33907
OX637748.1 177500000 178000000 1714.482
OX637748.1 178000000 178500000 1714.02057
OX637748.1 178500000 179000000 1714.95552
OX637748.1 179000000 179500000 1715.0254
OX637748.1 179500000 180000000 1715.0
OX637748.1 180000000 180500000 1715.0
OX637748.1 180500000 181000000 1715.0
OX637748.1 181000000 181500000 1715.0
OX637748.1 181500000 182000000 1715.01936
OX637748.1 182000000 182500000 1715.02475
OX637748.1 182500000 183000000 1715.73718
OX637748.1 183000000 183500000 1716.73925
OX637748.1 183500000 184000000 1718.78728
OX637748.1 184000000 184500000 1719.0
OX637748.1 184500000 185000000 1718.6294
OX637748.1 185000000 185500000 1718.13951
OX637748.1 185500000 186000000 1719.0
OX637748.1 186000000 186500000 1719.0
OX637748.1 186500000 187000000 1719.75224
OX637748.1 187000000 187500000 1721.54636
OX637748.1 187500000 188000000 1722.0
OX637748.1 188000000 188500000 1722.00887
OX637748.1 188500000 189000000 1722.46852
OX637748.1 189000000 189500000 1723.0
OX637748.1 189500000 190000000 1723.0
OX637748.1 190000000 190500000 1723.56993
OX637748.1 190500000 191000000 1723.64811
OX637748.1 191000000 191500000 1723.02819
OX637748.1 191500000 192000000 1723.01427
OX637748.1 192000000 192500000 1723.33565
OX637748.1 192500000 193000000 1723.22927
OX637748.1 193000000 193500000 1723.0
OX637748.1 193500000 194000000 1723.18365
OX637748.1 194000000 194500000 1724.63856
OX637748.1 194500000 195000000 1724.00078
OX637748.1 195000000 195500000 1724.0591
OX637748.1 195500000 196000000 1724.0
OX637748.1 196000000 196500000 1724.74743
OX637748.1 196500000 197000000 1726.46431
OX637748.1 197000000 197500000 1726.79417
OX637748.1 197500000 198000000 1726.81774
OX637748.1 198000000 198500000 1726.18911
OX637748.1 198500000 199000000 1725.90178
OX637748.1 199000000 199500000 1724.6646
OX637748.1 199500000 200000000 1724.0
OX637748.1 200000000 200500000 1724.41068
OX637748.1 200500000 201000000 1725.0
OX637748.1 201000000 201500000 1725.0
OX637748.1 201500000 202000000 1725.47601
OX637748.1 202000000 202500000 1726.0
OX637748.1 202500000 203000000 1726.13698
OX637748.1 203000000 203500000 1727.00406
OX637748.1 203500000 204000000 1727.01965
OX637748.1 204000000 204500000 1728.2134
OX637748.1 204500000 205000000 1729.0
OX637748.1 205000000 205500000 1729.06886
OX637748.1 205500000 206000000 1729.03241
OX637748.1 206000000 206500000 1729.04379
OX637748.1 206500000 207000000 1729.98458
OX637748.1 207000000 207500000 1730.01947
OX637748.1 207500000 208000000 1731.40295
OX637748.1 208000000 208500000 1733.01095
OX637748.1 208500000 209000000 1733.779
OX637748.1 209000000 209500000 1734.00137
OX637748.1 209500000 210000000 1734.05043
OX637748.1 210000000 210500000 1735.3243
OX637748.1 210500000 211000000 1736.02824
OX637748.1 211000000 211500000 1736.02781
OX637748.1 211500000 212000000 1736.00824
OX637748.1 212000000 212500000 1736.08051
OX637748.1 212500000 213000000 1736.0
OX637748.1 213000000 213500000 1736.74941
OX637748.1 213500000 214000000 1739.8041
OX637748.1 214000000 214500000 1740.0
OX637748.1 214500000 215000000 1740.02835
OX637748.1 215000000 215500000 1740.3008
OX637748.1 215500000 216000000 1741.38617
OX637748.1 216000000 216500000 1742.0
OX637748.1 216500000 217000000 1742.73423
OX637748.1 217000000 217500000 1743.3195
OX637748.1 217500000 218000000 1743.5352
OX637748.1 218000000 218500000 1743.2967
OX637748.1 218500000 219000000 1744.0
OX637748.1 219000000 219500000 1744.64504
OX637748.1 219500000 220000000 1746.32826
OX637748.1 220000000 220500000 1747.03134
OX637748.1 220500000 221000000 1748.60151
OX637748.1 221000000 221500000 1749.95098
OX637748.1 221500000 222000000 1750.02893
OX637748.1 222000000 222500000 1749.76028
OX637748.1 222500000 223000000 1749.0091
OX637748.1 223000000 223500000 1749.00783
OX637748.1 223500000 224000000 1749.12705
OX637748.1 224000000 224500000 1751.10816
OX637748.1 224500000 225000000 1752.0
OX637748.1 225000000 225500000 1752.82804
OX637748.1 225500000 226000000 1753.00057
OX637748.1 226000000 226500000 1753.0284
OX637748.1 226500000 227000000 1753.16637
OX637748.1 227000000 227500000 1754.0
OX637748.1 227500000 228000000 1754.0
OX637748.1 228000000 228500000 1754.39371
OX637748.1 228500000 229000000 1755.02072
OX637748.1 229000000 229500000 1755.0
OX637748.1 229500000 230000000 1755.01966
OX637748.1 230000000 230500000 1755.00548
OX637748.1 230500000 231000000 1755.71152
OX637748.1 231000000 231500000 1756.0
OX637748.1 231500000 232000000 1757.04005
OX637748.1 232000000 232500000 1760.10897
OX637748.1 232500000 233000000 1761.08179
OX637748.1 233000000 233500000 1762.0
OX637748.1 233500000 234000000 1762.70175
OX637748.1 234000000 234500000 1763.00083
OX637748.1 234500000 235000000 1763.04678
OX637748.1 235000000 235500000 1763.95844
OX637748.1 235500000 236000000 1764.0125
OX637748.1 236000000 236500000 1764.16484
OX637748.1 236500000 237000000 1765.07386
OX637748.1 237000000 237500000 1766.94402
OX637748.1 237500000 238000000 1767.04065
OX637748.1 238000000 238500000 1767.0
OX637748.1 238500000 239000000 1767.03387
OX637748.1 239000000 239500000 1767.0
OX637748.1 239500000 240000000 1767.02492
OX637748.1 240000000 240500000 1767.01886
OX637748.1 240500000 241000000 1767.70766
OX637748.1 241000000 241500000 1768.88149
OX637748.1 241500000 242000000 1770.0
OX637748.1 242000000 242500000 1769.30754
OX637748.1 242500000 243000000 1770.2938
OX637748.1 243000000 243500000 1771.00891
OX637748.1 243500000 244000000 1770.87397
OX637748.1 244000000 244500000 1771.72765
OX637748.1 244500000 245000000 1773.03359
OX637748.1 245000000 245500000 1774.13926
OX637748.1 245500000 246000000 1775.61704
OX637748.1 246000000 246500000 1776.7794
OX637748.1 246500000 247000000 1777.0
OX637748.1 247000000 247500000 1777.0041
OX637748.1 247500000 248000000 1778.23241
OX637748.1 248000000 248500000 1781.09663
OX637748.1 248500000 249000000 1780.54818
OX637748.1 249000000 249500000 1783.09956
OX637748.1 249500000 250000000 1785.01486
OX637748.1 250000000 250500000 1784.57413
OX637748.1 250500000 251000000 1786.58268
OX637748.1 251000000 251500000 1789.50139
OX637748.1 251500000 252000000 1789.84355
OX637748.1 252000000 252500000 1789.77604
OX637748.1 252500000 253000000 1791.49539
OX637748.1 253000000 253500000 1790.54017
OX637748.1 253500000 254000000 1791.18389
OX637748.1 254000000 254500000 1793.20411
OX637748.1 254500000 255000000 1793.05499
OX637748.1 255000000 255500000 1794.45781
OX637748.1 255500000 256000000 1796.93649
OX637748.1 256000000 256500000 1799.16031
OX637748.1 256500000 257000000 1802.01639
OX637748.1 257000000 257500000 1803.03262
OX637748.1 257500000 258000000 1803.0
OX637748.1 258000000 258500000 1803.0
OX637748.1 258500000 259000000 1803.00946
OX637748.1 259000000 259500000 1802.14174
OX637748.1 259500000 260000000 1800.0
OX637748.1 260000000 260500000 1800.0
OX637748.1 260500000 261000000 1799.98423
OX637748.1 261000000 261500000 1800.0
OX637748.1 261500000 262000000 1800.0
OX637748.1 262000000 262500000 1800.0
OX637748.1 262500000 263000000 1800.0
OX637748.1 263000000 263500000 1800.0003
OX637748.1 263500000 264000000 1800.0
OX637748.1 264000000 264500000 1800.12596
OX637748.1 264500000 265000000 1801.01059
OX637748.1 265000000 265500000 1801.05479
OX637748.1 265500000 266000000 1801.77554
OX637748.1 266000000 266500000 1802.0
OX637748.1 266500000 267000000 1802.55305
OX637748.1 267000000 267500000 1803.015
OX637748.1 267500000 268000000 1802.00018
OX637748.1 268000000 268500000 1801.26634
OX637748.1 268500000 269000000 1801.01072
OX637748.1 269000000 269500000 1801.01483
OX637748.1 269500000 270000000 1801.0
OX637748.1 270000000 270500000 1801.05623
OX637748.1 270500000 271000000 1801.0
OX637748.1 271000000 271500000 1801.0
OX637748.1 271500000 272000000 1801.0
OX637748.1 272000000 272500000 1801.03425
OX637748.1 272500000 273000000 1802.03699
OX637748.1 273000000 273500000 1802.0
OX637748.1 273500000 274000000 1802.04979
OX637748.1 274000000 274500000 1802.20501
OX637748.1 274500000 275000000 1803.0
OX637748.1 275000000 275500000 1803.0
OX637748.1 275500000 276000000 1803.0
OX637748.1 276000000 276500000 1803.0
OX637748.1 276500000 277000000 1803.0
OX637748.1 277000000 277500000 1803.0
OX637748.1 277500000 278000000 1803.0
OX637748.1 278000000 278500000 1803.02834
OX637748.1 278500000 279000000 1801.74378
OX637748.1 279000000 279500000 1802.04142
OX637748.1 279500000 280000000 1803.0
OX637748.1 280000000 280500000 1802.61121
OX637748.1 280500000 281000000 1801.83413
OX637748.1 281000000 281500000 1801.01438
OX637748.1 281500000 282000000 1801.02921
OX637748.1 282000000 282500000 1801.0
OX637748.1 282500000 283000000 1801.0
OX637748.1 283000000 283500000 1801.0
OX637748.1 283500000 284000000 1801.01323
OX637748.1 284000000 284500000 1801.74519
OX637748.1 284500000 285000000 1802.0
OX637748.1 285000000 285500000 1802.0
OX637748.1 285500000 286000000 1802.50009
OX637748.1 286000000 286500000 1802.97134
OX637748.1 286500000 287000000 1801.10529
OX637748.1 287000000 287500000 1801.59256
OX637748.1 287500000 288000000 1802.0204
OX637748.1 288000000 288500000 1801.51785
OX637748.1 288500000 289000000 1801.03356
OX637748.1 289000000 289500000 1799.58965
OX637748.1 289500000 290000000 1799.01977
OX637748.1 290000000 290500000 1799.68795
OX637748.1 290500000 291000000 1800.00025
OX637748.1 291000000 291500000 1800.0
OX637748.1 291500000 292000000 1800.389
OX637748.1 292000000 292500000 1800.04526
OX637748.1 292500000 293000000 1800.0
OX637748.1 293000000 293500000 1799.90219
OX637748.1 293500000 294000000 1799.0
OX637748.1 294000000 294500000 1799.43413
OX637748.1 294500000 295000000 1800.0
OX637748.1 295000000 295500000 1800.0
OX637748.1 295500000 296000000 1800.03171
OX637748.1 296000000 296500000 1800.0
OX637748.1 296500000 297000000 1800.0
OX637748.1 297000000 297500000 1800.0
OX637748.1 297500000 298000000 1800.0
OX637748.1 298000000 298500000 1800.0
OX637748.1 298500000 299000000 1800.56793
OX637748.1 299000000 299500000 1799.39019
OX637748.1 299500000 300000000 1799.0
OX637748.1 300000000 300500000 1798.6869
OX637748.1 300500000 301000000 1797.12074
OX637748.1 301000000 301500000 1797.0
OX637748.1 301500000 302000000 1796.86966
OX637748.1 302000000 302500000 1796.0
OX637748.1 302500000 303000000 1796.04988
OX637748.1 303000000 303500000 1796.0
OX637748.1 303500000 304000000 1796.02814
OX637748.1 304000000 304500000 1796.0
OX637748.1 304500000 305000000 1796.42639
OX637748.1 305000000 305500000 1797.67291
OX637748.1 305500000 306000000 1799.02288
OX637748.1 306000000 306500000 1799.02406
OX637748.1 306500000 307000000 1799.0
OX637748.1 307000000 307500000 1798.9275
OX637748.1 307500000 308000000 1798.0
OX637748.1 308000000 308500000 1798.01742
OX637748.1 308500000 309000000 1798.0
OX637748.1 309000000 309500000 1798.0
OX637748.1 309500000 310000000 1798.0
OX637748.1 310000000 310500000 1798.01342
OX637748.1 310500000 311000000 1798.08437
OX637748.1 311000000 311500000 1798.21965
OX637748.1 311500000 312000000 1799.0
OX637748.1 312000000 312500000 1799.80435
OX637748.1 312500000 313000000 1799.55849
OX637748.1 313000000 313500000 1799.03312
OX637748.1 313500000 314000000 1799.0
OX637748.1 314000000 314500000 1799.0
OX637748.1 314500000 315000000 1799.03207
OX637748.1 315000000 315500000 1798.60306
OX637748.1 315500000 316000000 1796.67643
OX637748.1 316000000 316500000 1794.00737
OX637748.1 316500000 317000000 1793.16431
OX637748.1 317000000 317500000 1792.75831
OX637748.1 317500000 318000000 1792.0
OX637748.1 318000000 318500000 1792.02901
OX637748.1 318500000 319000000 1791.31242
OX637748.1 319000000 319500000 1791.05618
OX637748.1 319500000 320000000 1790.32263
OX637748.1 320000000 320500000 1790.0
OX637748.1 320500000 321000000 1790.01672
OX637748.1 321000000 321500000 1789.72849
OX637748.1 321500000 322000000 1789.02486
OX637748.1 322000000 322500000 1789.03723
OX637748.1 322500000 323000000 1788.91293
OX637748.1 323000000 323500000 1788.0
OX637748.1 323500000 324000000 1788.0
OX637748.1 324000000 324500000 1787.40807
OX637748.1 324500000 325000000 1786.05925
OX637748.1 325000000 325500000 1786.04213
OX637748.1 325500000 326000000 1786.77534
OX637748.1 326000000 326500000 1787.3127
OX637748.1 326500000 327000000 1788.09576
OX637748.1 327000000 327500000 1789.07215
OX637748.1 327500000 328000000 1789.0
OX637748.1 328000000 328500000 1789.93459
OX637748.1 328500000 329000000 1793.13009
OX637748.1 329000000 329500000 1794.51136
OX637748.1 329500000 330000000 1794.70832
OX637748.1 330000000 330500000 1795.83867
OX637748.1 330500000 331000000 1795.50963
OX637748.1 331000000 331500000 1794.60364
OX637748.1 331500000 332000000 1793.17612
OX637748.1 332000000 332500000 1793.14628
OX637748.1 332500000 333000000 1794.08507
OX637748.1 333000000 333500000 1795.05243
OX637748.1 333500000 334000000 1795.0
OX637748.1 334000000 334500000 1795.0
OX637748.1 334500000 335000000 1795.0
OX637748.1 335000000 335500000 1795.00048
OX637748.1 335500000 336000000 1795.0
OX637748.1 336000000 336500000 1794.81354
OX637748.1 336500000 337000000 1794.12886
OX637748.1 337000000 337500000 1794.00062
OX637748.1 337500000 338000000 1794.02427
OX637748.1 338000000 338500000 1794.19157
OX637748.1 338500000 339000000 1795.0
OX637748.1 339000000 339500000 1795.02007
OX637748.1 339500000 340000000 1794.41512
OX637748.1 340000000 340500000 1794.0194
OX637748.1 340500000 341000000 1794.02528
OX637748.1 341000000 341500000 1793.76329
OX637748.1 341500000 342000000 1794.0
OX637748.1 342000000 342500000 1794.02946
OX637748.1 342500000 343000000 1794.0
OX637748.1 343000000 343500000 1792.98745
OX637748.1 343500000 344000000 1791.32484
OX637748.1 344000000 344500000 1791.07375
OX637748.1 344500000 345000000 1791.01829
OX637748.1 345000000 345500000 1791.01315
OX637748.1 345500000 346000000 1791.0
OX637748.1 346000000 346500000 1791.30404
OX637748.1 346500000 347000000 1792.01075
OX637748.1 347000000 347500000 1792.30243
OX637748.1 347500000 348000000 1792.30099
OX637748.1 348000000 348500000 1791.50781
OX637748.1 348500000 349000000 1792.02418
OX637748.1 349000000 349500000 1792.0
OX637748.1 349500000 350000000 1792.0
OX637748.1 350000000 350500000 1792.0
OX637748.1 350500000 351000000 1792.00516
OX637748.1 351000000 351500000 1792.35049
OX637748.1 351500000 352000000 1793.0
OX637748.1 352000000 352500000 1793.0
OX637748.1 352500000 353000000 1792.40783
OX637748.1 353000000 353500000 1790.90783
OX637748.1 353500000 354000000 1789.12082
OX637748.1 354000000 354500000 1788.70429
OX637748.1 354500000 355000000 1787.71465
OX637748.1 355000000 355500000 1787.0
OX637748.1 355500000 356000000 1787.0
OX637748.1 356000000 356500000 1787.0
OX637748.1 356500000 357000000 1787.0
OX637748.1 357000000 357500000 1787.0
OX637748.1 357500000 358000000 1787.0
OX637748.1 358000000 358500000 1787.0
OX637748.1 358500000 359000000 1787.0
OX637748.1 359000000 359500000 1787.0
OX637748.1 359500000 360000000 1787.0
OX637748.1 360000000 360500000 1787.0
OX637748.1 360500000 361000000 1787.0
OX637748.1 361000000 361500000 1786.01349
OX637748.1 361500000 362000000 1783.05625
OX637748.1 362000000 362500000 1782.93306
OX637748.1 362500000 363000000 1782.01979
OX637748.1 363000000 363500000 1782.0
OX637748.1 363500000 364000000 1782.03561
OX637748.1 364000000 364500000 1781.03877
OX637748.1 364500000 365000000 1780.94967
OX637748.1 365000000 365500000 1781.0
OX637748.1 365500000 366000000 1778.156
OX637748.1 366000000 366500000 1776.03761
OX637748.1 366500000 367000000 1774.61939
OX637748.1 367000000 367500000 1771.9974
OX637748.1 367500000 368000000 1769.70641
OX637748.1 368000000 368500000 1765.44793
OX637748.1 368500000 369000000 1765.32366
OX637748.1 369000000 369500000 1765.0
OX637748.1 369500000 370000000 1765.01807
OX637748.1 370000000 370500000 1765.54203
OX637748.1 370500000 371000000 1765.83444
OX637748.1 371000000 371500000 1765.89269
OX637748.1 371500000 372000000 1766.0
OX637748.1 372000000 372500000 1765.11836
OX637748.1 372500000 373000000 1765.0
OX637748.1 373000000 373500000 1764.8428
OX637748.1 373500000 374000000 1764.01055
OX637748.1 374000000 374500000 1763.29678
OX637748.1 374500000 375000000 1763.2416
OX637748.1 375000000 375500000 1763.01191
OX637748.1 375500000 376000000 1762.24911
OX637748.1 376000000 376500000 1761.28203
OX637748.1 376500000 377000000 1761.96324
OX637748.1 377000000 377500000 1761.02819
OX637748.1 377500000 378000000 1761.18677
OX637748.1 378000000 378500000 1762.94353
OX637748.1 378500000 379000000 1763.04953
OX637748.1 379000000 379500000 1762.01807
OX637748.1 379500000 380000000 1762.06484
OX637748.1 380000000 380500000 1761.32724
OX637748.1 380500000 381000000 1759.41146
OX637748.1 381000000 381500000 1759.65949
OX637748.1 381500000 382000000 1760.01173
OX637748.1 382000000 382500000 1760.0
OX637748.1 382500000 383000000 1759.52702
OX637748.1 383000000 383500000 1758.68283
OX637748.1 383500000 384000000 1758.30502
OX637748.1 384000000 384500000 1757.54048
OX637748.1 384500000 385000000 1756.37656
OX637748.1 385000000 385500000 1756.0
OX637748.1 385500000 386000000 1755.0232
OX637748.1 386000000 386500000 1755.0
OX637748.1 386500000 387000000 1755.00028
OX637748.1 387000000 387500000 1755.00747
OX637748.1 387500000 388000000 1753.78494
OX637748.1 388000000 388500000 1752.00056
OX637748.1 388500000 389000000 1752.04107
OX637748.1 389000000 389500000 1752.0
OX637748.1 389500000 390000000 1751.13938
OX637748.1 390000000 390500000 1751.0
OX637748.1 390500000 391000000 1751.16671
OX637748.1 391000000 391500000 1752.0
OX637748.1 391500000 392000000 1752.013
OX637748.1 392000000 392500000 1752.0
OX637748.1 392500000 393000000 1752.70306
OX637748.1 393000000 393500000 1752.09834
OX637748.1 393500000 394000000 1752.0
OX637748.1 394000000 394500000 1751.84854
OX637748.1 394500000 395000000 1751.0
OX637748.1 395000000 395500000 1751.01149
OX637748.1 395500000 396000000 1751.0
OX637748.1 396000000 396500000 1751.01301
OX637748.1 396500000 397000000 1751.04528
OX637748.1 397000000 397500000 1751.02404
OX637748.1 397500000 398000000 1750.94809
OX637748.1 398000000 398500000 1750.0
OX637748.1 398500000 399000000 1749.53943
OX637748.1 399000000 399500000 1748.53238
OX637748.1 399500000 400000000 1747.02759
OX637748.1 400000000 400500000 1746.13863
OX637748.1 400500000 401000000 1746.0
OX637748.1 401000000 401500000 1745.74196
OX637748.1 401500000 402000000 1744.18819
OX637748.1 402000000 402500000 1743.27227
OX637748.1 402500000 403000000 1739.40198
OX637748.1 403000000 403500000 1738.0
OX637748.1 403500000 404000000 1737.21085
OX637748.1 404000000 404500000 1736.06326
OX637748.1 404500000 405000000 1735.91132
OX637748.1 405000000 405500000 1735.0
OX637748.1 405500000 406000000 1735.0
OX637748.1 406000000 406500000 1734.79151
OX637748.1 406500000 407000000 1732.88306
OX637748.1 407000000 407500000 1731.20336
OX637748.1 407500000 408000000 1730.46131
OX637748.1 408000000 408500000 1729.0
OX637748.1 408500000 409000000 1729.0
OX637748.1 409000000 409500000 1729.0
OX637748.1 409500000 410000000 1729.0
OX637748.1 410000000 410500000 1729.0
OX637748.1 410500000 411000000 1727.14638
OX637748.1 411000000 411500000 1727.84976
OX637748.1 411500000 412000000 1726.59528
OX637748.1 412000000 412500000 1724.24841
OX637748.1 412500000 413000000 1724.0003
OX637748.1 413000000 413500000 1723.27244
OX637748.1 413500000 414000000 1723.02663
OX637748.1 414000000 414500000 1721.96706
OX637748.1 414500000 415000000 1721.24646
OX637748.1 415000000 415500000 1722.15415
OX637748.1 415500000 416000000 1722.46202
OX637748.1 416000000 416500000 1721.92472
OX637748.1 416500000 417000000 1721.0
OX637748.1 417000000 417500000 1720.7068
OX637748.1 417500000 418000000 1721.01741
OX637748.1 418000000 418500000 1720.69976
OX637748.1 418500000 419000000 1721.88588
OX637748.1 419000000 419500000 1721.17172
OX637748.1 419500000 420000000 1720.49675
OX637748.1 420000000 420500000 1720.01763
OX637748.1 420500000 421000000 1720.0
OX637748.1 421000000 421500000 1719.20631
OX637748.1 421500000 422000000 1719.02792
OX637748.1 422000000 422500000 1719.0
OX637748.1 422500000 423000000 1719.05645
OX637748.1 423000000 423500000 1720.22731
OX637748.1 423500000 424000000 1720.69636
OX637748.1 424000000 424500000 1716.60861
OX637748.1 424500000 425000000 1715.30169
OX637748.1 425000000 425500000 1714.66092
OX637748.1 425500000 426000000 1714.02762
OX637748.1 426000000 426500000 1713.49447
OX637748.1 426500000 427000000 1712.02242
OX637748.1 427000000 427500000 1712.01834
OX637748.1 427500000 428000000 1710.71213
OX637748.1 428000000 428500000 1710.0
OX637748.1 428500000 429000000 1709.09451
OX637748.1 429000000 429500000 1709.0
OX637748.1 429500000 430000000 1708.4021
OX637748.1 430000000 430500000 1708.0
OX637748.1 430500000 431000000 1708.0
OX637748.1 431000000 431500000 1707.38141
OX637748.1 431500000 432000000 1707.01664
OX637748.1 432000000 432500000 1707.0
OX637748.1 432500000 433000000 1707.02987
OX637748.1 433000000 433500000 1707.0
OX637748.1 433500000 434000000 1707.0
OX637748.1 434000000 434500000 1707.02934
OX637748.1 434500000 435000000 1706.87631
OX637748.1 435000000 435500000 1704.0856
OX637748.1 435500000 436000000 1704.03261
OX637748.1 436000000 436500000 1704.0
OX637748.1 436500000 437000000 1703.83267
OX637748.1 437000000 437500000 1703.0
OX637748.1 437500000 438000000 1702.93922
OX637748.1 438000000 438500000 1701.47876
OX637748.1 438500000 439000000 1701.0
OX637748.1 439000000 439500000 1701.04034
OX637748.1 439500000 440000000 1701.68393
OX637748.1 440000000 440500000 1702.05646
OX637748.1 440500000 441000000 1702.0
OX637748.1 441000000 441500000 1701.3582
OX637748.1 441500000 442000000 1700.95972
OX637748.1 442000000 442500000 1699.59223
OX637748.1 442500000 443000000 1699.8318
OX637748.1 443000000 443500000 1700.0352
OX637748.1 443500000 444000000 1699.31383
OX637748.1 444000000 444500000 1699.0443
OX637748.1 444500000 445000000 1699.0
OX637748.1 445000000 445500000 1699.0251
OX637748.1 445500000 446000000 1698.31267
OX637748.1 446000000 446500000 1699.01321
OX637748.1 446500000 447000000 1699.01471
OX637748.1 447000000 447500000 1698.01615
OX637748.1 447500000 448000000 1698.0
OX637748.1 448000000 448500000 1697.45286
OX637748.1 448500000 449000000 1696.25505
OX637748.1 449000000 449500000 1695.94151
OX637748.1 449500000 450000000 1694.90836
OX637748.1 450000000 450500000 1694.01997
OX637748.1 450500000 451000000 1694.0
OX637748.1 451000000 451500000 1694.0
OX637748.1 451500000 452000000 1694.02461
OX637748.1 452000000 452500000 1694.0326
OX637748.1 452500000 453000000 1694.02894
OX637748.1 453000000 453500000 1694.10092
OX637748.1 453500000 454000000 1694.80365
OX637748.1 454000000 454500000 1694.0
OX637748.1 454500000 455000000 1694.48513
OX637748.1 455000000 455500000 1694.86536
OX637748.1 455500000 456000000 1693.17993
OX637748.1 456000000 456500000 1692.94364
OX637748.1 456500000 457000000 1691.66136
OX637748.1 457000000 457500000 1690.47491
OX637748.1 457500000 458000000 1690.0
OX637748.1 458000000 458500000 1689.67499
OX637748.1 458500000 459000000 1689.0
OX637748.1 459000000 459500000 1689.40491
OX637748.1 459500000 460000000 1691.00035
OX637748.1 460000000 460500000 1691.05845
OX637748.1 460500000 461000000 1692.01303
OX637748.1 461000000 461500000 1691.10463
OX637748.1 461500000 462000000 1690.27009
OX637748.1 462000000 462500000 1689.05437
OX637748.1 462500000 463000000 1688.6983
OX637748.1 463000000 463500000 1688.05055
OX637748.1 463500000 464000000 1687.36872
OX637748.1 464000000 464500000 1687.00846
OX637748.1 464500000 465000000 1687.00314
OX637748.1 465000000 465500000 1686.75904
OX637748.1 465500000 466000000 1685.00782
OX637748.1 466000000 466500000 1684.00749
OX637748.1 466500000 467000000 1683.13696
OX637748.1 467000000 467500000 1681.23359
OX637748.1 467500000 468000000 1680.01304
OX637748.1 468000000 468500000 1679.41059
OX637748.1 468500000 469000000 1678.8872
OX637748.1 469000000 469500000 1677.42234
OX637748.1 469500000 470000000 1677.23654
OX637748.1 470000000 470500000 1677.56951
OX637748.1 470500000 471000000 1676.46393
OX637748.1 471000000 471500000 1676.23527
OX637748.1 471500000 472000000 1674.29277
OX637748.1 472000000 472500000 1673.77871
OX637748.1 472500000 473000000 1672.45544
OX637748.1 473000000 473500000 1671.44547
OX637748.1 473500000 474000000 1671.0
OX637748.1 474000000 474500000 1671.0
OX637748.1 474500000 475000000 1671.0
OX637748.1 475000000 475500000 1671.01945
OX637748.1 475500000 476000000 1670.21111
OX637748.1 476000000 476500000 1668.0831
OX637748.1 476500000 477000000 1667.41011
OX637748.1 477000000 477500000 1664.86556
OX637748.1 477500000 478000000 1663.80542
OX637748.1 478000000 478500000 1661.18809
OX637748.1 478500000 479000000 1659.67671
OX637748.1 479000000 479500000 1658.60929
OX637748.1 479500000 480000000 1657.27854
OX637748.1 480000000 480500000 1657.07136
OX637748.1 480500000 481000000 1656.81511
OX637748.1 481000000 481500000 1656.01365
OX637748.1 481500000 482000000 1655.56695
OX637748.1 482000000 482500000 1654.0043
OX637748.1 482500000 483000000 1653.33818
OX637748.1 483000000 483500000 1654.0331
OX637748.1 483500000 484000000 1653.60282
OX637748.1 484000000 484500000 1653.01919
OX637748.1 484500000 485000000 1653.00934
OX637748.1 485000000 485500000 1653.01321
OX637748.1 485500000 486000000 1652.52217
OX637748.1 486000000 486500000 1652.02785
OX637748.1 486500000 487000000 1652.0
OX637748.1 487000000 487500000 1650.10232
OX637748.1 487500000 488000000 1649.52604
OX637748.1 488000000 488500000 1649.01515
OX637748.1 488500000 489000000 1647.04891
OX637748.1 489000000 489500000 1646.63801
OX637748.1 489500000 490000000 1644.11981
OX637748.1 490000000 490500000 1642.20829
OX637748.1 490500000 491000000 1641.28836
OX637748.1 491000000 491500000 1641.07147
OX637748.1 491500000 492000000 1641.0
OX637748.1 492000000 492500000 1640.2817
OX637748.1 492500000 493000000 1639.58906
OX637748.1 493000000 493500000 1639.00894
OX637748.1 493500000 494000000 1638.00584
OX637748.1 494000000 494500000 1637.06081
OX637748.1 494500000 495000000 1637.0
OX637748.1 495000000 495500000 1637.0
OX637748.1 495500000 496000000 1637.0
OX637748.1 496000000 496500000 1637.0
OX637748.1 496500000 497000000 1637.0
OX637748.1 497000000 497500000 1637.02983
OX637748.1 497500000 498000000 1633.44664
OX637748.1 498000000 498500000 1632.01318
OX637748.1 498500000 499000000 1630.3844
OX637748.1 499000000 499500000 1628.80106
OX637748.1 499500000 500000000 1628.03314
OX637748.1 500000000 500500000 1628.0113
OX637748.1 500500000 501000000 1627.05528
OX637748.1 501000000 501500000 1626.90991
OX637748.1 501500000 502000000 1627.0
OX637748.1 502000000 502500000 1626.46909
OX637748.1 502500000 503000000 1625.22322
OX637748.1 503000000 503500000 1623.91707
OX637748.1 503500000 504000000 1621.61711
OX637748.1 504000000 504500000 1621.02489
OX637748.1 504500000 505000000 1620.27648
OX637748.1 505000000 505500000 1620.0
OX637748.1 505500000 506000000 1619.85801
OX637748.1 506000000 506500000 1618.01296
OX637748.1 506500000 507000000 1617.17947
OX637748.1 507000000 507500000 1617.01551
OX637748.1 507500000 508000000 1616.04832
OX637748.1 508000000 508500000 1613.44027
OX637748.1 508500000 509000000 1611.52597
OX637748.1 509000000 509500000 1611.06015
OX637748.1 509500000 510000000 1611.0
OX637748.1 510000000 510500000 1610.14495
OX637748.1 510500000 511000000 1609.70797
OX637748.1 511000000 511500000 1609.0
OX637748.1 511500000 512000000 1608.87477
OX637748.1 512000000 512500000 1608.02746
OX637748.1 512500000 513000000 1608.03263
OX637748.1 513000000 513500000 1608.0
OX637748.1 513500000 514000000 1608.00961
OX637748.1 514000000 514500000 1608.02824
OX637748.1 514500000 515000000 1603.25951
OX637748.1 515000000 515500000 1597.46886
OX637748.1 515500000 516000000 1594.60054
OX637748.1 516000000 516500000 1592.33271
OX637748.1 516500000 517000000 1588.44124
OX637748.1 517000000 517500000 1586.84438
OX637748.1 517500000 518000000 1584.00228
OX637748.1 518000000 518500000 1581.38007
OX637748.1 518500000 519000000 1579.38987
OX637748.1 519000000 519500000 1579.0
OX637748.1 519500000 520000000 1578.85549
OX637748.1 520000000 520500000 1576.19359
OX637748.1 520500000 521000000 1574.48699
OX637748.1 521000000 521500000 1572.5969
OX637748.1 521500000 522000000 1571.74998
OX637748.1 522000000 522500000 1569.25654
OX637748.1 522500000 523000000 1568.69075
OX637748.1 523000000 523500000 1566.52898
OX637748.1 523500000 524000000 1565.52445
OX637748.1 524000000 524500000 1565.00911
OX637748.1 524500000 525000000 1565.46679
OX637748.1 525000000 525500000 1565.2967
OX637748.1 525500000 526000000 1564.36475
OX637748.1 526000000 526500000 1564.02297
OX637748.1 526500000 527000000 1563.28796
OX637748.1 527000000 527500000 1562.73212
OX637748.1 527500000 528000000 1562.27551
OX637748.1 528000000 528500000 1560.16689
OX637748.1 528500000 529000000 1559.03202
OX637748.1 529000000 529500000 1558.31746
OX637748.1 529500000 530000000 1555.58989
OX637748.1 530000000 530500000 1554.046
OX637748.1 530500000 531000000 1551.23234
OX637748.1 531000000 531500000 1548.90045
OX637748.1 531500000 532000000 1546.80382
OX637748.1 532000000 532500000 1543.87093
OX637748.1 532500000 533000000 1543.99471
OX637748.1 533000000 533500000 1541.58306
OX637748.1 533500000 534000000 1539.88922
OX637748.1 534000000 534500000 1536.40667
OX637748.1 534500000 535000000 1533.18511
OX637748.1 535000000 535500000 1529.83695
OX637748.1 535500000 536000000 1528.41394
OX637748.1 536000000 536500000 1529.78408
OX637748.1 536500000 537000000 1527.6459
OX637748.1 537000000 537500000 1526.31409
OX637748.1 537500000 538000000 1524.84083
OX637748.1 538000000 538500000 1523.28901
OX637748.1 538500000 539000000 1520.7958
OX637748.1 539000000 539500000 1518.12401
OX637748.1 539500000 540000000 1514.79708
OX637748.1 540000000 540500000 1513.0003
OX637748.1 540500000 541000000 1513.0
OX637748.1 541000000 541500000 1512.68091
OX637748.1 541500000 542000000 1512.0
OX637748.1 542000000 542500000 1512.0
OX637748.1 542500000 543000000 1512.04476
OX637748.1 543000000 543500000 1509.25337
OX637748.1 543500000 544000000 1504.57925
OX637748.1 544000000 544500000 1502.05671
OX637748.1 544500000 545000000 1502.02836
OX637748.1 545000000 545500000 1501.27839
OX637748.1 545500000 546000000 1498.68124
OX637748.1 546000000 546500000 1498.06069
OX637748.1 546500000 547000000 1498.05809
OX637748.1 547000000 547500000 1497.20222
OX637748.1 547500000 548000000 1497.01319
OX637748.1 548000000 548500000 1496.58378
OX637748.1 548500000 549000000 1494.68074
OX637748.1 549000000 549500000 1492.16851
OX637748.1 549500000 550000000 1492.0
OX637748.1 550000000 550500000 1491.36984
OX637748.1 550500000 551000000 1489.7651
OX637748.1 551000000 551500000 1491.65049
OX637748.1 551500000 552000000 1489.75474
OX637748.1 552000000 552500000 1487.97559
OX637748.1 552500000 553000000 1485.1048
OX637748.1 553000000 553500000 1484.44698
OX637748.1 553500000 554000000 1484.4096
OX637748.1 554000000 554500000 1483.0
OX637748.1 554500000 555000000 1483.0
OX637748.1 555000000 555500000 1483.0623
OX637748.1 555500000 556000000 1482.23212
OX637748.1 556000000 556500000 1481.61248
OX637748.1 556500000 557000000 1480.78944
OX637748.1 557000000 557500000 1479.41387
OX637748.1 557500000 558000000 1477.75689
OX637748.1 558000000 558500000 1477.0
OX637748.1 558500000 559000000 1473.50207
OX637748.1 559000000 559500000 1470.76896
OX637748.1 559500000 560000000 1469.04148
OX637748.1 560000000 560500000 1467.7558
OX637748.1 560500000 561000000 1464.53882
OX637748.1 561000000 561500000 1462.21245
OX637748.1 561500000 562000000 1459.46292
OX637748.1 562000000 562500000 1454.68909
OX637748.1 562500000 563000000 1450.26231
OX637748.1 563000000 563500000 1449.01693
OX637748.1 563500000 564000000 1446.98235
OX637748.1 564000000 564500000 1445.45027
OX637748.1 564500000 565000000 1442.64413
OX637748.1 565000000 565500000 1441.05354
OX637748.1 565500000 566000000 1439.07364
OX637748.1 566000000 566500000 1436.13193
OX637748.1 566500000 567000000 1434.3331
OX637748.1 567000000 567500000 1432.50219
OX637748.1 567500000 568000000 1430.05091
OX637748.1 568000000 568500000 1427.38147
OX637748.1 568500000 569000000 1422.74035
OX637748.1 569000000 569500000 1421.16509
OX637748.1 569500000 570000000 1417.35261
OX637748.1 570000000 570500000 1414.20705
OX637748.1 570500000 571000000 1409.03573
OX637748.1 571000000 571500000 1402.54933
OX637748.1 571500000 572000000 1399.7548
OX637748.1 572000000 572500000 1397.76006
OX637748.1 572500000 573000000 1394.02796
OX637748.1 573000000 573500000 1390.9552
OX637748.1 573500000 574000000 1388.06801
OX637748.1 574000000 574500000 1381.17399
OX637748.1 574500000 575000000 1377.39596
OX637748.1 575000000 575500000 1375.68202
OX637748.1 575500000 576000000 1371.77476
OX637748.1 576000000 576500000 1365.68093
OX637748.1 576500000 577000000 1363.14772
OX637748.1 577000000 577500000 1359.08473
OX637748.1 577500000 578000000 1357.66001
OX637748.1 578000000 578500000 1355.00439
OX637748.1 578500000 579000000 1354.0
OX637748.1 579000000 579500000 1351.40603
OX637748.1 579500000 580000000 1349.71999
OX637748.1 580000000 580500000 1346.85661
OX637748.1 580500000 581000000 1344.30791
OX637748.1 581000000 581500000 1338.84333
OX637748.1 581500000 582000000 1335.94624
OX637748.1 582000000 582500000 1331.51393
OX637748.1 582500000 583000000 1328.4167
OX637748.1 583000000 583500000 1325.97027
OX637748.1 583500000 584000000 1320.28914
OX637748.1 584000000 584500000 1317.47571
OX637748.1 584500000 585000000 1311.85629
OX637748.1 585000000 585500000 1304.28828
OX637748.1 585500000 586000000 1301.74654
OX637748.1 586000000 586500000 1299.04571
OX637748.1 586500000 587000000 1295.1519
OX637748.1 587000000 587500000 1294.73812
OX637748.1 587500000 588000000 1292.32396
OX637748.1 588000000 588500000 1285.83058
OX637748.1 588500000 589000000 1280.15487
OX637748.1 589000000 589500000 1278.05157
OX637748.1 589500000 590000000 1271.78046
OX637748.1 590000000 590500000 1266.50051
OX637748.1 590500000 591000000 1263.07375
OX637748.1 591000000 591500000 1258.66129
OX637748.1 591500000 592000000 1254.66596
OX637748.1 592000000 592500000 1251.11915
OX637748.1 592500000 593000000 1248.6514
OX637748.1 593000000 593500000 1245.4202
OX637748.1 593500000 594000000 1241.72086
OX637748.1 594000000 594500000 1238.41977
OX637748.1 594500000 595000000 1235.44761
OX637748.1 595000000 595500000 1233.3235
OX637748.1 595500000 596000000 1227.78352
OX637748.1 596000000 596500000 1223.02834
OX637748.1 596500000 597000000 1221.80542
OX637748.1 597000000 597500000 1218.9593
OX637748.1 597500000 598000000 1213.0425
OX637748.1 598000000 598500000 1209.84296
OX637748.1 598500000 599000000 1203.12471
OX637748.1 599000000 599500000 1196.53712
OX637748.1 599500000 600000000 1193.13164
OX637748.1 600000000 600500000 1189.60068
OX637748.1 600500000 601000000 1183.85741
OX637748.1 601000000 601500000 1173.80275
OX637748.1 601500000 602000000 1167.86405
OX637748.1 602000000 602500000 1160.95285
OX637748.1 602500000 603000000 1155.2824
OX637748.1 603000000 603500000 1149.03926
OX637748.1 603500000 604000000 1142.76846
OX637748.1 604000000 604500000 1134.43232
OX637748.1 604500000 605000000 1129.67782
OX637748.1 605000000 605500000 1127.80503
OX637748.1 605500000 606000000 1124.17841
OX637748.1 606000000 606500000 1115.54637
OX637748.1 606500000 607000000 1111.59491
OX637748.1 607000000 607500000 1105.10933
OX637748.1 607500000 608000000 1101.75418
OX637748.1 608000000 608500000 1095.31785
OX637748.1 608500000 609000000 1086.11948
OX637748.1 609000000 609500000 1075.89001
OX637748.1 609500000 610000000 1069.00401
OX637748.1 610000000 610500000 1064.32501
OX637748.1 610500000 611000000 1055.26048
OX637748.1 611000000 611500000 1044.09858
OX637748.1 611500000 612000000 1037.21752
OX637748.1 612000000 612500000 1021.54124
OX637748.1 612500000 613000000 1011.06828
OX637748.1 613000000 613500000 1000.20585
OX637748.1 613500000 614000000 983.68587
OX637748.1 614000000 614500000 968.25518
OX637748.1 614500000 615000000 951.85651
OX637748.1 615000000 615500000 941.31891
OX637748.1 615500000 616000000 930.52985
OX637748.1 616000000 616500000 923.4839
OX637748.1 616500000 617000000 913.78866
OX637748.1 617000000 617500000 907.74586
OX637748.1 617500000 618000000 901.36584
OX637748.1 618000000 618500000 892.56651
OX637748.1 618500000 619000000 884.05548
OX637748.1 619000000 619500000 873.44207
OX637748.1 619500000 620000000 861.24961
OX637748.1 620000000 620500000 849.22053
OX637748.1 620500000 621000000 838.80571
OX637748.1 621000000 621500000 829.25504
OX637748.1 621500000 622000000 806.1326
OX637748.1 622000000 622500000 783.39394
OX637748.1 622500000 623000000 764.69537
OX637748.1 623000000 623500000 743.1468
OX637748.1 623500000 624000000 730.30279
OX637748.1 624000000 624500000 722.26622
OX637748.1 624500000 625000000 708.33879
OX637748.1 625000000 625500000 688.00871
OX637748.1 625500000 626000000 670.87337
OX637748.1 626000000 626500000 656.75706
OX637748.1 626500000 627000000 631.60509
OX637748.1 627000000 627500000 599.26158
OX637748.1 627500000 628000000 564.46083
OX637748.1 628000000 628500000 541.57103
OX637748.1 628500000 629000000 511.4516
OX637748.1 629000000 629500000 480.84019
OX637748.1 629500000 630000000 446.35878
OX637748.1 630000000 630500000 412.91585
OX637748.1 630500000 631000000 367.97345
OX637748.1 631000000 631500000 325.75436
OX637748.1 631500000 632000000 278.24685
OX637748.1 632000000 632500000 206.67075
OX637748.1 632500000 633000000 175.0
OX637748.1 633000000 633500000 175.0
OX637748.1 633500000 634000000 175.0
OX637748.1 634000000 634500000 171.93614
OX637748.1 634500000 635000000 135.89205
OX637748.1 635000000 635500000 47.72859
OX637748.1 635500000 635500123 0.0
OX637755.1 0 500000 37.82298
OX637755.1 500000 1000000 138.51313
OX637755.1 1000000 1500000 208.28786
OX637755.1 1500000 2000000 282.05977
OX637755.1 2000000 2500000 326.12367
OX637755.1 2500000 3000000 366.82141
OX637755.1 3000000 3500000 407.36097
OX637755.1 3500000 4000000 452.57536
OX637755.1 4000000 4500000 496.81233
OX637755.1 4500000 5000000 526.31494
OX637755.1 5000000 5500000 553.21209
OX637755.1 5500000 6000000 585.59882
OX637755.1 6000000 6500000 617.29498
OX637755.1 6500000 7000000 649.02217
OX637755.1 7000000 7500000 668.95629
OX637755.1 7500000 8000000 695.1986
OX637755.1 8000000 8500000 719.42073
OX637755.1 8500000 9000000 751.89645
OX637755.1 9000000 9500000 774.53366
OX637755.1 9500000 10000000 786.16797
OX637755.1 10000000 10500000 802.54631
OX637755.1 10500000 11000000 819.70447
OX637755.1 11000000 11500000 839.60558
OX637755.1 11500000 12000000 855.8907
OX637755.1 12000000 12500000 869.00451
OX637755.1 12500000 13000000 883.08847
OX637755.1 13000000 13500000 894.22105
OX637755.1 13500000 14000000 914.24877
OX637755.1 14000000 14500000 926.50107
OX637755.1 14500000 15000000 936.99679
OX637755.1 15000000 15500000 947.09114
OX637755.1 15500000 16000000 961.21963
OX637755.1 16000000 16500000 967.70634
OX637755.1 16500000 17000000 978.17432
OX637755.1 17000000 17500000 992.59608
OX637755.1 17500000 18000000 1001.15414
OX637755.1 18000000 18500000 1013.37706
OX637755.1 18500000 19000000 1021.43164
OX637755.1 19000000 19500000 1039.4734
OX637755.1 19500000 20000000 1048.92288
OX637755.1 20000000 20500000 1057.87521
OX637755.1 20500000 21000000 1063.92687
OX637755.1 21000000 21500000 1069.17608
OX637755.1 21500000 22000000 1075.30784
OX637755.1 22000000 22500000 1083.55055
OX637755.1 22500000 23000000 1088.22996
OX637755.1 23000000 23500000 1097.53939
OX637755.1 23500000 24000000 1105.89542
OX637755.1 24000000 24500000 1114.02712
OX637755.1 24500000 25000000 1122.83545
OX637755.1 25000000 25500000 1130.20517
OX637755.1 25500000 26000000 1135.3588
OX637755.1 26000000 26500000 1143.51669
OX637755.1 26500000 27000000 1150.78033
OX637755.1 27000000 27500000 1155.38639
OX637755.1 27500000 28000000 1164.01668
OX637755.1 28000000 28500000 1175.87717
OX637755.1 28500000 29000000 1185.7203
OX637755.1 29000000 29500000 1196.4989
OX637755.1 29500000 30000000 1204.80287
OX637755.1 30000000 30500000 1212.42003
OX637755.1 30500000 31000000 1217.45588
OX637755.1 31000000 31500000 1225.0249
OX637755.1 31500000 32000000 1236.21498
OX637755.1 32000000 32500000 1240.57836
OX637755.1 32500000 33000000 1243.46515
OX637755.1 33000000 33500000 1246.38317
OX637755.1 33500000 34000000 1252.33781
OX637755.1 34000000 34500000 1254.2462
OX637755.1 34500000 35000000 1261.51536
OX637755.1 35000000 35500000 1262.0
OX637755.1 35500000 36000000 1264.56748
OX637755.1 36000000 36500000 1271.18634
OX637755.1 36500000 37000000 1275.94809
OX637755.1 37000000 37500000 1281.11007
OX637755.1 37500000 38000000 1286.46163
OX637755.1 38000000 38500000 1290.02698
OX637755.1 38500000 39000000 1294.26486
OX637755.1 39000000 39500000 1303.10673
OX637755.1 39500000 40000000 1309.62408
OX637755.1 40000000 40500000 1310.0
OX637755.1 40500000 41000000 1313.1013
OX637755.1 41000000 41500000 1319.1135
OX637755.1 41500000 42000000 1329.50057
OX637755.1 42000000 42500000 1332.85003
OX637755.1 42500000 43000000 1336.13553
OX637755.1 43000000 43500000 1342.25955
OX637755.1 43500000 44000000 1351.05363
OX637755.1 44000000 44500000 1354.68682
OX637755.1 44500000 45000000 1359.95379
OX637755.1 45000000 45500000 1365.22144
OX637755.1 45500000 46000000 1370.56278
OX637755.1 46000000 46500000 1375.50588
OX637755.1 46500000 47000000 1379.76418
OX637755.1 47000000 47500000 1384.16203
OX637755.1 47500000 48000000 1386.81244
OX637755.1 48000000 48500000 1391.76516
OX637755.1 48500000 49000000 1394.62382
OX637755.1 49000000 49500000 1396.88505
OX637755.1 49500000 50000000 1398.5691
OX637755.1 50000000 50500000 1402.02023
OX637755.1 50500000 51000000 1404.87767
OX637755.1 51000000 51500000 1408.43045
OX637755.1 51500000 52000000 1409.26396
OX637755.1 52000000 52500000 1413.96393
OX637755.1 52500000 53000000 1417.49829
OX637755.1 53000000 53500000 1420.4265
OX637755.1 53500000 54000000 1423.58965
OX637755.1 54000000 54500000 1426.92316
OX637755.1 54500000 55000000 1428.57994
OX637755.1 55000000 55500000 1431.4313
OX637755.1 55500000 56000000 1434.34965
OX637755.1 56000000 56500000 1437.98939
OX637755.1 56500000 57000000 1441.92285
OX637755.1 57000000 57500000 1446.19357
OX637755.1 57500000 58000000 1450.24373
OX637755.1 58000000 58500000 1454.49825
OX637755.1 58500000 59000000 1460.84156
OX637755.1 59000000 59500000 1462.8959
OX637755.1 59500000 60000000 1466.54772
OX637755.1 60000000 60500000 1473.90441
OX637755.1 60500000 61000000 1474.58528
OX637755.1 61000000 61500000 1480.35852
OX637755.1 61500000 62000000 1482.23724
OX637755.1 62000000 62500000 1485.90576
OX637755.1 62500000 63000000 1490.39375
OX637755.1 63000000 63500000 1492.01822
OX637755.1 63500000 64000000 1494.65445
OX637755.1 64000000 64500000 1496.02557
OX637755.1 64500000 65000000 1497.21159
OX637755.1 65000000 65500000 1499.47642
OX637755.1 65500000 66000000 1501.39462
OX637755.1 66000000 66500000 1503.82146
OX637755.1 66500000 67000000 1505.76804
OX637755.1 67000000 67500000 1507.85341
OX637755.1 67500000 68000000 1514.96872
OX637755.1 68000000 68500000 1519.62366
OX637755.1 68500000 69000000 1523.76095
OX637755.1 69000000 69500000 1527.88039
OX637755.1 69500000 70000000 1531.47171
OX637755.1 70000000 70500000 1537.98616
OX637755.1 70500000 71000000 1547.23879
OX637755.1 71000000 71500000 1549.3174
OX637755.1 71500000 72000000 1552.69726
OX637755.1 72000000 72500000 1556.26691
OX637755.1 72500000 73000000 1558.00039
OX637755.1 73000000 73500000 1558.91666
OX637755.1 73500000 74000000 1561.10989
OX637755.1 74000000 74500000 1563.92092
OX637755.1 74500000 75000000 1564.75353
OX637755.1 75000000 75500000 1569.68272
OX637755.1 75500000 76000000 1573.86714
OX637755.1 76000000 76500000 1575.85918
OX637755.1 76500000 77000000 1576.4023
OX637755.1 77000000 77500000 1578.69846
OX637755.1 77500000 78000000 1583.03139
OX637755.1 78000000 78500000 1585.94669
OX637755.1 78500000 79000000 1586.98402
OX637755.1 79000000 79500000 1587.88562
OX637755.1 79500000 80000000 1589.33394
OX637755.1 80000000 80500000 1590.98252
OX637755.1 80500000 81000000 1594.21604
OX637755.1 81000000 81500000 1598.05345
OX637755.1 81500000 82000000 1600.54971
OX637755.1 82000000 82500000 1603.534
OX637755.1 82500000 83000000 1604.87748
OX637755.1 83000000 83500000 1605.68554
OX637755.1 83500000 84000000 1606.8946
OX637755.1 84000000 84500000 1609.25585
OX637755.1 84500000 85000000 1611.72074
OX637755.1 85000000 85500000 1614.00688
OX637755.1 85500000 86000000 1614.77466
OX637755.1 86000000 86500000 1615.08228
OX637755.1 86500000 87000000 1616.27003
OX637755.1 87000000 87500000 1618.16294
OX637755.1 87500000 88000000 1621.89794
OX637755.1 88000000 88500000 1622.33451
OX637755.1 88500000 89000000 1625.06163
OX637755.1 89000000 89500000 1628.72279
OX637755.1 89500000 90000000 1629.13881
OX637755.1 90000000 90500000 1631.34029
OX637755.1 90500000 91000000 1633.94412
OX637755.1 91000000 91500000 1635.2907
OX637755.1 91500000 92000000 1638.0516
OX637755.1 92000000 92500000 1640.90029
OX637755.1 92500000 93000000 1642.08406
OX637755.1 93000000 93500000 1644.59596
OX637755.1 93500000 94000000 1645.56429
OX637755.1 94000000 94500000 1646.39874
OX637755.1 94500000 95000000 1648.11271
OX637755.1 95000000 95500000 1653.95404
OX637755.1 95500000 96000000 1657.02914
OX637755.1 96000000 96500000 1658.09707
OX637755.1 96500000 97000000 1660.81212
OX637755.1 97000000 97500000 1661.83229
OX637755.1 97500000 98000000 1662.3417
OX637755.1 98000000 98500000 1663.0
OX637755.1 98500000 99000000 1663.0
OX637755.1 99000000 99500000 1664.16136
OX637755.1 99500000 100000000 1665.11459
OX637755.1 100000000 100500000 1666.08951
OX637755.1 100500000 101000000 1667.53547
OX637755.1 101000000 101500000 1668.42844
OX637755.1 101500000 102000000 1669.51125
OX637755.1 102000000 102500000 1669.91377
OX637755.1 102500000 103000000 1668.42722
OX637755.1 103000000 103500000 1669.61857
OX637755.1 103500000 104000000 1672.75818
OX637755.1 104000000 104500000 1674.11834
OX637755.1 104500000 105000000 1676.03259
OX637755.1 105000000 105500000 1677.06247
OX637755.1 105500000 106000000 1678.59781
OX637755.1 106000000 106500000 1678.1515
OX637755.1 106500000 107000000 1678.51238
OX637755.1 107000000 107500000 1679.84413
OX637755.1 107500000 108000000 1680.7246
OX637755.1 108000000 108500000 1681.60167
OX637755.1 108500000 109000000 1682.45362
OX637755.1 109000000 109500000 1684.02404
OX637755.1 109500000 110000000 1684.38075
OX637755.1 110000000 110500000 1685.73007
OX637755.1 110500000 111000000 1686.96361
OX637755.1 111000000 111500000 1687.0
OX637755.1 111500000 112000000 1687.01718
OX637755.1 112000000 112500000 1688.16806
OX637755.1 112500000 113000000 1688.68572
OX637755.1 113000000 113500000 1688.0
OX637755.1 113500000 114000000 1688.90251
OX637755.1 114000000 114500000 1689.58262
OX637755.1 114500000 115000000 1692.01368
OX637755.1 115000000 115500000 1691.88723
OX637755.1 115500000 116000000 1693.54148
OX637755.1 116000000 116500000 1695.92514
OX637755.1 116500000 117000000 1696.3845
OX637755.1 117000000 117500000 1696.01698
OX637755.1 117500000 118000000 1696.63972
OX637755.1 118000000 118500000 1697.62638
OX637755.1 118500000 119000000 1699.15814
OX637755.1 119000000 119500000 1702.65963
OX637755.1 119500000 120000000 1707.28515
OX637755.1 120000000 120500000 1708.9852
OX637755.1 120500000 121000000 1708.6253
OX637755.1 121000000 121500000 1710.05628
OX637755.1 121500000 122000000 1713.80861
OX637755.1 122000000 122500000 1716.02539
OX637755.1 122500000 123000000 1716.0
OX637755.1 123000000 123500000 1717.8158
OX637755.1 123500000 124000000 1719.01437
OX637755.1 124000000 124500000 1720.0
OX637755.1 124500000 125000000 1721.3114
OX637755.1 125000000 125500000 1723.75901
OX637755.1 125500000 126000000 1724.09559
OX637755.1 126000000 126500000 1725.05065
OX637755.1 126500000 127000000 1725.0
OX637755.1 127000000 127500000 1727.23541
OX637755.1 127500000 128000000 1728.0
OX637755.1 128000000 128500000 1728.61248
OX637755.1 128500000 129000000 1731.67275
OX637755.1 129000000 129500000 1733.62542
OX637755.1 129500000 130000000 1733.20783
OX637755.1 130000000 130500000 1733.55507
OX637755.1 130500000 131000000 1733.45267
OX637755.1 131000000 131500000 1732.7429
OX637755.1 131500000 132000000 1734.85295
OX637755.1 132000000 132500000 1737.62591
OX637755.1 132500000 133000000 1739.0008
OX637755.1 133000000 133500000 1740.34377
OX637755.1 133500000 134000000 1742.22663
OX637755.1 134000000 134500000 1744.25019
OX637755.1 134500000 135000000 1744.13616
OX637755.1 135000000 135500000 1744.02522
OX637755.1 135500000 136000000 1744.74842
OX637755.1 136000000 136500000 1746.0
OX637755.1 136500000 137000000 1746.01339
OX637755.1 137000000 137500000 1746.6602
OX637755.1 137500000 138000000 1747.3365
OX637755.1 138000000 138500000 1747.08169
OX637755.1 138500000 139000000 1747.97099
OX637755.1 139000000 139500000 1748.01656
OX637755.1 139500000 140000000 1748.45335
OX637755.1 140000000 140500000 1750.29965
OX637755.1 140500000 141000000 1751.85133
OX637755.1 141000000 141500000 1753.82664
OX637755.1 141500000 142000000 1755.58985
OX637755.1 142000000 142500000 1757.02853
OX637755.1 142500000 143000000 1757.48168
OX637755.1 143000000 143500000 1758.01091
OX637755.1 143500000 144000000 1758.30998
OX637755.1 144000000 144500000 1759.04173
OX637755.1 144500000 145000000 1756.62089
OX637755.1 145000000 145500000 1756.01091
OX637755.1 145500000 146000000 1756.04044
OX637755.1 146000000 146500000 1756.28697
OX637755.1 146500000 147000000 1757.58595
OX637755.1 147000000 147500000 1760.99488
OX637755.1 147500000 148000000 1763.57866
OX637755.1 148000000 148500000 1764.76648
OX637755.1 148500000 149000000 1765.02535
OX637755.1 149000000 149500000 1765.32077
OX637755.1 149500000 150000000 1766.01478
OX637755.1 150000000 150500000 1766.73838
OX637755.1 150500000 151000000 1766.0
OX637755.1 151000000 151500000 1766.1338
OX637755.1 151500000 152000000 1766.02307
OX637755.1 152000000 152500000 1766.89332
OX637755.1 152500000 153000000 1767.47827
OX637755.1 153000000 153500000 1768.30532
OX637755.1 153500000 154000000 1769.94016
OX637755.1 154000000 154500000 1771.16199
OX637755.1 154500000 155000000 1772.03284
OX637755.1 155000000 155500000 1772.0
OX637755.1 155500000 156000000 1772.32223
OX637755.1 156000000 156500000 1773.18485
OX637755.1 156500000 157000000 1774.28923
OX637755.1 157000000 157500000 1775.03023
OX637755.1 157500000 158000000 1775.83429
OX637755.1 158000000 158500000 1777.45461
OX637755.1 158500000 159000000 1777.86964
OX637755.1 159000000 159500000 1777.01089
OX637755.1 159500000 160000000 1777.89774
OX637755.1 160000000 160500000 1777.56653
OX637755.1 160500000 161000000 1777.0
OX637755.1 161000000 161500000 1777.0
OX637755.1 161500000 162000000 1777.0
OX637755.1 162000000 162500000 1776.55795
OX637755.1 162500000 163000000 1776.87459
OX637755.1 163000000 163500000 1778.0
OX637755.1 163500000 164000000 1778.0
OX637755.1 164000000 164500000 1778.0
OX637755.1 164500000 165000000 1777.5854
OX637755.1 165000000 165500000 1778.02423
OX637755.1 165500000 166000000 1778.79523
OX637755.1 166000000 166500000 1779.6801
OX637755.1 166500000 167000000 1780.02295
OX637755.1 167000000 167500000 1780.02401
OX637755.1 167500000 168000000 1780.0
OX637755.1 168000000 168500000 1780.0
OX637755.1 168500000 169000000 1780.99982
OX637755.1 169000000 169500000 1783.19799
OX637755.1 169500000 170000000 1784.0
OX637755.1 170000000 170500000 1783.77613
OX637755.1 170500000 171000000 1783.94374
OX637755.1 171000000 171500000 1785.01662
OX637755.1 171500000 172000000 1785.10883
OX637755.1 172000000 172500000 1785.82361
OX637755.1 172500000 173000000 1785.10151
OX637755.1 173000000 173500000 1785.28659
OX637755.1 173500000 174000000 1786.28445
OX637755.1 174000000 174500000 1787.03815
OX637755.1 174500000 175000000 1788.09917
OX637755.1 175000000 175500000 1790.40023
OX637755.1 175500000 176000000 1791.19721
OX637755.1 176000000 176500000 1792.06008
OX637755.1 176500000 177000000 1791.69565
OX637755.1 177000000 177500000 1791.0148
OX637755.1 177500000 178000000 1791.10142
OX637755.1 178000000 178500000 1792.77958
OX637755.1 178500000 179000000 1793.93994
OX637755.1 179000000 179500000 1795.01663
OX637755.1 179500000 180000000 1796.11291
OX637755.1 180000000 180500000 1797.88798
OX637755.1 180500000 181000000 1800.7203
OX637755.1 181000000 181500000 1801.86158
OX637755.1 181500000 182000000 1802.90677
OX637755.1 182000000 182500000 1802.86476
OX637755.1 182500000 183000000 1803.80602
OX637755.1 183000000 183500000 1803.01774
OX637755.1 183500000 184000000 1803.85145
OX637755.1 184000000 184500000 1806.6435
OX637755.1 184500000 185000000 1807.82819
OX637755.1 185000000 185500000 1809.67734
OX637755.1 185500000 186000000 1808.31794
OX637755.1 186000000 186500000 1808.0
OX637755.1 186500000 187000000 1808.04938
OX637755.1 187000000 187500000 1807.207
OX637755.1 187500000 188000000 1808.47449
OX637755.1 188000000 188500000 1811.2931
OX637755.1 188500000 189000000 1812.0404
OX637755.1 189000000 189500000 1813.58854
OX637755.1 189500000 190000000 1814.18687
OX637755.1 190000000 190500000 1816.22802
OX637755.1 190500000 191000000 1817.26291
OX637755.1 191000000 191500000 1816.88195
OX637755.1 191500000 192000000 1817.23949
OX637755.1 192000000 192500000 1818.0568
OX637755.1 192500000 193000000 1818.10078
OX637755.1 193000000 193500000 1818.06444
OX637755.1 193500000 194000000 1818.55196
OX637755.1 194000000 194500000 1818.46002
OX637755.1 194500000 195000000 1819.08381
OX637755.1 195000000 195500000 1817.48652
OX637755.1 195500000 196000000 1818.72625
OX637755.1 196000000 196500000 1817.02363
OX637755.1 196500000 197000000 1818.61123
OX637755.1 197000000 197500000 1820.54725
OX637755.1 197500000 198000000 1821.01485
OX637755.1 198000000 198500000 1822.46586
OX637755.1 198500000 199000000 1824.02831
OX637755.1 199000000 199500000 1824.0
OX637755.1 199500000 200000000 1823.31483
OX637755.1 200000000 200500000 1822.34811
OX637755.1 200500000 201000000 1822.0163
OX637755.1 201000000 201500000 1822.0
OX637755.1 201500000 202000000 1822.0
OX637755.1 202000000 202500000 1822.66684
OX637755.1 202500000 203000000 1822.88892
OX637755.1 203000000 203500000 1822.04821
OX637755.1 203500000 204000000 1821.42834
OX637755.1 204000000 204500000 1822.19363
OX637755.1 204500000 205000000 1824.37555
OX637755.1 205000000 205500000 1824.81851
OX637755.1 205500000 206000000 1824.01368
OX637755.1 206000000 206500000 1824.03383
OX637755.1 206500000 207000000 1823.941
OX637755.1 207000000 207500000 1823.0
OX637755.1 207500000 208000000 1822.36986
OX637755.1 208000000 208500000 1821.54417
OX637755.1 208500000 209000000 1821.62932
OX637755.1 209000000 209500000 1821.05029
OX637755.1 209500000 210000000 1820.64623
OX637755.1 210000000 210500000 1819.85836
OX637755.1 210500000 211000000 1819.48873
OX637755.1 211000000 211500000 1819.3365
OX637755.1 211500000 212000000 1820.0
OX637755.1 212000000 212500000 1820.01888
OX637755.1 212500000 213000000 1820.99785
OX637755.1 213000000 213500000 1822.00329
OX637755.1 213500000 214000000 1822.08502
OX637755.1 214000000 214500000 1823.00638
OX637755.1 214500000 215000000 1823.0
OX637755.1 215000000 215500000 1823.47786
OX637755.1 215500000 216000000 1824.19708
OX637755.1 216000000 216500000 1824.47065
OX637755.1 216500000 217000000 1824.23881
OX637755.1 217000000 217500000 1824.10409
OX637755.1 217500000 218000000 1824.01368
OX637755.1 218000000 218500000 1823.34215
OX637755.1 218500000 219000000 1823.42804
OX637755.1 219000000 219500000 1823.22509
OX637755.1 219500000 220000000 1823.00979
OX637755.1 220000000 220500000 1823.32166
OX637755.1 220500000 221000000 1822.39737
OX637755.1 221000000 221500000 1820.82393
OX637755.1 221500000 222000000 1819.62823
OX637755.1 222000000 222500000 1819.27258
OX637755.1 222500000 223000000 1818.45389
OX637755.1 223000000 223500000 1817.25285
OX637755.1 223500000 224000000 1817.3693
OX637755.1 224000000 224500000 1817.0
OX637755.1 224500000 225000000 1815.33368
OX637755.1 225000000 225500000 1814.02349
OX637755.1 225500000 226000000 1814.04208
OX637755.1 226000000 226500000 1813.76334
OX637755.1 226500000 227000000 1812.53051
OX637755.1 227000000 227500000 1812.02543
OX637755.1 227500000 228000000 1812.11862
OX637755.1 228000000 228500000 1812.87443
OX637755.1 228500000 229000000 1810.75051
OX637755.1 229000000 229500000 1810.02979
OX637755.1 229500000 230000000 1811.23033
OX637755.1 230000000 230500000 1812.00734
OX637755.1 230500000 231000000 1811.03044
OX637755.1 231000000 231500000 1811.59461
OX637755.1 231500000 232000000 1812.10471
OX637755.1 232000000 232500000 1813.02124
OX637755.1 232500000 233000000 1811.20003
OX637755.1 233000000 233500000 1809.50221
OX637755.1 233500000 234000000 1810.63946
OX637755.1 234000000 234500000 1811.01949
OX637755.1 234500000 235000000 1811.02482
OX637755.1 235000000 235500000 1811.99458
OX637755.1 235500000 236000000 1812.52421
OX637755.1 236000000 236500000 1812.48409
OX637755.1 236500000 237000000 1812.13819
OX637755.1 237000000 237500000 1814.04044
OX637755.1 237500000 238000000 1814.0
OX637755.1 238000000 238500000 1813.14745
OX637755.1 238500000 239000000 1813.03534
OX637755.1 239000000 239500000 1814.34811
OX637755.1 239500000 240000000 1814.77871
OX637755.1 240000000 240500000 1815.29364
OX637755.1 240500000 241000000 1814.03356
OX637755.1 241000000 241500000 1812.11764
OX637755.1 241500000 242000000 1812.0
OX637755.1 242000000 242500000 1810.46978
OX637755.1 242500000 243000000 1808.16778
OX637755.1 243000000 243500000 1807.28465
OX637755.1 243500000 244000000 1807.01886
OX637755.1 244000000 244500000 1805.95468
OX637755.1 244500000 245000000 1805.0
OX637755.1 245000000 245500000 1805.76309
OX637755.1 245500000 246000000 1806.0
OX637755.1 246000000 246500000 1806.0
OX637755.1 246500000 247000000 1805.40535
OX637755.1 247000000 247500000 1805.53797
OX637755.1 247500000 248000000 1805.0
OX637755.1 248000000 248500000 1804.28334
OX637755.1 248500000 249000000 1803.21701
OX637755.1 249000000 249500000 1802.0
OX637755.1 249500000 250000000 1802.41761
OX637755.1 250000000 250500000 1801.48932
OX637755.1 250500000 251000000 1801.05559
OX637755.1 251000000 251500000 1800.76285
OX637755.1 251500000 252000000 1800.56545
OX637755.1 252000000 252500000 1800.0
OX637755.1 252500000 253000000 1799.58767
OX637755.1 253000000 253500000 1799.80541
OX637755.1 253500000 254000000 1799.04342
OX637755.1 254000000 254500000 1798.0898
OX637755.1 254500000 255000000 1798.40488
OX637755.1 255000000 255500000 1799.04271
OX637755.1 255500000 256000000 1799.55441
OX637755.1 256000000 256500000 1799.94486
OX637755.1 256500000 257000000 1798.81721
OX637755.1 257000000 257500000 1799.0241
OX637755.1 257500000 258000000 1798.23073
OX637755.1 258000000 258500000 1798.0
OX637755.1 258500000 259000000 1797.08383
OX637755.1 259000000 259500000 1798.0203
OX637755.1 259500000 260000000 1798.00834
OX637755.1 260000000 260500000 1798.03757
OX637755.1 260500000 261000000 1798.01302
OX637755.1 261000000 261500000 1798.00469
OX637755.1 261500000 262000000 1798.14311
OX637755.1 262000000 262500000 1797.76705
OX637755.1 262500000 263000000 1796.76512
OX637755.1 263000000 263500000 1796.01743
OX637755.1 263500000 264000000 1796.02982
OX637755.1 264000000 264500000 1796.01
OX637755.1 264500000 265000000 1796.10558
OX637755.1 265000000 265500000 1796.20848
OX637755.1 265500000 266000000 1796.97576
OX637755.1 266000000 266500000 1796.51532
OX637755.1 266500000 267000000 1796.37469
OX637755.1 267000000 267500000 1797.03216
OX637755.1 267500000 268000000 1795.64744
OX637755.1 268000000 268500000 1796.01669
OX637755.1 268500000 269000000 1795.74445
OX637755.1 269000000 269500000 1794.69865
OX637755.1 269500000 270000000 1794.69259
OX637755.1 270000000 270500000 1795.02568
OX637755.1 270500000 271000000 1794.63635
OX637755.1 271000000 271500000 1793.70371
OX637755.1 271500000 272000000 1791.23738
OX637755.1 272000000 272500000 1790.01894
OX637755.1 272500000 273000000 1789.69338
OX637755.1 273000000 273500000 1787.58288
OX637755.1 273500000 274000000 1786.62004
OX637755.1 274000000 274500000 1785.76923
OX637755.1 274500000 275000000 1784.12203
OX637755.1 275000000 275500000 1784.0
OX637755.1 275500000 276000000 1784.09953
OX637755.1 276000000 276500000 1783.04772
OX637755.1 276500000 277000000 1779.85202
OX637755.1 277000000 277500000 1778.87034
OX637755.1 277500000 278000000 1777.73219
OX637755.1 278000000 278500000 1776.38467
OX637755.1 278500000 279000000 1775.0
OX637755.1 279000000 279500000 1775.05001
OX637755.1 279500000 280000000 1774.63
OX637755.1 280000000 280500000 1774.08019
OX637755.1 280500000 281000000 1772.24865
OX637755.1 281000000 281500000 1769.84444
OX637755.1 281500000 282000000 1768.0884
OX637755.1 282000000 282500000 1767.05971
OX637755.1 282500000 283000000 1767.03959
OX637755.1 283000000 283500000 1767.08224
OX637755.1 283500000 284000000 1768.0738
OX637755.1 284000000 284500000 1765.63114
OX637755.1 284500000 285000000 1763.01466
OX637755.1 285000000 285500000 1762.89079
OX637755.1 285500000 286000000 1763.74986
OX637755.1 286000000 286500000 1763.71375
OX637755.1 286500000 287000000 1760.83285
OX637755.1 287000000 287500000 1759.06066
OX637755.1 287500000 288000000 1757.92774
OX637755.1 288000000 288500000 1758.85152
OX637755.1 288500000 289000000 1758.63367
OX637755.1 289000000 289500000 1759.0
OX637755.1 289500000 290000000 1757.43579
OX637755.1 290000000 290500000 1757.04095
OX637755.1 290500000 291000000 1756.08746
OX637755.1 291000000 291500000 1755.02473
OX637755.1 291500000 292000000 1755.0
OX637755.1 292000000 292500000 1755.0
OX637755.1 292500000 293000000 1755.04745
OX637755.1 293000000 293500000 1755.06883
OX637755.1 293500000 294000000 1752.96849
OX637755.1 294000000 294500000 1751.63528
OX637755.1 294500000 295000000 1749.93942
OX637755.1 295000000 295500000 1749.16237
OX637755.1 295500000 296000000 1750.0
OX637755.1 296000000 296500000 1749.86429
OX637755.1 296500000 297000000 1750.12343
OX637755.1 297000000 297500000 1750.36051
OX637755.1 297500000 298000000 1749.30056
OX637755.1 298000000 298500000 1748.49937
OX637755.1 298500000 299000000 1747.76117
OX637755.1 299000000 299500000 1746.96846
OX637755.1 299500000 300000000 1745.52802
OX637755.1 300000000 300500000 1745.0
OX637755.1 300500000 301000000 1744.03039
OX637755.1 301000000 301500000 1742.13097
OX637755.1 301500000 302000000 1739.57927
OX637755.1 302000000 302500000 1737.72057
OX637755.1 302500000 303000000 1736.80956
OX637755.1 303000000 303500000 1736.04881
OX637755.1 303500000 304000000 1734.49431
OX637755.1 304000000 304500000 1733.04396
OX637755.1 304500000 305000000 1732.41927
OX637755.1 305000000 305500000 1730.28324
OX637755.1 305500000 306000000 1729.67507
OX637755.1 306000000 306500000 1728.36113
OX637755.1 306500000 307000000 1728.73607
OX637755.1 307000000 307500000 1729.05962
OX637755.1 307500000 308000000 1728.94235
OX637755.1 308000000 308500000 1727.22497
OX637755.1 308500000 309000000 1726.97167
OX637755.1 309000000 309500000 1726.76181
OX637755.1 309500000 310000000 1725.3848
OX637755.1 310000000 310500000 1723.77395
OX637755.1 310500000 311000000 1721.68415
OX637755.1 311000000 311500000 1721.0206
OX637755.1 311500000 312000000 1721.03533
OX637755.1 312000000 312500000 1720.50896
OX637755.1 312500000 313000000 1720.83921
OX637755.1 313000000 313500000 1721.75962
OX637755.1 313500000 314000000 1721.73763
OX637755.1 314000000 314500000 1721.58523
OX637755.1 314500000 315000000 1720.1702
OX637755.1 315000000 315500000 1719.63468
OX637755.1 315500000 316000000 1716.54597
OX637755.1 316000000 316500000 1713.67327
OX637755.1 316500000 317000000 1712.03637
OX637755.1 317000000 317500000 1712.00691
OX637755.1 317500000 318000000 1711.67789
OX637755.1 318000000 318500000 1711.0
OX637755.1 318500000 319000000 1709.78349
OX637755.1 319000000 319500000 1708.4492
OX637755.1 319500000 320000000 1704.29301
OX637755.1 320000000 320500000 1702.05377
OX637755.1 320500000 321000000 1702.02593
OX637755.1 321000000 321500000 1700.79593
OX637755.1 321500000 322000000 1699.11792
OX637755.1 322000000 322500000 1696.96374
OX637755.1 322500000 323000000 1695.31345
OX637755.1 323000000 323500000 1695.01978
OX637755.1 323500000 324000000 1694.14858
OX637755.1 324000000 324500000 1693.06865
OX637755.1 324500000 325000000 1694.02257
OX637755.1 325000000 325500000 1693.73293
OX637755.1 325500000 326000000 1692.70869
OX637755.1 326000000 326500000 1691.00496
OX637755.1 326500000 327000000 1691.1678
OX637755.1 327000000 327500000 1689.28064
OX637755.1 327500000 328000000 1686.24899
OX637755.1 328000000 328500000 1685.0568
OX637755.1 328500000 329000000 1684.84146
OX637755.1 329000000 329500000 1685.05762
OX637755.1 329500000 330000000 1684.35238
OX637755.1 330000000 330500000 1682.25119
OX637755.1 330500000 331000000 1679.54299
OX637755.1 331000000 331500000 1679.66161
OX637755.1 331500000 332000000 1678.6638
OX637755.1 332000000 332500000 1676.53892
OX637755.1 332500000 333000000 1673.8032
OX637755.1 333000000 333500000 1671.29682
OX637755.1 333500000 334000000 1669.43984
OX637755.1 334000000 334500000 1666.86387
OX637755.1 334500000 335000000 1663.79922
OX637755.1 335000000 335500000 1662.03125
OX637755.1 335500000 336000000 1660.06451
OX637755.1 336000000 336500000 1660.06901
OX637755.1 336500000 337000000 1658.92348
OX637755.1 337000000 337500000 1658.0
OX637755.1 337500000 338000000 1655.8088
OX637755.1 338000000 338500000 1651.64733
OX637755.1 338500000 339000000 1650.17125
OX637755.1 339000000 339500000 1648.06531
OX637755.1 339500000 340000000 1646.78397
OX637755.1 340000000 340500000 1646.70491
OX637755.1 340500000 341000000 1646.00156
OX637755.1 341000000 341500000 1643.75595
OX637755.1 341500000 342000000 1640.47326
OX637755.1 342000000 342500000 1638.14501
OX637755.1 342500000 343000000 1636.97242
OX637755.1 343000000 343500000 1636.03392
OX637755.1 343500000 344000000 1635.67879
OX637755.1 344000000 344500000 1634.35189
OX637755.1 344500000 345000000 1633.90427
OX637755.1 345000000 345500000 1632.87267
OX637755.1 345500000 346000000 1630.84602
OX637755.1 346000000 346500000 1628.13636
OX637755.1 346500000 347000000 1626.12558
OX637755.1 347000000 347500000 1623.33651
OX637755.1 347500000 348000000 1621.93683
OX637755.1 348000000 348500000 1619.94336
OX637755.1 348500000 349000000 1617.54119
OX637755.1 349000000 349500000 1614.92113
OX637755.1 349500000 350000000 1612.09276
OX637755.1 350000000 350500000 1612.22113
OX637755.1 350500000 351000000 1611.78493
OX637755.1 351000000 351500000 1609.64994
OX637755.1 351500000 352000000 1608.58793
OX637755.1 352000000 352500000 1606.0102
OX637755.1 352500000 353000000 1603.13216
OX637755.1 353000000 353500000 1599.07867
OX637755.1 353500000 354000000 1597.0
OX637755.1 354000000 354500000 1597.02836
OX637755.1 354500000 355000000 1596.67801
OX637755.1 355000000 355500000 1592.59699
OX637755.1 355500000 356000000 1590.12176
OX637755.1 356000000 356500000 1586.76062
OX637755.1 356500000 357000000 1582.19363
OX637755.1 357000000 357500000 1580.02594
OX637755.1 357500000 358000000 1576.84201
OX637755.1 358000000 358500000 1571.80605
OX637755.1 358500000 359000000 1565.9754
OX637755.1 359000000 359500000 1563.00284
OX637755.1 359500000 360000000 1556.83044
OX637755.1 360000000 360500000 1553.41459
OX637755.1 360500000 361000000 1552.0
OX637755.1 361000000 361500000 1550.95057
OX637755.1 361500000 362000000 1548.26852
OX637755.1 362000000 362500000 1546.95602
OX637755.1 362500000 363000000 1542.83528
OX637755.1 363000000 363500000 1539.35292
OX637755.1 363500000 364000000 1537.20386
OX637755.1 364000000 364500000 1532.28019
OX637755.1 364500000 365000000 1527.78948
OX637755.1 365000000 365500000 1525.56048
OX637755.1 365500000 366000000 1522.70565
OX637755.1 366000000 366500000 1519.64304
OX637755.1 366500000 367000000 1517.1385
OX637755.1 367000000 367500000 1514.63764
OX637755.1 367500000 368000000 1511.59252
OX637755.1 368000000 368500000 1504.46076
OX637755.1 368500000 369000000 1494.88584
OX637755.1 369000000 369500000 1489.30287
OX637755.1 369500000 370000000 1488.41606
OX637755.1 370000000 370500000 1483.08132
OX637755.1 370500000 371000000 1479.91089
OX637755.1 371000000 371500000 1476.90822
OX637755.1 371500000 372000000 1474.23319
OX637755.1 372000000 372500000 1464.82762
OX637755.1 372500000 373000000 1461.0219
OX637755.1 373000000 373500000 1457.86311
OX637755.1 373500000 374000000 1450.56261
OX637755.1 374000000 374500000 1444.82914
OX637755.1 374500000 375000000 1442.08853
OX637755.1 375000000 375500000 1434.67697
OX637755.1 375500000 376000000 1427.55752
OX637755.1 376000000 376500000 1422.30863
OX637755.1 376500000 377000000 1416.50515
OX637755.1 377000000 377500000 1410.44997
OX637755.1 377500000 378000000 1400.98303
OX637755.1 378000000 378500000 1390.97096
OX637755.1 378500000 379000000 1378.31012
OX637755.1 379000000 379500000 1366.84028
OX637755.1 379500000 380000000 1366.33
OX637755.1 380000000 380500000 1370.01698
OX637755.1 380500000 381000000 1369.62867
OX637755.1 381000000 381500000 1370.70538
OX637755.1 381500000 382000000 1371.51482
OX637755.1 382000000 382500000 1375.57547
OX637755.1 382500000 383000000 1374.91025
OX637755.1 383000000 383500000 1373.09008
OX637755.1 383500000 384000000 1372.9376
OX637755.1 384000000 384500000 1373.0214
OX637755.1 384500000 385000000 1372.1095
OX637755.1 385000000 385500000 1369.74844
OX637755.1 385500000 386000000 1368.31352
OX637755.1 386000000 386500000 1368.92033
OX637755.1 386500000 387000000 1368.39666
OX637755.1 387000000 387500000 1366.39971
OX637755.1 387500000 388000000 1362.78095
OX637755.1 388000000 388500000 1359.76427
OX637755.1 388500000 389000000 1359.16472
OX637755.1 389000000 389500000 1358.7476
OX637755.1 389500000 390000000 1357.37461
OX637755.1 390000000 390500000 1355.90596
OX637755.1 390500000 391000000 1351.76541
OX637755.1 391000000 391500000 1345.24459
OX637755.1 391500000 392000000 1342.90803
OX637755.1 392000000 392500000 1338.83618
OX637755.1 392500000 393000000 1335.59651
OX637755.1 393000000 393500000 1334.99334
OX637755.1 393500000 394000000 1331.7169
OX637755.1 394000000 394500000 1328.18312
OX637755.1 394500000 395000000 1324.77897
OX637755.1 395000000 395500000 1323.14968
OX637755.1 395500000 396000000 1321.01025
OX637755.1 396000000 396500000 1315.50916
OX637755.1 396500000 397000000 1310.92622
OX637755.1 397000000 397500000 1308.69597
OX637755.1 397500000 398000000 1304.7268
OX637755.1 398000000 398500000 1303.40844
OX637755.1 398500000 399000000 1301.54094
OX637755.1 399000000 399500000 1298.42516
OX637755.1 399500000 400000000 1294.82498
OX637755.1 400000000 400500000 1292.63564
OX637755.1 400500000 401000000 1292.9801
OX637755.1 401000000 401500000 1292.95024
OX637755.1 401500000 402000000 1290.25831
OX637755.1 402000000 402500000 1284.63858
OX637755.1 402500000 403000000 1278.72984
OX637755.1 403000000 403500000 1277.20362
OX637755.1 403500000 404000000 1276.20762
OX637755.1 404000000 404500000 1272.84893
OX637755.1 404500000 405000000 1269.20863
OX637755.1 405000000 405500000 1266.07188
OX637755.1 405500000 406000000 1265.21579
OX637755.1 406000000 406500000 1263.27542
OX637755.1 406500000 407000000 1261.57089
OX637755.1 407000000 407500000 1259.30455
OX637755.1 407500000 408000000 1256.23776
OX637755.1 408000000 408500000 1250.15553
OX637755.1 408500000 409000000 1244.80057
OX637755.1 409000000 409500000 1240.74479
OX637755.1 409500000 410000000 1239.04329
OX637755.1 410000000 410500000 1234.50837
OX637755.1 410500000 411000000 1230.10314
OX637755.1 411000000 411500000 1225.69652
OX637755.1 411500000 412000000 1219.68537
OX637755.1 412000000 412500000 1214.81226
OX637755.1 412500000 413000000 1209.19582
OX637755.1 413000000 413500000 1201.33598
OX637755.1 413500000 414000000 1196.29507
OX637755.1 414000000 414500000 1193.21687
OX637755.1 414500000 415000000 1191.60752
OX637755.1 415000000 415500000 1189.18851
OX637755.1 415500000 416000000 1187.13252
OX637755.1 416000000 416500000 1180.39922
OX637755.1 416500000 417000000 1178.6555
OX637755.1 417000000 417500000 1178.4539
OX637755.1 417500000 418000000 1176.89814
OX637755.1 418000000 418500000 1174.73238
OX637755.1 418500000 419000000 1170.47504
OX637755.1 419000000 419500000 1166.55516
OX637755.1 419500000 420000000 1162.46521
OX637755.1 420000000 420500000 1154.23887
OX637755.1 420500000 421000000 1147.75476
OX637755.1 421000000 421500000 1141.88279
OX637755.1 421500000 422000000 1135.92775
OX637755.1 422000000 422500000 1131.83831
OX637755.1 422500000 423000000 1128.08105
OX637755.1 423000000 423500000 1126.82544
OX637755.1 423500000 424000000 1125.68915
OX637755.1 424000000 424500000 1123.16164
OX637755.1 424500000 425000000 1118.14041
OX637755.1 425000000 425500000 1112.96124
OX637755.1 425500000 426000000 1106.88065
OX637755.1 426000000 426500000 1100.03303
OX637755.1 426500000 427000000 1094.87022
OX637755.1 427000000 427500000 1085.77401
OX637755.1 427500000 428000000 1078.901
OX637755.1 428000000 428500000 1075.71215
OX637755.1 428500000 429000000 1073.1092
OX637755.1 429000000 429500000 1069.30505
OX637755.1 429500000 430000000 1067.46425
OX637755.1 430000000 430500000 1059.03903
OX637755.1 430500000 431000000 1053.45842
OX637755.1 431000000 431500000 1047.39541
OX637755.1 431500000 432000000 1040.99954
OX637755.1 432000000 432500000 1028.53727
OX637755.1 432500000 433000000 1022.02977
OX637755.1 433000000 433500000 1010.8153
OX637755.1 433500000 434000000 1003.27936
OX637755.1 434000000 434500000 997.63246
OX637755.1 434500000 435000000 990.92299
OX637755.1 435000000 435500000 982.39508
OX637755.1 435500000 436000000 974.64741
OX637755.1 436000000 436500000 969.23996
OX637755.1 436500000 437000000 965.53218
OX637755.1 437000000 437500000 954.5718
OX637755.1 437500000 438000000 941.77176
OX637755.1 438000000 438500000 929.62758
OX637755.1 438500000 439000000 922.61212
OX637755.1 439000000 439500000 915.81534
OX637755.1 439500000 440000000 908.87238
OX637755.1 440000000 440500000 900.55569
OX637755.1 440500000 441000000 886.06344
OX637755.1 441000000 441500000 877.74481
OX637755.1 441500000 442000000 872.40423
OX637755.1 442000000 442500000 866.07666
OX637755.1 442500000 443000000 855.34966
OX637755.1 443000000 443500000 840.90926
OX637755.1 443500000 444000000 832.28988
OX637755.1 444000000 444500000 826.05452
OX637755.1 444500000 445000000 820.71326
OX637755.1 445000000 445500000 813.2248
OX637755.1 445500000 446000000 800.79762
OX637755.1 446000000 446500000 785.29859
OX637755.1 446500000 447000000 773.16731
OX637755.1 447000000 447500000 757.63474
OX637755.1 447500000 448000000 746.29759
OX637755.1 448000000 448500000 732.65187
OX637755.1 448500000 449000000 719.1604
OX637755.1 449000000 449500000 709.25207
OX637755.1 449500000 450000000 694.82233
OX637755.1 450000000 450500000 678.53398
OX637755.1 450500000 451000000 667.024
OX637755.1 451000000 451500000 652.96101
OX637755.1 451500000 452000000 636.72219
OX637755.1 452000000 452500000 619.06911
OX637755.1 452500000 453000000 605.18115
OX637755.1 453000000 453500000 586.75575
OX637755.1 453500000 454000000 564.92933
OX637755.1 454000000 454500000 556.8822
OX637755.1 454500000 455000000 542.15242
OX637755.1 455000000 455500000 526.43884
OX637755.1 455500000 456000000 500.08538
OX637755.1 456000000 456500000 493.91974
OX637755.1 456500000 457000000 475.33093
OX637755.1 457000000 457500000 461.41035
OX637755.1 457500000 458000000 436.68356
OX637755.1 458000000 458500000 415.55502
OX637755.1 458500000 459000000 401.99266
OX637755.1 459000000 459500000 357.99659
OX637755.1 459500000 460000000 287.82619
OX637755.1 460000000 460500000 246.63611
OX637755.1 460500000 461000000 215.73804
OX637755.1 461000000 461500000 163.92503
OX637755.1 461500000 462000000 71.15305
OX637755.1 462000000 462500000 6.33943
OX637755.1 462500000 463000000 2.0
OX637755.1 463000000 463025254 1.00756
OX637742.1 0 500000 66.76647
OX637742.1 500000 1000000 174.04153
OX637742.1 1000000 1500000 260.9358
OX637742.1 1500000 2000000 320.72868
OX637742.1 2000000 2500000 390.04943
OX637742.1 2500000 3000000 436.7838
OX637742.1 3000000 3500000 478.06047
OX637742.1 3500000 4000000 527.93625
OX637742.1 4000000 4500000 558.40109
OX637742.1 4500000 5000000 581.8817
OX637742.1 5000000 5500000 609.20934
OX637742.1 5500000 6000000 613.91908
OX637742.1 6000000 6500000 621.8586
OX637742.1 6500000 7000000 640.35575
OX637742.1 7000000 7500000 669.66696
OX637742.1 7500000 8000000 695.0429
OX637742.1 8000000 8500000 731.56927
OX637742.1 8500000 9000000 754.6206
OX637742.1 9000000 9500000 774.9997
OX637742.1 9500000 10000000 791.49152
OX637742.1 10000000 10500000 806.36625
OX637742.1 10500000 11000000 814.63391
OX637742.1 11000000 11500000 827.34671
OX637742.1 11500000 12000000 840.16364
OX637742.1 12000000 12500000 858.38109
OX637742.1 12500000 13000000 874.9578
OX637742.1 13000000 13500000 886.6525
OX637742.1 13500000 14000000 895.54088
OX637742.1 14000000 14500000 917.11658
OX637742.1 14500000 15000000 940.98381
OX637742.1 15000000 15500000 963.49035
OX637742.1 15500000 16000000 977.66701
OX637742.1 16000000 16500000 980.76216
OX637742.1 16500000 17000000 981.25217
OX637742.1 17000000 17500000 993.03516
OX637742.1 17500000 18000000 1009.91454
OX637742.1 18000000 18500000 1027.43173
OX637742.1 18500000 19000000 1049.99431
OX637742.1 19000000 19500000 1065.93969
OX637742.1 19500000 20000000 1083.64268
OX637742.1 20000000 20500000 1099.95308
OX637742.1 20500000 21000000 1116.65736
OX637742.1 21000000 21500000 1123.90125
OX637742.1 21500000 22000000 1134.10182
OX637742.1 22000000 22500000 1135.0
OX637742.1 22500000 23000000 1135.07567
OX637742.1 23000000 23500000 1141.41089
OX637742.1 23500000 24000000 1147.10541
OX637742.1 24000000 24500000 1156.0447
OX637742.1 24500000 25000000 1173.78222
OX637742.1 25000000 25500000 1188.71733
OX637742.1 25500000 26000000 1204.0649
OX637742.1 26000000 26500000 1207.42293
OX637742.1 26500000 27000000 1211.74743
OX637742.1 27000000 27500000 1223.51954
OX637742.1 27500000 28000000 1233.60543
OX637742.1 28000000 28500000 1242.60013
OX637742.1 28500000 29000000 1249.38141
OX637742.1 29000000 29500000 1262.47123
OX637742.1 29500000 30000000 1272.62157
OX637742.1 30000000 30500000 1280.73279
OX637742.1 30500000 31000000 1289.1824
OX637742.1 31000000 31500000 1302.6247
OX637742.1 31500000 32000000 1311.98429
OX637742.1 32000000 32500000 1318.51916
OX637742.1 32500000 33000000 1326.1889
OX637742.1 33000000 33500000 1327.32805
OX637742.1 33500000 34000000 1327.70776
OX637742.1 34000000 34500000 1325.93741
OX637742.1 34500000 35000000 1326.95784
OX637742.1 35000000 35500000 1328.48966
OX637742.1 35500000 36000000 1336.15361
OX637742.1 36000000 36500000 1344.5106
OX637742.1 36500000 37000000 1348.19822
OX637742.1 37000000 37500000 1353.71557
OX637742.1 37500000 38000000 1360.26129
OX637742.1 38000000 38500000 1365.51566
OX637742.1 38500000 39000000 1368.6281
OX637742.1 39000000 39500000 1372.50956
OX637742.1 39500000 40000000 1375.03308
OX637742.1 40000000 40500000 1380.2407
OX637742.1 40500000 41000000 1387.2804
OX637742.1 41000000 41500000 1391.79678
OX637742.1 41500000 42000000 1395.59764
OX637742.1 42000000 42500000 1402.27401
OX637742.1 42500000 43000000 1405.85941
OX637742.1 43000000 43500000 1408.38325
OX637742.1 43500000 44000000 1412.39868
OX637742.1 44000000 44500000 1415.0
OX637742.1 44500000 45000000 1415.43129
OX637742.1 45000000 45500000 1426.5883
OX637742.1 45500000 46000000 1440.09791
OX637742.1 46000000 46500000 1449.82751
OX637742.1 46500000 47000000 1453.4146
OX637742.1 47000000 47500000 1464.26528
OX637742.1 47500000 48000000 1477.30465
OX637742.1 48000000 48500000 1486.62627
OX637742.1 48500000 49000000 1500.26695
OX637742.1 49000000 49500000 1514.13728
OX637742.1 49500000 50000000 1520.35572
OX637742.1 50000000 50500000 1524.63842
OX637742.1 50500000 51000000 1529.50247
OX637742.1 51000000 51500000 1535.93753
OX637742.1 51500000 52000000 1543.02264
OX637742.1 52000000 52500000 1549.71644
OX637742.1 52500000 53000000 1556.44376
OX637742.1 53000000 53500000 1561.09534
OX637742.1 53500000 54000000 1567.14324
OX637742.1 54000000 54500000 1573.1498
OX637742.1 54500000 55000000 1579.56593
OX637742.1 55000000 55500000 1583.54691
OX637742.1 55500000 56000000 1595.47668
OX637742.1 56000000 56500000 1602.34185
OX637742.1 56500000 57000000 1606.71662
OX637742.1 57000000 57500000 1614.40152
OX637742.1 57500000 58000000 1620.75045
OX637742.1 58000000 58500000 1622.62305
OX637742.1 58500000 59000000 1623.41003
OX637742.1 59000000 59500000 1626.87004
OX637742.1 59500000 60000000 1630.01295
OX637742.1 60000000 60500000 1635.43701
OX637742.1 60500000 61000000 1645.40415
OX637742.1 61000000 61500000 1649.37605
OX637742.1 61500000 62000000 1654.35343
OX637742.1 62000000 62500000 1663.21532
OX637742.1 62500000 63000000 1672.48495
OX637742.1 63000000 63500000 1674.32142
OX637742.1 63500000 64000000 1678.3592
OX637742.1 64000000 64500000 1685.7561
OX637742.1 64500000 65000000 1686.20319
OX637742.1 65000000 65500000 1687.61009
OX637742.1 65500000 66000000 1689.12023
OX637742.1 66000000 66500000 1693.0
OX637742.1 66500000 67000000 1695.91438
OX637742.1 67000000 67500000 1702.08328
OX637742.1 67500000 68000000 1706.70206
OX637742.1 68000000 68500000 1709.84209
OX637742.1 68500000 69000000 1711.85187
OX637742.1 69000000 69500000 1715.0897
OX637742.1 69500000 70000000 1716.88832
OX637742.1 70000000 70500000 1722.99115
OX637742.1 70500000 71000000 1725.82698
OX637742.1 71000000 71500000 1728.43952
OX637742.1 71500000 72000000 1731.94694
OX637742.1 72000000 72500000 1737.10573
OX637742.1 72500000 73000000 1745.01023
OX637742.1 73000000 73500000 1751.78358
OX637742.1 73500000 74000000 1758.36017
OX637742.1 74000000 74500000 1767.03271
OX637742.1 74500000 75000000 1773.81805
OX637742.1 75000000 75500000 1777.08895
OX637742.1 75500000 76000000 1779.06321
OX637742.1 76000000 76500000 1780.91792
OX637742.1 76500000 77000000 1783.72239
OX637742.1 77000000 77500000 1785.85343
OX637742.1 77500000 78000000 1788.68981
OX637742.1 78000000 78500000 1792.47829
OX637742.1 78500000 79000000 1795.22362
OX637742.1 79000000 79500000 1797.63184
OX637742.1 79500000 80000000 1801.34405
OX637742.1 80000000 80500000 1802.6325
OX637742.1 80500000 81000000 1804.00615
OX637742.1 81000000 81500000 1805.9266
OX637742.1 81500000 82000000 1808.8075
OX637742.1 82000000 82500000 1810.81275
OX637742.1 82500000 83000000 1812.85886
OX637742.1 83000000 83500000 1814.7536
OX637742.1 83500000 84000000 1816.83517
OX637742.1 84000000 84500000 1818.08049
OX637742.1 84500000 85000000 1823.23799
OX637742.1 85000000 85500000 1827.0
OX637742.1 85500000 86000000 1828.24715
OX637742.1 86000000 86500000 1828.70795
OX637742.1 86500000 87000000 1829.61989
OX637742.1 87000000 87500000 1831.03252
OX637742.1 87500000 88000000 1831.70119
OX637742.1 88000000 88500000 1838.18944
OX637742.1 88500000 89000000 1839.78522
OX637742.1 89000000 89500000 1842.38901
OX637742.1 89500000 90000000 1843.02026
OX637742.1 90000000 90500000 1846.1389
OX637742.1 90500000 91000000 1851.84969
OX637742.1 91000000 91500000 1856.42042
OX637742.1 91500000 92000000 1859.0002
OX637742.1 92000000 92500000 1859.38567
OX637742.1 92500000 93000000 1861.01741
OX637742.1 93000000 93500000 1861.44958
OX637742.1 93500000 94000000 1864.03982
OX637742.1 94000000 94500000 1865.57899
OX637742.1 94500000 95000000 1868.02493
OX637742.1 95000000 95500000 1869.69443
OX637742.1 95500000 96000000 1870.72096
OX637742.1 96000000 96500000 1873.73996
OX637742.1 96500000 97000000 1877.06159
OX637742.1 97000000 97500000 1878.02251
OX637742.1 97500000 98000000 1880.29882
OX637742.1 98000000 98500000 1882.77073
OX637742.1 98500000 99000000 1884.50725
OX637742.1 99000000 99500000 1885.92511
OX637742.1 99500000 100000000 1886.02696
OX637742.1 100000000 100500000 1887.78077
OX637742.1 100500000 101000000 1888.0519
OX637742.1 101000000 101500000 1888.34757
OX637742.1 101500000 102000000 1889.41406
OX637742.1 102000000 102500000 1891.02613
OX637742.1 102500000 103000000 1891.78205
OX637742.1 103000000 103500000 1891.80329
OX637742.1 103500000 104000000 1897.58191
OX637742.1 104000000 104500000 1898.02507
OX637742.1 104500000 105000000 1898.67788
OX637742.1 105000000 105500000 1900.76283
OX637742.1 105500000 106000000 1902.09084
OX637742.1 106000000 106500000 1903.00905
OX637742.1 106500000 107000000 1904.87201
OX637742.1 107000000 107500000 1906.03132
OX637742.1 107500000 108000000 1907.98442
OX637742.1 108000000 108500000 1909.00467
OX637742.1 108500000 109000000 1910.6034
OX637742.1 109000000 109500000 1913.41957
OX637742.1 109500000 110000000 1914.0
OX637742.1 110000000 110500000 1914.0
OX637742.1 110500000 111000000 1914.0
OX637742.1 111000000 111500000 1914.05205
OX637742.1 111500000 112000000 1915.0
OX637742.1 112000000 112500000 1915.0
OX637742.1 112500000 113000000 1915.0
OX637742.1 113000000 113500000 1915.01951
OX637742.1 113500000 114000000 1915.0
OX637742.1 114000000 114500000 1915.0
OX637742.1 114500000 115000000 1915.0
OX637742.1 115000000 115500000 1915.0
OX637742.1 115500000 116000000 1915.73644
OX637742.1 116000000 116500000 1917.3001
OX637742.1 116500000 117000000 1919.01857
OX637742.1 117000000 117500000 1919.04715
OX637742.1 117500000 118000000 1920.47544
OX637742.1 118000000 118500000 1922.87301
OX637742.1 118500000 119000000 1925.11387
OX637742.1 119000000 119500000 1926.83578
OX637742.1 119500000 120000000 1927.0
OX637742.1 120000000 120500000 1927.72254
OX637742.1 120500000 121000000 1929.83153
OX637742.1 121000000 121500000 1930.01935
OX637742.1 121500000 122000000 1930.44855
OX637742.1 122000000 122500000 1933.07061
OX637742.1 122500000 123000000 1934.8086
OX637742.1 123000000 123500000 1937.96735
OX637742.1 123500000 124000000 1941.3436
OX637742.1 124000000 124500000 1944.87534
OX637742.1 124500000 125000000 1947.49726
OX637742.1 125000000 125500000 1949.0
OX637742.1 125500000 126000000 1950.33577
OX637742.1 126000000 126500000 1953.01147
OX637742.1 126500000 127000000 1953.76873
OX637742.1 127000000 127500000 1953.03101
OX637742.1 127500000 128000000 1954.31741
OX637742.1 128000000 128500000 1955.27828
OX637742.1 128500000 129000000 1956.05143
OX637742.1 129000000 129500000 1957.11584
OX637742.1 129500000 130000000 1958.96109
OX637742.1 130000000 130500000 1960.77185
OX637742.1 130500000 131000000 1964.31082
OX637742.1 131000000 131500000 1968.11718
OX637742.1 131500000 132000000 1969.94955
OX637742.1 132000000 132500000 1970.66821
OX637742.1 132500000 133000000 1971.95312
OX637742.1 133000000 133500000 1973.86549
OX637742.1 133500000 134000000 1976.3825
OX637742.1 134000000 134500000 1980.40357
OX637742.1 134500000 135000000 1981.0
OX637742.1 135000000 135500000 1981.72283
OX637742.1 135500000 136000000 1982.32379
OX637742.1 136000000 136500000 1984.46091
OX637742.1 136500000 137000000 1988.41038
OX637742.1 137000000 137500000 1992.80002
OX637742.1 137500000 138000000 1994.06653
OX637742.1 138000000 138500000 1995.57396
OX637742.1 138500000 139000000 1996.51355
OX637742.1 139000000 139500000 1996.64113
OX637742.1 139500000 140000000 1998.67646
OX637742.1 140000000 140500000 1998.66535
OX637742.1 140500000 141000000 1997.48117
OX637742.1 141000000 141500000 2000.55
OX637742.1 141500000 142000000 2001.04758
OX637742.1 142000000 142500000 2002.38781
OX637742.1 142500000 143000000 2003.288
OX637742.1 143000000 143500000 2004.248
OX637742.1 143500000 144000000 2007.77693
OX637742.1 144000000 144500000 2011.12144
OX637742.1 144500000 145000000 2012.61889
OX637742.1 145000000 145500000 2013.33714
OX637742.1 145500000 146000000 2014.27026
OX637742.1 146000000 146500000 2014.02068
OX637742.1 146500000 147000000 2014.26788
OX637742.1 147000000 147500000 2014.02596
OX637742.1 147500000 148000000 2014.0
OX637742.1 148000000 148500000 2015.28929
OX637742.1 148500000 149000000 2016.35037
OX637742.1 149000000 149500000 2017.0
OX637742.1 149500000 150000000 2017.01864
OX637742.1 150000000 150500000 2017.9628
OX637742.1 150500000 151000000 2018.88109
OX637742.1 151000000 151500000 2019.64738
OX637742.1 151500000 152000000 2021.03068
OX637742.1 152000000 152500000 2021.2329
OX637742.1 152500000 153000000 2022.89948
OX637742.1 153000000 153500000 2022.37124
OX637742.1 153500000 154000000 2021.5216
OX637742.1 154000000 154500000 2022.19232
OX637742.1 154500000 155000000 2023.55492
OX637742.1 155000000 155500000 2024.87306
OX637742.1 155500000 156000000 2025.17886
OX637742.1 156000000 156500000 2027.57125
OX637742.1 156500000 157000000 2031.30504
OX637742.1 157000000 157500000 2033.03634
OX637742.1 157500000 158000000 2033.10188
OX637742.1 158000000 158500000 2035.98544
OX637742.1 158500000 159000000 2037.92666
OX637742.1 159000000 159500000 2038.94525
OX637742.1 159500000 160000000 2039.35577
OX637742.1 160000000 160500000 2038.97513
OX637742.1 160500000 161000000 2039.00116
OX637742.1 161000000 161500000 2039.02728
OX637742.1 161500000 162000000 2039.95284
OX637742.1 162000000 162500000 2040.01796
OX637742.1 162500000 163000000 2040.00414
OX637742.1 163000000 163500000 2040.58636
OX637742.1 163500000 164000000 2042.17152
OX637742.1 164000000 164500000 2043.88482
OX637742.1 164500000 165000000 2044.00691
OX637742.1 165000000 165500000 2044.25497
OX637742.1 165500000 166000000 2045.79449
OX637742.1 166000000 166500000 2047.56504
OX637742.1 166500000 167000000 2048.03452
OX637742.1 167000000 167500000 2049.15445
OX637742.1 167500000 168000000 2049.80309
OX637742.1 168000000 168500000 2050.06285
OX637742.1 168500000 169000000 2051.0
OX637742.1 169000000 169500000 2051.30464
OX637742.1 169500000 170000000 2053.01831
OX637742.1 170000000 170500000 2053.93413
OX637742.1 170500000 171000000 2054.97269
OX637742.1 171000000 171500000 2053.53549
OX637742.1 171500000 172000000 2054.4971
OX637742.1 172000000 172500000 2057.02431
OX637742.1 172500000 173000000 2057.04875
OX637742.1 173000000 173500000 2059.24377
OX637742.1 173500000 174000000 2060.6425
OX637742.1 174000000 174500000 2061.0
OX637742.1 174500000 175000000 2062.37121
OX637742.1 175000000 175500000 2063.75869
OX637742.1 175500000 176000000 2064.99674
OX637742.1 176000000 176500000 2065.92804
OX637742.1 176500000 177000000 2067.04472
OX637742.1 177000000 177500000 2068.31959
OX637742.1 177500000 178000000 2072.33794
OX637742.1 178000000 178500000 2073.81746
OX637742.1 178500000 179000000 2073.71924
OX637742.1 179000000 179500000 2073.25974
OX637742.1 179500000 180000000 2074.76452
OX637742.1 180000000 180500000 2075.14758
OX637742.1 180500000 181000000 2076.67939
OX637742.1 181000000 181500000 2076.75404
OX637742.1 181500000 182000000 2076.07973
OX637742.1 182000000 182500000 2075.3258
OX637742.1 182500000 183000000 2072.85243
OX637742.1 183000000 183500000 2070.02333
OX637742.1 183500000 184000000 2068.8121
OX637742.1 184000000 184500000 2066.96599
OX637742.1 184500000 185000000 2064.95334
OX637742.1 185000000 185500000 2064.85741
OX637742.1 185500000 186000000 2064.11577
OX637742.1 186000000 186500000 2063.0
OX637742.1 186500000 187000000 2062.97696
OX637742.1 187000000 187500000 2061.49666
OX637742.1 187500000 188000000 2061.84997
OX637742.1 188000000 188500000 2060.76073
OX637742.1 188500000 189000000 2061.19405
OX637742.1 189000000 189500000 2062.44675
OX637742.1 189500000 190000000 2062.34859
OX637742.1 190000000 190500000 2062.42121
OX637742.1 190500000 191000000 2062.77498
OX637742.1 191000000 191500000 2060.20124
OX637742.1 191500000 192000000 2059.40931
OX637742.1 192000000 192500000 2059.04934
OX637742.1 192500000 193000000 2058.50008
OX637742.1 193000000 193500000 2058.05694
OX637742.1 193500000 194000000 2057.35391
OX637742.1 194000000 194500000 2057.64626
OX637742.1 194500000 195000000 2056.13091
OX637742.1 195000000 195500000 2056.38777
OX637742.1 195500000 196000000 2057.61461
OX637742.1 196000000 196500000 2058.54053
OX637742.1 196500000 197000000 2059.29161
OX637742.1 197000000 197500000 2059.39855
OX637742.1 197500000 198000000 2060.02406
OX637742.1 198000000 198500000 2060.01732
OX637742.1 198500000 199000000 2058.38406
OX637742.1 199000000 199500000 2057.05618
OX637742.1 199500000 200000000 2057.01777
OX637742.1 200000000 200500000 2057.05877
OX637742.1 200500000 201000000 2056.62724
OX637742.1 201000000 201500000 2056.0
OX637742.1 201500000 202000000 2056.22825
OX637742.1 202000000 202500000 2057.02952
OX637742.1 202500000 203000000 2057.27346
OX637742.1 203000000 203500000 2057.02118
OX637742.1 203500000 204000000 2057.01621
OX637742.1 204000000 204500000 2056.76187
OX637742.1 204500000 205000000 2056.23389
OX637742.1 205000000 205500000 2055.54065
OX637742.1 205500000 206000000 2057.2477
OX637742.1 206000000 206500000 2058.85301
OX637742.1 206500000 207000000 2059.0
OX637742.1 207000000 207500000 2058.14937
OX637742.1 207500000 208000000 2056.8287
OX637742.1 208000000 208500000 2055.07523
OX637742.1 208500000 209000000 2054.13077
OX637742.1 209000000 209500000 2054.42039
OX637742.1 209500000 210000000 2053.66768
OX637742.1 210000000 210500000 2055.03658
OX637742.1 210500000 211000000 2055.27817
OX637742.1 211000000 211500000 2056.01992
OX637742.1 211500000 212000000 2055.98167
OX637742.1 212000000 212500000 2055.83616
OX637742.1 212500000 213000000 2056.37466
OX637742.1 213000000 213500000 2057.33801
OX637742.1 213500000 214000000 2058.85415
OX637742.1 214000000 214500000 2060.31993
OX637742.1 214500000 215000000 2061.01823
OX637742.1 215000000 215500000 2061.03785
OX637742.1 215500000 216000000 2061.35851
OX637742.1 216000000 216500000 2061.79657
OX637742.1 216500000 217000000 2061.96023
OX637742.1 217000000 217500000 2062.01089
OX637742.1 217500000 218000000 2062.97236
OX637742.1 218000000 218500000 2064.88291
OX637742.1 218500000 219000000 2065.62344
OX637742.1 219000000 219500000 2066.0
OX637742.1 219500000 220000000 2066.52058
OX637742.1 220000000 220500000 2067.04551
OX637742.1 220500000 221000000 2066.67158
OX637742.1 221000000 221500000 2065.76319
OX637742.1 221500000 222000000 2064.852
OX637742.1 222000000 222500000 2064.73996
OX637742.1 222500000 223000000 2065.41052
OX637742.1 223000000 223500000 2068.68976
OX637742.1 223500000 224000000 2069.35026
OX637742.1 224000000 224500000 2070.04351
OX637742.1 224500000 225000000 2070.0
OX637742.1 225000000 225500000 2070.42292
OX637742.1 225500000 226000000 2072.7351
OX637742.1 226000000 226500000 2076.1576
OX637742.1 226500000 227000000 2080.88623
OX637742.1 227000000 227500000 2081.0
OX637742.1 227500000 228000000 2083.24138
OX637742.1 228000000 228500000 2084.97004
OX637742.1 228500000 229000000 2086.59568
OX637742.1 229000000 229500000 2086.41088
OX637742.1 229500000 230000000 2085.38071
OX637742.1 230000000 230500000 2085.93789
OX637742.1 230500000 231000000 2086.02399
OX637742.1 231000000 231500000 2086.00516
OX637742.1 231500000 232000000 2087.36167
OX637742.1 232000000 232500000 2088.51114
OX637742.1 232500000 233000000 2087.52868
OX637742.1 233000000 233500000 2085.65497
OX637742.1 233500000 234000000 2086.34832
OX637742.1 234000000 234500000 2088.39896
OX637742.1 234500000 235000000 2089.39794
OX637742.1 235000000 235500000 2090.68721
OX637742.1 235500000 236000000 2091.00135
OX637742.1 236000000 236500000 2091.0016
OX637742.1 236500000 237000000 2091.42988
OX637742.1 237000000 237500000 2091.02299
OX637742.1 237500000 238000000 2091.06
OX637742.1 238000000 238500000 2091.78038
OX637742.1 238500000 239000000 2089.78651
OX637742.1 239000000 239500000 2091.0419
OX637742.1 239500000 240000000 2092.21223
OX637742.1 240000000 240500000 2093.12384
OX637742.1 240500000 241000000 2094.01603
OX637742.1 241000000 241500000 2094.29076
OX637742.1 241500000 242000000 2095.0
OX637742.1 242000000 242500000 2095.02536
OX637742.1 242500000 243000000 2095.0
OX637742.1 243000000 243500000 2096.06824
OX637742.1 243500000 244000000 2097.93225
OX637742.1 244000000 244500000 2099.18593
OX637742.1 244500000 245000000 2100.03316
OX637742.1 245000000 245500000 2100.0111
OX637742.1 245500000 246000000 2097.87759
OX637742.1 246000000 246500000 2096.01408
OX637742.1 246500000 247000000 2095.80913
OX637742.1 247000000 247500000 2095.47573
OX637742.1 247500000 248000000 2096.06379
OX637742.1 248000000 248500000 2095.91097
OX637742.1 248500000 249000000 2095.02839
OX637742.1 249000000 249500000 2095.01264
OX637742.1 249500000 250000000 2095.01949
OX637742.1 250000000 250500000 2094.39172
OX637742.1 250500000 251000000 2092.62518
OX637742.1 251000000 251500000 2093.38493
OX637742.1 251500000 252000000 2094.01904
OX637742.1 252000000 252500000 2094.58385
OX637742.1 252500000 253000000 2094.71757
OX637742.1 253000000 253500000 2093.36814
OX637742.1 253500000 254000000 2093.32127
OX637742.1 254000000 254500000 2093.03674
OX637742.1 254500000 255000000 2093.89621
OX637742.1 255000000 255500000 2095.03334
OX637742.1 255500000 256000000 2097.05622
OX637742.1 256000000 256500000 2096.49539
OX637742.1 256500000 257000000 2095.01264
OX637742.1 257000000 257500000 2095.01717
OX637742.1 257500000 258000000 2093.80203
OX637742.1 258000000 258500000 2092.03808
OX637742.1 258500000 259000000 2091.76689
OX637742.1 259000000 259500000 2091.02646
OX637742.1 259500000 260000000 2091.97701
OX637742.1 260000000 260500000 2091.58493
OX637742.1 260500000 261000000 2093.82702
OX637742.1 261000000 261500000 2094.19486
OX637742.1 261500000 262000000 2094.0808
OX637742.1 262000000 262500000 2095.83507
OX637742.1 262500000 263000000 2097.013
OX637742.1 263000000 263500000 2097.03844
OX637742.1 263500000 264000000 2096.06136
OX637742.1 264000000 264500000 2094.04054
OX637742.1 264500000 265000000 2094.33691
OX637742.1 265000000 265500000 2091.96455
OX637742.1 265500000 266000000 2092.02938
OX637742.1 266000000 266500000 2093.31286
OX637742.1 266500000 267000000 2095.50245
OX637742.1 267000000 267500000 2096.98571
OX637742.1 267500000 268000000 2098.14905
OX637742.1 268000000 268500000 2097.36677
OX637742.1 268500000 269000000 2096.95915
OX637742.1 269000000 269500000 2095.52244
OX637742.1 269500000 270000000 2093.05846
OX637742.1 270000000 270500000 2092.064
OX637742.1 270500000 271000000 2092.76405
OX637742.1 271000000 271500000 2091.38917
OX637742.1 271500000 272000000 2091.06012
OX637742.1 272000000 272500000 2091.14211
OX637742.1 272500000 273000000 2090.68687
OX637742.1 273000000 273500000 2091.55161
OX637742.1 273500000 274000000 2091.24191
OX637742.1 274000000 274500000 2091.03438
OX637742.1 274500000 275000000 2090.99678
OX637742.1 275000000 275500000 2089.16488
OX637742.1 275500000 276000000 2088.87568
OX637742.1 276000000 276500000 2088.09619
OX637742.1 276500000 277000000 2087.20158
OX637742.1 277000000 277500000 2086.20845
OX637742.1 277500000 278000000 2089.12186
OX637742.1 278000000 278500000 2090.05773
OX637742.1 278500000 279000000 2089.42588
OX637742.1 279000000 279500000 2088.39783
OX637742.1 279500000 280000000 2089.00377
OX637742.1 280000000 280500000 2089.56203
OX637742.1 280500000 281000000 2089.71463
OX637742.1 281000000 281500000 2090.0
OX637742.1 281500000 282000000 2090.03999
OX637742.1 282000000 282500000 2089.6176
OX637742.1 282500000 283000000 2089.36471
OX637742.1 283000000 283500000 2089.09961
OX637742.1 283500000 284000000 2092.00231
OX637742.1 284000000 284500000 2091.66604
OX637742.1 284500000 285000000 2090.04347
OX637742.1 285000000 285500000 2088.8748
OX637742.1 285500000 286000000 2087.29417
OX637742.1 286000000 286500000 2086.77169
OX637742.1 286500000 287000000 2086.0068
OX637742.1 287000000 287500000 2083.65811
OX637742.1 287500000 288000000 2082.37521
OX637742.1 288000000 288500000 2081.25979
OX637742.1 288500000 289000000 2080.20964
OX637742.1 289000000 289500000 2080.67828
OX637742.1 289500000 290000000 2082.04079
OX637742.1 290000000 290500000 2082.95695
OX637742.1 290500000 291000000 2083.03502
OX637742.1 291000000 291500000 2083.89536
OX637742.1 291500000 292000000 2083.08995
OX637742.1 292000000 292500000 2083.01826
OX637742.1 292500000 293000000 2083.00323
OX637742.1 293000000 293500000 2083.09316
OX637742.1 293500000 294000000 2083.82375
OX637742.1 294000000 294500000 2082.50651
OX637742.1 294500000 295000000 2083.92897
OX637742.1 295000000 295500000 2083.20252
OX637742.1 295500000 296000000 2082.06642
OX637742.1 296000000 296500000 2082.80073
OX637742.1 296500000 297000000 2082.13393
OX637742.1 297000000 297500000 2082.0
OX637742.1 297500000 298000000 2081.74253
OX637742.1 298000000 298500000 2079.83234
OX637742.1 298500000 299000000 2079.0
OX637742.1 299000000 299500000 2079.02426
OX637742.1 299500000 300000000 2079.37378
OX637742.1 300000000 300500000 2080.03908
OX637742.1 300500000 301000000 2078.5662
OX637742.1 301000000 301500000 2077.31002
OX637742.1 301500000 302000000 2076.0
OX637742.1 302000000 302500000 2075.40621
OX637742.1 302500000 303000000 2074.42558
OX637742.1 303000000 303500000 2074.06336
OX637742.1 303500000 304000000 2074.01055
OX637742.1 304000000 304500000 2074.8106
OX637742.1 304500000 305000000 2074.89275
OX637742.1 305000000 305500000 2075.01748
OX637742.1 305500000 306000000 2075.01437
OX637742.1 306000000 306500000 2075.27572
OX637742.1 306500000 307000000 2075.20709
OX637742.1 307000000 307500000 2074.122
OX637742.1 307500000 308000000 2073.20914
OX637742.1 308000000 308500000 2073.37688
OX637742.1 308500000 309000000 2073.03912
OX637742.1 309000000 309500000 2072.81699
OX637742.1 309500000 310000000 2071.53758
OX637742.1 310000000 310500000 2071.90189
OX637742.1 310500000 311000000 2072.028
OX637742.1 311000000 311500000 2071.67393
OX637742.1 311500000 312000000 2073.818
OX637742.1 312000000 312500000 2073.76503
OX637742.1 312500000 313000000 2073.07106
OX637742.1 313000000 313500000 2072.73829
OX637742.1 313500000 314000000 2071.83266
OX637742.1 314000000 314500000 2073.02794
OX637742.1 314500000 315000000 2073.00036
OX637742.1 315000000 315500000 2073.00072
OX637742.1 315500000 316000000 2073.06494
OX637742.1 316000000 316500000 2074.93174
OX637742.1 316500000 317000000 2075.088
OX637742.1 317000000 317500000 2077.1238
OX637742.1 317500000 318000000 2076.01903
OX637742.1 318000000 318500000 2075.7973
OX637742.1 318500000 319000000 2074.05108
OX637742.1 319000000 319500000 2073.53703
OX637742.1 319500000 320000000 2072.89888
OX637742.1 320000000 320500000 2071.87573
OX637742.1 320500000 321000000 2071.40857
OX637742.1 321000000 321500000 2071.01001
OX637742.1 321500000 322000000 2071.01046
OX637742.1 322000000 322500000 2071.88268
OX637742.1 322500000 323000000 2071.59799
OX637742.1 323000000 323500000 2070.75987
OX637742.1 323500000 324000000 2069.30855
OX637742.1 324000000 324500000 2068.04618
OX637742.1 324500000 325000000 2068.13181
OX637742.1 325000000 325500000 2067.60119
OX637742.1 325500000 326000000 2068.02092
OX637742.1 326000000 326500000 2068.62414
OX637742.1 326500000 327000000 2068.0
OX637742.1 327000000 327500000 2068.62004
OX637742.1 327500000 328000000 2067.81823
OX637742.1 328000000 328500000 2065.73913
OX637742.1 328500000 329000000 2065.10771
OX637742.1 329000000 329500000 2063.81613
OX637742.1 329500000 330000000 2063.43172
OX637742.1 330000000 330500000 2062.11029
OX637742.1 330500000 331000000 2062.50734
OX637742.1 331000000 331500000 2063.83816
OX637742.1 331500000 332000000 2063.0
OX637742.1 332000000 332500000 2063.00708
OX637742.1 332500000 333000000 2063.01892
OX637742.1 333000000 333500000 2062.90075
OX637742.1 333500000 334000000 2061.43399
OX637742.1 334000000 334500000 2061.14171
OX637742.1 334500000 335000000 2062.05091
OX637742.1 335000000 335500000 2061.31429
OX637742.1 335500000 336000000 2060.63536
OX637742.1 336000000 336500000 2060.71842
OX637742.1 336500000 337000000 2061.78417
OX637742.1 337000000 337500000 2062.0
OX637742.1 337500000 338000000 2060.50266
OX637742.1 338000000 338500000 2060.02798
OX637742.1 338500000 339000000 2059.71712
OX637742.1 339000000 339500000 2059.4057
OX637742.1 339500000 340000000 2058.92047
OX637742.1 340000000 340500000 2058.06881
OX637742.1 340500000 341000000 2057.37249
OX637742.1 341000000 341500000 2056.37476
OX637742.1 341500000 342000000 2054.83806
OX637742.1 342000000 342500000 2053.1763
OX637742.1 342500000 343000000 2053.14105
OX637742.1 343000000 343500000 2054.0
OX637742.1 343500000 344000000 2054.61024
OX637742.1 344000000 344500000 2054.32002
OX637742.1 344500000 345000000 2052.6084
OX637742.1 345000000 345500000 2052.01174
OX637742.1 345500000 346000000 2052.0258
OX637742.1 346000000 346500000 2052.01931
OX637742.1 346500000 347000000 2051.11457
OX637742.1 347000000 347500000 2049.10974
OX637742.1 347500000 348000000 2048.51078
OX637742.1 348000000 348500000 2050.53449
OX637742.1 348500000 349000000 2051.82935
OX637742.1 349000000 349500000 2052.01021
OX637742.1 349500000 350000000 2051.66409
OX637742.1 350000000 350500000 2051.00891
OX637742.1 350500000 351000000 2050.61858
OX637742.1 351000000 351500000 2049.12836
OX637742.1 351500000 352000000 2048.26129
OX637742.1 352000000 352500000 2048.03745
OX637742.1 352500000 353000000 2046.75619
OX637742.1 353000000 353500000 2045.33735
OX637742.1 353500000 354000000 2043.5498
OX637742.1 354000000 354500000 2042.2616
OX637742.1 354500000 355000000 2042.06246
OX637742.1 355000000 355500000 2041.71646
OX637742.1 355500000 356000000 2040.70218
OX637742.1 356000000 356500000 2040.02782
OX637742.1 356500000 357000000 2040.27647
OX637742.1 357000000 357500000 2041.04416
OX637742.1 357500000 358000000 2039.73026
OX637742.1 358000000 358500000 2037.39865
OX637742.1 358500000 359000000 2037.03309
OX637742.1 359000000 359500000 2037.60565
OX637742.1 359500000 360000000 2037.8359
OX637742.1 360000000 360500000 2037.33004
OX637742.1 360500000 361000000 2035.65841
OX637742.1 361000000 361500000 2036.57802
OX637742.1 361500000 362000000 2035.96276
OX637742.1 362000000 362500000 2034.58522
OX637742.1 362500000 363000000 2034.43158
OX637742.1 363000000 363500000 2034.15537
OX637742.1 363500000 364000000 2034.04392
OX637742.1 364000000 364500000 2034.0
OX637742.1 364500000 365000000 2033.68917
OX637742.1 365000000 365500000 2033.03631
OX637742.1 365500000 366000000 2033.02997
OX637742.1 366000000 366500000 2032.01075
OX637742.1 366500000 367000000 2031.5427
OX637742.1 367000000 367500000 2031.0
OX637742.1 367500000 368000000 2029.86568
OX637742.1 368000000 368500000 2026.22777
OX637742.1 368500000 369000000 2022.88696
OX637742.1 369000000 369500000 2023.19154
OX637742.1 369500000 370000000 2023.0
OX637742.1 370000000 370500000 2023.00955
OX637742.1 370500000 371000000 2021.68361
OX637742.1 371000000 371500000 2021.44364
OX637742.1 371500000 372000000 2023.10774
OX637742.1 372000000 372500000 2021.45546
OX637742.1 372500000 373000000 2019.56313
OX637742.1 373000000 373500000 2019.35495
OX637742.1 373500000 374000000 2019.1638
OX637742.1 374000000 374500000 2018.52443
OX637742.1 374500000 375000000 2015.54028
OX637742.1 375000000 375500000 2014.63916
OX637742.1 375500000 376000000 2014.0003
OX637742.1 376000000 376500000 2013.95493
OX637742.1 376500000 377000000 2011.86257
OX637742.1 377000000 377500000 2011.7909
OX637742.1 377500000 378000000 2012.27917
OX637742.1 378000000 378500000 2011.49611
OX637742.1 378500000 379000000 2009.37491
OX637742.1 379000000 379500000 2010.00137
OX637742.1 379500000 380000000 2008.4093
OX637742.1 380000000 380500000 2007.89332
OX637742.1 380500000 381000000 2007.32604
OX637742.1 381000000 381500000 2006.03381
OX637742.1 381500000 382000000 2005.28503
OX637742.1 382000000 382500000 2004.0
OX637742.1 382500000 383000000 2002.87321
OX637742.1 383000000 383500000 2000.69983
OX637742.1 383500000 384000000 2000.0
OX637742.1 384000000 384500000 1999.04941
OX637742.1 384500000 385000000 1997.70064
OX637742.1 385000000 385500000 1996.04188
OX637742.1 385500000 386000000 1995.29485
OX637742.1 386000000 386500000 1994.73603
OX637742.1 386500000 387000000 1995.07968
OX637742.1 387000000 387500000 1994.91619
OX637742.1 387500000 388000000 1992.33146
OX637742.1 388000000 388500000 1991.03032
OX637742.1 388500000 389000000 1990.21588
OX637742.1 389000000 389500000 1987.30889
OX637742.1 389500000 390000000 1985.85095
OX637742.1 390000000 390500000 1985.02327
OX637742.1 390500000 391000000 1983.25114
OX637742.1 391000000 391500000 1979.72121
OX637742.1 391500000 392000000 1976.94005
OX637742.1 392000000 392500000 1975.72948
OX637742.1 392500000 393000000 1975.06271
OX637742.1 393000000 393500000 1973.52676
OX637742.1 393500000 394000000 1972.03878
OX637742.1 394000000 394500000 1970.01839
OX637742.1 394500000 395000000 1968.0673
OX637742.1 395000000 395500000 1965.457
OX637742.1 395500000 396000000 1964.08568
OX637742.1 396000000 396500000 1961.3538
OX637742.1 396500000 397000000 1960.0
OX637742.1 397000000 397500000 1960.06505
OX637742.1 397500000 398000000 1960.02339
OX637742.1 398000000 398500000 1959.64844
OX637742.1 398500000 399000000 1957.2786
OX637742.1 399000000 399500000 1956.0
OX637742.1 399500000 400000000 1954.48631
OX637742.1 400000000 400500000 1951.02458
OX637742.1 400500000 401000000 1951.01866
OX637742.1 401000000 401500000 1950.065
OX637742.1 401500000 402000000 1948.89419
OX637742.1 402000000 402500000 1947.66023
OX637742.1 402500000 403000000 1945.24638
OX637742.1 403000000 403500000 1943.58825
OX637742.1 403500000 404000000 1940.58631
OX637742.1 404000000 404500000 1938.1221
OX637742.1 404500000 405000000 1937.9281
OX637742.1 405000000 405500000 1935.46785
OX637742.1 405500000 406000000 1935.04411
OX637742.1 406000000 406500000 1933.66868
OX637742.1 406500000 407000000 1932.01423
OX637742.1 407000000 407500000 1932.01762
OX637742.1 407500000 408000000 1931.34
OX637742.1 408000000 408500000 1929.46957
OX637742.1 408500000 409000000 1927.00695
OX637742.1 409000000 409500000 1923.33186
OX637742.1 409500000 410000000 1921.98053
OX637742.1 410000000 410500000 1920.65577
OX637742.1 410500000 411000000 1918.42152
OX637742.1 411000000 411500000 1917.29332
OX637742.1 411500000 412000000 1913.44015
OX637742.1 412000000 412500000 1913.02599
OX637742.1 412500000 413000000 1911.72932
OX637742.1 413000000 413500000 1909.02798
OX637742.1 413500000 414000000 1909.00383
OX637742.1 414000000 414500000 1907.10569
OX637742.1 414500000 415000000 1907.05963
OX637742.1 415000000 415500000 1906.3173
OX637742.1 415500000 416000000 1903.45345
OX637742.1 416000000 416500000 1900.08401
OX637742.1 416500000 417000000 1897.46105
OX637742.1 417000000 417500000 1895.81338
OX637742.1 417500000 418000000 1891.72735
OX637742.1 418000000 418500000 1889.01035
OX637742.1 418500000 419000000 1888.27786
OX637742.1 419000000 419500000 1885.79316
OX637742.1 419500000 420000000 1884.05036
OX637742.1 420000000 420500000 1882.26417
OX637742.1 420500000 421000000 1880.12968
OX637742.1 421000000 421500000 1879.0
OX637742.1 421500000 422000000 1876.21757
OX637742.1 422000000 422500000 1875.0
OX637742.1 422500000 423000000 1874.27668
OX637742.1 423000000 423500000 1871.59088
OX637742.1 423500000 424000000 1871.01012
OX637742.1 424000000 424500000 1870.39681
OX637742.1 424500000 425000000 1865.89371
OX637742.1 425000000 425500000 1862.22678
OX637742.1 425500000 426000000 1861.96399
OX637742.1 426000000 426500000 1860.31468
OX637742.1 426500000 427000000 1859.45963
OX637742.1 427000000 427500000 1856.4327
OX637742.1 427500000 428000000 1854.74231
OX637742.1 428000000 428500000 1851.75823
OX637742.1 428500000 429000000 1850.11853
OX637742.1 429000000 429500000 1845.68722
OX637742.1 429500000 430000000 1842.46707
OX637742.1 430000000 430500000 1841.22504
OX637742.1 430500000 431000000 1839.03781
OX637742.1 431000000 431500000 1839.63377
OX637742.1 431500000 432000000 1837.56273
OX637742.1 432000000 432500000 1835.11229
OX637742.1 432500000 433000000 1831.24148
OX637742.1 433000000 433500000 1829.0
OX637742.1 433500000 434000000 1827.97813
OX637742.1 434000000 434500000 1824.8834
OX637742.1 434500000 435000000 1824.01302
OX637742.1 435000000 435500000 1821.04254
OX637742.1 435500000 436000000 1816.25082
OX637742.1 436000000 436500000 1813.81348
OX637742.1 436500000 437000000 1810.77448
OX637742.1 437000000 437500000 1806.96639
OX637742.1 437500000 438000000 1805.47518
OX637742.1 438000000 438500000 1804.27949
OX637742.1 438500000 439000000 1803.54751
OX637742.1 439000000 439500000 1800.61098
OX637742.1 439500000 440000000 1797.32418
OX637742.1 440000000 440500000 1796.22469
OX637742.1 440500000 441000000 1794.22071
OX637742.1 441000000 441500000 1792.1765
OX637742.1 441500000 442000000 1785.67718
OX637742.1 442000000 442500000 1777.26233
OX637742.1 442500000 443000000 1773.65201
OX637742.1 443000000 443500000 1770.17601
OX637742.1 443500000 444000000 1763.97342
OX637742.1 444000000 444500000 1762.04125
OX637742.1 444500000 445000000 1759.69141
OX637742.1 445000000 445500000 1758.20925
OX637742.1 445500000 446000000 1756.07035
OX637742.1 446000000 446500000 1752.25416
OX637742.1 446500000 447000000 1749.2082
OX637742.1 447000000 447500000 1745.13224
OX637742.1 447500000 448000000 1743.91961
OX637742.1 448000000 448500000 1741.2372
OX637742.1 448500000 449000000 1739.49979
OX637742.1 449000000 449500000 1735.56715
OX637742.1 449500000 450000000 1732.04287
OX637742.1 450000000 450500000 1729.18133
OX637742.1 450500000 451000000 1727.36384
OX637742.1 451000000 451500000 1723.59747
OX637742.1 451500000 452000000 1719.43858
OX637742.1 452000000 452500000 1713.83312
OX637742.1 452500000 453000000 1704.12226
OX637742.1 453000000 453500000 1698.04528
OX637742.1 453500000 454000000 1694.08259
OX637742.1 454000000 454500000 1688.63212
OX637742.1 454500000 455000000 1685.73414
OX637742.1 455000000 455500000 1679.82433
OX637742.1 455500000 456000000 1676.11867
OX637742.1 456000000 456500000 1674.4609
OX637742.1 456500000 457000000 1669.17305
OX637742.1 457000000 457500000 1662.02915
OX637742.1 457500000 458000000 1659.26438
OX637742.1 458000000 458500000 1652.22967
OX637742.1 458500000 459000000 1648.24356
OX637742.1 459000000 459500000 1645.55057
OX637742.1 459500000 460000000 1643.06932
OX637742.1 460000000 460500000 1642.75025
OX637742.1 460500000 461000000 1637.7443
OX637742.1 461000000 461500000 1634.71705
OX637742.1 461500000 462000000 1631.84286
OX637742.1 462000000 462500000 1626.23011
OX637742.1 462500000 463000000 1622.00557
OX637742.1 463000000 463500000 1621.02576
OX637742.1 463500000 464000000 1617.13082
OX637742.1 464000000 464500000 1612.619
OX637742.1 464500000 465000000 1609.21182
OX637742.1 465000000 465500000 1604.59158
OX637742.1 465500000 466000000 1593.41923
OX637742.1 466000000 466500000 1587.43711
OX637742.1 466500000 467000000 1583.77485
OX637742.1 467000000 467500000 1579.18755
OX637742.1 467500000 468000000 1575.26581
OX637742.1 468000000 468500000 1569.93051
OX637742.1 468500000 469000000 1560.65817
OX637742.1 469000000 469500000 1553.8352
OX637742.1 469500000 470000000 1548.53013
OX637742.1 470000000 470500000 1538.81446
OX637742.1 470500000 471000000 1532.21479
OX637742.1 471000000 471500000 1530.85653
OX637742.1 471500000 472000000 1525.40504
OX637742.1 472000000 472500000 1519.82955
OX637742.1 472500000 473000000 1515.81641
OX637742.1 473000000 473500000 1512.17148
OX637742.1 473500000 474000000 1509.00823
OX637742.1 474000000 474500000 1503.1462
OX637742.1 474500000 475000000 1500.63214
OX637742.1 475000000 475500000 1498.31658
OX637742.1 475500000 476000000 1491.45512
OX637742.1 476000000 476500000 1488.30713
OX637742.1 476500000 477000000 1483.47471
OX637742.1 477000000 477500000 1479.23307
OX637742.1 477500000 478000000 1472.76914
OX637742.1 478000000 478500000 1460.67821
OX637742.1 478500000 479000000 1455.5266
OX637742.1 479000000 479500000 1452.77669
OX637742.1 479500000 480000000 1447.2822
OX637742.1 480000000 480500000 1443.29088
OX637742.1 480500000 481000000 1438.28257
OX637742.1 481000000 481500000 1430.29575
OX637742.1 481500000 482000000 1421.29233
OX637742.1 482000000 482500000 1415.56254
OX637742.1 482500000 483000000 1406.75218
OX637742.1 483000000 483500000 1405.18637
OX637742.1 483500000 484000000 1405.0
OX637742.1 484000000 484500000 1401.78154
OX637742.1 484500000 485000000 1393.17845
OX637742.1 485000000 485500000 1390.21435
OX637742.1 485500000 486000000 1383.99763
OX637742.1 486000000 486500000 1377.99939
OX637742.1 486500000 487000000 1370.83246
OX637742.1 487000000 487500000 1360.42383
OX637742.1 487500000 488000000 1351.62983
OX637742.1 488000000 488500000 1340.35117
OX637742.1 488500000 489000000 1330.89798
OX637742.1 489000000 489500000 1323.19684
OX637742.1 489500000 490000000 1316.05213
OX637742.1 490000000 490500000 1306.48432
OX637742.1 490500000 491000000 1299.08002
OX637742.1 491000000 491500000 1291.56493
OX637742.1 491500000 492000000 1281.69634
OX637742.1 492000000 492500000 1271.08166
OX637742.1 492500000 493000000 1265.72065
OX637742.1 493000000 493500000 1258.11996
OX637742.1 493500000 494000000 1251.79817
OX637742.1 494000000 494500000 1242.0596
OX637742.1 494500000 495000000 1233.88881
OX637742.1 495000000 495500000 1229.15277
OX637742.1 495500000 496000000 1219.46282
OX637742.1 496000000 496500000 1207.15595
OX637742.1 496500000 497000000 1200.73227
OX637742.1 497000000 497500000 1191.68106
OX637742.1 497500000 498000000 1181.00639
OX637742.1 498000000 498500000 1171.75494
OX637742.1 498500000 499000000 1164.7252
OX637742.1 499000000 499500000 1154.99319
OX637742.1 499500000 500000000 1143.66981
OX637742.1 500000000 500500000 1131.28977
OX637742.1 500500000 501000000 1126.44801
OX637742.1 501000000 501500000 1114.96646
OX637742.1 501500000 502000000 1110.77205
OX637742.1 502000000 502500000 1096.43627
OX637742.1 502500000 503000000 1086.23844
OX637742.1 503000000 503500000 1078.80412
OX637742.1 503500000 504000000 1067.78627
OX637742.1 504000000 504500000 1059.74524
OX637742.1 504500000 505000000 1045.97794
OX637742.1 505000000 505500000 1034.40762
OX637742.1 505500000 506000000 1022.25574
OX637742.1 506000000 506500000 1009.24222
OX637742.1 506500000 507000000 989.89975
OX637742.1 507000000 507500000 971.70571
OX637742.1 507500000 508000000 956.44881
OX637742.1 508000000 508500000 926.94047
OX637742.1 508500000 509000000 903.86505
OX637742.1 509000000 509500000 883.47489
OX637742.1 509500000 510000000 862.57679
OX637742.1 510000000 510500000 836.04156
OX637742.1 510500000 511000000 810.67183
OX637742.1 511000000 511500000 789.74155
OX637742.1 511500000 512000000 780.60149
OX637742.1 512000000 512500000 768.54038
OX637742.1 512500000 513000000 744.20484
OX637742.1 513000000 513500000 717.00138
OX637742.1 513500000 514000000 696.54458
OX637742.1 514000000 514500000 677.97353
OX637742.1 514500000 515000000 662.95679
OX637742.1 515000000 515500000 640.16554
OX637742.1 515500000 516000000 615.76964
OX637742.1 516000000 516500000 585.41057
OX637742.1 516500000 517000000 559.67341
OX637742.1 517000000 517500000 534.00657
OX637742.1 517500000 518000000 505.39356
OX637742.1 518000000 518500000 477.50629
OX637742.1 518500000 519000000 448.28816
OX637742.1 519000000 519500000 426.71415
OX637742.1 519500000 520000000 394.28036
OX637742.1 520000000 520500000 362.60628
OX637742.1 520500000 521000000 318.55248
OX637742.1 521000000 521500000 274.594
OX637742.1 521500000 522000000 237.41847
OX637742.1 522000000 522500000 192.13669
OX637742.1 522500000 523000000 136.40433
OX637742.1 523000000 523500000 32.0569
OX637742.1 523500000 524000000 3.0
OX637742.1 524000000 524500000 3.0
OX637742.1 524500000 524680327 2.8259
OX637749.1 0 500000 7.52976
OX637749.1 500000 1000000 29.08178
OX637749.1 1000000 1500000 77.10526
OX637749.1 1500000 2000000 81.42084
OX637749.1 2000000 2500000 82.0
OX637749.1 2500000 3000000 82.65548
OX637749.1 3000000 3500000 94.2973
OX637749.1 3500000 4000000 107.65038
OX637749.1 4000000 4500000 154.29933
OX637749.1 4500000 5000000 188.5341
OX637749.1 5000000 5500000 191.21806
OX637749.1 5500000 6000000 203.81376
OX637749.1 6000000 6500000 242.71567
OX637749.1 6500000 7000000 281.88726
OX637749.1 7000000 7500000 304.31991
OX637749.1 7500000 8000000 341.1338
OX637749.1 8000000 8500000 381.57907
OX637749.1 8500000 9000000 408.47075
OX637749.1 9000000 9500000 431.05921
OX637749.1 9500000 10000000 446.53016
OX637749.1 10000000 10500000 465.15969
OX637749.1 10500000 11000000 478.00441
OX637749.1 11000000 11500000 492.75035
OX637749.1 11500000 12000000 514.90889
OX637749.1 12000000 12500000 526.79762
OX637749.1 12500000 13000000 555.97495
OX637749.1 13000000 13500000 570.72295
OX637749.1 13500000 14000000 581.6872
OX637749.1 14000000 14500000 599.80951
OX637749.1 14500000 15000000 622.34823
OX637749.1 15000000 15500000 634.35085
OX637749.1 15500000 16000000 658.43266
OX637749.1 16000000 16500000 677.61991
OX637749.1 16500000 17000000 690.80723
OX637749.1 17000000 17500000 703.34244
OX637749.1 17500000 18000000 720.63101
OX637749.1 18000000 18500000 736.2824
OX637749.1 18500000 19000000 750.05954
OX637749.1 19000000 19500000 774.33502
OX637749.1 19500000 20000000 794.47917
OX637749.1 20000000 20500000 801.56108
OX637749.1 20500000 21000000 810.01591
OX637749.1 21000000 21500000 823.9306
OX637749.1 21500000 22000000 835.76894
OX637749.1 22000000 22500000 850.12602
OX637749.1 22500000 23000000 860.86115
OX637749.1 23000000 23500000 868.35956
OX637749.1 23500000 24000000 875.64639
OX637749.1 24000000 24500000 888.46945
OX637749.1 24500000 25000000 900.46269
OX637749.1 25000000 25500000 908.67844
OX637749.1 25500000 26000000 915.77863
OX637749.1 26000000 26500000 922.00272
OX637749.1 26500000 27000000 929.55439
OX637749.1 27000000 27500000 936.60487
OX637749.1 27500000 28000000 942.93211
OX637749.1 28000000 28500000 952.50717
OX637749.1 28500000 29000000 964.95444
OX637749.1 29000000 29500000 977.70626
OX637749.1 29500000 30000000 987.32433
OX637749.1 30000000 30500000 1000.32723
OX637749.1 30500000 31000000 1015.64309
OX637749.1 31000000 31500000 1021.49832
OX637749.1 31500000 32000000 1027.06533
OX637749.1 32000000 32500000 1032.35653
OX637749.1 32500000 33000000 1040.50969
OX637749.1 33000000 33500000 1046.69423
OX637749.1 33500000 34000000 1053.4174
OX637749.1 34000000 34500000 1057.43444
OX637749.1 34500000 35000000 1060.99202
OX637749.1 35000000 35500000 1069.82938
OX637749.1 35500000 36000000 1077.61402
OX637749.1 36000000 36500000 1085.75882
OX637749.1 36500000 37000000 1096.40041
OX637749.1 37000000 37500000 1102.48745
OX637749.1 37500000 38000000 1104.41559
OX637749.1 38000000 38500000 1108.60847
OX637749.1 38500000 39000000 1112.7349
OX637749.1 39000000 39500000 1120.27804
OX637749.1 39500000 40000000 1127.92836
OX637749.1 40000000 40500000 1134.92133
OX637749.1 40500000 41000000 1140.24398
OX637749.1 41000000 41500000 1146.4868
OX637749.1 41500000 42000000 1155.80563
OX637749.1 42000000 42500000 1167.25347
OX637749.1 42500000 43000000 1177.14706
OX637749.1 43000000 43500000 1180.19071
OX637749.1 43500000 44000000 1182.67307
OX637749.1 44000000 44500000 1189.97566
OX637749.1 44500000 45000000 1196.04581
OX637749.1 45000000 45500000 1199.5818
OX637749.1 45500000 46000000 1205.40091
OX637749.1 46000000 46500000 1206.89628
OX637749.1 46500000 47000000 1211.18911
OX637749.1 47000000 47500000 1217.45589
OX637749.1 47500000 48000000 1224.47522
OX637749.1 48000000 48500000 1228.81406
OX637749.1 48500000 49000000 1231.72444
OX637749.1 49000000 49500000 1234.72535
OX637749.1 49500000 50000000 1239.51228
OX637749.1 50000000 50500000 1244.5494
OX637749.1 50500000 51000000 1248.348
OX637749.1 51000000 51500000 1251.90754
OX637749.1 51500000 52000000 1254.63594
OX637749.1 52000000 52500000 1257.8538
OX637749.1 52500000 53000000 1262.82528
OX637749.1 53000000 53500000 1264.55952
OX637749.1 53500000 54000000 1266.51795
OX637749.1 54000000 54500000 1268.70607
OX637749.1 54500000 55000000 1270.81308
OX637749.1 55000000 55500000 1271.7945
OX637749.1 55500000 56000000 1273.76626
OX637749.1 56000000 56500000 1278.87021
OX637749.1 56500000 57000000 1284.5397
OX637749.1 57000000 57500000 1289.11638
OX637749.1 57500000 58000000 1293.04326
OX637749.1 58000000 58500000 1296.29297
OX637749.1 58500000 59000000 1297.85071
OX637749.1 59000000 59500000 1299.63869
OX637749.1 59500000 60000000 1302.88695
OX637749.1 60000000 60500000 1306.79838
OX637749.1 60500000 61000000 1313.96584
OX637749.1 61000000 61500000 1322.44132
OX637749.1 61500000 62000000 1328.34209
OX637749.1 62000000 62500000 1332.93362
OX637749.1 62500000 63000000 1337.55393
OX637749.1 63000000 63500000 1339.14394
OX637749.1 63500000 64000000 1341.21912
OX637749.1 64000000 64500000 1345.34772
OX637749.1 64500000 65000000 1346.87004
OX637749.1 65000000 65500000 1347.86047
OX637749.1 65500000 66000000 1350.50082
OX637749.1 66000000 66500000 1359.19863
OX637749.1 66500000 67000000 1364.96837
OX637749.1 67000000 67500000 1368.85629
OX637749.1 67500000 68000000 1372.9509
OX637749.1 68000000 68500000 1374.57228
OX637749.1 68500000 69000000 1378.86226
OX637749.1 69000000 69500000 1380.637
OX637749.1 69500000 70000000 1382.58756
OX637749.1 70000000 70500000 1382.91069
OX637749.1 70500000 71000000 1383.13782
OX637749.1 71000000 71500000 1382.65522
OX637749.1 71500000 72000000 1383.85702
OX637749.1 72000000 72500000 1390.61217
OX637749.1 72500000 73000000 1394.68639
OX637749.1 73000000 73500000 1396.49244
OX637749.1 73500000 74000000 1399.30457
OX637749.1 74000000 74500000 1400.74613
OX637749.1 74500000 75000000 1403.70402
OX637749.1 75000000 75500000 1403.0945
OX637749.1 75500000 76000000 1403.28933
OX637749.1 76000000 76500000 1402.18267
OX637749.1 76500000 77000000 1403.11747
OX637749.1 77000000 77500000 1401.93906
OX637749.1 77500000 78000000 1403.16689
OX637749.1 78000000 78500000 1404.42667
OX637749.1 78500000 79000000 1405.81653
OX637749.1 79000000 79500000 1405.02413
OX637749.1 79500000 80000000 1409.41334
OX637749.1 80000000 80500000 1409.89789
OX637749.1 80500000 81000000 1410.2386
OX637749.1 81000000 81500000 1410.34615
OX637749.1 81500000 82000000 1417.85568
OX637749.1 82000000 82500000 1429.67347
OX637749.1 82500000 83000000 1445.57422
OX637749.1 83000000 83500000 1446.0
OX637749.1 83500000 84000000 1448.52932
OX637749.1 84000000 84500000 1455.90366
OX637749.1 84500000 85000000 1463.07345
OX637749.1 85000000 85500000 1473.27887
OX637749.1 85500000 86000000 1484.00333
OX637749.1 86000000 86500000 1491.33866
OX637749.1 86500000 87000000 1494.24332
OX637749.1 87000000 87500000 1500.99712
OX637749.1 87500000 88000000 1510.96292
OX637749.1 88000000 88500000 1521.19113
OX637749.1 88500000 89000000 1525.89236
OX637749.1 89000000 89500000 1528.68009
OX637749.1 89500000 90000000 1531.95191
OX637749.1 90000000 90500000 1535.21428
OX637749.1 90500000 91000000 1539.79728
OX637749.1 91000000 91500000 1546.43312
OX637749.1 91500000 92000000 1554.04347
OX637749.1 92000000 92500000 1565.05073
OX637749.1 92500000 93000000 1572.58985
OX637749.1 93000000 93500000 1575.94217
OX637749.1 93500000 94000000 1581.73879
OX637749.1 94000000 94500000 1585.12058
OX637749.1 94500000 95000000 1589.26096
OX637749.1 95000000 95500000 1590.11382
OX637749.1 95500000 96000000 1594.06301
OX637749.1 96000000 96500000 1597.87753
OX637749.1 96500000 97000000 1603.02745
OX637749.1 97000000 97500000 1606.52378
OX637749.1 97500000 98000000 1611.08878
OX637749.1 98000000 98500000 1613.09063
OX637749.1 98500000 99000000 1615.42181
OX637749.1 99000000 99500000 1617.76844
OX637749.1 99500000 100000000 1622.88196
OX637749.1 100000000 100500000 1623.0
OX637749.1 100500000 101000000 1623.13471
OX637749.1 101000000 101500000 1625.82013
OX637749.1 101500000 102000000 1632.23043
OX637749.1 102000000 102500000 1637.43624
OX637749.1 102500000 103000000 1642.81106
OX637749.1 103000000 103500000 1649.04126
OX637749.1 103500000 104000000 1652.10195
OX637749.1 104000000 104500000 1657.87371
OX637749.1 104500000 105000000 1663.22708
OX637749.1 105000000 105500000 1665.14739
OX637749.1 105500000 106000000 1668.78226
OX637749.1 106000000 106500000 1673.02313
OX637749.1 106500000 107000000 1677.62591
OX637749.1 107000000 107500000 1683.69002
OX637749.1 107500000 108000000 1687.95671
OX637749.1 108000000 108500000 1690.77571
OX637749.1 108500000 109000000 1691.30371
OX637749.1 109000000 109500000 1695.01028
OX637749.1 109500000 110000000 1698.76194
OX637749.1 110000000 110500000 1702.46892
OX637749.1 110500000 111000000 1705.53168
OX637749.1 111000000 111500000 1708.10812
OX637749.1 111500000 112000000 1713.53475
OX637749.1 112000000 112500000 1717.97489
OX637749.1 112500000 113000000 1722.06777
OX637749.1 113000000 113500000 1726.55338
OX637749.1 113500000 114000000 1729.45971
OX637749.1 114000000 114500000 1732.01622
OX637749.1 114500000 115000000 1732.26805
OX637749.1 115000000 115500000 1734.51726
OX637749.1 115500000 116000000 1737.93044
OX637749.1 116000000 116500000 1740.79128
OX637749.1 116500000 117000000 1743.18749
OX637749.1 117000000 117500000 1746.29097
OX637749.1 117500000 118000000 1748.17205
OX637749.1 118000000 118500000 1749.97533
OX637749.1 118500000 119000000 1753.33788
OX637749.1 119000000 119500000 1752.03775
OX637749.1 119500000 120000000 1753.69362
OX637749.1 120000000 120500000 1755.06032
OX637749.1 120500000 121000000 1759.16339
OX637749.1 121000000 121500000 1760.68326
OX637749.1 121500000 122000000 1760.91154
OX637749.1 122000000 122500000 1761.71306
OX637749.1 122500000 123000000 1763.47405
OX637749.1 123000000 123500000 1765.2744
OX637749.1 123500000 124000000 1769.30052
OX637749.1 124000000 124500000 1772.84598
OX637749.1 124500000 125000000 1776.56156
OX637749.1 125000000 125500000 1780.29674
OX637749.1 125500000 126000000 1782.76148
OX637749.1 126000000 126500000 1783.25849
OX637749.1 126500000 127000000 1786.22402
OX637749.1 127000000 127500000 1791.31387
OX637749.1 127500000 128000000 1795.50914
OX637749.1 128000000 128500000 1796.3815
OX637749.1 128500000 129000000 1796.97045
OX637749.1 129000000 129500000 1798.73089
OX637749.1 129500000 130000000 1801.07524
OX637749.1 130000000 130500000 1803.43287
OX637749.1 130500000 131000000 1804.0
OX637749.1 131000000 131500000 1804.94359
OX637749.1 131500000 132000000 1806.2245
OX637749.1 132000000 132500000 1808.88704
OX637749.1 132500000 133000000 1809.87947
OX637749.1 133000000 133500000 1811.0
OX637749.1 133500000 134000000 1811.0
OX637749.1 134000000 134500000 1811.28204
OX637749.1 134500000 135000000 1815.5987
OX637749.1 135000000 135500000 1821.51753
OX637749.1 135500000 136000000 1823.70186
OX637749.1 136000000 136500000 1825.80697
OX637749.1 136500000 137000000 1827.31629
OX637749.1 137000000 137500000 1828.0
OX637749.1 137500000 138000000 1828.0
OX637749.1 138000000 138500000 1828.08863
OX637749.1 138500000 139000000 1827.85419
OX637749.1 139000000 139500000 1826.70155
OX637749.1 139500000 140000000 1828.31574
OX637749.1 140000000 140500000 1830.79546
OX637749.1 140500000 141000000 1831.81755
OX637749.1 141000000 141500000 1831.74359
OX637749.1 141500000 142000000 1830.90859
OX637749.1 142000000 142500000 1831.0
OX637749.1 142500000 143000000 1831.618
OX637749.1 143000000 143500000 1831.04083
OX637749.1 143500000 144000000 1832.51176
OX637749.1 144000000 144500000 1835.75735
OX637749.1 144500000 145000000 1836.79558
OX637749.1 145000000 145500000 1838.47898
OX637749.1 145500000 146000000 1839.00988
OX637749.1 146000000 146500000 1838.10842
OX637749.1 146500000 147000000 1838.07707
OX637749.1 147000000 147500000 1839.91721
OX637749.1 147500000 148000000 1842.21665
OX637749.1 148000000 148500000 1845.3852
OX637749.1 148500000 149000000 1847.02778
OX637749.1 149000000 149500000 1848.73889
OX637749.1 149500000 150000000 1851.62291
OX637749.1 150000000 150500000 1854.21633
OX637749.1 150500000 151000000 1855.71064
OX637749.1 151000000 151500000 1858.09026
OX637749.1 151500000 152000000 1859.18932
OX637749.1 152000000 152500000 1863.46332
OX637749.1 152500000 153000000 1864.29622
OX637749.1 153000000 153500000 1865.88456
OX637749.1 153500000 154000000 1867.58252
OX637749.1 154000000 154500000 1868.10535
OX637749.1 154500000 155000000 1869.75654
OX637749.1 155000000 155500000 1871.51246
OX637749.1 155500000 156000000 1874.35931
OX637749.1 156000000 156500000 1875.70521
OX637749.1 156500000 157000000 1876.04285
OX637749.1 157000000 157500000 1877.54925
OX637749.1 157500000 158000000 1878.0
OX637749.1 158000000 158500000 1878.02959
OX637749.1 158500000 159000000 1878.83422
OX637749.1 159000000 159500000 1884.82686
OX637749.1 159500000 160000000 1888.36767
OX637749.1 160000000 160500000 1888.7434
OX637749.1 160500000 161000000 1890.69738
OX637749.1 161000000 161500000 1893.44754
OX637749.1 161500000 162000000 1895.34551
OX637749.1 162000000 162500000 1897.29276
OX637749.1 162500000 163000000 1900.25988
OX637749.1 163000000 163500000 1902.17463
OX637749.1 163500000 164000000 1903.93503
OX637749.1 164000000 164500000 1904.16367
OX637749.1 164500000 165000000 1904.76587
OX637749.1 165000000 165500000 1906.81862
OX637749.1 165500000 166000000 1907.89442
OX637749.1 166000000 166500000 1910.42801
OX637749.1 166500000 167000000 1914.07114
OX637749.1 167000000 167500000 1915.8888
OX637749.1 167500000 168000000 1916.04593
OX637749.1 168000000 168500000 1918.16336
OX637749.1 168500000 169000000 1920.92532
OX637749.1 169000000 169500000 1922.35935
OX637749.1 169500000 170000000 1924.22045
OX637749.1 170000000 170500000 1925.71982
OX637749.1 170500000 171000000 1926.75001
OX637749.1 171000000 171500000 1927.04691
OX637749.1 171500000 172000000 1928.12084
OX637749.1 172000000 172500000 1929.00053
OX637749.1 172500000 173000000 1928.59625
OX637749.1 173000000 173500000 1929.91429
OX637749.1 173500000 174000000 1931.92276
OX637749.1 174000000 174500000 1933.37276
OX637749.1 174500000 175000000 1934.09061
OX637749.1 175000000 175500000 1934.48192
OX637749.1 175500000 176000000 1935.06259
OX637749.1 176000000 176500000 1935.51956
OX637749.1 176500000 177000000 1938.74001
OX637749.1 177000000 177500000 1941.66176
OX637749.1 177500000 178000000 1943.02566
OX637749.1 178000000 178500000 1946.0
OX637749.1 178500000 179000000 1946.96861
OX637749.1 179000000 179500000 1949.57462
OX637749.1 179500000 180000000 1951.05584
OX637749.1 180000000 180500000 1953.32554
OX637749.1 180500000 181000000 1954.04775
OX637749.1 181000000 181500000 1954.0
OX637749.1 181500000 182000000 1954.51418
OX637749.1 182000000 182500000 1956.15438
OX637749.1 182500000 183000000 1958.0
OX637749.1 183000000 183500000 1957.99656
OX637749.1 183500000 184000000 1957.01631
OX637749.1 184000000 184500000 1957.06823
OX637749.1 184500000 185000000 1958.02747
OX637749.1 185000000 185500000 1959.39891
OX637749.1 185500000 186000000 1960.03255
OX637749.1 186000000 186500000 1960.60281
OX637749.1 186500000 187000000 1963.005
OX637749.1 187000000 187500000 1963.02552
OX637749.1 187500000 188000000 1963.21641
OX637749.1 188000000 188500000 1964.02179
OX637749.1 188500000 189000000 1964.70335
OX637749.1 189000000 189500000 1965.01675
OX637749.1 189500000 190000000 1964.71363
OX637749.1 190000000 190500000 1965.37176
OX637749.1 190500000 191000000 1967.58687
OX637749.1 191000000 191500000 1969.00046
OX637749.1 191500000 192000000 1969.38732
OX637749.1 192000000 192500000 1971.01907
OX637749.1 192500000 193000000 1971.7529
OX637749.1 193000000 193500000 1973.09617
OX637749.1 193500000 194000000 1974.99383
OX637749.1 194000000 194500000 1975.38124
OX637749.1 194500000 195000000 1976.69466
OX637749.1 195000000 195500000 1978.54674
OX637749.1 195500000 196000000 1979.01622
OX637749.1 196000000 196500000 1979.05566
OX637749.1 196500000 197000000 1979.01357
OX637749.1 197000000 197500000 1979.86263
OX637749.1 197500000 198000000 1980.03285
OX637749.1 198000000 198500000 1979.47022
OX637749.1 198500000 199000000 1980.15373
OX637749.1 199000000 199500000 1984.54821
OX637749.1 199500000 200000000 1985.84575
OX637749.1 200000000 200500000 1986.61576
OX637749.1 200500000 201000000 1987.10248
OX637749.1 201000000 201500000 1988.64343
OX637749.1 201500000 202000000 1989.09138
OX637749.1 202000000 202500000 1988.0055
OX637749.1 202500000 203000000 1988.35081
OX637749.1 203000000 203500000 1990.0
OX637749.1 203500000 204000000 1991.37199
OX637749.1 204000000 204500000 1992.01605
OX637749.1 204500000 205000000 1991.54752
OX637749.1 205000000 205500000 1991.031
OX637749.1 205500000 206000000 1992.2802
OX637749.1 206000000 206500000 1993.32947
OX637749.1 206500000 207000000 1995.0
OX637749.1 207000000 207500000 1995.00967
OX637749.1 207500000 208000000 1994.74117
OX637749.1 208000000 208500000 1995.09988
OX637749.1 208500000 209000000 1996.0357
OX637749.1 209000000 209500000 1997.09828
OX637749.1 209500000 210000000 1998.0
OX637749.1 210000000 210500000 1998.09225
OX637749.1 210500000 211000000 1998.27457
OX637749.1 211000000 211500000 1999.40368
OX637749.1 211500000 212000000 2001.86313
OX637749.1 212000000 212500000 2005.37143
OX637749.1 212500000 213000000 2007.29399
OX637749.1 213000000 213500000 2008.0
OX637749.1 213500000 214000000 2008.99222
OX637749.1 214000000 214500000 2011.06095
OX637749.1 214500000 215000000 2011.4661
OX637749.1 215000000 215500000 2012.01345
OX637749.1 215500000 216000000 2012.02285
OX637749.1 216000000 216500000 2011.68668
OX637749.1 216500000 217000000 2011.01436
OX637749.1 217000000 217500000 2011.03306
OX637749.1 217500000 218000000 2011.29801
OX637749.1 218000000 218500000 2013.06569
OX637749.1 218500000 219000000 2014.45262
OX637749.1 219000000 219500000 2016.78384
OX637749.1 219500000 220000000 2014.54446
OX637749.1 220000000 220500000 2015.37193
OX637749.1 220500000 221000000 2015.76804
OX637749.1 221000000 221500000 2018.12667
OX637749.1 221500000 222000000 2020.20821
OX637749.1 222000000 222500000 2021.01389
OX637749.1 222500000 223000000 2021.02638
OX637749.1 223000000 223500000 2021.53416
OX637749.1 223500000 224000000 2023.6766
OX637749.1 224000000 224500000 2025.17656
OX637749.1 224500000 225000000 2027.92429
OX637749.1 225000000 225500000 2029.87762
OX637749.1 225500000 226000000 2031.50126
OX637749.1 226000000 226500000 2032.37227
OX637749.1 226500000 227000000 2033.66463
OX637749.1 227000000 227500000 2035.21819
OX637749.1 227500000 228000000 2036.04529
OX637749.1 228000000 228500000 2035.82602
OX637749.1 228500000 229000000 2035.77804
OX637749.1 229000000 229500000 2036.01928
OX637749.1 229500000 230000000 2036.05979
OX637749.1 230000000 230500000 2036.13269
OX637749.1 230500000 231000000 2036.10049
OX637749.1 231000000 231500000 2036.0
OX637749.1 231500000 232000000 2036.80981
OX637749.1 232000000 232500000 2037.96641
OX637749.1 232500000 233000000 2039.7418
OX637749.1 233000000 233500000 2040.15441
OX637749.1 233500000 234000000 2041.01132
OX637749.1 234000000 234500000 2040.21403
OX637749.1 234500000 235000000 2042.6149
OX637749.1 235000000 235500000 2043.57808
OX637749.1 235500000 236000000 2044.05729
OX637749.1 236000000 236500000 2044.8221
OX637749.1 236500000 237000000 2046.06316
OX637749.1 237000000 237500000 2046.061
OX637749.1 237500000 238000000 2046.80876
OX637749.1 238000000 238500000 2048.10895
OX637749.1 238500000 239000000 2049.01389
OX637749.1 239000000 239500000 2049.02066
OX637749.1 239500000 240000000 2048.92664
OX637749.1 240000000 240500000 2048.0181
OX637749.1 240500000 241000000 2049.01843
OX637749.1 241000000 241500000 2049.67631
OX637749.1 241500000 242000000 2050.7189
OX637749.1 242000000 242500000 2051.1827
OX637749.1 242500000 243000000 2051.0
OX637749.1 243000000 243500000 2051.72002
OX637749.1 243500000 244000000 2053.71077
OX637749.1 244000000 244500000 2054.04686
OX637749.1 244500000 245000000 2054.02582
OX637749.1 245000000 245500000 2054.01337
OX637749.1 245500000 246000000 2055.00665
OX637749.1 246000000 246500000 2055.51187
OX637749.1 246500000 247000000 2055.83482
OX637749.1 247000000 247500000 2055.19129
OX637749.1 247500000 248000000 2057.47689
OX637749.1 248000000 248500000 2057.44882
OX637749.1 248500000 249000000 2059.00684
OX637749.1 249000000 249500000 2060.21842
OX637749.1 249500000 250000000 2061.02809
OX637749.1 250000000 250500000 2061.89677
OX637749.1 250500000 251000000 2062.1349
OX637749.1 251000000 251500000 2062.96325
OX637749.1 251500000 252000000 2063.50288
OX637749.1 252000000 252500000 2063.63128
OX637749.1 252500000 253000000 2064.03369
OX637749.1 253000000 253500000 2064.02679
OX637749.1 253500000 254000000 2065.06119
OX637749.1 254000000 254500000 2066.05352
OX637749.1 254500000 255000000 2066.35807
OX637749.1 255000000 255500000 2068.95625
OX637749.1 255500000 256000000 2070.51042
OX637749.1 256000000 256500000 2072.24237
OX637749.1 256500000 257000000 2072.46017
OX637749.1 257000000 257500000 2074.07481
OX637749.1 257500000 258000000 2074.72906
OX637749.1 258000000 258500000 2074.31141
OX637749.1 258500000 259000000 2074.01217
OX637749.1 259000000 259500000 2075.67799
OX637749.1 259500000 260000000 2076.06252
OX637749.1 260000000 260500000 2077.02853
OX637749.1 260500000 261000000 2077.03978
OX637749.1 261000000 261500000 2077.02209
OX637749.1 261500000 262000000 2076.93481
OX637749.1 262000000 262500000 2075.47067
OX637749.1 262500000 263000000 2074.9775
OX637749.1 263000000 263500000 2075.03223
OX637749.1 263500000 264000000 2075.01437
OX637749.1 264000000 264500000 2075.09369
OX637749.1 264500000 265000000 2077.27604
OX637749.1 265000000 265500000 2080.07559
OX637749.1 265500000 266000000 2081.36707
OX637749.1 266000000 266500000 2083.0
OX637749.1 266500000 267000000 2082.03627
OX637749.1 267000000 267500000 2083.65353
OX637749.1 267500000 268000000 2084.05582
OX637749.1 268000000 268500000 2084.83988
OX637749.1 268500000 269000000 2086.07772
OX637749.1 269000000 269500000 2087.0481
OX637749.1 269500000 270000000 2087.38596
OX637749.1 270000000 270500000 2088.0
OX637749.1 270500000 271000000 2087.87202
OX637749.1 271000000 271500000 2088.02824
OX637749.1 271500000 272000000 2089.15487
OX637749.1 272000000 272500000 2090.66433
OX637749.1 272500000 273000000 2091.04509
OX637749.1 273000000 273500000 2091.05062
OX637749.1 273500000 274000000 2090.79728
OX637749.1 274000000 274500000 2091.36288
OX637749.1 274500000 275000000 2090.15052
OX637749.1 275000000 275500000 2090.02816
OX637749.1 275500000 276000000 2088.49889
OX637749.1 276000000 276500000 2088.2372
OX637749.1 276500000 277000000 2089.29417
OX637749.1 277000000 277500000 2090.24834
OX637749.1 277500000 278000000 2091.02945
OX637749.1 278000000 278500000 2092.1433
OX637749.1 278500000 279000000 2092.09695
OX637749.1 279000000 279500000 2094.2835
OX637749.1 279500000 280000000 2094.70825
OX637749.1 280000000 280500000 2095.35456
OX637749.1 280500000 281000000 2095.21815
OX637749.1 281000000 281500000 2096.9874
OX637749.1 281500000 282000000 2098.016
OX637749.1 282000000 282500000 2098.0
OX637749.1 282500000 283000000 2098.0
OX637749.1 283000000 283500000 2098.12308
OX637749.1 283500000 284000000 2099.01611
OX637749.1 284000000 284500000 2099.25291
OX637749.1 284500000 285000000 2100.05479
OX637749.1 285000000 285500000 2100.0
OX637749.1 285500000 286000000 2100.01645
OX637749.1 286000000 286500000 2100.0
OX637749.1 286500000 287000000 2100.01404
OX637749.1 287000000 287500000 2100.0
OX637749.1 287500000 288000000 2100.0
OX637749.1 288000000 288500000 2100.74331
OX637749.1 288500000 289000000 2101.48634
OX637749.1 289000000 289500000 2101.0459
OX637749.1 289500000 290000000 2101.0299
OX637749.1 290000000 290500000 2101.7968
OX637749.1 290500000 291000000 2102.0162
OX637749.1 291000000 291500000 2101.49197
OX637749.1 291500000 292000000 2102.23674
OX637749.1 292000000 292500000 2103.03201
OX637749.1 292500000 293000000 2103.97148
OX637749.1 293000000 293500000 2104.04003
OX637749.1 293500000 294000000 2103.69987
OX637749.1 294000000 294500000 2104.42335
OX637749.1 294500000 295000000 2105.0158
OX637749.1 295000000 295500000 2104.17961
OX637749.1 295500000 296000000 2104.00599
OX637749.1 296000000 296500000 2104.18346
OX637749.1 296500000 297000000 2105.01611
OX637749.1 297000000 297500000 2105.0
OX637749.1 297500000 298000000 2105.37121
OX637749.1 298000000 298500000 2106.07425
OX637749.1 298500000 299000000 2107.04015
OX637749.1 299000000 299500000 2106.80326
OX637749.1 299500000 300000000 2106.79471
OX637749.1 300000000 300500000 2106.0
OX637749.1 300500000 301000000 2106.59442
OX637749.1 301000000 301500000 2107.22322
OX637749.1 301500000 302000000 2108.13275
OX637749.1 302000000 302500000 2109.0
OX637749.1 302500000 303000000 2109.01616
OX637749.1 303000000 303500000 2108.87136
OX637749.1 303500000 304000000 2109.79073
OX637749.1 304000000 304500000 2110.00025
OX637749.1 304500000 305000000 2110.42793
OX637749.1 305000000 305500000 2111.07096
OX637749.1 305500000 306000000 2111.962
OX637749.1 306000000 306500000 2115.006
OX637749.1 306500000 307000000 2116.00017
OX637749.1 307000000 307500000 2115.96043
OX637749.1 307500000 308000000 2116.07594
OX637749.1 308000000 308500000 2116.01303
OX637749.1 308500000 309000000 2116.73707
OX637749.1 309000000 309500000 2118.52152
OX637749.1 309500000 310000000 2119.47687
OX637749.1 310000000 310500000 2120.07312
OX637749.1 310500000 311000000 2121.03263
OX637749.1 311000000 311500000 2121.02714
OX637749.1 311500000 312000000 2121.30456
OX637749.1 312000000 312500000 2122.0163
OX637749.1 312500000 313000000 2122.72807
OX637749.1 313000000 313500000 2123.0
OX637749.1 313500000 314000000 2123.2876
OX637749.1 314000000 314500000 2124.0
OX637749.1 314500000 315000000 2124.01566
OX637749.1 315000000 315500000 2124.9474
OX637749.1 315500000 316000000 2126.81183
OX637749.1 316000000 316500000 2128.05056
OX637749.1 316500000 317000000 2129.0557
OX637749.1 317000000 317500000 2131.16895
OX637749.1 317500000 318000000 2132.05289
OX637749.1 318000000 318500000 2132.92507
OX637749.1 318500000 319000000 2134.04148
OX637749.1 319000000 319500000 2134.19914
OX637749.1 319500000 320000000 2134.40905
OX637749.1 320000000 320500000 2135.04509
OX637749.1 320500000 321000000 2135.0
OX637749.1 321000000 321500000 2136.84098
OX637749.1 321500000 322000000 2142.01059
OX637749.1 322000000 322500000 2141.80506
OX637749.1 322500000 323000000 2141.03858
OX637749.1 323000000 323500000 2141.0
OX637749.1 323500000 324000000 2141.01619
OX637749.1 324000000 324500000 2141.72707
OX637749.1 324500000 325000000 2141.11718
OX637749.1 325000000 325500000 2141.89011
OX637749.1 325500000 326000000 2141.22917
OX637749.1 326000000 326500000 2142.90758
OX637749.1 326500000 327000000 2143.0
OX637749.1 327000000 327500000 2143.19085
OX637749.1 327500000 328000000 2144.03142
OX637749.1 328000000 328500000 2145.32493
OX637749.1 328500000 329000000 2146.29206
OX637749.1 329000000 329500000 2147.68625
OX637749.1 329500000 330000000 2146.2357
OX637749.1 330000000 330500000 2146.01616
OX637749.1 330500000 331000000 2145.03273
OX637749.1 331000000 331500000 2144.02881
OX637749.1 331500000 332000000 2145.35595
OX637749.1 332000000 332500000 2146.0031
OX637749.1 332500000 333000000 2147.79365
OX637749.1 333000000 333500000 2148.0
OX637749.1 333500000 334000000 2148.56477
OX637749.1 334000000 334500000 2149.04212
OX637749.1 334500000 335000000 2149.12369
OX637749.1 335000000 335500000 2149.36862
OX637749.1 335500000 336000000 2150.6898
OX637749.1 336000000 336500000 2152.13746
OX637749.1 336500000 337000000 2154.74697
OX637749.1 337000000 337500000 2154.30529
OX637749.1 337500000 338000000 2155.83443
OX637749.1 338000000 338500000 2156.42853
OX637749.1 338500000 339000000 2158.95207
OX637749.1 339000000 339500000 2162.62114
OX637749.1 339500000 340000000 2164.51256
OX637749.1 340000000 340500000 2166.30023
OX637749.1 340500000 341000000 2167.21389
OX637749.1 341000000 341500000 2168.0
OX637749.1 341500000 342000000 2168.01477
OX637749.1 342000000 342500000 2168.0
OX637749.1 342500000 343000000 2168.13701
OX637749.1 343000000 343500000 2168.77208
OX637749.1 343500000 344000000 2168.0
OX637749.1 344000000 344500000 2168.03387
OX637749.1 344500000 345000000 2169.28368
OX637749.1 345000000 345500000 2170.47509
OX637749.1 345500000 346000000 2170.41068
OX637749.1 346000000 346500000 2169.38172
OX637749.1 346500000 347000000 2169.69634
OX637749.1 347000000 347500000 2170.21484
OX637749.1 347500000 348000000 2170.58735
OX637749.1 348000000 348500000 2171.03201
OX637749.1 348500000 349000000 2170.56083
OX637749.1 349000000 349500000 2170.38089
OX637749.1 349500000 350000000 2170.0
OX637749.1 350000000 350500000 2170.77955
OX637749.1 350500000 351000000 2171.03632
OX637749.1 351000000 351500000 2171.1363
OX637749.1 351500000 352000000 2171.98189
OX637749.1 352000000 352500000 2174.28416
OX637749.1 352500000 353000000 2174.91192
OX637749.1 353000000 353500000 2174.26501
OX637749.1 353500000 354000000 2176.20065
OX637749.1 354000000 354500000 2177.03341
OX637749.1 354500000 355000000 2177.05778
OX637749.1 355000000 355500000 2177.33753
OX637749.1 355500000 356000000 2178.0
OX637749.1 356000000 356500000 2177.23933
OX637749.1 356500000 357000000 2177.09212
OX637749.1 357000000 357500000 2176.14897
OX637749.1 357500000 358000000 2176.51489
OX637749.1 358000000 358500000 2176.88322
OX637749.1 358500000 359000000 2177.01541
OX637749.1 359000000 359500000 2177.0
OX637749.1 359500000 360000000 2177.01603
OX637749.1 360000000 360500000 2177.02964
OX637749.1 360500000 361000000 2177.482
OX637749.1 361000000 361500000 2178.02908
OX637749.1 361500000 362000000 2178.69368
OX637749.1 362000000 362500000 2178.01132
OX637749.1 362500000 363000000 2177.57107
OX637749.1 363000000 363500000 2178.91994
OX637749.1 363500000 364000000 2178.72037
OX637749.1 364000000 364500000 2178.0
OX637749.1 364500000 365000000 2178.02385
OX637749.1 365000000 365500000 2178.0
OX637749.1 365500000 366000000 2177.18297
OX637749.1 366000000 366500000 2177.02936
OX637749.1 366500000 367000000 2177.0
OX637749.1 367000000 367500000 2175.82229
OX637749.1 367500000 368000000 2173.77884
OX637749.1 368000000 368500000 2172.78272
OX637749.1 368500000 369000000 2172.69683
OX637749.1 369000000 369500000 2176.0
OX637749.1 369500000 370000000 2179.20868
OX637749.1 370000000 370500000 2180.48099
OX637749.1 370500000 371000000 2181.01266
OX637749.1 371000000 371500000 2181.0
OX637749.1 371500000 372000000 2181.02865
OX637749.1 372000000 372500000 2181.01805
OX637749.1 372500000 373000000 2181.38939
OX637749.1 373000000 373500000 2181.93854
OX637749.1 373500000 374000000 2182.01977
OX637749.1 374000000 374500000 2181.17172
OX637749.1 374500000 375000000 2181.0
OX637749.1 375000000 375500000 2181.0
OX637749.1 375500000 376000000 2181.05447
OX637749.1 376000000 376500000 2181.09266
OX637749.1 376500000 377000000 2182.0
OX637749.1 377000000 377500000 2181.21357
OX637749.1 377500000 378000000 2181.01735
OX637749.1 378000000 378500000 2181.01619
OX637749.1 378500000 379000000 2181.01641
OX637749.1 379000000 379500000 2180.61264
OX637749.1 379500000 380000000 2179.0
OX637749.1 380000000 380500000 2179.02595
OX637749.1 380500000 381000000 2179.10289
OX637749.1 381000000 381500000 2179.85584
OX637749.1 381500000 382000000 2181.0
OX637749.1 382000000 382500000 2181.905
OX637749.1 382500000 383000000 2182.0
OX637749.1 383000000 383500000 2181.84435
OX637749.1 383500000 384000000 2181.379
OX637749.1 384000000 384500000 2181.89088
OX637749.1 384500000 385000000 2182.03058
OX637749.1 385000000 385500000 2182.03486
OX637749.1 385500000 386000000 2182.89601
OX637749.1 386000000 386500000 2184.00056
OX637749.1 386500000 387000000 2184.68428
OX637749.1 387000000 387500000 2184.66066
OX637749.1 387500000 388000000 2184.39085
OX637749.1 388000000 388500000 2185.74593
OX637749.1 388500000 389000000 2185.22208
OX637749.1 389000000 389500000 2186.52133
OX637749.1 389500000 390000000 2187.03169
OX637749.1 390000000 390500000 2187.2866
OX637749.1 390500000 391000000 2185.45726
OX637749.1 391000000 391500000 2183.03697
OX637749.1 391500000 392000000 2183.01345
OX637749.1 392000000 392500000 2182.61432
OX637749.1 392500000 393000000 2181.43298
OX637749.1 393000000 393500000 2181.43423
OX637749.1 393500000 394000000 2180.13383
OX637749.1 394000000 394500000 2179.05585
OX637749.1 394500000 395000000 2178.66998
OX637749.1 395000000 395500000 2178.30775
OX637749.1 395500000 396000000 2175.01877
OX637749.1 396000000 396500000 2174.69831
OX637749.1 396500000 397000000 2173.43727
OX637749.1 397000000 397500000 2171.72562
OX637749.1 397500000 398000000 2168.81179
OX637749.1 398000000 398500000 2167.7005
OX637749.1 398500000 399000000 2166.61721
OX637749.1 399000000 399500000 2165.84666
OX637749.1 399500000 400000000 2165.22822
OX637749.1 400000000 400500000 2165.12644
OX637749.1 400500000 401000000 2162.66884
OX637749.1 401000000 401500000 2159.94716
OX637749.1 401500000 402000000 2159.51059
OX637749.1 402000000 402500000 2159.1047
OX637749.1 402500000 403000000 2158.15878
OX637749.1 403000000 403500000 2156.54516
OX637749.1 403500000 404000000 2155.63773
OX637749.1 404000000 404500000 2155.02223
OX637749.1 404500000 405000000 2155.12349
OX637749.1 405000000 405500000 2155.72253
OX637749.1 405500000 406000000 2157.0
OX637749.1 406000000 406500000 2156.08549
OX637749.1 406500000 407000000 2155.25212
OX637749.1 407000000 407500000 2156.02686
OX637749.1 407500000 408000000 2156.9591
OX637749.1 408000000 408500000 2157.0
OX637749.1 408500000 409000000 2157.02393
OX637749.1 409000000 409500000 2157.01635
OX637749.1 409500000 410000000 2156.16169
OX637749.1 410000000 410500000 2156.1706
OX637749.1 410500000 411000000 2157.0
OX637749.1 411000000 411500000 2157.68512
OX637749.1 411500000 412000000 2158.08238
OX637749.1 412000000 412500000 2158.24523
OX637749.1 412500000 413000000 2159.04715
OX637749.1 413000000 413500000 2159.04195
OX637749.1 413500000 414000000 2159.05249
OX637749.1 414000000 414500000 2158.35329
OX637749.1 414500000 415000000 2154.7155
OX637749.1 415000000 415500000 2151.58971
OX637749.1 415500000 416000000 2152.01443
OX637749.1 416000000 416500000 2151.91761
OX637749.1 416500000 417000000 2151.00451
OX637749.1 417000000 417500000 2151.0
OX637749.1 417500000 418000000 2151.01336
OX637749.1 418000000 418500000 2151.2269
OX637749.1 418500000 419000000 2151.0
OX637749.1 419000000 419500000 2151.0
OX637749.1 419500000 420000000 2151.83601
OX637749.1 420000000 420500000 2152.02056
OX637749.1 420500000 421000000 2152.0
OX637749.1 421000000 421500000 2151.38941
OX637749.1 421500000 422000000 2151.0
OX637749.1 422000000 422500000 2150.73969
OX637749.1 422500000 423000000 2149.45034
OX637749.1 423000000 423500000 2149.0
OX637749.1 423500000 424000000 2148.28165
OX637749.1 424000000 424500000 2149.00757
OX637749.1 424500000 425000000 2149.01618
OX637749.1 425000000 425500000 2149.0
OX637749.1 425500000 426000000 2149.01358
OX637749.1 426000000 426500000 2148.8655
OX637749.1 426500000 427000000 2148.0
OX637749.1 427000000 427500000 2147.12885
OX637749.1 427500000 428000000 2145.88382
OX637749.1 428000000 428500000 2145.0
OX637749.1 428500000 429000000 2144.63896
OX637749.1 429000000 429500000 2144.0
OX637749.1 429500000 430000000 2143.1909
OX637749.1 430000000 430500000 2142.11545
OX637749.1 430500000 431000000 2141.63266
OX637749.1 431000000 431500000 2142.0465
OX637749.1 431500000 432000000 2141.05791
OX637749.1 432000000 432500000 2141.0
OX637749.1 432500000 433000000 2141.0
OX637749.1 433000000 433500000 2141.0
OX637749.1 433500000 434000000 2141.9767
OX637749.1 434000000 434500000 2141.60883
OX637749.1 434500000 435000000 2141.01618
OX637749.1 435000000 435500000 2141.01736
OX637749.1 435500000 436000000 2140.3305
OX637749.1 436000000 436500000 2140.0
OX637749.1 436500000 437000000 2139.40558
OX637749.1 437000000 437500000 2139.01085
OX637749.1 437500000 438000000 2138.31872
OX637749.1 438000000 438500000 2137.03502
OX637749.1 438500000 439000000 2137.05194
OX637749.1 439000000 439500000 2135.47476
OX637749.1 439500000 440000000 2129.94878
OX637749.1 440000000 440500000 2129.77252
OX637749.1 440500000 441000000 2131.03341
OX637749.1 441000000 441500000 2130.29156
OX637749.1 441500000 442000000 2129.0
OX637749.1 442000000 442500000 2128.95478
OX637749.1 442500000 443000000 2127.69124
OX637749.1 443000000 443500000 2126.26457
OX637749.1 443500000 444000000 2125.16179
OX637749.1 444000000 444500000 2124.26719
OX637749.1 444500000 445000000 2124.0
OX637749.1 445000000 445500000 2124.0
OX637749.1 445500000 446000000 2124.0
OX637749.1 446000000 446500000 2124.12232
OX637749.1 446500000 447000000 2124.24191
OX637749.1 447000000 447500000 2125.01297
OX637749.1 447500000 448000000 2124.7835
OX637749.1 448000000 448500000 2122.97119
OX637749.1 448500000 449000000 2121.16781
OX637749.1 449000000 449500000 2121.01876
OX637749.1 449500000 450000000 2121.02547
OX637749.1 450000000 450500000 2121.01051
OX637749.1 450500000 451000000 2121.0
OX637749.1 451000000 451500000 2120.4892
OX637749.1 451500000 452000000 2119.57075
OX637749.1 452000000 452500000 2119.02534
OX637749.1 452500000 453000000 2118.3459
OX637749.1 453000000 453500000 2118.0
OX637749.1 453500000 454000000 2118.01722
OX637749.1 454000000 454500000 2118.01302
OX637749.1 454500000 455000000 2118.23689
OX637749.1 455000000 455500000 2119.05742
OX637749.1 455500000 456000000 2119.01633
OX637749.1 456000000 456500000 2118.32042
OX637749.1 456500000 457000000 2116.80782
OX637749.1 457000000 457500000 2116.37694
OX637749.1 457500000 458000000 2116.22137
OX637749.1 458000000 458500000 2116.94595
OX637749.1 458500000 459000000 2117.01828
OX637749.1 459000000 459500000 2116.67591
OX637749.1 459500000 460000000 2115.03416
OX637749.1 460000000 460500000 2113.15519
OX637749.1 460500000 461000000 2111.60229
OX637749.1 461000000 461500000 2111.01222
OX637749.1 461500000 462000000 2111.02058
OX637749.1 462000000 462500000 2110.82614
OX637749.1 462500000 463000000 2109.88361
OX637749.1 463000000 463500000 2109.0
OX637749.1 463500000 464000000 2109.03806
OX637749.1 464000000 464500000 2108.48716
OX637749.1 464500000 465000000 2107.26755
OX637749.1 465000000 465500000 2105.08733
OX637749.1 465500000 466000000 2103.39662
OX637749.1 466000000 466500000 2102.89865
OX637749.1 466500000 467000000 2102.0
OX637749.1 467000000 467500000 2101.48006
OX637749.1 467500000 468000000 2101.0
OX637749.1 468000000 468500000 2101.0162
OX637749.1 468500000 469000000 2100.91131
OX637749.1 469000000 469500000 2100.02981
OX637749.1 469500000 470000000 2100.05116
OX637749.1 470000000 470500000 2100.04156
OX637749.1 470500000 471000000 2100.03248
OX637749.1 471000000 471500000 2099.96005
OX637749.1 471500000 472000000 2098.28528
OX637749.1 472000000 472500000 2098.0134
OX637749.1 472500000 473000000 2098.0
OX637749.1 473000000 473500000 2098.0
OX637749.1 473500000 474000000 2098.04836
OX637749.1 474000000 474500000 2098.0204
OX637749.1 474500000 475000000 2098.01442
OX637749.1 475000000 475500000 2098.0
OX637749.1 475500000 476000000 2098.14895
OX637749.1 476000000 476500000 2097.554
OX637749.1 476500000 477000000 2097.01467
OX637749.1 477000000 477500000 2097.06685
OX637749.1 477500000 478000000 2097.02469
OX637749.1 478000000 478500000 2096.56609
OX637749.1 478500000 479000000 2095.13188
OX637749.1 479000000 479500000 2095.0
OX637749.1 479500000 480000000 2095.11892
OX637749.1 480000000 480500000 2096.0
OX637749.1 480500000 481000000 2096.0
OX637749.1 481000000 481500000 2096.02789
OX637749.1 481500000 482000000 2096.0
OX637749.1 482000000 482500000 2095.99282
OX637749.1 482500000 483000000 2094.0134
OX637749.1 483000000 483500000 2094.01618
OX637749.1 483500000 484000000 2093.8434
OX637749.1 484000000 484500000 2091.12759
OX637749.1 484500000 485000000 2091.03248
OX637749.1 485000000 485500000 2090.38939
OX637749.1 485500000 486000000 2089.01632
OX637749.1 486000000 486500000 2089.07476
OX637749.1 486500000 487000000 2087.29396
OX637749.1 487000000 487500000 2084.17767
OX637749.1 487500000 488000000 2083.95689
OX637749.1 488000000 488500000 2083.0
OX637749.1 488500000 489000000 2082.40205
OX637749.1 489000000 489500000 2081.0901
OX637749.1 489500000 490000000 2080.23492
OX637749.1 490000000 490500000 2077.61215
OX637749.1 490500000 491000000 2075.0
OX637749.1 491000000 491500000 2074.61516
OX637749.1 491500000 492000000 2074.0
OX637749.1 492000000 492500000 2073.55726
OX637749.1 492500000 493000000 2073.66207
OX637749.1 493000000 493500000 2074.0
OX637749.1 493500000 494000000 2072.83483
OX637749.1 494000000 494500000 2071.14958
OX637749.1 494500000 495000000 2070.81161
OX637749.1 495000000 495500000 2070.0
OX637749.1 495500000 496000000 2070.01353
OX637749.1 496000000 496500000 2070.0
OX637749.1 496500000 497000000 2070.06218
OX637749.1 497000000 497500000 2069.0041
OX637749.1 497500000 498000000 2067.37697
OX637749.1 498000000 498500000 2067.0
OX637749.1 498500000 499000000 2065.56478
OX637749.1 499000000 499500000 2062.01315
OX637749.1 499500000 500000000 2061.86522
OX637749.1 500000000 500500000 2060.47222
OX637749.1 500500000 501000000 2059.21894
OX637749.1 501000000 501500000 2058.04051
OX637749.1 501500000 502000000 2057.3932
OX637749.1 502000000 502500000 2057.06792
OX637749.1 502500000 503000000 2057.0
OX637749.1 503000000 503500000 2057.01439
OX637749.1 503500000 504000000 2057.0
OX637749.1 504000000 504500000 2056.66358
OX637749.1 504500000 505000000 2055.79367
OX637749.1 505000000 505500000 2053.52081
OX637749.1 505500000 506000000 2053.01008
OX637749.1 506000000 506500000 2053.07608
OX637749.1 506500000 507000000 2052.49215
OX637749.1 507000000 507500000 2051.61972
OX637749.1 507500000 508000000 2051.01632
OX637749.1 508000000 508500000 2050.41007
OX637749.1 508500000 509000000 2049.4446
OX637749.1 509000000 509500000 2049.0
OX637749.1 509500000 510000000 2046.05849
OX637749.1 510000000 510500000 2044.0
OX637749.1 510500000 511000000 2044.03562
OX637749.1 511000000 511500000 2043.35748
OX637749.1 511500000 512000000 2043.0
OX637749.1 512000000 512500000 2042.11284
OX637749.1 512500000 513000000 2041.7142
OX637749.1 513000000 513500000 2040.0
OX637749.1 513500000 514000000 2040.01597
OX637749.1 514000000 514500000 2038.84872
OX637749.1 514500000 515000000 2038.02697
OX637749.1 515000000 515500000 2037.61361
OX637749.1 515500000 516000000 2036.20967
OX637749.1 516000000 516500000 2036.0
OX637749.1 516500000 517000000 2036.00025
OX637749.1 517000000 517500000 2035.04637
OX637749.1 517500000 518000000 2035.50856
OX637749.1 518000000 518500000 2034.54316
OX637749.1 518500000 519000000 2033.0
OX637749.1 519000000 519500000 2032.70654
OX637749.1 519500000 520000000 2034.00044
OX637749.1 520000000 520500000 2033.53479
OX637749.1 520500000 521000000 2032.55949
OX637749.1 521000000 521500000 2032.13792
OX637749.1 521500000 522000000 2031.0
OX637749.1 522000000 522500000 2030.56847
OX637749.1 522500000 523000000 2028.38864
OX637749.1 523000000 523500000 2027.94837
OX637749.1 523500000 524000000 2027.01903
OX637749.1 524000000 524500000 2026.62647
OX637749.1 524500000 525000000 2026.0
OX637749.1 525000000 525500000 2026.04095
OX637749.1 525500000 526000000 2025.58021
OX637749.1 526000000 526500000 2023.08177
OX637749.1 526500000 527000000 2024.0
OX637749.1 527000000 527500000 2023.7474
OX637749.1 527500000 528000000 2022.93614
OX637749.1 528000000 528500000 2021.12125
OX637749.1 528500000 529000000 2019.1981
OX637749.1 529000000 529500000 2018.98861
OX637749.1 529500000 530000000 2018.4986
OX637749.1 530000000 530500000 2018.06246
OX637749.1 530500000 531000000 2018.0279
OX637749.1 531000000 531500000 2018.0
OX637749.1 531500000 532000000 2016.34292
OX637749.1 532000000 532500000 2016.03053
OX637749.1 532500000 533000000 2016.01913
OX637749.1 533000000 533500000 2014.76561
OX637749.1 533500000 534000000 2013.0795
OX637749.1 534000000 534500000 2012.61634
OX637749.1 534500000 535000000 2012.0
OX637749.1 535000000 535500000 2010.53512
OX637749.1 535500000 536000000 2010.0
OX637749.1 536000000 536500000 2010.0
OX637749.1 536500000 537000000 2009.00707
OX637749.1 537000000 537500000 2009.0
OX637749.1 537500000 538000000 2008.60442
OX637749.1 538000000 538500000 2006.80641
OX637749.1 538500000 539000000 2006.0026
OX637749.1 539000000 539500000 2005.95368
OX637749.1 539500000 540000000 2004.2752
OX637749.1 540000000 540500000 2003.89247
OX637749.1 540500000 541000000 2002.02602
OX637749.1 541000000 541500000 2000.24551
OX637749.1 541500000 542000000 1999.0
OX637749.1 542000000 542500000 1999.97768
OX637749.1 542500000 543000000 1999.70531
OX637749.1 543000000 543500000 1999.05867
OX637749.1 543500000 544000000 1999.01629
OX637749.1 544000000 544500000 1998.38158
OX637749.1 544500000 545000000 1998.01982
OX637749.1 545000000 545500000 1998.00277
OX637749.1 545500000 546000000 1996.37225
OX637749.1 546000000 546500000 1996.04978
OX637749.1 546500000 547000000 1995.94735
OX637749.1 547000000 547500000 1994.6888
OX637749.1 547500000 548000000 1992.30603
OX637749.1 548000000 548500000 1991.05379
OX637749.1 548500000 549000000 1990.35284
OX637749.1 549000000 549500000 1990.01581
OX637749.1 549500000 550000000 1989.49951
OX637749.1 550000000 550500000 1988.03967
OX637749.1 550500000 551000000 1987.95801
OX637749.1 551000000 551500000 1987.0
OX637749.1 551500000 552000000 1986.01895
OX637749.1 552000000 552500000 1986.0
OX637749.1 552500000 553000000 1986.0
OX637749.1 553000000 553500000 1983.90367
OX637749.1 553500000 554000000 1981.4138
OX637749.1 554000000 554500000 1979.48278
OX637749.1 554500000 555000000 1979.05252
OX637749.1 555000000 555500000 1978.93927
OX637749.1 555500000 556000000 1975.04084
OX637749.1 556000000 556500000 1974.49825
OX637749.1 556500000 557000000 1972.63625
OX637749.1 557000000 557500000 1972.20912
OX637749.1 557500000 558000000 1971.59979
OX637749.1 558000000 558500000 1971.37301
OX637749.1 558500000 559000000 1970.29321
OX637749.1 559000000 559500000 1969.01716
OX637749.1 559500000 560000000 1969.48318
OX637749.1 560000000 560500000 1968.18458
OX637749.1 560500000 561000000 1966.89239
OX637749.1 561000000 561500000 1966.0
OX637749.1 561500000 562000000 1964.42695
OX637749.1 562000000 562500000 1963.02934
OX637749.1 562500000 563000000 1960.53023
OX637749.1 563000000 563500000 1959.35054
OX637749.1 563500000 564000000 1957.56694
OX637749.1 564000000 564500000 1956.81033
OX637749.1 564500000 565000000 1955.47605
OX637749.1 565000000 565500000 1953.47968
OX637749.1 565500000 566000000 1951.65167
OX637749.1 566000000 566500000 1950.2835
OX637749.1 566500000 567000000 1950.01495
OX637749.1 567000000 567500000 1950.0
OX637749.1 567500000 568000000 1950.13188
OX637749.1 568000000 568500000 1949.05223
OX637749.1 568500000 569000000 1948.05647
OX637749.1 569000000 569500000 1946.53931
OX637749.1 569500000 570000000 1944.63464
OX637749.1 570000000 570500000 1943.31668
OX637749.1 570500000 571000000 1941.68373
OX637749.1 571000000 571500000 1941.05809
OX637749.1 571500000 572000000 1941.06536
OX637749.1 572000000 572500000 1939.63363
OX637749.1 572500000 573000000 1939.0496
OX637749.1 573000000 573500000 1937.76868
OX637749.1 573500000 574000000 1937.13014
OX637749.1 574000000 574500000 1936.3333
OX637749.1 574500000 575000000 1933.347
OX637749.1 575000000 575500000 1930.46501
OX637749.1 575500000 576000000 1924.20042
OX637749.1 576000000 576500000 1924.01795
OX637749.1 576500000 577000000 1922.73863
OX637749.1 577000000 577500000 1921.0
OX637749.1 577500000 578000000 1920.13018
OX637749.1 578000000 578500000 1919.63247
OX637749.1 578500000 579000000 1919.01377
OX637749.1 579000000 579500000 1916.45148
OX637749.1 579500000 580000000 1915.41596
OX637749.1 580000000 580500000 1913.90736
OX637749.1 580500000 581000000 1910.983
OX637749.1 581000000 581500000 1909.80115
OX637749.1 581500000 582000000 1906.23995
OX637749.1 582000000 582500000 1905.09183
OX637749.1 582500000 583000000 1904.03199
OX637749.1 583000000 583500000 1904.0
OX637749.1 583500000 584000000 1904.05241
OX637749.1 584000000 584500000 1902.7861
OX637749.1 584500000 585000000 1902.01292
OX637749.1 585000000 585500000 1902.03975
OX637749.1 585500000 586000000 1902.01616
OX637749.1 586000000 586500000 1901.03735
OX637749.1 586500000 587000000 1899.09421
OX637749.1 587000000 587500000 1897.52107
OX637749.1 587500000 588000000 1896.46344
OX637749.1 588000000 588500000 1895.19042
OX637749.1 588500000 589000000 1893.20268
OX637749.1 589000000 589500000 1891.36162
OX637749.1 589500000 590000000 1889.06308
OX637749.1 590000000 590500000 1887.19792
OX637749.1 590500000 591000000 1885.5945
OX637749.1 591000000 591500000 1884.05909
OX637749.1 591500000 592000000 1880.25532
OX637749.1 592000000 592500000 1879.90083
OX637749.1 592500000 593000000 1878.10464
OX637749.1 593000000 593500000 1875.95684
OX637749.1 593500000 594000000 1874.2134
OX637749.1 594000000 594500000 1872.89792
OX637749.1 594500000 595000000 1871.12631
OX637749.1 595000000 595500000 1870.03105
OX637749.1 595500000 596000000 1870.03273
OX637749.1 596000000 596500000 1867.88639
OX637749.1 596500000 597000000 1866.08238
OX637749.1 597000000 597500000 1865.95332
OX637749.1 597500000 598000000 1863.23019
OX637749.1 598000000 598500000 1859.1322
OX637749.1 598500000 599000000 1858.95384
OX637749.1 599000000 599500000 1859.0337
OX637749.1 599500000 600000000 1858.90892
OX637749.1 600000000 600500000 1857.20872
OX637749.1 600500000 601000000 1856.04448
OX637749.1 601000000 601500000 1856.02491
OX637749.1 601500000 602000000 1854.53894
OX637749.1 602000000 602500000 1854.0
OX637749.1 602500000 603000000 1853.02854
OX637749.1 603000000 603500000 1851.43678
OX637749.1 603500000 604000000 1850.01638
OX637749.1 604000000 604500000 1849.36851
OX637749.1 604500000 605000000 1848.89377
OX637749.1 605000000 605500000 1846.90163
OX637749.1 605500000 606000000 1844.88351
OX637749.1 606000000 606500000 1843.02749
OX637749.1 606500000 607000000 1841.49545
OX637749.1 607000000 607500000 1838.28699
OX637749.1 607500000 608000000 1836.18529
OX637749.1 608000000 608500000 1835.67109
OX637749.1 608500000 609000000 1832.39072
OX637749.1 609000000 609500000 1830.37207
OX637749.1 609500000 610000000 1828.15581
OX637749.1 610000000 610500000 1826.84205
OX637749.1 610500000 611000000 1825.75203
OX637749.1 611000000 611500000 1822.63936
OX637749.1 611500000 612000000 1818.77505
OX637749.1 612000000 612500000 1816.79983
OX637749.1 612500000 613000000 1815.80874
OX637749.1 613000000 613500000 1813.69727
OX637749.1 613500000 614000000 1813.0
OX637749.1 614000000 614500000 1812.10696
OX637749.1 614500000 615000000 1810.98742
OX637749.1 615000000 615500000 1808.96479
OX637749.1 615500000 616000000 1806.79169
OX637749.1 616000000 616500000 1804.91691
OX637749.1 616500000 617000000 1801.25384
OX637749.1 617000000 617500000 1798.0387
OX637749.1 617500000 618000000 1795.29828
OX637749.1 618000000 618500000 1793.77041
OX637749.1 618500000 619000000 1791.1083
OX637749.1 619000000 619500000 1788.81602
OX637749.1 619500000 620000000 1788.0
OX637749.1 620000000 620500000 1788.0
OX637749.1 620500000 621000000 1786.26191
OX637749.1 621000000 621500000 1784.50316
OX637749.1 621500000 622000000 1782.09317
OX637749.1 622000000 622500000 1779.79968
OX637749.1 622500000 623000000 1775.74389
OX637749.1 623000000 623500000 1774.02846
OX637749.1 623500000 624000000 1772.73265
OX637749.1 624000000 624500000 1769.85281
OX637749.1 624500000 625000000 1767.10936
OX637749.1 625000000 625500000 1767.0
OX637749.1 625500000 626000000 1767.0
OX637749.1 626000000 626500000 1764.75169
OX637749.1 626500000 627000000 1759.97677
OX637749.1 627000000 627500000 1754.57545
OX637749.1 627500000 628000000 1753.14295
OX637749.1 628000000 628500000 1752.91808
OX637749.1 628500000 629000000 1751.19497
OX637749.1 629000000 629500000 1750.0
OX637749.1 629500000 630000000 1750.0
OX637749.1 630000000 630500000 1748.77041
OX637749.1 630500000 631000000 1740.95974
OX637749.1 631000000 631500000 1735.57777
OX637749.1 631500000 632000000 1731.82023
OX637749.1 632000000 632500000 1727.60423
OX637749.1 632500000 633000000 1725.83663
OX637749.1 633000000 633500000 1723.15155
OX637749.1 633500000 634000000 1722.20995
OX637749.1 634000000 634500000 1719.14214
OX637749.1 634500000 635000000 1714.64451
OX637749.1 635000000 635500000 1711.20529
OX637749.1 635500000 636000000 1705.49588
OX637749.1 636000000 636500000 1704.0
OX637749.1 636500000 637000000 1703.93172
OX637749.1 637000000 637500000 1700.75955
OX637749.1 637500000 638000000 1692.80642
OX637749.1 638000000 638500000 1688.34582
OX637749.1 638500000 639000000 1684.13777
OX637749.1 639000000 639500000 1680.21168
OX637749.1 639500000 640000000 1678.07398
OX637749.1 640000000 640500000 1677.25526
OX637749.1 640500000 641000000 1675.63812
OX637749.1 641000000 641500000 1672.06118
OX637749.1 641500000 642000000 1668.29185
OX637749.1 642000000 642500000 1664.02613
OX637749.1 642500000 643000000 1661.9754
OX637749.1 643000000 643500000 1660.26979
OX637749.1 643500000 644000000 1657.9494
OX637749.1 644000000 644500000 1656.01615
OX637749.1 644500000 645000000 1656.03552
OX637749.1 645000000 645500000 1654.35327
OX637749.1 645500000 646000000 1653.0
OX637749.1 646000000 646500000 1650.5104
OX637749.1 646500000 647000000 1648.63787
OX637749.1 647000000 647500000 1645.95539
OX637749.1 647500000 648000000 1641.49593
OX637749.1 648000000 648500000 1639.06811
OX637749.1 648500000 649000000 1636.91828
OX637749.1 649000000 649500000 1633.91294
OX637749.1 649500000 650000000 1630.52058
OX637749.1 650000000 650500000 1628.04093
OX637749.1 650500000 651000000 1622.58744
OX637749.1 651000000 651500000 1619.25761
OX637749.1 651500000 652000000 1617.59365
OX637749.1 652000000 652500000 1614.25745
OX637749.1 652500000 653000000 1611.86142
OX637749.1 653000000 653500000 1610.0
OX637749.1 653500000 654000000 1609.28088
OX637749.1 654000000 654500000 1604.99282
OX637749.1 654500000 655000000 1603.78673
OX637749.1 655000000 655500000 1601.88886
OX637749.1 655500000 656000000 1598.83034
OX637749.1 656000000 656500000 1592.47019
OX637749.1 656500000 657000000 1587.02714
OX637749.1 657000000 657500000 1587.05476
OX637749.1 657500000 658000000 1584.29584
OX637749.1 658000000 658500000 1579.18388
OX637749.1 658500000 659000000 1576.65168
OX637749.1 659000000 659500000 1574.96072
OX637749.1 659500000 660000000 1569.83823
OX637749.1 660000000 660500000 1565.39508
OX637749.1 660500000 661000000 1558.90072
OX637749.1 661000000 661500000 1555.3649
OX637749.1 661500000 662000000 1551.63097
OX637749.1 662000000 662500000 1550.62425
OX637749.1 662500000 663000000 1547.05775
OX637749.1 663000000 663500000 1547.0
OX637749.1 663500000 664000000 1547.0
OX637749.1 664000000 664500000 1547.0
OX637749.1 664500000 665000000 1547.0
OX637749.1 665000000 665500000 1547.0
OX637749.1 665500000 666000000 1547.0
OX637749.1 666000000 666500000 1547.0
OX637749.1 666500000 667000000 1546.51572
OX637749.1 667000000 667500000 1545.04031
OX637749.1 667500000 668000000 1542.52797
OX637749.1 668000000 668500000 1538.28246
OX637749.1 668500000 669000000 1533.14477
OX637749.1 669000000 669500000 1530.62576
OX637749.1 669500000 670000000 1521.25439
OX637749.1 670000000 670500000 1515.21538
OX637749.1 670500000 671000000 1515.02445
OX637749.1 671000000 671500000 1511.88207
OX637749.1 671500000 672000000 1506.45604
OX637749.1 672000000 672500000 1503.12731
OX637749.1 672500000 673000000 1499.24236
OX637749.1 673000000 673500000 1497.37245
OX637749.1 673500000 674000000 1494.21225
OX637749.1 674000000 674500000 1487.92727
OX637749.1 674500000 675000000 1482.12243
OX637749.1 675000000 675500000 1480.93128
OX637749.1 675500000 676000000 1479.03353
OX637749.1 676000000 676500000 1476.82028
OX637749.1 676500000 677000000 1473.1009
OX637749.1 677000000 677500000 1469.41253
OX637749.1 677500000 678000000 1464.77427
OX637749.1 678000000 678500000 1460.58119
OX637749.1 678500000 679000000 1456.66915
OX637749.1 679000000 679500000 1452.82
OX637749.1 679500000 680000000 1449.63291
OX637749.1 680000000 680500000 1447.28885
OX637749.1 680500000 681000000 1442.60463
OX637749.1 681000000 681500000 1437.63023
OX637749.1 681500000 682000000 1432.57508
OX637749.1 682000000 682500000 1427.66257
OX637749.1 682500000 683000000 1422.47307
OX637749.1 683000000 683500000 1419.22232
OX637749.1 683500000 684000000 1412.20682
OX637749.1 684000000 684500000 1404.76791
OX637749.1 684500000 685000000 1398.53165
OX637749.1 685000000 685500000 1394.21088
OX637749.1 685500000 686000000 1389.16702
OX637749.1 686000000 686500000 1380.5518
OX637749.1 686500000 687000000 1370.12571
OX637749.1 687000000 687500000 1365.87891
OX637749.1 687500000 688000000 1361.61937
OX637749.1 688000000 688500000 1357.93191
OX637749.1 688500000 689000000 1349.14323
OX637749.1 689000000 689500000 1340.50018
OX637749.1 689500000 690000000 1336.3044
OX637749.1 690000000 690500000 1332.58128
OX637749.1 690500000 691000000 1327.52699
OX637749.1 691000000 691500000 1317.60258
OX637749.1 691500000 692000000 1313.94968
OX637749.1 692000000 692500000 1307.7265
OX637749.1 692500000 693000000 1303.083
OX637749.1 693000000 693500000 1294.02964
OX637749.1 693500000 694000000 1288.79197
OX637749.1 694000000 694500000 1280.56639
OX637749.1 694500000 695000000 1272.54198
OX637749.1 695000000 695500000 1264.09823
OX637749.1 695500000 696000000 1257.22322
OX637749.1 696000000 696500000 1246.81077
OX637749.1 696500000 697000000 1236.94988
OX637749.1 697000000 697500000 1224.60949
OX637749.1 697500000 698000000 1220.35413
OX637749.1 698000000 698500000 1214.73829
OX637749.1 698500000 699000000 1210.01399
OX637749.1 699000000 699500000 1201.21587
OX637749.1 699500000 700000000 1190.91696
OX637749.1 700000000 700500000 1179.89631
OX637749.1 700500000 701000000 1173.46562
OX637749.1 701000000 701500000 1169.45892
OX637749.1 701500000 702000000 1164.92431
OX637749.1 702000000 702500000 1156.50358
OX637749.1 702500000 703000000 1141.38788
OX637749.1 703000000 703500000 1133.72894
OX637749.1 703500000 704000000 1127.5123
OX637749.1 704000000 704500000 1120.7083
OX637749.1 704500000 705000000 1112.74342
OX637749.1 705000000 705500000 1100.67839
OX637749.1 705500000 706000000 1086.35035
OX637749.1 706000000 706500000 1074.68515
OX637749.1 706500000 707000000 1068.7611
OX637749.1 707000000 707500000 1060.68875
OX637749.1 707500000 708000000 1048.75459
OX637749.1 708000000 708500000 1036.60058
OX637749.1 708500000 709000000 1025.65008
OX637749.1 709000000 709500000 1011.35401
OX637749.1 709500000 710000000 996.92171
OX637749.1 710000000 710500000 987.82132
OX637749.1 710500000 711000000 974.57059
OX637749.1 711000000 711500000 949.40267
OX637749.1 711500000 712000000 938.93861
OX637749.1 712000000 712500000 926.07906
OX637749.1 712500000 713000000 915.48899
OX637749.1 713000000 713500000 905.76886
OX637749.1 713500000 714000000 898.96505
OX637749.1 714000000 714500000 879.09191
OX637749.1 714500000 715000000 861.71928
OX637749.1 715000000 715500000 848.93523
OX637749.1 715500000 716000000 832.24248
OX637749.1 716000000 716500000 818.50504
OX637749.1 716500000 717000000 791.17106
OX637749.1 717000000 717500000 763.07356
OX637749.1 717500000 718000000 738.30278
OX637749.1 718000000 718500000 715.18552
OX637749.1 718500000 719000000 691.59063
OX637749.1 719000000 719500000 662.42075
OX637749.1 719500000 720000000 644.93942
OX637749.1 720000000 720500000 614.52191
OX637749.1 720500000 721000000 581.22508
OX637749.1 721000000 721500000 558.26447
OX637749.1 721500000 722000000 520.2421
OX637749.1 722000000 722500000 486.65103
OX637749.1 722500000 723000000 442.01832
OX637749.1 723000000 723500000 389.27865
OX637749.1 723500000 724000000 377.27209
OX637749.1 724000000 724500000 374.0
OX637749.1 724500000 725000000 369.97893
OX637749.1 725000000 725500000 367.0
OX637749.1 725500000 726000000 365.90507
OX637749.1 726000000 726500000 359.89845
OX637749.1 726500000 727000000 334.97836
OX637749.1 727000000 727500000 289.6984
OX637749.1 727500000 728000000 220.70018
OX637749.1 728000000 728500000 143.15733
OX637749.1 728500000 729000000 29.78927
OX637749.1 729000000 729500000 3.0
OX637749.1 729500000 730000000 3.0
OX637749.1 730000000 730500000 3.0
OX637749.1 730500000 731000000 2.86551
OX637749.1 731000000 731176521 1.03317
OX637756.1 0 500000 0.0
OX637756.1 500000 1000000 0.0
OX637756.1 1000000 1500000 0.0
OX637756.1 1500000 2000000 8.6882
OX637756.1 2000000 2500000 113.77194
OX637756.1 2500000 3000000 210.82668
OX637756.1 3000000 3500000 288.73526
OX637756.1 3500000 4000000 352.03443
OX637756.1 4000000 4500000 405.19354
OX637756.1 4500000 5000000 443.06899
OX637756.1 5000000 5500000 475.62944
OX637756.1 5500000 6000000 515.08557
OX637756.1 6000000 6500000 546.44472
OX637756.1 6500000 7000000 577.58
OX637756.1 7000000 7500000 608.86972
OX637756.1 7500000 8000000 632.9126
OX637756.1 8000000 8500000 660.70583
OX637756.1 8500000 9000000 683.2477
OX637756.1 9000000 9500000 701.14443
OX637756.1 9500000 10000000 721.82689
OX637756.1 10000000 10500000 742.78374
OX637756.1 10500000 11000000 759.69483
OX637756.1 11000000 11500000 782.16104
OX637756.1 11500000 12000000 799.55622
OX637756.1 12000000 12500000 814.10978
OX637756.1 12500000 13000000 833.14135
OX637756.1 13000000 13500000 848.23156
OX637756.1 13500000 14000000 860.86772
OX637756.1 14000000 14500000 882.599
OX637756.1 14500000 15000000 895.69625
OX637756.1 15000000 15500000 908.17206
OX637756.1 15500000 16000000 925.51125
OX637756.1 16000000 16500000 936.06896
OX637756.1 16500000 17000000 939.91402
OX637756.1 17000000 17500000 940.46725
OX637756.1 17500000 18000000 946.51811
OX637756.1 18000000 18500000 956.68667
OX637756.1 18500000 19000000 973.43034
OX637756.1 19000000 19500000 989.05636
OX637756.1 19500000 20000000 998.96437
OX637756.1 20000000 20500000 1003.54432
OX637756.1 20500000 21000000 1011.55874
OX637756.1 21000000 21500000 1018.69296
OX637756.1 21500000 22000000 1024.02187
OX637756.1 22000000 22500000 1032.94601
OX637756.1 22500000 23000000 1037.33504
OX637756.1 23000000 23500000 1047.15613
OX637756.1 23500000 24000000 1059.31442
OX637756.1 24000000 24500000 1067.31675
OX637756.1 24500000 25000000 1069.96672
OX637756.1 25000000 25500000 1078.88572
OX637756.1 25500000 26000000 1085.86076
OX637756.1 26000000 26500000 1094.21613
OX637756.1 26500000 27000000 1099.6954
OX637756.1 27000000 27500000 1105.64407
OX637756.1 27500000 28000000 1116.05309
OX637756.1 28000000 28500000 1124.1428
OX637756.1 28500000 29000000 1135.11186
OX637756.1 29000000 29500000 1138.94084
OX637756.1 29500000 30000000 1143.59513
OX637756.1 30000000 30500000 1148.14824
OX637756.1 30500000 31000000 1152.80994
OX637756.1 31000000 31500000 1155.95841
OX637756.1 31500000 32000000 1164.86699
OX637756.1 32000000 32500000 1170.8334
OX637756.1 32500000 33000000 1178.91
OX637756.1 33000000 33500000 1182.72609
OX637756.1 33500000 34000000 1191.37194
OX637756.1 34000000 34500000 1196.89908
OX637756.1 34500000 35000000 1200.25087
OX637756.1 35000000 35500000 1207.95358
OX637756.1 35500000 36000000 1210.51275
OX637756.1 36000000 36500000 1214.72674
OX637756.1 36500000 37000000 1218.38077
OX637756.1 37000000 37500000 1221.52947
OX637756.1 37500000 38000000 1222.02262
OX637756.1 38000000 38500000 1226.47594
OX637756.1 38500000 39000000 1229.14598
OX637756.1 39000000 39500000 1231.93262
OX637756.1 39500000 40000000 1236.2126
OX637756.1 40000000 40500000 1239.31303
OX637756.1 40500000 41000000 1240.0
OX637756.1 41000000 41500000 1240.14159
OX637756.1 41500000 42000000 1242.66165
OX637756.1 42000000 42500000 1247.91058
OX637756.1 42500000 43000000 1249.65524
OX637756.1 43000000 43500000 1254.04244
OX637756.1 43500000 44000000 1257.52419
OX637756.1 44000000 44500000 1263.33403
OX637756.1 44500000 45000000 1264.97481
OX637756.1 45000000 45500000 1269.08424
OX637756.1 45500000 46000000 1272.77075
OX637756.1 46000000 46500000 1274.61817
OX637756.1 46500000 47000000 1279.66533
OX637756.1 47000000 47500000 1282.61099
OX637756.1 47500000 48000000 1287.67452
OX637756.1 48000000 48500000 1288.94098
OX637756.1 48500000 49000000 1289.59924
OX637756.1 49000000 49500000 1289.77177
OX637756.1 49500000 50000000 1290.35794
OX637756.1 50000000 50500000 1293.16515
OX637756.1 50500000 51000000 1295.86867
OX637756.1 51000000 51500000 1297.45095
OX637756.1 51500000 52000000 1300.87162
OX637756.1 52000000 52500000 1306.71953
OX637756.1 52500000 53000000 1309.34788
OX637756.1 53000000 53500000 1311.10667
OX637756.1 53500000 54000000 1315.87764
OX637756.1 54000000 54500000 1317.97427
OX637756.1 54500000 55000000 1319.0
OX637756.1 55000000 55500000 1319.50227
OX637756.1 55500000 56000000 1325.1055
OX637756.1 56000000 56500000 1328.36128
OX637756.1 56500000 57000000 1330.41284
OX637756.1 57000000 57500000 1333.60504
OX637756.1 57500000 58000000 1336.62413
OX637756.1 58000000 58500000 1338.15981
OX637756.1 58500000 59000000 1341.51426
OX637756.1 59000000 59500000 1344.73531
OX637756.1 59500000 60000000 1348.16319
OX637756.1 60000000 60500000 1348.57276
OX637756.1 60500000 61000000 1349.67373
OX637756.1 61000000 61500000 1350.71497
OX637756.1 61500000 62000000 1352.73458
OX637756.1 62000000 62500000 1356.67027
OX637756.1 62500000 63000000 1365.21357
OX637756.1 63000000 63500000 1367.91045
OX637756.1 63500000 64000000 1370.80367
OX637756.1 64000000 64500000 1374.10956
OX637756.1 64500000 65000000 1379.40176
OX637756.1 65000000 65500000 1381.96367
OX637756.1 65500000 66000000 1385.21247
OX637756.1 66000000 66500000 1388.43152
OX637756.1 66500000 67000000 1390.29558
OX637756.1 67000000 67500000 1393.59751
OX637756.1 67500000 68000000 1395.4936
OX637756.1 68000000 68500000 1396.57527
OX637756.1 68500000 69000000 1398.94737
OX637756.1 69000000 69500000 1405.25973
OX637756.1 69500000 70000000 1408.41126
OX637756.1 70000000 70500000 1412.62675
OX637756.1 70500000 71000000 1415.37299
OX637756.1 71000000 71500000 1416.971
OX637756.1 71500000 72000000 1418.18342
OX637756.1 72000000 72500000 1419.24644
OX637756.1 72500000 73000000 1420.29129
OX637756.1 73000000 73500000 1422.48741
OX637756.1 73500000 74000000 1425.98118
OX637756.1 74000000 74500000 1427.00022
OX637756.1 74500000 75000000 1429.10463
OX637756.1 75000000 75500000 1432.48842
OX637756.1 75500000 76000000 1433.82783
OX637756.1 76000000 76500000 1435.0
OX637756.1 76500000 77000000 1435.03618
OX637756.1 77000000 77500000 1438.40355
OX637756.1 77500000 78000000 1441.08149
OX637756.1 78000000 78500000 1441.75046
OX637756.1 78500000 79000000 1443.88764
OX637756.1 79000000 79500000 1444.97592
OX637756.1 79500000 80000000 1446.34912
OX637756.1 80000000 80500000 1450.0
OX637756.1 80500000 81000000 1453.6706
OX637756.1 81000000 81500000 1457.66981
OX637756.1 81500000 82000000 1461.07424
OX637756.1 82000000 82500000 1462.56967
OX637756.1 82500000 83000000 1465.46037
OX637756.1 83000000 83500000 1466.84594
OX637756.1 83500000 84000000 1467.94885
OX637756.1 84000000 84500000 1469.64693
OX637756.1 84500000 85000000 1470.20379
OX637756.1 85000000 85500000 1470.28611
OX637756.1 85500000 86000000 1473.48706
OX637756.1 86000000 86500000 1477.22125
OX637756.1 86500000 87000000 1478.43887
OX637756.1 87000000 87500000 1481.17889
OX637756.1 87500000 88000000 1482.61006
OX637756.1 88000000 88500000 1484.22272
OX637756.1 88500000 89000000 1487.61092
OX637756.1 89000000 89500000 1488.86612
OX637756.1 89500000 90000000 1490.92559
OX637756.1 90000000 90500000 1492.03749
OX637756.1 90500000 91000000 1494.28245
OX637756.1 91000000 91500000 1496.60545
OX637756.1 91500000 92000000 1498.2367
OX637756.1 92000000 92500000 1499.01712
OX637756.1 92500000 93000000 1499.48757
OX637756.1 93000000 93500000 1500.77177
OX637756.1 93500000 94000000 1503.80025
OX637756.1 94000000 94500000 1506.04108
OX637756.1 94500000 95000000 1508.97913
OX637756.1 95000000 95500000 1511.26926
OX637756.1 95500000 96000000 1512.37403
OX637756.1 96000000 96500000 1513.0
OX637756.1 96500000 97000000 1513.53144
OX637756.1 97000000 97500000 1514.69554
OX637756.1 97500000 98000000 1515.70282
OX637756.1 98000000 98500000 1516.02604
OX637756.1 98500000 99000000 1518.31248
OX637756.1 99000000 99500000 1520.7405
OX637756.1 99500000 100000000 1521.36113
OX637756.1 100000000 100500000 1522.67055
OX637756.1 100500000 101000000 1522.06921
OX637756.1 101000000 101500000 1521.9401
OX637756.1 101500000 102000000 1523.77213
OX637756.1 102000000 102500000 1526.12618
OX637756.1 102500000 103000000 1528.02997
OX637756.1 103000000 103500000 1528.6934
OX637756.1 103500000 104000000 1530.30128
OX637756.1 104000000 104500000 1532.79976
OX637756.1 104500000 105000000 1534.69903
OX637756.1 105000000 105500000 1540.69025
OX637756.1 105500000 106000000 1545.38072
OX637756.1 106000000 106500000 1549.00262
OX637756.1 106500000 107000000 1553.4898
OX637756.1 107000000 107500000 1554.0038
OX637756.1 107500000 108000000 1554.04709
OX637756.1 108000000 108500000 1553.40232
OX637756.1 108500000 109000000 1552.03595
OX637756.1 109000000 109500000 1552.04882
OX637756.1 109500000 110000000 1554.40893
OX637756.1 110000000 110500000 1556.0
OX637756.1 110500000 111000000 1556.03862
OX637756.1 111000000 111500000 1556.79164
OX637756.1 111500000 112000000 1557.61834
OX637756.1 112000000 112500000 1561.47882
OX637756.1 112500000 113000000 1562.01848
OX637756.1 113000000 113500000 1563.42483
OX637756.1 113500000 114000000 1566.34715
OX637756.1 114000000 114500000 1569.41188
OX637756.1 114500000 115000000 1573.08603
OX637756.1 115000000 115500000 1574.15916
OX637756.1 115500000 116000000 1573.98102
OX637756.1 116000000 116500000 1575.17365
OX637756.1 116500000 117000000 1574.65311
OX637756.1 117000000 117500000 1573.74371
OX637756.1 117500000 118000000 1574.06303
OX637756.1 118000000 118500000 1571.38826
OX637756.1 118500000 119000000 1569.29565
OX637756.1 119000000 119500000 1569.38133
OX637756.1 119500000 120000000 1566.10251
OX637756.1 120000000 120500000 1566.93404
OX637756.1 120500000 121000000 1565.37867
OX637756.1 121000000 121500000 1562.32774
OX637756.1 121500000 122000000 1559.57422
OX637756.1 122000000 122500000 1560.04176
OX637756.1 122500000 123000000 1558.49339
OX637756.1 123000000 123500000 1557.74358
OX637756.1 123500000 124000000 1557.17919
OX637756.1 124000000 124500000 1556.04396
OX637756.1 124500000 125000000 1556.0
OX637756.1 125000000 125500000 1556.31978
OX637756.1 125500000 126000000 1557.55781
OX637756.1 126000000 126500000 1558.32171
OX637756.1 126500000 127000000 1560.16587
OX637756.1 127000000 127500000 1562.39087
OX637756.1 127500000 128000000 1562.43048
OX637756.1 128000000 128500000 1562.0
OX637756.1 128500000 129000000 1561.16027
OX637756.1 129000000 129500000 1560.01549
OX637756.1 129500000 130000000 1560.42369
OX637756.1 130000000 130500000 1561.00769
OX637756.1 130500000 131000000 1560.46593
OX637756.1 131000000 131500000 1561.05162
OX637756.1 131500000 132000000 1560.07835
OX637756.1 132000000 132500000 1560.59229
OX637756.1 132500000 133000000 1561.01544
OX637756.1 133000000 133500000 1561.05216
OX637756.1 133500000 134000000 1562.68033
OX637756.1 134000000 134500000 1562.8957
OX637756.1 134500000 135000000 1563.7769
OX637756.1 135000000 135500000 1564.83703
OX637756.1 135500000 136000000 1565.9149
OX637756.1 136000000 136500000 1567.78352
OX637756.1 136500000 137000000 1568.33184
OX637756.1 137000000 137500000 1568.72268
OX637756.1 137500000 138000000 1569.65746
OX637756.1 138000000 138500000 1570.10163
OX637756.1 138500000 139000000 1570.02307
OX637756.1 139000000 139500000 1573.26653
OX637756.1 139500000 140000000 1575.03578
OX637756.1 140000000 140500000 1573.02453
OX637756.1 140500000 141000000 1572.44104
OX637756.1 141000000 141500000 1572.47669
OX637756.1 141500000 142000000 1572.03131
OX637756.1 142000000 142500000 1572.04188
OX637756.1 142500000 143000000 1572.96483
OX637756.1 143000000 143500000 1574.53825
OX637756.1 143500000 144000000 1575.0
OX637756.1 144000000 144500000 1572.9692
OX637756.1 144500000 145000000 1572.27484
OX637756.1 145000000 145500000 1573.16216
OX637756.1 145500000 146000000 1574.39048
OX637756.1 146000000 146500000 1573.45694
OX637756.1 146500000 147000000 1570.3053
OX637756.1 147000000 147500000 1572.06258
OX637756.1 147500000 148000000 1574.00909
OX637756.1 148000000 148500000 1572.70947
OX637756.1 148500000 149000000 1572.02969
OX637756.1 149000000 149500000 1572.11753
OX637756.1 149500000 150000000 1572.33426
OX637756.1 150000000 150500000 1574.84093
OX637756.1 150500000 151000000 1574.20099
OX637756.1 151000000 151500000 1576.6693
OX637756.1 151500000 152000000 1578.37681
OX637756.1 152000000 152500000 1579.91574
OX637756.1 152500000 153000000 1581.07837
OX637756.1 153000000 153500000 1580.63746
OX637756.1 153500000 154000000 1582.18021
OX637756.1 154000000 154500000 1583.31707
OX637756.1 154500000 155000000 1586.0383
OX637756.1 155000000 155500000 1589.17646
OX637756.1 155500000 156000000 1589.85689
OX637756.1 156000000 156500000 1589.26784
OX637756.1 156500000 157000000 1591.63168
OX637756.1 157000000 157500000 1593.53118
OX637756.1 157500000 158000000 1596.61025
OX637756.1 158000000 158500000 1596.82108
OX637756.1 158500000 159000000 1598.55918
OX637756.1 159000000 159500000 1599.93776
OX637756.1 159500000 160000000 1599.23447
OX637756.1 160000000 160500000 1598.86037
OX637756.1 160500000 161000000 1599.81446
OX637756.1 161000000 161500000 1598.89434
OX637756.1 161500000 162000000 1599.04361
OX637756.1 162000000 162500000 1599.04544
OX637756.1 162500000 163000000 1600.72725
OX637756.1 163000000 163500000 1600.5124
OX637756.1 163500000 164000000 1602.34691
OX637756.1 164000000 164500000 1603.21208
OX637756.1 164500000 165000000 1603.0
OX637756.1 165000000 165500000 1602.04286
OX637756.1 165500000 166000000 1601.46549
OX637756.1 166000000 166500000 1602.4242
OX637756.1 166500000 167000000 1606.68241
OX637756.1 167000000 167500000 1610.29312
OX637756.1 167500000 168000000 1614.89748
OX637756.1 168000000 168500000 1616.36534
OX637756.1 168500000 169000000 1615.11689
OX637756.1 169000000 169500000 1616.05346
OX637756.1 169500000 170000000 1616.36479
OX637756.1 170000000 170500000 1619.10002
OX637756.1 170500000 171000000 1619.22995
OX637756.1 171000000 171500000 1618.6239
OX637756.1 171500000 172000000 1619.72015
OX637756.1 172000000 172500000 1619.05148
OX637756.1 172500000 173000000 1618.70179
OX637756.1 173000000 173500000 1618.0
OX637756.1 173500000 174000000 1618.03423
OX637756.1 174000000 174500000 1617.58831
OX637756.1 174500000 175000000 1617.95949
OX637756.1 175000000 175500000 1618.43983
OX637756.1 175500000 176000000 1619.31528
OX637756.1 176000000 176500000 1623.12267
OX637756.1 176500000 177000000 1622.89973
OX637756.1 177000000 177500000 1624.01079
OX637756.1 177500000 178000000 1624.95282
OX637756.1 178000000 178500000 1626.19431
OX637756.1 178500000 179000000 1627.05826
OX637756.1 179000000 179500000 1627.29724
OX637756.1 179500000 180000000 1627.88413
OX637756.1 180000000 180500000 1628.10065
OX637756.1 180500000 181000000 1628.0
OX637756.1 181000000 181500000 1628.0
OX637756.1 181500000 182000000 1627.08062
OX637756.1 182000000 182500000 1626.07766
OX637756.1 182500000 183000000 1626.34345
OX637756.1 183000000 183500000 1627.12169
OX637756.1 183500000 184000000 1628.01902
OX637756.1 184000000 184500000 1628.04388
OX637756.1 184500000 185000000 1629.23191
OX637756.1 185000000 185500000 1632.09268
OX637756.1 185500000 186000000 1631.61482
OX637756.1 186000000 186500000 1629.51334
OX637756.1 186500000 187000000 1630.0
OX637756.1 187000000 187500000 1629.06788
OX637756.1 187500000 188000000 1627.17493
OX637756.1 188000000 188500000 1625.00835
OX637756.1 188500000 189000000 1625.1478
OX637756.1 189000000 189500000 1625.71755
OX637756.1 189500000 190000000 1625.54814
OX637756.1 190000000 190500000 1624.50335
OX637756.1 190500000 191000000 1623.22275
OX637756.1 191000000 191500000 1622.0
OX637756.1 191500000 192000000 1622.99396
OX637756.1 192000000 192500000 1623.00076
OX637756.1 192500000 193000000 1622.98097
OX637756.1 193000000 193500000 1621.88091
OX637756.1 193500000 194000000 1621.01369
OX637756.1 194000000 194500000 1622.6033
OX637756.1 194500000 195000000 1623.90972
OX637756.1 195000000 195500000 1624.02417
OX637756.1 195500000 196000000 1624.89524
OX637756.1 196000000 196500000 1626.33284
OX637756.1 196500000 197000000 1628.13854
OX637756.1 197000000 197500000 1628.2116
OX637756.1 197500000 198000000 1626.6834
OX637756.1 198000000 198500000 1625.72043
OX637756.1 198500000 199000000 1625.55885
OX637756.1 199000000 199500000 1628.3301
OX637756.1 199500000 200000000 1627.15091
OX637756.1 200000000 200500000 1626.35265
OX637756.1 200500000 201000000 1626.01919
OX637756.1 201000000 201500000 1624.66178
OX637756.1 201500000 202000000 1624.01154
OX637756.1 202000000 202500000 1623.81788
OX637756.1 202500000 203000000 1623.85141
OX637756.1 203000000 203500000 1623.92385
OX637756.1 203500000 204000000 1622.69203
OX637756.1 204000000 204500000 1622.00082
OX637756.1 204500000 205000000 1622.0197
OX637756.1 205000000 205500000 1624.82002
OX637756.1 205500000 206000000 1625.0
OX637756.1 206000000 206500000 1625.58835
OX637756.1 206500000 207000000 1625.49303
OX637756.1 207000000 207500000 1627.43348
OX637756.1 207500000 208000000 1628.8125
OX637756.1 208000000 208500000 1628.73625
OX637756.1 208500000 209000000 1628.95798
OX637756.1 209000000 209500000 1628.28167
OX637756.1 209500000 210000000 1628.5319
OX637756.1 210000000 210500000 1628.0844
OX637756.1 210500000 211000000 1627.3809
OX637756.1 211000000 211500000 1626.99862
OX637756.1 211500000 212000000 1626.498
OX637756.1 212000000 212500000 1626.10913
OX637756.1 212500000 213000000 1627.09029
OX637756.1 213000000 213500000 1627.69397
OX637756.1 213500000 214000000 1628.29201
OX637756.1 214000000 214500000 1629.76839
OX637756.1 214500000 215000000 1630.01059
OX637756.1 215000000 215500000 1628.20969
OX637756.1 215500000 216000000 1628.01859
OX637756.1 216000000 216500000 1629.07928
OX637756.1 216500000 217000000 1630.03373
OX637756.1 217000000 217500000 1630.55121
OX637756.1 217500000 218000000 1630.82398
OX637756.1 218000000 218500000 1629.21478
OX637756.1 218500000 219000000 1629.3527
OX637756.1 219000000 219500000 1628.23779
OX637756.1 219500000 220000000 1628.83941
OX637756.1 220000000 220500000 1628.4527
OX637756.1 220500000 221000000 1628.0
OX637756.1 221000000 221500000 1628.53486
OX637756.1 221500000 222000000 1629.0
OX637756.1 222000000 222500000 1629.91978
OX637756.1 222500000 223000000 1630.00046
OX637756.1 223000000 223500000 1630.03485
OX637756.1 223500000 224000000 1630.69036
OX637756.1 224000000 224500000 1630.31985
OX637756.1 224500000 225000000 1631.0
OX637756.1 225000000 225500000 1631.0
OX637756.1 225500000 226000000 1631.0
OX637756.1 226000000 226500000 1631.03676
OX637756.1 226500000 227000000 1631.03095
OX637756.1 227000000 227500000 1631.0
OX637756.1 227500000 228000000 1631.68443
OX637756.1 228000000 228500000 1631.36799
OX637756.1 228500000 229000000 1631.0
OX637756.1 229000000 229500000 1631.93019
OX637756.1 229500000 230000000 1632.23409
OX637756.1 230000000 230500000 1632.22951
OX637756.1 230500000 231000000 1631.45156
OX637756.1 231000000 231500000 1632.06594
OX637756.1 231500000 232000000 1632.00516
OX637756.1 232000000 232500000 1632.01213
OX637756.1 232500000 233000000 1631.9974
OX637756.1 233000000 233500000 1631.90742
OX637756.1 233500000 234000000 1630.19914
OX637756.1 234000000 234500000 1630.93927
OX637756.1 234500000 235000000 1630.10893
OX637756.1 235000000 235500000 1630.03674
OX637756.1 235500000 236000000 1630.02875
OX637756.1 236000000 236500000 1631.80468
OX637756.1 236500000 237000000 1631.74352
OX637756.1 237000000 237500000 1632.08328
OX637756.1 237500000 238000000 1632.03633
OX637756.1 238000000 238500000 1630.32157
OX637756.1 238500000 239000000 1626.82684
OX637756.1 239000000 239500000 1626.01705
OX637756.1 239500000 240000000 1627.33272
OX637756.1 240000000 240500000 1627.55786
OX637756.1 240500000 241000000 1626.4003
OX637756.1 241000000 241500000 1626.2568
OX637756.1 241500000 242000000 1625.65472
OX637756.1 242000000 242500000 1626.75058
OX637756.1 242500000 243000000 1625.78383
OX637756.1 243000000 243500000 1624.05684
OX637756.1 243500000 244000000 1623.48971
OX637756.1 244000000 244500000 1621.59051
OX637756.1 244500000 245000000 1620.02215
OX637756.1 245000000 245500000 1619.67961
OX637756.1 245500000 246000000 1619.01046
OX637756.1 246000000 246500000 1619.01645
OX637756.1 246500000 247000000 1618.98464
OX637756.1 247000000 247500000 1617.18264
OX637756.1 247500000 248000000 1616.40004
OX637756.1 248000000 248500000 1614.73188
OX637756.1 248500000 249000000 1615.67054
OX637756.1 249000000 249500000 1616.9137
OX637756.1 249500000 250000000 1616.53562
OX637756.1 250000000 250500000 1616.11129
OX637756.1 250500000 251000000 1615.78403
OX637756.1 251000000 251500000 1614.64187
OX637756.1 251500000 252000000 1615.0
OX637756.1 252000000 252500000 1614.09715
OX637756.1 252500000 253000000 1614.50739
OX637756.1 253000000 253500000 1614.72303
OX637756.1 253500000 254000000 1614.02278
OX637756.1 254000000 254500000 1614.85452
OX637756.1 254500000 255000000 1615.47267
OX637756.1 255000000 255500000 1615.50299
OX637756.1 255500000 256000000 1615.9765
OX637756.1 256000000 256500000 1615.92069
OX637756.1 256500000 257000000 1615.08039
OX637756.1 257000000 257500000 1614.0525
OX637756.1 257500000 258000000 1613.30714
OX637756.1 258000000 258500000 1613.07896
OX637756.1 258500000 259000000 1612.61
OX637756.1 259000000 259500000 1612.65141
OX637756.1 259500000 260000000 1612.00704
OX637756.1 260000000 260500000 1611.9516
OX637756.1 260500000 261000000 1611.03644
OX637756.1 261000000 261500000 1610.52039
OX637756.1 261500000 262000000 1609.26444
OX637756.1 262000000 262500000 1609.01966
OX637756.1 262500000 263000000 1605.67265
OX637756.1 263000000 263500000 1604.86768
OX637756.1 263500000 264000000 1604.03216
OX637756.1 264000000 264500000 1603.44873
OX637756.1 264500000 265000000 1604.32789
OX637756.1 265000000 265500000 1604.88979
OX637756.1 265500000 266000000 1605.01003
OX637756.1 266000000 266500000 1603.68775
OX637756.1 266500000 267000000 1602.19041
OX637756.1 267000000 267500000 1601.93565
OX637756.1 267500000 268000000 1600.64226
OX637756.1 268000000 268500000 1599.14835
OX637756.1 268500000 269000000 1597.1471
OX637756.1 269000000 269500000 1594.3067
OX637756.1 269500000 270000000 1593.78937
OX637756.1 270000000 270500000 1592.25782
OX637756.1 270500000 271000000 1590.34564
OX637756.1 271000000 271500000 1588.63455
OX637756.1 271500000 272000000 1585.91533
OX637756.1 272000000 272500000 1583.4587
OX637756.1 272500000 273000000 1582.4259
OX637756.1 273000000 273500000 1580.76879
OX637756.1 273500000 274000000 1580.0
OX637756.1 274000000 274500000 1580.01762
OX637756.1 274500000 275000000 1579.65224
OX637756.1 275000000 275500000 1579.07827
OX637756.1 275500000 276000000 1579.03407
OX637756.1 276000000 276500000 1578.23714
OX637756.1 276500000 277000000 1576.70357
OX637756.1 277000000 277500000 1573.27806
OX637756.1 277500000 278000000 1573.00848
OX637756.1 278000000 278500000 1572.3136
OX637756.1 278500000 279000000 1570.97186
OX637756.1 279000000 279500000 1569.05966
OX637756.1 279500000 280000000 1568.70217
OX637756.1 280000000 280500000 1568.0
OX637756.1 280500000 281000000 1568.96547
OX637756.1 281000000 281500000 1567.94969
OX637756.1 281500000 282000000 1566.47021
OX637756.1 282000000 282500000 1565.58291
OX637756.1 282500000 283000000 1565.01476
OX637756.1 283000000 283500000 1564.50356
OX637756.1 283500000 284000000 1561.58879
OX637756.1 284000000 284500000 1560.64439
OX637756.1 284500000 285000000 1558.89228
OX637756.1 285000000 285500000 1557.11036
OX637756.1 285500000 286000000 1557.0
OX637756.1 286000000 286500000 1556.44387
OX637756.1 286500000 287000000 1554.33662
OX637756.1 287000000 287500000 1553.62996
OX637756.1 287500000 288000000 1552.38309
OX637756.1 288000000 288500000 1550.01701
OX637756.1 288500000 289000000 1550.51595
OX637756.1 289000000 289500000 1549.29627
OX637756.1 289500000 290000000 1548.50989
OX637756.1 290000000 290500000 1545.23267
OX637756.1 290500000 291000000 1545.0
OX637756.1 291000000 291500000 1543.21453
OX637756.1 291500000 292000000 1538.27384
OX637756.1 292000000 292500000 1534.88799
OX637756.1 292500000 293000000 1530.29261
OX637756.1 293000000 293500000 1527.53815
OX637756.1 293500000 294000000 1526.0
OX637756.1 294000000 294500000 1526.0
OX637756.1 294500000 295000000 1525.32665
OX637756.1 295000000 295500000 1525.00039
OX637756.1 295500000 296000000 1525.0
OX637756.1 296000000 296500000 1525.73198
OX637756.1 296500000 297000000 1525.21221
OX637756.1 297000000 297500000 1523.34665
OX637756.1 297500000 298000000 1521.0
OX637756.1 298000000 298500000 1520.4225
OX637756.1 298500000 299000000 1519.40039
OX637756.1 299000000 299500000 1518.38722
OX637756.1 299500000 300000000 1518.0
OX637756.1 300000000 300500000 1518.0
OX637756.1 300500000 301000000 1518.0
OX637756.1 301000000 301500000 1517.98387
OX637756.1 301500000 302000000 1516.95195
OX637756.1 302000000 302500000 1516.09451
OX637756.1 302500000 303000000 1514.22445
OX637756.1 303000000 303500000 1513.9167
OX637756.1 303500000 304000000 1513.2632
OX637756.1 304000000 304500000 1512.80526
OX637756.1 304500000 305000000 1509.74367
OX637756.1 305000000 305500000 1507.33103
OX637756.1 305500000 306000000 1505.34082
OX637756.1 306000000 306500000 1504.69555
OX637756.1 306500000 307000000 1502.71005
OX637756.1 307000000 307500000 1501.09114
OX637756.1 307500000 308000000 1499.06125
OX637756.1 308000000 308500000 1494.93505
OX637756.1 308500000 309000000 1490.20316
OX637756.1 309000000 309500000 1485.13415
OX637756.1 309500000 310000000 1483.99486
OX637756.1 310000000 310500000 1481.87457
OX637756.1 310500000 311000000 1480.91004
OX637756.1 311000000 311500000 1479.23141
OX637756.1 311500000 312000000 1477.69714
OX637756.1 312000000 312500000 1474.74302
OX637756.1 312500000 313000000 1471.89306
OX637756.1 313000000 313500000 1471.46634
OX637756.1 313500000 314000000 1469.05061
OX637756.1 314000000 314500000 1466.63061
OX637756.1 314500000 315000000 1465.01427
OX637756.1 315000000 315500000 1465.00998
OX637756.1 315500000 316000000 1464.24711
OX637756.1 316000000 316500000 1464.0253
OX637756.1 316500000 317000000 1463.26308
OX637756.1 317000000 317500000 1462.11783
OX637756.1 317500000 318000000 1458.18066
OX637756.1 318000000 318500000 1456.56811
OX637756.1 318500000 319000000 1453.94254
OX637756.1 319000000 319500000 1450.44938
OX637756.1 319500000 320000000 1447.95008
OX637756.1 320000000 320500000 1442.86627
OX637756.1 320500000 321000000 1440.15838
OX637756.1 321000000 321500000 1436.77738
OX637756.1 321500000 322000000 1432.51355
OX637756.1 322000000 322500000 1428.7959
OX637756.1 322500000 323000000 1426.88154
OX637756.1 323000000 323500000 1424.7957
OX637756.1 323500000 324000000 1420.94384
OX637756.1 324000000 324500000 1418.81298
OX637756.1 324500000 325000000 1417.13433
OX637756.1 325000000 325500000 1415.86881
OX637756.1 325500000 326000000 1415.02641
OX637756.1 326000000 326500000 1413.75862
OX637756.1 326500000 327000000 1408.44043
OX637756.1 327000000 327500000 1405.55896
OX637756.1 327500000 328000000 1401.54602
OX637756.1 328000000 328500000 1397.97377
OX637756.1 328500000 329000000 1392.47524
OX637756.1 329000000 329500000 1387.93704
OX637756.1 329500000 330000000 1380.22286
OX637756.1 330000000 330500000 1371.72841
OX637756.1 330500000 331000000 1366.42787
OX637756.1 331000000 331500000 1362.54764
OX637756.1 331500000 332000000 1358.18226
OX637756.1 332000000 332500000 1355.25709
OX637756.1 332500000 333000000 1354.01678
OX637756.1 333000000 333500000 1349.47568
OX637756.1 333500000 334000000 1346.86479
OX637756.1 334000000 334500000 1341.70922
OX637756.1 334500000 335000000 1340.89796
OX637756.1 335000000 335500000 1339.10379
OX637756.1 335500000 336000000 1337.01466
OX637756.1 336000000 336500000 1335.90537
OX637756.1 336500000 337000000 1331.03343
OX637756.1 337000000 337500000 1326.49045
OX637756.1 337500000 338000000 1321.92102
OX637756.1 338000000 338500000 1321.4191
OX637756.1 338500000 339000000 1320.81407
OX637756.1 339000000 339500000 1318.45096
OX637756.1 339500000 340000000 1314.77209
OX637756.1 340000000 340500000 1312.20026
OX637756.1 340500000 341000000 1308.09526
OX637756.1 341000000 341500000 1302.66759
OX637756.1 341500000 342000000 1298.16166
OX637756.1 342000000 342500000 1292.74659
OX637756.1 342500000 343000000 1288.09218
OX637756.1 343000000 343500000 1284.48288
OX637756.1 343500000 344000000 1275.0428
OX637756.1 344000000 344500000 1267.47901
OX637756.1 344500000 345000000 1263.44112
OX637756.1 345000000 345500000 1260.38984
OX637756.1 345500000 346000000 1257.00311
OX637756.1 346000000 346500000 1254.70623
OX637756.1 346500000 347000000 1252.47157
OX637756.1 347000000 347500000 1246.32114
OX637756.1 347500000 348000000 1241.60187
OX637756.1 348000000 348500000 1234.49178
OX637756.1 348500000 349000000 1227.26478
OX637756.1 349000000 349500000 1222.89821
OX637756.1 349500000 350000000 1218.70572
OX637756.1 350000000 350500000 1216.35063
OX637756.1 350500000 351000000 1212.29303
OX637756.1 351000000 351500000 1204.73633
OX637756.1 351500000 352000000 1200.48779
OX637756.1 352000000 352500000 1194.43051
OX637756.1 352500000 353000000 1189.64693
OX637756.1 353000000 353500000 1186.09353
OX637756.1 353500000 354000000 1177.344
OX637756.1 354000000 354500000 1169.83344
OX637756.1 354500000 355000000 1166.36169
OX637756.1 355000000 355500000 1160.93636
OX637756.1 355500000 356000000 1153.2617
OX637756.1 356000000 356500000 1146.80597
OX637756.1 356500000 357000000 1136.97546
OX637756.1 357000000 357500000 1124.57756
OX637756.1 357500000 358000000 1106.13128
OX637756.1 358000000 358500000 1100.51474
OX637756.1 358500000 359000000 1100.58947
OX637756.1 359000000 359500000 1102.80171
OX637756.1 359500000 360000000 1101.7784
OX637756.1 360000000 360500000 1097.26887
OX637756.1 360500000 361000000 1095.70483
OX637756.1 361000000 361500000 1092.60455
OX637756.1 361500000 362000000 1089.77603
OX637756.1 362000000 362500000 1088.65241
OX637756.1 362500000 363000000 1088.8286
OX637756.1 363000000 363500000 1089.42023
OX637756.1 363500000 364000000 1082.31814
OX637756.1 364000000 364500000 1075.27222
OX637756.1 364500000 365000000 1069.74223
OX637756.1 365000000 365500000 1068.08788
OX637756.1 365500000 366000000 1064.79734
OX637756.1 366000000 366500000 1056.41179
OX637756.1 366500000 367000000 1051.46713
OX637756.1 367000000 367500000 1046.45413
OX637756.1 367500000 368000000 1041.56307
OX637756.1 368000000 368500000 1038.2218
OX637756.1 368500000 369000000 1035.44925
OX637756.1 369000000 369500000 1031.9
OX637756.1 369500000 370000000 1025.47917
OX637756.1 370000000 370500000 1020.19843
OX637756.1 370500000 371000000 1013.63797
OX637756.1 371000000 371500000 1004.68377
OX637756.1 371500000 372000000 998.06153
OX637756.1 372000000 372500000 989.33921
OX637756.1 372500000 373000000 985.22795
OX637756.1 373000000 373500000 979.33455
OX637756.1 373500000 374000000 975.53541
OX637756.1 374000000 374500000 973.1299
OX637756.1 374500000 375000000 964.77541
OX637756.1 375000000 375500000 957.42927
OX637756.1 375500000 376000000 953.94096
OX637756.1 376000000 376500000 949.5983
OX637756.1 376500000 377000000 942.85581
OX637756.1 377000000 377500000 938.57466
OX637756.1 377500000 378000000 934.51616
OX637756.1 378000000 378500000 929.38514
OX637756.1 378500000 379000000 925.52505
OX637756.1 379000000 379500000 922.3593
OX637756.1 379500000 380000000 913.96337
OX637756.1 380000000 380500000 905.9183
OX637756.1 380500000 381000000 897.76829
OX637756.1 381000000 381500000 885.89579
OX637756.1 381500000 382000000 877.05212
OX637756.1 382000000 382500000 870.27553
OX637756.1 382500000 383000000 864.77002
OX637756.1 383000000 383500000 860.8737
OX637756.1 383500000 384000000 855.23678
OX637756.1 384000000 384500000 850.21214
OX637756.1 384500000 385000000 843.43523
OX637756.1 385000000 385500000 834.75653
OX637756.1 385500000 386000000 823.00611
OX637756.1 386000000 386500000 811.01085
OX637756.1 386500000 387000000 799.33265
OX637756.1 387000000 387500000 789.61925
OX637756.1 387500000 388000000 781.51348
OX637756.1 388000000 388500000 775.55154
OX637756.1 388500000 389000000 771.41236
OX637756.1 389000000 389500000 763.513
OX637756.1 389500000 390000000 754.25041
OX637756.1 390000000 390500000 744.86218
OX637756.1 390500000 391000000 736.49292
OX637756.1 391000000 391500000 724.09529
OX637756.1 391500000 392000000 715.94129
OX637756.1 392000000 392500000 710.28191
OX637756.1 392500000 393000000 697.92345
OX637756.1 393000000 393500000 680.40771
OX637756.1 393500000 394000000 671.75748
OX637756.1 394000000 394500000 650.53103
OX637756.1 394500000 395000000 629.85715
OX637756.1 395000000 395500000 617.26524
OX637756.1 395500000 396000000 604.67899
OX637756.1 396000000 396500000 600.22451
OX637756.1 396500000 397000000 585.11639
OX637756.1 397000000 397500000 555.27591
OX637756.1 397500000 398000000 536.97203
OX637756.1 398000000 398500000 521.94876
OX637756.1 398500000 399000000 509.68201
OX637756.1 399000000 399500000 490.40763
OX637756.1 399500000 400000000 462.8624
OX637756.1 400000000 400500000 433.06858
OX637756.1 400500000 401000000 403.14394
OX637756.1 401000000 401500000 366.18274
OX637756.1 401500000 402000000 323.3987
OX637756.1 402000000 402500000 285.81059
OX637756.1 402500000 403000000 221.11999
OX637756.1 403000000 403500000 132.5096
OX637756.1 403500000 403960391 46.7627
OX637743.1 0 500000 49.68925
OX637743.1 500000 1000000 139.20863
OX637743.1 1000000 1500000 150.41463
OX637743.1 1500000 2000000 156.06356
OX637743.1 2000000 2500000 159.93971
OX637743.1 2500000 3000000 202.08129
OX637743.1 3000000 3500000 223.0
OX637743.1 3500000 4000000 223.12042
OX637743.1 4000000 4500000 224.33341
OX637743.1 4500000 5000000 240.02251
OX637743.1 5000000 5500000 265.0
OX637743.1 5500000 6000000 269.29722
OX637743.1 6000000 6500000 275.32388
OX637743.1 6500000 7000000 289.07649
OX637743.1 7000000 7500000 328.83343
OX637743.1 7500000 8000000 355.54095
OX637743.1 8000000 8500000 385.78602
OX637743.1 8500000 9000000 424.00679
OX637743.1 9000000 9500000 436.22552
OX637743.1 9500000 10000000 437.0
OX637743.1 10000000 10500000 437.0
OX637743.1 10500000 11000000 437.68819
OX637743.1 11000000 11500000 446.24328
OX637743.1 11500000 12000000 480.46295
OX637743.1 12000000 12500000 503.11751
OX637743.1 12500000 13000000 513.23854
OX637743.1 13000000 13500000 531.9083
OX637743.1 13500000 14000000 561.2561
OX637743.1 14000000 14500000 577.17901
OX637743.1 14500000 15000000 604.15714
OX637743.1 15000000 15500000 618.47992
OX637743.1 15500000 16000000 625.01708
OX637743.1 16000000 16500000 639.85233
OX637743.1 16500000 17000000 663.53859
OX637743.1 17000000 17500000 687.0007
OX637743.1 17500000 18000000 714.25963
OX637743.1 18000000 18500000 740.41099
OX637743.1 18500000 19000000 749.002
OX637743.1 19000000 19500000 770.87173
OX637743.1 19500000 20000000 783.54405
OX637743.1 20000000 20500000 800.84126
OX637743.1 20500000 21000000 820.18776
OX637743.1 21000000 21500000 831.20096
OX637743.1 21500000 22000000 849.4212
OX637743.1 22000000 22500000 862.1521
OX637743.1 22500000 23000000 874.60803
OX637743.1 23000000 23500000 886.75273
OX637743.1 23500000 24000000 902.55801
OX637743.1 24000000 24500000 917.99861
OX637743.1 24500000 25000000 943.77268
OX637743.1 25000000 25500000 966.27002
OX637743.1 25500000 26000000 980.26685
OX637743.1 26000000 26500000 987.03375
OX637743.1 26500000 27000000 1001.26597
OX637743.1 27000000 27500000 1022.57145
OX637743.1 27500000 28000000 1040.44622
OX637743.1 28000000 28500000 1050.9886
OX637743.1 28500000 29000000 1059.43498
OX637743.1 29000000 29500000 1074.6964
OX637743.1 29500000 30000000 1085.40271
OX637743.1 30000000 30500000 1100.60675
OX637743.1 30500000 31000000 1118.07768
OX637743.1 31000000 31500000 1134.09797
OX637743.1 31500000 32000000 1146.95024
OX637743.1 32000000 32500000 1158.96873
OX637743.1 32500000 33000000 1169.92927
OX637743.1 33000000 33500000 1180.34686
OX637743.1 33500000 34000000 1185.50868
OX637743.1 34000000 34500000 1191.87243
OX637743.1 34500000 35000000 1198.88202
OX637743.1 35000000 35500000 1206.43818
OX637743.1 35500000 36000000 1215.64447
OX637743.1 36000000 36500000 1225.01267
OX637743.1 36500000 37000000 1236.56369
OX637743.1 37000000 37500000 1242.31345
OX637743.1 37500000 38000000 1255.00387
OX637743.1 38000000 38500000 1261.97025
OX637743.1 38500000 39000000 1279.37359
OX637743.1 39000000 39500000 1293.11103
OX637743.1 39500000 40000000 1304.15285
OX637743.1 40000000 40500000 1312.75293
OX637743.1 40500000 41000000 1321.41915
OX637743.1 41000000 41500000 1334.60459
OX637743.1 41500000 42000000 1349.52273
OX637743.1 42000000 42500000 1359.40511
OX637743.1 42500000 43000000 1366.20089
OX637743.1 43000000 43500000 1376.29393
OX637743.1 43500000 44000000 1385.87151
OX637743.1 44000000 44500000 1400.3471
OX637743.1 44500000 45000000 1407.87389
OX637743.1 45000000 45500000 1415.26081
OX637743.1 45500000 46000000 1422.26551
OX637743.1 46000000 46500000 1428.74753
OX637743.1 46500000 47000000 1433.64607
OX637743.1 47000000 47500000 1442.48906
OX637743.1 47500000 48000000 1446.90746
OX637743.1 48000000 48500000 1454.88934
OX637743.1 48500000 49000000 1464.48614
OX637743.1 49000000 49500000 1469.49823
OX637743.1 49500000 50000000 1476.51459
OX637743.1 50000000 50500000 1482.08
OX637743.1 50500000 51000000 1489.11282
OX637743.1 51000000 51500000 1497.42789
OX637743.1 51500000 52000000 1507.74862
OX637743.1 52000000 52500000 1512.49824
OX637743.1 52500000 53000000 1514.8065
OX637743.1 53000000 53500000 1523.87937
OX637743.1 53500000 54000000 1529.66874
OX637743.1 54000000 54500000 1534.74599
OX637743.1 54500000 55000000 1539.44127
OX637743.1 55000000 55500000 1547.99983
OX637743.1 55500000 56000000 1552.78642
OX637743.1 56000000 56500000 1559.04065
OX637743.1 56500000 57000000 1567.02493
OX637743.1 57000000 57500000 1571.91572
OX637743.1 57500000 58000000 1577.31027
OX637743.1 58000000 58500000 1582.21864
OX637743.1 58500000 59000000 1584.27294
OX637743.1 59000000 59500000 1589.37866
OX637743.1 59500000 60000000 1593.387
OX637743.1 60000000 60500000 1601.97669
OX637743.1 60500000 61000000 1606.86205
OX637743.1 61000000 61500000 1613.12538
OX637743.1 61500000 62000000 1615.99018
OX637743.1 62000000 62500000 1620.66465
OX637743.1 62500000 63000000 1623.18129
OX637743.1 63000000 63500000 1627.71659
OX637743.1 63500000 64000000 1634.63694
OX637743.1 64000000 64500000 1637.49531
OX637743.1 64500000 65000000 1639.90892
OX637743.1 65000000 65500000 1643.39835
OX637743.1 65500000 66000000 1646.26086
OX637743.1 66000000 66500000 1650.76503
OX637743.1 66500000 67000000 1653.84631
OX637743.1 67000000 67500000 1656.96137
OX637743.1 67500000 68000000 1660.48727
OX637743.1 68000000 68500000 1665.21487
OX637743.1 68500000 69000000 1671.66511
OX637743.1 69000000 69500000 1675.52066
OX637743.1 69500000 70000000 1679.01937
OX637743.1 70000000 70500000 1680.9716
OX637743.1 70500000 71000000 1683.93985
OX637743.1 71000000 71500000 1686.65881
OX637743.1 71500000 72000000 1692.58348
OX637743.1 72000000 72500000 1694.26152
OX637743.1 72500000 73000000 1697.12696
OX637743.1 73000000 73500000 1703.72878
OX637743.1 73500000 74000000 1706.70072
OX637743.1 74000000 74500000 1710.79424
OX637743.1 74500000 75000000 1715.99122
OX637743.1 75000000 75500000 1718.29165
OX637743.1 75500000 76000000 1721.99497
OX637743.1 76000000 76500000 1727.93973
OX637743.1 76500000 77000000 1731.69906
OX637743.1 77000000 77500000 1736.51422
OX637743.1 77500000 78000000 1741.15891
OX637743.1 78000000 78500000 1748.95418
OX637743.1 78500000 79000000 1752.65031
OX637743.1 79000000 79500000 1758.1372
OX637743.1 79500000 80000000 1761.09626
OX637743.1 80000000 80500000 1765.59933
OX637743.1 80500000 81000000 1769.30415
OX637743.1 81000000 81500000 1770.46359
OX637743.1 81500000 82000000 1772.5933
OX637743.1 82000000 82500000 1778.17016
OX637743.1 82500000 83000000 1781.29419
OX637743.1 83000000 83500000 1783.12344
OX637743.1 83500000 84000000 1786.84517
OX637743.1 84000000 84500000 1788.14479
OX637743.1 84500000 85000000 1790.48125
OX637743.1 85000000 85500000 1795.62888
OX637743.1 85500000 86000000 1800.31161
OX637743.1 86000000 86500000 1803.5465
OX637743.1 86500000 87000000 1806.76529
OX637743.1 87000000 87500000 1809.0041
OX637743.1 87500000 88000000 1812.52049
OX637743.1 88000000 88500000 1817.85146
OX637743.1 88500000 89000000 1821.8161
OX637743.1 89000000 89500000 1822.56174
OX637743.1 89500000 90000000 1823.22868
OX637743.1 90000000 90500000 1825.01089
OX637743.1 90500000 91000000 1827.23995
OX637743.1 91000000 91500000 1832.07635
OX637743.1 91500000 92000000 1835.78609
OX637743.1 92000000 92500000 1840.83729
OX637743.1 92500000 93000000 1846.68666
OX637743.1 93000000 93500000 1848.84629
OX637743.1 93500000 94000000 1851.87119
OX637743.1 94000000 94500000 1853.21678
OX637743.1 94500000 95000000 1854.47444
OX637743.1 95000000 95500000 1856.69436
OX637743.1 95500000 96000000 1860.89469
OX637743.1 96000000 96500000 1865.92553
OX637743.1 96500000 97000000 1867.29044
OX637743.1 97000000 97500000 1871.7489
OX637743.1 97500000 98000000 1873.43687
OX637743.1 98000000 98500000 1876.29757
OX637743.1 98500000 99000000 1879.71237
OX637743.1 99000000 99500000 1882.49656
OX637743.1 99500000 100000000 1886.01795
OX637743.1 100000000 100500000 1890.64741
OX637743.1 100500000 101000000 1893.7191
OX637743.1 101000000 101500000 1895.04635
OX637743.1 101500000 102000000 1896.11886
OX637743.1 102000000 102500000 1898.9959
OX637743.1 102500000 103000000 1900.0
OX637743.1 103000000 103500000 1901.98088
OX637743.1 103500000 104000000 1904.76302
OX637743.1 104000000 104500000 1908.12187
OX637743.1 104500000 105000000 1911.70659
OX637743.1 105000000 105500000 1915.15596
OX637743.1 105500000 106000000 1919.50252
OX637743.1 106000000 106500000 1921.03586
OX637743.1 106500000 107000000 1923.44227
OX637743.1 107000000 107500000 1923.88325
OX637743.1 107500000 108000000 1924.60882
OX637743.1 108000000 108500000 1926.60019
OX637743.1 108500000 109000000 1929.98024
OX637743.1 109000000 109500000 1932.9751
OX637743.1 109500000 110000000 1933.56335
OX637743.1 110000000 110500000 1934.00692
OX637743.1 110500000 111000000 1935.78289
OX637743.1 111000000 111500000 1937.42895
OX637743.1 111500000 112000000 1938.88154
OX637743.1 112000000 112500000 1941.08469
OX637743.1 112500000 113000000 1943.41837
OX637743.1 113000000 113500000 1945.23553
OX637743.1 113500000 114000000 1947.4652
OX637743.1 114000000 114500000 1949.90758
OX637743.1 114500000 115000000 1951.22219
OX637743.1 115000000 115500000 1952.34321
OX637743.1 115500000 116000000 1952.98679
OX637743.1 116000000 116500000 1954.45139
OX637743.1 116500000 117000000 1955.0
OX637743.1 117000000 117500000 1955.66135
OX637743.1 117500000 118000000 1957.19298
OX637743.1 118000000 118500000 1959.16957
OX637743.1 118500000 119000000 1962.99403
OX637743.1 119000000 119500000 1966.10784
OX637743.1 119500000 120000000 1968.18349
OX637743.1 120000000 120500000 1971.34735
OX637743.1 120500000 121000000 1973.78332
OX637743.1 121000000 121500000 1975.05929
OX637743.1 121500000 122000000 1976.32393
OX637743.1 122000000 122500000 1978.08292
OX637743.1 122500000 123000000 1980.23348
OX637743.1 123000000 123500000 1983.02452
OX637743.1 123500000 124000000 1985.00779
OX637743.1 124000000 124500000 1986.88967
OX637743.1 124500000 125000000 1988.48828
OX637743.1 125000000 125500000 1990.55496
OX637743.1 125500000 126000000 1993.38145
OX637743.1 126000000 126500000 1994.1827
OX637743.1 126500000 127000000 1995.92098
OX637743.1 127000000 127500000 1999.60379
OX637743.1 127500000 128000000 1999.99956
OX637743.1 128000000 128500000 2001.2344
OX637743.1 128500000 129000000 2002.16955
OX637743.1 129000000 129500000 2003.01831
OX637743.1 129500000 130000000 2003.0
OX637743.1 130000000 130500000 2003.0
OX637743.1 130500000 131000000 2004.04225
OX637743.1 131000000 131500000 2007.19679
OX637743.1 131500000 132000000 2007.60624
OX637743.1 132000000 132500000 2009.33426
OX637743.1 132500000 133000000 2011.0
OX637743.1 133000000 133500000 2011.89297
OX637743.1 133500000 134000000 2013.73229
OX637743.1 134000000 134500000 2018.64376
OX637743.1 134500000 135000000 2020.51444
OX637743.1 135000000 135500000 2021.27999
OX637743.1 135500000 136000000 2023.00099
OX637743.1 136000000 136500000 2025.34516
OX637743.1 136500000 137000000 2028.41618
OX637743.1 137000000 137500000 2030.96893
OX637743.1 137500000 138000000 2034.41106
OX637743.1 138000000 138500000 2038.20767
OX637743.1 138500000 139000000 2039.97009
OX637743.1 139000000 139500000 2040.00035
OX637743.1 139500000 140000000 2040.30832
OX637743.1 140000000 140500000 2041.93673
OX637743.1 140500000 141000000 2043.7751
OX637743.1 141000000 141500000 2044.11658
OX637743.1 141500000 142000000 2047.20551
OX637743.1 142000000 142500000 2048.04683
OX637743.1 142500000 143000000 2049.54448
OX637743.1 143000000 143500000 2050.04555
OX637743.1 143500000 144000000 2049.70672
OX637743.1 144000000 144500000 2049.14842
OX637743.1 144500000 145000000 2050.64693
OX637743.1 145000000 145500000 2052.12953
OX637743.1 145500000 146000000 2053.0
OX637743.1 146000000 146500000 2054.52521
OX637743.1 146500000 147000000 2055.11972
OX637743.1 147000000 147500000 2055.89914
OX637743.1 147500000 148000000 2057.07829
OX637743.1 148000000 148500000 2057.02916
OX637743.1 148500000 149000000 2056.76694
OX637743.1 149000000 149500000 2056.00724
OX637743.1 149500000 150000000 2056.02621
OX637743.1 150000000 150500000 2057.07288
OX637743.1 150500000 151000000 2057.50045
OX637743.1 151000000 151500000 2058.96771
OX637743.1 151500000 152000000 2061.72659
OX637743.1 152000000 152500000 2062.60323
OX637743.1 152500000 153000000 2063.90867
OX637743.1 153000000 153500000 2064.46639
OX637743.1 153500000 154000000 2068.84946
OX637743.1 154000000 154500000 2071.0891
OX637743.1 154500000 155000000 2073.51107
OX637743.1 155000000 155500000 2073.63468
OX637743.1 155500000 156000000 2076.5116
OX637743.1 156000000 156500000 2076.67824
OX637743.1 156500000 157000000 2076.34673
OX637743.1 157000000 157500000 2077.0199
OX637743.1 157500000 158000000 2079.72375
OX637743.1 158000000 158500000 2080.0
OX637743.1 158500000 159000000 2079.93437
OX637743.1 159000000 159500000 2080.01728
OX637743.1 159500000 160000000 2079.64815
OX637743.1 160000000 160500000 2080.9649
OX637743.1 160500000 161000000 2081.10064
OX637743.1 161000000 161500000 2082.68724
OX637743.1 161500000 162000000 2083.03387
OX637743.1 162000000 162500000 2083.01823
OX637743.1 162500000 163000000 2084.40338
OX637743.1 163000000 163500000 2086.2923
OX637743.1 163500000 164000000 2086.17633
OX637743.1 164000000 164500000 2087.86416
OX637743.1 164500000 165000000 2090.19755
OX637743.1 165000000 165500000 2091.58577
OX637743.1 165500000 166000000 2091.40685
OX637743.1 166000000 166500000 2092.5006
OX637743.1 166500000 167000000 2093.01971
OX637743.1 167000000 167500000 2093.38046
OX637743.1 167500000 168000000 2094.19183
OX637743.1 168000000 168500000 2095.03282
OX637743.1 168500000 169000000 2095.92927
OX637743.1 169000000 169500000 2096.07012
OX637743.1 169500000 170000000 2095.87476
OX637743.1 170000000 170500000 2095.34369
OX637743.1 170500000 171000000 2095.94705
OX637743.1 171000000 171500000 2096.02545
OX637743.1 171500000 172000000 2096.9481
OX637743.1 172000000 172500000 2099.41331
OX637743.1 172500000 173000000 2102.0
OX637743.1 173000000 173500000 2102.9818
OX637743.1 173500000 174000000 2103.01962
OX637743.1 174000000 174500000 2103.0252
OX637743.1 174500000 175000000 2103.41029
OX637743.1 175000000 175500000 2104.20845
OX637743.1 175500000 176000000 2105.01733
OX637743.1 176000000 176500000 2105.09103
OX637743.1 176500000 177000000 2106.54338
OX637743.1 177000000 177500000 2110.18013
OX637743.1 177500000 178000000 2112.01193
OX637743.1 178000000 178500000 2112.0
OX637743.1 178500000 179000000 2112.02436
OX637743.1 179000000 179500000 2111.12319
OX637743.1 179500000 180000000 2111.42158
OX637743.1 180000000 180500000 2112.81842
OX637743.1 180500000 181000000 2113.74212
OX637743.1 181000000 181500000 2114.57153
OX637743.1 181500000 182000000 2115.04949
OX637743.1 182000000 182500000 2115.01016
OX637743.1 182500000 183000000 2115.0
OX637743.1 183000000 183500000 2116.01339
OX637743.1 183500000 184000000 2117.39186
OX637743.1 184000000 184500000 2118.02579
OX637743.1 184500000 185000000 2118.27629
OX637743.1 185000000 185500000 2119.98215
OX637743.1 185500000 186000000 2122.0
OX637743.1 186000000 186500000 2122.20516
OX637743.1 186500000 187000000 2124.4322
OX637743.1 187000000 187500000 2125.31181
OX637743.1 187500000 188000000 2127.52714
OX637743.1 188000000 188500000 2127.39417
OX637743.1 188500000 189000000 2128.31579
OX637743.1 189000000 189500000 2129.19624
OX637743.1 189500000 190000000 2131.40059
OX637743.1 190000000 190500000 2132.34049
OX637743.1 190500000 191000000 2133.33585
OX637743.1 191000000 191500000 2134.43115
OX637743.1 191500000 192000000 2135.01753
OX637743.1 192000000 192500000 2134.61253
OX637743.1 192500000 193000000 2136.74576
OX637743.1 193000000 193500000 2136.63047
OX637743.1 193500000 194000000 2135.92045
OX637743.1 194000000 194500000 2135.00479
OX637743.1 194500000 195000000 2135.88488
OX637743.1 195000000 195500000 2136.85845
OX637743.1 195500000 196000000 2137.41246
OX637743.1 196000000 196500000 2139.23145
OX637743.1 196500000 197000000 2139.42369
OX637743.1 197000000 197500000 2140.14477
OX637743.1 197500000 198000000 2142.0
OX637743.1 198000000 198500000 2142.75159
OX637743.1 198500000 199000000 2143.85681
OX637743.1 199000000 199500000 2145.10406
OX637743.1 199500000 200000000 2146.07992
OX637743.1 200000000 200500000 2147.07343
OX637743.1 200500000 201000000 2148.88683
OX637743.1 201000000 201500000 2149.09946
OX637743.1 201500000 202000000 2149.02876
OX637743.1 202000000 202500000 2149.42377
OX637743.1 202500000 203000000 2150.0
OX637743.1 203000000 203500000 2150.24174
OX637743.1 203500000 204000000 2151.0
OX637743.1 204000000 204500000 2151.0387
OX637743.1 204500000 205000000 2151.53923
OX637743.1 205000000 205500000 2152.7305
OX637743.1 205500000 206000000 2154.31347
OX637743.1 206000000 206500000 2155.72593
OX637743.1 206500000 207000000 2156.03268
OX637743.1 207000000 207500000 2156.41378
OX637743.1 207500000 208000000 2158.29174
OX637743.1 208000000 208500000 2157.73153
OX637743.1 208500000 209000000 2157.27182
OX637743.1 209000000 209500000 2158.83177
OX637743.1 209500000 210000000 2159.74864
OX637743.1 210000000 210500000 2161.47044
OX637743.1 210500000 211000000 2162.68798
OX637743.1 211000000 211500000 2163.01367
OX637743.1 211500000 212000000 2163.01821
OX637743.1 212000000 212500000 2164.75812
OX637743.1 212500000 213000000 2165.57411
OX637743.1 213000000 213500000 2165.07256
OX637743.1 213500000 214000000 2164.02128
OX637743.1 214000000 214500000 2165.22567
OX637743.1 214500000 215000000 2166.19246
OX637743.1 215000000 215500000 2167.89352
OX637743.1 215500000 216000000 2168.61906
OX637743.1 216000000 216500000 2169.08765
OX637743.1 216500000 217000000 2169.01831
OX637743.1 217000000 217500000 2169.15609
OX637743.1 217500000 218000000 2169.99107
OX637743.1 218000000 218500000 2169.92093
OX637743.1 218500000 219000000 2169.95085
OX637743.1 219000000 219500000 2170.0804
OX637743.1 219500000 220000000 2171.96461
OX637743.1 220000000 220500000 2173.21453
OX637743.1 220500000 221000000 2173.92356
OX637743.1 221000000 221500000 2173.77085
OX637743.1 221500000 222000000 2173.57027
OX637743.1 222000000 222500000 2174.26521
OX637743.1 222500000 223000000 2175.66675
OX637743.1 223000000 223500000 2175.77131
OX637743.1 223500000 224000000 2175.0
OX637743.1 224000000 224500000 2174.09867
OX637743.1 224500000 225000000 2174.29642
OX637743.1 225000000 225500000 2176.29678
OX637743.1 225500000 226000000 2177.96359
OX637743.1 226000000 226500000 2180.00261
OX637743.1 226500000 227000000 2180.1708
OX637743.1 227000000 227500000 2180.73434
OX637743.1 227500000 228000000 2180.723
OX637743.1 228000000 228500000 2182.79156
OX637743.1 228500000 229000000 2183.21419
OX637743.1 229000000 229500000 2183.16667
OX637743.1 229500000 230000000 2184.10969
OX637743.1 230000000 230500000 2183.25062
OX637743.1 230500000 231000000 2183.0793
OX637743.1 231000000 231500000 2183.14222
OX637743.1 231500000 232000000 2182.37669
OX637743.1 232000000 232500000 2181.56188
OX637743.1 232500000 233000000 2181.48711
OX637743.1 233000000 233500000 2182.15677
OX637743.1 233500000 234000000 2181.42056
OX637743.1 234000000 234500000 2181.10776
OX637743.1 234500000 235000000 2181.93575
OX637743.1 235000000 235500000 2181.19023
OX637743.1 235500000 236000000 2181.04723
OX637743.1 236000000 236500000 2180.65584
OX637743.1 236500000 237000000 2180.01733
OX637743.1 237000000 237500000 2180.73454
OX637743.1 237500000 238000000 2179.81708
OX637743.1 238000000 238500000 2179.12666
OX637743.1 238500000 239000000 2179.04911
OX637743.1 239000000 239500000 2179.0
OX637743.1 239500000 240000000 2179.03366
OX637743.1 240000000 240500000 2179.09075
OX637743.1 240500000 241000000 2179.0
OX637743.1 241000000 241500000 2178.44565
OX637743.1 241500000 242000000 2178.50823
OX637743.1 242000000 242500000 2178.97229
OX637743.1 242500000 243000000 2179.48396
OX637743.1 243000000 243500000 2180.03192
OX637743.1 243500000 244000000 2180.03089
OX637743.1 244000000 244500000 2180.05064
OX637743.1 244500000 245000000 2179.90314
OX637743.1 245000000 245500000 2179.02865
OX637743.1 245500000 246000000 2177.87583
OX637743.1 246000000 246500000 2176.26147
OX637743.1 246500000 247000000 2175.00616
OX637743.1 247000000 247500000 2174.99677
OX637743.1 247500000 248000000 2175.04655
OX637743.1 248000000 248500000 2175.01029
OX637743.1 248500000 249000000 2175.0
OX637743.1 249000000 249500000 2174.41945
OX637743.1 249500000 250000000 2175.01598
OX637743.1 250000000 250500000 2175.64513
OX637743.1 250500000 251000000 2175.0
OX637743.1 251000000 251500000 2175.0873
OX637743.1 251500000 252000000 2175.05551
OX637743.1 252000000 252500000 2175.55063
OX637743.1 252500000 253000000 2176.0
OX637743.1 253000000 253500000 2176.0
OX637743.1 253500000 254000000 2176.00024
OX637743.1 254000000 254500000 2176.07269
OX637743.1 254500000 255000000 2176.01719
OX637743.1 255000000 255500000 2175.03066
OX637743.1 255500000 256000000 2173.19708
OX637743.1 256000000 256500000 2172.46816
OX637743.1 256500000 257000000 2172.02371
OX637743.1 257000000 257500000 2172.02324
OX637743.1 257500000 258000000 2172.0
OX637743.1 258000000 258500000 2171.6522
OX637743.1 258500000 259000000 2171.03063
OX637743.1 259000000 259500000 2171.2084
OX637743.1 259500000 260000000 2170.51939
OX637743.1 260000000 260500000 2170.11571
OX637743.1 260500000 261000000 2171.60391
OX637743.1 261000000 261500000 2172.49575
OX637743.1 261500000 262000000 2171.99712
OX637743.1 262000000 262500000 2172.04213
OX637743.1 262500000 263000000 2171.43732
OX637743.1 263000000 263500000 2171.70433
OX637743.1 263500000 264000000 2172.89888
OX637743.1 264000000 264500000 2172.75539
OX637743.1 264500000 265000000 2172.0
OX637743.1 265000000 265500000 2171.88024
OX637743.1 265500000 266000000 2171.95617
OX637743.1 266000000 266500000 2170.96566
OX637743.1 266500000 267000000 2169.73884
OX637743.1 267000000 267500000 2169.0
OX637743.1 267500000 268000000 2169.0
OX637743.1 268000000 268500000 2169.02806
OX637743.1 268500000 269000000 2169.03592
OX637743.1 269000000 269500000 2169.0
OX637743.1 269500000 270000000 2169.01931
OX637743.1 270000000 270500000 2169.89703
OX637743.1 270500000 271000000 2171.00092
OX637743.1 271000000 271500000 2171.52273
OX637743.1 271500000 272000000 2171.01857
OX637743.1 272000000 272500000 2171.0
OX637743.1 272500000 273000000 2171.0
OX637743.1 273000000 273500000 2171.93642
OX637743.1 273500000 274000000 2173.07699
OX637743.1 274000000 274500000 2173.43921
OX637743.1 274500000 275000000 2173.09617
OX637743.1 275000000 275500000 2173.03793
OX637743.1 275500000 276000000 2172.54507
OX637743.1 276000000 276500000 2171.0551
OX637743.1 276500000 277000000 2171.03941
OX637743.1 277000000 277500000 2170.07361
OX637743.1 277500000 278000000 2169.9403
OX637743.1 278000000 278500000 2168.79471
OX637743.1 278500000 279000000 2167.61391
OX637743.1 279000000 279500000 2166.99208
OX637743.1 279500000 280000000 2167.0
OX637743.1 280000000 280500000 2167.38595
OX637743.1 280500000 281000000 2166.90139
OX637743.1 281000000 281500000 2166.0
OX637743.1 281500000 282000000 2164.87797
OX637743.1 282000000 282500000 2162.64886
OX637743.1 282500000 283000000 2159.07126
OX637743.1 283000000 283500000 2159.99997
OX637743.1 283500000 284000000 2160.04741
OX637743.1 284000000 284500000 2160.01018
OX637743.1 284500000 285000000 2159.49922
OX637743.1 285000000 285500000 2158.01377
OX637743.1 285500000 286000000 2158.02545
OX637743.1 286000000 286500000 2156.07206
OX637743.1 286500000 287000000 2153.91833
OX637743.1 287000000 287500000 2153.05049
OX637743.1 287500000 288000000 2152.29185
OX637743.1 288000000 288500000 2152.0
OX637743.1 288500000 289000000 2152.05387
OX637743.1 289000000 289500000 2152.02917
OX637743.1 289500000 290000000 2153.33674
OX637743.1 290000000 290500000 2154.6921
OX637743.1 290500000 291000000 2154.02061
OX637743.1 291000000 291500000 2152.55978
OX637743.1 291500000 292000000 2150.8988
OX637743.1 292000000 292500000 2150.43845
OX637743.1 292500000 293000000 2151.02003
OX637743.1 293000000 293500000 2151.01849
OX637743.1 293500000 294000000 2151.06592
OX637743.1 294000000 294500000 2151.0
OX637743.1 294500000 295000000 2151.03641
OX637743.1 295000000 295500000 2150.72095
OX637743.1 295500000 296000000 2150.04723
OX637743.1 296000000 296500000 2149.27295
OX637743.1 296500000 297000000 2148.69683
OX637743.1 297000000 297500000 2147.10549
OX637743.1 297500000 298000000 2145.94492
OX637743.1 298000000 298500000 2145.071
OX637743.1 298500000 299000000 2145.0253
OX637743.1 299000000 299500000 2144.30082
OX637743.1 299500000 300000000 2141.0326
OX637743.1 300000000 300500000 2140.06281
OX637743.1 300500000 301000000 2139.675
OX637743.1 301000000 301500000 2138.4134
OX637743.1 301500000 302000000 2135.91355
OX637743.1 302000000 302500000 2134.01049
OX637743.1 302500000 303000000 2133.46477
OX637743.1 303000000 303500000 2133.6127
OX637743.1 303500000 304000000 2131.54884
OX637743.1 304000000 304500000 2131.2602
OX637743.1 304500000 305000000 2131.17198
OX637743.1 305000000 305500000 2130.10399
OX637743.1 305500000 306000000 2130.05106
OX637743.1 306000000 306500000 2130.08149
OX637743.1 306500000 307000000 2127.94499
OX637743.1 307000000 307500000 2127.05694
OX637743.1 307500000 308000000 2127.01921
OX637743.1 308000000 308500000 2126.03115
OX637743.1 308500000 309000000 2124.10269
OX637743.1 309000000 309500000 2123.74765
OX637743.1 309500000 310000000 2123.04809
OX637743.1 310000000 310500000 2122.52969
OX637743.1 310500000 311000000 2121.23292
OX637743.1 311000000 311500000 2121.03652
OX637743.1 311500000 312000000 2120.11207
OX637743.1 312000000 312500000 2119.72878
OX637743.1 312500000 313000000 2117.47741
OX637743.1 313000000 313500000 2115.15978
OX637743.1 313500000 314000000 2114.51637
OX637743.1 314000000 314500000 2111.4141
OX637743.1 314500000 315000000 2109.99414
OX637743.1 315000000 315500000 2110.03425
OX637743.1 315500000 316000000 2110.0
OX637743.1 316000000 316500000 2109.13964
OX637743.1 316500000 317000000 2109.02537
OX637743.1 317000000 317500000 2109.0
OX637743.1 317500000 318000000 2108.26401
OX637743.1 318000000 318500000 2108.0
OX637743.1 318500000 319000000 2108.0
OX637743.1 319000000 319500000 2108.02544
OX637743.1 319500000 320000000 2109.63792
OX637743.1 320000000 320500000 2110.0
OX637743.1 320500000 321000000 2109.28861
OX637743.1 321000000 321500000 2108.31603
OX637743.1 321500000 322000000 2107.85617
OX637743.1 322000000 322500000 2108.24318
OX637743.1 322500000 323000000 2107.93431
OX637743.1 323000000 323500000 2106.84275
OX637743.1 323500000 324000000 2103.30625
OX637743.1 324000000 324500000 2102.0
OX637743.1 324500000 325000000 2101.22963
OX637743.1 325000000 325500000 2101.05601
OX637743.1 325500000 326000000 2099.57901
OX637743.1 326000000 326500000 2099.03541
OX637743.1 326500000 327000000 2099.01069
OX637743.1 327000000 327500000 2098.8512
OX637743.1 327500000 328000000 2097.1904
OX637743.1 328000000 328500000 2096.69357
OX637743.1 328500000 329000000 2096.04668
OX637743.1 329000000 329500000 2095.2666
OX637743.1 329500000 330000000 2093.26824
OX637743.1 330000000 330500000 2092.0
OX637743.1 330500000 331000000 2092.01671
OX637743.1 331000000 331500000 2092.0
OX637743.1 331500000 332000000 2092.01455
OX637743.1 332000000 332500000 2091.04595
OX637743.1 332500000 333000000 2089.76587
OX637743.1 333000000 333500000 2088.71328
OX637743.1 333500000 334000000 2088.47538
OX637743.1 334000000 334500000 2089.57926
OX637743.1 334500000 335000000 2089.02514
OX637743.1 335000000 335500000 2089.04829
OX637743.1 335500000 336000000 2089.0
OX637743.1 336000000 336500000 2090.15365
OX637743.1 336500000 337000000 2088.72698
OX637743.1 337000000 337500000 2087.45481
OX637743.1 337500000 338000000 2087.43754
OX637743.1 338000000 338500000 2085.86154
OX637743.1 338500000 339000000 2086.05468
OX637743.1 339000000 339500000 2086.03693
OX637743.1 339500000 340000000 2084.66618
OX637743.1 340000000 340500000 2083.02669
OX637743.1 340500000 341000000 2082.19823
OX637743.1 341000000 341500000 2081.05443
OX637743.1 341500000 342000000 2080.6063
OX637743.1 342000000 342500000 2081.06622
OX637743.1 342500000 343000000 2079.99955
OX637743.1 343000000 343500000 2078.46657
OX637743.1 343500000 344000000 2077.49482
OX637743.1 344000000 344500000 2076.84957
OX637743.1 344500000 345000000 2075.81314
OX637743.1 345000000 345500000 2075.10251
OX637743.1 345500000 346000000 2074.84109
OX637743.1 346000000 346500000 2072.65795
OX637743.1 346500000 347000000 2070.19661
OX637743.1 347000000 347500000 2066.16239
OX637743.1 347500000 348000000 2065.0
OX637743.1 348000000 348500000 2063.34502
OX637743.1 348500000 349000000 2062.00984
OX637743.1 349000000 349500000 2062.95735
OX637743.1 349500000 350000000 2062.33478
OX637743.1 350000000 350500000 2062.26362
OX637743.1 350500000 351000000 2062.0
OX637743.1 351000000 351500000 2061.26321
OX637743.1 351500000 352000000 2061.01875
OX637743.1 352000000 352500000 2060.39981
OX637743.1 352500000 353000000 2059.35252
OX637743.1 353000000 353500000 2060.47594
OX637743.1 353500000 354000000 2059.48498
OX637743.1 354000000 354500000 2057.84401
OX637743.1 354500000 355000000 2056.96198
OX637743.1 355000000 355500000 2056.13355
OX637743.1 355500000 356000000 2055.61493
OX637743.1 356000000 356500000 2053.17052
OX637743.1 356500000 357000000 2051.97604
OX637743.1 357000000 357500000 2051.28763
OX637743.1 357500000 358000000 2051.04619
OX637743.1 358000000 358500000 2049.18049
OX637743.1 358500000 359000000 2045.39771
OX637743.1 359000000 359500000 2043.0
OX637743.1 359500000 360000000 2042.81895
OX637743.1 360000000 360500000 2042.0
OX637743.1 360500000 361000000 2042.05208
OX637743.1 361000000 361500000 2042.57791
OX637743.1 361500000 362000000 2042.73904
OX637743.1 362000000 362500000 2040.48319
OX637743.1 362500000 363000000 2039.18291
OX637743.1 363000000 363500000 2039.01904
OX637743.1 363500000 364000000 2038.14375
OX637743.1 364000000 364500000 2036.55533
OX637743.1 364500000 365000000 2035.5544
OX637743.1 365000000 365500000 2035.35674
OX637743.1 365500000 366000000 2035.01871
OX637743.1 366000000 366500000 2034.3265
OX637743.1 366500000 367000000 2033.11991
OX637743.1 367000000 367500000 2029.29222
OX637743.1 367500000 368000000 2026.97054
OX637743.1 368000000 368500000 2026.05231
OX637743.1 368500000 369000000 2025.07643
OX637743.1 369000000 369500000 2024.18081
OX637743.1 369500000 370000000 2023.43799
OX637743.1 370000000 370500000 2024.19854
OX637743.1 370500000 371000000 2021.9504
OX637743.1 371000000 371500000 2021.43379
OX637743.1 371500000 372000000 2021.51039
OX637743.1 372000000 372500000 2019.65442
OX637743.1 372500000 373000000 2015.49147
OX637743.1 373000000 373500000 2015.12421
OX637743.1 373500000 374000000 2015.71618
OX637743.1 374000000 374500000 2014.93033
OX637743.1 374500000 375000000 2014.0295
OX637743.1 375000000 375500000 2013.11155
OX637743.1 375500000 376000000 2009.91848
OX637743.1 376000000 376500000 2007.2843
OX637743.1 376500000 377000000 2006.09569
OX637743.1 377000000 377500000 2003.7349
OX637743.1 377500000 378000000 2000.60912
OX637743.1 378000000 378500000 1998.80392
OX637743.1 378500000 379000000 1997.3792
OX637743.1 379000000 379500000 1993.6116
OX637743.1 379500000 380000000 1994.57175
OX637743.1 380000000 380500000 1991.54014
OX637743.1 380500000 381000000 1988.89335
OX637743.1 381000000 381500000 1988.0
OX637743.1 381500000 382000000 1988.02032
OX637743.1 382000000 382500000 1987.51463
OX637743.1 382500000 383000000 1988.02626
OX637743.1 383000000 383500000 1987.13127
OX637743.1 383500000 384000000 1987.98708
OX637743.1 384000000 384500000 1987.0
OX637743.1 384500000 385000000 1987.03446
OX637743.1 385000000 385500000 1986.27596
OX637743.1 385500000 386000000 1985.30697
OX637743.1 386000000 386500000 1984.02908
OX637743.1 386500000 387000000 1983.75706
OX637743.1 387000000 387500000 1982.0
OX637743.1 387500000 388000000 1979.18327
OX637743.1 388000000 388500000 1974.7265
OX637743.1 388500000 389000000 1974.0
OX637743.1 389000000 389500000 1974.0
OX637743.1 389500000 390000000 1974.01719
OX637743.1 390000000 390500000 1974.0
OX637743.1 390500000 391000000 1974.01847
OX637743.1 391000000 391500000 1973.03303
OX637743.1 391500000 392000000 1968.76488
OX637743.1 392000000 392500000 1965.41842
OX637743.1 392500000 393000000 1959.42288
OX637743.1 393000000 393500000 1957.40695
OX637743.1 393500000 394000000 1956.0
OX637743.1 394000000 394500000 1954.64505
OX637743.1 394500000 395000000 1952.23772
OX637743.1 395000000 395500000 1950.0
OX637743.1 395500000 396000000 1949.51546
OX637743.1 396000000 396500000 1944.81834
OX637743.1 396500000 397000000 1942.53762
OX637743.1 397000000 397500000 1940.71495
OX637743.1 397500000 398000000 1940.0
OX637743.1 398000000 398500000 1940.06337
OX637743.1 398500000 399000000 1939.9793
OX637743.1 399000000 399500000 1938.29136
OX637743.1 399500000 400000000 1936.54333
OX637743.1 400000000 400500000 1935.69997
OX637743.1 400500000 401000000 1934.19402
OX637743.1 401000000 401500000 1929.15579
OX637743.1 401500000 402000000 1925.54777
OX637743.1 402000000 402500000 1924.02092
OX637743.1 402500000 403000000 1922.02409
OX637743.1 403000000 403500000 1919.28202
OX637743.1 403500000 404000000 1917.02895
OX637743.1 404000000 404500000 1916.90035
OX637743.1 404500000 405000000 1913.88928
OX637743.1 405000000 405500000 1912.15727
OX637743.1 405500000 406000000 1911.40076
OX637743.1 406000000 406500000 1908.66483
OX637743.1 406500000 407000000 1906.12093
OX637743.1 407000000 407500000 1905.69348
OX637743.1 407500000 408000000 1904.52016
OX637743.1 408000000 408500000 1902.0
OX637743.1 408500000 409000000 1902.11404
OX637743.1 409000000 409500000 1901.9056
OX637743.1 409500000 410000000 1900.09023
OX637743.1 410000000 410500000 1899.54854
OX637743.1 410500000 411000000 1899.05113
OX637743.1 411000000 411500000 1899.06628
OX637743.1 411500000 412000000 1898.00352
OX637743.1 412000000 412500000 1897.0
OX637743.1 412500000 413000000 1896.7347
OX637743.1 413000000 413500000 1893.75852
OX637743.1 413500000 414000000 1892.88178
OX637743.1 414000000 414500000 1893.00033
OX637743.1 414500000 415000000 1889.86672
OX637743.1 415000000 415500000 1887.01813
OX637743.1 415500000 416000000 1886.58549
OX637743.1 416000000 416500000 1885.70515
OX637743.1 416500000 417000000 1881.61813
OX637743.1 417000000 417500000 1878.25463
OX637743.1 417500000 418000000 1876.55893
OX637743.1 418000000 418500000 1873.4835
OX637743.1 418500000 419000000 1871.28256
OX637743.1 419000000 419500000 1865.50317
OX637743.1 419500000 420000000 1863.70769
OX637743.1 420000000 420500000 1860.61163
OX637743.1 420500000 421000000 1860.07301
OX637743.1 421000000 421500000 1859.6659
OX637743.1 421500000 422000000 1857.14577
OX637743.1 422000000 422500000 1850.85496
OX637743.1 422500000 423000000 1846.75671
OX637743.1 423000000 423500000 1841.96071
OX637743.1 423500000 424000000 1839.60802
OX637743.1 424000000 424500000 1835.04158
OX637743.1 424500000 425000000 1834.09003
OX637743.1 425000000 425500000 1832.98194
OX637743.1 425500000 426000000 1830.83626
OX637743.1 426000000 426500000 1824.812
OX637743.1 426500000 427000000 1821.98422
OX637743.1 427000000 427500000 1820.34605
OX637743.1 427500000 428000000 1814.11628
OX637743.1 428000000 428500000 1810.86721
OX637743.1 428500000 429000000 1806.15569
OX637743.1 429000000 429500000 1802.214
OX637743.1 429500000 430000000 1799.01094
OX637743.1 430000000 430500000 1795.57473
OX637743.1 430500000 431000000 1791.16659
OX637743.1 431000000 431500000 1787.57042
OX637743.1 431500000 432000000 1783.49502
OX637743.1 432000000 432500000 1776.38382
OX637743.1 432500000 433000000 1773.84604
OX637743.1 433000000 433500000 1771.40776
OX637743.1 433500000 434000000 1765.44811
OX637743.1 434000000 434500000 1760.68249
OX637743.1 434500000 435000000 1758.60624
OX637743.1 435000000 435500000 1755.36874
OX637743.1 435500000 436000000 1752.60239
OX637743.1 436000000 436500000 1750.59482
OX637743.1 436500000 437000000 1748.12155
OX637743.1 437000000 437500000 1745.30287
OX637743.1 437500000 438000000 1741.13186
OX637743.1 438000000 438500000 1737.76196
OX637743.1 438500000 439000000 1734.85804
OX637743.1 439000000 439500000 1732.54135
OX637743.1 439500000 440000000 1727.37713
OX637743.1 440000000 440500000 1720.03353
OX637743.1 440500000 441000000 1718.14611
OX637743.1 441000000 441500000 1716.42792
OX637743.1 441500000 442000000 1713.9867
OX637743.1 442000000 442500000 1712.85673
OX637743.1 442500000 443000000 1709.4185
OX637743.1 443000000 443500000 1705.2234
OX637743.1 443500000 444000000 1702.7426
OX637743.1 444000000 444500000 1696.72019
OX637743.1 444500000 445000000 1694.88625
OX637743.1 445000000 445500000 1690.79886
OX637743.1 445500000 446000000 1683.55375
OX637743.1 446000000 446500000 1678.05014
OX637743.1 446500000 447000000 1675.52236
OX637743.1 447000000 447500000 1671.2309
OX637743.1 447500000 448000000 1669.33166
OX637743.1 448000000 448500000 1665.86818
OX637743.1 448500000 449000000 1661.48424
OX637743.1 449000000 449500000 1658.34231
OX637743.1 449500000 450000000 1654.29075
OX637743.1 450000000 450500000 1651.32751
OX637743.1 450500000 451000000 1647.99774
OX637743.1 451000000 451500000 1643.1517
OX637743.1 451500000 452000000 1639.14117
OX637743.1 452000000 452500000 1636.17346
OX637743.1 452500000 453000000 1634.39765
OX637743.1 453000000 453500000 1630.74966
OX637743.1 453500000 454000000 1629.80251
OX637743.1 454000000 454500000 1622.47628
OX637743.1 454500000 455000000 1618.63844
OX637743.1 455000000 455500000 1613.96334
OX637743.1 455500000 456000000 1609.04463
OX637743.1 456000000 456500000 1605.83504
OX637743.1 456500000 457000000 1600.48236
OX637743.1 457000000 457500000 1593.03045
OX637743.1 457500000 458000000 1588.67057
OX637743.1 458000000 458500000 1583.04717
OX637743.1 458500000 459000000 1574.70061
OX637743.1 459000000 459500000 1569.74783
OX637743.1 459500000 460000000 1567.89603
OX637743.1 460000000 460500000 1561.33032
OX637743.1 460500000 461000000 1552.80333
OX637743.1 461000000 461500000 1548.81595
OX637743.1 461500000 462000000 1541.38788
OX637743.1 462000000 462500000 1532.40111
OX637743.1 462500000 463000000 1527.29558
OX637743.1 463000000 463500000 1521.29258
OX637743.1 463500000 464000000 1517.16537
OX637743.1 464000000 464500000 1514.26958
OX637743.1 464500000 465000000 1503.54766
OX637743.1 465000000 465500000 1497.08256
OX637743.1 465500000 466000000 1490.66743
OX637743.1 466000000 466500000 1486.23847
OX637743.1 466500000 467000000 1480.41012
OX637743.1 467000000 467500000 1470.6974
OX637743.1 467500000 468000000 1464.18165
OX637743.1 468000000 468500000 1453.47267
OX637743.1 468500000 469000000 1452.26723
OX637743.1 469000000 469500000 1447.41183
OX637743.1 469500000 470000000 1441.13136
OX637743.1 470000000 470500000 1431.30907
OX637743.1 470500000 471000000 1424.83586
OX637743.1 471000000 471500000 1415.56474
OX637743.1 471500000 472000000 1408.51172
OX637743.1 472000000 472500000 1404.18798
OX637743.1 472500000 473000000 1393.52683
OX637743.1 473000000 473500000 1384.82541
OX637743.1 473500000 474000000 1380.09148
OX637743.1 474000000 474500000 1373.553
OX637743.1 474500000 475000000 1363.64282
OX637743.1 475000000 475500000 1355.53661
OX637743.1 475500000 476000000 1344.02372
OX637743.1 476000000 476500000 1335.06967
OX637743.1 476500000 477000000 1324.2776
OX637743.1 477000000 477500000 1312.86795
OX637743.1 477500000 478000000 1301.75228
OX637743.1 478000000 478500000 1287.75009
OX637743.1 478500000 479000000 1283.28851
OX637743.1 479000000 479500000 1277.7433
OX637743.1 479500000 480000000 1264.5913
OX637743.1 480000000 480500000 1243.81954
OX637743.1 480500000 481000000 1229.89823
OX637743.1 481000000 481500000 1218.15272
OX637743.1 481500000 482000000 1209.14863
OX637743.1 482000000 482500000 1195.13444
OX637743.1 482500000 483000000 1186.77743
OX637743.1 483000000 483500000 1180.05816
OX637743.1 483500000 484000000 1174.15377
OX637743.1 484000000 484500000 1164.97004
OX637743.1 484500000 485000000 1150.49667
OX637743.1 485000000 485500000 1141.27967
OX637743.1 485500000 486000000 1128.20184
OX637743.1 486000000 486500000 1115.08035
OX637743.1 486500000 487000000 1103.17902
OX637743.1 487000000 487500000 1086.32628
OX637743.1 487500000 488000000 1073.73497
OX637743.1 488000000 488500000 1064.73551
OX637743.1 488500000 489000000 1054.35084
OX637743.1 489000000 489500000 1044.96699
OX637743.1 489500000 490000000 1032.86069
OX637743.1 490000000 490500000 1017.27887
OX637743.1 490500000 491000000 1002.51841
OX637743.1 491000000 491500000 991.2832
OX637743.1 491500000 492000000 977.75496
OX637743.1 492000000 492500000 959.82428
OX637743.1 492500000 493000000 951.30988
OX637743.1 493000000 493500000 936.46451
OX637743.1 493500000 494000000 920.14258
OX637743.1 494000000 494500000 909.52315
OX637743.1 494500000 495000000 898.36048
OX637743.1 495000000 495500000 878.07737
OX637743.1 495500000 496000000 852.01216
OX637743.1 496000000 496500000 832.7873
OX637743.1 496500000 497000000 816.35881
OX637743.1 497000000 497500000 811.0
OX637743.1 497500000 498000000 805.52021
OX637743.1 498000000 498500000 792.73239
OX637743.1 498500000 499000000 769.14278
OX637743.1 499000000 499500000 750.83108
OX637743.1 499500000 500000000 737.30073
OX637743.1 500000000 500500000 713.04458
OX637743.1 500500000 501000000 693.91151
OX637743.1 501000000 501500000 681.46269
OX637743.1 501500000 502000000 664.6367
OX637743.1 502000000 502500000 647.56318
OX637743.1 502500000 503000000 624.04159
OX637743.1 503000000 503500000 595.61739
OX637743.1 503500000 504000000 566.2367
OX637743.1 504000000 504500000 546.43578
OX637743.1 504500000 505000000 502.98846
OX637743.1 505000000 505500000 467.14991
OX637743.1 505500000 506000000 424.27306
OX637743.1 506000000 506500000 387.48337
OX637743.1 506500000 507000000 358.18948
OX637743.1 507000000 507500000 331.17118
OX637743.1 507500000 508000000 315.51259
OX637743.1 508000000 508500000 293.15208
OX637743.1 508500000 509000000 256.97303
OX637743.1 509000000 509500000 232.72401
OX637743.1 509500000 510000000 215.53545
OX637743.1 510000000 510500000 168.03008
OX637743.1 510500000 511000000 143.35074
OX637743.1 511000000 511500000 138.40569
OX637743.1 511500000 512000000 130.12207
OX637743.1 512000000 512500000 48.15004
OX637743.1 512500000 513000000 18.04241
OX637743.1 513000000 513500000 12.91099
OX637743.1 513500000 514000000 2.0
OX637743.1 514000000 514500000 2.0
OX637743.1 514500000 515000000 2.0
OX637743.1 515000000 515068141 1.96328
OX637750.1 0 500000 80.40644
OX637750.1 500000 1000000 193.60513
OX637750.1 1000000 1500000 251.32928
OX637750.1 1500000 2000000 294.35705
OX637750.1 2000000 2500000 297.0
OX637750.1 2500000 3000000 302.45038
OX637750.1 3000000 3500000 346.434
OX637750.1 3500000 4000000 378.04504
OX637750.1 4000000 4500000 394.73573
OX637750.1 4500000 5000000 427.92612
OX637750.1 5000000 5500000 455.30985
OX637750.1 5500000 6000000 457.01765
OX637750.1 6000000 6500000 460.54347
OX637750.1 6500000 7000000 485.56911
OX637750.1 7000000 7500000 513.80214
OX637750.1 7500000 8000000 521.5984
OX637750.1 8000000 8500000 529.09671
OX637750.1 8500000 9000000 530.0
OX637750.1 9000000 9500000 530.0
OX637750.1 9500000 10000000 530.0
OX637750.1 10000000 10500000 530.25926
OX637750.1 10500000 11000000 548.07406
OX637750.1 11000000 11500000 580.58414
OX637750.1 11500000 12000000 603.15818
OX637750.1 12000000 12500000 627.57075
OX637750.1 12500000 13000000 645.54125
OX637750.1 13000000 13500000 664.39173
OX637750.1 13500000 14000000 679.81327
OX637750.1 14000000 14500000 699.16502
OX637750.1 14500000 15000000 716.65397
OX637750.1 15000000 15500000 732.2709
OX637750.1 15500000 16000000 746.54549
OX637750.1 16000000 16500000 761.85912
OX637750.1 16500000 17000000 772.86015
OX637750.1 17000000 17500000 782.80575
OX637750.1 17500000 18000000 793.40264
OX637750.1 18000000 18500000 800.51133
OX637750.1 18500000 19000000 804.80491
OX637750.1 19000000 19500000 806.13708
OX637750.1 19500000 20000000 808.54421
OX637750.1 20000000 20500000 810.62252
OX637750.1 20500000 21000000 811.0
OX637750.1 21000000 21500000 813.95921
OX637750.1 21500000 22000000 819.02776
OX637750.1 22000000 22500000 820.03594
OX637750.1 22500000 23000000 826.12034
OX637750.1 23000000 23500000 833.09577
OX637750.1 23500000 24000000 843.47247
OX637750.1 24000000 24500000 853.13907
OX637750.1 24500000 25000000 858.6299
OX637750.1 25000000 25500000 864.45468
OX637750.1 25500000 26000000 873.94539
OX637750.1 26000000 26500000 882.28348
OX637750.1 26500000 27000000 891.49711
OX637750.1 27000000 27500000 900.60434
OX637750.1 27500000 28000000 918.83224
OX637750.1 28000000 28500000 933.05134
OX637750.1 28500000 29000000 940.14656
OX637750.1 29000000 29500000 947.20374
OX637750.1 29500000 30000000 956.08415
OX637750.1 30000000 30500000 962.86202
OX637750.1 30500000 31000000 966.57648
OX637750.1 31000000 31500000 974.52234
OX637750.1 31500000 32000000 979.64495
OX637750.1 32000000 32500000 983.49153
OX637750.1 32500000 33000000 992.36528
OX637750.1 33000000 33500000 998.92447
OX637750.1 33500000 34000000 1002.73742
OX637750.1 34000000 34500000 1006.67645
OX637750.1 34500000 35000000 1014.35844
OX637750.1 35000000 35500000 1018.16029
OX637750.1 35500000 36000000 1020.5554
OX637750.1 36000000 36500000 1021.16573
OX637750.1 36500000 37000000 1024.47062
OX637750.1 37000000 37500000 1035.27012
OX637750.1 37500000 38000000 1038.37819
OX637750.1 38000000 38500000 1045.2768
OX637750.1 38500000 39000000 1052.09936
OX637750.1 39000000 39500000 1059.59235
OX637750.1 39500000 40000000 1063.72525
OX637750.1 40000000 40500000 1068.88848
OX637750.1 40500000 41000000 1084.47448
OX637750.1 41000000 41500000 1089.04589
OX637750.1 41500000 42000000 1098.13573
OX637750.1 42000000 42500000 1105.18519
OX637750.1 42500000 43000000 1110.61702
OX637750.1 43000000 43500000 1112.66146
OX637750.1 43500000 44000000 1117.25272
OX637750.1 44000000 44500000 1125.33298
OX637750.1 44500000 45000000 1130.6585
OX637750.1 45000000 45500000 1134.31724
OX637750.1 45500000 46000000 1137.73383
OX637750.1 46000000 46500000 1139.12513
OX637750.1 46500000 47000000 1146.32794
OX637750.1 47000000 47500000 1158.62994
OX637750.1 47500000 48000000 1164.38702
OX637750.1 48000000 48500000 1169.27554
OX637750.1 48500000 49000000 1171.44375
OX637750.1 49000000 49500000 1172.74359
OX637750.1 49500000 50000000 1182.23309
OX637750.1 50000000 50500000 1189.71447
OX637750.1 50500000 51000000 1195.67719
OX637750.1 51000000 51500000 1197.48143
OX637750.1 51500000 52000000 1202.12974
OX637750.1 52000000 52500000 1207.11445
OX637750.1 52500000 53000000 1213.37994
OX637750.1 53000000 53500000 1219.01275
OX637750.1 53500000 54000000 1224.99204
OX637750.1 54000000 54500000 1231.20943
OX637750.1 54500000 55000000 1233.04766
OX637750.1 55000000 55500000 1235.67882
OX637750.1 55500000 56000000 1243.44324
OX637750.1 56000000 56500000 1244.76167
OX637750.1 56500000 57000000 1245.03805
OX637750.1 57000000 57500000 1247.55957
OX637750.1 57500000 58000000 1248.0
OX637750.1 58000000 58500000 1248.00659
OX637750.1 58500000 59000000 1249.04936
OX637750.1 59000000 59500000 1249.0
OX637750.1 59500000 60000000 1249.03277
OX637750.1 60000000 60500000 1250.51422
OX637750.1 60500000 61000000 1253.24532
OX637750.1 61000000 61500000 1256.63471
OX637750.1 61500000 62000000 1257.88878
OX637750.1 62000000 62500000 1261.43116
OX637750.1 62500000 63000000 1266.69357
OX637750.1 63000000 63500000 1268.35549
OX637750.1 63500000 64000000 1271.4219
OX637750.1 64000000 64500000 1275.54178
OX637750.1 64500000 65000000 1278.7418
OX637750.1 65000000 65500000 1282.56116
OX637750.1 65500000 66000000 1283.20105
OX637750.1 66000000 66500000 1284.60744
OX637750.1 66500000 67000000 1288.42628
OX637750.1 67000000 67500000 1290.85126
OX637750.1 67500000 68000000 1291.9958
OX637750.1 68000000 68500000 1296.38395
OX637750.1 68500000 69000000 1298.05333
OX637750.1 69000000 69500000 1302.5334
OX637750.1 69500000 70000000 1305.296
OX637750.1 70000000 70500000 1306.29271
OX637750.1 70500000 71000000 1308.89567
OX637750.1 71000000 71500000 1313.1054
OX637750.1 71500000 72000000 1314.82838
OX637750.1 72000000 72500000 1316.67814
OX637750.1 72500000 73000000 1319.52037
OX637750.1 73000000 73500000 1320.5673
OX637750.1 73500000 74000000 1322.38623
OX637750.1 74000000 74500000 1326.69699
OX637750.1 74500000 75000000 1329.82337
OX637750.1 75000000 75500000 1333.83849
OX637750.1 75500000 76000000 1335.62848
OX637750.1 76000000 76500000 1337.58569
OX637750.1 76500000 77000000 1340.28602
OX637750.1 77000000 77500000 1343.74524
OX637750.1 77500000 78000000 1349.24081
OX637750.1 78000000 78500000 1351.77068
OX637750.1 78500000 79000000 1354.33712
OX637750.1 79000000 79500000 1356.07188
OX637750.1 79500000 80000000 1356.79578
OX637750.1 80000000 80500000 1358.86949
OX637750.1 80500000 81000000 1360.36913
OX637750.1 81000000 81500000 1361.99521
OX637750.1 81500000 82000000 1363.17524
OX637750.1 82000000 82500000 1367.49079
OX637750.1 82500000 83000000 1371.80405
OX637750.1 83000000 83500000 1376.38219
OX637750.1 83500000 84000000 1382.59994
OX637750.1 84000000 84500000 1385.2676
OX637750.1 84500000 85000000 1388.81534
OX637750.1 85000000 85500000 1390.09106
OX637750.1 85500000 86000000 1391.54441
OX637750.1 86000000 86500000 1394.40199
OX637750.1 86500000 87000000 1398.43433
OX637750.1 87000000 87500000 1401.40046
OX637750.1 87500000 88000000 1403.46513
OX637750.1 88000000 88500000 1405.04765
OX637750.1 88500000 89000000 1406.32961
OX637750.1 89000000 89500000 1410.68441
OX637750.1 89500000 90000000 1416.24427
OX637750.1 90000000 90500000 1417.77553
OX637750.1 90500000 91000000 1419.45181
OX637750.1 91000000 91500000 1421.81829
OX637750.1 91500000 92000000 1422.0
OX637750.1 92000000 92500000 1422.02328
OX637750.1 92500000 93000000 1422.0
OX637750.1 93000000 93500000 1422.023
OX637750.1 93500000 94000000 1424.08475
OX637750.1 94000000 94500000 1426.85411
OX637750.1 94500000 95000000 1427.67897
OX637750.1 95000000 95500000 1429.16949
OX637750.1 95500000 96000000 1431.48861
OX637750.1 96000000 96500000 1432.83405
OX637750.1 96500000 97000000 1433.4241
OX637750.1 97000000 97500000 1434.2821
OX637750.1 97500000 98000000 1435.07205
OX637750.1 98000000 98500000 1435.61116
OX637750.1 98500000 99000000 1441.41732
OX637750.1 99000000 99500000 1443.1545
OX637750.1 99500000 100000000 1446.42586
OX637750.1 100000000 100500000 1448.01735
OX637750.1 100500000 101000000 1449.3352
OX637750.1 101000000 101500000 1452.11499
OX637750.1 101500000 102000000 1454.18701
OX637750.1 102000000 102500000 1455.28266
OX637750.1 102500000 103000000 1456.40059
OX637750.1 103000000 103500000 1457.02581
OX637750.1 103500000 104000000 1458.05332
OX637750.1 104000000 104500000 1462.02679
OX637750.1 104500000 105000000 1463.0617
OX637750.1 105000000 105500000 1463.02022
OX637750.1 105500000 106000000 1463.54665
OX637750.1 106000000 106500000 1465.45777
OX637750.1 106500000 107000000 1466.48538
OX637750.1 107000000 107500000 1467.80457
OX637750.1 107500000 108000000 1469.7874
OX637750.1 108000000 108500000 1472.93321
OX637750.1 108500000 109000000 1476.9989
OX637750.1 109000000 109500000 1478.29558
OX637750.1 109500000 110000000 1480.2901
OX637750.1 110000000 110500000 1481.0
OX637750.1 110500000 111000000 1482.12166
OX637750.1 111000000 111500000 1482.90504
OX637750.1 111500000 112000000 1483.02068
OX637750.1 112000000 112500000 1484.15947
OX637750.1 112500000 113000000 1485.5143
OX637750.1 113000000 113500000 1486.92855
OX637750.1 113500000 114000000 1487.36147
OX637750.1 114000000 114500000 1489.2925
OX637750.1 114500000 115000000 1490.2621
OX637750.1 115000000 115500000 1492.0164
OX637750.1 115500000 116000000 1492.95491
OX637750.1 116000000 116500000 1494.00935
OX637750.1 116500000 117000000 1494.01626
OX637750.1 117000000 117500000 1494.05601
OX637750.1 117500000 118000000 1495.05449
OX637750.1 118000000 118500000 1498.02372
OX637750.1 118500000 119000000 1498.37615
OX637750.1 119000000 119500000 1500.09102
OX637750.1 119500000 120000000 1502.08812
OX637750.1 120000000 120500000 1504.66021
OX637750.1 120500000 121000000 1508.16263
OX637750.1 121000000 121500000 1511.34319
OX637750.1 121500000 122000000 1515.03374
OX637750.1 122000000 122500000 1515.33644
OX637750.1 122500000 123000000 1516.1048
OX637750.1 123000000 123500000 1516.08097
OX637750.1 123500000 124000000 1517.35947
OX637750.1 124000000 124500000 1520.59227
OX637750.1 124500000 125000000 1521.07863
OX637750.1 125000000 125500000 1521.35853
OX637750.1 125500000 126000000 1522.41951
OX637750.1 126000000 126500000 1524.12168
OX637750.1 126500000 127000000 1524.72676
OX637750.1 127000000 127500000 1526.69127
OX637750.1 127500000 128000000 1527.23986
OX637750.1 128000000 128500000 1528.01614
OX637750.1 128500000 129000000 1528.95595
OX637750.1 129000000 129500000 1530.03238
OX637750.1 129500000 130000000 1530.09885
OX637750.1 130000000 130500000 1530.78211
OX637750.1 130500000 131000000 1532.05472
OX637750.1 131000000 131500000 1533.21916
OX637750.1 131500000 132000000 1534.03248
OX637750.1 132000000 132500000 1535.01246
OX637750.1 132500000 133000000 1536.203
OX637750.1 133000000 133500000 1537.32786
OX637750.1 133500000 134000000 1538.73099
OX637750.1 134000000 134500000 1543.56231
OX637750.1 134500000 135000000 1546.09011
OX637750.1 135000000 135500000 1547.80929
OX637750.1 135500000 136000000 1548.41247
OX637750.1 136000000 136500000 1551.95371
OX637750.1 136500000 137000000 1553.45396
OX637750.1 137000000 137500000 1555.06337
OX637750.1 137500000 138000000 1555.14172
OX637750.1 138000000 138500000 1556.05217
OX637750.1 138500000 139000000 1556.01453
OX637750.1 139000000 139500000 1556.50759
OX637750.1 139500000 140000000 1557.04797
OX637750.1 140000000 140500000 1557.36068
OX637750.1 140500000 141000000 1560.01464
OX637750.1 141000000 141500000 1560.545
OX637750.1 141500000 142000000 1561.07568
OX637750.1 142000000 142500000 1561.69352
OX637750.1 142500000 143000000 1565.50008
OX637750.1 143000000 143500000 1568.33068
OX637750.1 143500000 144000000 1571.59734
OX637750.1 144000000 144500000 1572.03367
OX637750.1 144500000 145000000 1572.88497
OX637750.1 145000000 145500000 1573.68401
OX637750.1 145500000 146000000 1576.54494
OX637750.1 146000000 146500000 1579.02236
OX637750.1 146500000 147000000 1580.09189
OX637750.1 147000000 147500000 1581.01618
OX637750.1 147500000 148000000 1580.69504
OX637750.1 148000000 148500000 1581.48504
OX637750.1 148500000 149000000 1582.70386
OX637750.1 149000000 149500000 1583.06764
OX637750.1 149500000 150000000 1583.71079
OX637750.1 150000000 150500000 1583.29642
OX637750.1 150500000 151000000 1583.98724
OX637750.1 151000000 151500000 1585.53913
OX637750.1 151500000 152000000 1586.52392
OX637750.1 152000000 152500000 1589.9983
OX637750.1 152500000 153000000 1590.98189
OX637750.1 153000000 153500000 1591.32987
OX637750.1 153500000 154000000 1592.73567
OX637750.1 154000000 154500000 1594.14017
OX637750.1 154500000 155000000 1598.43524
OX637750.1 155000000 155500000 1601.19205
OX637750.1 155500000 156000000 1602.30788
OX637750.1 156000000 156500000 1604.92659
OX637750.1 156500000 157000000 1605.05631
OX637750.1 157000000 157500000 1606.94919
OX637750.1 157500000 158000000 1608.27834
OX637750.1 158000000 158500000 1609.01624
OX637750.1 158500000 159000000 1609.07187
OX637750.1 159000000 159500000 1609.0131
OX637750.1 159500000 160000000 1610.13235
OX637750.1 160000000 160500000 1613.04552
OX637750.1 160500000 161000000 1614.0
OX637750.1 161000000 161500000 1614.51965
OX637750.1 161500000 162000000 1616.39823
OX637750.1 162000000 162500000 1619.22656
OX637750.1 162500000 163000000 1621.28064
OX637750.1 163000000 163500000 1622.41071
OX637750.1 163500000 164000000 1623.1569
OX637750.1 164000000 164500000 1623.04841
OX637750.1 164500000 165000000 1624.91554
OX637750.1 165000000 165500000 1627.07892
OX637750.1 165500000 166000000 1627.20661
OX637750.1 166000000 166500000 1629.06598
OX637750.1 166500000 167000000 1629.50455
OX637750.1 167000000 167500000 1630.04226
OX637750.1 167500000 168000000 1630.19496
OX637750.1 168000000 168500000 1631.86502
OX637750.1 168500000 169000000 1632.12181
OX637750.1 169000000 169500000 1634.21837
OX637750.1 169500000 170000000 1636.04949
OX637750.1 170000000 170500000 1636.92785
OX637750.1 170500000 171000000 1637.63876
OX637750.1 171000000 171500000 1638.83196
OX637750.1 171500000 172000000 1638.29074
OX637750.1 172000000 172500000 1638.91602
OX637750.1 172500000 173000000 1640.52224
OX637750.1 173000000 173500000 1643.95538
OX637750.1 173500000 174000000 1644.0
OX637750.1 174000000 174500000 1644.79083
OX637750.1 174500000 175000000 1645.47013
OX637750.1 175000000 175500000 1646.0887
OX637750.1 175500000 176000000 1647.21804
OX637750.1 176000000 176500000 1649.0639
OX637750.1 176500000 177000000 1650.11357
OX637750.1 177000000 177500000 1651.04997
OX637750.1 177500000 178000000 1651.99135
OX637750.1 178000000 178500000 1652.05249
OX637750.1 178500000 179000000 1652.03487
OX637750.1 179000000 179500000 1652.93082
OX637750.1 179500000 180000000 1655.61462
OX637750.1 180000000 180500000 1656.0
OX637750.1 180500000 181000000 1656.06241
OX637750.1 181000000 181500000 1658.0
OX637750.1 181500000 182000000 1659.02522
OX637750.1 182000000 182500000 1660.03082
OX637750.1 182500000 183000000 1660.57839
OX637750.1 183000000 183500000 1661.08459
OX637750.1 183500000 184000000 1661.73134
OX637750.1 184000000 184500000 1663.70507
OX637750.1 184500000 185000000 1664.62949
OX637750.1 185000000 185500000 1669.052
OX637750.1 185500000 186000000 1669.55068
OX637750.1 186000000 186500000 1670.7672
OX637750.1 186500000 187000000 1672.01949
OX637750.1 187000000 187500000 1672.09657
OX637750.1 187500000 188000000 1672.93844
OX637750.1 188000000 188500000 1674.01978
OX637750.1 188500000 189000000 1673.58592
OX637750.1 189000000 189500000 1673.43669
OX637750.1 189500000 190000000 1675.53666
OX637750.1 190000000 190500000 1676.05563
OX637750.1 190500000 191000000 1675.51527
OX637750.1 191000000 191500000 1675.07803
OX637750.1 191500000 192000000 1674.72146
OX637750.1 192000000 192500000 1674.25694
OX637750.1 192500000 193000000 1675.04933
OX637750.1 193000000 193500000 1675.26058
OX637750.1 193500000 194000000 1676.81861
OX637750.1 194000000 194500000 1677.12919
OX637750.1 194500000 195000000 1678.14738
OX637750.1 195000000 195500000 1678.04815
OX637750.1 195500000 196000000 1678.99177
OX637750.1 196000000 196500000 1679.08013
OX637750.1 196500000 197000000 1679.77745
OX637750.1 197000000 197500000 1680.0521
OX637750.1 197500000 198000000 1679.41228
OX637750.1 198000000 198500000 1679.45526
OX637750.1 198500000 199000000 1680.99705
OX637750.1 199000000 199500000 1683.05466
OX637750.1 199500000 200000000 1684.45281
OX637750.1 200000000 200500000 1685.03246
OX637750.1 200500000 201000000 1685.93293
OX637750.1 201000000 201500000 1688.13611
OX637750.1 201500000 202000000 1689.04571
OX637750.1 202000000 202500000 1689.77841
OX637750.1 202500000 203000000 1690.40482
OX637750.1 203000000 203500000 1691.38185
OX637750.1 203500000 204000000 1691.0
OX637750.1 204000000 204500000 1691.06558
OX637750.1 204500000 205000000 1691.04196
OX637750.1 205000000 205500000 1691.23695
OX637750.1 205500000 206000000 1692.04326
OX637750.1 206000000 206500000 1692.85493
OX637750.1 206500000 207000000 1693.04627
OX637750.1 207000000 207500000 1696.61705
OX637750.1 207500000 208000000 1696.03449
OX637750.1 208000000 208500000 1696.0
OX637750.1 208500000 209000000 1695.87632
OX637750.1 209000000 209500000 1695.04357
OX637750.1 209500000 210000000 1695.03408
OX637750.1 210000000 210500000 1695.10502
OX637750.1 210500000 211000000 1695.03783
OX637750.1 211000000 211500000 1695.04214
OX637750.1 211500000 212000000 1695.97771
OX637750.1 212000000 212500000 1696.0
OX637750.1 212500000 213000000 1696.84301
OX637750.1 213000000 213500000 1698.55956
OX637750.1 213500000 214000000 1699.0451
OX637750.1 214000000 214500000 1699.27259
OX637750.1 214500000 215000000 1699.93931
OX637750.1 215000000 215500000 1700.64003
OX637750.1 215500000 216000000 1702.02442
OX637750.1 216000000 216500000 1702.00805
OX637750.1 216500000 217000000 1702.07331
OX637750.1 217000000 217500000 1702.0
OX637750.1 217500000 218000000 1702.18772
OX637750.1 218000000 218500000 1703.11195
OX637750.1 218500000 219000000 1704.0
OX637750.1 219000000 219500000 1704.01602
OX637750.1 219500000 220000000 1704.39157
OX637750.1 220000000 220500000 1706.34266
OX637750.1 220500000 221000000 1707.01581
OX637750.1 221000000 221500000 1707.77065
OX637750.1 221500000 222000000 1710.5582
OX637750.1 222000000 222500000 1712.24215
OX637750.1 222500000 223000000 1713.64763
OX637750.1 223000000 223500000 1714.01667
OX637750.1 223500000 224000000 1714.5596
OX637750.1 224000000 224500000 1716.15649
OX637750.1 224500000 225000000 1717.0
OX637750.1 225000000 225500000 1717.02737
OX637750.1 225500000 226000000 1717.08804
OX637750.1 226000000 226500000 1717.0565
OX637750.1 226500000 227000000 1717.0
OX637750.1 227000000 227500000 1717.02608
OX637750.1 227500000 228000000 1717.78861
OX637750.1 228000000 228500000 1718.31745
OX637750.1 228500000 229000000 1718.04064
OX637750.1 229000000 229500000 1718.02978
OX637750.1 229500000 230000000 1718.01762
OX637750.1 230000000 230500000 1718.72499
OX637750.1 230500000 231000000 1719.0
OX637750.1 231000000 231500000 1719.4811
OX637750.1 231500000 232000000 1720.03787
OX637750.1 232000000 232500000 1720.92114
OX637750.1 232500000 233000000 1723.55002
OX637750.1 233000000 233500000 1727.83575
OX637750.1 233500000 234000000 1735.06131
OX637750.1 234000000 234500000 1741.96709
OX637750.1 234500000 235000000 1746.24732
OX637750.1 235000000 235500000 1753.8038
OX637750.1 235500000 236000000 1757.30015
OX637750.1 236000000 236500000 1763.91928
OX637750.1 236500000 237000000 1767.73442
OX637750.1 237000000 237500000 1769.07126
OX637750.1 237500000 238000000 1768.95897
OX637750.1 238000000 238500000 1769.26014
OX637750.1 238500000 239000000 1771.49592
OX637750.1 239000000 239500000 1772.67166
OX637750.1 239500000 240000000 1774.6467
OX637750.1 240000000 240500000 1776.60325
OX637750.1 240500000 241000000 1778.32551
OX637750.1 241000000 241500000 1781.22766
OX637750.1 241500000 242000000 1783.02917
OX637750.1 242000000 242500000 1783.15212
OX637750.1 242500000 243000000 1783.04953
OX637750.1 243000000 243500000 1785.24955
OX637750.1 243500000 244000000 1785.52531
OX637750.1 244000000 244500000 1784.74494
OX637750.1 244500000 245000000 1784.04573
OX637750.1 245000000 245500000 1784.37028
OX637750.1 245500000 246000000 1784.34323
OX637750.1 246000000 246500000 1784.61285
OX637750.1 246500000 247000000 1784.10653
OX637750.1 247000000 247500000 1783.57452
OX637750.1 247500000 248000000 1785.21667
OX637750.1 248000000 248500000 1785.97217
OX637750.1 248500000 249000000 1786.0602
OX637750.1 249000000 249500000 1786.03359
OX637750.1 249500000 250000000 1786.01438
OX637750.1 250000000 250500000 1786.51606
OX637750.1 250500000 251000000 1787.01725
OX637750.1 251000000 251500000 1786.27872
OX637750.1 251500000 252000000 1786.04424
OX637750.1 252000000 252500000 1786.04047
OX637750.1 252500000 253000000 1786.06956
OX637750.1 253000000 253500000 1786.0
OX637750.1 253500000 254000000 1786.04259
OX637750.1 254000000 254500000 1786.0
OX637750.1 254500000 255000000 1785.87034
OX637750.1 255000000 255500000 1785.1038
OX637750.1 255500000 256000000 1785.0
OX637750.1 256000000 256500000 1785.02569
OX637750.1 256500000 257000000 1785.55561
OX637750.1 257000000 257500000 1786.64387
OX637750.1 257500000 258000000 1787.0
OX637750.1 258000000 258500000 1786.54121
OX637750.1 258500000 259000000 1786.41037
OX637750.1 259000000 259500000 1786.99463
OX637750.1 259500000 260000000 1786.69551
OX637750.1 260000000 260500000 1786.76472
OX637750.1 260500000 261000000 1785.90099
OX637750.1 261000000 261500000 1784.75531
OX637750.1 261500000 262000000 1784.01381
OX637750.1 262000000 262500000 1784.06135
OX637750.1 262500000 263000000 1782.56588
OX637750.1 263000000 263500000 1782.0
OX637750.1 263500000 264000000 1783.12901
OX637750.1 264000000 264500000 1784.29987
OX637750.1 264500000 265000000 1785.04066
OX637750.1 265000000 265500000 1785.01628
OX637750.1 265500000 266000000 1785.0
OX637750.1 266000000 266500000 1785.88751
OX637750.1 266500000 267000000 1786.05485
OX637750.1 267000000 267500000 1786.10817
OX637750.1 267500000 268000000 1786.57579
OX637750.1 268000000 268500000 1787.86229
OX637750.1 268500000 269000000 1788.01605
OX637750.1 269000000 269500000 1787.97187
OX637750.1 269500000 270000000 1786.1156
OX637750.1 270000000 270500000 1784.41917
OX637750.1 270500000 271000000 1782.8694
OX637750.1 271000000 271500000 1782.1253
OX637750.1 271500000 272000000 1783.4916
OX637750.1 272000000 272500000 1784.11119
OX637750.1 272500000 273000000 1782.51204
OX637750.1 273000000 273500000 1781.99553
OX637750.1 273500000 274000000 1781.2134
OX637750.1 274000000 274500000 1781.08173
OX637750.1 274500000 275000000 1780.45707
OX637750.1 275000000 275500000 1778.55542
OX637750.1 275500000 276000000 1778.034
OX637750.1 276000000 276500000 1777.2157
OX637750.1 276500000 277000000 1776.35527
OX637750.1 277000000 277500000 1777.03514
OX637750.1 277500000 278000000 1777.81266
OX637750.1 278000000 278500000 1779.04834
OX637750.1 278500000 279000000 1778.4757
OX637750.1 279000000 279500000 1777.49246
OX637750.1 279500000 280000000 1776.01894
OX637750.1 280000000 280500000 1776.05666
OX637750.1 280500000 281000000 1775.59352
OX637750.1 281000000 281500000 1775.05508
OX637750.1 281500000 282000000 1776.06837
OX637750.1 282000000 282500000 1776.03288
OX637750.1 282500000 283000000 1776.0
OX637750.1 283000000 283500000 1775.69173
OX637750.1 283500000 284000000 1775.02391
OX637750.1 284000000 284500000 1771.74592
OX637750.1 284500000 285000000 1770.04907
OX637750.1 285000000 285500000 1771.18825
OX637750.1 285500000 286000000 1771.01341
OX637750.1 286000000 286500000 1771.0
OX637750.1 286500000 287000000 1771.04317
OX637750.1 287000000 287500000 1771.82092
OX637750.1 287500000 288000000 1772.02287
OX637750.1 288000000 288500000 1770.69257
OX637750.1 288500000 289000000 1767.74983
OX637750.1 289000000 289500000 1767.68943
OX637750.1 289500000 290000000 1767.04975
OX637750.1 290000000 290500000 1766.27501
OX637750.1 290500000 291000000 1765.08936
OX637750.1 291000000 291500000 1766.0098
OX637750.1 291500000 292000000 1765.67246
OX637750.1 292000000 292500000 1763.05915
OX637750.1 292500000 293000000 1762.095
OX637750.1 293000000 293500000 1763.01493
OX637750.1 293500000 294000000 1763.01624
OX637750.1 294000000 294500000 1763.56051
OX637750.1 294500000 295000000 1764.06118
OX637750.1 295000000 295500000 1764.01652
OX637750.1 295500000 296000000 1764.01858
OX637750.1 296000000 296500000 1764.1919
OX637750.1 296500000 297000000 1764.53885
OX637750.1 297000000 297500000 1765.00961
OX637750.1 297500000 298000000 1765.0
OX637750.1 298000000 298500000 1765.0
OX637750.1 298500000 299000000 1765.0
OX637750.1 299000000 299500000 1764.8662
OX637750.1 299500000 300000000 1763.40409
OX637750.1 300000000 300500000 1762.0
OX637750.1 300500000 301000000 1762.03226
OX637750.1 301000000 301500000 1762.01627
OX637750.1 301500000 302000000 1762.68827
OX637750.1 302000000 302500000 1762.80383
OX637750.1 302500000 303000000 1762.04517
OX637750.1 303000000 303500000 1762.03554
OX637750.1 303500000 304000000 1761.29272
OX637750.1 304000000 304500000 1761.0892
OX637750.1 304500000 305000000 1761.71349
OX637750.1 305000000 305500000 1762.01749
OX637750.1 305500000 306000000 1760.84184
OX637750.1 306000000 306500000 1757.42809
OX637750.1 306500000 307000000 1757.04437
OX637750.1 307000000 307500000 1756.49505
OX637750.1 307500000 308000000 1755.5744
OX637750.1 308000000 308500000 1754.24578
OX637750.1 308500000 309000000 1752.29873
OX637750.1 309000000 309500000 1752.0
OX637750.1 309500000 310000000 1752.06489
OX637750.1 310000000 310500000 1753.02656
OX637750.1 310500000 311000000 1753.77646
OX637750.1 311000000 311500000 1754.04823
OX637750.1 311500000 312000000 1754.9254
OX637750.1 312000000 312500000 1755.0
OX637750.1 312500000 313000000 1755.24544
OX637750.1 313000000 313500000 1756.02567
OX637750.1 313500000 314000000 1756.01643
OX637750.1 314000000 314500000 1756.0
OX637750.1 314500000 315000000 1756.01623
OX637750.1 315000000 315500000 1755.29115
OX637750.1 315500000 316000000 1755.0
OX637750.1 316000000 316500000 1755.04648
OX637750.1 316500000 317000000 1756.03332
OX637750.1 317000000 317500000 1756.48813
OX637750.1 317500000 318000000 1757.10988
OX637750.1 318000000 318500000 1756.22709
OX637750.1 318500000 319000000 1756.90348
OX637750.1 319000000 319500000 1756.55006
OX637750.1 319500000 320000000 1755.26563
OX637750.1 320000000 320500000 1754.30838
OX637750.1 320500000 321000000 1755.04037
OX637750.1 321000000 321500000 1754.07832
OX637750.1 321500000 322000000 1753.05883
OX637750.1 322000000 322500000 1752.02555
OX637750.1 322500000 323000000 1752.10437
OX637750.1 323000000 323500000 1752.05619
OX637750.1 323500000 324000000 1752.05176
OX637750.1 324000000 324500000 1753.37887
OX637750.1 324500000 325000000 1754.04857
OX637750.1 325000000 325500000 1754.04099
OX637750.1 325500000 326000000 1754.02704
OX637750.1 326000000 326500000 1753.27356
OX637750.1 326500000 327000000 1753.21628
OX637750.1 327000000 327500000 1753.71729
OX637750.1 327500000 328000000 1754.86194
OX637750.1 328000000 328500000 1753.41313
OX637750.1 328500000 329000000 1752.96091
OX637750.1 329000000 329500000 1752.04022
OX637750.1 329500000 330000000 1751.42478
OX637750.1 330000000 330500000 1750.7074
OX637750.1 330500000 331000000 1749.0641
OX637750.1 331000000 331500000 1748.08549
OX637750.1 331500000 332000000 1748.05982
OX637750.1 332000000 332500000 1747.13018
OX637750.1 332500000 333000000 1744.53877
OX637750.1 333000000 333500000 1743.10168
OX637750.1 333500000 334000000 1743.05419
OX637750.1 334000000 334500000 1743.04869
OX637750.1 334500000 335000000 1743.01637
OX637750.1 335000000 335500000 1742.42527
OX637750.1 335500000 336000000 1740.00589
OX637750.1 336000000 336500000 1739.89559
OX637750.1 336500000 337000000 1739.01686
OX637750.1 337000000 337500000 1739.0807
OX637750.1 337500000 338000000 1739.38453
OX637750.1 338000000 338500000 1739.98078
OX637750.1 338500000 339000000 1740.07898
OX637750.1 339000000 339500000 1740.02911
OX637750.1 339500000 340000000 1739.05409
OX637750.1 340000000 340500000 1739.2519
OX637750.1 340500000 341000000 1740.01588
OX637750.1 341000000 341500000 1740.0
OX637750.1 341500000 342000000 1740.03076
OX637750.1 342000000 342500000 1740.34729
OX637750.1 342500000 343000000 1741.03207
OX637750.1 343000000 343500000 1742.01634
OX637750.1 343500000 344000000 1742.5896
OX637750.1 344000000 344500000 1743.03344
OX637750.1 344500000 345000000 1743.0476
OX637750.1 345000000 345500000 1743.03274
OX637750.1 345500000 346000000 1743.08655
OX637750.1 346000000 346500000 1742.25446
OX637750.1 346500000 347000000 1742.20304
OX637750.1 347000000 347500000 1743.04044
OX637750.1 347500000 348000000 1743.0353
OX637750.1 348000000 348500000 1743.08077
OX637750.1 348500000 349000000 1743.5646
OX637750.1 349000000 349500000 1743.64999
OX637750.1 349500000 350000000 1742.05795
OX637750.1 350000000 350500000 1742.03055
OX637750.1 350500000 351000000 1742.05431
OX637750.1 351000000 351500000 1741.63112
OX637750.1 351500000 352000000 1742.0
OX637750.1 352000000 352500000 1742.038
OX637750.1 352500000 353000000 1741.1911
OX637750.1 353000000 353500000 1741.05016
OX637750.1 353500000 354000000 1741.0
OX637750.1 354000000 354500000 1741.05763
OX637750.1 354500000 355000000 1741.07027
OX637750.1 355000000 355500000 1740.07813
OX637750.1 355500000 356000000 1740.01637
OX637750.1 356000000 356500000 1740.0
OX637750.1 356500000 357000000 1740.17874
OX637750.1 357000000 357500000 1741.21883
OX637750.1 357500000 358000000 1742.04355
OX637750.1 358000000 358500000 1742.04635
OX637750.1 358500000 359000000 1742.03119
OX637750.1 359000000 359500000 1742.0
OX637750.1 359500000 360000000 1743.51933
OX637750.1 360000000 360500000 1742.62604
OX637750.1 360500000 361000000 1742.06486
OX637750.1 361000000 361500000 1742.06278
OX637750.1 361500000 362000000 1742.04022
OX637750.1 362000000 362500000 1742.04947
OX637750.1 362500000 363000000 1742.10497
OX637750.1 363000000 363500000 1741.20626
OX637750.1 363500000 364000000 1740.06727
OX637750.1 364000000 364500000 1740.08514
OX637750.1 364500000 365000000 1740.15748
OX637750.1 365000000 365500000 1740.07591
OX637750.1 365500000 366000000 1740.01632
OX637750.1 366000000 366500000 1739.79245
OX637750.1 366500000 367000000 1739.14272
OX637750.1 367000000 367500000 1739.02911
OX637750.1 367500000 368000000 1737.98623
OX637750.1 368000000 368500000 1737.08241
OX637750.1 368500000 369000000 1737.05274
OX637750.1 369000000 369500000 1737.03238
OX637750.1 369500000 370000000 1737.3171
OX637750.1 370000000 370500000 1738.02819
OX637750.1 370500000 371000000 1738.07123
OX637750.1 371000000 371500000 1738.05902
OX637750.1 371500000 372000000 1738.09624
OX637750.1 372000000 372500000 1738.03601
OX637750.1 372500000 373000000 1738.54914
OX637750.1 373000000 373500000 1740.07883
OX637750.1 373500000 374000000 1740.01684
OX637750.1 374000000 374500000 1740.04698
OX637750.1 374500000 375000000 1740.01635
OX637750.1 375000000 375500000 1739.32938
OX637750.1 375500000 376000000 1739.0397
OX637750.1 376000000 376500000 1738.22849
OX637750.1 376500000 377000000 1738.04833
OX637750.1 377000000 377500000 1738.17768
OX637750.1 377500000 378000000 1738.78169
OX637750.1 378000000 378500000 1739.02161
OX637750.1 378500000 379000000 1738.23545
OX637750.1 379000000 379500000 1737.10395
OX637750.1 379500000 380000000 1737.09357
OX637750.1 380000000 380500000 1737.02984
OX637750.1 380500000 381000000 1737.10271
OX637750.1 381000000 381500000 1737.01662
OX637750.1 381500000 382000000 1736.66381
OX637750.1 382000000 382500000 1737.07551
OX637750.1 382500000 383000000 1736.34694
OX637750.1 383000000 383500000 1734.57173
OX637750.1 383500000 384000000 1734.07749
OX637750.1 384000000 384500000 1733.13199
OX637750.1 384500000 385000000 1732.5404
OX637750.1 385000000 385500000 1731.07471
OX637750.1 385500000 386000000 1731.06391
OX637750.1 386000000 386500000 1731.11677
OX637750.1 386500000 387000000 1731.07169
OX637750.1 387000000 387500000 1730.46478
OX637750.1 387500000 388000000 1730.06378
OX637750.1 388000000 388500000 1730.03412
OX637750.1 388500000 389000000 1728.55984
OX637750.1 389000000 389500000 1728.02621
OX637750.1 389500000 390000000 1727.11457
OX637750.1 390000000 390500000 1725.0
OX637750.1 390500000 391000000 1724.88885
OX637750.1 391000000 391500000 1723.09306
OX637750.1 391500000 392000000 1723.0
OX637750.1 392000000 392500000 1723.0
OX637750.1 392500000 393000000 1723.07911
OX637750.1 393000000 393500000 1723.06751
OX637750.1 393500000 394000000 1722.6068
OX637750.1 394000000 394500000 1723.10476
OX637750.1 394500000 395000000 1723.06121
OX637750.1 395000000 395500000 1723.0
OX637750.1 395500000 396000000 1723.09215
OX637750.1 396000000 396500000 1722.88348
OX637750.1 396500000 397000000 1722.59572
OX637750.1 397000000 397500000 1722.01338
OX637750.1 397500000 398000000 1722.04647
OX637750.1 398000000 398500000 1722.03137
OX637750.1 398500000 399000000 1722.0
OX637750.1 399000000 399500000 1722.97214
OX637750.1 399500000 400000000 1723.07481
OX637750.1 400000000 400500000 1723.05808
OX637750.1 400500000 401000000 1722.25866
OX637750.1 401000000 401500000 1720.8092
OX637750.1 401500000 402000000 1719.0
OX637750.1 402000000 402500000 1719.10058
OX637750.1 402500000 403000000 1718.82631
OX637750.1 403000000 403500000 1718.31612
OX637750.1 403500000 404000000 1718.04666
OX637750.1 404000000 404500000 1718.04361
OX637750.1 404500000 405000000 1716.67474
OX637750.1 405000000 405500000 1713.38137
OX637750.1 405500000 406000000 1712.03492
OX637750.1 406000000 406500000 1712.03451
OX637750.1 406500000 407000000 1712.06936
OX637750.1 407000000 407500000 1712.03335
OX637750.1 407500000 408000000 1712.07827
OX637750.1 408000000 408500000 1712.0
OX637750.1 408500000 409000000 1712.00444
OX637750.1 409000000 409500000 1712.02135
OX637750.1 409500000 410000000 1712.01495
OX637750.1 410000000 410500000 1712.34333
OX637750.1 410500000 411000000 1712.04424
OX637750.1 411000000 411500000 1711.4426
OX637750.1 411500000 412000000 1709.51595
OX637750.1 412000000 412500000 1709.19332
OX637750.1 412500000 413000000 1709.33338
OX637750.1 413000000 413500000 1709.0
OX637750.1 413500000 414000000 1709.0
OX637750.1 414000000 414500000 1709.0
OX637750.1 414500000 415000000 1709.0
OX637750.1 415000000 415500000 1709.0
OX637750.1 415500000 416000000 1709.0
OX637750.1 416000000 416500000 1709.09456
OX637750.1 416500000 417000000 1708.22333
OX637750.1 417000000 417500000 1707.56225
OX637750.1 417500000 418000000 1703.75277
OX637750.1 418000000 418500000 1702.82811
OX637750.1 418500000 419000000 1702.04614
OX637750.1 419000000 419500000 1702.02817
OX637750.1 419500000 420000000 1702.07173
OX637750.1 420000000 420500000 1702.86268
OX637750.1 420500000 421000000 1703.0507
OX637750.1 421000000 421500000 1702.03477
OX637750.1 421500000 422000000 1700.99556
OX637750.1 422000000 422500000 1700.01859
OX637750.1 422500000 423000000 1700.06548
OX637750.1 423000000 423500000 1700.06479
OX637750.1 423500000 424000000 1700.01643
OX637750.1 424000000 424500000 1700.01586
OX637750.1 424500000 425000000 1700.01657
OX637750.1 425000000 425500000 1700.03669
OX637750.1 425500000 426000000 1700.0
OX637750.1 426000000 426500000 1700.03031
OX637750.1 426500000 427000000 1700.0
OX637750.1 427000000 427500000 1700.0
OX637750.1 427500000 428000000 1700.0
OX637750.1 428000000 428500000 1699.75994
OX637750.1 428500000 429000000 1699.05646
OX637750.1 429000000 429500000 1698.9388
OX637750.1 429500000 430000000 1697.07575
OX637750.1 430000000 430500000 1697.0
OX637750.1 430500000 431000000 1697.01112
OX637750.1 431000000 431500000 1696.10929
OX637750.1 431500000 432000000 1696.05034
OX637750.1 432000000 432500000 1695.55147
OX637750.1 432500000 433000000 1693.54786
OX637750.1 433000000 433500000 1692.30867
OX637750.1 433500000 434000000 1691.02156
OX637750.1 434000000 434500000 1691.05914
OX637750.1 434500000 435000000 1691.92148
OX637750.1 435000000 435500000 1691.34019
OX637750.1 435500000 436000000 1691.0
OX637750.1 436000000 436500000 1689.39786
OX637750.1 436500000 437000000 1689.0
OX637750.1 437000000 437500000 1689.06719
OX637750.1 437500000 438000000 1688.04812
OX637750.1 438000000 438500000 1687.3322
OX637750.1 438500000 439000000 1685.29495
OX637750.1 439000000 439500000 1685.01794
OX637750.1 439500000 440000000 1686.77127
OX637750.1 440000000 440500000 1685.76714
OX637750.1 440500000 441000000 1685.07706
OX637750.1 441000000 441500000 1684.84295
OX637750.1 441500000 442000000 1683.01669
OX637750.1 442000000 442500000 1683.05029
OX637750.1 442500000 443000000 1682.1273
OX637750.1 443000000 443500000 1681.70182
OX637750.1 443500000 444000000 1680.08859
OX637750.1 444000000 444500000 1680.10105
OX637750.1 444500000 445000000 1680.77853
OX637750.1 445000000 445500000 1678.14988
OX637750.1 445500000 446000000 1678.01615
OX637750.1 446000000 446500000 1677.20791
OX637750.1 446500000 447000000 1676.04886
OX637750.1 447000000 447500000 1676.01568
OX637750.1 447500000 448000000 1675.48607
OX637750.1 448000000 448500000 1675.01775
OX637750.1 448500000 449000000 1675.97638
OX637750.1 449000000 449500000 1676.37625
OX637750.1 449500000 450000000 1676.04996
OX637750.1 450000000 450500000 1674.28494
OX637750.1 450500000 451000000 1674.12001
OX637750.1 451000000 451500000 1672.43437
OX637750.1 451500000 452000000 1672.85065
OX637750.1 452000000 452500000 1672.90625
OX637750.1 452500000 453000000 1672.20619
OX637750.1 453000000 453500000 1671.6338
OX637750.1 453500000 454000000 1670.96587
OX637750.1 454000000 454500000 1669.97493
OX637750.1 454500000 455000000 1669.05783
OX637750.1 455000000 455500000 1668.40145
OX637750.1 455500000 456000000 1668.01724
OX637750.1 456000000 456500000 1667.04222
OX637750.1 456500000 457000000 1667.00897
OX637750.1 457000000 457500000 1667.00526
OX637750.1 457500000 458000000 1666.67608
OX637750.1 458000000 458500000 1665.56566
OX637750.1 458500000 459000000 1665.73006
OX637750.1 459000000 459500000 1666.07548
OX637750.1 459500000 460000000 1665.32822
OX637750.1 460000000 460500000 1663.15164
OX637750.1 460500000 461000000 1662.44189
OX637750.1 461000000 461500000 1661.14555
OX637750.1 461500000 462000000 1660.04782
OX637750.1 462000000 462500000 1658.67589
OX637750.1 462500000 463000000 1657.22047
OX637750.1 463000000 463500000 1657.01583
OX637750.1 463500000 464000000 1657.08245
OX637750.1 464000000 464500000 1656.53607
OX637750.1 464500000 465000000 1655.72442
OX637750.1 465000000 465500000 1654.91779
OX637750.1 465500000 466000000 1654.0
OX637750.1 466000000 466500000 1653.9659
OX637750.1 466500000 467000000 1653.78004
OX637750.1 467000000 467500000 1653.52288
OX637750.1 467500000 468000000 1656.64604
OX637750.1 468000000 468500000 1655.06805
OX637750.1 468500000 469000000 1654.87011
OX637750.1 469000000 469500000 1653.32552
OX637750.1 469500000 470000000 1652.18874
OX637750.1 470000000 470500000 1651.64121
OX637750.1 470500000 471000000 1650.0
OX637750.1 471000000 471500000 1650.06347
OX637750.1 471500000 472000000 1650.99378
OX637750.1 472000000 472500000 1650.72276
OX637750.1 472500000 473000000 1650.06462
OX637750.1 473000000 473500000 1648.69969
OX637750.1 473500000 474000000 1648.04106
OX637750.1 474000000 474500000 1646.22782
OX637750.1 474500000 475000000 1645.3316
OX637750.1 475000000 475500000 1643.82036
OX637750.1 475500000 476000000 1641.40885
OX637750.1 476000000 476500000 1639.21756
OX637750.1 476500000 477000000 1637.73734
OX637750.1 477000000 477500000 1635.1782
OX637750.1 477500000 478000000 1635.04937
OX637750.1 478000000 478500000 1633.11361
OX637750.1 478500000 479000000 1630.65053
OX637750.1 479000000 479500000 1628.17999
OX637750.1 479500000 480000000 1627.0
OX637750.1 480000000 480500000 1626.65742
OX637750.1 480500000 481000000 1626.01515
OX637750.1 481000000 481500000 1625.13629
OX637750.1 481500000 482000000 1625.12834
OX637750.1 482000000 482500000 1624.24649
OX637750.1 482500000 483000000 1623.70992
OX637750.1 483000000 483500000 1622.29676
OX637750.1 483500000 484000000 1622.08814
OX637750.1 484000000 484500000 1621.95386
OX637750.1 484500000 485000000 1621.02007
OX637750.1 485000000 485500000 1620.13111
OX637750.1 485500000 486000000 1618.53627
OX637750.1 486000000 486500000 1616.74138
OX637750.1 486500000 487000000 1613.0733
OX637750.1 487000000 487500000 1609.72636
OX637750.1 487500000 488000000 1608.09178
OX637750.1 488000000 488500000 1607.06524
OX637750.1 488500000 489000000 1606.90265
OX637750.1 489000000 489500000 1604.28106
OX637750.1 489500000 490000000 1603.0536
OX637750.1 490000000 490500000 1601.35669
OX637750.1 490500000 491000000 1601.0
OX637750.1 491000000 491500000 1600.14696
OX637750.1 491500000 492000000 1600.01665
OX637750.1 492000000 492500000 1600.0336
OX637750.1 492500000 493000000 1599.0691
OX637750.1 493000000 493500000 1598.08301
OX637750.1 493500000 494000000 1596.00747
OX637750.1 494000000 494500000 1593.94108
OX637750.1 494500000 495000000 1593.01631
OX637750.1 495000000 495500000 1593.02721
OX637750.1 495500000 496000000 1591.16865
OX637750.1 496000000 496500000 1586.53817
OX637750.1 496500000 497000000 1585.03953
OX637750.1 497000000 497500000 1584.88216
OX637750.1 497500000 498000000 1583.39048
OX637750.1 498000000 498500000 1580.30716
OX637750.1 498500000 499000000 1580.0716
OX637750.1 499000000 499500000 1579.15138
OX637750.1 499500000 500000000 1579.68488
OX637750.1 500000000 500500000 1579.42875
OX637750.1 500500000 501000000 1579.00565
OX637750.1 501000000 501500000 1579.29217
OX637750.1 501500000 502000000 1579.84683
OX637750.1 502000000 502500000 1575.58113
OX637750.1 502500000 503000000 1571.73346
OX637750.1 503000000 503500000 1568.64686
OX637750.1 503500000 504000000 1565.39322
OX637750.1 504000000 504500000 1564.02326
OX637750.1 504500000 505000000 1563.8916
OX637750.1 505000000 505500000 1563.0442
OX637750.1 505500000 506000000 1563.04472
OX637750.1 506000000 506500000 1562.30832
OX637750.1 506500000 507000000 1562.04915
OX637750.1 507000000 507500000 1560.86223
OX637750.1 507500000 508000000 1558.18981
OX637750.1 508000000 508500000 1558.034
OX637750.1 508500000 509000000 1557.94896
OX637750.1 509000000 509500000 1556.11512
OX637750.1 509500000 510000000 1554.10372
OX637750.1 510000000 510500000 1554.05163
OX637750.1 510500000 511000000 1553.45288
OX637750.1 511000000 511500000 1553.0849
OX637750.1 511500000 512000000 1552.14616
OX637750.1 512000000 512500000 1549.75803
OX637750.1 512500000 513000000 1549.20702
OX637750.1 513000000 513500000 1548.19376
OX637750.1 513500000 514000000 1546.59302
OX637750.1 514000000 514500000 1544.99926
OX637750.1 514500000 515000000 1544.0308
OX637750.1 515000000 515500000 1544.08945
OX637750.1 515500000 516000000 1542.49762
OX637750.1 516000000 516500000 1541.07156
OX637750.1 516500000 517000000 1538.88489
OX637750.1 517000000 517500000 1534.69873
OX637750.1 517500000 518000000 1535.03045
OX637750.1 518000000 518500000 1534.46644
OX637750.1 518500000 519000000 1533.04989
OX637750.1 519000000 519500000 1531.94083
OX637750.1 519500000 520000000 1529.49273
OX637750.1 520000000 520500000 1529.11716
OX637750.1 520500000 521000000 1528.26555
OX637750.1 521000000 521500000 1525.79346
OX637750.1 521500000 522000000 1524.01203
OX637750.1 522000000 522500000 1522.06569
OX637750.1 522500000 523000000 1520.99382
OX637750.1 523000000 523500000 1520.85588
OX637750.1 523500000 524000000 1519.5652
OX637750.1 524000000 524500000 1515.08402
OX637750.1 524500000 525000000 1513.50919
OX637750.1 525000000 525500000 1511.04007
OX637750.1 525500000 526000000 1511.14706
OX637750.1 526000000 526500000 1510.80415
OX637750.1 526500000 527000000 1510.12662
OX637750.1 527000000 527500000 1510.04256
OX637750.1 527500000 528000000 1509.37999
OX637750.1 528000000 528500000 1506.51551
OX637750.1 528500000 529000000 1505.44268
OX637750.1 529000000 529500000 1503.0754
OX637750.1 529500000 530000000 1501.06016
OX637750.1 530000000 530500000 1499.43386
OX637750.1 530500000 531000000 1496.50304
OX637750.1 531000000 531500000 1495.04894
OX637750.1 531500000 532000000 1494.70512
OX637750.1 532000000 532500000 1493.06389
OX637750.1 532500000 533000000 1492.89626
OX637750.1 533000000 533500000 1492.04684
OX637750.1 533500000 534000000 1490.37471
OX637750.1 534000000 534500000 1487.41538
OX637750.1 534500000 535000000 1484.0352
OX637750.1 535000000 535500000 1482.17105
OX637750.1 535500000 536000000 1482.01832
OX637750.1 536000000 536500000 1478.79512
OX637750.1 536500000 537000000 1478.0415
OX637750.1 537000000 537500000 1477.28762
OX637750.1 537500000 538000000 1473.67651
OX637750.1 538000000 538500000 1469.4879
OX637750.1 538500000 539000000 1468.0145
OX637750.1 539000000 539500000 1467.82986
OX637750.1 539500000 540000000 1466.33614
OX637750.1 540000000 540500000 1463.62484
OX637750.1 540500000 541000000 1459.73612
OX637750.1 541000000 541500000 1458.32431
OX637750.1 541500000 542000000 1456.11357
OX637750.1 542000000 542500000 1453.84317
OX637750.1 542500000 543000000 1451.4253
OX637750.1 543000000 543500000 1449.08296
OX637750.1 543500000 544000000 1447.99751
OX637750.1 544000000 544500000 1446.37346
OX637750.1 544500000 545000000 1443.71325
OX637750.1 545000000 545500000 1439.05277
OX637750.1 545500000 546000000 1437.0177
OX637750.1 546000000 546500000 1434.99951
OX637750.1 546500000 547000000 1430.88322
OX637750.1 547000000 547500000 1429.73088
OX637750.1 547500000 548000000 1426.27465
OX637750.1 548000000 548500000 1423.31086
OX637750.1 548500000 549000000 1421.29347
OX637750.1 549000000 549500000 1415.47124
OX637750.1 549500000 550000000 1413.43855
OX637750.1 550000000 550500000 1411.37864
OX637750.1 550500000 551000000 1410.1116
OX637750.1 551000000 551500000 1409.67716
OX637750.1 551500000 552000000 1406.15101
OX637750.1 552000000 552500000 1404.65186
OX637750.1 552500000 553000000 1399.80895
OX637750.1 553000000 553500000 1398.0
OX637750.1 553500000 554000000 1395.74565
OX637750.1 554000000 554500000 1390.57992
OX637750.1 554500000 555000000 1384.92429
OX637750.1 555000000 555500000 1381.8656
OX637750.1 555500000 556000000 1377.72811
OX637750.1 556000000 556500000 1372.84076
OX637750.1 556500000 557000000 1370.52908
OX637750.1 557000000 557500000 1365.90204
OX637750.1 557500000 558000000 1359.85283
OX637750.1 558000000 558500000 1355.58517
OX637750.1 558500000 559000000 1353.90888
OX637750.1 559000000 559500000 1351.02613
OX637750.1 559500000 560000000 1346.13532
OX637750.1 560000000 560500000 1343.39898
OX637750.1 560500000 561000000 1339.53235
OX637750.1 561000000 561500000 1338.06365
OX637750.1 561500000 562000000 1335.79797
OX637750.1 562000000 562500000 1335.45899
OX637750.1 562500000 563000000 1333.82202
OX637750.1 563000000 563500000 1328.15399
OX637750.1 563500000 564000000 1324.01198
OX637750.1 564000000 564500000 1320.46753
OX637750.1 564500000 565000000 1318.69554
OX637750.1 565000000 565500000 1313.54269
OX637750.1 565500000 566000000 1307.10473
OX637750.1 566000000 566500000 1300.72499
OX637750.1 566500000 567000000 1296.73259
OX637750.1 567000000 567500000 1290.36671
OX637750.1 567500000 568000000 1290.06959
OX637750.1 568000000 568500000 1288.47788
OX637750.1 568500000 569000000 1286.03326
OX637750.1 569000000 569500000 1284.14335
OX637750.1 569500000 570000000 1281.76854
OX637750.1 570000000 570500000 1277.52323
OX637750.1 570500000 571000000 1273.58072
OX637750.1 571000000 571500000 1267.67352
OX637750.1 571500000 572000000 1261.28054
OX637750.1 572000000 572500000 1254.80843
OX637750.1 572500000 573000000 1250.49395
OX637750.1 573000000 573500000 1244.13704
OX637750.1 573500000 574000000 1241.94802
OX637750.1 574000000 574500000 1238.31202
OX637750.1 574500000 575000000 1236.10281
OX637750.1 575000000 575500000 1229.62754
OX637750.1 575500000 576000000 1227.98915
OX637750.1 576000000 576500000 1224.99982
OX637750.1 576500000 577000000 1218.58054
OX637750.1 577000000 577500000 1217.34781
OX637750.1 577500000 578000000 1209.51222
OX637750.1 578000000 578500000 1204.20024
OX637750.1 578500000 579000000 1203.2907
OX637750.1 579000000 579500000 1198.76746
OX637750.1 579500000 580000000 1194.87937
OX637750.1 580000000 580500000 1189.20558
OX637750.1 580500000 581000000 1186.93145
OX637750.1 581000000 581500000 1184.89306
OX637750.1 581500000 582000000 1182.09752
OX637750.1 582000000 582500000 1179.53817
OX637750.1 582500000 583000000 1177.0396
OX637750.1 583000000 583500000 1174.35627
OX637750.1 583500000 584000000 1169.28167
OX637750.1 584000000 584500000 1161.8534
OX637750.1 584500000 585000000 1152.98175
OX637750.1 585000000 585500000 1143.94233
OX637750.1 585500000 586000000 1137.70625
OX637750.1 586000000 586500000 1132.35221
OX637750.1 586500000 587000000 1130.01633
OX637750.1 587000000 587500000 1129.52797
OX637750.1 587500000 588000000 1125.64757
OX637750.1 588000000 588500000 1118.34348
OX637750.1 588500000 589000000 1114.04895
OX637750.1 589000000 589500000 1108.2408
OX637750.1 589500000 590000000 1105.8429
OX637750.1 590000000 590500000 1099.2025
OX637750.1 590500000 591000000 1095.33898
OX637750.1 591000000 591500000 1089.77621
OX637750.1 591500000 592000000 1082.1934
OX637750.1 592000000 592500000 1078.02164
OX637750.1 592500000 593000000 1074.14259
OX637750.1 593000000 593500000 1065.53854
OX637750.1 593500000 594000000 1061.85676
OX637750.1 594000000 594500000 1057.67467
OX637750.1 594500000 595000000 1047.34066
OX637750.1 595000000 595500000 1040.17123
OX637750.1 595500000 596000000 1035.45501
OX637750.1 596000000 596500000 1029.45241
OX637750.1 596500000 597000000 1028.41701
OX637750.1 597000000 597500000 1023.32241
OX637750.1 597500000 598000000 1017.62062
OX637750.1 598000000 598500000 1008.88707
OX637750.1 598500000 599000000 1003.50547
OX637750.1 599000000 599500000 996.96641
OX637750.1 599500000 600000000 987.11765
OX637750.1 600000000 600500000 985.52452
OX637750.1 600500000 601000000 978.32812
OX637750.1 601000000 601500000 971.02238
OX637750.1 601500000 602000000 962.56119
OX637750.1 602000000 602500000 958.13218
OX637750.1 602500000 603000000 956.99435
OX637750.1 603000000 603500000 952.46761
OX637750.1 603500000 604000000 943.37891
OX637750.1 604000000 604500000 934.09684
OX637750.1 604500000 605000000 928.44156
OX637750.1 605000000 605500000 922.23932
OX637750.1 605500000 606000000 913.54292
OX637750.1 606000000 606500000 908.94425
OX637750.1 606500000 607000000 905.00347
OX637750.1 607000000 607500000 900.5398
OX637750.1 607500000 608000000 892.12121
OX637750.1 608000000 608500000 880.54108
OX637750.1 608500000 609000000 866.9705
OX637750.1 609000000 609500000 855.41897
OX637750.1 609500000 610000000 846.7667
OX637750.1 610000000 610500000 835.61707
OX637750.1 610500000 611000000 819.11819
OX637750.1 611000000 611500000 808.80699
OX637750.1 611500000 612000000 792.84079
OX637750.1 612000000 612500000 777.13435
OX637750.1 612500000 613000000 762.48902
OX637750.1 613000000 613500000 740.39291
OX637750.1 613500000 614000000 716.18974
OX637750.1 614000000 614500000 708.0054
OX637750.1 614500000 615000000 696.50106
OX637750.1 615000000 615500000 679.08091
OX637750.1 615500000 616000000 665.48773
OX637750.1 616000000 616500000 639.82505
OX637750.1 616500000 617000000 607.76822
OX637750.1 617000000 617500000 584.18262
OX637750.1 617500000 618000000 563.90563
OX637750.1 618000000 618500000 531.31929
OX637750.1 618500000 619000000 492.85704
OX637750.1 619000000 619500000 464.85376
OX637750.1 619500000 620000000 438.775
OX637750.1 620000000 620500000 408.25519
OX637750.1 620500000 621000000 390.05604
OX637750.1 621000000 621500000 376.27196
OX637750.1 621500000 622000000 351.79712
OX637750.1 622000000 622500000 313.14214
OX637750.1 622500000 623000000 279.81333
OX637750.1 623000000 623500000 238.19769
OX637750.1 623500000 624000000 210.69254
OX637750.1 624000000 624500000 179.1136
OX637750.1 624500000 625000000 98.96861
OX637750.1 625000000 625500000 36.42148
OX637750.1 625500000 625625054 14.84399
OX637757.1 0 500000 2.21926
OX637757.1 500000 1000000 3.0
OX637757.1 1000000 1500000 8.52268
OX637757.1 1500000 2000000 94.18065
OX637757.1 2000000 2500000 193.65892
OX637757.1 2500000 3000000 275.13618
OX637757.1 3000000 3500000 340.0034
OX637757.1 3500000 4000000 386.81653
OX637757.1 4000000 4500000 411.9578
OX637757.1 4500000 5000000 442.40539
OX637757.1 5000000 5500000 478.85308
OX637757.1 5500000 6000000 517.75667
OX637757.1 6000000 6500000 563.17571
OX637757.1 6500000 7000000 597.49625
OX637757.1 7000000 7500000 619.28259
OX637757.1 7500000 8000000 638.46851
OX637757.1 8000000 8500000 653.52024
OX637757.1 8500000 9000000 666.89915
OX637757.1 9000000 9500000 683.32707
OX637757.1 9500000 10000000 703.87314
OX637757.1 10000000 10500000 724.22148
OX637757.1 10500000 11000000 748.88604
OX637757.1 11000000 11500000 768.98579
OX637757.1 11500000 12000000 795.71991
OX637757.1 12000000 12500000 813.73941
OX637757.1 12500000 13000000 834.37113
OX637757.1 13000000 13500000 847.5671
OX637757.1 13500000 14000000 867.79113
OX637757.1 14000000 14500000 888.85868
OX637757.1 14500000 15000000 909.04042
OX637757.1 15000000 15500000 926.01062
OX637757.1 15500000 16000000 936.47395
OX637757.1 16000000 16500000 948.66186
OX637757.1 16500000 17000000 961.70297
OX637757.1 17000000 17500000 969.57715
OX637757.1 17500000 18000000 982.87558
OX637757.1 18000000 18500000 995.33187
OX637757.1 18500000 19000000 1009.47294
OX637757.1 19000000 19500000 1021.14154
OX637757.1 19500000 20000000 1030.15654
OX637757.1 20000000 20500000 1045.24567
OX637757.1 20500000 21000000 1057.49977
OX637757.1 21000000 21500000 1071.72806
OX637757.1 21500000 22000000 1080.36011
OX637757.1 22000000 22500000 1087.85397
OX637757.1 22500000 23000000 1095.90194
OX637757.1 23000000 23500000 1107.55853
OX637757.1 23500000 24000000 1116.92328
OX637757.1 24000000 24500000 1124.65096
OX637757.1 24500000 25000000 1132.72178
OX637757.1 25000000 25500000 1140.70125
OX637757.1 25500000 26000000 1150.82145
OX637757.1 26000000 26500000 1162.03287
OX637757.1 26500000 27000000 1171.85412
OX637757.1 27000000 27500000 1182.23303
OX637757.1 27500000 28000000 1188.4737
OX637757.1 28000000 28500000 1199.08561
OX637757.1 28500000 29000000 1209.60458
OX637757.1 29000000 29500000 1220.65473
OX637757.1 29500000 30000000 1227.30291
OX637757.1 30000000 30500000 1239.41451
OX637757.1 30500000 31000000 1250.38911
OX637757.1 31000000 31500000 1258.36739
OX637757.1 31500000 32000000 1262.23062
OX637757.1 32000000 32500000 1267.99127
OX637757.1 32500000 33000000 1272.58138
OX637757.1 33000000 33500000 1275.75875
OX637757.1 33500000 34000000 1281.51409
OX637757.1 34000000 34500000 1291.07079
OX637757.1 34500000 35000000 1295.08093
OX637757.1 35000000 35500000 1297.08254
OX637757.1 35500000 36000000 1305.53735
OX637757.1 36000000 36500000 1309.92958
OX637757.1 36500000 37000000 1320.0588
OX637757.1 37000000 37500000 1326.92849
OX637757.1 37500000 38000000 1330.25074
OX637757.1 38000000 38500000 1334.3116
OX637757.1 38500000 39000000 1340.64202
OX637757.1 39000000 39500000 1344.31036
OX637757.1 39500000 40000000 1350.52693
OX637757.1 40000000 40500000 1359.03478
OX637757.1 40500000 41000000 1367.55519
OX637757.1 41000000 41500000 1370.37085
OX637757.1 41500000 42000000 1375.56747
OX637757.1 42000000 42500000 1380.09314
OX637757.1 42500000 43000000 1385.3356
OX637757.1 43000000 43500000 1393.08821
OX637757.1 43500000 44000000 1398.87051
OX637757.1 44000000 44500000 1405.89195
OX637757.1 44500000 45000000 1412.64828
OX637757.1 45000000 45500000 1417.41046
OX637757.1 45500000 46000000 1423.53822
OX637757.1 46000000 46500000 1428.28639
OX637757.1 46500000 47000000 1434.9424
OX637757.1 47000000 47500000 1443.43164
OX637757.1 47500000 48000000 1446.88531
OX637757.1 48000000 48500000 1451.84063
OX637757.1 48500000 49000000 1453.77058
OX637757.1 49000000 49500000 1458.79315
OX637757.1 49500000 50000000 1462.94759
OX637757.1 50000000 50500000 1471.13709
OX637757.1 50500000 51000000 1476.81139
OX637757.1 51000000 51500000 1480.11271
OX637757.1 51500000 52000000 1482.61518
OX637757.1 52000000 52500000 1483.80035
OX637757.1 52500000 53000000 1489.99501
OX637757.1 53000000 53500000 1494.80643
OX637757.1 53500000 54000000 1502.23456
OX637757.1 54000000 54500000 1509.75896
OX637757.1 54500000 55000000 1511.22345
OX637757.1 55000000 55500000 1516.36655
OX637757.1 55500000 56000000 1519.01607
OX637757.1 56000000 56500000 1523.80795
OX637757.1 56500000 57000000 1526.90794
OX637757.1 57000000 57500000 1530.27292
OX637757.1 57500000 58000000 1535.78419
OX637757.1 58000000 58500000 1541.17075
OX637757.1 58500000 59000000 1545.90462
OX637757.1 59000000 59500000 1549.98398
OX637757.1 59500000 60000000 1552.71107
OX637757.1 60000000 60500000 1556.77252
OX637757.1 60500000 61000000 1565.26757
OX637757.1 61000000 61500000 1568.36084
OX637757.1 61500000 62000000 1571.26987
OX637757.1 62000000 62500000 1574.42257
OX637757.1 62500000 63000000 1577.18397
OX637757.1 63000000 63500000 1579.99301
OX637757.1 63500000 64000000 1585.24207
OX637757.1 64000000 64500000 1588.03049
OX637757.1 64500000 65000000 1591.37351
OX637757.1 65000000 65500000 1593.50647
OX637757.1 65500000 66000000 1595.0
OX637757.1 66000000 66500000 1595.96642
OX637757.1 66500000 67000000 1597.83831
OX637757.1 67000000 67500000 1598.75509
OX637757.1 67500000 68000000 1603.64219
OX637757.1 68000000 68500000 1611.9899
OX637757.1 68500000 69000000 1616.61197
OX637757.1 69000000 69500000 1619.07985
OX637757.1 69500000 70000000 1621.53324
OX637757.1 70000000 70500000 1624.37593
OX637757.1 70500000 71000000 1626.9579
OX637757.1 71000000 71500000 1633.15064
OX637757.1 71500000 72000000 1636.63667
OX637757.1 72000000 72500000 1639.26977
OX637757.1 72500000 73000000 1640.0695
OX637757.1 73000000 73500000 1640.23963
OX637757.1 73500000 74000000 1642.58933
OX637757.1 74000000 74500000 1644.29924
OX637757.1 74500000 75000000 1645.40035
OX637757.1 75000000 75500000 1649.03054
OX637757.1 75500000 76000000 1652.4942
OX637757.1 76000000 76500000 1655.41074
OX637757.1 76500000 77000000 1658.82514
OX637757.1 77000000 77500000 1661.87431
OX637757.1 77500000 78000000 1665.11593
OX637757.1 78000000 78500000 1668.35298
OX637757.1 78500000 79000000 1670.24642
OX637757.1 79000000 79500000 1672.71279
OX637757.1 79500000 80000000 1675.90655
OX637757.1 80000000 80500000 1679.08947
OX637757.1 80500000 81000000 1684.23521
OX637757.1 81000000 81500000 1686.86595
OX637757.1 81500000 82000000 1689.77397
OX637757.1 82000000 82500000 1691.87594
OX637757.1 82500000 83000000 1699.35916
OX637757.1 83000000 83500000 1702.06158
OX637757.1 83500000 84000000 1705.1412
OX637757.1 84000000 84500000 1709.08036
OX637757.1 84500000 85000000 1709.49413
OX637757.1 85000000 85500000 1709.0
OX637757.1 85500000 86000000 1710.74929
OX637757.1 86000000 86500000 1715.42176
OX637757.1 86500000 87000000 1716.77276
OX637757.1 87000000 87500000 1718.0
OX637757.1 87500000 88000000 1719.60933
OX637757.1 88000000 88500000 1720.48558
OX637757.1 88500000 89000000 1723.03539
OX637757.1 89000000 89500000 1725.68133
OX637757.1 89500000 90000000 1727.88558
OX637757.1 90000000 90500000 1729.66588
OX637757.1 90500000 91000000 1732.91671
OX637757.1 91000000 91500000 1733.19571
OX637757.1 91500000 92000000 1734.85977
OX637757.1 92000000 92500000 1736.37637
OX637757.1 92500000 93000000 1742.4026
OX637757.1 93000000 93500000 1745.97613
OX637757.1 93500000 94000000 1748.98131
OX637757.1 94000000 94500000 1751.63897
OX637757.1 94500000 95000000 1756.94603
OX637757.1 95000000 95500000 1757.21538
OX637757.1 95500000 96000000 1758.61217
OX637757.1 96000000 96500000 1760.61067
OX637757.1 96500000 97000000 1761.99755
OX637757.1 97000000 97500000 1765.70357
OX637757.1 97500000 98000000 1766.8521
OX637757.1 98000000 98500000 1767.02294
OX637757.1 98500000 99000000 1768.26115
OX637757.1 99000000 99500000 1770.0
OX637757.1 99500000 100000000 1770.0
OX637757.1 100000000 100500000 1772.71474
OX637757.1 100500000 101000000 1774.42021
OX637757.1 101000000 101500000 1775.84025
OX637757.1 101500000 102000000 1778.30765
OX637757.1 102000000 102500000 1783.55976
OX637757.1 102500000 103000000 1784.29502
OX637757.1 103000000 103500000 1785.85981
OX637757.1 103500000 104000000 1786.93878
OX637757.1 104000000 104500000 1789.59651
OX637757.1 104500000 105000000 1790.03267
OX637757.1 105000000 105500000 1793.96897
OX637757.1 105500000 106000000 1796.85334
OX637757.1 106000000 106500000 1798.97545
OX637757.1 106500000 107000000 1799.93155
OX637757.1 107000000 107500000 1799.46952
OX637757.1 107500000 108000000 1801.76573
OX637757.1 108000000 108500000 1806.09631
OX637757.1 108500000 109000000 1810.97852
OX637757.1 109000000 109500000 1812.92669
OX637757.1 109500000 110000000 1816.24485
OX637757.1 110000000 110500000 1818.01099
OX637757.1 110500000 111000000 1819.77001
OX637757.1 111000000 111500000 1822.0
OX637757.1 111500000 112000000 1822.48284
OX637757.1 112000000 112500000 1823.71942
OX637757.1 112500000 113000000 1827.38783
OX637757.1 113000000 113500000 1832.63431
OX637757.1 113500000 114000000 1834.0259
OX637757.1 114000000 114500000 1835.86981
OX637757.1 114500000 115000000 1839.70813
OX637757.1 115000000 115500000 1840.01449
OX637757.1 115500000 116000000 1841.04709
OX637757.1 116000000 116500000 1841.45267
OX637757.1 116500000 117000000 1842.54412
OX637757.1 117000000 117500000 1844.71828
OX637757.1 117500000 118000000 1845.54559
OX637757.1 118000000 118500000 1847.21102
OX637757.1 118500000 119000000 1848.01507
OX637757.1 119000000 119500000 1849.16192
OX637757.1 119500000 120000000 1850.56459
OX637757.1 120000000 120500000 1852.01079
OX637757.1 120500000 121000000 1855.41977
OX637757.1 121000000 121500000 1858.76531
OX637757.1 121500000 122000000 1860.04649
OX637757.1 122000000 122500000 1860.24576
OX637757.1 122500000 123000000 1861.15284
OX637757.1 123000000 123500000 1862.05616
OX637757.1 123500000 124000000 1864.59074
OX637757.1 124000000 124500000 1866.48255
OX637757.1 124500000 125000000 1870.19092
OX637757.1 125000000 125500000 1872.66839
OX637757.1 125500000 126000000 1873.90428
OX637757.1 126000000 126500000 1874.8846
OX637757.1 126500000 127000000 1875.87045
OX637757.1 127000000 127500000 1875.13387
OX637757.1 127500000 128000000 1876.76482
OX637757.1 128000000 128500000 1879.19177
OX637757.1 128500000 129000000 1880.65036
OX637757.1 129000000 129500000 1881.04036
OX637757.1 129500000 130000000 1883.657
OX637757.1 130000000 130500000 1884.3993
OX637757.1 130500000 131000000 1885.32889
OX637757.1 131000000 131500000 1888.1442
OX637757.1 131500000 132000000 1890.37712
OX637757.1 132000000 132500000 1891.12394
OX637757.1 132500000 133000000 1893.81985
OX637757.1 133000000 133500000 1894.64881
OX637757.1 133500000 134000000 1896.12077
OX637757.1 134000000 134500000 1897.80956
OX637757.1 134500000 135000000 1899.03098
OX637757.1 135000000 135500000 1900.42329
OX637757.1 135500000 136000000 1903.1873
OX637757.1 136000000 136500000 1902.65887
OX637757.1 136500000 137000000 1903.14513
OX637757.1 137000000 137500000 1905.19781
OX637757.1 137500000 138000000 1906.58426
OX637757.1 138000000 138500000 1908.56748
OX637757.1 138500000 139000000 1910.90941
OX637757.1 139000000 139500000 1911.46661
OX637757.1 139500000 140000000 1912.6693
OX637757.1 140000000 140500000 1913.0
OX637757.1 140500000 141000000 1914.49672
OX637757.1 141000000 141500000 1915.06575
OX637757.1 141500000 142000000 1916.32509
OX637757.1 142000000 142500000 1917.42768
OX637757.1 142500000 143000000 1919.07768
OX637757.1 143000000 143500000 1922.0679
OX637757.1 143500000 144000000 1922.66791
OX637757.1 144000000 144500000 1922.03661
OX637757.1 144500000 145000000 1922.01439
OX637757.1 145000000 145500000 1922.91423
OX637757.1 145500000 146000000 1924.03052
OX637757.1 146000000 146500000 1924.02655
OX637757.1 146500000 147000000 1924.0
OX637757.1 147000000 147500000 1924.80421
OX637757.1 147500000 148000000 1927.41825
OX637757.1 148000000 148500000 1928.80951
OX637757.1 148500000 149000000 1928.99448
OX637757.1 149000000 149500000 1929.27239
OX637757.1 149500000 150000000 1930.75977
OX637757.1 150000000 150500000 1931.57819
OX637757.1 150500000 151000000 1932.02552
OX637757.1 151000000 151500000 1933.64699
OX637757.1 151500000 152000000 1935.79024
OX637757.1 152000000 152500000 1937.18039
OX637757.1 152500000 153000000 1939.39809
OX637757.1 153000000 153500000 1940.44015
OX637757.1 153500000 154000000 1941.01641
OX637757.1 154000000 154500000 1941.01253
OX637757.1 154500000 155000000 1941.20409
OX637757.1 155000000 155500000 1942.81549
OX637757.1 155500000 156000000 1943.0
OX637757.1 156000000 156500000 1943.68418
OX637757.1 156500000 157000000 1945.37202
OX637757.1 157000000 157500000 1946.13031
OX637757.1 157500000 158000000 1946.04681
OX637757.1 158000000 158500000 1947.01321
OX637757.1 158500000 159000000 1948.08777
OX637757.1 159000000 159500000 1949.38121
OX637757.1 159500000 160000000 1950.4414
OX637757.1 160000000 160500000 1950.81235
OX637757.1 160500000 161000000 1951.01434
OX637757.1 161000000 161500000 1950.62212
OX637757.1 161500000 162000000 1951.21444
OX637757.1 162000000 162500000 1951.89192
OX637757.1 162500000 163000000 1952.02309
OX637757.1 163000000 163500000 1952.24056
OX637757.1 163500000 164000000 1953.01048
OX637757.1 164000000 164500000 1953.01944
OX637757.1 164500000 165000000 1953.00211
OX637757.1 165000000 165500000 1953.02363
OX637757.1 165500000 166000000 1953.02774
OX637757.1 166000000 166500000 1953.92506
OX637757.1 166500000 167000000 1954.64545
OX637757.1 167000000 167500000 1956.78591
OX637757.1 167500000 168000000 1956.01358
OX637757.1 168000000 168500000 1956.0
OX637757.1 168500000 169000000 1956.95496
OX637757.1 169000000 169500000 1959.01878
OX637757.1 169500000 170000000 1960.96373
OX637757.1 170000000 170500000 1961.02903
OX637757.1 170500000 171000000 1961.0141
OX637757.1 171000000 171500000 1961.01245
OX637757.1 171500000 172000000 1961.18492
OX637757.1 172000000 172500000 1962.57997
OX637757.1 172500000 173000000 1962.65914
OX637757.1 173000000 173500000 1962.05268
OX637757.1 173500000 174000000 1961.50885
OX637757.1 174000000 174500000 1962.1989
OX637757.1 174500000 175000000 1963.55888
OX637757.1 175000000 175500000 1964.0
OX637757.1 175500000 176000000 1964.32753
OX637757.1 176000000 176500000 1965.41989
OX637757.1 176500000 177000000 1967.78291
OX637757.1 177000000 177500000 1974.65443
OX637757.1 177500000 178000000 1980.83194
OX637757.1 178000000 178500000 1982.32289
OX637757.1 178500000 179000000 1985.14636
OX637757.1 179000000 179500000 1986.03969
OX637757.1 179500000 180000000 1986.17589
OX637757.1 180000000 180500000 1986.04755
OX637757.1 180500000 181000000 1986.13922
OX637757.1 181000000 181500000 1985.54719
OX637757.1 181500000 182000000 1984.89348
OX637757.1 182000000 182500000 1984.02093
OX637757.1 182500000 183000000 1984.01702
OX637757.1 183000000 183500000 1985.63131
OX637757.1 183500000 184000000 1987.32317
OX637757.1 184000000 184500000 1988.0
OX637757.1 184500000 185000000 1988.02644
OX637757.1 185000000 185500000 1988.57426
OX637757.1 185500000 186000000 1988.18164
OX637757.1 186000000 186500000 1988.19975
OX637757.1 186500000 187000000 1989.02158
OX637757.1 187000000 187500000 1989.19016
OX637757.1 187500000 188000000 1991.05163
OX637757.1 188000000 188500000 1991.93896
OX637757.1 188500000 189000000 1992.0
OX637757.1 189000000 189500000 1992.48996
OX637757.1 189500000 190000000 1991.98265
OX637757.1 190000000 190500000 1992.25563
OX637757.1 190500000 191000000 1992.42165
OX637757.1 191000000 191500000 1994.02226
OX637757.1 191500000 192000000 1995.11428
OX637757.1 192000000 192500000 1996.51181
OX637757.1 192500000 193000000 1996.19978
OX637757.1 193000000 193500000 1995.66645
OX637757.1 193500000 194000000 1995.00784
OX637757.1 194000000 194500000 1993.37988
OX637757.1 194500000 195000000 1993.42632
OX637757.1 195000000 195500000 1991.64355
OX637757.1 195500000 196000000 1991.86465
OX637757.1 196000000 196500000 1993.12612
OX637757.1 196500000 197000000 1993.25938
OX637757.1 197000000 197500000 1993.0
OX637757.1 197500000 198000000 1993.01379
OX637757.1 198000000 198500000 1992.63482
OX637757.1 198500000 199000000 1992.11125
OX637757.1 199000000 199500000 1991.98753
OX637757.1 199500000 200000000 1992.0
OX637757.1 200000000 200500000 1992.026
OX637757.1 200500000 201000000 1992.01627
OX637757.1 201000000 201500000 1993.76976
OX637757.1 201500000 202000000 1993.62056
OX637757.1 202000000 202500000 1992.49096
OX637757.1 202500000 203000000 1991.96191
OX637757.1 203000000 203500000 1990.65615
OX637757.1 203500000 204000000 1990.00998
OX637757.1 204000000 204500000 1989.06162
OX637757.1 204500000 205000000 1988.01836
OX637757.1 205000000 205500000 1988.03648
OX637757.1 205500000 206000000 1988.82701
OX637757.1 206000000 206500000 1989.01228
OX637757.1 206500000 207000000 1989.02327
OX637757.1 207000000 207500000 1989.2558
OX637757.1 207500000 208000000 1988.2601
OX637757.1 208000000 208500000 1987.08765
OX637757.1 208500000 209000000 1986.7701
OX637757.1 209000000 209500000 1986.57886
OX637757.1 209500000 210000000 1987.01016
OX637757.1 210000000 210500000 1987.0
OX637757.1 210500000 211000000 1986.4985
OX637757.1 211000000 211500000 1986.03031
OX637757.1 211500000 212000000 1986.16081
OX637757.1 212000000 212500000 1988.12463
OX637757.1 212500000 213000000 1987.71331
OX637757.1 213000000 213500000 1987.2397
OX637757.1 213500000 214000000 1990.48995
OX637757.1 214000000 214500000 1991.86008
OX637757.1 214500000 215000000 1990.76747
OX637757.1 215000000 215500000 1989.84736
OX637757.1 215500000 216000000 1990.37006
OX637757.1 216000000 216500000 1990.0
OX637757.1 216500000 217000000 1990.00152
OX637757.1 217000000 217500000 1989.91941
OX637757.1 217500000 218000000 1988.84467
OX637757.1 218000000 218500000 1988.9204
OX637757.1 218500000 219000000 1988.02078
OX637757.1 219000000 219500000 1988.01123
OX637757.1 219500000 220000000 1989.43361
OX637757.1 220000000 220500000 1990.0
OX637757.1 220500000 221000000 1991.04898
OX637757.1 221000000 221500000 1991.0
OX637757.1 221500000 222000000 1991.0
OX637757.1 222000000 222500000 1991.93044
OX637757.1 222500000 223000000 1992.0267
OX637757.1 223000000 223500000 1991.12347
OX637757.1 223500000 224000000 1993.63914
OX637757.1 224000000 224500000 1995.02591
OX637757.1 224500000 225000000 1994.39716
OX637757.1 225000000 225500000 1994.0
OX637757.1 225500000 226000000 1994.03906
OX637757.1 226000000 226500000 1993.0697
OX637757.1 226500000 227000000 1994.09208
OX637757.1 227000000 227500000 1995.45158
OX637757.1 227500000 228000000 1997.05173
OX637757.1 228000000 228500000 1997.03231
OX637757.1 228500000 229000000 1997.03611
OX637757.1 229000000 229500000 1997.95449
OX637757.1 229500000 230000000 1998.01709
OX637757.1 230000000 230500000 1998.10201
OX637757.1 230500000 231000000 1998.0
OX637757.1 231000000 231500000 1997.32341
OX637757.1 231500000 232000000 1998.02056
OX637757.1 232000000 232500000 1997.26175
OX637757.1 232500000 233000000 1997.05366
OX637757.1 233000000 233500000 1996.9824
OX637757.1 233500000 234000000 1997.09938
OX637757.1 234000000 234500000 1998.00906
OX637757.1 234500000 235000000 1997.55802
OX637757.1 235000000 235500000 1997.98279
OX637757.1 235500000 236000000 1998.0
OX637757.1 236000000 236500000 1998.0
OX637757.1 236500000 237000000 1997.48696
OX637757.1 237000000 237500000 1997.02764
OX637757.1 237500000 238000000 1997.48877
OX637757.1 238000000 238500000 1997.83026
OX637757.1 238500000 239000000 1997.81627
OX637757.1 239000000 239500000 1997.59769
OX637757.1 239500000 240000000 1997.67268
OX637757.1 240000000 240500000 1997.02193
OX637757.1 240500000 241000000 1995.64529
OX637757.1 241000000 241500000 1995.67309
OX637757.1 241500000 242000000 1995.01995
OX637757.1 242000000 242500000 1995.01833
OX637757.1 242500000 243000000 1995.0
OX637757.1 243000000 243500000 1994.28522
OX637757.1 243500000 244000000 1994.85908
OX637757.1 244000000 244500000 1995.0
OX637757.1 244500000 245000000 1992.71367
OX637757.1 245000000 245500000 1990.0
OX637757.1 245500000 246000000 1989.77834
OX637757.1 246000000 246500000 1989.04848
OX637757.1 246500000 247000000 1989.0
OX637757.1 247000000 247500000 1989.02046
OX637757.1 247500000 248000000 1988.61816
OX637757.1 248000000 248500000 1987.88277
OX637757.1 248500000 249000000 1985.57777
OX637757.1 249000000 249500000 1983.943
OX637757.1 249500000 250000000 1981.8422
OX637757.1 250000000 250500000 1980.01527
OX637757.1 250500000 251000000 1980.04524
OX637757.1 251000000 251500000 1980.19752
OX637757.1 251500000 252000000 1979.88857
OX637757.1 252000000 252500000 1978.48051
OX637757.1 252500000 253000000 1979.0
OX637757.1 253000000 253500000 1978.70626
OX637757.1 253500000 254000000 1977.74902
OX637757.1 254000000 254500000 1976.99837
OX637757.1 254500000 255000000 1977.01038
OX637757.1 255000000 255500000 1977.58766
OX637757.1 255500000 256000000 1978.32231
OX637757.1 256000000 256500000 1978.02492
OX637757.1 256500000 257000000 1978.1989
OX637757.1 257000000 257500000 1978.37287
OX637757.1 257500000 258000000 1978.05253
OX637757.1 258000000 258500000 1979.53656
OX637757.1 258500000 259000000 1980.05231
OX637757.1 259000000 259500000 1980.00134
OX637757.1 259500000 260000000 1980.09071
OX637757.1 260000000 260500000 1980.0
OX637757.1 260500000 261000000 1978.9324
OX637757.1 261000000 261500000 1978.02662
OX637757.1 261500000 262000000 1977.44323
OX637757.1 262000000 262500000 1977.0
OX637757.1 262500000 263000000 1975.28916
OX637757.1 263000000 263500000 1975.00019
OX637757.1 263500000 264000000 1974.44533
OX637757.1 264000000 264500000 1972.82456
OX637757.1 264500000 265000000 1970.36783
OX637757.1 265000000 265500000 1969.22769
OX637757.1 265500000 266000000 1966.25762
OX637757.1 266000000 266500000 1965.01791
OX637757.1 266500000 267000000 1963.64599
OX637757.1 267000000 267500000 1963.88728
OX637757.1 267500000 268000000 1963.05033
OX637757.1 268000000 268500000 1961.36125
OX637757.1 268500000 269000000 1960.59403
OX637757.1 269000000 269500000 1960.0309
OX637757.1 269500000 270000000 1960.04511
OX637757.1 270000000 270500000 1959.07571
OX637757.1 270500000 271000000 1959.02777
OX637757.1 271000000 271500000 1959.04687
OX637757.1 271500000 272000000 1957.64125
OX637757.1 272000000 272500000 1954.54234
OX637757.1 272500000 273000000 1952.85626
OX637757.1 273000000 273500000 1950.00021
OX637757.1 273500000 274000000 1950.0
OX637757.1 274000000 274500000 1949.17135
OX637757.1 274500000 275000000 1948.68293
OX637757.1 275000000 275500000 1949.38122
OX637757.1 275500000 276000000 1950.0
OX637757.1 276000000 276500000 1949.83414
OX637757.1 276500000 277000000 1949.02062
OX637757.1 277000000 277500000 1949.63847
OX637757.1 277500000 278000000 1948.87371
OX637757.1 278000000 278500000 1947.02909
OX637757.1 278500000 279000000 1946.85688
OX637757.1 279000000 279500000 1945.85164
OX637757.1 279500000 280000000 1945.35007
OX637757.1 280000000 280500000 1946.0628
OX637757.1 280500000 281000000 1945.86544
OX637757.1 281000000 281500000 1944.12206
OX637757.1 281500000 282000000 1940.06816
OX637757.1 282000000 282500000 1937.71971
OX637757.1 282500000 283000000 1935.23733
OX637757.1 283000000 283500000 1934.49519
OX637757.1 283500000 284000000 1933.00035
OX637757.1 284000000 284500000 1933.04429
OX637757.1 284500000 285000000 1932.01216
OX637757.1 285000000 285500000 1932.04842
OX637757.1 285500000 286000000 1932.01631
OX637757.1 286000000 286500000 1932.03519
OX637757.1 286500000 287000000 1931.52584
OX637757.1 287000000 287500000 1931.84504
OX637757.1 287500000 288000000 1931.46915
OX637757.1 288000000 288500000 1931.0
OX637757.1 288500000 289000000 1929.58557
OX637757.1 289000000 289500000 1928.73693
OX637757.1 289500000 290000000 1928.02099
OX637757.1 290000000 290500000 1927.5825
OX637757.1 290500000 291000000 1924.62376
OX637757.1 291000000 291500000 1923.04025
OX637757.1 291500000 292000000 1922.62743
OX637757.1 292000000 292500000 1921.4103
OX637757.1 292500000 293000000 1921.27697
OX637757.1 293000000 293500000 1919.99511
OX637757.1 293500000 294000000 1919.01879
OX637757.1 294000000 294500000 1918.14264
OX637757.1 294500000 295000000 1918.14638
OX637757.1 295000000 295500000 1917.78334
OX637757.1 295500000 296000000 1915.4459
OX637757.1 296000000 296500000 1915.01326
OX637757.1 296500000 297000000 1915.0
OX637757.1 297000000 297500000 1915.08851
OX637757.1 297500000 298000000 1915.01306
OX637757.1 298000000 298500000 1914.87614
OX637757.1 298500000 299000000 1913.17462
OX637757.1 299000000 299500000 1912.89839
OX637757.1 299500000 300000000 1913.76269
OX637757.1 300000000 300500000 1913.04111
OX637757.1 300500000 301000000 1912.33922
OX637757.1 301000000 301500000 1910.81598
OX637757.1 301500000 302000000 1910.22125
OX637757.1 302000000 302500000 1909.33659
OX637757.1 302500000 303000000 1909.05712
OX637757.1 303000000 303500000 1909.0
OX637757.1 303500000 304000000 1908.22366
OX637757.1 304000000 304500000 1905.86185
OX637757.1 304500000 305000000 1904.34575
OX637757.1 305000000 305500000 1904.0
OX637757.1 305500000 306000000 1901.87661
OX637757.1 306000000 306500000 1900.22658
OX637757.1 306500000 307000000 1898.73037
OX637757.1 307000000 307500000 1898.0455
OX637757.1 307500000 308000000 1897.76349
OX637757.1 308000000 308500000 1895.47687
OX637757.1 308500000 309000000 1893.01335
OX637757.1 309000000 309500000 1892.51264
OX637757.1 309500000 310000000 1889.87006
OX637757.1 310000000 310500000 1888.51041
OX637757.1 310500000 311000000 1889.01325
OX637757.1 311000000 311500000 1888.71499
OX637757.1 311500000 312000000 1888.23822
OX637757.1 312000000 312500000 1888.24653
OX637757.1 312500000 313000000 1885.99364
OX637757.1 313000000 313500000 1881.72121
OX637757.1 313500000 314000000 1880.88069
OX637757.1 314000000 314500000 1878.30394
OX637757.1 314500000 315000000 1877.80566
OX637757.1 315000000 315500000 1876.61911
OX637757.1 315500000 316000000 1876.00029
OX637757.1 316000000 316500000 1876.0
OX637757.1 316500000 317000000 1875.3068
OX637757.1 317000000 317500000 1874.03341
OX637757.1 317500000 318000000 1871.60952
OX637757.1 318000000 318500000 1869.59732
OX637757.1 318500000 319000000 1869.02803
OX637757.1 319000000 319500000 1869.0
OX637757.1 319500000 320000000 1868.19483
OX637757.1 320000000 320500000 1866.06882
OX637757.1 320500000 321000000 1864.34097
OX637757.1 321000000 321500000 1863.59859
OX637757.1 321500000 322000000 1863.44426
OX637757.1 322000000 322500000 1864.0
OX637757.1 322500000 323000000 1864.04111
OX637757.1 323000000 323500000 1864.58122
OX637757.1 323500000 324000000 1863.47619
OX637757.1 324000000 324500000 1862.0757
OX637757.1 324500000 325000000 1861.29826
OX637757.1 325000000 325500000 1860.36727
OX637757.1 325500000 326000000 1859.53879
OX637757.1 326000000 326500000 1858.00234
OX637757.1 326500000 327000000 1856.27251
OX637757.1 327000000 327500000 1854.66575
OX637757.1 327500000 328000000 1852.04221
OX637757.1 328000000 328500000 1850.27209
OX637757.1 328500000 329000000 1850.02598
OX637757.1 329000000 329500000 1849.19514
OX637757.1 329500000 330000000 1848.05602
OX637757.1 330000000 330500000 1847.16304
OX637757.1 330500000 331000000 1846.01258
OX637757.1 331000000 331500000 1845.0172
OX637757.1 331500000 332000000 1845.07583
OX637757.1 332000000 332500000 1844.24928
OX637757.1 332500000 333000000 1842.15212
OX637757.1 333000000 333500000 1840.05576
OX637757.1 333500000 334000000 1839.15286
OX637757.1 334000000 334500000 1837.76302
OX637757.1 334500000 335000000 1836.52072
OX637757.1 335000000 335500000 1836.0
OX637757.1 335500000 336000000 1834.24535
OX637757.1 336000000 336500000 1833.91012
OX637757.1 336500000 337000000 1830.64882
OX637757.1 337000000 337500000 1829.84635
OX637757.1 337500000 338000000 1829.23757
OX637757.1 338000000 338500000 1828.0
OX637757.1 338500000 339000000 1828.0
OX637757.1 339000000 339500000 1828.04014
OX637757.1 339500000 340000000 1827.91569
OX637757.1 340000000 340500000 1827.0
OX637757.1 340500000 341000000 1826.76368
OX637757.1 341000000 341500000 1827.01438
OX637757.1 341500000 342000000 1826.2992
OX637757.1 342000000 342500000 1826.01393
OX637757.1 342500000 343000000 1824.82616
OX637757.1 343000000 343500000 1822.33624
OX637757.1 343500000 344000000 1821.74869
OX637757.1 344000000 344500000 1821.3427
OX637757.1 344500000 345000000 1819.97493
OX637757.1 345000000 345500000 1818.18803
OX637757.1 345500000 346000000 1817.01008
OX637757.1 346000000 346500000 1814.87841
OX637757.1 346500000 347000000 1813.21126
OX637757.1 347000000 347500000 1813.60998
OX637757.1 347500000 348000000 1812.475
OX637757.1 348000000 348500000 1811.5444
OX637757.1 348500000 349000000 1809.76304
OX637757.1 349000000 349500000 1807.94585
OX637757.1 349500000 350000000 1807.62157
OX637757.1 350000000 350500000 1805.2973
OX637757.1 350500000 351000000 1805.0
OX637757.1 351000000 351500000 1803.50905
OX637757.1 351500000 352000000 1799.97283
OX637757.1 352000000 352500000 1797.23285
OX637757.1 352500000 353000000 1794.19973
OX637757.1 353000000 353500000 1789.74488
OX637757.1 353500000 354000000 1787.16208
OX637757.1 354000000 354500000 1786.0
OX637757.1 354500000 355000000 1786.01357
OX637757.1 355000000 355500000 1786.0162
OX637757.1 355500000 356000000 1784.80695
OX637757.1 356000000 356500000 1782.64332
OX637757.1 356500000 357000000 1782.0
OX637757.1 357000000 357500000 1781.54132
OX637757.1 357500000 358000000 1778.31223
OX637757.1 358000000 358500000 1777.61757
OX637757.1 358500000 359000000 1777.0
OX637757.1 359000000 359500000 1775.08716
OX637757.1 359500000 360000000 1773.02288
OX637757.1 360000000 360500000 1772.68173
OX637757.1 360500000 361000000 1771.8786
OX637757.1 361000000 361500000 1771.04003
OX637757.1 361500000 362000000 1769.21477
OX637757.1 362000000 362500000 1765.27403
OX637757.1 362500000 363000000 1763.89442
OX637757.1 363000000 363500000 1764.88529
OX637757.1 363500000 364000000 1763.97229
OX637757.1 364000000 364500000 1761.20204
OX637757.1 364500000 365000000 1759.61742
OX637757.1 365000000 365500000 1758.50936
OX637757.1 365500000 366000000 1757.34395
OX637757.1 366000000 366500000 1757.09738
OX637757.1 366500000 367000000 1759.08665
OX637757.1 367000000 367500000 1760.0363
OX637757.1 367500000 368000000 1760.02011
OX637757.1 368000000 368500000 1758.83557
OX637757.1 368500000 369000000 1758.23753
OX637757.1 369000000 369500000 1756.694
OX637757.1 369500000 370000000 1754.34242
OX637757.1 370000000 370500000 1751.92814
OX637757.1 370500000 371000000 1749.21783
OX637757.1 371000000 371500000 1748.01067
OX637757.1 371500000 372000000 1746.74422
OX637757.1 372000000 372500000 1745.4272
OX637757.1 372500000 373000000 1744.48409
OX637757.1 373000000 373500000 1741.71431
OX637757.1 373500000 374000000 1741.00301
OX637757.1 374000000 374500000 1739.23573
OX637757.1 374500000 375000000 1734.56043
OX637757.1 375000000 375500000 1733.01362
OX637757.1 375500000 376000000 1732.4121
OX637757.1 376000000 376500000 1730.92855
OX637757.1 376500000 377000000 1729.01595
OX637757.1 377000000 377500000 1727.67828
OX637757.1 377500000 378000000 1723.25761
OX637757.1 378000000 378500000 1722.83946
OX637757.1 378500000 379000000 1720.1496
OX637757.1 379000000 379500000 1715.99593
OX637757.1 379500000 380000000 1713.49883
OX637757.1 380000000 380500000 1711.65861
OX637757.1 380500000 381000000 1708.51992
OX637757.1 381000000 381500000 1707.17238
OX637757.1 381500000 382000000 1706.01788
OX637757.1 382000000 382500000 1703.95296
OX637757.1 382500000 383000000 1700.44509
OX637757.1 383000000 383500000 1699.7836
OX637757.1 383500000 384000000 1698.89121
OX637757.1 384000000 384500000 1695.75566
OX637757.1 384500000 385000000 1693.50809
OX637757.1 385000000 385500000 1692.73528
OX637757.1 385500000 386000000 1691.97376
OX637757.1 386000000 386500000 1691.00773
OX637757.1 386500000 387000000 1690.01654
OX637757.1 387000000 387500000 1685.06685
OX637757.1 387500000 388000000 1683.94477
OX637757.1 388000000 388500000 1682.61398
OX637757.1 388500000 389000000 1680.52902
OX637757.1 389000000 389500000 1677.9355
OX637757.1 389500000 390000000 1675.42992
OX637757.1 390000000 390500000 1672.89471
OX637757.1 390500000 391000000 1670.7757
OX637757.1 391000000 391500000 1671.02284
OX637757.1 391500000 392000000 1668.11716
OX637757.1 392000000 392500000 1667.02874
OX637757.1 392500000 393000000 1664.87085
OX637757.1 393000000 393500000 1661.82579
OX637757.1 393500000 394000000 1657.48318
OX637757.1 394000000 394500000 1656.04095
OX637757.1 394500000 395000000 1652.23669
OX637757.1 395000000 395500000 1648.4351
OX637757.1 395500000 396000000 1646.02215
OX637757.1 396000000 396500000 1642.37249
OX637757.1 396500000 397000000 1638.65258
OX637757.1 397000000 397500000 1634.70749
OX637757.1 397500000 398000000 1631.69455
OX637757.1 398000000 398500000 1628.09294
OX637757.1 398500000 399000000 1626.69
OX637757.1 399000000 399500000 1625.30989
OX637757.1 399500000 400000000 1623.0
OX637757.1 400000000 400500000 1622.25597
OX637757.1 400500000 401000000 1617.41718
OX637757.1 401000000 401500000 1614.44339
OX637757.1 401500000 402000000 1610.33558
OX637757.1 402000000 402500000 1603.29539
OX637757.1 402500000 403000000 1597.81941
OX637757.1 403000000 403500000 1592.34033
OX637757.1 403500000 404000000 1588.4243
OX637757.1 404000000 404500000 1583.50772
OX637757.1 404500000 405000000 1576.91509
OX637757.1 405000000 405500000 1571.15347
OX637757.1 405500000 406000000 1567.62326
OX637757.1 406000000 406500000 1563.7867
OX637757.1 406500000 407000000 1559.94593
OX637757.1 407000000 407500000 1557.48582
OX637757.1 407500000 408000000 1553.13942
OX637757.1 408000000 408500000 1546.15556
OX637757.1 408500000 409000000 1540.67699
OX637757.1 409000000 409500000 1536.92677
OX637757.1 409500000 410000000 1534.97699
OX637757.1 410000000 410500000 1533.64443
OX637757.1 410500000 411000000 1528.22426
OX637757.1 411000000 411500000 1523.03305
OX637757.1 411500000 412000000 1519.67459
OX637757.1 412000000 412500000 1514.12869
OX637757.1 412500000 413000000 1503.25279
OX637757.1 413000000 413500000 1497.31413
OX637757.1 413500000 414000000 1490.6629
OX637757.1 414000000 414500000 1484.36835
OX637757.1 414500000 415000000 1477.02783
OX637757.1 415000000 415500000 1473.38205
OX637757.1 415500000 416000000 1470.22881
OX637757.1 416000000 416500000 1467.96758
OX637757.1 416500000 417000000 1466.79668
OX637757.1 417000000 417500000 1462.60091
OX637757.1 417500000 418000000 1457.99925
OX637757.1 418000000 418500000 1454.12493
OX637757.1 418500000 419000000 1448.79292
OX637757.1 419000000 419500000 1437.47527
OX637757.1 419500000 420000000 1430.52912
OX637757.1 420000000 420500000 1427.99061
OX637757.1 420500000 421000000 1423.08859
OX637757.1 421000000 421500000 1418.6142
OX637757.1 421500000 422000000 1410.09812
OX637757.1 422000000 422500000 1406.733
OX637757.1 422500000 423000000 1397.94693
OX637757.1 423000000 423500000 1388.55438
OX637757.1 423500000 424000000 1377.68959
OX637757.1 424000000 424500000 1373.9176
OX637757.1 424500000 425000000 1365.40091
OX637757.1 425000000 425500000 1358.70818
OX637757.1 425500000 426000000 1354.63591
OX637757.1 426000000 426500000 1331.73162
OX637757.1 426500000 427000000 1306.3953
OX637757.1 427000000 427500000 1304.3169
OX637757.1 427500000 428000000 1306.48698
OX637757.1 428000000 428500000 1305.63598
OX637757.1 428500000 429000000 1305.77725
OX637757.1 429000000 429500000 1308.49218
OX637757.1 429500000 430000000 1308.29727
OX637757.1 430000000 430500000 1306.82826
OX637757.1 430500000 431000000 1306.82774
OX637757.1 431000000 431500000 1308.13018
OX637757.1 431500000 432000000 1306.85662
OX637757.1 432000000 432500000 1306.05416
OX637757.1 432500000 433000000 1307.50083
OX637757.1 433000000 433500000 1306.96383
OX637757.1 433500000 434000000 1303.51303
OX637757.1 434000000 434500000 1298.50994
OX637757.1 434500000 435000000 1291.46503
OX637757.1 435000000 435500000 1287.54424
OX637757.1 435500000 436000000 1284.70291
OX637757.1 436000000 436500000 1280.07639
OX637757.1 436500000 437000000 1277.3242
OX637757.1 437000000 437500000 1268.75435
OX637757.1 437500000 438000000 1265.21078
OX637757.1 438000000 438500000 1256.54506
OX637757.1 438500000 439000000 1252.18929
OX637757.1 439000000 439500000 1250.78707
OX637757.1 439500000 440000000 1247.66242
OX637757.1 440000000 440500000 1243.53076
OX637757.1 440500000 441000000 1239.30858
OX637757.1 441000000 441500000 1235.35894
OX637757.1 441500000 442000000 1230.74603
OX637757.1 442000000 442500000 1226.15463
OX637757.1 442500000 443000000 1221.96464
OX637757.1 443000000 443500000 1215.27271
OX637757.1 443500000 444000000 1213.06626
OX637757.1 444000000 444500000 1208.41875
OX637757.1 444500000 445000000 1203.18704
OX637757.1 445000000 445500000 1198.69668
OX637757.1 445500000 446000000 1196.81665
OX637757.1 446000000 446500000 1193.65211
OX637757.1 446500000 447000000 1190.93608
OX637757.1 447000000 447500000 1188.74578
OX637757.1 447500000 448000000 1186.69349
OX637757.1 448000000 448500000 1182.88145
OX637757.1 448500000 449000000 1175.69002
OX637757.1 449000000 449500000 1169.60884
OX637757.1 449500000 450000000 1165.62128
OX637757.1 450000000 450500000 1157.67811
OX637757.1 450500000 451000000 1151.43369
OX637757.1 451000000 451500000 1150.03035
OX637757.1 451500000 452000000 1148.76458
OX637757.1 452000000 452500000 1142.75572
OX637757.1 452500000 453000000 1137.61093
OX637757.1 453000000 453500000 1131.94382
OX637757.1 453500000 454000000 1125.72316
OX637757.1 454000000 454500000 1118.24305
OX637757.1 454500000 455000000 1117.89587
OX637757.1 455000000 455500000 1116.27725
OX637757.1 455500000 456000000 1109.85005
OX637757.1 456000000 456500000 1102.2038
OX637757.1 456500000 457000000 1096.87394
OX637757.1 457000000 457500000 1090.96315
OX637757.1 457500000 458000000 1083.75768
OX637757.1 458000000 458500000 1072.83273
OX637757.1 458500000 459000000 1067.84349
OX637757.1 459000000 459500000 1061.74134
OX637757.1 459500000 460000000 1056.28285
OX637757.1 460000000 460500000 1052.08612
OX637757.1 460500000 461000000 1044.46227
OX637757.1 461000000 461500000 1040.13959
OX637757.1 461500000 462000000 1036.99283
OX637757.1 462000000 462500000 1033.1947
OX637757.1 462500000 463000000 1026.68835
OX637757.1 463000000 463500000 1020.89503
OX637757.1 463500000 464000000 1018.41348
OX637757.1 464000000 464500000 1008.90157
OX637757.1 464500000 465000000 997.11374
OX637757.1 465000000 465500000 988.42884
OX637757.1 465500000 466000000 982.02873
OX637757.1 466000000 466500000 977.1004
OX637757.1 466500000 467000000 971.10078
OX637757.1 467000000 467500000 964.27501
OX637757.1 467500000 468000000 962.22045
OX637757.1 468000000 468500000 955.75071
OX637757.1 468500000 469000000 952.14797
OX637757.1 469000000 469500000 945.87302
OX637757.1 469500000 470000000 937.46815
OX637757.1 470000000 470500000 931.15384
OX637757.1 470500000 471000000 925.51586
OX637757.1 471000000 471500000 920.4643
OX637757.1 471500000 472000000 916.63522
OX637757.1 472000000 472500000 905.82601
OX637757.1 472500000 473000000 898.97339
OX637757.1 473000000 473500000 882.34121
OX637757.1 473500000 474000000 871.86841
OX637757.1 474000000 474500000 865.39538
OX637757.1 474500000 475000000 859.11389
OX637757.1 475000000 475500000 859.0
OX637757.1 475500000 476000000 859.0
OX637757.1 476000000 476500000 858.43019
OX637757.1 476500000 477000000 858.0
OX637757.1 477000000 477500000 855.67016
OX637757.1 477500000 478000000 852.98112
OX637757.1 478000000 478500000 832.3635
OX637757.1 478500000 479000000 820.62719
OX637757.1 479000000 479500000 805.95458
OX637757.1 479500000 480000000 795.61099
OX637757.1 480000000 480500000 786.16981
OX637757.1 480500000 481000000 780.5026
OX637757.1 481000000 481500000 770.73801
OX637757.1 481500000 482000000 757.14842
OX637757.1 482000000 482500000 742.79633
OX637757.1 482500000 483000000 733.04579
OX637757.1 483000000 483500000 724.14009
OX637757.1 483500000 484000000 712.49132
OX637757.1 484000000 484500000 698.67874
OX637757.1 484500000 485000000 683.04483
OX637757.1 485000000 485500000 663.70663
OX637757.1 485500000 486000000 658.04877
OX637757.1 486000000 486500000 640.57588
OX637757.1 486500000 487000000 613.39629
OX637757.1 487000000 487500000 585.8195
OX637757.1 487500000 488000000 561.0626
OX637757.1 488000000 488500000 537.33201
OX637757.1 488500000 489000000 497.67743
OX637757.1 489000000 489500000 465.98579
OX637757.1 489500000 490000000 432.00032
OX637757.1 490000000 490500000 395.59618
OX637757.1 490500000 491000000 359.28161
OX637757.1 491000000 491500000 347.76635
OX637757.1 491500000 492000000 320.87741
OX637757.1 492000000 492500000 281.28598
OX637757.1 492500000 493000000 233.47721
OX637757.1 493000000 493500000 178.86461
OX637757.1 493500000 494000000 151.28443
OX637757.1 494000000 494500000 72.85466
OX637757.1 494500000 495000000 50.72775
OX637757.1 495000000 495234531 34.0654
OX637744.1 0 500000 1.0
OX637744.1 500000 1000000 23.12498
OX637744.1 1000000 1500000 64.99244
OX637744.1 1500000 2000000 78.30272
OX637744.1 2000000 2500000 96.0
OX637744.1 2500000 3000000 96.0
OX637744.1 3000000 3500000 127.57635
OX637744.1 3500000 4000000 177.61286
OX637744.1 4000000 4500000 183.03749
OX637744.1 4500000 5000000 230.16332
OX637744.1 5000000 5500000 240.00871
OX637744.1 5500000 6000000 267.20534
OX637744.1 6000000 6500000 323.14859
OX637744.1 6500000 7000000 378.25857
OX637744.1 7000000 7500000 417.72145
OX637744.1 7500000 8000000 445.14871
OX637744.1 8000000 8500000 483.26595
OX637744.1 8500000 9000000 529.91735
OX637744.1 9000000 9500000 567.23516
OX637744.1 9500000 10000000 602.84795
OX637744.1 10000000 10500000 629.5234
OX637744.1 10500000 11000000 667.19342
OX637744.1 11000000 11500000 684.38662
OX637744.1 11500000 12000000 701.06433
OX637744.1 12000000 12500000 726.93807
OX637744.1 12500000 13000000 747.52251
OX637744.1 13000000 13500000 766.54548
OX637744.1 13500000 14000000 788.03644
OX637744.1 14000000 14500000 807.61134
OX637744.1 14500000 15000000 830.38214
OX637744.1 15000000 15500000 850.80513
OX637744.1 15500000 16000000 865.66795
OX637744.1 16000000 16500000 886.82334
OX637744.1 16500000 17000000 911.87973
OX637744.1 17000000 17500000 930.24594
OX637744.1 17500000 18000000 950.72742
OX637744.1 18000000 18500000 968.14117
OX637744.1 18500000 19000000 982.57073
OX637744.1 19000000 19500000 995.84289
OX637744.1 19500000 20000000 1011.91367
OX637744.1 20000000 20500000 1023.07568
OX637744.1 20500000 21000000 1040.73674
OX637744.1 21000000 21500000 1054.06237
OX637744.1 21500000 22000000 1065.9762
OX637744.1 22000000 22500000 1079.89998
OX637744.1 22500000 23000000 1087.50004
OX637744.1 23000000 23500000 1099.67669
OX637744.1 23500000 24000000 1112.98648
OX637744.1 24000000 24500000 1127.64786
OX637744.1 24500000 25000000 1134.06417
OX637744.1 25000000 25500000 1141.469
OX637744.1 25500000 26000000 1147.81768
OX637744.1 26000000 26500000 1152.16675
OX637744.1 26500000 27000000 1160.43257
OX637744.1 27000000 27500000 1168.77107
OX637744.1 27500000 28000000 1174.99518
OX637744.1 28000000 28500000 1183.64953
OX637744.1 28500000 29000000 1191.77407
OX637744.1 29000000 29500000 1204.86092
OX637744.1 29500000 30000000 1213.93687
OX637744.1 30000000 30500000 1219.65396
OX637744.1 30500000 31000000 1224.62618
OX637744.1 31000000 31500000 1229.88028
OX637744.1 31500000 32000000 1239.01999
OX637744.1 32000000 32500000 1241.73908
OX637744.1 32500000 33000000 1249.46947
OX637744.1 33000000 33500000 1257.98844
OX637744.1 33500000 34000000 1260.41223
OX637744.1 34000000 34500000 1265.88785
OX637744.1 34500000 35000000 1269.56973
OX637744.1 35000000 35500000 1275.37773
OX637744.1 35500000 36000000 1280.52268
OX637744.1 36000000 36500000 1284.67999
OX637744.1 36500000 37000000 1290.89499
OX637744.1 37000000 37500000 1299.72481
OX637744.1 37500000 38000000 1310.77775
OX637744.1 38000000 38500000 1319.49326
OX637744.1 38500000 39000000 1323.28209
OX637744.1 39000000 39500000 1330.21829
OX637744.1 39500000 40000000 1338.86016
OX637744.1 40000000 40500000 1346.02311
OX637744.1 40500000 41000000 1353.37787
OX637744.1 41000000 41500000 1357.15699
OX637744.1 41500000 42000000 1362.55511
OX637744.1 42000000 42500000 1368.66279
OX637744.1 42500000 43000000 1375.99409
OX637744.1 43000000 43500000 1384.57165
OX637744.1 43500000 44000000 1389.01672
OX637744.1 44000000 44500000 1392.69598
OX637744.1 44500000 45000000 1395.91895
OX637744.1 45000000 45500000 1402.13716
OX637744.1 45500000 46000000 1404.99139
OX637744.1 46000000 46500000 1407.05127
OX637744.1 46500000 47000000 1412.39309
OX637744.1 47000000 47500000 1417.96501
OX637744.1 47500000 48000000 1422.03888
OX637744.1 48000000 48500000 1422.32833
OX637744.1 48500000 49000000 1425.2198
OX637744.1 49000000 49500000 1427.02554
OX637744.1 49500000 50000000 1429.37734
OX637744.1 50000000 50500000 1434.89422
OX637744.1 50500000 51000000 1441.64105
OX637744.1 51000000 51500000 1446.72012
OX637744.1 51500000 52000000 1452.82385
OX637744.1 52000000 52500000 1460.13557
OX637744.1 52500000 53000000 1461.56425
OX637744.1 53000000 53500000 1466.17988
OX637744.1 53500000 54000000 1469.05555
OX637744.1 54000000 54500000 1472.17057
OX637744.1 54500000 55000000 1478.54723
OX637744.1 55000000 55500000 1481.94751
OX637744.1 55500000 56000000 1484.16722
OX637744.1 56000000 56500000 1487.62662
OX637744.1 56500000 57000000 1494.35593
OX637744.1 57000000 57500000 1498.81524
OX637744.1 57500000 58000000 1499.85878
OX637744.1 58000000 58500000 1502.72306
OX637744.1 58500000 59000000 1507.0245
OX637744.1 59000000 59500000 1511.30452
OX637744.1 59500000 60000000 1515.68089
OX637744.1 60000000 60500000 1519.24813
OX637744.1 60500000 61000000 1524.50642
OX637744.1 61000000 61500000 1525.92387
OX637744.1 61500000 62000000 1525.99966
OX637744.1 62000000 62500000 1525.89718
OX637744.1 62500000 63000000 1527.24347
OX637744.1 63000000 63500000 1530.61382
OX637744.1 63500000 64000000 1536.40909
OX637744.1 64000000 64500000 1540.14394
OX637744.1 64500000 65000000 1542.02951
OX637744.1 65000000 65500000 1544.43511
OX637744.1 65500000 66000000 1549.01447
OX637744.1 66000000 66500000 1550.95223
OX637744.1 66500000 67000000 1556.877
OX637744.1 67000000 67500000 1558.96737
OX637744.1 67500000 68000000 1563.01139
OX637744.1 68000000 68500000 1567.22413
OX637744.1 68500000 69000000 1572.35227
OX637744.1 69000000 69500000 1576.6118
OX637744.1 69500000 70000000 1578.88963
OX637744.1 70000000 70500000 1582.70641
OX637744.1 70500000 71000000 1585.84022
OX637744.1 71000000 71500000 1588.86473
OX637744.1 71500000 72000000 1590.98896
OX637744.1 72000000 72500000 1594.95797
OX637744.1 72500000 73000000 1597.01341
OX637744.1 73000000 73500000 1597.12492
OX637744.1 73500000 74000000 1598.02664
OX637744.1 74000000 74500000 1598.39807
OX637744.1 74500000 75000000 1599.59499
OX637744.1 75000000 75500000 1601.34732
OX637744.1 75500000 76000000 1603.01297
OX637744.1 76000000 76500000 1603.32933
OX637744.1 76500000 77000000 1604.60059
OX637744.1 77000000 77500000 1606.0191
OX637744.1 77500000 78000000 1607.37393
OX637744.1 78000000 78500000 1608.76692
OX637744.1 78500000 79000000 1611.49231
OX637744.1 79000000 79500000 1617.26129
OX637744.1 79500000 80000000 1620.05544
OX637744.1 80000000 80500000 1621.66514
OX637744.1 80500000 81000000 1624.89047
OX637744.1 81000000 81500000 1626.88996
OX637744.1 81500000 82000000 1629.62802
OX637744.1 82000000 82500000 1633.48702
OX637744.1 82500000 83000000 1636.6414
OX637744.1 83000000 83500000 1637.07642
OX637744.1 83500000 84000000 1639.43999
OX637744.1 84000000 84500000 1641.58048
OX637744.1 84500000 85000000 1641.88137
OX637744.1 85000000 85500000 1642.30153
OX637744.1 85500000 86000000 1645.28446
OX637744.1 86000000 86500000 1647.89982
OX637744.1 86500000 87000000 1649.06233
OX637744.1 87000000 87500000 1651.87734
OX637744.1 87500000 88000000 1656.04206
OX637744.1 88000000 88500000 1660.71986
OX637744.1 88500000 89000000 1663.04771
OX637744.1 89000000 89500000 1664.02881
OX637744.1 89500000 90000000 1665.94421
OX637744.1 90000000 90500000 1669.21568
OX637744.1 90500000 91000000 1671.45365
OX637744.1 91000000 91500000 1673.0554
OX637744.1 91500000 92000000 1674.36815
OX637744.1 92000000 92500000 1675.52873
OX637744.1 92500000 93000000 1677.42652
OX637744.1 93000000 93500000 1679.67275
OX637744.1 93500000 94000000 1682.08683
OX637744.1 94000000 94500000 1681.95219
OX637744.1 94500000 95000000 1683.0743
OX637744.1 95000000 95500000 1684.60668
OX637744.1 95500000 96000000 1686.22285
OX637744.1 96000000 96500000 1687.72667
OX637744.1 96500000 97000000 1691.56982
OX637744.1 97000000 97500000 1696.78416
OX637744.1 97500000 98000000 1698.23437
OX637744.1 98000000 98500000 1700.13903
OX637744.1 98500000 99000000 1701.02437
OX637744.1 99000000 99500000 1700.08857
OX637744.1 99500000 100000000 1700.94904
OX637744.1 100000000 100500000 1701.0188
OX637744.1 100500000 101000000 1701.4726
OX637744.1 101000000 101500000 1701.21782
OX637744.1 101500000 102000000 1705.91256
OX637744.1 102000000 102500000 1708.04167
OX637744.1 102500000 103000000 1708.01819
OX637744.1 103000000 103500000 1708.80882
OX637744.1 103500000 104000000 1710.10874
OX637744.1 104000000 104500000 1713.61531
OX637744.1 104500000 105000000 1716.13685
OX637744.1 105000000 105500000 1718.04502
OX637744.1 105500000 106000000 1718.41504
OX637744.1 106000000 106500000 1717.84558
OX637744.1 106500000 107000000 1718.42669
OX637744.1 107000000 107500000 1719.02899
OX637744.1 107500000 108000000 1720.87965
OX637744.1 108000000 108500000 1722.67804
OX637744.1 108500000 109000000 1722.90278
OX637744.1 109000000 109500000 1722.0
OX637744.1 109500000 110000000 1723.27478
OX637744.1 110000000 110500000 1725.3045
OX637744.1 110500000 111000000 1727.75626
OX637744.1 111000000 111500000 1731.98584
OX637744.1 111500000 112000000 1733.89059
OX637744.1 112000000 112500000 1734.00227
OX637744.1 112500000 113000000 1734.14136
OX637744.1 113000000 113500000 1735.0287
OX637744.1 113500000 114000000 1735.36555
OX637744.1 114000000 114500000 1736.88931
OX637744.1 114500000 115000000 1738.03304
OX637744.1 115000000 115500000 1739.0132
OX637744.1 115500000 116000000 1739.02469
OX637744.1 116000000 116500000 1740.4332
OX637744.1 116500000 117000000 1743.31058
OX637744.1 117000000 117500000 1744.29782
OX637744.1 117500000 118000000 1746.052
OX637744.1 118000000 118500000 1747.26239
OX637744.1 118500000 119000000 1749.5582
OX637744.1 119000000 119500000 1749.39458
OX637744.1 119500000 120000000 1751.0
OX637744.1 120000000 120500000 1751.77318
OX637744.1 120500000 121000000 1752.0
OX637744.1 121000000 121500000 1752.0
OX637744.1 121500000 122000000 1752.52551
OX637744.1 122000000 122500000 1754.12607
OX637744.1 122500000 123000000 1754.05032
OX637744.1 123000000 123500000 1754.70177
OX637744.1 123500000 124000000 1757.27234
OX637744.1 124000000 124500000 1756.98177
OX637744.1 124500000 125000000 1757.50383
OX637744.1 125000000 125500000 1759.38061
OX637744.1 125500000 126000000 1760.077
OX637744.1 126000000 126500000 1759.45164
OX637744.1 126500000 127000000 1759.01348
OX637744.1 127000000 127500000 1759.00903
OX637744.1 127500000 128000000 1760.00588
OX637744.1 128000000 128500000 1761.0
OX637744.1 128500000 129000000 1761.32129
OX637744.1 129000000 129500000 1762.20883
OX637744.1 129500000 130000000 1763.45344
OX637744.1 130000000 130500000 1766.55218
OX637744.1 130500000 131000000 1767.85346
OX637744.1 131000000 131500000 1768.03952
OX637744.1 131500000 132000000 1768.01915
OX637744.1 132000000 132500000 1768.77163
OX637744.1 132500000 133000000 1769.57823
OX637744.1 133000000 133500000 1769.55824
OX637744.1 133500000 134000000 1769.0244
OX637744.1 134000000 134500000 1769.00053
OX637744.1 134500000 135000000 1770.83708
OX637744.1 135000000 135500000 1771.00271
OX637744.1 135500000 136000000 1772.19793
OX637744.1 136000000 136500000 1773.9482
OX637744.1 136500000 137000000 1777.28776
OX637744.1 137000000 137500000 1778.13149
OX637744.1 137500000 138000000 1778.54759
OX637744.1 138000000 138500000 1781.41806
OX637744.1 138500000 139000000 1783.98089
OX637744.1 139000000 139500000 1784.00983
OX637744.1 139500000 140000000 1785.39951
OX637744.1 140000000 140500000 1789.83017
OX637744.1 140500000 141000000 1792.61639
OX637744.1 141000000 141500000 1796.18309
OX637744.1 141500000 142000000 1797.49252
OX637744.1 142000000 142500000 1798.76374
OX637744.1 142500000 143000000 1799.32367
OX637744.1 143000000 143500000 1799.38692
OX637744.1 143500000 144000000 1800.05976
OX637744.1 144000000 144500000 1801.56228
OX637744.1 144500000 145000000 1802.62386
OX637744.1 145000000 145500000 1804.16558
OX637744.1 145500000 146000000 1804.89852
OX637744.1 146000000 146500000 1804.78069
OX637744.1 146500000 147000000 1802.75654
OX637744.1 147000000 147500000 1801.43593
OX637744.1 147500000 148000000 1803.38998
OX637744.1 148000000 148500000 1803.39129
OX637744.1 148500000 149000000 1802.09569
OX637744.1 149000000 149500000 1802.70941
OX637744.1 149500000 150000000 1802.58928
OX637744.1 150000000 150500000 1802.41664
OX637744.1 150500000 151000000 1804.01433
OX637744.1 151000000 151500000 1803.25971
OX637744.1 151500000 152000000 1803.90286
OX637744.1 152000000 152500000 1805.04333
OX637744.1 152500000 153000000 1802.87294
OX637744.1 153000000 153500000 1802.9658
OX637744.1 153500000 154000000 1801.04354
OX637744.1 154000000 154500000 1801.30944
OX637744.1 154500000 155000000 1801.0
OX637744.1 155000000 155500000 1801.31285
OX637744.1 155500000 156000000 1802.12434
OX637744.1 156000000 156500000 1802.82894
OX637744.1 156500000 157000000 1803.20735
OX637744.1 157000000 157500000 1803.01891
OX637744.1 157500000 158000000 1802.07093
OX637744.1 158000000 158500000 1802.62106
OX637744.1 158500000 159000000 1806.62014
OX637744.1 159000000 159500000 1809.01934
OX637744.1 159500000 160000000 1809.0
OX637744.1 160000000 160500000 1809.86722
OX637744.1 160500000 161000000 1814.41521
OX637744.1 161000000 161500000 1814.8581
OX637744.1 161500000 162000000 1813.54777
OX637744.1 162000000 162500000 1814.66502
OX637744.1 162500000 163000000 1814.67808
OX637744.1 163000000 163500000 1813.80641
OX637744.1 163500000 164000000 1812.0095
OX637744.1 164000000 164500000 1812.02392
OX637744.1 164500000 165000000 1811.86277
OX637744.1 165000000 165500000 1811.62898
OX637744.1 165500000 166000000 1812.42116
OX637744.1 166000000 166500000 1813.2081
OX637744.1 166500000 167000000 1814.26386
OX637744.1 167000000 167500000 1815.07131
OX637744.1 167500000 168000000 1814.10774
OX637744.1 168000000 168500000 1815.6045
OX637744.1 168500000 169000000 1816.09331
OX637744.1 169000000 169500000 1817.04288
OX637744.1 169500000 170000000 1817.31596
OX637744.1 170000000 170500000 1818.02255
OX637744.1 170500000 171000000 1817.06035
OX637744.1 171000000 171500000 1815.44767
OX637744.1 171500000 172000000 1816.0
OX637744.1 172000000 172500000 1816.61725
OX637744.1 172500000 173000000 1817.16324
OX637744.1 173000000 173500000 1818.01382
OX637744.1 173500000 174000000 1818.02512
OX637744.1 174000000 174500000 1818.0
OX637744.1 174500000 175000000 1818.68606
OX637744.1 175000000 175500000 1819.98401
OX637744.1 175500000 176000000 1821.06372
OX637744.1 176000000 176500000 1822.04619
OX637744.1 176500000 177000000 1823.112
OX637744.1 177000000 177500000 1823.0
OX637744.1 177500000 178000000 1823.0
OX637744.1 178000000 178500000 1823.00061
OX637744.1 178500000 179000000 1822.77396
OX637744.1 179000000 179500000 1822.09228
OX637744.1 179500000 180000000 1822.66104
OX637744.1 180000000 180500000 1824.0114
OX637744.1 180500000 181000000 1823.714
OX637744.1 181000000 181500000 1823.4136
OX637744.1 181500000 182000000 1824.7815
OX637744.1 182000000 182500000 1824.0331
OX637744.1 182500000 183000000 1824.01921
OX637744.1 183000000 183500000 1824.93414
OX637744.1 183500000 184000000 1825.01422
OX637744.1 184000000 184500000 1825.72366
OX637744.1 184500000 185000000 1827.95734
OX637744.1 185000000 185500000 1827.57302
OX637744.1 185500000 186000000 1826.55135
OX637744.1 186000000 186500000 1826.53766
OX637744.1 186500000 187000000 1828.0
OX637744.1 187000000 187500000 1828.00019
OX637744.1 187500000 188000000 1828.91151
OX637744.1 188000000 188500000 1829.0953
OX637744.1 188500000 189000000 1829.00013
OX637744.1 189000000 189500000 1828.34682
OX637744.1 189500000 190000000 1828.02573
OX637744.1 190000000 190500000 1828.20757
OX637744.1 190500000 191000000 1831.56154
OX637744.1 191000000 191500000 1832.05496
OX637744.1 191500000 192000000 1832.78767
OX637744.1 192000000 192500000 1833.4563
OX637744.1 192500000 193000000 1834.44387
OX637744.1 193000000 193500000 1834.33821
OX637744.1 193500000 194000000 1834.63218
OX637744.1 194000000 194500000 1835.02948
OX637744.1 194500000 195000000 1834.35425
OX637744.1 195000000 195500000 1834.09877
OX637744.1 195500000 196000000 1834.70161
OX637744.1 196000000 196500000 1834.65732
OX637744.1 196500000 197000000 1834.01796
OX637744.1 197000000 197500000 1833.79083
OX637744.1 197500000 198000000 1831.9904
OX637744.1 198000000 198500000 1831.04354
OX637744.1 198500000 199000000 1832.58153
OX637744.1 199000000 199500000 1833.78109
OX637744.1 199500000 200000000 1834.0
OX637744.1 200000000 200500000 1834.22574
OX637744.1 200500000 201000000 1833.19043
OX637744.1 201000000 201500000 1833.00034
OX637744.1 201500000 202000000 1832.4495
OX637744.1 202000000 202500000 1832.0
OX637744.1 202500000 203000000 1832.08323
OX637744.1 203000000 203500000 1832.05004
OX637744.1 203500000 204000000 1829.70579
OX637744.1 204000000 204500000 1828.48737
OX637744.1 204500000 205000000 1828.73632
OX637744.1 205000000 205500000 1829.00634
OX637744.1 205500000 206000000 1829.32705
OX637744.1 206000000 206500000 1831.79676
OX637744.1 206500000 207000000 1832.052
OX637744.1 207000000 207500000 1832.0
OX637744.1 207500000 208000000 1831.89904
OX637744.1 208000000 208500000 1832.0
OX637744.1 208500000 209000000 1831.86046
OX637744.1 209000000 209500000 1830.9154
OX637744.1 209500000 210000000 1830.00363
OX637744.1 210000000 210500000 1828.10875
OX637744.1 210500000 211000000 1827.14788
OX637744.1 211000000 211500000 1827.0
OX637744.1 211500000 212000000 1827.345
OX637744.1 212000000 212500000 1828.03623
OX637744.1 212500000 213000000 1828.15705
OX637744.1 213000000 213500000 1827.61559
OX637744.1 213500000 214000000 1825.89186
OX637744.1 214000000 214500000 1825.0762
OX637744.1 214500000 215000000 1826.54675
OX637744.1 215000000 215500000 1826.08113
OX637744.1 215500000 216000000 1826.29847
OX637744.1 216000000 216500000 1828.63931
OX637744.1 216500000 217000000 1830.04527
OX637744.1 217000000 217500000 1829.8401
OX637744.1 217500000 218000000 1829.05559
OX637744.1 218000000 218500000 1829.04383
OX637744.1 218500000 219000000 1829.0908
OX637744.1 219000000 219500000 1830.43884
OX637744.1 219500000 220000000 1831.05223
OX637744.1 220000000 220500000 1830.32669
OX637744.1 220500000 221000000 1829.14688
OX637744.1 221000000 221500000 1827.75434
OX637744.1 221500000 222000000 1827.80466
OX637744.1 222000000 222500000 1829.04735
OX637744.1 222500000 223000000 1829.36984
OX637744.1 223000000 223500000 1829.01604
OX637744.1 223500000 224000000 1829.4615
OX637744.1 224000000 224500000 1830.35574
OX637744.1 224500000 225000000 1831.0141
OX637744.1 225000000 225500000 1831.01756
OX637744.1 225500000 226000000 1831.97546
OX637744.1 226000000 226500000 1831.2019
OX637744.1 226500000 227000000 1831.00759
OX637744.1 227000000 227500000 1831.0
OX637744.1 227500000 228000000 1830.38853
OX637744.1 228000000 228500000 1830.03063
OX637744.1 228500000 229000000 1828.62236
OX637744.1 229000000 229500000 1829.04773
OX637744.1 229500000 230000000 1830.02145
OX637744.1 230000000 230500000 1831.80282
OX637744.1 230500000 231000000 1831.27277
OX637744.1 231000000 231500000 1831.87707
OX637744.1 231500000 232000000 1830.6719
OX637744.1 232000000 232500000 1831.31877
OX637744.1 232500000 233000000 1831.02975
OX637744.1 233000000 233500000 1829.98133
OX637744.1 233500000 234000000 1827.6402
OX637744.1 234000000 234500000 1828.0
OX637744.1 234500000 235000000 1828.92126
OX637744.1 235000000 235500000 1829.40347
OX637744.1 235500000 236000000 1829.10198
OX637744.1 236000000 236500000 1829.28872
OX637744.1 236500000 237000000 1829.07116
OX637744.1 237000000 237500000 1828.19291
OX637744.1 237500000 238000000 1828.0
OX637744.1 238000000 238500000 1828.61036
OX637744.1 238500000 239000000 1827.96166
OX637744.1 239000000 239500000 1827.04731
OX637744.1 239500000 240000000 1827.73394
OX637744.1 240000000 240500000 1827.07896
OX637744.1 240500000 241000000 1827.00882
OX637744.1 241000000 241500000 1826.28439
OX637744.1 241500000 242000000 1826.0
OX637744.1 242000000 242500000 1826.02041
OX637744.1 242500000 243000000 1826.0
OX637744.1 243000000 243500000 1825.60423
OX637744.1 243500000 244000000 1824.02544
OX637744.1 244000000 244500000 1824.0
OX637744.1 244500000 245000000 1824.46591
OX637744.1 245000000 245500000 1824.97682
OX637744.1 245500000 246000000 1824.89834
OX637744.1 246000000 246500000 1824.0
OX637744.1 246500000 247000000 1824.0
OX637744.1 247000000 247500000 1824.03299
OX637744.1 247500000 248000000 1824.60804
OX637744.1 248000000 248500000 1823.00808
OX637744.1 248500000 249000000 1823.03038
OX637744.1 249000000 249500000 1824.13723
OX637744.1 249500000 250000000 1825.53059
OX637744.1 250000000 250500000 1827.53745
OX637744.1 250500000 251000000 1827.74909
OX637744.1 251000000 251500000 1827.04324
OX637744.1 251500000 252000000 1826.17833
OX637744.1 252000000 252500000 1824.92017
OX637744.1 252500000 253000000 1824.06604
OX637744.1 253000000 253500000 1824.98168
OX637744.1 253500000 254000000 1823.59708
OX637744.1 254000000 254500000 1821.27498
OX637744.1 254500000 255000000 1821.0194
OX637744.1 255000000 255500000 1819.49143
OX637744.1 255500000 256000000 1818.66185
OX637744.1 256000000 256500000 1817.58501
OX637744.1 256500000 257000000 1816.57978
OX637744.1 257000000 257500000 1817.29322
OX637744.1 257500000 258000000 1818.27986
OX637744.1 258000000 258500000 1819.89949
OX637744.1 258500000 259000000 1820.47656
OX637744.1 259000000 259500000 1821.0
OX637744.1 259500000 260000000 1820.75892
OX637744.1 260000000 260500000 1819.00883
OX637744.1 260500000 261000000 1818.50211
OX637744.1 261000000 261500000 1819.12316
OX637744.1 261500000 262000000 1819.98021
OX637744.1 262000000 262500000 1820.01534
OX637744.1 262500000 263000000 1819.16197
OX637744.1 263000000 263500000 1818.80328
OX637744.1 263500000 264000000 1818.01763
OX637744.1 264000000 264500000 1817.73018
OX637744.1 264500000 265000000 1817.09499
OX637744.1 265000000 265500000 1817.8032
OX637744.1 265500000 266000000 1818.31522
OX637744.1 266000000 266500000 1819.01126
OX637744.1 266500000 267000000 1819.56898
OX637744.1 267000000 267500000 1820.05581
OX637744.1 267500000 268000000 1820.03056
OX637744.1 268000000 268500000 1819.71671
OX637744.1 268500000 269000000 1819.45672
OX637744.1 269000000 269500000 1817.90384
OX637744.1 269500000 270000000 1816.37675
OX637744.1 270000000 270500000 1816.00778
OX637744.1 270500000 271000000 1815.01807
OX637744.1 271000000 271500000 1814.01704
OX637744.1 271500000 272000000 1813.71659
OX637744.1 272000000 272500000 1814.0313
OX637744.1 272500000 273000000 1814.0439
OX637744.1 273000000 273500000 1812.49476
OX637744.1 273500000 274000000 1811.29107
OX637744.1 274000000 274500000 1812.01945
OX637744.1 274500000 275000000 1812.00936
OX637744.1 275000000 275500000 1812.0011
OX637744.1 275500000 276000000 1812.0671
OX637744.1 276000000 276500000 1813.23699
OX637744.1 276500000 277000000 1813.1179
OX637744.1 277000000 277500000 1812.99837
OX637744.1 277500000 278000000 1812.0215
OX637744.1 278000000 278500000 1811.70508
OX637744.1 278500000 279000000 1811.01052
OX637744.1 279000000 279500000 1811.02552
OX637744.1 279500000 280000000 1810.75421
OX637744.1 280000000 280500000 1809.50148
OX637744.1 280500000 281000000 1807.51289
OX637744.1 281000000 281500000 1807.01467
OX637744.1 281500000 282000000 1806.22312
OX637744.1 282000000 282500000 1805.3674
OX637744.1 282500000 283000000 1805.0
OX637744.1 283000000 283500000 1804.10283
OX637744.1 283500000 284000000 1802.12018
OX637744.1 284000000 284500000 1803.34502
OX637744.1 284500000 285000000 1804.00756
OX637744.1 285000000 285500000 1803.14684
OX637744.1 285500000 286000000 1803.0
OX637744.1 286000000 286500000 1803.0149
OX637744.1 286500000 287000000 1801.8278
OX637744.1 287000000 287500000 1800.06393
OX637744.1 287500000 288000000 1799.19596
OX637744.1 288000000 288500000 1800.72076
OX637744.1 288500000 289000000 1802.28679
OX637744.1 289000000 289500000 1802.2717
OX637744.1 289500000 290000000 1802.18779
OX637744.1 290000000 290500000 1801.72721
OX637744.1 290500000 291000000 1800.13443
OX637744.1 291000000 291500000 1799.34163
OX637744.1 291500000 292000000 1797.33423
OX637744.1 292000000 292500000 1796.38737
OX637744.1 292500000 293000000 1794.48643
OX637744.1 293000000 293500000 1793.85046
OX637744.1 293500000 294000000 1792.42614
OX637744.1 294000000 294500000 1791.8154
OX637744.1 294500000 295000000 1790.55406
OX637744.1 295000000 295500000 1790.00076
OX637744.1 295500000 296000000 1789.66446
OX637744.1 296000000 296500000 1787.09577
OX637744.1 296500000 297000000 1784.83188
OX637744.1 297000000 297500000 1784.05381
OX637744.1 297500000 298000000 1783.98283
OX637744.1 298000000 298500000 1782.98155
OX637744.1 298500000 299000000 1782.44093
OX637744.1 299000000 299500000 1782.60617
OX637744.1 299500000 300000000 1781.68812
OX637744.1 300000000 300500000 1780.21911
OX637744.1 300500000 301000000 1780.01969
OX637744.1 301000000 301500000 1779.45181
OX637744.1 301500000 302000000 1777.07948
OX637744.1 302000000 302500000 1777.02004
OX637744.1 302500000 303000000 1777.01034
OX637744.1 303000000 303500000 1776.77848
OX637744.1 303500000 304000000 1776.0
OX637744.1 304000000 304500000 1776.0592
OX637744.1 304500000 305000000 1775.54346
OX637744.1 305000000 305500000 1775.06982
OX637744.1 305500000 306000000 1774.80379
OX637744.1 306000000 306500000 1777.01788
OX637744.1 306500000 307000000 1778.91924
OX637744.1 307000000 307500000 1778.58078
OX637744.1 307500000 308000000 1777.94516
OX637744.1 308000000 308500000 1777.39322
OX637744.1 308500000 309000000 1777.19768
OX637744.1 309000000 309500000 1776.03044
OX637744.1 309500000 310000000 1776.29481
OX637744.1 310000000 310500000 1777.69871
OX637744.1 310500000 311000000 1778.00992
OX637744.1 311000000 311500000 1778.01889
OX637744.1 311500000 312000000 1778.34404
OX637744.1 312000000 312500000 1777.76549
OX637744.1 312500000 313000000 1776.97116
OX637744.1 313000000 313500000 1776.02233
OX637744.1 313500000 314000000 1774.41232
OX637744.1 314000000 314500000 1775.01321
OX637744.1 314500000 315000000 1774.05254
OX637744.1 315000000 315500000 1771.04798
OX637744.1 315500000 316000000 1769.20988
OX637744.1 316000000 316500000 1768.36373
OX637744.1 316500000 317000000 1765.15324
OX637744.1 317000000 317500000 1765.03227
OX637744.1 317500000 318000000 1764.56694
OX637744.1 318000000 318500000 1764.0
OX637744.1 318500000 319000000 1764.11266
OX637744.1 319000000 319500000 1763.53131
OX637744.1 319500000 320000000 1763.07598
OX637744.1 320000000 320500000 1763.23839
OX637744.1 320500000 321000000 1761.03122
OX637744.1 321000000 321500000 1760.0
OX637744.1 321500000 322000000 1758.91852
OX637744.1 322000000 322500000 1759.0
OX637744.1 322500000 323000000 1757.35412
OX637744.1 323000000 323500000 1757.03444
OX637744.1 323500000 324000000 1756.50737
OX637744.1 324000000 324500000 1752.69587
OX637744.1 324500000 325000000 1752.41297
OX637744.1 325000000 325500000 1750.99824
OX637744.1 325500000 326000000 1750.0
OX637744.1 326000000 326500000 1750.02645
OX637744.1 326500000 327000000 1749.04164
OX637744.1 327000000 327500000 1748.77765
OX637744.1 327500000 328000000 1748.3167
OX637744.1 328000000 328500000 1747.15449
OX637744.1 328500000 329000000 1747.6862
OX637744.1 329000000 329500000 1748.15611
OX637744.1 329500000 330000000 1749.0
OX637744.1 330000000 330500000 1748.22259
OX637744.1 330500000 331000000 1748.35191
OX637744.1 331000000 331500000 1746.27942
OX637744.1 331500000 332000000 1745.40909
OX637744.1 332000000 332500000 1746.98934
OX637744.1 332500000 333000000 1746.07013
OX637744.1 333000000 333500000 1744.88156
OX637744.1 333500000 334000000 1743.6364
OX637744.1 334000000 334500000 1743.6263
OX637744.1 334500000 335000000 1742.25381
OX637744.1 335000000 335500000 1741.04023
OX637744.1 335500000 336000000 1740.36482
OX637744.1 336000000 336500000 1740.76834
OX637744.1 336500000 337000000 1739.19965
OX637744.1 337000000 337500000 1738.78015
OX637744.1 337500000 338000000 1738.76172
OX637744.1 338000000 338500000 1738.02469
OX637744.1 338500000 339000000 1736.71129
OX637744.1 339000000 339500000 1733.99592
OX637744.1 339500000 340000000 1731.20456
OX637744.1 340000000 340500000 1730.66841
OX637744.1 340500000 341000000 1725.99562
OX637744.1 341000000 341500000 1722.7162
OX637744.1 341500000 342000000 1720.44011
OX637744.1 342000000 342500000 1717.63744
OX637744.1 342500000 343000000 1717.0577
OX637744.1 343000000 343500000 1717.06529
OX637744.1 343500000 344000000 1716.42944
OX637744.1 344000000 344500000 1712.83023
OX637744.1 344500000 345000000 1709.83742
OX637744.1 345000000 345500000 1709.0
OX637744.1 345500000 346000000 1708.34587
OX637744.1 346000000 346500000 1706.50368
OX637744.1 346500000 347000000 1706.0
OX637744.1 347000000 347500000 1706.0
OX637744.1 347500000 348000000 1704.91988
OX637744.1 348000000 348500000 1704.03978
OX637744.1 348500000 349000000 1704.0
OX637744.1 349000000 349500000 1704.0
OX637744.1 349500000 350000000 1704.0
OX637744.1 350000000 350500000 1704.0
OX637744.1 350500000 351000000 1703.60802
OX637744.1 351000000 351500000 1701.4923
OX637744.1 351500000 352000000 1698.68619
OX637744.1 352000000 352500000 1698.02465
OX637744.1 352500000 353000000 1697.05957
OX637744.1 353000000 353500000 1692.21012
OX637744.1 353500000 354000000 1689.44771
OX637744.1 354000000 354500000 1688.0
OX637744.1 354500000 355000000 1686.31033
OX637744.1 355000000 355500000 1682.40862
OX637744.1 355500000 356000000 1680.0373
OX637744.1 356000000 356500000 1675.99849
OX637744.1 356500000 357000000 1674.86165
OX637744.1 357000000 357500000 1674.05212
OX637744.1 357500000 358000000 1673.59494
OX637744.1 358000000 358500000 1671.35525
OX637744.1 358500000 359000000 1667.70063
OX637744.1 359000000 359500000 1665.54125
OX637744.1 359500000 360000000 1663.73625
OX637744.1 360000000 360500000 1661.279
OX637744.1 360500000 361000000 1661.01469
OX637744.1 361000000 361500000 1659.74863
OX637744.1 361500000 362000000 1657.11125
OX637744.1 362000000 362500000 1654.52211
OX637744.1 362500000 363000000 1652.93258
OX637744.1 363000000 363500000 1652.02965
OX637744.1 363500000 364000000 1650.15933
OX637744.1 364000000 364500000 1646.69602
OX637744.1 364500000 365000000 1643.9264
OX637744.1 365000000 365500000 1642.71352
OX637744.1 365500000 366000000 1638.51416
OX637744.1 366000000 366500000 1635.35403
OX637744.1 366500000 367000000 1634.35047
OX637744.1 367000000 367500000 1633.05108
OX637744.1 367500000 368000000 1631.34058
OX637744.1 368000000 368500000 1629.07002
OX637744.1 368500000 369000000 1627.65786
OX637744.1 369000000 369500000 1625.46041
OX637744.1 369500000 370000000 1622.20014
OX637744.1 370000000 370500000 1619.54786
OX637744.1 370500000 371000000 1616.96952
OX637744.1 371000000 371500000 1615.49938
OX637744.1 371500000 372000000 1611.09195
OX637744.1 372000000 372500000 1609.16076
OX637744.1 372500000 373000000 1609.0073
OX637744.1 373000000 373500000 1607.49835
OX637744.1 373500000 374000000 1604.7368
OX637744.1 374000000 374500000 1601.1692
OX637744.1 374500000 375000000 1599.70013
OX637744.1 375000000 375500000 1597.23123
OX637744.1 375500000 376000000 1596.05308
OX637744.1 376000000 376500000 1594.81527
OX637744.1 376500000 377000000 1590.01289
OX637744.1 377000000 377500000 1585.66457
OX637744.1 377500000 378000000 1580.76377
OX637744.1 378000000 378500000 1577.68255
OX637744.1 378500000 379000000 1575.22079
OX637744.1 379000000 379500000 1572.53288
OX637744.1 379500000 380000000 1569.9133
OX637744.1 380000000 380500000 1564.53337
OX637744.1 380500000 381000000 1562.75583
OX637744.1 381000000 381500000 1558.80656
OX637744.1 381500000 382000000 1552.13526
OX637744.1 382000000 382500000 1548.56332
OX637744.1 382500000 383000000 1547.0
OX637744.1 383000000 383500000 1545.38959
OX637744.1 383500000 384000000 1543.16415
OX637744.1 384000000 384500000 1540.94947
OX637744.1 384500000 385000000 1536.41527
OX637744.1 385000000 385500000 1529.30106
OX637744.1 385500000 386000000 1526.64546
OX637744.1 386000000 386500000 1523.81852
OX637744.1 386500000 387000000 1519.97988
OX637744.1 387000000 387500000 1513.22572
OX637744.1 387500000 388000000 1507.22813
OX637744.1 388000000 388500000 1505.02853
OX637744.1 388500000 389000000 1501.51898
OX637744.1 389000000 389500000 1497.99718
OX637744.1 389500000 390000000 1494.45004
OX637744.1 390000000 390500000 1492.24368
OX637744.1 390500000 391000000 1487.04676
OX637744.1 391000000 391500000 1483.06647
OX637744.1 391500000 392000000 1480.71739
OX637744.1 392000000 392500000 1478.75874
OX637744.1 392500000 393000000 1476.68664
OX637744.1 393000000 393500000 1474.51503
OX637744.1 393500000 394000000 1472.35593
OX637744.1 394000000 394500000 1467.01378
OX637744.1 394500000 395000000 1463.73755
OX637744.1 395000000 395500000 1461.1466
OX637744.1 395500000 396000000 1459.07408
OX637744.1 396000000 396500000 1456.64505
OX637744.1 396500000 397000000 1455.46709
OX637744.1 397000000 397500000 1449.44291
OX637744.1 397500000 398000000 1447.784
OX637744.1 398000000 398500000 1440.78342
OX637744.1 398500000 399000000 1438.17696
OX637744.1 399000000 399500000 1434.69062
OX637744.1 399500000 400000000 1432.3246
OX637744.1 400000000 400500000 1424.93528
OX637744.1 400500000 401000000 1421.95722
OX637744.1 401000000 401500000 1419.62831
OX637744.1 401500000 402000000 1417.24812
OX637744.1 402000000 402500000 1415.23323
OX637744.1 402500000 403000000 1410.32041
OX637744.1 403000000 403500000 1403.98571
OX637744.1 403500000 404000000 1401.73558
OX637744.1 404000000 404500000 1401.46423
OX637744.1 404500000 405000000 1397.33071
OX637744.1 405000000 405500000 1394.38984
OX637744.1 405500000 406000000 1384.90053
OX637744.1 406000000 406500000 1380.75726
OX637744.1 406500000 407000000 1378.47777
OX637744.1 407000000 407500000 1374.95831
OX637744.1 407500000 408000000 1365.87177
OX637744.1 408000000 408500000 1359.99588
OX637744.1 408500000 409000000 1356.66287
OX637744.1 409000000 409500000 1353.71599
OX637744.1 409500000 410000000 1352.06857
OX637744.1 410000000 410500000 1350.04504
OX637744.1 410500000 411000000 1346.24316
OX637744.1 411000000 411500000 1337.5961
OX637744.1 411500000 412000000 1335.22421
OX637744.1 412000000 412500000 1329.14029
OX637744.1 412500000 413000000 1324.64336
OX637744.1 413000000 413500000 1317.28854
OX637744.1 413500000 414000000 1309.84561
OX637744.1 414000000 414500000 1302.34796
OX637744.1 414500000 415000000 1289.15953
OX637744.1 415000000 415500000 1281.99106
OX637744.1 415500000 416000000 1271.1018
OX637744.1 416000000 416500000 1259.97186
OX637744.1 416500000 417000000 1249.65556
OX637744.1 417000000 417500000 1240.91326
OX637744.1 417500000 418000000 1230.14616
OX637744.1 418000000 418500000 1225.18751
OX637744.1 418500000 419000000 1219.23822
OX637744.1 419000000 419500000 1212.95101
OX637744.1 419500000 420000000 1204.74399
OX637744.1 420000000 420500000 1189.94594
OX637744.1 420500000 421000000 1179.22838
OX637744.1 421000000 421500000 1169.56607
OX637744.1 421500000 422000000 1163.1131
OX637744.1 422000000 422500000 1153.56735
OX637744.1 422500000 423000000 1144.97968
OX637744.1 423000000 423500000 1134.61815
OX637744.1 423500000 424000000 1128.2064
OX637744.1 424000000 424500000 1119.89629
OX637744.1 424500000 425000000 1111.04189
OX637744.1 425000000 425500000 1104.61055
OX637744.1 425500000 426000000 1099.59249
OX637744.1 426000000 426500000 1089.76008
OX637744.1 426500000 427000000 1080.06349
OX637744.1 427000000 427500000 1063.82611
OX637744.1 427500000 428000000 1054.65783
OX637744.1 428000000 428500000 1046.15477
OX637744.1 428500000 429000000 1037.6554
OX637744.1 429000000 429500000 1026.60638
OX637744.1 429500000 430000000 1021.18485
OX637744.1 430000000 430500000 1013.23208
OX637744.1 430500000 431000000 1005.89857
OX637744.1 431000000 431500000 1000.34676
OX637744.1 431500000 432000000 994.9547
OX637744.1 432000000 432500000 987.25056
OX637744.1 432500000 433000000 979.89571
OX637744.1 433000000 433500000 975.9514
OX637744.1 433500000 434000000 971.96187
OX637744.1 434000000 434500000 966.73397
OX637744.1 434500000 435000000 961.30105
OX637744.1 435000000 435500000 955.03487
OX637744.1 435500000 436000000 941.58253
OX637744.1 436000000 436500000 933.52691
OX637744.1 436500000 437000000 925.41143
OX637744.1 437000000 437500000 908.87077
OX637744.1 437500000 438000000 887.28861
OX637744.1 438000000 438500000 880.76101
OX637744.1 438500000 439000000 866.90458
OX637744.1 439000000 439500000 850.209
OX637744.1 439500000 440000000 835.42755
OX637744.1 440000000 440500000 824.14505
OX637744.1 440500000 441000000 813.91223
OX637744.1 441000000 441500000 796.7775
OX637744.1 441500000 442000000 777.28871
OX637744.1 442000000 442500000 761.95737
OX637744.1 442500000 443000000 754.62301
OX637744.1 443000000 443500000 738.78991
OX637744.1 443500000 444000000 717.61931
OX637744.1 444000000 444500000 703.47985
OX637744.1 444500000 445000000 693.84243
OX637744.1 445000000 445500000 677.99146
OX637744.1 445500000 446000000 664.28593
OX637744.1 446000000 446500000 655.27344
OX637744.1 446500000 447000000 651.14819
OX637744.1 447000000 447500000 635.04131
OX637744.1 447500000 448000000 620.91909
OX637744.1 448000000 448500000 603.59504
OX637744.1 448500000 449000000 596.74103
OX637744.1 449000000 449500000 580.35612
OX637744.1 449500000 450000000 559.84394
OX637744.1 450000000 450500000 542.15109
OX637744.1 450500000 451000000 520.40276
OX637744.1 451000000 451500000 502.74491
OX637744.1 451500000 452000000 481.76189
OX637744.1 452000000 452500000 464.73761
OX637744.1 452500000 453000000 436.10818
OX637744.1 453000000 453500000 414.64398
OX637744.1 453500000 454000000 384.51397
OX637744.1 454000000 454500000 355.98592
OX637744.1 454500000 455000000 311.82331
OX637744.1 455000000 455500000 285.04468
OX637744.1 455500000 456000000 265.85184
OX637744.1 456000000 456500000 236.98409
OX637744.1 456500000 457000000 191.59737
OX637744.1 457000000 457500000 175.70341
OX637744.1 457500000 458000000 157.50054
OX637744.1 458000000 458500000 119.30411
OX637744.1 458500000 459000000 91.33667
OX637744.1 459000000 459500000 42.14915
OX637744.1 459500000 459661686 1.94468
OX637751.1 0 500000 19.55111
OX637751.1 500000 1000000 43.89661
OX637751.1 1000000 1500000 55.79835
OX637751.1 1500000 2000000 69.60428
OX637751.1 2000000 2500000 78.145
OX637751.1 2500000 3000000 90.42571
OX637751.1 3000000 3500000 101.97883
OX637751.1 3500000 4000000 107.07521
OX637751.1 4000000 4500000 114.3926
OX637751.1 4500000 5000000 117.15464
OX637751.1 5000000 5500000 123.28329
OX637751.1 5500000 6000000 135.13266
OX637751.1 6000000 6500000 143.18603
OX637751.1 6500000 7000000 147.92905
OX637751.1 7000000 7500000 154.74767
OX637751.1 7500000 8000000 160.08409
OX637751.1 8000000 8500000 164.07285
OX637751.1 8500000 9000000 167.95951
OX637751.1 9000000 9500000 172.90923
OX637751.1 9500000 10000000 176.96556
OX637751.1 10000000 10500000 178.10035
OX637751.1 10500000 11000000 181.31913
OX637751.1 11000000 11500000 183.66951
OX637751.1 11500000 12000000 191.07667
OX637751.1 12000000 12500000 193.74966
OX637751.1 12500000 13000000 196.67069
OX637751.1 13000000 13500000 199.15894
OX637751.1 13500000 14000000 200.09355
OX637751.1 14000000 14500000 203.93408
OX637751.1 14500000 15000000 205.56639
OX637751.1 15000000 15500000 208.34908
OX637751.1 15500000 16000000 214.93809
OX637751.1 16000000 16500000 218.07293
OX637751.1 16500000 17000000 220.62168
OX637751.1 17000000 17500000 223.89231
OX637751.1 17500000 18000000 226.00049
OX637751.1 18000000 18500000 226.67975
OX637751.1 18500000 19000000 227.2713
OX637751.1 19000000 19500000 228.56805
OX637751.1 19500000 20000000 229.00769
OX637751.1 20000000 20500000 230.0
OX637751.1 20500000 21000000 230.98941
OX637751.1 21000000 21500000 236.48698
OX637751.1 21500000 22000000 238.78095
OX637751.1 22000000 22500000 241.88289
OX637751.1 22500000 23000000 243.0
OX637751.1 23000000 23500000 244.50923
OX637751.1 23500000 24000000 246.96978
OX637751.1 24000000 24500000 248.00051
OX637751.1 24500000 25000000 248.96362
OX637751.1 25000000 25500000 249.0
OX637751.1 25500000 26000000 249.0
OX637751.1 26000000 26500000 249.45988
OX637751.1 26500000 27000000 250.0
OX637751.1 27000000 27500000 251.31081
OX637751.1 27500000 28000000 253.84527
OX637751.1 28000000 28500000 255.10757
OX637751.1 28500000 29000000 257.16263
OX637751.1 29000000 29500000 258.48452
OX637751.1 29500000 30000000 259.0
OX637751.1 30000000 30500000 259.88505
OX637751.1 30500000 31000000 260.0
OX637751.1 31000000 31500000 260.0
OX637751.1 31500000 32000000 260.53634
OX637751.1 32000000 32500000 261.70203
OX637751.1 32500000 33000000 262.94832
OX637751.1 33000000 33500000 263.73004
OX637751.1 33500000 34000000 265.79249
OX637751.1 34000000 34500000 267.0
OX637751.1 34500000 35000000 267.0
OX637751.1 35000000 35500000 267.0
OX637751.1 35500000 36000000 267.65535
OX637751.1 36000000 36500000 269.78995
OX637751.1 36500000 37000000 270.0
OX637751.1 37000000 37500000 270.00065
OX637751.1 37500000 38000000 270.0767
OX637751.1 38000000 38500000 271.0
OX637751.1 38500000 39000000 271.45745
OX637751.1 39000000 39500000 272.0
OX637751.1 39500000 40000000 272.17986
OX637751.1 40000000 40500000 273.55384
OX637751.1 40500000 41000000 274.2504
OX637751.1 41000000 41500000 275.37027
OX637751.1 41500000 42000000 276.13411
OX637751.1 42000000 42500000 277.0
OX637751.1 42500000 43000000 277.31017
OX637751.1 43000000 43500000 280.65912
OX637751.1 43500000 44000000 281.57972
OX637751.1 44000000 44500000 282.99726
OX637751.1 44500000 45000000 283.0
OX637751.1 45000000 45500000 283.7422
OX637751.1 45500000 46000000 284.0
OX637751.1 46000000 46500000 284.0
OX637751.1 46500000 47000000 285.52708
OX637751.1 47000000 47500000 288.0
OX637751.1 47500000 48000000 288.0
OX637751.1 48000000 48500000 288.0
OX637751.1 48500000 49000000 288.8262
OX637751.1 49000000 49500000 289.0
OX637751.1 49500000 50000000 289.85439
OX637751.1 50000000 50500000 290.0
OX637751.1 50500000 51000000 290.14261
OX637751.1 51000000 51500000 291.0
OX637751.1 51500000 52000000 291.92402
OX637751.1 52000000 52500000 292.86148
OX637751.1 52500000 53000000 294.14047
OX637751.1 53000000 53500000 296.91386
OX637751.1 53500000 54000000 297.0
OX637751.1 54000000 54500000 297.01514
OX637751.1 54500000 55000000 298.0
OX637751.1 55000000 55500000 298.0
OX637751.1 55500000 56000000 298.0
OX637751.1 56000000 56500000 298.0
OX637751.1 56500000 57000000 298.0
OX637751.1 57000000 57500000 298.94572
OX637751.1 57500000 58000000 300.49103
OX637751.1 58000000 58500000 302.0
OX637751.1 58500000 59000000 302.0
OX637751.1 59000000 59500000 302.0
OX637751.1 59500000 60000000 302.0
OX637751.1 60000000 60500000 302.0
OX637751.1 60500000 61000000 302.80096
OX637751.1 61000000 61500000 304.0
OX637751.1 61500000 62000000 304.92769
OX637751.1 62000000 62500000 306.0
OX637751.1 62500000 63000000 306.0938
OX637751.1 63000000 63500000 307.16943
OX637751.1 63500000 64000000 308.0
OX637751.1 64000000 64500000 308.0
OX637751.1 64500000 65000000 308.0
OX637751.1 65000000 65500000 308.6307
OX637751.1 65500000 66000000 309.69044
OX637751.1 66000000 66500000 310.2405
OX637751.1 66500000 67000000 311.0
OX637751.1 67000000 67500000 311.0
OX637751.1 67500000 68000000 311.88013
OX637751.1 68000000 68500000 312.0
OX637751.1 68500000 69000000 312.99558
OX637751.1 69000000 69500000 313.0
OX637751.1 69500000 70000000 313.0
OX637751.1 70000000 70500000 313.0
OX637751.1 70500000 71000000 313.0
OX637751.1 71000000 71500000 313.0
OX637751.1 71500000 72000000 313.0
OX637751.1 72000000 72500000 313.0
OX637751.1 72500000 73000000 313.72816
OX637751.1 73000000 73500000 314.0
OX637751.1 73500000 74000000 314.0
OX637751.1 74000000 74500000 314.0
OX637751.1 74500000 75000000 314.0
OX637751.1 75000000 75500000 314.0
OX637751.1 75500000 76000000 314.0
OX637751.1 76000000 76500000 314.02607
OX637751.1 76500000 77000000 315.0
OX637751.1 77000000 77500000 315.0
OX637751.1 77500000 78000000 315.0
OX637751.1 78000000 78500000 315.03164
OX637751.1 78500000 79000000 316.93032
OX637751.1 79000000 79500000 317.09233
OX637751.1 79500000 80000000 318.0
OX637751.1 80000000 80500000 320.13147
OX637751.1 80500000 81000000 321.35771
OX637751.1 81000000 81500000 322.0331
OX637751.1 81500000 82000000 324.32955
OX637751.1 82000000 82500000 325.0
OX637751.1 82500000 83000000 325.0
OX637751.1 83000000 83500000 325.0
OX637751.1 83500000 84000000 325.87426
OX637751.1 84000000 84500000 326.66397
OX637751.1 84500000 85000000 328.38331
OX637751.1 85000000 85500000 329.87716
OX637751.1 85500000 86000000 330.62202
OX637751.1 86000000 86500000 331.00021
OX637751.1 86500000 87000000 331.0
OX637751.1 87000000 87500000 331.0
OX637751.1 87500000 88000000 331.0
OX637751.1 88000000 88500000 331.0
OX637751.1 88500000 89000000 331.0
OX637751.1 89000000 89500000 331.69474
OX637751.1 89500000 90000000 333.00035
OX637751.1 90000000 90500000 333.0
OX637751.1 90500000 91000000 333.60576
OX637751.1 91000000 91500000 335.0
OX637751.1 91500000 92000000 335.0
OX637751.1 92000000 92500000 335.49441
OX637751.1 92500000 93000000 336.0
OX637751.1 93000000 93500000 336.0
OX637751.1 93500000 94000000 336.0
OX637751.1 94000000 94500000 336.0
OX637751.1 94500000 95000000 336.0
OX637751.1 95000000 95500000 336.0
OX637751.1 95500000 96000000 336.0
OX637751.1 96000000 96500000 336.0
OX637751.1 96500000 97000000 336.0
OX637751.1 97000000 97500000 336.0
OX637751.1 97500000 98000000 335.26556
OX637751.1 98000000 98500000 335.86229
OX637751.1 98500000 99000000 336.0
OX637751.1 99000000 99500000 336.0
OX637751.1 99500000 100000000 337.45401
OX637751.1 100000000 100500000 338.0
OX637751.1 100500000 101000000 338.0
OX637751.1 101000000 101500000 338.88512
OX637751.1 101500000 102000000 341.04796
OX637751.1 102000000 102500000 341.40359
OX637751.1 102500000 103000000 341.0
OX637751.1 103000000 103500000 341.0
OX637751.1 103500000 104000000 341.0
OX637751.1 104000000 104500000 341.0
OX637751.1 104500000 105000000 341.0
OX637751.1 105000000 105500000 341.0
OX637751.1 105500000 106000000 340.73236
OX637751.1 106000000 106500000 341.0
OX637751.1 106500000 107000000 341.0
OX637751.1 107000000 107500000 341.0
OX637751.1 107500000 108000000 341.0
OX637751.1 108000000 108500000 341.0
OX637751.1 108500000 109000000 341.0
OX637751.1 109000000 109500000 342.94326
OX637751.1 109500000 110000000 343.60102
OX637751.1 110000000 110500000 344.46215
OX637751.1 110500000 111000000 345.0
OX637751.1 111000000 111500000 345.0
OX637751.1 111500000 112000000 344.33534
OX637751.1 112000000 112500000 344.02148
OX637751.1 112500000 113000000 344.0
OX637751.1 113000000 113500000 344.0
OX637751.1 113500000 114000000 344.0
OX637751.1 114000000 114500000 343.23216
OX637751.1 114500000 115000000 343.0
OX637751.1 115000000 115500000 343.0
OX637751.1 115500000 116000000 343.0
OX637751.1 116000000 116500000 343.0
OX637751.1 116500000 117000000 343.0
OX637751.1 117000000 117500000 343.00037
OX637751.1 117500000 118000000 343.0
OX637751.1 118000000 118500000 343.00023
OX637751.1 118500000 119000000 343.0
OX637751.1 119000000 119500000 343.0
OX637751.1 119500000 120000000 343.0
OX637751.1 120000000 120500000 343.60266
OX637751.1 120500000 121000000 344.11749
OX637751.1 121000000 121500000 345.0
OX637751.1 121500000 122000000 345.00045
OX637751.1 122000000 122500000 345.0
OX637751.1 122500000 123000000 344.33661
OX637751.1 123000000 123500000 344.0
OX637751.1 123500000 124000000 344.0
OX637751.1 124000000 124500000 344.0
OX637751.1 124500000 125000000 344.00098
OX637751.1 125000000 125500000 344.0
OX637751.1 125500000 126000000 344.0
OX637751.1 126000000 126500000 344.0
OX637751.1 126500000 127000000 344.0
OX637751.1 127000000 127500000 344.0
OX637751.1 127500000 128000000 344.59367
OX637751.1 128000000 128500000 345.0
OX637751.1 128500000 129000000 345.0
OX637751.1 129000000 129500000 345.3334
OX637751.1 129500000 130000000 347.0
OX637751.1 130000000 130500000 347.0
OX637751.1 130500000 131000000 347.0
OX637751.1 131000000 131500000 347.0
OX637751.1 131500000 132000000 347.0
OX637751.1 132000000 132500000 347.0
OX637751.1 132500000 133000000 347.0
OX637751.1 133000000 133500000 347.0
OX637751.1 133500000 134000000 347.0
OX637751.1 134000000 134500000 347.0
OX637751.1 134500000 135000000 347.0
OX637751.1 135000000 135500000 347.19474
OX637751.1 135500000 136000000 347.0
OX637751.1 136000000 136500000 347.23514
OX637751.1 136500000 137000000 348.0
OX637751.1 137000000 137500000 348.0
OX637751.1 137500000 138000000 348.0
OX637751.1 138000000 138500000 348.0
OX637751.1 138500000 139000000 347.40415
OX637751.1 139000000 139500000 347.0
OX637751.1 139500000 140000000 347.0
OX637751.1 140000000 140500000 347.0
OX637751.1 140500000 141000000 347.0
OX637751.1 141000000 141500000 347.0
OX637751.1 141500000 142000000 347.0
OX637751.1 142000000 142500000 347.0
OX637751.1 142500000 143000000 347.0
OX637751.1 143000000 143500000 347.26381
OX637751.1 143500000 144000000 348.0
OX637751.1 144000000 144500000 348.12567
OX637751.1 144500000 145000000 349.0
OX637751.1 145000000 145500000 349.0
OX637751.1 145500000 146000000 349.0
OX637751.1 146000000 146500000 347.99233
OX637751.1 146500000 147000000 347.0
OX637751.1 147000000 147500000 347.0
OX637751.1 147500000 148000000 347.81887
OX637751.1 148000000 148500000 348.0
OX637751.1 148500000 149000000 348.0
OX637751.1 149000000 149500000 348.0
OX637751.1 149500000 150000000 348.0
OX637751.1 150000000 150500000 348.0
OX637751.1 150500000 151000000 348.00125
OX637751.1 151000000 151500000 348.0
OX637751.1 151500000 152000000 348.0
OX637751.1 152000000 152500000 348.0
OX637751.1 152500000 153000000 348.0
OX637751.1 153000000 153500000 348.0
OX637751.1 153500000 154000000 348.0
OX637751.1 154000000 154500000 348.0
OX637751.1 154500000 155000000 348.0
OX637751.1 155000000 155500000 348.0
OX637751.1 155500000 156000000 348.0
OX637751.1 156000000 156500000 348.0
OX637751.1 156500000 157000000 348.0
OX637751.1 157000000 157500000 348.0
OX637751.1 157500000 158000000 347.41931
OX637751.1 158000000 158500000 347.95475
OX637751.1 158500000 159000000 348.0
OX637751.1 159000000 159500000 348.0
OX637751.1 159500000 160000000 348.0
OX637751.1 160000000 160500000 348.0
OX637751.1 160500000 161000000 348.0
OX637751.1 161000000 161500000 348.0
OX637751.1 161500000 162000000 348.0
OX637751.1 162000000 162500000 346.96135
OX637751.1 162500000 163000000 346.0
OX637751.1 163000000 163500000 346.0
OX637751.1 163500000 164000000 344.87089
OX637751.1 164000000 164500000 344.0
OX637751.1 164500000 165000000 344.0
OX637751.1 165000000 165500000 343.49483
OX637751.1 165500000 166000000 343.0
OX637751.1 166000000 166500000 343.02451
OX637751.1 166500000 167000000 344.0
OX637751.1 167000000 167500000 344.0
OX637751.1 167500000 168000000 344.0
OX637751.1 168000000 168500000 344.0
OX637751.1 168500000 169000000 344.00058
OX637751.1 169000000 169500000 344.0
OX637751.1 169500000 170000000 344.0
OX637751.1 170000000 170500000 344.0
OX637751.1 170500000 171000000 344.0
OX637751.1 171000000 171500000 344.0
OX637751.1 171500000 172000000 344.0
OX637751.1 172000000 172500000 344.0
OX637751.1 172500000 173000000 344.0
OX637751.1 173000000 173500000 344.0
OX637751.1 173500000 174000000 344.0
OX637751.1 174000000 174500000 344.0
OX637751.1 174500000 175000000 344.0
OX637751.1 175000000 175500000 344.0
OX637751.1 175500000 176000000 344.95028
OX637751.1 176000000 176500000 345.0
OX637751.1 176500000 177000000 345.0
OX637751.1 177000000 177500000 345.0
OX637751.1 177500000 178000000 345.0
OX637751.1 178000000 178500000 345.0
OX637751.1 178500000 179000000 345.0
OX637751.1 179000000 179500000 345.0
OX637751.1 179500000 180000000 345.0
OX637751.1 180000000 180500000 345.0
OX637751.1 180500000 181000000 345.57397
OX637751.1 181000000 181500000 346.0
OX637751.1 181500000 182000000 346.0
OX637751.1 182000000 182500000 346.0
OX637751.1 182500000 183000000 345.75575
OX637751.1 183000000 183500000 345.0
OX637751.1 183500000 184000000 345.0
OX637751.1 184000000 184500000 345.0
OX637751.1 184500000 185000000 345.0
OX637751.1 185000000 185500000 345.0
OX637751.1 185500000 186000000 345.00307
OX637751.1 186000000 186500000 345.02387
OX637751.1 186500000 187000000 345.0
OX637751.1 187000000 187500000 345.0
OX637751.1 187500000 188000000 345.0
OX637751.1 188000000 188500000 345.56716
OX637751.1 188500000 189000000 346.0
OX637751.1 189000000 189500000 345.94198
OX637751.1 189500000 190000000 345.0
OX637751.1 190000000 190500000 345.0
OX637751.1 190500000 191000000 345.0
OX637751.1 191000000 191500000 345.0
OX637751.1 191500000 192000000 346.46731
OX637751.1 192000000 192500000 347.0
OX637751.1 192500000 193000000 347.0
OX637751.1 193000000 193500000 347.0
OX637751.1 193500000 194000000 347.0
OX637751.1 194000000 194500000 347.0
OX637751.1 194500000 195000000 347.71914
OX637751.1 195000000 195500000 348.0
OX637751.1 195500000 196000000 348.0
OX637751.1 196000000 196500000 348.0
OX637751.1 196500000 197000000 348.0
OX637751.1 197000000 197500000 348.0
OX637751.1 197500000 198000000 348.0
OX637751.1 198000000 198500000 348.0
OX637751.1 198500000 199000000 348.0
OX637751.1 199000000 199500000 348.0
OX637751.1 199500000 200000000 348.0
OX637751.1 200000000 200500000 348.0
OX637751.1 200500000 201000000 348.0
OX637751.1 201000000 201500000 348.0
OX637751.1 201500000 202000000 348.0
OX637751.1 202000000 202500000 348.0
OX637751.1 202500000 203000000 348.0
OX637751.1 203000000 203500000 348.0
OX637751.1 203500000 204000000 348.55061
OX637751.1 204000000 204500000 349.0
OX637751.1 204500000 205000000 349.0
OX637751.1 205000000 205500000 349.0
OX637751.1 205500000 206000000 349.0
OX637751.1 206000000 206500000 349.0
OX637751.1 206500000 207000000 349.0
OX637751.1 207000000 207500000 349.00748
OX637751.1 207500000 208000000 349.0
OX637751.1 208000000 208500000 349.0
OX637751.1 208500000 209000000 349.0
OX637751.1 209000000 209500000 349.0
OX637751.1 209500000 210000000 349.0
OX637751.1 210000000 210500000 349.0
OX637751.1 210500000 211000000 349.0
OX637751.1 211000000 211500000 349.0
OX637751.1 211500000 212000000 349.0
OX637751.1 212000000 212500000 349.0
OX637751.1 212500000 213000000 349.0
OX637751.1 213000000 213500000 349.0
OX637751.1 213500000 214000000 349.0
OX637751.1 214000000 214500000 349.0
OX637751.1 214500000 215000000 349.0
OX637751.1 215000000 215500000 349.0
OX637751.1 215500000 216000000 349.0
OX637751.1 216000000 216500000 348.57619
OX637751.1 216500000 217000000 348.01753
OX637751.1 217000000 217500000 349.0
OX637751.1 217500000 218000000 349.0
OX637751.1 218000000 218500000 349.0
OX637751.1 218500000 219000000 349.0
OX637751.1 219000000 219500000 349.0
OX637751.1 219500000 220000000 349.0
OX637751.1 220000000 220500000 349.0
OX637751.1 220500000 221000000 349.0
OX637751.1 221000000 221500000 349.0
OX637751.1 221500000 222000000 349.0
OX637751.1 222000000 222500000 349.35649
OX637751.1 222500000 223000000 350.0
OX637751.1 223000000 223500000 350.0
OX637751.1 223500000 224000000 350.0
OX637751.1 224000000 224500000 350.0
OX637751.1 224500000 225000000 350.00021
OX637751.1 225000000 225500000 350.0
OX637751.1 225500000 226000000 350.0
OX637751.1 226000000 226500000 350.0
OX637751.1 226500000 227000000 350.0
OX637751.1 227000000 227500000 350.0
OX637751.1 227500000 228000000 350.0
OX637751.1 228000000 228500000 350.0
OX637751.1 228500000 229000000 350.0
OX637751.1 229000000 229500000 350.0
OX637751.1 229500000 230000000 350.0
OX637751.1 230000000 230500000 350.0
OX637751.1 230500000 231000000 350.0
OX637751.1 231000000 231500000 350.00036
OX637751.1 231500000 232000000 350.0
OX637751.1 232000000 232500000 350.0
OX637751.1 232500000 233000000 350.0
OX637751.1 233000000 233500000 350.0
OX637751.1 233500000 234000000 350.0
OX637751.1 234000000 234500000 350.0
OX637751.1 234500000 235000000 350.0
OX637751.1 235000000 235500000 350.0
OX637751.1 235500000 236000000 350.36374
OX637751.1 236000000 236500000 351.0
OX637751.1 236500000 237000000 351.0
OX637751.1 237000000 237500000 351.0
OX637751.1 237500000 238000000 351.0
OX637751.1 238000000 238500000 351.0
OX637751.1 238500000 239000000 351.0
OX637751.1 239000000 239500000 351.0
OX637751.1 239500000 240000000 351.00019
OX637751.1 240000000 240500000 351.0
OX637751.1 240500000 241000000 351.0
OX637751.1 241000000 241500000 351.0
OX637751.1 241500000 242000000 351.0
OX637751.1 242000000 242500000 350.61175
OX637751.1 242500000 243000000 350.0
OX637751.1 243000000 243500000 350.0
OX637751.1 243500000 244000000 350.0
OX637751.1 244000000 244500000 350.0
OX637751.1 244500000 245000000 350.0
OX637751.1 245000000 245500000 350.0
OX637751.1 245500000 246000000 350.0
OX637751.1 246000000 246500000 350.0
OX637751.1 246500000 247000000 350.2608
OX637751.1 247000000 247500000 351.0
OX637751.1 247500000 248000000 351.0
OX637751.1 248000000 248500000 352.09965
OX637751.1 248500000 249000000 353.0
OX637751.1 249000000 249500000 353.95018
OX637751.1 249500000 250000000 354.0
OX637751.1 250000000 250500000 354.0
OX637751.1 250500000 251000000 354.0
OX637751.1 251000000 251500000 354.0
OX637751.1 251500000 252000000 354.0
OX637751.1 252000000 252500000 354.0
OX637751.1 252500000 253000000 354.0
OX637751.1 253000000 253500000 354.0
OX637751.1 253500000 254000000 354.0
OX637751.1 254000000 254500000 354.0
OX637751.1 254500000 255000000 354.0
OX637751.1 255000000 255500000 354.3132
OX637751.1 255500000 256000000 355.0
OX637751.1 256000000 256500000 355.0
OX637751.1 256500000 257000000 355.0
OX637751.1 257000000 257500000 355.0
OX637751.1 257500000 258000000 355.0
OX637751.1 258000000 258500000 355.0
OX637751.1 258500000 259000000 355.0
OX637751.1 259000000 259500000 355.0
OX637751.1 259500000 260000000 355.0
OX637751.1 260000000 260500000 355.0
OX637751.1 260500000 261000000 355.0
OX637751.1 261000000 261500000 355.00061
OX637751.1 261500000 262000000 355.0
OX637751.1 262000000 262500000 355.0
OX637751.1 262500000 263000000 355.0
OX637751.1 263000000 263500000 355.0
OX637751.1 263500000 264000000 355.0
OX637751.1 264000000 264500000 355.0
OX637751.1 264500000 265000000 355.0
OX637751.1 265000000 265500000 355.0
OX637751.1 265500000 266000000 355.0
OX637751.1 266000000 266500000 355.0
OX637751.1 266500000 267000000 355.0
OX637751.1 267000000 267500000 355.0
OX637751.1 267500000 268000000 355.0
OX637751.1 268000000 268500000 355.0
OX637751.1 268500000 269000000 355.0
OX637751.1 269000000 269500000 355.0
OX637751.1 269500000 270000000 355.0
OX637751.1 270000000 270500000 355.0
OX637751.1 270500000 271000000 355.0
OX637751.1 271000000 271500000 355.0
OX637751.1 271500000 272000000 355.0
OX637751.1 272000000 272500000 355.0
OX637751.1 272500000 273000000 355.0
OX637751.1 273000000 273500000 355.0
OX637751.1 273500000 274000000 355.0
OX637751.1 274000000 274500000 355.0
OX637751.1 274500000 275000000 355.0
OX637751.1 275000000 275500000 355.0
OX637751.1 275500000 276000000 355.0
OX637751.1 276000000 276500000 355.0
OX637751.1 276500000 277000000 355.0
OX637751.1 277000000 277500000 355.0
OX637751.1 277500000 278000000 355.0
OX637751.1 278000000 278500000 355.0
OX637751.1 278500000 279000000 355.0
OX637751.1 279000000 279500000 355.0
OX637751.1 279500000 280000000 355.0
OX637751.1 280000000 280500000 354.52979
OX637751.1 280500000 281000000 355.0
OX637751.1 281000000 281500000 355.0
OX637751.1 281500000 282000000 355.0
OX637751.1 282000000 282500000 355.0
OX637751.1 282500000 283000000 355.0
OX637751.1 283000000 283500000 355.0
OX637751.1 283500000 284000000 355.0
OX637751.1 284000000 284500000 355.0
OX637751.1 284500000 285000000 355.0
OX637751.1 285000000 285500000 355.0
OX637751.1 285500000 286000000 355.0
OX637751.1 286000000 286500000 355.0
OX637751.1 286500000 287000000 355.0
OX637751.1 287000000 287500000 355.0
OX637751.1 287500000 288000000 355.8601
OX637751.1 288000000 288500000 356.0
OX637751.1 288500000 289000000 356.0
OX637751.1 289000000 289500000 356.0
OX637751.1 289500000 290000000 356.0
OX637751.1 290000000 290500000 356.00171
OX637751.1 290500000 291000000 356.0
OX637751.1 291000000 291500000 356.0
OX637751.1 291500000 292000000 356.0
OX637751.1 292000000 292500000 356.0
OX637751.1 292500000 293000000 356.0
OX637751.1 293000000 293500000 356.0
OX637751.1 293500000 294000000 356.35551
OX637751.1 294000000 294500000 357.0
OX637751.1 294500000 295000000 357.0
OX637751.1 295000000 295500000 357.0
OX637751.1 295500000 296000000 357.0
OX637751.1 296000000 296500000 357.0
OX637751.1 296500000 297000000 357.0
OX637751.1 297000000 297500000 357.0
OX637751.1 297500000 298000000 357.98823
OX637751.1 298000000 298500000 358.0
OX637751.1 298500000 299000000 358.0
OX637751.1 299000000 299500000 358.0
OX637751.1 299500000 300000000 358.0
OX637751.1 300000000 300500000 358.0
OX637751.1 300500000 301000000 358.0
OX637751.1 301000000 301500000 358.0
OX637751.1 301500000 302000000 358.0
OX637751.1 302000000 302500000 358.0
OX637751.1 302500000 303000000 358.0
OX637751.1 303000000 303500000 358.00058
OX637751.1 303500000 304000000 358.0
OX637751.1 304000000 304500000 358.0
OX637751.1 304500000 305000000 358.0
OX637751.1 305000000 305500000 358.0
OX637751.1 305500000 306000000 358.0
OX637751.1 306000000 306500000 358.0
OX637751.1 306500000 307000000 358.57705
OX637751.1 307000000 307500000 359.0
OX637751.1 307500000 308000000 359.0
OX637751.1 308000000 308500000 359.0
OX637751.1 308500000 309000000 358.23661
OX637751.1 309000000 309500000 358.0
OX637751.1 309500000 310000000 358.0
OX637751.1 310000000 310500000 358.32838
OX637751.1 310500000 311000000 358.49127
OX637751.1 311000000 311500000 358.0
OX637751.1 311500000 312000000 358.0
OX637751.1 312000000 312500000 358.0
OX637751.1 312500000 313000000 358.89997
OX637751.1 313000000 313500000 359.0
OX637751.1 313500000 314000000 359.0
OX637751.1 314000000 314500000 359.0
OX637751.1 314500000 315000000 358.45114
OX637751.1 315000000 315500000 358.0
OX637751.1 315500000 316000000 358.0
OX637751.1 316000000 316500000 358.0
OX637751.1 316500000 317000000 358.0
OX637751.1 317000000 317500000 358.0
OX637751.1 317500000 318000000 358.0
OX637751.1 318000000 318500000 358.0
OX637751.1 318500000 319000000 358.0
OX637751.1 319000000 319500000 358.0
OX637751.1 319500000 320000000 358.0
OX637751.1 320000000 320500000 358.0
OX637751.1 320500000 321000000 358.0
OX637751.1 321000000 321500000 358.0
OX637751.1 321500000 322000000 358.0
OX637751.1 322000000 322500000 358.00664
OX637751.1 322500000 323000000 358.0
OX637751.1 323000000 323500000 358.0
OX637751.1 323500000 324000000 358.0
OX637751.1 324000000 324500000 358.0
OX637751.1 324500000 325000000 358.0
OX637751.1 325000000 325500000 358.46112
OX637751.1 325500000 326000000 359.00027
OX637751.1 326000000 326500000 359.0
OX637751.1 326500000 327000000 359.27705
OX637751.1 327000000 327500000 360.0
OX637751.1 327500000 328000000 359.79679
OX637751.1 328000000 328500000 359.0
OX637751.1 328500000 329000000 359.0
OX637751.1 329000000 329500000 358.08665
OX637751.1 329500000 330000000 357.13226
OX637751.1 330000000 330500000 356.43707
OX637751.1 330500000 331000000 356.0
OX637751.1 331000000 331500000 356.0
OX637751.1 331500000 332000000 356.0
OX637751.1 332000000 332500000 356.0
OX637751.1 332500000 333000000 356.0
OX637751.1 333000000 333500000 356.0
OX637751.1 333500000 334000000 356.0
OX637751.1 334000000 334500000 356.0
OX637751.1 334500000 335000000 356.0
OX637751.1 335000000 335500000 356.0
OX637751.1 335500000 336000000 356.0
OX637751.1 336000000 336500000 356.0
OX637751.1 336500000 337000000 356.0
OX637751.1 337000000 337500000 356.0
OX637751.1 337500000 338000000 356.0
OX637751.1 338000000 338500000 356.0
OX637751.1 338500000 339000000 355.38629
OX637751.1 339000000 339500000 355.0
OX637751.1 339500000 340000000 355.0
OX637751.1 340000000 340500000 355.0
OX637751.1 340500000 341000000 355.0
OX637751.1 341000000 341500000 355.0
OX637751.1 341500000 342000000 355.0
OX637751.1 342000000 342500000 355.0
OX637751.1 342500000 343000000 354.9467
OX637751.1 343000000 343500000 353.9192
OX637751.1 343500000 344000000 353.0
OX637751.1 344000000 344500000 353.0
OX637751.1 344500000 345000000 353.0
OX637751.1 345000000 345500000 353.0
OX637751.1 345500000 346000000 353.0
OX637751.1 346000000 346500000 353.0
OX637751.1 346500000 347000000 353.0
OX637751.1 347000000 347500000 353.0
OX637751.1 347500000 348000000 353.0
OX637751.1 348000000 348500000 353.0
OX637751.1 348500000 349000000 353.00044
OX637751.1 349000000 349500000 353.0
OX637751.1 349500000 350000000 353.0
OX637751.1 350000000 350500000 353.0
OX637751.1 350500000 351000000 353.0
OX637751.1 351000000 351500000 353.0
OX637751.1 351500000 352000000 353.0
OX637751.1 352000000 352500000 353.0
OX637751.1 352500000 353000000 353.0
OX637751.1 353000000 353500000 353.0
OX637751.1 353500000 354000000 352.40967
OX637751.1 354000000 354500000 351.03013
OX637751.1 354500000 355000000 351.0
OX637751.1 355000000 355500000 351.0
OX637751.1 355500000 356000000 351.0
OX637751.1 356000000 356500000 351.0
OX637751.1 356500000 357000000 351.0
OX637751.1 357000000 357500000 351.02443
OX637751.1 357500000 358000000 351.0
OX637751.1 358000000 358500000 351.0
OX637751.1 358500000 359000000 351.0
OX637751.1 359000000 359500000 351.0
OX637751.1 359500000 360000000 351.0
OX637751.1 360000000 360500000 351.0
OX637751.1 360500000 361000000 351.06621
OX637751.1 361000000 361500000 351.06052
OX637751.1 361500000 362000000 351.0
OX637751.1 362000000 362500000 351.0
OX637751.1 362500000 363000000 351.0
OX637751.1 363000000 363500000 351.0
OX637751.1 363500000 364000000 351.0
OX637751.1 364000000 364500000 351.0
OX637751.1 364500000 365000000 351.0
OX637751.1 365000000 365500000 351.0
OX637751.1 365500000 366000000 351.0
OX637751.1 366000000 366500000 351.0
OX637751.1 366500000 367000000 351.59922
OX637751.1 367000000 367500000 352.0
OX637751.1 367500000 368000000 350.49897
OX637751.1 368000000 368500000 350.0
OX637751.1 368500000 369000000 350.0
OX637751.1 369000000 369500000 350.0
OX637751.1 369500000 370000000 350.0
OX637751.1 370000000 370500000 350.0
OX637751.1 370500000 371000000 350.0
OX637751.1 371000000 371500000 350.0
OX637751.1 371500000 372000000 350.0
OX637751.1 372000000 372500000 350.0
OX637751.1 372500000 373000000 350.0
OX637751.1 373000000 373500000 349.37153
OX637751.1 373500000 374000000 349.0
OX637751.1 374000000 374500000 349.6497
OX637751.1 374500000 375000000 349.85774
OX637751.1 375000000 375500000 349.0
OX637751.1 375500000 376000000 349.0
OX637751.1 376000000 376500000 349.0
OX637751.1 376500000 377000000 349.0
OX637751.1 377000000 377500000 349.0
OX637751.1 377500000 378000000 349.0
OX637751.1 378000000 378500000 349.0
OX637751.1 378500000 379000000 349.0
OX637751.1 379000000 379500000 349.0
OX637751.1 379500000 380000000 349.44027
OX637751.1 380000000 380500000 350.0
OX637751.1 380500000 381000000 350.0
OX637751.1 381000000 381500000 350.0
OX637751.1 381500000 382000000 349.29009
OX637751.1 382000000 382500000 349.0
OX637751.1 382500000 383000000 349.0
OX637751.1 383000000 383500000 349.0
OX637751.1 383500000 384000000 349.0
OX637751.1 384000000 384500000 349.0
OX637751.1 384500000 385000000 348.76021
OX637751.1 385000000 385500000 348.0
OX637751.1 385500000 386000000 348.78344
OX637751.1 386000000 386500000 349.00045
OX637751.1 386500000 387000000 348.45398
OX637751.1 387000000 387500000 348.0
OX637751.1 387500000 388000000 348.0
OX637751.1 388000000 388500000 348.0
OX637751.1 388500000 389000000 348.0
OX637751.1 389000000 389500000 348.0
OX637751.1 389500000 390000000 348.0
OX637751.1 390000000 390500000 346.96251
OX637751.1 390500000 391000000 346.0
OX637751.1 391000000 391500000 346.0
OX637751.1 391500000 392000000 346.0
OX637751.1 392000000 392500000 346.0
OX637751.1 392500000 393000000 346.0
OX637751.1 393000000 393500000 346.0
OX637751.1 393500000 394000000 346.0
OX637751.1 394000000 394500000 346.00079
OX637751.1 394500000 395000000 346.0
OX637751.1 395000000 395500000 346.0
OX637751.1 395500000 396000000 346.0
OX637751.1 396000000 396500000 346.0
OX637751.1 396500000 397000000 344.75569
OX637751.1 397000000 397500000 344.0
OX637751.1 397500000 398000000 344.0
OX637751.1 398000000 398500000 343.41312
OX637751.1 398500000 399000000 343.0
OX637751.1 399000000 399500000 343.0
OX637751.1 399500000 400000000 343.0
OX637751.1 400000000 400500000 342.10387
OX637751.1 400500000 401000000 341.00016
OX637751.1 401000000 401500000 341.0
OX637751.1 401500000 402000000 341.9927
OX637751.1 402000000 402500000 342.18436
OX637751.1 402500000 403000000 343.0
OX637751.1 403000000 403500000 343.0
OX637751.1 403500000 404000000 343.0
OX637751.1 404000000 404500000 343.0
OX637751.1 404500000 405000000 342.5931
OX637751.1 405000000 405500000 342.0
OX637751.1 405500000 406000000 342.0
OX637751.1 406000000 406500000 342.0
OX637751.1 406500000 407000000 341.84594
OX637751.1 407000000 407500000 341.00025
OX637751.1 407500000 408000000 341.0
OX637751.1 408000000 408500000 341.0
OX637751.1 408500000 409000000 340.32391
OX637751.1 409000000 409500000 339.0
OX637751.1 409500000 410000000 338.12905
OX637751.1 410000000 410500000 337.40511
OX637751.1 410500000 411000000 337.0
OX637751.1 411000000 411500000 337.0
OX637751.1 411500000 412000000 337.0
OX637751.1 412000000 412500000 335.88214
OX637751.1 412500000 413000000 335.0
OX637751.1 413000000 413500000 335.0
OX637751.1 413500000 414000000 333.63842
OX637751.1 414000000 414500000 333.0
OX637751.1 414500000 415000000 333.0
OX637751.1 415000000 415500000 333.0
OX637751.1 415500000 416000000 333.0
OX637751.1 416000000 416500000 333.0
OX637751.1 416500000 417000000 333.0
OX637751.1 417000000 417500000 333.0
OX637751.1 417500000 418000000 333.0
OX637751.1 418000000 418500000 333.0
OX637751.1 418500000 419000000 333.0
OX637751.1 419000000 419500000 333.0
OX637751.1 419500000 420000000 333.0
OX637751.1 420000000 420500000 333.0
OX637751.1 420500000 421000000 333.0
OX637751.1 421000000 421500000 333.0
OX637751.1 421500000 422000000 333.0
OX637751.1 422000000 422500000 333.0
OX637751.1 422500000 423000000 333.0
OX637751.1 423000000 423500000 333.0
OX637751.1 423500000 424000000 333.00042
OX637751.1 424000000 424500000 333.09089
OX637751.1 424500000 425000000 333.0
OX637751.1 425000000 425500000 333.0
OX637751.1 425500000 426000000 333.0
OX637751.1 426000000 426500000 333.0
OX637751.1 426500000 427000000 333.0
OX637751.1 427000000 427500000 333.0
OX637751.1 427500000 428000000 333.0
OX637751.1 428000000 428500000 333.0
OX637751.1 428500000 429000000 333.0
OX637751.1 429000000 429500000 333.0
OX637751.1 429500000 430000000 333.0
OX637751.1 430000000 430500000 333.0
OX637751.1 430500000 431000000 333.0
OX637751.1 431000000 431500000 333.0
OX637751.1 431500000 432000000 333.0
OX637751.1 432000000 432500000 333.0
OX637751.1 432500000 433000000 333.0
OX637751.1 433000000 433500000 333.0
OX637751.1 433500000 434000000 333.0
OX637751.1 434000000 434500000 333.0
OX637751.1 434500000 435000000 333.0
OX637751.1 435000000 435500000 333.0
OX637751.1 435500000 436000000 333.0
OX637751.1 436000000 436500000 333.0
OX637751.1 436500000 437000000 333.0
OX637751.1 437000000 437500000 333.0
OX637751.1 437500000 438000000 333.0
OX637751.1 438000000 438500000 333.0
OX637751.1 438500000 439000000 333.0
OX637751.1 439000000 439500000 333.0
OX637751.1 439500000 440000000 333.00017
OX637751.1 440000000 440500000 333.0
OX637751.1 440500000 441000000 333.0
OX637751.1 441000000 441500000 333.0
OX637751.1 441500000 442000000 333.0
OX637751.1 442000000 442500000 333.0
OX637751.1 442500000 443000000 333.50925
OX637751.1 443000000 443500000 334.0
OX637751.1 443500000 444000000 334.0
OX637751.1 444000000 444500000 334.0
OX637751.1 444500000 445000000 334.0
OX637751.1 445000000 445500000 334.0
OX637751.1 445500000 446000000 333.612
OX637751.1 446000000 446500000 333.0
OX637751.1 446500000 447000000 333.00045
OX637751.1 447000000 447500000 333.0
OX637751.1 447500000 448000000 333.0
OX637751.1 448000000 448500000 333.0
OX637751.1 448500000 449000000 333.0
OX637751.1 449000000 449500000 333.0
OX637751.1 449500000 450000000 333.0
OX637751.1 450000000 450500000 333.0
OX637751.1 450500000 451000000 333.0
OX637751.1 451000000 451500000 333.0
OX637751.1 451500000 452000000 333.0
OX637751.1 452000000 452500000 333.0
OX637751.1 452500000 453000000 333.0
OX637751.1 453000000 453500000 333.0
OX637751.1 453500000 454000000 333.0
OX637751.1 454000000 454500000 333.0
OX637751.1 454500000 455000000 333.0
OX637751.1 455000000 455500000 333.57729
OX637751.1 455500000 456000000 334.0
OX637751.1 456000000 456500000 334.0
OX637751.1 456500000 457000000 334.0
OX637751.1 457000000 457500000 334.0
OX637751.1 457500000 458000000 334.0
OX637751.1 458000000 458500000 333.24983
OX637751.1 458500000 459000000 333.0
OX637751.1 459000000 459500000 333.0
OX637751.1 459500000 460000000 333.0
OX637751.1 460000000 460500000 333.0
OX637751.1 460500000 461000000 332.74326
OX637751.1 461000000 461500000 332.0
OX637751.1 461500000 462000000 331.30612
OX637751.1 462000000 462500000 331.0
OX637751.1 462500000 463000000 331.0
OX637751.1 463000000 463500000 331.0
OX637751.1 463500000 464000000 331.0
OX637751.1 464000000 464500000 331.0
OX637751.1 464500000 465000000 331.0
OX637751.1 465000000 465500000 331.0
OX637751.1 465500000 466000000 331.0
OX637751.1 466000000 466500000 331.0
OX637751.1 466500000 467000000 330.36595
OX637751.1 467000000 467500000 330.0
OX637751.1 467500000 468000000 330.0
OX637751.1 468000000 468500000 330.0
OX637751.1 468500000 469000000 330.0
OX637751.1 469000000 469500000 329.06652
OX637751.1 469500000 470000000 329.0
OX637751.1 470000000 470500000 328.81823
OX637751.1 470500000 471000000 328.0
OX637751.1 471000000 471500000 328.0
OX637751.1 471500000 472000000 328.0
OX637751.1 472000000 472500000 328.0
OX637751.1 472500000 473000000 327.98515
OX637751.1 473000000 473500000 327.0074
OX637751.1 473500000 474000000 326.14695
OX637751.1 474000000 474500000 324.0
OX637751.1 474500000 475000000 323.55109
OX637751.1 475000000 475500000 323.0
OX637751.1 475500000 476000000 323.0
OX637751.1 476000000 476500000 322.55331
OX637751.1 476500000 477000000 322.0
OX637751.1 477000000 477500000 322.0
OX637751.1 477500000 478000000 322.0
OX637751.1 478000000 478500000 322.0
OX637751.1 478500000 479000000 322.0
OX637751.1 479000000 479500000 322.0
OX637751.1 479500000 480000000 321.24527
OX637751.1 480000000 480500000 320.10827
OX637751.1 480500000 481000000 319.00018
OX637751.1 481000000 481500000 318.53741
OX637751.1 481500000 482000000 317.11198
OX637751.1 482000000 482500000 317.0
OX637751.1 482500000 483000000 317.0
OX637751.1 483000000 483500000 317.0
OX637751.1 483500000 484000000 317.0
OX637751.1 484000000 484500000 316.69402
OX637751.1 484500000 485000000 316.0
OX637751.1 485000000 485500000 316.0
OX637751.1 485500000 486000000 315.85682
OX637751.1 486000000 486500000 315.0
OX637751.1 486500000 487000000 315.0
OX637751.1 487000000 487500000 315.0
OX637751.1 487500000 488000000 315.0
OX637751.1 488000000 488500000 315.0
OX637751.1 488500000 489000000 315.0
OX637751.1 489000000 489500000 315.0
OX637751.1 489500000 490000000 315.0
OX637751.1 490000000 490500000 315.0
OX637751.1 490500000 491000000 314.21034
OX637751.1 491000000 491500000 314.0
OX637751.1 491500000 492000000 314.0
OX637751.1 492000000 492500000 313.59822
OX637751.1 492500000 493000000 312.43689
OX637751.1 493000000 493500000 312.0
OX637751.1 493500000 494000000 312.0
OX637751.1 494000000 494500000 312.0
OX637751.1 494500000 495000000 311.71244
OX637751.1 495000000 495500000 311.0
OX637751.1 495500000 496000000 311.0
OX637751.1 496000000 496500000 311.0
OX637751.1 496500000 497000000 311.0
OX637751.1 497000000 497500000 310.89132
OX637751.1 497500000 498000000 310.0
OX637751.1 498000000 498500000 310.0
OX637751.1 498500000 499000000 309.02644
OX637751.1 499000000 499500000 309.0
OX637751.1 499500000 500000000 309.0
OX637751.1 500000000 500500000 307.97523
OX637751.1 500500000 501000000 306.65882
OX637751.1 501000000 501500000 305.0
OX637751.1 501500000 502000000 305.0
OX637751.1 502000000 502500000 305.0
OX637751.1 502500000 503000000 305.0
OX637751.1 503000000 503500000 305.0
OX637751.1 503500000 504000000 305.0
OX637751.1 504000000 504500000 305.0
OX637751.1 504500000 505000000 305.0
OX637751.1 505000000 505500000 305.0
OX637751.1 505500000 506000000 305.0
OX637751.1 506000000 506500000 305.0
OX637751.1 506500000 507000000 305.0
OX637751.1 507000000 507500000 305.0
OX637751.1 507500000 508000000 304.12809
OX637751.1 508000000 508500000 304.0
OX637751.1 508500000 509000000 304.0
OX637751.1 509000000 509500000 303.32878
OX637751.1 509500000 510000000 302.6627
OX637751.1 510000000 510500000 302.0
OX637751.1 510500000 511000000 301.5735
OX637751.1 511000000 511500000 300.99777
OX637751.1 511500000 512000000 299.75315
OX637751.1 512000000 512500000 299.0
OX637751.1 512500000 513000000 297.31826
OX637751.1 513000000 513500000 297.0
OX637751.1 513500000 514000000 295.88119
OX637751.1 514000000 514500000 295.0
OX637751.1 514500000 515000000 295.0
OX637751.1 515000000 515500000 295.0
OX637751.1 515500000 516000000 295.0
OX637751.1 516000000 516500000 295.0
OX637751.1 516500000 517000000 294.75514
OX637751.1 517000000 517500000 294.0
OX637751.1 517500000 518000000 293.35046
OX637751.1 518000000 518500000 292.69906
OX637751.1 518500000 519000000 292.0
OX637751.1 519000000 519500000 289.60187
OX637751.1 519500000 520000000 289.0
OX637751.1 520000000 520500000 289.0
OX637751.1 520500000 521000000 289.0
OX637751.1 521000000 521500000 289.0
OX637751.1 521500000 522000000 288.15134
OX637751.1 522000000 522500000 287.0
OX637751.1 522500000 523000000 287.0
OX637751.1 523000000 523500000 287.0
OX637751.1 523500000 524000000 286.90489
OX637751.1 524000000 524500000 286.0
OX637751.1 524500000 525000000 285.33308
OX637751.1 525000000 525500000 284.30299
OX637751.1 525500000 526000000 284.0
OX637751.1 526000000 526500000 284.0
OX637751.1 526500000 527000000 284.0
OX637751.1 527000000 527500000 283.22161
OX637751.1 527500000 528000000 282.28048
OX637751.1 528000000 528500000 280.30227
OX637751.1 528500000 529000000 280.0
OX637751.1 529000000 529500000 280.0
OX637751.1 529500000 530000000 280.0
OX637751.1 530000000 530500000 280.0
OX637751.1 530500000 531000000 280.0
OX637751.1 531000000 531500000 280.0
OX637751.1 531500000 532000000 280.0
OX637751.1 532000000 532500000 280.0
OX637751.1 532500000 533000000 280.0
OX637751.1 533000000 533500000 278.96525
OX637751.1 533500000 534000000 278.0
OX637751.1 534000000 534500000 278.0
OX637751.1 534500000 535000000 277.29388
OX637751.1 535000000 535500000 276.58754
OX637751.1 535500000 536000000 276.0
OX637751.1 536000000 536500000 275.69616
OX637751.1 536500000 537000000 275.0
OX637751.1 537000000 537500000 275.0
OX637751.1 537500000 538000000 275.0
OX637751.1 538000000 538500000 274.26528
OX637751.1 538500000 539000000 274.0
OX637751.1 539000000 539500000 274.0
OX637751.1 539500000 540000000 274.0
OX637751.1 540000000 540500000 274.0
OX637751.1 540500000 541000000 274.0
OX637751.1 541000000 541500000 274.0
OX637751.1 541500000 542000000 274.0
OX637751.1 542000000 542500000 274.0
OX637751.1 542500000 543000000 273.43272
OX637751.1 543000000 543500000 272.69674
OX637751.1 543500000 544000000 272.0
OX637751.1 544000000 544500000 272.0
OX637751.1 544500000 545000000 272.0
OX637751.1 545000000 545500000 271.13337
OX637751.1 545500000 546000000 271.0
OX637751.1 546000000 546500000 271.0
OX637751.1 546500000 547000000 271.0
OX637751.1 547000000 547500000 271.0
OX637751.1 547500000 548000000 271.0
OX637751.1 548000000 548500000 270.70454
OX637751.1 548500000 549000000 270.0
OX637751.1 549000000 549500000 269.46197
OX637751.1 549500000 550000000 267.05658
OX637751.1 550000000 550500000 266.0
OX637751.1 550500000 551000000 266.0
OX637751.1 551000000 551500000 266.0
OX637751.1 551500000 552000000 266.0
OX637751.1 552000000 552500000 266.0
OX637751.1 552500000 553000000 266.0
OX637751.1 553000000 553500000 266.0
OX637751.1 553500000 554000000 266.0
OX637751.1 554000000 554500000 266.0
OX637751.1 554500000 555000000 266.0
OX637751.1 555000000 555500000 265.53756
OX637751.1 555500000 556000000 264.0
OX637751.1 556000000 556500000 264.0
OX637751.1 556500000 557000000 264.0
OX637751.1 557000000 557500000 262.05521
OX637751.1 557500000 558000000 261.95781
OX637751.1 558000000 558500000 261.0
OX637751.1 558500000 559000000 261.0
OX637751.1 559000000 559500000 261.0
OX637751.1 559500000 560000000 261.0
OX637751.1 560000000 560500000 261.0
OX637751.1 560500000 561000000 261.0
OX637751.1 561000000 561500000 260.78049
OX637751.1 561500000 562000000 260.0
OX637751.1 562000000 562500000 260.0
OX637751.1 562500000 563000000 259.39426
OX637751.1 563000000 563500000 259.0
OX637751.1 563500000 564000000 259.0
OX637751.1 564000000 564500000 259.0
OX637751.1 564500000 565000000 259.0
OX637751.1 565000000 565500000 259.0
OX637751.1 565500000 566000000 259.0
OX637751.1 566000000 566500000 259.0
OX637751.1 566500000 567000000 259.0
OX637751.1 567000000 567500000 259.0
OX637751.1 567500000 568000000 259.0
OX637751.1 568000000 568500000 259.0
OX637751.1 568500000 569000000 259.0
OX637751.1 569000000 569500000 259.0
OX637751.1 569500000 570000000 259.0
OX637751.1 570000000 570500000 259.0
OX637751.1 570500000 571000000 259.0
OX637751.1 571000000 571500000 259.0
OX637751.1 571500000 572000000 259.0
OX637751.1 572000000 572500000 257.41105
OX637751.1 572500000 573000000 256.0
OX637751.1 573000000 573500000 255.93439
OX637751.1 573500000 574000000 254.03436
OX637751.1 574000000 574500000 254.0
OX637751.1 574500000 575000000 254.0
OX637751.1 575000000 575500000 254.0
OX637751.1 575500000 576000000 254.0
OX637751.1 576000000 576500000 253.49539
OX637751.1 576500000 577000000 252.5076
OX637751.1 577000000 577500000 250.43749
OX637751.1 577500000 578000000 248.53831
OX637751.1 578000000 578500000 248.0
OX637751.1 578500000 579000000 248.0
OX637751.1 579000000 579500000 246.26204
OX637751.1 579500000 580000000 245.74172
OX637751.1 580000000 580500000 245.0
OX637751.1 580500000 581000000 245.0
OX637751.1 581000000 581500000 245.0
OX637751.1 581500000 582000000 245.0
OX637751.1 582000000 582500000 244.52199
OX637751.1 582500000 583000000 243.60061
OX637751.1 583000000 583500000 240.67412
OX637751.1 583500000 584000000 240.0
OX637751.1 584000000 584500000 240.0
OX637751.1 584500000 585000000 240.0
OX637751.1 585000000 585500000 240.0
OX637751.1 585500000 586000000 239.59557
OX637751.1 586000000 586500000 238.07188
OX637751.1 586500000 587000000 233.8573
OX637751.1 587000000 587500000 232.0
OX637751.1 587500000 588000000 231.23291
OX637751.1 588000000 588500000 229.45041
OX637751.1 588500000 589000000 228.37326
OX637751.1 589000000 589500000 228.0
OX637751.1 589500000 590000000 228.0
OX637751.1 590000000 590500000 227.99852
OX637751.1 590500000 591000000 226.09079
OX637751.1 591000000 591500000 224.09183
OX637751.1 591500000 592000000 223.54309
OX637751.1 592000000 592500000 223.0
OX637751.1 592500000 593000000 221.6017
OX637751.1 593000000 593500000 219.69173
OX637751.1 593500000 594000000 217.0
OX637751.1 594000000 594500000 216.64143
OX637751.1 594500000 595000000 216.0
OX637751.1 595000000 595500000 216.0
OX637751.1 595500000 596000000 215.50996
OX637751.1 596000000 596500000 214.8904
OX637751.1 596500000 597000000 213.0
OX637751.1 597000000 597500000 212.06814
OX637751.1 597500000 598000000 209.53285
OX637751.1 598000000 598500000 207.40456
OX637751.1 598500000 599000000 206.13738
OX637751.1 599000000 599500000 206.0
OX637751.1 599500000 600000000 204.87469
OX637751.1 600000000 600500000 204.0
OX637751.1 600500000 601000000 202.32577
OX637751.1 601000000 601500000 200.39961
OX637751.1 601500000 602000000 197.40073
OX637751.1 602000000 602500000 195.07694
OX637751.1 602500000 603000000 192.78383
OX637751.1 603000000 603500000 192.0
OX637751.1 603500000 604000000 192.00021
OX637751.1 604000000 604500000 192.0
OX637751.1 604500000 605000000 192.0
OX637751.1 605000000 605500000 190.83948
OX637751.1 605500000 606000000 187.13371
OX637751.1 606000000 606500000 184.18869
OX637751.1 606500000 607000000 181.0
OX637751.1 607000000 607500000 181.0
OX637751.1 607500000 608000000 181.0
OX637751.1 608000000 608500000 179.28846
OX637751.1 608500000 609000000 178.67284
OX637751.1 609000000 609500000 176.59336
OX637751.1 609500000 610000000 174.08281
OX637751.1 610000000 610500000 173.0
OX637751.1 610500000 611000000 173.0
OX637751.1 611000000 611500000 173.0
OX637751.1 611500000 612000000 173.0
OX637751.1 612000000 612500000 171.70162
OX637751.1 612500000 613000000 171.0
OX637751.1 613000000 613500000 170.83193
OX637751.1 613500000 614000000 170.0
OX637751.1 614000000 614500000 170.0
OX637751.1 614500000 615000000 168.20107
OX637751.1 615000000 615500000 168.0
OX637751.1 615500000 616000000 167.20204
OX637751.1 616000000 616500000 165.77382
OX637751.1 616500000 617000000 163.0
OX637751.1 617000000 617500000 161.6431
OX637751.1 617500000 618000000 159.92414
OX637751.1 618000000 618500000 158.85712
OX637751.1 618500000 619000000 158.0
OX637751.1 619000000 619500000 155.83829
OX637751.1 619500000 620000000 153.96199
OX637751.1 620000000 620500000 151.30159
OX637751.1 620500000 621000000 149.12206
OX637751.1 621000000 621500000 146.82291
OX637751.1 621500000 622000000 145.0
OX637751.1 622000000 622500000 144.02979
OX637751.1 622500000 623000000 141.15771
OX637751.1 623000000 623500000 140.50525
OX637751.1 623500000 624000000 139.78723
OX637751.1 624000000 624500000 139.0
OX637751.1 624500000 625000000 139.0
OX637751.1 625000000 625500000 137.37268
OX637751.1 625500000 626000000 130.46771
OX637751.1 626000000 626500000 122.72114
OX637751.1 626500000 627000000 118.40842
OX637751.1 627000000 627500000 115.676
OX637751.1 627500000 628000000 110.75381
OX637751.1 628000000 628500000 108.20913
OX637751.1 628500000 629000000 102.52269
OX637751.1 629000000 629500000 96.44689
OX637751.1 629500000 630000000 86.31834
OX637751.1 630000000 630500000 75.4191
OX637751.1 630500000 631000000 70.08132
OX637751.1 631000000 631500000 54.4258
OX637751.1 631500000 632000000 33.49526
OX637751.1 632000000 632428281 14.69965
OX637758.1 0 500000 3.88006
OX637758.1 500000 1000000 24.13937
OX637758.1 1000000 1500000 111.10909
OX637758.1 1500000 2000000 166.4358
OX637758.1 2000000 2500000 188.73741
OX637758.1 2500000 3000000 265.61973
OX637758.1 3000000 3500000 328.52808
OX637758.1 3500000 4000000 368.57587
OX637758.1 4000000 4500000 405.66599
OX637758.1 4500000 5000000 438.7655
OX637758.1 5000000 5500000 472.57016
OX637758.1 5500000 6000000 494.45294
OX637758.1 6000000 6500000 524.90603
OX637758.1 6500000 7000000 547.02747
OX637758.1 7000000 7500000 567.42757
OX637758.1 7500000 8000000 581.70087
OX637758.1 8000000 8500000 594.55183
OX637758.1 8500000 9000000 612.96322
OX637758.1 9000000 9500000 623.89731
OX637758.1 9500000 10000000 634.35684
OX637758.1 10000000 10500000 653.38303
OX637758.1 10500000 11000000 667.55996
OX637758.1 11000000 11500000 679.81968
OX637758.1 11500000 12000000 699.86268
OX637758.1 12000000 12500000 718.86973
OX637758.1 12500000 13000000 726.60679
OX637758.1 13000000 13500000 736.5534
OX637758.1 13500000 14000000 744.76986
OX637758.1 14000000 14500000 763.11619
OX637758.1 14500000 15000000 781.6345
OX637758.1 15000000 15500000 794.43666
OX637758.1 15500000 16000000 803.08829
OX637758.1 16000000 16500000 809.68208
OX637758.1 16500000 17000000 816.86563
OX637758.1 17000000 17500000 825.71089
OX637758.1 17500000 18000000 836.00029
OX637758.1 18000000 18500000 841.26362
OX637758.1 18500000 19000000 849.35618
OX637758.1 19000000 19500000 852.21975
OX637758.1 19500000 20000000 857.93292
OX637758.1 20000000 20500000 864.30287
OX637758.1 20500000 21000000 874.07579
OX637758.1 21000000 21500000 883.85215
OX637758.1 21500000 22000000 888.77937
OX637758.1 22000000 22500000 894.59137
OX637758.1 22500000 23000000 898.99784
OX637758.1 23000000 23500000 904.5295
OX637758.1 23500000 24000000 911.15928
OX637758.1 24000000 24500000 914.99416
OX637758.1 24500000 25000000 918.71977
OX637758.1 25000000 25500000 922.88398
OX637758.1 25500000 26000000 928.74423
OX637758.1 26000000 26500000 932.75691
OX637758.1 26500000 27000000 935.26069
OX637758.1 27000000 27500000 941.43597
OX637758.1 27500000 28000000 945.03842
OX637758.1 28000000 28500000 950.46524
OX637758.1 28500000 29000000 955.60414
OX637758.1 29000000 29500000 962.04306
OX637758.1 29500000 30000000 968.3438
OX637758.1 30000000 30500000 976.5187
OX637758.1 30500000 31000000 979.19747
OX637758.1 31000000 31500000 984.18543
OX637758.1 31500000 32000000 986.80165
OX637758.1 32000000 32500000 991.12514
OX637758.1 32500000 33000000 997.01751
OX637758.1 33000000 33500000 1004.71452
OX637758.1 33500000 34000000 1007.81816
OX637758.1 34000000 34500000 1013.76516
OX637758.1 34500000 35000000 1017.12374
OX637758.1 35000000 35500000 1019.91079
OX637758.1 35500000 36000000 1022.31847
OX637758.1 36000000 36500000 1024.62675
OX637758.1 36500000 37000000 1030.31938
OX637758.1 37000000 37500000 1038.76804
OX637758.1 37500000 38000000 1041.8642
OX637758.1 38000000 38500000 1046.0135
OX637758.1 38500000 39000000 1052.61467
OX637758.1 39000000 39500000 1056.99067
OX637758.1 39500000 40000000 1061.40428
OX637758.1 40000000 40500000 1064.98959
OX637758.1 40500000 41000000 1066.50291
OX637758.1 41000000 41500000 1072.72387
OX637758.1 41500000 42000000 1076.11161
OX637758.1 42000000 42500000 1077.73021
OX637758.1 42500000 43000000 1078.16887
OX637758.1 43000000 43500000 1083.38796
OX637758.1 43500000 44000000 1086.0
OX637758.1 44000000 44500000 1086.23148
OX637758.1 44500000 45000000 1089.67684
OX637758.1 45000000 45500000 1095.93012
OX637758.1 45500000 46000000 1101.33176
OX637758.1 46000000 46500000 1105.27038
OX637758.1 46500000 47000000 1105.35837
OX637758.1 47000000 47500000 1107.37956
OX637758.1 47500000 48000000 1110.07493
OX637758.1 48000000 48500000 1110.1372
OX637758.1 48500000 49000000 1111.99166
OX637758.1 49000000 49500000 1113.90016
OX637758.1 49500000 50000000 1116.34998
OX637758.1 50000000 50500000 1119.31871
OX637758.1 50500000 51000000 1121.59253
OX637758.1 51000000 51500000 1126.80965
OX637758.1 51500000 52000000 1128.11579
OX637758.1 52000000 52500000 1131.95789
OX637758.1 52500000 53000000 1134.19353
OX637758.1 53000000 53500000 1136.1571
OX637758.1 53500000 54000000 1137.52864
OX637758.1 54000000 54500000 1138.0
OX637758.1 54500000 55000000 1140.8574
OX637758.1 55000000 55500000 1142.0876
OX637758.1 55500000 56000000 1143.91128
OX637758.1 56000000 56500000 1144.68115
OX637758.1 56500000 57000000 1146.18523
OX637758.1 57000000 57500000 1149.65612
OX637758.1 57500000 58000000 1150.16126
OX637758.1 58000000 58500000 1150.0
OX637758.1 58500000 59000000 1151.99176
OX637758.1 59000000 59500000 1153.89726
OX637758.1 59500000 60000000 1154.01399
OX637758.1 60000000 60500000 1156.05087
OX637758.1 60500000 61000000 1157.56346
OX637758.1 61000000 61500000 1159.37156
OX637758.1 61500000 62000000 1160.54277
OX637758.1 62000000 62500000 1162.91744
OX637758.1 62500000 63000000 1168.27692
OX637758.1 63000000 63500000 1170.17087
OX637758.1 63500000 64000000 1173.8155
OX637758.1 64000000 64500000 1174.86487
OX637758.1 64500000 65000000 1176.5677
OX637758.1 65000000 65500000 1178.63961
OX637758.1 65500000 66000000 1179.15657
OX637758.1 66000000 66500000 1181.13238
OX637758.1 66500000 67000000 1182.70576
OX637758.1 67000000 67500000 1183.19339
OX637758.1 67500000 68000000 1184.64999
OX637758.1 68000000 68500000 1187.44034
OX637758.1 68500000 69000000 1192.42039
OX637758.1 69000000 69500000 1192.8251
OX637758.1 69500000 70000000 1194.19319
OX637758.1 70000000 70500000 1196.07178
OX637758.1 70500000 71000000 1197.34154
OX637758.1 71000000 71500000 1198.00967
OX637758.1 71500000 72000000 1197.89664
OX637758.1 72000000 72500000 1197.87205
OX637758.1 72500000 73000000 1198.15015
OX637758.1 73000000 73500000 1200.28261
OX637758.1 73500000 74000000 1204.56881
OX637758.1 74000000 74500000 1206.0
OX637758.1 74500000 75000000 1206.80568
OX637758.1 75000000 75500000 1207.86966
OX637758.1 75500000 76000000 1209.38882
OX637758.1 76000000 76500000 1209.0
OX637758.1 76500000 77000000 1209.09437
OX637758.1 77000000 77500000 1209.6189
OX637758.1 77500000 78000000 1212.82318
OX637758.1 78000000 78500000 1213.25016
OX637758.1 78500000 79000000 1217.28745
OX637758.1 79000000 79500000 1218.0
OX637758.1 79500000 80000000 1218.0
OX637758.1 80000000 80500000 1218.84135
OX637758.1 80500000 81000000 1219.0
OX637758.1 81000000 81500000 1219.0
OX637758.1 81500000 82000000 1219.02784
OX637758.1 82000000 82500000 1218.34117
OX637758.1 82500000 83000000 1218.58503
OX637758.1 83000000 83500000 1220.59225
OX637758.1 83500000 84000000 1221.66385
OX637758.1 84000000 84500000 1222.0
OX637758.1 84500000 85000000 1224.741
OX637758.1 85000000 85500000 1227.01579
OX637758.1 85500000 86000000 1227.03625
OX637758.1 86000000 86500000 1227.86405
OX637758.1 86500000 87000000 1229.50431
OX637758.1 87000000 87500000 1229.79615
OX637758.1 87500000 88000000 1231.44022
OX637758.1 88000000 88500000 1234.23905
OX637758.1 88500000 89000000 1234.32749
OX637758.1 89000000 89500000 1234.42718
OX637758.1 89500000 90000000 1234.12168
OX637758.1 90000000 90500000 1235.00019
OX637758.1 90500000 91000000 1235.0002
OX637758.1 91000000 91500000 1235.05425
OX637758.1 91500000 92000000 1235.0
OX637758.1 92000000 92500000 1236.014
OX637758.1 92500000 93000000 1236.0
OX637758.1 93000000 93500000 1236.7893
OX637758.1 93500000 94000000 1237.13311
OX637758.1 94000000 94500000 1239.89708
OX637758.1 94500000 95000000 1244.6286
OX637758.1 95000000 95500000 1246.0168
OX637758.1 95500000 96000000 1246.46265
OX637758.1 96000000 96500000 1248.76231
OX637758.1 96500000 97000000 1251.96656
OX637758.1 97000000 97500000 1252.14378
OX637758.1 97500000 98000000 1253.07892
OX637758.1 98000000 98500000 1254.05763
OX637758.1 98500000 99000000 1254.19677
OX637758.1 99000000 99500000 1255.09177
OX637758.1 99500000 100000000 1256.39233
OX637758.1 100000000 100500000 1254.10526
OX637758.1 100500000 101000000 1257.45043
OX637758.1 101000000 101500000 1255.93385
OX637758.1 101500000 102000000 1253.96211
OX637758.1 102000000 102500000 1253.37747
OX637758.1 102500000 103000000 1254.26391
OX637758.1 103000000 103500000 1253.50772
OX637758.1 103500000 104000000 1254.68258
OX637758.1 104000000 104500000 1254.16594
OX637758.1 104500000 105000000 1255.05466
OX637758.1 105000000 105500000 1255.02533
OX637758.1 105500000 106000000 1254.9587
OX637758.1 106000000 106500000 1253.61966
OX637758.1 106500000 107000000 1253.0
OX637758.1 107000000 107500000 1253.0
OX637758.1 107500000 108000000 1253.29498
OX637758.1 108000000 108500000 1254.60492
OX637758.1 108500000 109000000 1256.69891
OX637758.1 109000000 109500000 1258.13036
OX637758.1 109500000 110000000 1259.04515
OX637758.1 110000000 110500000 1258.87629
OX637758.1 110500000 111000000 1256.81049
OX637758.1 111000000 111500000 1255.36095
OX637758.1 111500000 112000000 1255.0
OX637758.1 112000000 112500000 1255.0
OX637758.1 112500000 113000000 1255.02058
OX637758.1 113000000 113500000 1254.5984
OX637758.1 113500000 114000000 1255.0
OX637758.1 114000000 114500000 1255.05134
OX637758.1 114500000 115000000 1254.52349
OX637758.1 115000000 115500000 1253.78435
OX637758.1 115500000 116000000 1252.23735
OX637758.1 116000000 116500000 1252.71821
OX637758.1 116500000 117000000 1254.0
OX637758.1 117000000 117500000 1254.0
OX637758.1 117500000 118000000 1253.05846
OX637758.1 118000000 118500000 1254.54942
OX637758.1 118500000 119000000 1255.02688
OX637758.1 119000000 119500000 1255.82892
OX637758.1 119500000 120000000 1256.02794
OX637758.1 120000000 120500000 1256.01674
OX637758.1 120500000 121000000 1255.20394
OX637758.1 121000000 121500000 1254.96179
OX637758.1 121500000 122000000 1255.44238
OX637758.1 122000000 122500000 1256.0
OX637758.1 122500000 123000000 1256.0281
OX637758.1 123000000 123500000 1256.03005
OX637758.1 123500000 124000000 1256.72886
OX637758.1 124000000 124500000 1256.86583
OX637758.1 124500000 125000000 1256.06464
OX637758.1 125000000 125500000 1256.04768
OX637758.1 125500000 126000000 1256.43645
OX637758.1 126000000 126500000 1258.33932
OX637758.1 126500000 127000000 1260.42575
OX637758.1 127000000 127500000 1259.05064
OX637758.1 127500000 128000000 1258.18966
OX637758.1 128000000 128500000 1258.89043
OX637758.1 128500000 129000000 1258.25979
OX637758.1 129000000 129500000 1255.3062
OX637758.1 129500000 130000000 1254.62242
OX637758.1 130000000 130500000 1253.79774
OX637758.1 130500000 131000000 1253.01821
OX637758.1 131000000 131500000 1252.28606
OX637758.1 131500000 132000000 1252.02591
OX637758.1 132000000 132500000 1251.51058
OX637758.1 132500000 133000000 1250.94969
OX637758.1 133000000 133500000 1251.02779
OX637758.1 133500000 134000000 1251.01669
OX637758.1 134000000 134500000 1251.53072
OX637758.1 134500000 135000000 1251.02732
OX637758.1 135000000 135500000 1251.0
OX637758.1 135500000 136000000 1251.03968
OX637758.1 136000000 136500000 1251.02801
OX637758.1 136500000 137000000 1249.28286
OX637758.1 137000000 137500000 1248.46382
OX637758.1 137500000 138000000 1249.18571
OX637758.1 138000000 138500000 1250.0167
OX637758.1 138500000 139000000 1250.94654
OX637758.1 139000000 139500000 1252.0
OX637758.1 139500000 140000000 1252.0
OX637758.1 140000000 140500000 1253.80318
OX637758.1 140500000 141000000 1254.06065
OX637758.1 141000000 141500000 1254.55873
OX637758.1 141500000 142000000 1255.7685
OX637758.1 142000000 142500000 1256.00042
OX637758.1 142500000 143000000 1256.93203
OX637758.1 143000000 143500000 1257.0
OX637758.1 143500000 144000000 1257.01758
OX637758.1 144000000 144500000 1257.0
OX637758.1 144500000 145000000 1257.0
OX637758.1 145000000 145500000 1256.68961
OX637758.1 145500000 146000000 1257.0
OX637758.1 146000000 146500000 1256.70073
OX637758.1 146500000 147000000 1256.02348
OX637758.1 147000000 147500000 1256.15391
OX637758.1 147500000 148000000 1255.03346
OX637758.1 148000000 148500000 1255.0167
OX637758.1 148500000 149000000 1254.61006
OX637758.1 149000000 149500000 1254.0
OX637758.1 149500000 150000000 1253.77951
OX637758.1 150000000 150500000 1254.02336
OX637758.1 150500000 151000000 1253.27319
OX637758.1 151000000 151500000 1253.0
OX637758.1 151500000 152000000 1253.40247
OX637758.1 152000000 152500000 1253.0
OX637758.1 152500000 153000000 1253.0
OX637758.1 153000000 153500000 1253.02507
OX637758.1 153500000 154000000 1252.83923
OX637758.1 154000000 154500000 1252.02041
OX637758.1 154500000 155000000 1250.50359
OX637758.1 155000000 155500000 1250.0181
OX637758.1 155500000 156000000 1250.01565
OX637758.1 156000000 156500000 1251.73541
OX637758.1 156500000 157000000 1251.84164
OX637758.1 157000000 157500000 1250.76742
OX637758.1 157500000 158000000 1251.02847
OX637758.1 158000000 158500000 1250.30382
OX637758.1 158500000 159000000 1250.0
OX637758.1 159000000 159500000 1249.26042
OX637758.1 159500000 160000000 1248.79565
OX637758.1 160000000 160500000 1249.85876
OX637758.1 160500000 161000000 1250.09739
OX637758.1 161000000 161500000 1249.8012
OX637758.1 161500000 162000000 1247.77341
OX637758.1 162000000 162500000 1247.45071
OX637758.1 162500000 163000000 1245.76795
OX637758.1 163000000 163500000 1245.0
OX637758.1 163500000 164000000 1243.96856
OX637758.1 164000000 164500000 1244.02366
OX637758.1 164500000 165000000 1245.15275
OX637758.1 165000000 165500000 1246.08985
OX637758.1 165500000 166000000 1245.0
OX637758.1 166000000 166500000 1244.23158
OX637758.1 166500000 167000000 1244.64972
OX637758.1 167000000 167500000 1245.27768
OX637758.1 167500000 168000000 1245.0
OX637758.1 168000000 168500000 1244.54595
OX637758.1 168500000 169000000 1243.86732
OX637758.1 169000000 169500000 1243.27795
OX637758.1 169500000 170000000 1244.0002
OX637758.1 170000000 170500000 1244.39634
OX637758.1 170500000 171000000 1245.09427
OX637758.1 171000000 171500000 1246.16787
OX637758.1 171500000 172000000 1247.97438
OX637758.1 172000000 172500000 1246.57867
OX637758.1 172500000 173000000 1245.4907
OX637758.1 173000000 173500000 1243.58602
OX637758.1 173500000 174000000 1242.24595
OX637758.1 174000000 174500000 1241.01356
OX637758.1 174500000 175000000 1242.80666
OX637758.1 175000000 175500000 1241.77498
OX637758.1 175500000 176000000 1241.01068
OX637758.1 176000000 176500000 1240.5712
OX637758.1 176500000 177000000 1239.88817
OX637758.1 177000000 177500000 1240.74062
OX637758.1 177500000 178000000 1241.04234
OX637758.1 178000000 178500000 1240.85507
OX637758.1 178500000 179000000 1241.05431
OX637758.1 179000000 179500000 1240.19886
OX637758.1 179500000 180000000 1240.00277
OX637758.1 180000000 180500000 1238.07565
OX637758.1 180500000 181000000 1239.00751
OX637758.1 181000000 181500000 1238.55639
OX637758.1 181500000 182000000 1237.05686
OX637758.1 182000000 182500000 1236.40071
OX637758.1 182500000 183000000 1236.20852
OX637758.1 183000000 183500000 1236.55416
OX637758.1 183500000 184000000 1234.87426
OX637758.1 184000000 184500000 1232.74733
OX637758.1 184500000 185000000 1231.89209
OX637758.1 185000000 185500000 1232.0
OX637758.1 185500000 186000000 1232.0
OX637758.1 186000000 186500000 1230.11808
OX637758.1 186500000 187000000 1229.15293
OX637758.1 187000000 187500000 1229.40658
OX637758.1 187500000 188000000 1230.01674
OX637758.1 188000000 188500000 1230.8839
OX637758.1 188500000 189000000 1231.77667
OX637758.1 189000000 189500000 1230.82367
OX637758.1 189500000 190000000 1229.66739
OX637758.1 190000000 190500000 1226.49133
OX637758.1 190500000 191000000 1225.11137
OX637758.1 191000000 191500000 1224.86655
OX637758.1 191500000 192000000 1223.8593
OX637758.1 192000000 192500000 1223.01398
OX637758.1 192500000 193000000 1223.96538
OX637758.1 193000000 193500000 1223.10318
OX637758.1 193500000 194000000 1220.29047
OX637758.1 194000000 194500000 1218.2722
OX637758.1 194500000 195000000 1216.21559
OX637758.1 195000000 195500000 1215.67787
OX637758.1 195500000 196000000 1215.04241
OX637758.1 196000000 196500000 1214.45266
OX637758.1 196500000 197000000 1213.78931
OX637758.1 197000000 197500000 1213.58654
OX637758.1 197500000 198000000 1213.72141
OX637758.1 198000000 198500000 1212.89333
OX637758.1 198500000 199000000 1211.46987
OX637758.1 199000000 199500000 1211.56269
OX637758.1 199500000 200000000 1211.11571
OX637758.1 200000000 200500000 1210.06077
OX637758.1 200500000 201000000 1210.10809
OX637758.1 201000000 201500000 1210.6367
OX637758.1 201500000 202000000 1207.68536
OX637758.1 202000000 202500000 1206.3498
OX637758.1 202500000 203000000 1205.15019
OX637758.1 203000000 203500000 1204.58605
OX637758.1 203500000 204000000 1203.87863
OX637758.1 204000000 204500000 1202.08496
OX637758.1 204500000 205000000 1202.0
OX637758.1 205000000 205500000 1200.924
OX637758.1 205500000 206000000 1200.02371
OX637758.1 206000000 206500000 1200.87035
OX637758.1 206500000 207000000 1201.0
OX637758.1 207000000 207500000 1201.04738
OX637758.1 207500000 208000000 1200.39796
OX637758.1 208000000 208500000 1200.05007
OX637758.1 208500000 209000000 1201.98017
OX637758.1 209000000 209500000 1203.0
OX637758.1 209500000 210000000 1202.36102
OX637758.1 210000000 210500000 1198.75
OX637758.1 210500000 211000000 1198.02404
OX637758.1 211000000 211500000 1196.20594
OX637758.1 211500000 212000000 1194.17192
OX637758.1 212000000 212500000 1192.07013
OX637758.1 212500000 213000000 1189.74453
OX637758.1 213000000 213500000 1179.90696
OX637758.1 213500000 214000000 1177.44498
OX637758.1 214000000 214500000 1175.65292
OX637758.1 214500000 215000000 1172.56729
OX637758.1 215000000 215500000 1171.51133
OX637758.1 215500000 216000000 1171.01674
OX637758.1 216000000 216500000 1170.75629
OX637758.1 216500000 217000000 1168.77414
OX637758.1 217000000 217500000 1166.65263
OX637758.1 217500000 218000000 1164.11277
OX637758.1 218000000 218500000 1162.71673
OX637758.1 218500000 219000000 1160.84334
OX637758.1 219000000 219500000 1160.02895
OX637758.1 219500000 220000000 1159.43748
OX637758.1 220000000 220500000 1158.38975
OX637758.1 220500000 221000000 1156.46721
OX637758.1 221000000 221500000 1154.49068
OX637758.1 221500000 222000000 1153.14108
OX637758.1 222000000 222500000 1154.00022
OX637758.1 222500000 223000000 1154.02782
OX637758.1 223000000 223500000 1151.89523
OX637758.1 223500000 224000000 1150.73709
OX637758.1 224000000 224500000 1149.69694
OX637758.1 224500000 225000000 1146.89748
OX637758.1 225000000 225500000 1143.17062
OX637758.1 225500000 226000000 1139.74254
OX637758.1 226000000 226500000 1137.09632
OX637758.1 226500000 227000000 1134.49501
OX637758.1 227000000 227500000 1133.08963
OX637758.1 227500000 228000000 1131.89656
OX637758.1 228000000 228500000 1129.81377
OX637758.1 228500000 229000000 1126.02204
OX637758.1 229000000 229500000 1121.53605
OX637758.1 229500000 230000000 1117.19547
OX637758.1 230000000 230500000 1116.98853
OX637758.1 230500000 231000000 1115.45374
OX637758.1 231000000 231500000 1112.29264
OX637758.1 231500000 232000000 1110.99281
OX637758.1 232000000 232500000 1110.70232
OX637758.1 232500000 233000000 1106.57871
OX637758.1 233000000 233500000 1105.02242
OX637758.1 233500000 234000000 1102.22535
OX637758.1 234000000 234500000 1099.13499
OX637758.1 234500000 235000000 1098.1218
OX637758.1 235000000 235500000 1096.38981
OX637758.1 235500000 236000000 1093.22942
OX637758.1 236000000 236500000 1091.41744
OX637758.1 236500000 237000000 1089.75085
OX637758.1 237000000 237500000 1085.88611
OX637758.1 237500000 238000000 1082.83847
OX637758.1 238000000 238500000 1078.07072
OX637758.1 238500000 239000000 1078.02691
OX637758.1 239000000 239500000 1077.61653
OX637758.1 239500000 240000000 1075.93037
OX637758.1 240000000 240500000 1074.38472
OX637758.1 240500000 241000000 1070.42755
OX637758.1 241000000 241500000 1066.43761
OX637758.1 241500000 242000000 1061.0267
OX637758.1 242000000 242500000 1055.63046
OX637758.1 242500000 243000000 1052.27545
OX637758.1 243000000 243500000 1048.81211
OX637758.1 243500000 244000000 1046.90311
OX637758.1 244000000 244500000 1042.68654
OX637758.1 244500000 245000000 1038.94574
OX637758.1 245000000 245500000 1035.41186
OX637758.1 245500000 246000000 1030.53858
OX637758.1 246000000 246500000 1029.12677
OX637758.1 246500000 247000000 1027.24845
OX637758.1 247000000 247500000 1024.91252
OX637758.1 247500000 248000000 1022.92755
OX637758.1 248000000 248500000 1021.35889
OX637758.1 248500000 249000000 1015.2584
OX637758.1 249000000 249500000 1010.78019
OX637758.1 249500000 250000000 1009.20084
OX637758.1 250000000 250500000 1005.70145
OX637758.1 250500000 251000000 1001.45946
OX637758.1 251000000 251500000 998.76696
OX637758.1 251500000 252000000 995.60876
OX637758.1 252000000 252500000 993.26354
OX637758.1 252500000 253000000 988.06753
OX637758.1 253000000 253500000 985.397
OX637758.1 253500000 254000000 982.48448
OX637758.1 254000000 254500000 978.79996
OX637758.1 254500000 255000000 976.62953
OX637758.1 255000000 255500000 971.28428
OX637758.1 255500000 256000000 965.99486
OX637758.1 256000000 256500000 961.87743
OX637758.1 256500000 257000000 960.71224
OX637758.1 257000000 257500000 958.90528
OX637758.1 257500000 258000000 955.63725
OX637758.1 258000000 258500000 952.05796
OX637758.1 258500000 259000000 949.58652
OX637758.1 259000000 259500000 949.77699
OX637758.1 259500000 260000000 947.79488
OX637758.1 260000000 260500000 944.84714
OX637758.1 260500000 261000000 941.10702
OX637758.1 261000000 261500000 937.46146
OX637758.1 261500000 262000000 932.94696
OX637758.1 262000000 262500000 926.13285
OX637758.1 262500000 263000000 916.30316
OX637758.1 263000000 263500000 912.538
OX637758.1 263500000 264000000 906.9875
OX637758.1 264000000 264500000 901.49685
OX637758.1 264500000 265000000 893.72721
OX637758.1 265000000 265500000 887.26097
OX637758.1 265500000 266000000 886.58364
OX637758.1 266000000 266500000 883.84912
OX637758.1 266500000 267000000 881.9892
OX637758.1 267000000 267500000 877.1385
OX637758.1 267500000 268000000 873.3628
OX637758.1 268000000 268500000 871.73238
OX637758.1 268500000 269000000 866.92063
OX637758.1 269000000 269500000 858.82615
OX637758.1 269500000 270000000 852.55964
OX637758.1 270000000 270500000 847.59802
OX637758.1 270500000 271000000 843.83677
OX637758.1 271000000 271500000 835.36502
OX637758.1 271500000 272000000 829.30713
OX637758.1 272000000 272500000 825.35531
OX637758.1 272500000 273000000 821.73494
OX637758.1 273000000 273500000 811.99947
OX637758.1 273500000 274000000 802.82205
OX637758.1 274000000 274500000 795.65658
OX637758.1 274500000 275000000 791.9787
OX637758.1 275000000 275500000 783.76927
OX637758.1 275500000 276000000 771.36107
OX637758.1 276000000 276500000 766.72147
OX637758.1 276500000 277000000 759.96186
OX637758.1 277000000 277500000 756.34463
OX637758.1 277500000 278000000 753.59514
OX637758.1 278000000 278500000 749.91229
OX637758.1 278500000 279000000 746.81632
OX637758.1 279000000 279500000 739.80338
OX637758.1 279500000 280000000 726.56909
OX637758.1 280000000 280500000 711.30401
OX637758.1 280500000 281000000 702.11615
OX637758.1 281000000 281500000 696.91702
OX637758.1 281500000 282000000 688.47237
OX637758.1 282000000 282500000 683.45063
OX637758.1 282500000 283000000 675.43616
OX637758.1 283000000 283500000 667.68606
OX637758.1 283500000 284000000 656.1993
OX637758.1 284000000 284500000 645.40666
OX637758.1 284500000 285000000 637.6194
OX637758.1 285000000 285500000 623.99428
OX637758.1 285500000 286000000 613.63773
OX637758.1 286000000 286500000 604.14572
OX637758.1 286500000 287000000 584.6588
OX637758.1 287000000 287500000 567.70153
OX637758.1 287500000 288000000 554.38014
OX637758.1 288000000 288500000 542.91468
OX637758.1 288500000 289000000 528.88842
OX637758.1 289000000 289500000 509.57713
OX637758.1 289500000 290000000 497.53801
OX637758.1 290000000 290500000 483.19037
OX637758.1 290500000 291000000 464.47217
OX637758.1 291000000 291500000 446.47904
OX637758.1 291500000 292000000 423.15159
OX637758.1 292000000 292500000 393.9457
OX637758.1 292500000 293000000 369.79219
OX637758.1 293000000 293500000 342.51053
OX637758.1 293500000 294000000 293.82551
OX637758.1 294000000 294500000 232.29094
OX637758.1 294500000 295000000 194.75404
OX637758.1 295000000 295500000 164.0012
OX637758.1 295500000 296000000 138.45418
OX637758.1 296000000 296500000 89.13333
OX637758.1 296500000 297000000 33.65885
OX637758.1 297000000 297154445 0.0
OX637745.1 0 500000 14.06035
OX637745.1 500000 1000000 97.18041
OX637745.1 1000000 1500000 181.57118
OX637745.1 1500000 2000000 234.40266
OX637745.1 2000000 2500000 289.60051
OX637745.1 2500000 3000000 334.38931
OX637745.1 3000000 3500000 368.1865
OX637745.1 3500000 4000000 412.51261
OX637745.1 4000000 4500000 438.76454
OX637745.1 4500000 5000000 456.22595
OX637745.1 5000000 5500000 489.32848
OX637745.1 5500000 6000000 507.7453
OX637745.1 6000000 6500000 532.53439
OX637745.1 6500000 7000000 560.53619
OX637745.1 7000000 7500000 583.54895
OX637745.1 7500000 8000000 609.66241
OX637745.1 8000000 8500000 626.1384
OX637745.1 8500000 9000000 649.95312
OX637745.1 9000000 9500000 673.38333
OX637745.1 9500000 10000000 692.34193
OX637745.1 10000000 10500000 706.34079
OX637745.1 10500000 11000000 720.9358
OX637745.1 11000000 11500000 743.44787
OX637745.1 11500000 12000000 759.11312
OX637745.1 12000000 12500000 772.58307
OX637745.1 12500000 13000000 793.10725
OX637745.1 13000000 13500000 808.41014
OX637745.1 13500000 14000000 829.10116
OX637745.1 14000000 14500000 841.77828
OX637745.1 14500000 15000000 866.32175
OX637745.1 15000000 15500000 888.30742
OX637745.1 15500000 16000000 909.40621
OX637745.1 16000000 16500000 920.20061
OX637745.1 16500000 17000000 937.6746
OX637745.1 17000000 17500000 952.04999
OX637745.1 17500000 18000000 976.08012
OX637745.1 18000000 18500000 995.3566
OX637745.1 18500000 19000000 1011.23446
OX637745.1 19000000 19500000 1016.9955
OX637745.1 19500000 20000000 1026.80923
OX637745.1 20000000 20500000 1035.7327
OX637745.1 20500000 21000000 1041.92545
OX637745.1 21000000 21500000 1043.0
OX637745.1 21500000 22000000 1044.64871
OX637745.1 22000000 22500000 1053.95042
OX637745.1 22500000 23000000 1059.76395
OX637745.1 23000000 23500000 1068.55188
OX637745.1 23500000 24000000 1077.85884
OX637745.1 24000000 24500000 1086.57011
OX637745.1 24500000 25000000 1089.7652
OX637745.1 25000000 25500000 1094.23641
OX637745.1 25500000 26000000 1100.41163
OX637745.1 26000000 26500000 1104.01079
OX637745.1 26500000 27000000 1110.07661
OX637745.1 27000000 27500000 1114.0
OX637745.1 27500000 28000000 1114.0
OX637745.1 28000000 28500000 1117.02244
OX637745.1 28500000 29000000 1119.40713
OX637745.1 29000000 29500000 1128.88411
OX637745.1 29500000 30000000 1140.82396
OX637745.1 30000000 30500000 1155.39504
OX637745.1 30500000 31000000 1166.95529
OX637745.1 31000000 31500000 1175.48999
OX637745.1 31500000 32000000 1182.82885
OX637745.1 32000000 32500000 1193.05056
OX637745.1 32500000 33000000 1201.43526
OX637745.1 33000000 33500000 1209.61983
OX637745.1 33500000 34000000 1216.48259
OX637745.1 34000000 34500000 1222.98338
OX637745.1 34500000 35000000 1229.78193
OX637745.1 35000000 35500000 1233.95836
OX637745.1 35500000 36000000 1241.45105
OX637745.1 36000000 36500000 1249.11377
OX637745.1 36500000 37000000 1257.84728
OX637745.1 37000000 37500000 1267.37224
OX637745.1 37500000 38000000 1276.72171
OX637745.1 38000000 38500000 1283.72075
OX637745.1 38500000 39000000 1289.10999
OX637745.1 39000000 39500000 1295.56875
OX637745.1 39500000 40000000 1302.20453
OX637745.1 40000000 40500000 1306.51524
OX637745.1 40500000 41000000 1310.19271
OX637745.1 41000000 41500000 1317.85089
OX637745.1 41500000 42000000 1323.36904
OX637745.1 42000000 42500000 1326.79744
OX637745.1 42500000 43000000 1333.77007
OX637745.1 43000000 43500000 1340.31201
OX637745.1 43500000 44000000 1351.05566
OX637745.1 44000000 44500000 1357.90893
OX637745.1 44500000 45000000 1371.05165
OX637745.1 45000000 45500000 1376.42178
OX637745.1 45500000 46000000 1382.47862
OX637745.1 46000000 46500000 1389.39307
OX637745.1 46500000 47000000 1392.90349
OX637745.1 47000000 47500000 1397.92457
OX637745.1 47500000 48000000 1405.15654
OX637745.1 48000000 48500000 1411.43428
OX637745.1 48500000 49000000 1414.88754
OX637745.1 49000000 49500000 1419.73833
OX637745.1 49500000 50000000 1425.29434
OX637745.1 50000000 50500000 1430.75354
OX637745.1 50500000 51000000 1438.28295
OX637745.1 51000000 51500000 1446.66679
OX637745.1 51500000 52000000 1451.03825
OX637745.1 52000000 52500000 1453.34864
OX637745.1 52500000 53000000 1459.74347
OX637745.1 53000000 53500000 1465.86261
OX637745.1 53500000 54000000 1471.43205
OX637745.1 54000000 54500000 1475.04123
OX637745.1 54500000 55000000 1476.1298
OX637745.1 55000000 55500000 1478.76719
OX637745.1 55500000 56000000 1481.50012
OX637745.1 56000000 56500000 1482.98826
OX637745.1 56500000 57000000 1485.44841
OX637745.1 57000000 57500000 1489.95117
OX637745.1 57500000 58000000 1495.05261
OX637745.1 58000000 58500000 1501.80032
OX637745.1 58500000 59000000 1504.95623
OX637745.1 59000000 59500000 1507.54739
OX637745.1 59500000 60000000 1510.73493
OX637745.1 60000000 60500000 1512.02398
OX637745.1 60500000 61000000 1513.81984
OX637745.1 61000000 61500000 1516.29725
OX637745.1 61500000 62000000 1520.23879
OX637745.1 62000000 62500000 1521.0
OX637745.1 62500000 63000000 1522.62423
OX637745.1 63000000 63500000 1526.01062
OX637745.1 63500000 64000000 1526.26971
OX637745.1 64000000 64500000 1530.01704
OX637745.1 64500000 65000000 1533.76774
OX637745.1 65000000 65500000 1536.07812
OX637745.1 65500000 66000000 1538.84828
OX637745.1 66000000 66500000 1540.92332
OX637745.1 66500000 67000000 1544.79176
OX637745.1 67000000 67500000 1546.18727
OX637745.1 67500000 68000000 1550.35628
OX637745.1 68000000 68500000 1552.76039
OX637745.1 68500000 69000000 1558.2913
OX637745.1 69000000 69500000 1560.76249
OX637745.1 69500000 70000000 1565.2759
OX637745.1 70000000 70500000 1567.33612
OX637745.1 70500000 71000000 1569.09066
OX637745.1 71000000 71500000 1571.48204
OX637745.1 71500000 72000000 1573.0
OX637745.1 72000000 72500000 1573.0
OX637745.1 72500000 73000000 1572.78919
OX637745.1 73000000 73500000 1572.01188
OX637745.1 73500000 74000000 1572.62109
OX637745.1 74000000 74500000 1573.0526
OX637745.1 74500000 75000000 1573.0
OX637745.1 75000000 75500000 1573.1649
OX637745.1 75500000 76000000 1575.22002
OX637745.1 76000000 76500000 1577.39852
OX637745.1 76500000 77000000 1581.64375
OX637745.1 77000000 77500000 1586.75957
OX637745.1 77500000 78000000 1596.25733
OX637745.1 78000000 78500000 1600.12099
OX637745.1 78500000 79000000 1604.44898
OX637745.1 79000000 79500000 1606.0
OX637745.1 79500000 80000000 1610.56361
OX637745.1 80000000 80500000 1613.81212
OX637745.1 80500000 81000000 1614.67491
OX637745.1 81000000 81500000 1615.0289
OX637745.1 81500000 82000000 1615.03448
OX637745.1 82000000 82500000 1616.2709
OX637745.1 82500000 83000000 1619.38898
OX637745.1 83000000 83500000 1622.00166
OX637745.1 83500000 84000000 1623.7953
OX637745.1 84000000 84500000 1627.07506
OX637745.1 84500000 85000000 1630.21443
OX637745.1 85000000 85500000 1631.46917
OX637745.1 85500000 86000000 1632.21375
OX637745.1 86000000 86500000 1634.21195
OX637745.1 86500000 87000000 1635.18353
OX637745.1 87000000 87500000 1637.11491
OX637745.1 87500000 88000000 1638.68647
OX637745.1 88000000 88500000 1642.36805
OX637745.1 88500000 89000000 1645.29334
OX637745.1 89000000 89500000 1648.7518
OX637745.1 89500000 90000000 1649.66152
OX637745.1 90000000 90500000 1650.76875
OX637745.1 90500000 91000000 1653.04824
OX637745.1 91000000 91500000 1654.443
OX637745.1 91500000 92000000 1655.8918
OX637745.1 92000000 92500000 1658.47872
OX637745.1 92500000 93000000 1660.10772
OX637745.1 93000000 93500000 1662.66638
OX637745.1 93500000 94000000 1663.90733
OX637745.1 94000000 94500000 1665.13812
OX637745.1 94500000 95000000 1668.26334
OX637745.1 95000000 95500000 1671.1336
OX637745.1 95500000 96000000 1672.68544
OX637745.1 96000000 96500000 1676.81428
OX637745.1 96500000 97000000 1680.35514
OX637745.1 97000000 97500000 1684.96418
OX637745.1 97500000 98000000 1685.80268
OX637745.1 98000000 98500000 1689.70065
OX637745.1 98500000 99000000 1695.42385
OX637745.1 99000000 99500000 1697.5992
OX637745.1 99500000 100000000 1700.515
OX637745.1 100000000 100500000 1704.01601
OX637745.1 100500000 101000000 1706.74498
OX637745.1 101000000 101500000 1707.09775
OX637745.1 101500000 102000000 1708.01143
OX637745.1 102000000 102500000 1710.65144
OX637745.1 102500000 103000000 1709.3397
OX637745.1 103000000 103500000 1711.81034
OX637745.1 103500000 104000000 1714.09398
OX637745.1 104000000 104500000 1716.05012
OX637745.1 104500000 105000000 1717.12297
OX637745.1 105000000 105500000 1718.99106
OX637745.1 105500000 106000000 1721.67591
OX637745.1 106000000 106500000 1726.27726
OX637745.1 106500000 107000000 1727.28718
OX637745.1 107000000 107500000 1732.83187
OX637745.1 107500000 108000000 1734.60709
OX637745.1 108000000 108500000 1736.19595
OX637745.1 108500000 109000000 1737.60243
OX637745.1 109000000 109500000 1739.34429
OX637745.1 109500000 110000000 1740.91127
OX637745.1 110000000 110500000 1743.28765
OX637745.1 110500000 111000000 1743.72042
OX637745.1 111000000 111500000 1745.36253
OX637745.1 111500000 112000000 1747.57371
OX637745.1 112000000 112500000 1748.4847
OX637745.1 112500000 113000000 1749.60588
OX637745.1 113000000 113500000 1751.93364
OX637745.1 113500000 114000000 1753.24231
OX637745.1 114000000 114500000 1754.89295
OX637745.1 114500000 115000000 1756.70112
OX637745.1 115000000 115500000 1757.47315
OX637745.1 115500000 116000000 1758.79658
OX637745.1 116000000 116500000 1759.78117
OX637745.1 116500000 117000000 1760.7308
OX637745.1 117000000 117500000 1765.24891
OX637745.1 117500000 118000000 1766.02691
OX637745.1 118000000 118500000 1767.56991
OX637745.1 118500000 119000000 1768.0
OX637745.1 119000000 119500000 1768.56026
OX637745.1 119500000 120000000 1772.05349
OX637745.1 120000000 120500000 1773.8011
OX637745.1 120500000 121000000 1774.813
OX637745.1 121000000 121500000 1774.59794
OX637745.1 121500000 122000000 1775.01971
OX637745.1 122000000 122500000 1775.0
OX637745.1 122500000 123000000 1775.53466
OX637745.1 123000000 123500000 1778.29314
OX637745.1 123500000 124000000 1780.63363
OX637745.1 124000000 124500000 1781.80404
OX637745.1 124500000 125000000 1782.74531
OX637745.1 125000000 125500000 1785.70552
OX637745.1 125500000 126000000 1788.37242
OX637745.1 126000000 126500000 1791.332
OX637745.1 126500000 127000000 1793.70742
OX637745.1 127000000 127500000 1795.19645
OX637745.1 127500000 128000000 1796.68854
OX637745.1 128000000 128500000 1797.02005
OX637745.1 128500000 129000000 1796.55248
OX637745.1 129000000 129500000 1796.83071
OX637745.1 129500000 130000000 1797.1487
OX637745.1 130000000 130500000 1798.43728
OX637745.1 130500000 131000000 1801.12816
OX637745.1 131000000 131500000 1802.13902
OX637745.1 131500000 132000000 1802.42126
OX637745.1 132000000 132500000 1805.29108
OX637745.1 132500000 133000000 1808.00093
OX637745.1 133000000 133500000 1809.24565
OX637745.1 133500000 134000000 1811.97741
OX637745.1 134000000 134500000 1812.01099
OX637745.1 134500000 135000000 1813.55536
OX637745.1 135000000 135500000 1814.48464
OX637745.1 135500000 136000000 1816.15734
OX637745.1 136000000 136500000 1820.46169
OX637745.1 136500000 137000000 1823.65741
OX637745.1 137000000 137500000 1824.01017
OX637745.1 137500000 138000000 1824.29811
OX637745.1 138000000 138500000 1827.6795
OX637745.1 138500000 139000000 1829.14926
OX637745.1 139000000 139500000 1829.85162
OX637745.1 139500000 140000000 1830.05008
OX637745.1 140000000 140500000 1831.06352
OX637745.1 140500000 141000000 1832.95497
OX637745.1 141000000 141500000 1833.06159
OX637745.1 141500000 142000000 1834.0
OX637745.1 142000000 142500000 1835.0833
OX637745.1 142500000 143000000 1836.61863
OX637745.1 143000000 143500000 1837.15707
OX637745.1 143500000 144000000 1838.0
OX637745.1 144000000 144500000 1839.53767
OX637745.1 144500000 145000000 1841.96525
OX637745.1 145000000 145500000 1846.04363
OX637745.1 145500000 146000000 1846.1429
OX637745.1 146000000 146500000 1849.38154
OX637745.1 146500000 147000000 1850.21988
OX637745.1 147000000 147500000 1851.27372
OX637745.1 147500000 148000000 1852.51114
OX637745.1 148000000 148500000 1853.62184
OX637745.1 148500000 149000000 1854.94493
OX637745.1 149000000 149500000 1855.01776
OX637745.1 149500000 150000000 1855.04762
OX637745.1 150000000 150500000 1855.34567
OX637745.1 150500000 151000000 1855.69732
OX637745.1 151000000 151500000 1856.46185
OX637745.1 151500000 152000000 1857.89952
OX637745.1 152000000 152500000 1858.65061
OX637745.1 152500000 153000000 1859.00349
OX637745.1 153000000 153500000 1859.63159
OX637745.1 153500000 154000000 1862.00909
OX637745.1 154000000 154500000 1861.32885
OX637745.1 154500000 155000000 1861.46902
OX637745.1 155000000 155500000 1861.34216
OX637745.1 155500000 156000000 1860.87828
OX637745.1 156000000 156500000 1861.70564
OX637745.1 156500000 157000000 1864.70843
OX637745.1 157000000 157500000 1867.4266
OX637745.1 157500000 158000000 1867.70093
OX637745.1 158000000 158500000 1869.00825
OX637745.1 158500000 159000000 1870.01399
OX637745.1 159000000 159500000 1871.67001
OX637745.1 159500000 160000000 1872.04932
OX637745.1 160000000 160500000 1873.24302
OX637745.1 160500000 161000000 1874.37946
OX637745.1 161000000 161500000 1875.05138
OX637745.1 161500000 162000000 1875.9383
OX637745.1 162000000 162500000 1877.84038
OX637745.1 162500000 163000000 1879.02042
OX637745.1 163000000 163500000 1879.44067
OX637745.1 163500000 164000000 1880.05247
OX637745.1 164000000 164500000 1880.32392
OX637745.1 164500000 165000000 1881.32675
OX637745.1 165000000 165500000 1883.35684
OX637745.1 165500000 166000000 1884.66287
OX637745.1 166000000 166500000 1886.71501
OX637745.1 166500000 167000000 1887.0161
OX637745.1 167000000 167500000 1887.37849
OX637745.1 167500000 168000000 1887.34192
OX637745.1 168000000 168500000 1888.24871
OX637745.1 168500000 169000000 1888.0408
OX637745.1 169000000 169500000 1888.34341
OX637745.1 169500000 170000000 1889.02045
OX637745.1 170000000 170500000 1889.00017
OX637745.1 170500000 171000000 1889.0187
OX637745.1 171000000 171500000 1888.56624
OX637745.1 171500000 172000000 1890.0209
OX637745.1 172000000 172500000 1889.68179
OX637745.1 172500000 173000000 1889.03088
OX637745.1 173000000 173500000 1890.46294
OX637745.1 173500000 174000000 1891.01929
OX637745.1 174000000 174500000 1892.89166
OX637745.1 174500000 175000000 1896.02465
OX637745.1 175000000 175500000 1896.0505
OX637745.1 175500000 176000000 1896.0
OX637745.1 176000000 176500000 1896.79333
OX637745.1 176500000 177000000 1897.0
OX637745.1 177000000 177500000 1897.91495
OX637745.1 177500000 178000000 1899.02776
OX637745.1 178000000 178500000 1899.07842
OX637745.1 178500000 179000000 1899.38482
OX637745.1 179000000 179500000 1901.01936
OX637745.1 179500000 180000000 1902.62131
OX637745.1 180000000 180500000 1903.6147
OX637745.1 180500000 181000000 1903.17213
OX637745.1 181000000 181500000 1904.81369
OX637745.1 181500000 182000000 1906.66133
OX637745.1 182000000 182500000 1906.22373
OX637745.1 182500000 183000000 1906.0
OX637745.1 183000000 183500000 1906.95554
OX637745.1 183500000 184000000 1907.7565
OX637745.1 184000000 184500000 1908.60874
OX637745.1 184500000 185000000 1909.04345
OX637745.1 185000000 185500000 1909.0
OX637745.1 185500000 186000000 1908.60571
OX637745.1 186000000 186500000 1908.66043
OX637745.1 186500000 187000000 1909.0286
OX637745.1 187000000 187500000 1909.0514
OX637745.1 187500000 188000000 1908.63262
OX637745.1 188000000 188500000 1908.18912
OX637745.1 188500000 189000000 1909.02359
OX637745.1 189000000 189500000 1909.39403
OX637745.1 189500000 190000000 1909.02436
OX637745.1 190000000 190500000 1910.1064
OX637745.1 190500000 191000000 1912.05727
OX637745.1 191000000 191500000 1912.0
OX637745.1 191500000 192000000 1911.80338
OX637745.1 192000000 192500000 1912.03926
OX637745.1 192500000 193000000 1912.87565
OX637745.1 193000000 193500000 1912.90807
OX637745.1 193500000 194000000 1913.0
OX637745.1 194000000 194500000 1913.0
OX637745.1 194500000 195000000 1913.00295
OX637745.1 195000000 195500000 1913.02838
OX637745.1 195500000 196000000 1913.03489
OX637745.1 196000000 196500000 1913.11453
OX637745.1 196500000 197000000 1914.07597
OX637745.1 197000000 197500000 1915.03677
OX637745.1 197500000 198000000 1916.68782
OX637745.1 198000000 198500000 1917.46533
OX637745.1 198500000 199000000 1918.04236
OX637745.1 199000000 199500000 1920.78344
OX637745.1 199500000 200000000 1923.40674
OX637745.1 200000000 200500000 1924.11836
OX637745.1 200500000 201000000 1924.01384
OX637745.1 201000000 201500000 1923.57349
OX637745.1 201500000 202000000 1923.05062
OX637745.1 202000000 202500000 1923.01603
OX637745.1 202500000 203000000 1923.02756
OX637745.1 203000000 203500000 1923.04241
OX637745.1 203500000 204000000 1923.18829
OX637745.1 204000000 204500000 1922.98217
OX637745.1 204500000 205000000 1922.76763
OX637745.1 205000000 205500000 1924.0
OX637745.1 205500000 206000000 1924.82886
OX637745.1 206000000 206500000 1926.27496
OX637745.1 206500000 207000000 1927.10077
OX637745.1 207000000 207500000 1927.0
OX637745.1 207500000 208000000 1927.05321
OX637745.1 208000000 208500000 1927.03783
OX637745.1 208500000 209000000 1927.56046
OX637745.1 209000000 209500000 1928.59877
OX637745.1 209500000 210000000 1929.0196
OX637745.1 210000000 210500000 1929.03373
OX637745.1 210500000 211000000 1929.00851
OX637745.1 211000000 211500000 1929.70874
OX637745.1 211500000 212000000 1929.41252
OX637745.1 212000000 212500000 1930.70105
OX637745.1 212500000 213000000 1931.01914
OX637745.1 213000000 213500000 1931.60331
OX637745.1 213500000 214000000 1931.22616
OX637745.1 214000000 214500000 1931.0208
OX637745.1 214500000 215000000 1931.23152
OX637745.1 215000000 215500000 1932.02013
OX637745.1 215500000 216000000 1932.18608
OX637745.1 216000000 216500000 1933.4411
OX637745.1 216500000 217000000 1932.0
OX637745.1 217000000 217500000 1933.72669
OX637745.1 217500000 218000000 1933.98607
OX637745.1 218000000 218500000 1933.0327
OX637745.1 218500000 219000000 1933.04693
OX637745.1 219000000 219500000 1934.31558
OX637745.1 219500000 220000000 1935.78739
OX637745.1 220000000 220500000 1936.41459
OX637745.1 220500000 221000000 1935.34489
OX637745.1 221000000 221500000 1935.03882
OX637745.1 221500000 222000000 1935.0
OX637745.1 222000000 222500000 1935.03262
OX637745.1 222500000 223000000 1935.65527
OX637745.1 223000000 223500000 1935.09738
OX637745.1 223500000 224000000 1936.22751
OX637745.1 224000000 224500000 1937.63684
OX637745.1 224500000 225000000 1938.20488
OX637745.1 225000000 225500000 1939.87736
OX637745.1 225500000 226000000 1939.02034
OX637745.1 226000000 226500000 1940.3674
OX637745.1 226500000 227000000 1942.81763
OX637745.1 227000000 227500000 1943.0218
OX637745.1 227500000 228000000 1942.42516
OX637745.1 228000000 228500000 1943.0315
OX637745.1 228500000 229000000 1943.0
OX637745.1 229000000 229500000 1943.66092
OX637745.1 229500000 230000000 1943.74768
OX637745.1 230000000 230500000 1942.629
OX637745.1 230500000 231000000 1942.7557
OX637745.1 231000000 231500000 1944.12816
OX637745.1 231500000 232000000 1946.00134
OX637745.1 232000000 232500000 1945.01203
OX637745.1 232500000 233000000 1945.97217
OX637745.1 233000000 233500000 1946.07036
OX637745.1 233500000 234000000 1947.02536
OX637745.1 234000000 234500000 1946.79928
OX637745.1 234500000 235000000 1947.12104
OX637745.1 235000000 235500000 1948.04945
OX637745.1 235500000 236000000 1948.18058
OX637745.1 236000000 236500000 1949.6337
OX637745.1 236500000 237000000 1949.89042
OX637745.1 237000000 237500000 1949.26159
OX637745.1 237500000 238000000 1948.99588
OX637745.1 238000000 238500000 1948.85055
OX637745.1 238500000 239000000 1948.79376
OX637745.1 239000000 239500000 1949.0
OX637745.1 239500000 240000000 1948.99328
OX637745.1 240000000 240500000 1948.01019
OX637745.1 240500000 241000000 1948.42524
OX637745.1 241000000 241500000 1949.32002
OX637745.1 241500000 242000000 1951.60657
OX637745.1 242000000 242500000 1952.1381
OX637745.1 242500000 243000000 1954.65745
OX637745.1 243000000 243500000 1954.60898
OX637745.1 243500000 244000000 1955.65086
OX637745.1 244000000 244500000 1955.68967
OX637745.1 244500000 245000000 1956.36916
OX637745.1 245000000 245500000 1956.04195
OX637745.1 245500000 246000000 1956.15739
OX637745.1 246000000 246500000 1956.39218
OX637745.1 246500000 247000000 1958.52347
OX637745.1 247000000 247500000 1959.04995
OX637745.1 247500000 248000000 1959.00023
OX637745.1 248000000 248500000 1959.16406
OX637745.1 248500000 249000000 1960.48444
OX637745.1 249000000 249500000 1962.41414
OX637745.1 249500000 250000000 1963.03767
OX637745.1 250000000 250500000 1963.01731
OX637745.1 250500000 251000000 1963.0
OX637745.1 251000000 251500000 1965.54262
OX637745.1 251500000 252000000 1966.15976
OX637745.1 252000000 252500000 1967.51103
OX637745.1 252500000 253000000 1969.02162
OX637745.1 253000000 253500000 1969.03581
OX637745.1 253500000 254000000 1968.41501
OX637745.1 254000000 254500000 1968.0
OX637745.1 254500000 255000000 1968.9196
OX637745.1 255000000 255500000 1969.81804
OX637745.1 255500000 256000000 1969.63306
OX637745.1 256000000 256500000 1969.05766
OX637745.1 256500000 257000000 1969.01753
OX637745.1 257000000 257500000 1968.53733
OX637745.1 257500000 258000000 1969.24571
OX637745.1 258000000 258500000 1970.05636
OX637745.1 258500000 259000000 1970.00129
OX637745.1 259000000 259500000 1970.04489
OX637745.1 259500000 260000000 1969.97522
OX637745.1 260000000 260500000 1968.28138
OX637745.1 260500000 261000000 1968.31981
OX637745.1 261000000 261500000 1967.33941
OX637745.1 261500000 262000000 1968.02858
OX637745.1 262000000 262500000 1968.01993
OX637745.1 262500000 263000000 1968.5421
OX637745.1 263000000 263500000 1969.11577
OX637745.1 263500000 264000000 1969.05827
OX637745.1 264000000 264500000 1969.0
OX637745.1 264500000 265000000 1969.59704
OX637745.1 265000000 265500000 1970.0
OX637745.1 265500000 266000000 1970.00619
OX637745.1 266000000 266500000 1970.06919
OX637745.1 266500000 267000000 1973.0
OX637745.1 267000000 267500000 1971.42417
OX637745.1 267500000 268000000 1969.0
OX637745.1 268000000 268500000 1968.54252
OX637745.1 268500000 269000000 1968.01631
OX637745.1 269000000 269500000 1967.76455
OX637745.1 269500000 270000000 1966.33603
OX637745.1 270000000 270500000 1966.43051
OX637745.1 270500000 271000000 1967.15051
OX637745.1 271000000 271500000 1968.46668
OX637745.1 271500000 272000000 1968.83906
OX637745.1 272000000 272500000 1969.81461
OX637745.1 272500000 273000000 1969.0
OX637745.1 273000000 273500000 1968.5559
OX637745.1 273500000 274000000 1968.0188
OX637745.1 274000000 274500000 1968.0
OX637745.1 274500000 275000000 1968.39886
OX637745.1 275000000 275500000 1969.04968
OX637745.1 275500000 276000000 1970.0183
OX637745.1 276000000 276500000 1970.02287
OX637745.1 276500000 277000000 1970.31576
OX637745.1 277000000 277500000 1970.0
OX637745.1 277500000 278000000 1969.08577
OX637745.1 278000000 278500000 1968.0
OX637745.1 278500000 279000000 1967.82217
OX637745.1 279000000 279500000 1967.02074
OX637745.1 279500000 280000000 1967.62277
OX637745.1 280000000 280500000 1966.23695
OX637745.1 280500000 281000000 1965.82524
OX637745.1 281000000 281500000 1965.07368
OX637745.1 281500000 282000000 1965.46288
OX637745.1 282000000 282500000 1965.01827
OX637745.1 282500000 283000000 1964.31966
OX637745.1 283000000 283500000 1964.03001
OX637745.1 283500000 284000000 1962.99238
OX637745.1 284000000 284500000 1964.16867
OX637745.1 284500000 285000000 1965.05198
OX637745.1 285000000 285500000 1965.00194
OX637745.1 285500000 286000000 1964.66022
OX637745.1 286000000 286500000 1965.40664
OX637745.1 286500000 287000000 1966.00972
OX637745.1 287000000 287500000 1964.08637
OX637745.1 287500000 288000000 1965.02331
OX637745.1 288000000 288500000 1965.00743
OX637745.1 288500000 289000000 1965.06793
OX637745.1 289000000 289500000 1966.01874
OX637745.1 289500000 290000000 1966.01975
OX637745.1 290000000 290500000 1966.6052
OX637745.1 290500000 291000000 1965.14309
OX637745.1 291000000 291500000 1965.29875
OX637745.1 291500000 292000000 1965.42692
OX637745.1 292000000 292500000 1963.93938
OX637745.1 292500000 293000000 1963.0
OX637745.1 293000000 293500000 1962.67683
OX637745.1 293500000 294000000 1962.01877
OX637745.1 294000000 294500000 1962.04174
OX637745.1 294500000 295000000 1961.1378
OX637745.1 295000000 295500000 1960.01873
OX637745.1 295500000 296000000 1960.02936
OX637745.1 296000000 296500000 1961.37327
OX637745.1 296500000 297000000 1963.02439
OX637745.1 297000000 297500000 1963.79964
OX637745.1 297500000 298000000 1963.07496
OX637745.1 298000000 298500000 1963.00598
OX637745.1 298500000 299000000 1962.02552
OX637745.1 299000000 299500000 1962.22217
OX637745.1 299500000 300000000 1962.74103
OX637745.1 300000000 300500000 1962.03657
OX637745.1 300500000 301000000 1962.18161
OX637745.1 301000000 301500000 1961.0
OX637745.1 301500000 302000000 1961.07264
OX637745.1 302000000 302500000 1960.84637
OX637745.1 302500000 303000000 1960.06223
OX637745.1 303000000 303500000 1960.01863
OX637745.1 303500000 304000000 1959.72873
OX637745.1 304000000 304500000 1959.00118
OX637745.1 304500000 305000000 1959.01955
OX637745.1 305000000 305500000 1959.0
OX637745.1 305500000 306000000 1959.00984
OX637745.1 306000000 306500000 1958.43309
OX637745.1 306500000 307000000 1957.01895
OX637745.1 307000000 307500000 1957.22798
OX637745.1 307500000 308000000 1958.0178
OX637745.1 308000000 308500000 1958.90541
OX637745.1 308500000 309000000 1960.4689
OX637745.1 309000000 309500000 1959.10999
OX637745.1 309500000 310000000 1956.56569
OX637745.1 310000000 310500000 1954.77677
OX637745.1 310500000 311000000 1953.50233
OX637745.1 311000000 311500000 1952.72964
OX637745.1 311500000 312000000 1951.3993
OX637745.1 312000000 312500000 1949.31845
OX637745.1 312500000 313000000 1950.64284
OX637745.1 313000000 313500000 1951.12363
OX637745.1 313500000 314000000 1950.99794
OX637745.1 314000000 314500000 1950.65424
OX637745.1 314500000 315000000 1950.01413
OX637745.1 315000000 315500000 1949.03846
OX637745.1 315500000 316000000 1949.9218
OX637745.1 316000000 316500000 1950.01967
OX637745.1 316500000 317000000 1950.98932
OX637745.1 317000000 317500000 1951.00399
OX637745.1 317500000 318000000 1950.71549
OX637745.1 318000000 318500000 1950.01494
OX637745.1 318500000 319000000 1949.05651
OX637745.1 319000000 319500000 1948.17852
OX637745.1 319500000 320000000 1948.71576
OX637745.1 320000000 320500000 1950.28528
OX637745.1 320500000 321000000 1951.0
OX637745.1 321000000 321500000 1951.02118
OX637745.1 321500000 322000000 1950.12963
OX637745.1 322000000 322500000 1950.05486
OX637745.1 322500000 323000000 1950.33072
OX637745.1 323000000 323500000 1948.95676
OX637745.1 323500000 324000000 1946.28858
OX637745.1 324000000 324500000 1944.39315
OX637745.1 324500000 325000000 1944.76225
OX637745.1 325000000 325500000 1943.48365
OX637745.1 325500000 326000000 1942.62902
OX637745.1 326000000 326500000 1941.0
OX637745.1 326500000 327000000 1940.80104
OX637745.1 327000000 327500000 1939.45304
OX637745.1 327500000 328000000 1938.68759
OX637745.1 328000000 328500000 1937.71092
OX637745.1 328500000 329000000 1937.66801
OX637745.1 329000000 329500000 1937.03612
OX637745.1 329500000 330000000 1936.87224
OX637745.1 330000000 330500000 1936.13365
OX637745.1 330500000 331000000 1935.81121
OX637745.1 331000000 331500000 1936.98068
OX637745.1 331500000 332000000 1938.31536
OX637745.1 332000000 332500000 1939.33025
OX637745.1 332500000 333000000 1938.16685
OX637745.1 333000000 333500000 1937.39327
OX637745.1 333500000 334000000 1939.24387
OX637745.1 334000000 334500000 1940.38991
OX637745.1 334500000 335000000 1940.98415
OX637745.1 335000000 335500000 1942.63044
OX637745.1 335500000 336000000 1942.05593
OX637745.1 336000000 336500000 1942.08416
OX637745.1 336500000 337000000 1941.55206
OX637745.1 337000000 337500000 1941.1644
OX637745.1 337500000 338000000 1941.32922
OX637745.1 338000000 338500000 1942.03067
OX637745.1 338500000 339000000 1941.71409
OX637745.1 339000000 339500000 1941.26797
OX637745.1 339500000 340000000 1940.57299
OX637745.1 340000000 340500000 1940.49691
OX637745.1 340500000 341000000 1937.49425
OX637745.1 341000000 341500000 1936.11092
OX637745.1 341500000 342000000 1935.42604
OX637745.1 342000000 342500000 1933.67977
OX637745.1 342500000 343000000 1932.97937
OX637745.1 343000000 343500000 1932.99245
OX637745.1 343500000 344000000 1931.16894
OX637745.1 344000000 344500000 1929.92041
OX637745.1 344500000 345000000 1928.00646
OX637745.1 345000000 345500000 1925.51625
OX637745.1 345500000 346000000 1924.226
OX637745.1 346000000 346500000 1923.50653
OX637745.1 346500000 347000000 1922.68313
OX637745.1 347000000 347500000 1921.60352
OX637745.1 347500000 348000000 1921.01916
OX637745.1 348000000 348500000 1920.09555
OX637745.1 348500000 349000000 1919.0
OX637745.1 349000000 349500000 1918.23502
OX637745.1 349500000 350000000 1916.74583
OX637745.1 350000000 350500000 1915.40945
OX637745.1 350500000 351000000 1911.2329
OX637745.1 351000000 351500000 1905.08615
OX637745.1 351500000 352000000 1903.38867
OX637745.1 352000000 352500000 1900.63935
OX637745.1 352500000 353000000 1899.0952
OX637745.1 353000000 353500000 1895.51109
OX637745.1 353500000 354000000 1894.32657
OX637745.1 354000000 354500000 1892.22512
OX637745.1 354500000 355000000 1891.09605
OX637745.1 355000000 355500000 1888.61551
OX637745.1 355500000 356000000 1885.14685
OX637745.1 356000000 356500000 1882.6228
OX637745.1 356500000 357000000 1880.32276
OX637745.1 357000000 357500000 1879.06577
OX637745.1 357500000 358000000 1877.4577
OX637745.1 358000000 358500000 1877.0
OX637745.1 358500000 359000000 1877.04296
OX637745.1 359000000 359500000 1877.0
OX637745.1 359500000 360000000 1876.91959
OX637745.1 360000000 360500000 1876.57341
OX637745.1 360500000 361000000 1874.19838
OX637745.1 361000000 361500000 1872.01725
OX637745.1 361500000 362000000 1869.70205
OX637745.1 362000000 362500000 1869.02432
OX637745.1 362500000 363000000 1868.2137
OX637745.1 363000000 363500000 1865.49244
OX637745.1 363500000 364000000 1863.43464
OX637745.1 364000000 364500000 1862.24367
OX637745.1 364500000 365000000 1859.0541
OX637745.1 365000000 365500000 1856.2556
OX637745.1 365500000 366000000 1855.92087
OX637745.1 366000000 366500000 1850.30879
OX637745.1 366500000 367000000 1845.57987
OX637745.1 367000000 367500000 1843.55315
OX637745.1 367500000 368000000 1843.15742
OX637745.1 368000000 368500000 1841.81826
OX637745.1 368500000 369000000 1840.52656
OX637745.1 369000000 369500000 1841.04541
OX637745.1 369500000 370000000 1840.62557
OX637745.1 370000000 370500000 1839.93781
OX637745.1 370500000 371000000 1838.71604
OX637745.1 371000000 371500000 1837.0374
OX637745.1 371500000 372000000 1834.35694
OX637745.1 372000000 372500000 1832.30462
OX637745.1 372500000 373000000 1830.89447
OX637745.1 373000000 373500000 1830.05697
OX637745.1 373500000 374000000 1830.02793
OX637745.1 374000000 374500000 1829.82775
OX637745.1 374500000 375000000 1830.00022
OX637745.1 375000000 375500000 1830.00033
OX637745.1 375500000 376000000 1829.49855
OX637745.1 376000000 376500000 1827.28715
OX637745.1 376500000 377000000 1825.23222
OX637745.1 377000000 377500000 1824.06336
OX637745.1 377500000 378000000 1822.05777
OX637745.1 378000000 378500000 1820.21083
OX637745.1 378500000 379000000 1819.61007
OX637745.1 379000000 379500000 1818.39403
OX637745.1 379500000 380000000 1817.02188
OX637745.1 380000000 380500000 1816.45532
OX637745.1 380500000 381000000 1814.0878
OX637745.1 381000000 381500000 1814.26
OX637745.1 381500000 382000000 1810.79623
OX637745.1 382000000 382500000 1810.29531
OX637745.1 382500000 383000000 1810.0
OX637745.1 383000000 383500000 1809.09976
OX637745.1 383500000 384000000 1807.92159
OX637745.1 384000000 384500000 1807.0224
OX637745.1 384500000 385000000 1806.15665
OX637745.1 385000000 385500000 1806.04573
OX637745.1 385500000 386000000 1805.05412
OX637745.1 386000000 386500000 1805.05828
OX637745.1 386500000 387000000 1804.61936
OX637745.1 387000000 387500000 1802.50645
OX637745.1 387500000 388000000 1802.0529
OX637745.1 388000000 388500000 1801.57804
OX637745.1 388500000 389000000 1801.06998
OX637745.1 389000000 389500000 1799.43064
OX637745.1 389500000 390000000 1795.99935
OX637745.1 390000000 390500000 1791.92111
OX637745.1 390500000 391000000 1787.15655
OX637745.1 391000000 391500000 1786.01758
OX637745.1 391500000 392000000 1784.45937
OX637745.1 392000000 392500000 1784.01069
OX637745.1 392500000 393000000 1782.33591
OX637745.1 393000000 393500000 1780.03686
OX637745.1 393500000 394000000 1776.74314
OX637745.1 394000000 394500000 1776.05088
OX637745.1 394500000 395000000 1774.15543
OX637745.1 395000000 395500000 1772.01931
OX637745.1 395500000 396000000 1771.76434
OX637745.1 396000000 396500000 1769.89289
OX637745.1 396500000 397000000 1767.35065
OX637745.1 397000000 397500000 1765.04268
OX637745.1 397500000 398000000 1763.93805
OX637745.1 398000000 398500000 1757.04471
OX637745.1 398500000 399000000 1754.85729
OX637745.1 399000000 399500000 1753.20109
OX637745.1 399500000 400000000 1750.03379
OX637745.1 400000000 400500000 1746.5268
OX637745.1 400500000 401000000 1740.6752
OX637745.1 401000000 401500000 1740.52252
OX637745.1 401500000 402000000 1739.55529
OX637745.1 402000000 402500000 1737.73889
OX637745.1 402500000 403000000 1733.61771
OX637745.1 403000000 403500000 1730.81125
OX637745.1 403500000 404000000 1729.17776
OX637745.1 404000000 404500000 1728.23208
OX637745.1 404500000 405000000 1726.1538
OX637745.1 405000000 405500000 1721.56963
OX637745.1 405500000 406000000 1718.47458
OX637745.1 406000000 406500000 1717.68662
OX637745.1 406500000 407000000 1716.61239
OX637745.1 407000000 407500000 1714.21089
OX637745.1 407500000 408000000 1708.17433
OX637745.1 408000000 408500000 1704.51112
OX637745.1 408500000 409000000 1702.55098
OX637745.1 409000000 409500000 1699.8211
OX637745.1 409500000 410000000 1696.43856
OX637745.1 410000000 410500000 1693.71476
OX637745.1 410500000 411000000 1690.6518
OX637745.1 411000000 411500000 1688.91874
OX637745.1 411500000 412000000 1686.09169
OX637745.1 412000000 412500000 1684.39295
OX637745.1 412500000 413000000 1684.0702
OX637745.1 413000000 413500000 1683.51538
OX637745.1 413500000 414000000 1682.72205
OX637745.1 414000000 414500000 1679.4706
OX637745.1 414500000 415000000 1675.47293
OX637745.1 415000000 415500000 1671.31059
OX637745.1 415500000 416000000 1670.9641
OX637745.1 416000000 416500000 1669.37378
OX637745.1 416500000 417000000 1665.19636
OX637745.1 417000000 417500000 1663.3217
OX637745.1 417500000 418000000 1660.76312
OX637745.1 418000000 418500000 1658.53942
OX637745.1 418500000 419000000 1657.26144
OX637745.1 419000000 419500000 1654.3667
OX637745.1 419500000 420000000 1653.01931
OX637745.1 420000000 420500000 1650.73487
OX637745.1 420500000 421000000 1644.78046
OX637745.1 421000000 421500000 1642.50947
OX637745.1 421500000 422000000 1641.40152
OX637745.1 422000000 422500000 1638.81931
OX637745.1 422500000 423000000 1631.12432
OX637745.1 423000000 423500000 1627.2534
OX637745.1 423500000 424000000 1625.14057
OX637745.1 424000000 424500000 1620.75013
OX637745.1 424500000 425000000 1618.08371
OX637745.1 425000000 425500000 1615.4788
OX637745.1 425500000 426000000 1610.38251
OX637745.1 426000000 426500000 1607.85439
OX637745.1 426500000 427000000 1604.62346
OX637745.1 427000000 427500000 1599.82502
OX637745.1 427500000 428000000 1595.04383
OX637745.1 428000000 428500000 1588.28599
OX637745.1 428500000 429000000 1585.01961
OX637745.1 429000000 429500000 1584.14443
OX637745.1 429500000 430000000 1580.52632
OX637745.1 430000000 430500000 1575.8481
OX637745.1 430500000 431000000 1573.14113
OX637745.1 431000000 431500000 1570.74217
OX637745.1 431500000 432000000 1567.19366
OX637745.1 432000000 432500000 1559.16082
OX637745.1 432500000 433000000 1552.28757
OX637745.1 433000000 433500000 1546.75267
OX637745.1 433500000 434000000 1540.40447
OX637745.1 434000000 434500000 1533.12951
OX637745.1 434500000 435000000 1527.26092
OX637745.1 435000000 435500000 1518.93109
OX637745.1 435500000 436000000 1515.96386
OX637745.1 436000000 436500000 1513.56446
OX637745.1 436500000 437000000 1506.03492
OX637745.1 437000000 437500000 1496.522
OX637745.1 437500000 438000000 1490.25082
OX637745.1 438000000 438500000 1483.13217
OX637745.1 438500000 439000000 1475.66884
OX637745.1 439000000 439500000 1472.48342
OX637745.1 439500000 440000000 1471.25843
OX637745.1 440000000 440500000 1467.67276
OX637745.1 440500000 441000000 1465.39715
OX637745.1 441000000 441500000 1463.12527
OX637745.1 441500000 442000000 1458.92858
OX637745.1 442000000 442500000 1453.08773
OX637745.1 442500000 443000000 1450.18217
OX637745.1 443000000 443500000 1444.72922
OX637745.1 443500000 444000000 1440.3352
OX637745.1 444000000 444500000 1437.76127
OX637745.1 444500000 445000000 1428.867
OX637745.1 445000000 445500000 1421.04987
OX637745.1 445500000 446000000 1413.37
OX637745.1 446000000 446500000 1405.30472
OX637745.1 446500000 447000000 1400.50362
OX637745.1 447000000 447500000 1393.97308
OX637745.1 447500000 448000000 1389.43523
OX637745.1 448000000 448500000 1382.18805
OX637745.1 448500000 449000000 1375.66732
OX637745.1 449000000 449500000 1359.93516
OX637745.1 449500000 450000000 1346.21548
OX637745.1 450000000 450500000 1342.32991
OX637745.1 450500000 451000000 1335.02519
OX637745.1 451000000 451500000 1324.1893
OX637745.1 451500000 452000000 1320.25859
OX637745.1 452000000 452500000 1312.74059
OX637745.1 452500000 453000000 1305.98861
OX637745.1 453000000 453500000 1303.28648
OX637745.1 453500000 454000000 1298.95585
OX637745.1 454000000 454500000 1293.69398
OX637745.1 454500000 455000000 1288.79238
OX637745.1 455000000 455500000 1279.49761
OX637745.1 455500000 456000000 1272.03195
OX637745.1 456000000 456500000 1265.36281
OX637745.1 456500000 457000000 1258.82811
OX637745.1 457000000 457500000 1248.60985
OX637745.1 457500000 458000000 1240.62564
OX637745.1 458000000 458500000 1230.47757
OX637745.1 458500000 459000000 1218.22186
OX637745.1 459000000 459500000 1208.89822
OX637745.1 459500000 460000000 1197.64073
OX637745.1 460000000 460500000 1186.11291
OX637745.1 460500000 461000000 1167.92435
OX637745.1 461000000 461500000 1158.14063
OX637745.1 461500000 462000000 1145.80214
OX637745.1 462000000 462500000 1129.98483
OX637745.1 462500000 463000000 1122.5243
OX637745.1 463000000 463500000 1114.4357
OX637745.1 463500000 464000000 1099.8094
OX637745.1 464000000 464500000 1089.16683
OX637745.1 464500000 465000000 1074.33574
OX637745.1 465000000 465500000 1064.46891
OX637745.1 465500000 466000000 1054.45445
OX637745.1 466000000 466500000 1040.50522
OX637745.1 466500000 467000000 1027.1086
OX637745.1 467000000 467500000 1014.10893
OX637745.1 467500000 468000000 1006.59145
OX637745.1 468000000 468500000 998.22527
OX637745.1 468500000 469000000 985.78388
OX637745.1 469000000 469500000 976.3343
OX637745.1 469500000 470000000 963.41878
OX637745.1 470000000 470500000 950.85012
OX637745.1 470500000 471000000 937.25043
OX637745.1 471000000 471500000 926.35971
OX637745.1 471500000 472000000 913.22572
OX637745.1 472000000 472500000 898.28236
OX637745.1 472500000 473000000 883.84581
OX637745.1 473000000 473500000 867.29887
OX637745.1 473500000 474000000 842.23726
OX637745.1 474000000 474500000 821.93346
OX637745.1 474500000 475000000 799.57809
OX637745.1 475000000 475500000 769.31532
OX637745.1 475500000 476000000 727.55739
OX637745.1 476000000 476500000 703.06155
OX637745.1 476500000 477000000 674.98063
OX637745.1 477000000 477500000 654.99505
OX637745.1 477500000 478000000 634.34097
OX637745.1 478000000 478500000 586.0247
OX637745.1 478500000 479000000 538.6379
OX637745.1 479000000 479500000 493.54912
OX637745.1 479500000 480000000 445.20967
OX637745.1 480000000 480500000 401.71347
OX637745.1 480500000 481000000 354.82917
OX637745.1 481000000 481500000 323.47153
OX637745.1 481500000 482000000 282.55627
OX637745.1 482000000 482500000 251.09379
OX637745.1 482500000 483000000 235.78932
OX637745.1 483000000 483500000 158.23786
OX637745.1 483500000 484000000 79.18944
OX637745.1 484000000 484500000 66.24827
OX637745.1 484500000 485000000 63.0
OX637745.1 485000000 485490313 31.81399
OX637752.1 0 500000 6.75413
OX637752.1 500000 1000000 9.0
OX637752.1 1000000 1500000 23.80078
OX637752.1 1500000 2000000 54.80972
OX637752.1 2000000 2500000 140.3504
OX637752.1 2500000 3000000 209.55308
OX637752.1 3000000 3500000 254.63419
OX637752.1 3500000 4000000 300.82259
OX637752.1 4000000 4500000 353.76771
OX637752.1 4500000 5000000 387.80153
OX637752.1 5000000 5500000 435.59698
OX637752.1 5500000 6000000 475.39465
OX637752.1 6000000 6500000 508.62754
OX637752.1 6500000 7000000 531.71672
OX637752.1 7000000 7500000 564.32709
OX637752.1 7500000 8000000 588.32973
OX637752.1 8000000 8500000 608.44293
OX637752.1 8500000 9000000 614.39217
OX637752.1 9000000 9500000 631.73433
OX637752.1 9500000 10000000 640.05199
OX637752.1 10000000 10500000 643.71533
OX637752.1 10500000 11000000 658.02408
OX637752.1 11000000 11500000 673.7635
OX637752.1 11500000 12000000 699.74309
OX637752.1 12000000 12500000 721.25199
OX637752.1 12500000 13000000 733.60914
OX637752.1 13000000 13500000 752.32293
OX637752.1 13500000 14000000 764.42881
OX637752.1 14000000 14500000 790.8162
OX637752.1 14500000 15000000 791.47501
OX637752.1 15000000 15500000 795.49764
OX637752.1 15500000 16000000 798.40524
OX637752.1 16000000 16500000 802.79956
OX637752.1 16500000 17000000 804.96163
OX637752.1 17000000 17500000 805.06853
OX637752.1 17500000 18000000 811.27496
OX637752.1 18000000 18500000 824.5709
OX637752.1 18500000 19000000 839.40683
OX637752.1 19000000 19500000 854.71612
OX637752.1 19500000 20000000 869.13033
OX637752.1 20000000 20500000 878.88248
OX637752.1 20500000 21000000 890.54158
OX637752.1 21000000 21500000 898.37979
OX637752.1 21500000 22000000 911.70012
OX637752.1 22000000 22500000 927.14478
OX637752.1 22500000 23000000 943.55191
OX637752.1 23000000 23500000 952.61249
OX637752.1 23500000 24000000 966.16726
OX637752.1 24000000 24500000 977.56046
OX637752.1 24500000 25000000 986.33829
OX637752.1 25000000 25500000 995.14442
OX637752.1 25500000 26000000 1004.03357
OX637752.1 26000000 26500000 1013.76783
OX637752.1 26500000 27000000 1021.50396
OX637752.1 27000000 27500000 1026.49854
OX637752.1 27500000 28000000 1035.30901
OX637752.1 28000000 28500000 1043.63622
OX637752.1 28500000 29000000 1051.6976
OX637752.1 29000000 29500000 1064.86393
OX637752.1 29500000 30000000 1074.57872
OX637752.1 30000000 30500000 1081.93224
OX637752.1 30500000 31000000 1088.46003
OX637752.1 31000000 31500000 1092.72056
OX637752.1 31500000 32000000 1098.54762
OX637752.1 32000000 32500000 1106.43983
OX637752.1 32500000 33000000 1114.06166
OX637752.1 33000000 33500000 1124.27505
OX637752.1 33500000 34000000 1131.15486
OX637752.1 34000000 34500000 1134.21887
OX637752.1 34500000 35000000 1138.98112
OX637752.1 35000000 35500000 1140.96496
OX637752.1 35500000 36000000 1146.09016
OX637752.1 36000000 36500000 1151.54186
OX637752.1 36500000 37000000 1158.24241
OX637752.1 37000000 37500000 1166.16493
OX637752.1 37500000 38000000 1173.8787
OX637752.1 38000000 38500000 1179.84458
OX637752.1 38500000 39000000 1184.25932
OX637752.1 39000000 39500000 1185.36317
OX637752.1 39500000 40000000 1189.50273
OX637752.1 40000000 40500000 1191.65038
OX637752.1 40500000 41000000 1196.92795
OX637752.1 41000000 41500000 1200.41063
OX637752.1 41500000 42000000 1201.92749
OX637752.1 42000000 42500000 1206.31006
OX637752.1 42500000 43000000 1212.95822
OX637752.1 43000000 43500000 1215.90282
OX637752.1 43500000 44000000 1219.82639
OX637752.1 44000000 44500000 1224.6356
OX637752.1 44500000 45000000 1226.83138
OX637752.1 45000000 45500000 1230.83947
OX637752.1 45500000 46000000 1234.97215
OX637752.1 46000000 46500000 1237.27652
OX637752.1 46500000 47000000 1243.63218
OX637752.1 47000000 47500000 1251.01437
OX637752.1 47500000 48000000 1257.9618
OX637752.1 48000000 48500000 1260.00636
OX637752.1 48500000 49000000 1267.88642
OX637752.1 49000000 49500000 1274.34604
OX637752.1 49500000 50000000 1280.86168
OX637752.1 50000000 50500000 1285.94271
OX637752.1 50500000 51000000 1288.48937
OX637752.1 51000000 51500000 1293.14581
OX637752.1 51500000 52000000 1298.75675
OX637752.1 52000000 52500000 1302.44966
OX637752.1 52500000 53000000 1304.8272
OX637752.1 53000000 53500000 1307.46743
OX637752.1 53500000 54000000 1309.29627
OX637752.1 54000000 54500000 1311.71595
OX637752.1 54500000 55000000 1317.30865
OX637752.1 55000000 55500000 1320.23027
OX637752.1 55500000 56000000 1324.96667
OX637752.1 56000000 56500000 1327.43298
OX637752.1 56500000 57000000 1331.53682
OX637752.1 57000000 57500000 1336.24466
OX637752.1 57500000 58000000 1339.61863
OX637752.1 58000000 58500000 1342.12569
OX637752.1 58500000 59000000 1343.17577
OX637752.1 59000000 59500000 1344.76177
OX637752.1 59500000 60000000 1347.80178
OX637752.1 60000000 60500000 1353.24263
OX637752.1 60500000 61000000 1360.01541
OX637752.1 61000000 61500000 1363.8609
OX637752.1 61500000 62000000 1365.92388
OX637752.1 62000000 62500000 1368.0681
OX637752.1 62500000 63000000 1371.03717
OX637752.1 63000000 63500000 1372.69625
OX637752.1 63500000 64000000 1374.01352
OX637752.1 64000000 64500000 1375.13994
OX637752.1 64500000 65000000 1379.63917
OX637752.1 65000000 65500000 1381.195
OX637752.1 65500000 66000000 1383.64455
OX637752.1 66000000 66500000 1385.04363
OX637752.1 66500000 67000000 1385.05871
OX637752.1 67000000 67500000 1393.00737
OX637752.1 67500000 68000000 1396.02243
OX637752.1 68000000 68500000 1396.52049
OX637752.1 68500000 69000000 1398.39923
OX637752.1 69000000 69500000 1401.42899
OX637752.1 69500000 70000000 1405.10254
OX637752.1 70000000 70500000 1406.55769
OX637752.1 70500000 71000000 1407.95033
OX637752.1 71000000 71500000 1408.28225
OX637752.1 71500000 72000000 1412.47649
OX637752.1 72000000 72500000 1414.84339
OX637752.1 72500000 73000000 1415.298
OX637752.1 73000000 73500000 1416.78007
OX637752.1 73500000 74000000 1419.97195
OX637752.1 74000000 74500000 1421.44637
OX637752.1 74500000 75000000 1422.92495
OX637752.1 75000000 75500000 1424.77026
OX637752.1 75500000 76000000 1426.03394
OX637752.1 76000000 76500000 1427.08106
OX637752.1 76500000 77000000 1431.18794
OX637752.1 77000000 77500000 1433.30186
OX637752.1 77500000 78000000 1434.69541
OX637752.1 78000000 78500000 1435.67664
OX637752.1 78500000 79000000 1436.39931
OX637752.1 79000000 79500000 1438.48673
OX637752.1 79500000 80000000 1438.54326
OX637752.1 80000000 80500000 1441.01488
OX637752.1 80500000 81000000 1441.71618
OX637752.1 81000000 81500000 1442.27694
OX637752.1 81500000 82000000 1444.81604
OX637752.1 82000000 82500000 1445.02612
OX637752.1 82500000 83000000 1446.90627
OX637752.1 83000000 83500000 1448.1352
OX637752.1 83500000 84000000 1449.03419
OX637752.1 84000000 84500000 1451.26005
OX637752.1 84500000 85000000 1454.48393
OX637752.1 85000000 85500000 1458.50267
OX637752.1 85500000 86000000 1460.98799
OX637752.1 86000000 86500000 1461.60012
OX637752.1 86500000 87000000 1464.63663
OX637752.1 87000000 87500000 1467.66216
OX637752.1 87500000 88000000 1471.30277
OX637752.1 88000000 88500000 1473.51
OX637752.1 88500000 89000000 1475.16361
OX637752.1 89000000 89500000 1479.0979
OX637752.1 89500000 90000000 1480.06081
OX637752.1 90000000 90500000 1480.03082
OX637752.1 90500000 91000000 1481.82019
OX637752.1 91000000 91500000 1483.35387
OX637752.1 91500000 92000000 1483.0
OX637752.1 92000000 92500000 1484.30546
OX637752.1 92500000 93000000 1488.45634
OX637752.1 93000000 93500000 1490.81608
OX637752.1 93500000 94000000 1491.86373
OX637752.1 94000000 94500000 1494.03997
OX637752.1 94500000 95000000 1496.50286
OX637752.1 95000000 95500000 1499.11723
OX637752.1 95500000 96000000 1501.4439
OX637752.1 96000000 96500000 1503.0178
OX637752.1 96500000 97000000 1503.01398
OX637752.1 97000000 97500000 1504.68188
OX637752.1 97500000 98000000 1508.0
OX637752.1 98000000 98500000 1508.91856
OX637752.1 98500000 99000000 1510.81104
OX637752.1 99000000 99500000 1511.68766
OX637752.1 99500000 100000000 1513.47163
OX637752.1 100000000 100500000 1516.07437
OX637752.1 100500000 101000000 1518.51723
OX637752.1 101000000 101500000 1520.0331
OX637752.1 101500000 102000000 1520.31709
OX637752.1 102000000 102500000 1521.48752
OX637752.1 102500000 103000000 1522.11149
OX637752.1 103000000 103500000 1522.0598
OX637752.1 103500000 104000000 1522.01407
OX637752.1 104000000 104500000 1522.84658
OX637752.1 104500000 105000000 1523.65396
OX637752.1 105000000 105500000 1524.94214
OX637752.1 105500000 106000000 1524.0
OX637752.1 106000000 106500000 1524.76185
OX637752.1 106500000 107000000 1525.96853
OX637752.1 107000000 107500000 1527.15761
OX637752.1 107500000 108000000 1527.17307
OX637752.1 108000000 108500000 1527.03202
OX637752.1 108500000 109000000 1527.59493
OX637752.1 109000000 109500000 1530.03356
OX637752.1 109500000 110000000 1531.61745
OX637752.1 110000000 110500000 1533.88503
OX637752.1 110500000 111000000 1536.57789
OX637752.1 111000000 111500000 1538.25858
OX637752.1 111500000 112000000 1539.5719
OX637752.1 112000000 112500000 1541.30432
OX637752.1 112500000 113000000 1543.03466
OX637752.1 113000000 113500000 1543.37893
OX637752.1 113500000 114000000 1544.87671
OX637752.1 114000000 114500000 1546.01697
OX637752.1 114500000 115000000 1546.06029
OX637752.1 115000000 115500000 1546.35203
OX637752.1 115500000 116000000 1546.00937
OX637752.1 116000000 116500000 1546.04491
OX637752.1 116500000 117000000 1547.04896
OX637752.1 117000000 117500000 1548.0
OX637752.1 117500000 118000000 1548.10509
OX637752.1 118000000 118500000 1548.14852
OX637752.1 118500000 119000000 1548.07191
OX637752.1 119000000 119500000 1548.89735
OX637752.1 119500000 120000000 1548.98418
OX637752.1 120000000 120500000 1550.4815
OX637752.1 120500000 121000000 1551.04469
OX637752.1 121000000 121500000 1552.03541
OX637752.1 121500000 122000000 1553.12205
OX637752.1 122000000 122500000 1553.06375
OX637752.1 122500000 123000000 1553.70235
OX637752.1 123000000 123500000 1558.57516
OX637752.1 123500000 124000000 1561.16843
OX637752.1 124000000 124500000 1562.12597
OX637752.1 124500000 125000000 1564.35137
OX637752.1 125000000 125500000 1566.90867
OX637752.1 125500000 126000000 1569.16565
OX637752.1 126000000 126500000 1570.03028
OX637752.1 126500000 127000000 1570.03255
OX637752.1 127000000 127500000 1570.0
OX637752.1 127500000 128000000 1571.03412
OX637752.1 128000000 128500000 1573.03687
OX637752.1 128500000 129000000 1573.75699
OX637752.1 129000000 129500000 1574.0
OX637752.1 129500000 130000000 1575.05882
OX637752.1 130000000 130500000 1575.97452
OX637752.1 130500000 131000000 1577.0658
OX637752.1 131000000 131500000 1580.10413
OX637752.1 131500000 132000000 1581.80077
OX637752.1 132000000 132500000 1584.01364
OX637752.1 132500000 133000000 1584.02502
OX637752.1 133000000 133500000 1584.0
OX637752.1 133500000 134000000 1584.99363
OX637752.1 134000000 134500000 1585.90979
OX637752.1 134500000 135000000 1586.55367
OX637752.1 135000000 135500000 1587.83926
OX637752.1 135500000 136000000 1588.0
OX637752.1 136000000 136500000 1588.0
OX637752.1 136500000 137000000 1588.82838
OX637752.1 137000000 137500000 1589.0476
OX637752.1 137500000 138000000 1590.14671
OX637752.1 138000000 138500000 1591.73097
OX637752.1 138500000 139000000 1593.48964
OX637752.1 139000000 139500000 1594.59852
OX637752.1 139500000 140000000 1595.033
OX637752.1 140000000 140500000 1596.13725
OX637752.1 140500000 141000000 1598.19533
OX637752.1 141000000 141500000 1599.73818
OX637752.1 141500000 142000000 1599.76247
OX637752.1 142000000 142500000 1601.90328
OX637752.1 142500000 143000000 1602.42278
OX637752.1 143000000 143500000 1601.881
OX637752.1 143500000 144000000 1601.03181
OX637752.1 144000000 144500000 1601.839
OX637752.1 144500000 145000000 1603.68408
OX637752.1 145000000 145500000 1605.9692
OX637752.1 145500000 146000000 1606.37395
OX637752.1 146000000 146500000 1607.0
OX637752.1 146500000 147000000 1606.02673
OX637752.1 147000000 147500000 1606.0
OX637752.1 147500000 148000000 1606.91985
OX637752.1 148000000 148500000 1609.01362
OX637752.1 148500000 149000000 1609.28205
OX637752.1 149000000 149500000 1612.54248
OX637752.1 149500000 150000000 1612.01114
OX637752.1 150000000 150500000 1612.05731
OX637752.1 150500000 151000000 1612.54257
OX637752.1 151000000 151500000 1614.0426
OX637752.1 151500000 152000000 1614.0
OX637752.1 152000000 152500000 1614.62025
OX637752.1 152500000 153000000 1615.0
OX637752.1 153000000 153500000 1615.00018
OX637752.1 153500000 154000000 1615.18769
OX637752.1 154000000 154500000 1616.07791
OX637752.1 154500000 155000000 1616.14953
OX637752.1 155000000 155500000 1616.03323
OX637752.1 155500000 156000000 1616.16758
OX637752.1 156000000 156500000 1617.91029
OX637752.1 156500000 157000000 1619.06059
OX637752.1 157000000 157500000 1619.60922
OX637752.1 157500000 158000000 1620.0
OX637752.1 158000000 158500000 1621.15629
OX637752.1 158500000 159000000 1623.32289
OX637752.1 159000000 159500000 1624.1885
OX637752.1 159500000 160000000 1625.02484
OX637752.1 160000000 160500000 1625.40823
OX637752.1 160500000 161000000 1626.52516
OX637752.1 161000000 161500000 1627.00864
OX637752.1 161500000 162000000 1626.61561
OX637752.1 162000000 162500000 1627.4134
OX637752.1 162500000 163000000 1628.08546
OX637752.1 163000000 163500000 1629.0
OX637752.1 163500000 164000000 1629.04535
OX637752.1 164000000 164500000 1631.01156
OX637752.1 164500000 165000000 1632.16613
OX637752.1 165000000 165500000 1633.01376
OX637752.1 165500000 166000000 1633.0
OX637752.1 166000000 166500000 1633.09362
OX637752.1 166500000 167000000 1635.09188
OX637752.1 167000000 167500000 1636.0
OX637752.1 167500000 168000000 1636.02434
OX637752.1 168000000 168500000 1636.53714
OX637752.1 168500000 169000000 1637.00976
OX637752.1 169000000 169500000 1637.02726
OX637752.1 169500000 170000000 1637.0
OX637752.1 170000000 170500000 1637.0
OX637752.1 170500000 171000000 1637.47004
OX637752.1 171000000 171500000 1638.0
OX637752.1 171500000 172000000 1638.02935
OX637752.1 172000000 172500000 1638.77798
OX637752.1 172500000 173000000 1639.61556
OX637752.1 173000000 173500000 1640.08342
OX637752.1 173500000 174000000 1640.43974
OX637752.1 174000000 174500000 1641.23808
OX637752.1 174500000 175000000 1641.65263
OX637752.1 175000000 175500000 1644.42647
OX637752.1 175500000 176000000 1643.70827
OX637752.1 176000000 176500000 1645.38061
OX637752.1 176500000 177000000 1646.0
OX637752.1 177000000 177500000 1646.02284
OX637752.1 177500000 178000000 1646.02266
OX637752.1 178000000 178500000 1646.0
OX637752.1 178500000 179000000 1645.08564
OX637752.1 179000000 179500000 1643.17319
OX637752.1 179500000 180000000 1643.98002
OX637752.1 180000000 180500000 1644.0
OX637752.1 180500000 181000000 1644.0
OX637752.1 181000000 181500000 1644.0844
OX637752.1 181500000 182000000 1644.00022
OX637752.1 182000000 182500000 1644.99313
OX637752.1 182500000 183000000 1646.04862
OX637752.1 183000000 183500000 1648.45759
OX637752.1 183500000 184000000 1649.03121
OX637752.1 184000000 184500000 1649.31666
OX637752.1 184500000 185000000 1650.63286
OX637752.1 185000000 185500000 1651.0
OX637752.1 185500000 186000000 1651.5069
OX637752.1 186000000 186500000 1652.61457
OX637752.1 186500000 187000000 1652.57871
OX637752.1 187000000 187500000 1653.0
OX637752.1 187500000 188000000 1653.78125
OX637752.1 188000000 188500000 1653.09047
OX637752.1 188500000 189000000 1653.78063
OX637752.1 189000000 189500000 1654.0
OX637752.1 189500000 190000000 1655.464
OX637752.1 190000000 190500000 1657.0
OX637752.1 190500000 191000000 1657.02453
OX637752.1 191000000 191500000 1657.32849
OX637752.1 191500000 192000000 1659.17972
OX637752.1 192000000 192500000 1661.53464
OX637752.1 192500000 193000000 1661.80798
OX637752.1 193000000 193500000 1661.94816
OX637752.1 193500000 194000000 1662.01358
OX637752.1 194000000 194500000 1661.41984
OX637752.1 194500000 195000000 1661.49993
OX637752.1 195000000 195500000 1662.01792
OX637752.1 195500000 196000000 1662.48958
OX637752.1 196000000 196500000 1663.01365
OX637752.1 196500000 197000000 1663.04817
OX637752.1 197000000 197500000 1663.26705
OX637752.1 197500000 198000000 1663.01384
OX637752.1 198000000 198500000 1663.0
OX637752.1 198500000 199000000 1663.8054
OX637752.1 199000000 199500000 1663.47695
OX637752.1 199500000 200000000 1665.33035
OX637752.1 200000000 200500000 1666.03307
OX637752.1 200500000 201000000 1666.0
OX637752.1 201000000 201500000 1666.04266
OX637752.1 201500000 202000000 1665.72171
OX637752.1 202000000 202500000 1665.02137
OX637752.1 202500000 203000000 1665.84339
OX637752.1 203000000 203500000 1666.9912
OX637752.1 203500000 204000000 1666.15605
OX637752.1 204000000 204500000 1667.15282
OX637752.1 204500000 205000000 1668.22876
OX637752.1 205000000 205500000 1669.01654
OX637752.1 205500000 206000000 1667.81343
OX637752.1 206000000 206500000 1667.36007
OX637752.1 206500000 207000000 1667.67298
OX637752.1 207000000 207500000 1668.33439
OX637752.1 207500000 208000000 1669.0
OX637752.1 208000000 208500000 1669.17904
OX637752.1 208500000 209000000 1669.59777
OX637752.1 209000000 209500000 1670.0334
OX637752.1 209500000 210000000 1669.89359
OX637752.1 210000000 210500000 1669.0
OX637752.1 210500000 211000000 1669.0
OX637752.1 211000000 211500000 1669.63076
OX637752.1 211500000 212000000 1670.05996
OX637752.1 212000000 212500000 1670.0
OX637752.1 212500000 213000000 1669.16731
OX637752.1 213000000 213500000 1669.0
OX637752.1 213500000 214000000 1669.02174
OX637752.1 214000000 214500000 1670.0
OX637752.1 214500000 215000000 1669.82729
OX637752.1 215000000 215500000 1668.74844
OX637752.1 215500000 216000000 1669.01869
OX637752.1 216000000 216500000 1669.02111
OX637752.1 216500000 217000000 1669.88875
OX637752.1 217000000 217500000 1671.06217
OX637752.1 217500000 218000000 1670.98935
OX637752.1 218000000 218500000 1670.09138
OX637752.1 218500000 219000000 1670.46982
OX637752.1 219000000 219500000 1671.03279
OX637752.1 219500000 220000000 1672.0457
OX637752.1 220000000 220500000 1672.32882
OX637752.1 220500000 221000000 1672.01909
OX637752.1 221000000 221500000 1672.85051
OX637752.1 221500000 222000000 1673.0
OX637752.1 222000000 222500000 1673.01582
OX637752.1 222500000 223000000 1673.56036
OX637752.1 223000000 223500000 1674.66236
OX637752.1 223500000 224000000 1675.0
OX637752.1 224000000 224500000 1674.4378
OX637752.1 224500000 225000000 1675.02472
OX637752.1 225000000 225500000 1674.5391
OX637752.1 225500000 226000000 1673.40715
OX637752.1 226000000 226500000 1673.79043
OX637752.1 226500000 227000000 1673.68461
OX637752.1 227000000 227500000 1673.64513
OX637752.1 227500000 228000000 1674.53364
OX637752.1 228000000 228500000 1675.90041
OX637752.1 228500000 229000000 1676.01627
OX637752.1 229000000 229500000 1676.86671
OX637752.1 229500000 230000000 1676.73422
OX637752.1 230000000 230500000 1676.96064
OX637752.1 230500000 231000000 1677.0
OX637752.1 231000000 231500000 1677.0
OX637752.1 231500000 232000000 1677.59028
OX637752.1 232000000 232500000 1678.0
OX637752.1 232500000 233000000 1678.01628
OX637752.1 233000000 233500000 1678.03259
OX637752.1 233500000 234000000 1678.01704
OX637752.1 234000000 234500000 1677.61356
OX637752.1 234500000 235000000 1677.32614
OX637752.1 235000000 235500000 1678.03441
OX637752.1 235500000 236000000 1678.75305
OX637752.1 236000000 236500000 1679.0
OX637752.1 236500000 237000000 1680.348
OX637752.1 237000000 237500000 1680.35507
OX637752.1 237500000 238000000 1680.87314
OX637752.1 238000000 238500000 1680.0
OX637752.1 238500000 239000000 1680.47849
OX637752.1 239000000 239500000 1681.0
OX637752.1 239500000 240000000 1681.0
OX637752.1 240000000 240500000 1681.0
OX637752.1 240500000 241000000 1681.0
OX637752.1 241000000 241500000 1681.10259
OX637752.1 241500000 242000000 1681.0
OX637752.1 242000000 242500000 1681.02958
OX637752.1 242500000 243000000 1681.43249
OX637752.1 243000000 243500000 1683.03651
OX637752.1 243500000 244000000 1683.24407
OX637752.1 244000000 244500000 1684.7584
OX637752.1 244500000 245000000 1686.43068
OX637752.1 245000000 245500000 1686.15118
OX637752.1 245500000 246000000 1686.0
OX637752.1 246000000 246500000 1686.25352
OX637752.1 246500000 247000000 1687.01366
OX637752.1 247000000 247500000 1687.0
OX637752.1 247500000 248000000 1687.0
OX637752.1 248000000 248500000 1687.0
OX637752.1 248500000 249000000 1686.58844
OX637752.1 249000000 249500000 1687.0
OX637752.1 249500000 250000000 1687.01834
OX637752.1 250000000 250500000 1687.64004
OX637752.1 250500000 251000000 1687.37768
OX637752.1 251000000 251500000 1687.51039
OX637752.1 251500000 252000000 1688.47344
OX637752.1 252000000 252500000 1689.0
OX637752.1 252500000 253000000 1689.03429
OX637752.1 253000000 253500000 1689.03186
OX637752.1 253500000 254000000 1688.77978
OX637752.1 254000000 254500000 1688.27468
OX637752.1 254500000 255000000 1689.50412
OX637752.1 255000000 255500000 1690.0
OX637752.1 255500000 256000000 1689.89165
OX637752.1 256000000 256500000 1690.02609
OX637752.1 256500000 257000000 1690.75095
OX637752.1 257000000 257500000 1690.0
OX637752.1 257500000 258000000 1690.0
OX637752.1 258000000 258500000 1690.03519
OX637752.1 258500000 259000000 1689.30288
OX637752.1 259000000 259500000 1689.03407
OX637752.1 259500000 260000000 1689.01218
OX637752.1 260000000 260500000 1689.0
OX637752.1 260500000 261000000 1689.43224
OX637752.1 261000000 261500000 1691.0
OX637752.1 261500000 262000000 1691.0
OX637752.1 262000000 262500000 1691.98925
OX637752.1 262500000 263000000 1692.02547
OX637752.1 263000000 263500000 1692.02521
OX637752.1 263500000 264000000 1692.01289
OX637752.1 264000000 264500000 1692.0
OX637752.1 264500000 265000000 1692.03002
OX637752.1 265000000 265500000 1693.83726
OX637752.1 265500000 266000000 1694.40024
OX637752.1 266000000 266500000 1695.0
OX637752.1 266500000 267000000 1695.0
OX637752.1 267000000 267500000 1695.01212
OX637752.1 267500000 268000000 1695.79379
OX637752.1 268000000 268500000 1697.02765
OX637752.1 268500000 269000000 1696.646
OX637752.1 269000000 269500000 1699.09044
OX637752.1 269500000 270000000 1701.0
OX637752.1 270000000 270500000 1699.58373
OX637752.1 270500000 271000000 1699.02673
OX637752.1 271000000 271500000 1700.01296
OX637752.1 271500000 272000000 1700.02954
OX637752.1 272000000 272500000 1700.0
OX637752.1 272500000 273000000 1700.01338
OX637752.1 273000000 273500000 1700.03076
OX637752.1 273500000 274000000 1700.00161
OX637752.1 274000000 274500000 1699.20495
OX637752.1 274500000 275000000 1700.1969
OX637752.1 275000000 275500000 1700.87978
OX637752.1 275500000 276000000 1701.418
OX637752.1 276000000 276500000 1701.98601
OX637752.1 276500000 277000000 1702.0
OX637752.1 277000000 277500000 1701.7067
OX637752.1 277500000 278000000 1702.0
OX637752.1 278000000 278500000 1702.94382
OX637752.1 278500000 279000000 1703.41064
OX637752.1 279000000 279500000 1704.00872
OX637752.1 279500000 280000000 1704.01934
OX637752.1 280000000 280500000 1704.02476
OX637752.1 280500000 281000000 1705.0
OX637752.1 281000000 281500000 1705.03979
OX637752.1 281500000 282000000 1705.05471
OX637752.1 282000000 282500000 1705.01321
OX637752.1 282500000 283000000 1705.22058
OX637752.1 283000000 283500000 1706.0
OX637752.1 283500000 284000000 1706.32486
OX637752.1 284000000 284500000 1707.00672
OX637752.1 284500000 285000000 1707.02559
OX637752.1 285000000 285500000 1707.69887
OX637752.1 285500000 286000000 1708.16357
OX637752.1 286000000 286500000 1707.50618
OX637752.1 286500000 287000000 1707.00882
OX637752.1 287000000 287500000 1707.73258
OX637752.1 287500000 288000000 1707.02327
OX637752.1 288000000 288500000 1707.0
OX637752.1 288500000 289000000 1707.59947
OX637752.1 289000000 289500000 1708.6575
OX637752.1 289500000 290000000 1709.0
OX637752.1 290000000 290500000 1709.0185
OX637752.1 290500000 291000000 1709.62139
OX637752.1 291000000 291500000 1710.0
OX637752.1 291500000 292000000 1710.02493
OX637752.1 292000000 292500000 1710.044
OX637752.1 292500000 293000000 1710.02464
OX637752.1 293000000 293500000 1710.0
OX637752.1 293500000 294000000 1710.0
OX637752.1 294000000 294500000 1711.21017
OX637752.1 294500000 295000000 1713.62504
OX637752.1 295000000 295500000 1714.01956
OX637752.1 295500000 296000000 1714.0244
OX637752.1 296000000 296500000 1714.0
OX637752.1 296500000 297000000 1714.14062
OX637752.1 297000000 297500000 1715.03419
OX637752.1 297500000 298000000 1714.54821
OX637752.1 298000000 298500000 1716.76988
OX637752.1 298500000 299000000 1717.84414
OX637752.1 299000000 299500000 1718.25678
OX637752.1 299500000 300000000 1720.96927
OX637752.1 300000000 300500000 1721.16781
OX637752.1 300500000 301000000 1721.13108
OX637752.1 301000000 301500000 1722.01362
OX637752.1 301500000 302000000 1722.01373
OX637752.1 302000000 302500000 1722.0
OX637752.1 302500000 303000000 1722.02799
OX637752.1 303000000 303500000 1722.04338
OX637752.1 303500000 304000000 1722.0
OX637752.1 304000000 304500000 1722.0
OX637752.1 304500000 305000000 1722.09163
OX637752.1 305000000 305500000 1723.03861
OX637752.1 305500000 306000000 1723.00029
OX637752.1 306000000 306500000 1723.0
OX637752.1 306500000 307000000 1722.39183
OX637752.1 307000000 307500000 1722.04689
OX637752.1 307500000 308000000 1722.90826
OX637752.1 308000000 308500000 1724.59103
OX637752.1 308500000 309000000 1724.0
OX637752.1 309000000 309500000 1724.0
OX637752.1 309500000 310000000 1724.0
OX637752.1 310000000 310500000 1722.46119
OX637752.1 310500000 311000000 1722.36443
OX637752.1 311000000 311500000 1722.0
OX637752.1 311500000 312000000 1720.08804
OX637752.1 312000000 312500000 1719.0
OX637752.1 312500000 313000000 1719.0
OX637752.1 313000000 313500000 1719.34839
OX637752.1 313500000 314000000 1720.87209
OX637752.1 314000000 314500000 1723.87023
OX637752.1 314500000 315000000 1724.0841
OX637752.1 315000000 315500000 1725.7882
OX637752.1 315500000 316000000 1727.0
OX637752.1 316000000 316500000 1727.07309
OX637752.1 316500000 317000000 1727.49792
OX637752.1 317000000 317500000 1728.62259
OX637752.1 317500000 318000000 1729.54361
OX637752.1 318000000 318500000 1730.04877
OX637752.1 318500000 319000000 1730.12647
OX637752.1 319000000 319500000 1731.03228
OX637752.1 319500000 320000000 1730.07349
OX637752.1 320000000 320500000 1730.99089
OX637752.1 320500000 321000000 1730.59974
OX637752.1 321000000 321500000 1730.74246
OX637752.1 321500000 322000000 1731.09807
OX637752.1 322000000 322500000 1732.52483
OX637752.1 322500000 323000000 1733.0
OX637752.1 323000000 323500000 1733.0
OX637752.1 323500000 324000000 1733.0
OX637752.1 324000000 324500000 1733.0
OX637752.1 324500000 325000000 1733.0
OX637752.1 325000000 325500000 1732.38799
OX637752.1 325500000 326000000 1733.0
OX637752.1 326000000 326500000 1733.84198
OX637752.1 326500000 327000000 1735.06684
OX637752.1 327000000 327500000 1736.26877
OX637752.1 327500000 328000000 1737.23222
OX637752.1 328000000 328500000 1738.02152
OX637752.1 328500000 329000000 1740.0818
OX637752.1 329000000 329500000 1740.20829
OX637752.1 329500000 330000000 1741.88461
OX637752.1 330000000 330500000 1741.15852
OX637752.1 330500000 331000000 1741.03
OX637752.1 331000000 331500000 1741.1519
OX637752.1 331500000 332000000 1742.0
OX637752.1 332000000 332500000 1742.0
OX637752.1 332500000 333000000 1741.80687
OX637752.1 333000000 333500000 1740.93324
OX637752.1 333500000 334000000 1739.07529
OX637752.1 334000000 334500000 1736.54357
OX637752.1 334500000 335000000 1734.2543
OX637752.1 335000000 335500000 1734.0
OX637752.1 335500000 336000000 1734.02246
OX637752.1 336000000 336500000 1733.97576
OX637752.1 336500000 337000000 1733.82093
OX637752.1 337000000 337500000 1732.13276
OX637752.1 337500000 338000000 1731.0
OX637752.1 338000000 338500000 1730.29395
OX637752.1 338500000 339000000 1729.76628
OX637752.1 339000000 339500000 1728.67382
OX637752.1 339500000 340000000 1728.351
OX637752.1 340000000 340500000 1728.50024
OX637752.1 340500000 341000000 1728.60218
OX637752.1 341000000 341500000 1727.31608
OX637752.1 341500000 342000000 1727.01222
OX637752.1 342000000 342500000 1727.03324
OX637752.1 342500000 343000000 1726.32662
OX637752.1 343000000 343500000 1726.25893
OX637752.1 343500000 344000000 1728.0242
OX637752.1 344000000 344500000 1726.83438
OX637752.1 344500000 345000000 1726.02953
OX637752.1 345000000 345500000 1726.01123
OX637752.1 345500000 346000000 1726.058
OX637752.1 346000000 346500000 1726.5638
OX637752.1 346500000 347000000 1727.06207
OX637752.1 347000000 347500000 1724.84908
OX637752.1 347500000 348000000 1722.31727
OX637752.1 348000000 348500000 1720.21929
OX637752.1 348500000 349000000 1720.92724
OX637752.1 349000000 349500000 1720.32041
OX637752.1 349500000 350000000 1717.05508
OX637752.1 350000000 350500000 1714.18648
OX637752.1 350500000 351000000 1711.88177
OX637752.1 351000000 351500000 1706.48306
OX637752.1 351500000 352000000 1706.89708
OX637752.1 352000000 352500000 1705.86043
OX637752.1 352500000 353000000 1705.0
OX637752.1 353000000 353500000 1702.15608
OX637752.1 353500000 354000000 1700.01219
OX637752.1 354000000 354500000 1700.03971
OX637752.1 354500000 355000000 1697.0224
OX637752.1 355000000 355500000 1694.70478
OX637752.1 355500000 356000000 1693.38789
OX637752.1 356000000 356500000 1693.76051
OX637752.1 356500000 357000000 1693.26221
OX637752.1 357000000 357500000 1691.74444
OX637752.1 357500000 358000000 1691.50052
OX637752.1 358000000 358500000 1692.0
OX637752.1 358500000 359000000 1692.36866
OX637752.1 359000000 359500000 1692.00659
OX637752.1 359500000 360000000 1692.0
OX637752.1 360000000 360500000 1691.26588
OX637752.1 360500000 361000000 1690.83642
OX637752.1 361000000 361500000 1690.0
OX637752.1 361500000 362000000 1690.02469
OX637752.1 362000000 362500000 1689.33078
OX637752.1 362500000 363000000 1688.14097
OX637752.1 363000000 363500000 1688.24496
OX637752.1 363500000 364000000 1689.01351
OX637752.1 364000000 364500000 1688.5009
OX637752.1 364500000 365000000 1688.02036
OX637752.1 365000000 365500000 1688.03418
OX637752.1 365500000 366000000 1687.20223
OX637752.1 366000000 366500000 1686.22089
OX637752.1 366500000 367000000 1685.57365
OX637752.1 367000000 367500000 1684.29627
OX637752.1 367500000 368000000 1684.02339
OX637752.1 368000000 368500000 1684.00905
OX637752.1 368500000 369000000 1683.62561
OX637752.1 369000000 369500000 1683.23556
OX637752.1 369500000 370000000 1684.01969
OX637752.1 370000000 370500000 1684.26585
OX637752.1 370500000 371000000 1683.88582
OX637752.1 371000000 371500000 1681.3876
OX637752.1 371500000 372000000 1681.0
OX637752.1 372000000 372500000 1681.0
OX637752.1 372500000 373000000 1681.0
OX637752.1 373000000 373500000 1681.0
OX637752.1 373500000 374000000 1681.0
OX637752.1 374000000 374500000 1681.00146
OX637752.1 374500000 375000000 1681.0
OX637752.1 375000000 375500000 1680.09325
OX637752.1 375500000 376000000 1680.85277
OX637752.1 376000000 376500000 1680.49417
OX637752.1 376500000 377000000 1680.0208
OX637752.1 377000000 377500000 1680.02703
OX637752.1 377500000 378000000 1679.86939
OX637752.1 378000000 378500000 1679.00812
OX637752.1 378500000 379000000 1679.11121
OX637752.1 379000000 379500000 1678.01086
OX637752.1 379500000 380000000 1675.78702
OX637752.1 380000000 380500000 1674.10885
OX637752.1 380500000 381000000 1674.0
OX637752.1 381000000 381500000 1673.68829
OX637752.1 381500000 382000000 1671.33331
OX637752.1 382000000 382500000 1671.88511
OX637752.1 382500000 383000000 1671.96015
OX637752.1 383000000 383500000 1670.19372
OX637752.1 383500000 384000000 1669.42099
OX637752.1 384000000 384500000 1668.13659
OX637752.1 384500000 385000000 1667.20094
OX637752.1 385000000 385500000 1666.39476
OX637752.1 385500000 386000000 1666.03608
OX637752.1 386000000 386500000 1666.0
OX637752.1 386500000 387000000 1666.00865
OX637752.1 387000000 387500000 1666.0
OX637752.1 387500000 388000000 1666.01552
OX637752.1 388000000 388500000 1665.17553
OX637752.1 388500000 389000000 1663.46211
OX637752.1 389000000 389500000 1662.22802
OX637752.1 389500000 390000000 1661.57636
OX637752.1 390000000 390500000 1662.0
OX637752.1 390500000 391000000 1662.0
OX637752.1 391000000 391500000 1661.84483
OX637752.1 391500000 392000000 1661.64993
OX637752.1 392000000 392500000 1661.19228
OX637752.1 392500000 393000000 1660.8333
OX637752.1 393000000 393500000 1659.18294
OX637752.1 393500000 394000000 1659.76143
OX637752.1 394000000 394500000 1658.59057
OX637752.1 394500000 395000000 1658.03719
OX637752.1 395000000 395500000 1658.49537
OX637752.1 395500000 396000000 1659.12423
OX637752.1 396000000 396500000 1660.03143
OX637752.1 396500000 397000000 1660.0
OX637752.1 397000000 397500000 1659.55152
OX637752.1 397500000 398000000 1658.06981
OX637752.1 398000000 398500000 1658.0
OX637752.1 398500000 399000000 1657.76931
OX637752.1 399000000 399500000 1656.91931
OX637752.1 399500000 400000000 1655.75015
OX637752.1 400000000 400500000 1655.0
OX637752.1 400500000 401000000 1654.85442
OX637752.1 401000000 401500000 1654.04217
OX637752.1 401500000 402000000 1652.92647
OX637752.1 402000000 402500000 1652.01353
OX637752.1 402500000 403000000 1652.01299
OX637752.1 403000000 403500000 1651.57766
OX637752.1 403500000 404000000 1651.03214
OX637752.1 404000000 404500000 1649.10495
OX637752.1 404500000 405000000 1647.70726
OX637752.1 405000000 405500000 1645.02008
OX637752.1 405500000 406000000 1644.43293
OX637752.1 406000000 406500000 1643.01355
OX637752.1 406500000 407000000 1642.0587
OX637752.1 407000000 407500000 1637.18053
OX637752.1 407500000 408000000 1636.0
OX637752.1 408000000 408500000 1635.95971
OX637752.1 408500000 409000000 1635.99744
OX637752.1 409000000 409500000 1635.51001
OX637752.1 409500000 410000000 1634.5971
OX637752.1 410000000 410500000 1633.0019
OX637752.1 410500000 411000000 1630.84159
OX637752.1 411000000 411500000 1630.0
OX637752.1 411500000 412000000 1630.02525
OX637752.1 412000000 412500000 1628.83013
OX637752.1 412500000 413000000 1627.09733
OX637752.1 413000000 413500000 1627.03011
OX637752.1 413500000 414000000 1626.91014
OX637752.1 414000000 414500000 1625.34166
OX637752.1 414500000 415000000 1623.03839
OX637752.1 415000000 415500000 1622.87128
OX637752.1 415500000 416000000 1621.33226
OX637752.1 416000000 416500000 1621.0
OX637752.1 416500000 417000000 1621.0
OX637752.1 417000000 417500000 1621.0
OX637752.1 417500000 418000000 1621.0
OX637752.1 418000000 418500000 1619.93905
OX637752.1 418500000 419000000 1619.02867
OX637752.1 419000000 419500000 1619.02225
OX637752.1 419500000 420000000 1618.4787
OX637752.1 420000000 420500000 1617.0858
OX637752.1 420500000 421000000 1618.1539
OX637752.1 421000000 421500000 1619.01008
OX637752.1 421500000 422000000 1618.89274
OX637752.1 422000000 422500000 1617.33219
OX637752.1 422500000 423000000 1615.00556
OX637752.1 423000000 423500000 1615.04095
OX637752.1 423500000 424000000 1615.05631
OX637752.1 424000000 424500000 1615.0
OX637752.1 424500000 425000000 1615.0
OX637752.1 425000000 425500000 1614.90153
OX637752.1 425500000 426000000 1614.0
OX637752.1 426000000 426500000 1614.02447
OX637752.1 426500000 427000000 1614.02436
OX637752.1 427000000 427500000 1614.97686
OX637752.1 427500000 428000000 1614.61594
OX637752.1 428000000 428500000 1614.99863
OX637752.1 428500000 429000000 1615.03218
OX637752.1 429000000 429500000 1614.31647
OX637752.1 429500000 430000000 1612.75341
OX637752.1 430000000 430500000 1610.61953
OX637752.1 430500000 431000000 1608.5445
OX637752.1 431000000 431500000 1606.2611
OX637752.1 431500000 432000000 1604.80268
OX637752.1 432000000 432500000 1604.0
OX637752.1 432500000 433000000 1601.35173
OX637752.1 433000000 433500000 1598.04297
OX637752.1 433500000 434000000 1595.56759
OX637752.1 434000000 434500000 1592.64478
OX637752.1 434500000 435000000 1592.00793
OX637752.1 435000000 435500000 1591.34887
OX637752.1 435500000 436000000 1587.81076
OX637752.1 436000000 436500000 1586.39925
OX637752.1 436500000 437000000 1584.23454
OX637752.1 437000000 437500000 1584.03025
OX637752.1 437500000 438000000 1584.01191
OX637752.1 438000000 438500000 1583.12864
OX637752.1 438500000 439000000 1583.4843
OX637752.1 439000000 439500000 1581.41989
OX637752.1 439500000 440000000 1581.0
OX637752.1 440000000 440500000 1577.91762
OX637752.1 440500000 441000000 1575.28342
OX637752.1 441000000 441500000 1574.81025
OX637752.1 441500000 442000000 1572.87755
OX637752.1 442000000 442500000 1572.0458
OX637752.1 442500000 443000000 1571.66018
OX637752.1 443000000 443500000 1570.30931
OX637752.1 443500000 444000000 1569.0
OX637752.1 444000000 444500000 1568.44922
OX637752.1 444500000 445000000 1567.51676
OX637752.1 445000000 445500000 1565.94637
OX637752.1 445500000 446000000 1564.40714
OX637752.1 446000000 446500000 1563.0
OX637752.1 446500000 447000000 1562.89918
OX637752.1 447000000 447500000 1561.0
OX637752.1 447500000 448000000 1560.08723
OX637752.1 448000000 448500000 1559.23131
OX637752.1 448500000 449000000 1559.01965
OX637752.1 449000000 449500000 1559.0
OX637752.1 449500000 450000000 1556.55044
OX637752.1 450000000 450500000 1556.0
OX637752.1 450500000 451000000 1556.0
OX637752.1 451000000 451500000 1554.75205
OX637752.1 451500000 452000000 1551.82791
OX637752.1 452000000 452500000 1551.72855
OX637752.1 452500000 453000000 1550.32208
OX637752.1 453000000 453500000 1549.03001
OX637752.1 453500000 454000000 1549.14513
OX637752.1 454000000 454500000 1550.03385
OX637752.1 454500000 455000000 1549.61404
OX637752.1 455000000 455500000 1549.0
OX637752.1 455500000 456000000 1546.81017
OX637752.1 456000000 456500000 1545.95762
OX637752.1 456500000 457000000 1544.38671
OX637752.1 457000000 457500000 1544.01068
OX637752.1 457500000 458000000 1541.91796
OX637752.1 458000000 458500000 1541.01443
OX637752.1 458500000 459000000 1540.40107
OX637752.1 459000000 459500000 1539.18064
OX637752.1 459500000 460000000 1537.08515
OX637752.1 460000000 460500000 1535.27456
OX637752.1 460500000 461000000 1530.87949
OX637752.1 461000000 461500000 1527.6192
OX637752.1 461500000 462000000 1524.80056
OX637752.1 462000000 462500000 1521.76276
OX637752.1 462500000 463000000 1517.87381
OX637752.1 463000000 463500000 1514.68222
OX637752.1 463500000 464000000 1512.05281
OX637752.1 464000000 464500000 1508.91215
OX637752.1 464500000 465000000 1508.66286
OX637752.1 465000000 465500000 1508.0986
OX637752.1 465500000 466000000 1506.96878
OX637752.1 466000000 466500000 1504.3623
OX637752.1 466500000 467000000 1502.63801
OX637752.1 467000000 467500000 1501.0587
OX637752.1 467500000 468000000 1500.0
OX637752.1 468000000 468500000 1500.0
OX637752.1 468500000 469000000 1499.08582
OX637752.1 469000000 469500000 1497.89603
OX637752.1 469500000 470000000 1496.08796
OX637752.1 470000000 470500000 1496.0
OX637752.1 470500000 471000000 1492.73118
OX637752.1 471000000 471500000 1489.67991
OX637752.1 471500000 472000000 1488.17774
OX637752.1 472000000 472500000 1488.04685
OX637752.1 472500000 473000000 1487.07617
OX637752.1 473000000 473500000 1487.76225
OX637752.1 473500000 474000000 1487.00792
OX637752.1 474000000 474500000 1486.28667
OX637752.1 474500000 475000000 1485.09322
OX637752.1 475000000 475500000 1483.38424
OX637752.1 475500000 476000000 1481.05881
OX637752.1 476000000 476500000 1477.7679
OX637752.1 476500000 477000000 1475.35709
OX637752.1 477000000 477500000 1473.0
OX637752.1 477500000 478000000 1470.45151
OX637752.1 478000000 478500000 1469.75987
OX637752.1 478500000 479000000 1467.07396
OX637752.1 479000000 479500000 1466.67236
OX637752.1 479500000 480000000 1466.01509
OX637752.1 480000000 480500000 1464.37495
OX637752.1 480500000 481000000 1459.65371
OX637752.1 481000000 481500000 1455.37301
OX637752.1 481500000 482000000 1449.30207
OX637752.1 482000000 482500000 1447.95772
OX637752.1 482500000 483000000 1447.27113
OX637752.1 483000000 483500000 1447.02021
OX637752.1 483500000 484000000 1446.52391
OX637752.1 484000000 484500000 1445.87361
OX637752.1 484500000 485000000 1445.03066
OX637752.1 485000000 485500000 1444.5026
OX637752.1 485500000 486000000 1442.78051
OX637752.1 486000000 486500000 1442.0202
OX637752.1 486500000 487000000 1440.73774
OX637752.1 487000000 487500000 1437.53656
OX637752.1 487500000 488000000 1436.70257
OX637752.1 488000000 488500000 1435.24229
OX637752.1 488500000 489000000 1435.89261
OX637752.1 489000000 489500000 1434.8552
OX637752.1 489500000 490000000 1431.58856
OX637752.1 490000000 490500000 1431.0
OX637752.1 490500000 491000000 1431.02168
OX637752.1 491000000 491500000 1430.04297
OX637752.1 491500000 492000000 1427.0601
OX637752.1 492000000 492500000 1422.07233
OX637752.1 492500000 493000000 1419.9279
OX637752.1 493000000 493500000 1417.27346
OX637752.1 493500000 494000000 1414.42839
OX637752.1 494000000 494500000 1410.52881
OX637752.1 494500000 495000000 1409.56624
OX637752.1 495000000 495500000 1407.80797
OX637752.1 495500000 496000000 1405.2286
OX637752.1 496000000 496500000 1400.75134
OX637752.1 496500000 497000000 1394.87239
OX637752.1 497000000 497500000 1392.9223
OX637752.1 497500000 498000000 1390.81558
OX637752.1 498000000 498500000 1387.03438
OX637752.1 498500000 499000000 1380.00322
OX637752.1 499000000 499500000 1376.13585
OX637752.1 499500000 500000000 1373.96721
OX637752.1 500000000 500500000 1367.64858
OX637752.1 500500000 501000000 1361.81419
OX637752.1 501000000 501500000 1359.24548
OX637752.1 501500000 502000000 1357.0
OX637752.1 502000000 502500000 1355.69206
OX637752.1 502500000 503000000 1348.37895
OX637752.1 503000000 503500000 1342.58714
OX637752.1 503500000 504000000 1337.54488
OX637752.1 504000000 504500000 1332.90549
OX637752.1 504500000 505000000 1327.88142
OX637752.1 505000000 505500000 1323.6737
OX637752.1 505500000 506000000 1318.26316
OX637752.1 506000000 506500000 1313.66581
OX637752.1 506500000 507000000 1307.61315
OX637752.1 507000000 507500000 1300.46149
OX637752.1 507500000 508000000 1292.49797
OX637752.1 508000000 508500000 1289.18981
OX637752.1 508500000 509000000 1285.924
OX637752.1 509000000 509500000 1281.93472
OX637752.1 509500000 510000000 1279.89971
OX637752.1 510000000 510500000 1278.25674
OX637752.1 510500000 511000000 1273.96607
OX637752.1 511000000 511500000 1266.74395
OX637752.1 511500000 512000000 1265.00749
OX637752.1 512000000 512500000 1262.23861
OX637752.1 512500000 513000000 1257.99812
OX637752.1 513000000 513500000 1252.60091
OX637752.1 513500000 514000000 1246.56266
OX637752.1 514000000 514500000 1240.50601
OX637752.1 514500000 515000000 1237.62204
OX637752.1 515000000 515500000 1232.7985
OX637752.1 515500000 516000000 1226.12669
OX637752.1 516000000 516500000 1223.12254
OX637752.1 516500000 517000000 1220.59234
OX637752.1 517000000 517500000 1213.48389
OX637752.1 517500000 518000000 1205.7248
OX637752.1 518000000 518500000 1201.45002
OX637752.1 518500000 519000000 1195.11963
OX637752.1 519000000 519500000 1192.40584
OX637752.1 519500000 520000000 1187.5328
OX637752.1 520000000 520500000 1181.11592
OX637752.1 520500000 521000000 1176.97375
OX637752.1 521000000 521500000 1172.44851
OX637752.1 521500000 522000000 1170.03168
OX637752.1 522000000 522500000 1169.0135
OX637752.1 522500000 523000000 1166.0
OX637752.1 523000000 523500000 1164.06593
OX637752.1 523500000 524000000 1159.97569
OX637752.1 524000000 524500000 1153.40559
OX637752.1 524500000 525000000 1149.90401
OX637752.1 525000000 525500000 1144.63527
OX637752.1 525500000 526000000 1139.32879
OX637752.1 526000000 526500000 1138.09583
OX637752.1 526500000 527000000 1129.31832
OX637752.1 527000000 527500000 1125.43792
OX637752.1 527500000 528000000 1117.13159
OX637752.1 528000000 528500000 1110.65926
OX637752.1 528500000 529000000 1105.48935
OX637752.1 529000000 529500000 1098.32702
OX637752.1 529500000 530000000 1093.01786
OX637752.1 530000000 530500000 1084.23891
OX637752.1 530500000 531000000 1076.66428
OX637752.1 531000000 531500000 1071.85096
OX637752.1 531500000 532000000 1065.17009
OX637752.1 532000000 532500000 1059.53189
OX637752.1 532500000 533000000 1054.63112
OX637752.1 533000000 533500000 1045.94073
OX637752.1 533500000 534000000 1040.42699
OX637752.1 534000000 534500000 1026.37688
OX637752.1 534500000 535000000 1014.80623
OX637752.1 535000000 535500000 1008.92388
OX637752.1 535500000 536000000 997.32742
OX637752.1 536000000 536500000 980.95769
OX637752.1 536500000 537000000 973.79577
OX637752.1 537000000 537500000 959.80525
OX637752.1 537500000 538000000 950.48001
OX637752.1 538000000 538500000 942.23942
OX637752.1 538500000 539000000 925.90386
OX637752.1 539000000 539500000 916.22407
OX637752.1 539500000 540000000 908.97793
OX637752.1 540000000 540500000 899.85932
OX637752.1 540500000 541000000 890.61696
OX637752.1 541000000 541500000 878.53114
OX637752.1 541500000 542000000 862.33651
OX637752.1 542000000 542500000 840.10509
OX637752.1 542500000 543000000 829.20134
OX637752.1 543000000 543500000 819.80245
OX637752.1 543500000 544000000 813.21291
OX637752.1 544000000 544500000 799.87333
OX637752.1 544500000 545000000 788.95637
OX637752.1 545000000 545500000 778.18068
OX637752.1 545500000 546000000 756.60627
OX637752.1 546000000 546500000 739.02736
OX637752.1 546500000 547000000 722.40528
OX637752.1 547000000 547500000 699.50963
OX637752.1 547500000 548000000 678.76016
OX637752.1 548000000 548500000 662.56768
OX637752.1 548500000 549000000 643.97609
OX637752.1 549000000 549500000 639.0
OX637752.1 549500000 550000000 629.25347
OX637752.1 550000000 550500000 604.66215
OX637752.1 550500000 551000000 592.09141
OX637752.1 551000000 551500000 574.44074
OX637752.1 551500000 552000000 553.45191
OX637752.1 552000000 552500000 523.06453
OX637752.1 552500000 553000000 485.68692
OX637752.1 553000000 553500000 456.64968
OX637752.1 553500000 554000000 405.23652
OX637752.1 554000000 554500000 351.31621
OX637752.1 554500000 555000000 309.23325
OX637752.1 555000000 555500000 260.74617
OX637752.1 555500000 556000000 190.41233
OX637752.1 556000000 556500000 116.39235
OX637752.1 556500000 557000000 88.4102
OX637752.1 557000000 557500000 87.0
OX637752.1 557500000 558000000 76.8293
OX637752.1 558000000 558500000 11.68493
OX637752.1 558500000 559000000 8.0
OX637752.1 559000000 559500000 2.72816
OX637752.1 559500000 559573494 1.0
OX637759.1 0 500000 24.64752
OX637759.1 500000 1000000 91.74091
OX637759.1 1000000 1500000 129.53405
OX637759.1 1500000 2000000 151.30989
OX637759.1 2000000 2500000 207.23321
OX637759.1 2500000 3000000 259.25714
OX637759.1 3000000 3500000 293.70817
OX637759.1 3500000 4000000 326.56951
OX637759.1 4000000 4500000 359.95314
OX637759.1 4500000 5000000 388.57028
OX637759.1 5000000 5500000 415.21276
OX637759.1 5500000 6000000 436.84856
OX637759.1 6000000 6500000 470.43062
OX637759.1 6500000 7000000 492.18087
OX637759.1 7000000 7500000 512.88683
OX637759.1 7500000 8000000 531.17327
OX637759.1 8000000 8500000 548.18835
OX637759.1 8500000 9000000 566.91645
OX637759.1 9000000 9500000 585.7949
OX637759.1 9500000 10000000 605.69175
OX637759.1 10000000 10500000 616.97935
OX637759.1 10500000 11000000 624.47421
OX637759.1 11000000 11500000 641.91956
OX637759.1 11500000 12000000 659.68325
OX637759.1 12000000 12500000 678.30513
OX637759.1 12500000 13000000 696.35766
OX637759.1 13000000 13500000 709.6014
OX637759.1 13500000 14000000 720.22463
OX637759.1 14000000 14500000 728.4544
OX637759.1 14500000 15000000 736.01905
OX637759.1 15000000 15500000 749.29148
OX637759.1 15500000 16000000 767.6396
OX637759.1 16000000 16500000 777.92066
OX637759.1 16500000 17000000 787.78409
OX637759.1 17000000 17500000 796.34582
OX637759.1 17500000 18000000 807.45889
OX637759.1 18000000 18500000 813.72858
OX637759.1 18500000 19000000 824.77293
OX637759.1 19000000 19500000 838.06359
OX637759.1 19500000 20000000 851.33758
OX637759.1 20000000 20500000 855.53004
OX637759.1 20500000 21000000 861.85661
OX637759.1 21000000 21500000 874.51345
OX637759.1 21500000 22000000 893.67599
OX637759.1 22000000 22500000 902.99138
OX637759.1 22500000 23000000 913.44283
OX637759.1 23000000 23500000 922.62484
OX637759.1 23500000 24000000 931.99777
OX637759.1 24000000 24500000 941.15401
OX637759.1 24500000 25000000 950.05078
OX637759.1 25000000 25500000 957.35589
OX637759.1 25500000 26000000 964.48441
OX637759.1 26000000 26500000 969.35509
OX637759.1 26500000 27000000 975.14315
OX637759.1 27000000 27500000 980.47621
OX637759.1 27500000 28000000 985.65555
OX637759.1 28000000 28500000 995.44178
OX637759.1 28500000 29000000 1007.35706
OX637759.1 29000000 29500000 1014.46496
OX637759.1 29500000 30000000 1026.67521
OX637759.1 30000000 30500000 1030.49201
OX637759.1 30500000 31000000 1034.08782
OX637759.1 31000000 31500000 1037.71643
OX637759.1 31500000 32000000 1045.64873
OX637759.1 32000000 32500000 1053.61337
OX637759.1 32500000 33000000 1057.72943
OX637759.1 33000000 33500000 1062.52219
OX637759.1 33500000 34000000 1067.78797
OX637759.1 34000000 34500000 1073.52197
OX637759.1 34500000 35000000 1081.29754
OX637759.1 35000000 35500000 1086.19351
OX637759.1 35500000 36000000 1090.85504
OX637759.1 36000000 36500000 1099.34762
OX637759.1 36500000 37000000 1105.71784
OX637759.1 37000000 37500000 1108.37848
OX637759.1 37500000 38000000 1111.43989
OX637759.1 38000000 38500000 1117.14901
OX637759.1 38500000 39000000 1124.09903
OX637759.1 39000000 39500000 1127.86977
OX637759.1 39500000 40000000 1131.38155
OX637759.1 40000000 40500000 1134.0964
OX637759.1 40500000 41000000 1136.61403
OX637759.1 41000000 41500000 1143.01263
OX637759.1 41500000 42000000 1149.53437
OX637759.1 42000000 42500000 1154.15808
OX637759.1 42500000 43000000 1158.08822
OX637759.1 43000000 43500000 1163.98849
OX637759.1 43500000 44000000 1171.25296
OX637759.1 44000000 44500000 1175.78531
OX637759.1 44500000 45000000 1180.35004
OX637759.1 45000000 45500000 1182.57365
OX637759.1 45500000 46000000 1183.96329
OX637759.1 46000000 46500000 1185.43044
OX637759.1 46500000 47000000 1192.04112
OX637759.1 47000000 47500000 1194.44915
OX637759.1 47500000 48000000 1199.85026
OX637759.1 48000000 48500000 1203.80068
OX637759.1 48500000 49000000 1205.39109
OX637759.1 49000000 49500000 1208.11835
OX637759.1 49500000 50000000 1215.31361
OX637759.1 50000000 50500000 1216.2611
OX637759.1 50500000 51000000 1217.0
OX637759.1 51000000 51500000 1217.0
OX637759.1 51500000 52000000 1217.0
OX637759.1 52000000 52500000 1217.762
OX637759.1 52500000 53000000 1220.95784
OX637759.1 53000000 53500000 1223.86897
OX637759.1 53500000 54000000 1229.59648
OX637759.1 54000000 54500000 1232.04059
OX637759.1 54500000 55000000 1236.5373
OX637759.1 55000000 55500000 1240.7058
OX637759.1 55500000 56000000 1246.04008
OX637759.1 56000000 56500000 1251.13059
OX637759.1 56500000 57000000 1252.9496
OX637759.1 57000000 57500000 1259.93215
OX637759.1 57500000 58000000 1261.4662
OX637759.1 58000000 58500000 1263.99073
OX637759.1 58500000 59000000 1269.78804
OX637759.1 59000000 59500000 1275.30205
OX637759.1 59500000 60000000 1279.91862
OX637759.1 60000000 60500000 1282.18021
OX637759.1 60500000 61000000 1286.6311
OX637759.1 61000000 61500000 1291.28259
OX637759.1 61500000 62000000 1293.75009
OX637759.1 62000000 62500000 1298.71453
OX637759.1 62500000 63000000 1303.60453
OX637759.1 63000000 63500000 1306.49522
OX637759.1 63500000 64000000 1311.06354
OX637759.1 64000000 64500000 1316.61505
OX637759.1 64500000 65000000 1321.65656
OX637759.1 65000000 65500000 1325.04993
OX637759.1 65500000 66000000 1328.25299
OX637759.1 66000000 66500000 1330.86376
OX637759.1 66500000 67000000 1334.20705
OX637759.1 67000000 67500000 1335.0
OX637759.1 67500000 68000000 1335.43381
OX637759.1 68000000 68500000 1336.3712
OX637759.1 68500000 69000000 1339.30371
OX637759.1 69000000 69500000 1342.2143
OX637759.1 69500000 70000000 1344.06433
OX637759.1 70000000 70500000 1347.7739
OX637759.1 70500000 71000000 1350.44954
OX637759.1 71000000 71500000 1353.04309
OX637759.1 71500000 72000000 1354.57127
OX637759.1 72000000 72500000 1359.83736
OX637759.1 72500000 73000000 1366.30454
OX637759.1 73000000 73500000 1368.34223
OX637759.1 73500000 74000000 1370.33318
OX637759.1 74000000 74500000 1372.41667
OX637759.1 74500000 75000000 1375.34424
OX637759.1 75000000 75500000 1377.01302
OX637759.1 75500000 76000000 1378.92821
OX637759.1 76000000 76500000 1380.1847
OX637759.1 76500000 77000000 1381.23557
OX637759.1 77000000 77500000 1383.04875
OX637759.1 77500000 78000000 1386.15415
OX637759.1 78000000 78500000 1387.33106
OX637759.1 78500000 79000000 1389.47176
OX637759.1 79000000 79500000 1392.80592
OX637759.1 79500000 80000000 1393.04859
OX637759.1 80000000 80500000 1394.89393
OX637759.1 80500000 81000000 1397.60456
OX637759.1 81000000 81500000 1400.02022
OX637759.1 81500000 82000000 1402.43633
OX637759.1 82000000 82500000 1404.21509
OX637759.1 82500000 83000000 1405.70174
OX637759.1 83000000 83500000 1407.1502
OX637759.1 83500000 84000000 1409.39265
OX637759.1 84000000 84500000 1412.26823
OX637759.1 84500000 85000000 1414.71535
OX637759.1 85000000 85500000 1415.82586
OX637759.1 85500000 86000000 1417.91151
OX637759.1 86000000 86500000 1418.7521
OX637759.1 86500000 87000000 1420.38792
OX637759.1 87000000 87500000 1421.41103
OX637759.1 87500000 88000000 1422.50796
OX637759.1 88000000 88500000 1423.61636
OX637759.1 88500000 89000000 1425.10693
OX637759.1 89000000 89500000 1428.31274
OX637759.1 89500000 90000000 1431.31914
OX637759.1 90000000 90500000 1434.19774
OX637759.1 90500000 91000000 1435.03432
OX637759.1 91000000 91500000 1438.81372
OX637759.1 91500000 92000000 1440.82455
OX637759.1 92000000 92500000 1442.0
OX637759.1 92500000 93000000 1442.48417
OX637759.1 93000000 93500000 1443.08624
OX637759.1 93500000 94000000 1444.57295
OX637759.1 94000000 94500000 1445.62406
OX637759.1 94500000 95000000 1447.70202
OX637759.1 95000000 95500000 1451.40262
OX637759.1 95500000 96000000 1453.6011
OX637759.1 96000000 96500000 1455.98481
OX637759.1 96500000 97000000 1459.13733
OX637759.1 97000000 97500000 1462.525
OX637759.1 97500000 98000000 1464.53145
OX637759.1 98000000 98500000 1468.93329
OX637759.1 98500000 99000000 1471.63108
OX637759.1 99000000 99500000 1473.00152
OX637759.1 99500000 100000000 1473.84717
OX637759.1 100000000 100500000 1474.81181
OX637759.1 100500000 101000000 1477.01073
OX637759.1 101000000 101500000 1477.482
OX637759.1 101500000 102000000 1478.92762
OX637759.1 102000000 102500000 1480.15503
OX637759.1 102500000 103000000 1483.36644
OX637759.1 103000000 103500000 1485.65404
OX637759.1 103500000 104000000 1488.59005
OX637759.1 104000000 104500000 1490.52635
OX637759.1 104500000 105000000 1492.06161
OX637759.1 105000000 105500000 1492.76186
OX637759.1 105500000 106000000 1492.99493
OX637759.1 106000000 106500000 1496.97974
OX637759.1 106500000 107000000 1499.85517
OX637759.1 107000000 107500000 1500.01649
OX637759.1 107500000 108000000 1500.18211
OX637759.1 108000000 108500000 1501.56859
OX637759.1 108500000 109000000 1502.46758
OX637759.1 109000000 109500000 1503.03503
OX637759.1 109500000 110000000 1504.59015
OX637759.1 110000000 110500000 1508.10773
OX637759.1 110500000 111000000 1512.30562
OX637759.1 111000000 111500000 1514.64105
OX637759.1 111500000 112000000 1513.66879
OX637759.1 112000000 112500000 1515.40461
OX637759.1 112500000 113000000 1516.0
OX637759.1 113000000 113500000 1517.86409
OX637759.1 113500000 114000000 1520.46942
OX637759.1 114000000 114500000 1521.6532
OX637759.1 114500000 115000000 1523.98888
OX637759.1 115000000 115500000 1524.01343
OX637759.1 115500000 116000000 1523.84847
OX637759.1 116000000 116500000 1523.0
OX637759.1 116500000 117000000 1523.83455
OX637759.1 117000000 117500000 1525.02873
OX637759.1 117500000 118000000 1526.68883
OX637759.1 118000000 118500000 1530.01976
OX637759.1 118500000 119000000 1531.41989
OX637759.1 119000000 119500000 1532.98995
OX637759.1 119500000 120000000 1534.01664
OX637759.1 120000000 120500000 1534.01673
OX637759.1 120500000 121000000 1534.01778
OX637759.1 121000000 121500000 1534.62408
OX637759.1 121500000 122000000 1535.39223
OX637759.1 122000000 122500000 1536.24565
OX637759.1 122500000 123000000 1536.68724
OX637759.1 123000000 123500000 1539.4532
OX637759.1 123500000 124000000 1542.94019
OX637759.1 124000000 124500000 1544.75479
OX637759.1 124500000 125000000 1548.91802
OX637759.1 125000000 125500000 1549.60233
OX637759.1 125500000 126000000 1550.11512
OX637759.1 126000000 126500000 1550.92678
OX637759.1 126500000 127000000 1550.91639
OX637759.1 127000000 127500000 1550.01319
OX637759.1 127500000 128000000 1550.0
OX637759.1 128000000 128500000 1550.03105
OX637759.1 128500000 129000000 1550.80322
OX637759.1 129000000 129500000 1553.39664
OX637759.1 129500000 130000000 1557.26789
OX637759.1 130000000 130500000 1560.40112
OX637759.1 130500000 131000000 1563.13949
OX637759.1 131000000 131500000 1565.0669
OX637759.1 131500000 132000000 1567.00405
OX637759.1 132000000 132500000 1568.00049
OX637759.1 132500000 133000000 1568.02442
OX637759.1 133000000 133500000 1568.97847
OX637759.1 133500000 134000000 1569.96693
OX637759.1 134000000 134500000 1569.46376
OX637759.1 134500000 135000000 1572.99109
OX637759.1 135000000 135500000 1574.83003
OX637759.1 135500000 136000000 1576.0479
OX637759.1 136000000 136500000 1576.8087
OX637759.1 136500000 137000000 1578.00523
OX637759.1 137000000 137500000 1578.10089
OX637759.1 137500000 138000000 1580.63993
OX637759.1 138000000 138500000 1583.9707
OX637759.1 138500000 139000000 1584.01785
OX637759.1 139000000 139500000 1584.01357
OX637759.1 139500000 140000000 1584.9218
OX637759.1 140000000 140500000 1586.14619
OX637759.1 140500000 141000000 1588.53089
OX637759.1 141000000 141500000 1590.70181
OX637759.1 141500000 142000000 1593.32481
OX637759.1 142000000 142500000 1595.73423
OX637759.1 142500000 143000000 1599.2431
OX637759.1 143000000 143500000 1601.02362
OX637759.1 143500000 144000000 1601.84097
OX637759.1 144000000 144500000 1602.43609
OX637759.1 144500000 145000000 1604.77914
OX637759.1 145000000 145500000 1605.49613
OX637759.1 145500000 146000000 1607.77879
OX637759.1 146000000 146500000 1609.96052
OX637759.1 146500000 147000000 1610.00899
OX637759.1 147000000 147500000 1612.06914
OX637759.1 147500000 148000000 1612.84969
OX637759.1 148000000 148500000 1612.49154
OX637759.1 148500000 149000000 1612.0
OX637759.1 149000000 149500000 1612.42091
OX637759.1 149500000 150000000 1613.96893
OX637759.1 150000000 150500000 1614.09711
OX637759.1 150500000 151000000 1616.0
OX637759.1 151000000 151500000 1616.82486
OX637759.1 151500000 152000000 1620.41735
OX637759.1 152000000 152500000 1622.01865
OX637759.1 152500000 153000000 1622.02113
OX637759.1 153000000 153500000 1622.99269
OX637759.1 153500000 154000000 1625.15868
OX637759.1 154000000 154500000 1627.28667
OX637759.1 154500000 155000000 1629.9247
OX637759.1 155000000 155500000 1630.32038
OX637759.1 155500000 156000000 1631.78057
OX637759.1 156000000 156500000 1631.93881
OX637759.1 156500000 157000000 1633.54385
OX637759.1 157000000 157500000 1634.61097
OX637759.1 157500000 158000000 1635.41484
OX637759.1 158000000 158500000 1634.45189
OX637759.1 158500000 159000000 1634.03431
OX637759.1 159000000 159500000 1634.0
OX637759.1 159500000 160000000 1634.00151
OX637759.1 160000000 160500000 1634.89696
OX637759.1 160500000 161000000 1636.01766
OX637759.1 161000000 161500000 1635.92076
OX637759.1 161500000 162000000 1636.046
OX637759.1 162000000 162500000 1637.0
OX637759.1 162500000 163000000 1637.01007
OX637759.1 163000000 163500000 1637.82399
OX637759.1 163500000 164000000 1638.02021
OX637759.1 164000000 164500000 1638.02492
OX637759.1 164500000 165000000 1638.96116
OX637759.1 165000000 165500000 1639.21954
OX637759.1 165500000 166000000 1641.3318
OX637759.1 166000000 166500000 1642.36317
OX637759.1 166500000 167000000 1642.85384
OX637759.1 167000000 167500000 1642.01952
OX637759.1 167500000 168000000 1642.40309
OX637759.1 168000000 168500000 1643.01643
OX637759.1 168500000 169000000 1643.0491
OX637759.1 169000000 169500000 1643.86797
OX637759.1 169500000 170000000 1642.69783
OX637759.1 170000000 170500000 1644.01767
OX637759.1 170500000 171000000 1644.95289
OX637759.1 171000000 171500000 1645.0
OX637759.1 171500000 172000000 1645.01695
OX637759.1 172000000 172500000 1645.74103
OX637759.1 172500000 173000000 1646.94089
OX637759.1 173000000 173500000 1646.02509
OX637759.1 173500000 174000000 1646.86956
OX637759.1 174000000 174500000 1647.63338
OX637759.1 174500000 175000000 1650.62603
OX637759.1 175000000 175500000 1650.00691
OX637759.1 175500000 176000000 1650.41705
OX637759.1 176000000 176500000 1651.11553
OX637759.1 176500000 177000000 1651.02449
OX637759.1 177000000 177500000 1651.1014
OX637759.1 177500000 178000000 1652.00101
OX637759.1 178000000 178500000 1652.13799
OX637759.1 178500000 179000000 1652.61806
OX637759.1 179000000 179500000 1653.60902
OX637759.1 179500000 180000000 1654.56654
OX637759.1 180000000 180500000 1655.03693
OX637759.1 180500000 181000000 1655.02674
OX637759.1 181000000 181500000 1655.02818
OX637759.1 181500000 182000000 1655.95166
OX637759.1 182000000 182500000 1657.05814
OX637759.1 182500000 183000000 1657.03551
OX637759.1 183000000 183500000 1656.88035
OX637759.1 183500000 184000000 1656.4298
OX637759.1 184000000 184500000 1657.0346
OX637759.1 184500000 185000000 1656.58231
OX637759.1 185000000 185500000 1656.05736
OX637759.1 185500000 186000000 1657.35123
OX637759.1 186000000 186500000 1659.03558
OX637759.1 186500000 187000000 1660.02867
OX637759.1 187000000 187500000 1660.31709
OX637759.1 187500000 188000000 1660.31172
OX637759.1 188000000 188500000 1661.01766
OX637759.1 188500000 189000000 1661.37492
OX637759.1 189000000 189500000 1662.72965
OX637759.1 189500000 190000000 1663.01257
OX637759.1 190000000 190500000 1662.0
OX637759.1 190500000 191000000 1662.0176
OX637759.1 191000000 191500000 1661.15437
OX637759.1 191500000 192000000 1661.0
OX637759.1 192000000 192500000 1660.33292
OX637759.1 192500000 193000000 1659.29351
OX637759.1 193000000 193500000 1659.94276
OX637759.1 193500000 194000000 1661.63336
OX637759.1 194000000 194500000 1661.53478
OX637759.1 194500000 195000000 1662.84762
OX637759.1 195000000 195500000 1663.0
OX637759.1 195500000 196000000 1662.26506
OX637759.1 196000000 196500000 1661.36524
OX637759.1 196500000 197000000 1661.15859
OX637759.1 197000000 197500000 1661.95521
OX637759.1 197500000 198000000 1662.41396
OX637759.1 198000000 198500000 1663.0
OX637759.1 198500000 199000000 1663.95556
OX637759.1 199000000 199500000 1664.04951
OX637759.1 199500000 200000000 1664.27151
OX637759.1 200000000 200500000 1665.30928
OX637759.1 200500000 201000000 1667.33575
OX637759.1 201000000 201500000 1667.50414
OX637759.1 201500000 202000000 1668.03849
OX637759.1 202000000 202500000 1667.23034
OX637759.1 202500000 203000000 1668.0
OX637759.1 203000000 203500000 1668.0
OX637759.1 203500000 204000000 1668.01799
OX637759.1 204000000 204500000 1668.0
OX637759.1 204500000 205000000 1668.03069
OX637759.1 205000000 205500000 1669.01547
OX637759.1 205500000 206000000 1670.22319
OX637759.1 206000000 206500000 1669.46648
OX637759.1 206500000 207000000 1668.0
OX637759.1 207000000 207500000 1668.0
OX637759.1 207500000 208000000 1668.59144
OX637759.1 208000000 208500000 1668.36718
OX637759.1 208500000 209000000 1669.02417
OX637759.1 209000000 209500000 1669.06291
OX637759.1 209500000 210000000 1670.01278
OX637759.1 210000000 210500000 1668.06211
OX637759.1 210500000 211000000 1668.01646
OX637759.1 211000000 211500000 1667.85715
OX637759.1 211500000 212000000 1667.52028
OX637759.1 212000000 212500000 1668.0
OX637759.1 212500000 213000000 1668.00978
OX637759.1 213000000 213500000 1668.2484
OX637759.1 213500000 214000000 1669.71076
OX637759.1 214000000 214500000 1670.29625
OX637759.1 214500000 215000000 1669.41813
OX637759.1 215000000 215500000 1670.0336
OX637759.1 215500000 216000000 1670.39506
OX637759.1 216000000 216500000 1670.03003
OX637759.1 216500000 217000000 1669.95173
OX637759.1 217000000 217500000 1669.03997
OX637759.1 217500000 218000000 1668.02795
OX637759.1 218000000 218500000 1666.36601
OX637759.1 218500000 219000000 1663.0
OX637759.1 219000000 219500000 1663.02587
OX637759.1 219500000 220000000 1662.37817
OX637759.1 220000000 220500000 1660.17922
OX637759.1 220500000 221000000 1660.03298
OX637759.1 221000000 221500000 1660.0
OX637759.1 221500000 222000000 1660.01613
OX637759.1 222000000 222500000 1659.34598
OX637759.1 222500000 223000000 1659.03662
OX637759.1 223000000 223500000 1658.42727
OX637759.1 223500000 224000000 1656.00472
OX637759.1 224000000 224500000 1655.0
OX637759.1 224500000 225000000 1655.0
OX637759.1 225000000 225500000 1655.01642
OX637759.1 225500000 226000000 1655.53664
OX637759.1 226000000 226500000 1655.02952
OX637759.1 226500000 227000000 1655.01767
OX637759.1 227000000 227500000 1655.07582
OX637759.1 227500000 228000000 1655.0
OX637759.1 228000000 228500000 1655.01646
OX637759.1 228500000 229000000 1654.66671
OX637759.1 229000000 229500000 1654.86512
OX637759.1 229500000 230000000 1655.89455
OX637759.1 230000000 230500000 1657.78574
OX637759.1 230500000 231000000 1658.01649
OX637759.1 231000000 231500000 1657.0824
OX637759.1 231500000 232000000 1656.2522
OX637759.1 232000000 232500000 1656.0
OX637759.1 232500000 233000000 1655.79546
OX637759.1 233000000 233500000 1655.86434
OX637759.1 233500000 234000000 1656.58874
OX637759.1 234000000 234500000 1657.47242
OX637759.1 234500000 235000000 1656.08027
OX637759.1 235000000 235500000 1655.65086
OX637759.1 235500000 236000000 1654.02107
OX637759.1 236000000 236500000 1652.0
OX637759.1 236500000 237000000 1651.49232
OX637759.1 237000000 237500000 1650.65555
OX637759.1 237500000 238000000 1649.01608
OX637759.1 238000000 238500000 1649.0
OX637759.1 238500000 239000000 1648.85702
OX637759.1 239000000 239500000 1648.53553
OX637759.1 239500000 240000000 1647.62049
OX637759.1 240000000 240500000 1647.01766
OX637759.1 240500000 241000000 1647.0
OX637759.1 241000000 241500000 1647.02614
OX637759.1 241500000 242000000 1647.44092
OX637759.1 242000000 242500000 1647.42138
OX637759.1 242500000 243000000 1647.17447
OX637759.1 243000000 243500000 1647.01856
OX637759.1 243500000 244000000 1646.77238
OX637759.1 244000000 244500000 1645.37882
OX637759.1 244500000 245000000 1644.61849
OX637759.1 245000000 245500000 1644.33606
OX637759.1 245500000 246000000 1645.02493
OX637759.1 246000000 246500000 1644.91398
OX637759.1 246500000 247000000 1644.02465
OX637759.1 247000000 247500000 1644.0
OX637759.1 247500000 248000000 1644.0
OX637759.1 248000000 248500000 1644.07696
OX637759.1 248500000 249000000 1642.22098
OX637759.1 249000000 249500000 1642.0
OX637759.1 249500000 250000000 1641.85624
OX637759.1 250000000 250500000 1641.11296
OX637759.1 250500000 251000000 1641.01661
OX637759.1 251000000 251500000 1640.42155
OX637759.1 251500000 252000000 1639.52759
OX637759.1 252000000 252500000 1639.03266
OX637759.1 252500000 253000000 1638.95603
OX637759.1 253000000 253500000 1637.16352
OX637759.1 253500000 254000000 1637.38716
OX637759.1 254000000 254500000 1636.95534
OX637759.1 254500000 255000000 1636.92186
OX637759.1 255000000 255500000 1637.0
OX637759.1 255500000 256000000 1636.55471
OX637759.1 256000000 256500000 1637.45008
OX637759.1 256500000 257000000 1636.75279
OX637759.1 257000000 257500000 1635.48779
OX637759.1 257500000 258000000 1634.8362
OX637759.1 258000000 258500000 1634.01772
OX637759.1 258500000 259000000 1633.83504
OX637759.1 259000000 259500000 1633.0
OX637759.1 259500000 260000000 1633.01958
OX637759.1 260000000 260500000 1633.02693
OX637759.1 260500000 261000000 1633.00816
OX637759.1 261000000 261500000 1633.09463
OX637759.1 261500000 262000000 1633.01912
OX637759.1 262000000 262500000 1632.0354
OX637759.1 262500000 263000000 1631.01151
OX637759.1 263000000 263500000 1630.00863
OX637759.1 263500000 264000000 1629.34716
OX637759.1 264000000 264500000 1629.1923
OX637759.1 264500000 265000000 1629.48167
OX637759.1 265000000 265500000 1627.07262
OX637759.1 265500000 266000000 1627.01437
OX637759.1 266000000 266500000 1626.76934
OX637759.1 266500000 267000000 1626.0171
OX637759.1 267000000 267500000 1626.0149
OX637759.1 267500000 268000000 1626.04083
OX637759.1 268000000 268500000 1626.03281
OX637759.1 268500000 269000000 1625.88937
OX637759.1 269000000 269500000 1623.93917
OX637759.1 269500000 270000000 1623.68009
OX637759.1 270000000 270500000 1624.59107
OX637759.1 270500000 271000000 1623.24029
OX637759.1 271000000 271500000 1622.21158
OX637759.1 271500000 272000000 1622.0061
OX637759.1 272000000 272500000 1622.34879
OX637759.1 272500000 273000000 1622.36895
OX637759.1 273000000 273500000 1622.51988
OX637759.1 273500000 274000000 1622.0
OX637759.1 274000000 274500000 1621.76847
OX637759.1 274500000 275000000 1621.00869
OX637759.1 275000000 275500000 1619.13775
OX637759.1 275500000 276000000 1617.00062
OX637759.1 276000000 276500000 1616.73315
OX637759.1 276500000 277000000 1615.31181
OX637759.1 277000000 277500000 1615.18665
OX637759.1 277500000 278000000 1615.0
OX637759.1 278000000 278500000 1614.70353
OX637759.1 278500000 279000000 1614.35799
OX637759.1 279000000 279500000 1615.29101
OX637759.1 279500000 280000000 1615.04098
OX637759.1 280000000 280500000 1614.02461
OX637759.1 280500000 281000000 1614.01792
OX637759.1 281000000 281500000 1613.26058
OX637759.1 281500000 282000000 1611.53357
OX637759.1 282000000 282500000 1608.4665
OX637759.1 282500000 283000000 1606.43609
OX637759.1 283000000 283500000 1605.38923
OX637759.1 283500000 284000000 1605.03461
OX637759.1 284000000 284500000 1605.14177
OX637759.1 284500000 285000000 1606.01645
OX637759.1 285000000 285500000 1606.6777
OX637759.1 285500000 286000000 1604.17065
OX637759.1 286000000 286500000 1601.96598
OX637759.1 286500000 287000000 1600.17611
OX637759.1 287000000 287500000 1600.0
OX637759.1 287500000 288000000 1600.0
OX637759.1 288000000 288500000 1600.0
OX637759.1 288500000 289000000 1600.64797
OX637759.1 289000000 289500000 1600.8031
OX637759.1 289500000 290000000 1599.35117
OX637759.1 290000000 290500000 1599.02472
OX637759.1 290500000 291000000 1598.04925
OX637759.1 291000000 291500000 1596.73598
OX637759.1 291500000 292000000 1597.93466
OX637759.1 292000000 292500000 1596.48765
OX637759.1 292500000 293000000 1595.33217
OX637759.1 293000000 293500000 1595.03194
OX637759.1 293500000 294000000 1595.02076
OX637759.1 294000000 294500000 1595.01326
OX637759.1 294500000 295000000 1595.01868
OX637759.1 295000000 295500000 1593.47203
OX637759.1 295500000 296000000 1591.52072
OX637759.1 296000000 296500000 1590.05079
OX637759.1 296500000 297000000 1589.55474
OX637759.1 297000000 297500000 1590.00461
OX637759.1 297500000 298000000 1590.0
OX637759.1 298000000 298500000 1588.11079
OX637759.1 298500000 299000000 1586.81912
OX637759.1 299000000 299500000 1586.13816
OX637759.1 299500000 300000000 1585.21297
OX637759.1 300000000 300500000 1585.03726
OX637759.1 300500000 301000000 1585.96902
OX637759.1 301000000 301500000 1586.004
OX637759.1 301500000 302000000 1585.72213
OX637759.1 302000000 302500000 1585.55989
OX637759.1 302500000 303000000 1585.94153
OX637759.1 303000000 303500000 1585.81912
OX637759.1 303500000 304000000 1581.5119
OX637759.1 304000000 304500000 1580.01676
OX637759.1 304500000 305000000 1580.18551
OX637759.1 305000000 305500000 1580.85299
OX637759.1 305500000 306000000 1578.186
OX637759.1 306000000 306500000 1578.00818
OX637759.1 306500000 307000000 1578.0
OX637759.1 307000000 307500000 1577.10887
OX637759.1 307500000 308000000 1576.59152
OX637759.1 308000000 308500000 1576.0
OX637759.1 308500000 309000000 1575.71303
OX637759.1 309000000 309500000 1573.01645
OX637759.1 309500000 310000000 1572.09837
OX637759.1 310000000 310500000 1571.58251
OX637759.1 310500000 311000000 1571.10891
OX637759.1 311000000 311500000 1570.09776
OX637759.1 311500000 312000000 1568.35421
OX637759.1 312000000 312500000 1567.01059
OX637759.1 312500000 313000000 1566.6587
OX637759.1 313000000 313500000 1566.01676
OX637759.1 313500000 314000000 1565.37787
OX637759.1 314000000 314500000 1565.02159
OX637759.1 314500000 315000000 1564.21785
OX637759.1 315000000 315500000 1562.20755
OX637759.1 315500000 316000000 1558.76594
OX637759.1 316000000 316500000 1558.2479
OX637759.1 316500000 317000000 1559.00034
OX637759.1 317000000 317500000 1558.72184
OX637759.1 317500000 318000000 1560.0235
OX637759.1 318000000 318500000 1559.97592
OX637759.1 318500000 319000000 1558.66826
OX637759.1 319000000 319500000 1558.00037
OX637759.1 319500000 320000000 1558.84736
OX637759.1 320000000 320500000 1559.55293
OX637759.1 320500000 321000000 1559.15349
OX637759.1 321000000 321500000 1559.44472
OX637759.1 321500000 322000000 1559.0719
OX637759.1 322000000 322500000 1559.07678
OX637759.1 322500000 323000000 1558.24849
OX637759.1 323000000 323500000 1557.9336
OX637759.1 323500000 324000000 1556.63168
OX637759.1 324000000 324500000 1554.96785
OX637759.1 324500000 325000000 1552.84243
OX637759.1 325000000 325500000 1552.05889
OX637759.1 325500000 326000000 1552.50363
OX637759.1 326000000 326500000 1551.6726
OX637759.1 326500000 327000000 1549.56689
OX637759.1 327000000 327500000 1548.35244
OX637759.1 327500000 328000000 1547.29984
OX637759.1 328000000 328500000 1543.76724
OX637759.1 328500000 329000000 1542.49701
OX637759.1 329000000 329500000 1542.01901
OX637759.1 329500000 330000000 1540.55661
OX637759.1 330000000 330500000 1538.96582
OX637759.1 330500000 331000000 1536.48437
OX637759.1 331000000 331500000 1536.07082
OX637759.1 331500000 332000000 1534.77289
OX637759.1 332000000 332500000 1532.3428
OX637759.1 332500000 333000000 1530.48248
OX637759.1 333000000 333500000 1527.9427
OX637759.1 333500000 334000000 1525.09685
OX637759.1 334000000 334500000 1523.22278
OX637759.1 334500000 335000000 1519.62652
OX637759.1 335000000 335500000 1518.73467
OX637759.1 335500000 336000000 1517.91742
OX637759.1 336000000 336500000 1517.01648
OX637759.1 336500000 337000000 1517.0
OX637759.1 337000000 337500000 1515.68665
OX637759.1 337500000 338000000 1511.42668
OX637759.1 338000000 338500000 1508.01928
OX637759.1 338500000 339000000 1506.82864
OX637759.1 339000000 339500000 1501.98476
OX637759.1 339500000 340000000 1500.70203
OX637759.1 340000000 340500000 1499.38724
OX637759.1 340500000 341000000 1500.82587
OX637759.1 341000000 341500000 1500.75625
OX637759.1 341500000 342000000 1500.00856
OX637759.1 342000000 342500000 1499.69582
OX637759.1 342500000 343000000 1498.62091
OX637759.1 343000000 343500000 1496.36047
OX637759.1 343500000 344000000 1494.98205
OX637759.1 344000000 344500000 1492.17625
OX637759.1 344500000 345000000 1488.24239
OX637759.1 345000000 345500000 1485.04958
OX637759.1 345500000 346000000 1480.13176
OX637759.1 346000000 346500000 1477.32454
OX637759.1 346500000 347000000 1474.32083
OX637759.1 347000000 347500000 1471.72241
OX637759.1 347500000 348000000 1470.60892
OX637759.1 348000000 348500000 1470.00019
OX637759.1 348500000 349000000 1469.77258
OX637759.1 349000000 349500000 1468.35872
OX637759.1 349500000 350000000 1468.03967
OX637759.1 350000000 350500000 1467.30552
OX637759.1 350500000 351000000 1465.54481
OX637759.1 351000000 351500000 1463.95793
OX637759.1 351500000 352000000 1463.01072
OX637759.1 352000000 352500000 1462.68411
OX637759.1 352500000 353000000 1461.93081
OX637759.1 353000000 353500000 1460.0
OX637759.1 353500000 354000000 1459.20353
OX637759.1 354000000 354500000 1456.44848
OX637759.1 354500000 355000000 1453.59425
OX637759.1 355000000 355500000 1448.75907
OX637759.1 355500000 356000000 1444.29453
OX637759.1 356000000 356500000 1438.35938
OX637759.1 356500000 357000000 1437.24297
OX637759.1 357000000 357500000 1434.44557
OX637759.1 357500000 358000000 1433.65927
OX637759.1 358000000 358500000 1434.03207
OX637759.1 358500000 359000000 1433.27626
OX637759.1 359000000 359500000 1428.90051
OX637759.1 359500000 360000000 1427.09443
OX637759.1 360000000 360500000 1427.0
OX637759.1 360500000 361000000 1426.19778
OX637759.1 361000000 361500000 1423.46796
OX637759.1 361500000 362000000 1421.32075
OX637759.1 362000000 362500000 1418.60907
OX637759.1 362500000 363000000 1415.04917
OX637759.1 363000000 363500000 1414.82311
OX637759.1 363500000 364000000 1412.51017
OX637759.1 364000000 364500000 1411.0
OX637759.1 364500000 365000000 1409.54468
OX637759.1 365000000 365500000 1408.23767
OX637759.1 365500000 366000000 1405.49943
OX637759.1 366000000 366500000 1403.58583
OX637759.1 366500000 367000000 1402.33481
OX637759.1 367000000 367500000 1400.92909
OX637759.1 367500000 368000000 1398.19685
OX637759.1 368000000 368500000 1398.09114
OX637759.1 368500000 369000000 1395.41277
OX637759.1 369000000 369500000 1395.04372
OX637759.1 369500000 370000000 1393.19102
OX637759.1 370000000 370500000 1389.05596
OX637759.1 370500000 371000000 1388.01646
OX637759.1 371000000 371500000 1386.37494
OX637759.1 371500000 372000000 1380.56419
OX637759.1 372000000 372500000 1377.49187
OX637759.1 372500000 373000000 1375.81363
OX637759.1 373000000 373500000 1375.0
OX637759.1 373500000 374000000 1371.12775
OX637759.1 374000000 374500000 1368.43272
OX637759.1 374500000 375000000 1365.83802
OX637759.1 375000000 375500000 1363.55749
OX637759.1 375500000 376000000 1361.53561
OX637759.1 376000000 376500000 1360.94802
OX637759.1 376500000 377000000 1356.14938
OX637759.1 377000000 377500000 1351.97747
OX637759.1 377500000 378000000 1347.68294
OX637759.1 378000000 378500000 1344.60982
OX637759.1 378500000 379000000 1343.71017
OX637759.1 379000000 379500000 1341.46178
OX637759.1 379500000 380000000 1336.91537
OX637759.1 380000000 380500000 1334.76853
OX637759.1 380500000 381000000 1332.20531
OX637759.1 381000000 381500000 1330.44988
OX637759.1 381500000 382000000 1326.81282
OX637759.1 382000000 382500000 1324.36284
OX637759.1 382500000 383000000 1318.88107
OX637759.1 383000000 383500000 1313.33403
OX637759.1 383500000 384000000 1312.10243
OX637759.1 384000000 384500000 1307.97788
OX637759.1 384500000 385000000 1303.72994
OX637759.1 385000000 385500000 1299.74385
OX637759.1 385500000 386000000 1298.57967
OX637759.1 386000000 386500000 1297.04858
OX637759.1 386500000 387000000 1292.66075
OX637759.1 387000000 387500000 1287.78841
OX637759.1 387500000 388000000 1280.47306
OX637759.1 388000000 388500000 1276.36119
OX637759.1 388500000 389000000 1274.59315
OX637759.1 389000000 389500000 1266.75872
OX637759.1 389500000 390000000 1262.05072
OX637759.1 390000000 390500000 1255.60605
OX637759.1 390500000 391000000 1249.02115
OX637759.1 391000000 391500000 1244.31686
OX637759.1 391500000 392000000 1240.13782
OX637759.1 392000000 392500000 1235.7995
OX637759.1 392500000 393000000 1235.0
OX637759.1 393000000 393500000 1235.0
OX637759.1 393500000 394000000 1235.0
OX637759.1 394000000 394500000 1235.0
OX637759.1 394500000 395000000 1234.70132
OX637759.1 395000000 395500000 1231.02584
OX637759.1 395500000 396000000 1226.31178
OX637759.1 396000000 396500000 1221.27894
OX637759.1 396500000 397000000 1214.62453
OX637759.1 397000000 397500000 1211.42673
OX637759.1 397500000 398000000 1206.67311
OX637759.1 398000000 398500000 1198.4267
OX637759.1 398500000 399000000 1192.32416
OX637759.1 399000000 399500000 1188.12551
OX637759.1 399500000 400000000 1184.90806
OX637759.1 400000000 400500000 1178.78401
OX637759.1 400500000 401000000 1176.32078
OX637759.1 401000000 401500000 1173.51216
OX637759.1 401500000 402000000 1171.89065
OX637759.1 402000000 402500000 1164.76674
OX637759.1 402500000 403000000 1162.87502
OX637759.1 403000000 403500000 1159.50898
OX637759.1 403500000 404000000 1155.70757
OX637759.1 404000000 404500000 1149.85466
OX637759.1 404500000 405000000 1143.84514
OX637759.1 405000000 405500000 1138.7584
OX637759.1 405500000 406000000 1136.34098
OX637759.1 406000000 406500000 1131.41476
OX637759.1 406500000 407000000 1123.63521
OX637759.1 407000000 407500000 1114.59095
OX637759.1 407500000 408000000 1111.01688
OX637759.1 408000000 408500000 1100.83567
OX637759.1 408500000 409000000 1091.43548
OX637759.1 409000000 409500000 1087.13394
OX637759.1 409500000 410000000 1084.04088
OX637759.1 410000000 410500000 1076.29922
OX637759.1 410500000 411000000 1065.71436
OX637759.1 411000000 411500000 1063.33123
OX637759.1 411500000 412000000 1058.16213
OX637759.1 412000000 412500000 1049.06649
OX637759.1 412500000 413000000 1038.83642
OX637759.1 413000000 413500000 1036.68439
OX637759.1 413500000 414000000 1033.55253
OX637759.1 414000000 414500000 1028.05142
OX637759.1 414500000 415000000 1019.17063
OX637759.1 415000000 415500000 1008.62357
OX637759.1 415500000 416000000 998.96736
OX637759.1 416000000 416500000 992.88922
OX637759.1 416500000 417000000 982.57007
OX637759.1 417000000 417500000 966.56137
OX637759.1 417500000 418000000 959.28121
OX637759.1 418000000 418500000 952.517
OX637759.1 418500000 419000000 934.23273
OX637759.1 419000000 419500000 921.61552
OX637759.1 419500000 420000000 908.85813
OX637759.1 420000000 420500000 899.04858
OX637759.1 420500000 421000000 890.20305
OX637759.1 421000000 421500000 882.51809
OX637759.1 421500000 422000000 867.11915
OX637759.1 422000000 422500000 850.83884
OX637759.1 422500000 423000000 842.37558
OX637759.1 423000000 423500000 836.29429
OX637759.1 423500000 424000000 826.24145
OX637759.1 424000000 424500000 818.3014
OX637759.1 424500000 425000000 813.55234
OX637759.1 425000000 425500000 800.23871
OX637759.1 425500000 426000000 784.47089
OX637759.1 426000000 426500000 765.75484
OX637759.1 426500000 427000000 748.95088
OX637759.1 427000000 427500000 738.63466
OX637759.1 427500000 428000000 716.32988
OX637759.1 428000000 428500000 695.00107
OX637759.1 428500000 429000000 684.9574
OX637759.1 429000000 429500000 669.14654
OX637759.1 429500000 430000000 648.14114
OX637759.1 430000000 430500000 632.80844
OX637759.1 430500000 431000000 612.67902
OX637759.1 431000000 431500000 584.88143
OX637759.1 431500000 432000000 576.32804
OX637759.1 432000000 432500000 563.90415
OX637759.1 432500000 433000000 549.49294
OX637759.1 433000000 433500000 533.4286
OX637759.1 433500000 434000000 510.84692
OX637759.1 434000000 434500000 484.39606
OX637759.1 434500000 435000000 464.95336
OX637759.1 435000000 435500000 447.85787
OX637759.1 435500000 436000000 415.7231
OX637759.1 436000000 436500000 387.33819
OX637759.1 436500000 437000000 364.20401
OX637759.1 437000000 437500000 342.26564
OX637759.1 437500000 438000000 312.87996
OX637759.1 438000000 438500000 259.40189
OX637759.1 438500000 439000000 194.27815
OX637759.1 439000000 439500000 115.78517
OX637759.1 439500000 439685826 45.25065
