OX637739.1 0 500000 0.0
OX637739.1 500000 1000000 0.0
OX637739.1 1000000 1500000 2.02149
OX637739.1 1500000 2000000 7.46558
OX637739.1 2000000 2500000 9.78729
OX637739.1 2500000 3000000 14.71349
OX637739.1 3000000 3500000 19.00033
OX637739.1 3500000 4000000 29.18253
OX637739.1 4000000 4500000 35.05117
OX637739.1 4500000 5000000 36.0
OX637739.1 5000000 5500000 39.26423
OX637739.1 5500000 6000000 43.12856
OX637739.1 6000000 6500000 49.14148
OX637739.1 6500000 7000000 59.03477
OX637739.1 7000000 7500000 61.64099
OX637739.1 7500000 8000000 64.27577
OX637739.1 8000000 8500000 68.96707
OX637739.1 8500000 9000000 74.84736
OX637739.1 9000000 9500000 78.77924
OX637739.1 9500000 10000000 79.16539
OX637739.1 10000000 10500000 83.42812
OX637739.1 10500000 11000000 89.14372
OX637739.1 11000000 11500000 92.4838
OX637739.1 11500000 12000000 94.83363
OX637739.1 12000000 12500000 98.36994
OX637739.1 12500000 13000000 103.99426
OX637739.1 13000000 13500000 110.86093
OX637739.1 13500000 14000000 113.92967
OX637739.1 14000000 14500000 117.0
OX637739.1 14500000 15000000 121.94498
OX637739.1 15000000 15500000 127.61189
OX637739.1 15500000 16000000 130.50867
OX637739.1 16000000 16500000 132.51082
OX637739.1 16500000 17000000 134.82212
OX637739.1 17000000 17500000 136.80729
OX637739.1 17500000 18000000 139.25127
OX637739.1 18000000 18500000 142.93867
OX637739.1 18500000 19000000 146.89942
OX637739.1 19000000 19500000 148.76432
OX637739.1 19500000 20000000 152.36689
OX637739.1 20000000 20500000 156.47867
OX637739.1 20500000 21000000 157.0
OX637739.1 21000000 21500000 158.12432
OX637739.1 21500000 22000000 162.05585
OX637739.1 22000000 22500000 166.32872
OX637739.1 22500000 23000000 167.76026
OX637739.1 23000000 23500000 169.71154
OX637739.1 23500000 24000000 171.84136
OX637739.1 24000000 24500000 173.60446
OX637739.1 24500000 25000000 174.70697
OX637739.1 25000000 25500000 175.0
OX637739.1 25500000 26000000 176.56523
OX637739.1 26000000 26500000 179.0
OX637739.1 26500000 27000000 180.7603
OX637739.1 27000000 27500000 182.52167
OX637739.1 27500000 28000000 185.41566
OX637739.1 28000000 28500000 187.71593
OX637739.1 28500000 29000000 189.19681
OX637739.1 29000000 29500000 190.43058
OX637739.1 29500000 30000000 191.328
OX637739.1 30000000 30500000 194.26239
OX637739.1 30500000 31000000 195.73974
OX637739.1 31000000 31500000 197.44402
OX637739.1 31500000 32000000 198.0
OX637739.1 32000000 32500000 198.41529
OX637739.1 32500000 33000000 200.0
OX637739.1 33000000 33500000 200.00054
OX637739.1 33500000 34000000 202.54468
OX637739.1 34000000 34500000 204.43592
OX637739.1 34500000 35000000 205.0
OX637739.1 35000000 35500000 205.00019
OX637739.1 35500000 36000000 205.0
OX637739.1 36000000 36500000 205.30496
OX637739.1 36500000 37000000 206.0
OX637739.1 37000000 37500000 206.0
OX637739.1 37500000 38000000 206.42028
OX637739.1 38000000 38500000 207.0
OX637739.1 38500000 39000000 207.0
OX637739.1 39000000 39500000 207.0
OX637739.1 39500000 40000000 207.36337
OX637739.1 40000000 40500000 208.89756
OX637739.1 40500000 41000000 209.0
OX637739.1 41000000 41500000 209.0
OX637739.1 41500000 42000000 209.0
OX637739.1 42000000 42500000 209.0
OX637739.1 42500000 43000000 210.13228
OX637739.1 43000000 43500000 212.0
OX637739.1 43500000 44000000 212.85587
OX637739.1 44000000 44500000 213.23333
OX637739.1 44500000 45000000 214.78611
OX637739.1 45000000 45500000 215.212
OX637739.1 45500000 46000000 216.0
OX637739.1 46000000 46500000 216.46325
OX637739.1 46500000 47000000 217.0
OX637739.1 47000000 47500000 217.0
OX637739.1 47500000 48000000 217.0
OX637739.1 48000000 48500000 217.0
OX637739.1 48500000 49000000 218.32573
OX637739.1 49000000 49500000 219.72774
OX637739.1 49500000 50000000 220.0
OX637739.1 50000000 50500000 220.0
OX637739.1 50500000 51000000 220.32976
OX637739.1 51000000 51500000 221.0
OX637739.1 51500000 52000000 221.24228
OX637739.1 52000000 52500000 223.0
OX637739.1 52500000 53000000 223.0
OX637739.1 53000000 53500000 223.41939
OX637739.1 53500000 54000000 225.0
OX637739.1 54000000 54500000 225.0
OX637739.1 54500000 55000000 225.77331
OX637739.1 55000000 55500000 226.0
OX637739.1 55500000 56000000 226.93877
OX637739.1 56000000 56500000 228.09328
OX637739.1 56500000 57000000 229.55751
OX637739.1 57000000 57500000 231.0
OX637739.1 57500000 58000000 231.7005
OX637739.1 58000000 58500000 232.0
OX637739.1 58500000 59000000 232.95223
OX637739.1 59000000 59500000 233.47089
OX637739.1 59500000 60000000 234.11986
OX637739.1 60000000 60500000 235.0
OX637739.1 60500000 61000000 235.19219
OX637739.1 61000000 61500000 236.0
OX637739.1 61500000 62000000 236.0
OX637739.1 62000000 62500000 236.0
OX637739.1 62500000 63000000 236.63417
OX637739.1 63000000 63500000 237.0
OX637739.1 63500000 64000000 237.0
OX637739.1 64000000 64500000 237.0
OX637739.1 64500000 65000000 237.14545
OX637739.1 65000000 65500000 238.0
OX637739.1 65500000 66000000 238.0
OX637739.1 66000000 66500000 238.58827
OX637739.1 66500000 67000000 239.0
OX637739.1 67000000 67500000 239.0
OX637739.1 67500000 68000000 239.53993
OX637739.1 68000000 68500000 240.0
OX637739.1 68500000 69000000 240.0
OX637739.1 69000000 69500000 240.26734
OX637739.1 69500000 70000000 241.0
OX637739.1 70000000 70500000 241.0
OX637739.1 70500000 71000000 241.0
OX637739.1 71000000 71500000 241.0
OX637739.1 71500000 72000000 241.0
OX637739.1 72000000 72500000 241.0
OX637739.1 72500000 73000000 241.57048
OX637739.1 73000000 73500000 242.0
OX637739.1 73500000 74000000 242.0
OX637739.1 74000000 74500000 242.0
OX637739.1 74500000 75000000 242.2261
OX637739.1 75000000 75500000 243.04336
OX637739.1 75500000 76000000 244.0
OX637739.1 76000000 76500000 244.0
OX637739.1 76500000 77000000 244.0
OX637739.1 77000000 77500000 245.16798
OX637739.1 77500000 78000000 247.0
OX637739.1 78000000 78500000 248.50042
OX637739.1 78500000 79000000 249.0
OX637739.1 79000000 79500000 249.0
OX637739.1 79500000 80000000 249.0
OX637739.1 80000000 80500000 249.0
OX637739.1 80500000 81000000 249.0
OX637739.1 81000000 81500000 249.0
OX637739.1 81500000 82000000 249.0
OX637739.1 82000000 82500000 249.0
OX637739.1 82500000 83000000 249.58183
OX637739.1 83000000 83500000 250.0
OX637739.1 83500000 84000000 250.0
OX637739.1 84000000 84500000 250.69265
OX637739.1 84500000 85000000 251.0
OX637739.1 85000000 85500000 251.93361
OX637739.1 85500000 86000000 252.0
OX637739.1 86000000 86500000 252.38963
OX637739.1 86500000 87000000 255.61086
OX637739.1 87000000 87500000 256.0
OX637739.1 87500000 88000000 256.24112
OX637739.1 88000000 88500000 257.41504
OX637739.1 88500000 89000000 259.0
OX637739.1 89000000 89500000 259.0
OX637739.1 89500000 90000000 259.0
OX637739.1 90000000 90500000 259.59977
OX637739.1 90500000 91000000 260.0
OX637739.1 91000000 91500000 260.0
OX637739.1 91500000 92000000 260.0
OX637739.1 92000000 92500000 260.77085
OX637739.1 92500000 93000000 261.001
OX637739.1 93000000 93500000 261.0
OX637739.1 93500000 94000000 261.0
OX637739.1 94000000 94500000 261.79136
OX637739.1 94500000 95000000 262.0
OX637739.1 95000000 95500000 262.87554
OX637739.1 95500000 96000000 263.38565
OX637739.1 96000000 96500000 264.0
OX637739.1 96500000 97000000 264.0
OX637739.1 97000000 97500000 264.0
OX637739.1 97500000 98000000 264.0
OX637739.1 98000000 98500000 264.27439
OX637739.1 98500000 99000000 266.0
OX637739.1 99000000 99500000 266.0
OX637739.1 99500000 100000000 266.15937
OX637739.1 100000000 100500000 267.0
OX637739.1 100500000 101000000 267.0
OX637739.1 101000000 101500000 267.0
OX637739.1 101500000 102000000 267.0
OX637739.1 102000000 102500000 267.72038
OX637739.1 102500000 103000000 268.0
OX637739.1 103000000 103500000 268.15307
OX637739.1 103500000 104000000 269.0
OX637739.1 104000000 104500000 269.0
OX637739.1 104500000 105000000 269.0
OX637739.1 105000000 105500000 269.65519
OX637739.1 105500000 106000000 270.0
OX637739.1 106000000 106500000 270.81543
OX637739.1 106500000 107000000 271.0
OX637739.1 107000000 107500000 271.9309
OX637739.1 107500000 108000000 273.0
OX637739.1 108000000 108500000 273.0
OX637739.1 108500000 109000000 273.0
OX637739.1 109000000 109500000 273.0
OX637739.1 109500000 110000000 273.50391
OX637739.1 110000000 110500000 274.0
OX637739.1 110500000 111000000 274.46153
OX637739.1 111000000 111500000 275.75099
OX637739.1 111500000 112000000 277.0
OX637739.1 112000000 112500000 277.0
OX637739.1 112500000 113000000 277.30768
OX637739.1 113000000 113500000 278.0
OX637739.1 113500000 114000000 278.0
OX637739.1 114000000 114500000 278.0
OX637739.1 114500000 115000000 278.87139
OX637739.1 115000000 115500000 280.0
OX637739.1 115500000 116000000 280.0
OX637739.1 116000000 116500000 280.0
OX637739.1 116500000 117000000 280.65653
OX637739.1 117000000 117500000 281.0
OX637739.1 117500000 118000000 281.59949
OX637739.1 118000000 118500000 282.0
OX637739.1 118500000 119000000 282.0
OX637739.1 119000000 119500000 282.26284
OX637739.1 119500000 120000000 283.90135
OX637739.1 120000000 120500000 284.0
OX637739.1 120500000 121000000 284.39462
OX637739.1 121000000 121500000 285.4169
OX637739.1 121500000 122000000 286.60296
OX637739.1 122000000 122500000 287.0
OX637739.1 122500000 123000000 287.0
OX637739.1 123000000 123500000 287.0
OX637739.1 123500000 124000000 287.0
OX637739.1 124000000 124500000 287.0
OX637739.1 124500000 125000000 287.0
OX637739.1 125000000 125500000 287.0
OX637739.1 125500000 126000000 287.0
OX637739.1 126000000 126500000 287.0
OX637739.1 126500000 127000000 287.0
OX637739.1 127000000 127500000 287.70505
OX637739.1 127500000 128000000 288.00037
OX637739.1 128000000 128500000 288.0
OX637739.1 128500000 129000000 288.0972
OX637739.1 129000000 129500000 289.0
OX637739.1 129500000 130000000 289.0
OX637739.1 130000000 130500000 289.0
OX637739.1 130500000 131000000 289.0
OX637739.1 131000000 131500000 289.0
OX637739.1 131500000 132000000 289.00072
OX637739.1 132000000 132500000 289.0
OX637739.1 132500000 133000000 289.0
OX637739.1 133000000 133500000 289.0
OX637739.1 133500000 134000000 289.0
OX637739.1 134000000 134500000 289.0
OX637739.1 134500000 135000000 289.0
OX637739.1 135000000 135500000 289.0
OX637739.1 135500000 136000000 289.95813
OX637739.1 136000000 136500000 290.0
OX637739.1 136500000 137000000 290.0
OX637739.1 137000000 137500000 290.0
OX637739.1 137500000 138000000 290.0
OX637739.1 138000000 138500000 290.18569
OX637739.1 138500000 139000000 291.0
OX637739.1 139000000 139500000 291.0
OX637739.1 139500000 140000000 291.0
OX637739.1 140000000 140500000 291.0
OX637739.1 140500000 141000000 291.0
OX637739.1 141000000 141500000 291.0
OX637739.1 141500000 142000000 291.0
OX637739.1 142000000 142500000 291.0
OX637739.1 142500000 143000000 292.96393
OX637739.1 143000000 143500000 294.0
OX637739.1 143500000 144000000 294.0
OX637739.1 144000000 144500000 294.0
OX637739.1 144500000 145000000 294.0
OX637739.1 145000000 145500000 294.0
OX637739.1 145500000 146000000 294.66195
OX637739.1 146000000 146500000 295.0
OX637739.1 146500000 147000000 295.0
OX637739.1 147000000 147500000 295.0
OX637739.1 147500000 148000000 295.0
OX637739.1 148000000 148500000 295.0
OX637739.1 148500000 149000000 295.82602
OX637739.1 149000000 149500000 296.0
OX637739.1 149500000 150000000 296.86839
OX637739.1 150000000 150500000 298.31671
OX637739.1 150500000 151000000 301.0
OX637739.1 151000000 151500000 301.0
OX637739.1 151500000 152000000 301.0
OX637739.1 152000000 152500000 301.0
OX637739.1 152500000 153000000 301.06562
OX637739.1 153000000 153500000 302.0
OX637739.1 153500000 154000000 302.63328
OX637739.1 154000000 154500000 303.0
OX637739.1 154500000 155000000 303.0
OX637739.1 155000000 155500000 303.0
OX637739.1 155500000 156000000 303.43748
OX637739.1 156000000 156500000 304.0
OX637739.1 156500000 157000000 304.0
OX637739.1 157000000 157500000 304.0
OX637739.1 157500000 158000000 304.0
OX637739.1 158000000 158500000 304.0
OX637739.1 158500000 159000000 304.0
OX637739.1 159000000 159500000 304.0
OX637739.1 159500000 160000000 304.0
OX637739.1 160000000 160500000 304.0
OX637739.1 160500000 161000000 304.0
OX637739.1 161000000 161500000 304.0
OX637739.1 161500000 162000000 304.0
OX637739.1 162000000 162500000 304.0
OX637739.1 162500000 163000000 304.0
OX637739.1 163000000 163500000 304.0
OX637739.1 163500000 164000000 304.0
OX637739.1 164000000 164500000 304.0
OX637739.1 164500000 165000000 304.0
OX637739.1 165000000 165500000 304.66369
OX637739.1 165500000 166000000 305.0
OX637739.1 166000000 166500000 305.0
OX637739.1 166500000 167000000 305.0
OX637739.1 167000000 167500000 305.0
OX637739.1 167500000 168000000 305.0
OX637739.1 168000000 168500000 305.0
OX637739.1 168500000 169000000 305.07764
OX637739.1 169000000 169500000 306.0
OX637739.1 169500000 170000000 306.58354
OX637739.1 170000000 170500000 306.97486
OX637739.1 170500000 171000000 306.0
OX637739.1 171000000 171500000 306.0
OX637739.1 171500000 172000000 306.0
OX637739.1 172000000 172500000 306.0
OX637739.1 172500000 173000000 306.00028
OX637739.1 173000000 173500000 306.15239
OX637739.1 173500000 174000000 307.0
OX637739.1 174000000 174500000 307.00523
OX637739.1 174500000 175000000 307.90244
OX637739.1 175000000 175500000 307.0
OX637739.1 175500000 176000000 307.0
OX637739.1 176000000 176500000 307.0
OX637739.1 176500000 177000000 307.0
OX637739.1 177000000 177500000 307.0
OX637739.1 177500000 178000000 307.0
OX637739.1 178000000 178500000 307.0
OX637739.1 178500000 179000000 308.16205
OX637739.1 179000000 179500000 309.0
OX637739.1 179500000 180000000 309.0
OX637739.1 180000000 180500000 309.0
OX637739.1 180500000 181000000 309.94504
OX637739.1 181000000 181500000 310.0
OX637739.1 181500000 182000000 310.0
OX637739.1 182000000 182500000 310.0
OX637739.1 182500000 183000000 310.0
OX637739.1 183000000 183500000 310.0
OX637739.1 183500000 184000000 310.0443
OX637739.1 184000000 184500000 311.0
OX637739.1 184500000 185000000 311.80243
OX637739.1 185000000 185500000 312.0
OX637739.1 185500000 186000000 312.0
OX637739.1 186000000 186500000 312.0
OX637739.1 186500000 187000000 312.0
OX637739.1 187000000 187500000 312.0
OX637739.1 187500000 188000000 312.0
OX637739.1 188000000 188500000 312.0
OX637739.1 188500000 189000000 312.0
OX637739.1 189000000 189500000 312.0
OX637739.1 189500000 190000000 312.0
OX637739.1 190000000 190500000 312.86734
OX637739.1 190500000 191000000 313.0
OX637739.1 191000000 191500000 313.0
OX637739.1 191500000 192000000 313.0
OX637739.1 192000000 192500000 313.0
OX637739.1 192500000 193000000 313.0
OX637739.1 193000000 193500000 313.0
OX637739.1 193500000 194000000 313.0
OX637739.1 194000000 194500000 313.0
OX637739.1 194500000 195000000 313.65876
OX637739.1 195000000 195500000 314.91789
OX637739.1 195500000 196000000 315.0
OX637739.1 196000000 196500000 315.0
OX637739.1 196500000 197000000 315.0
OX637739.1 197000000 197500000 315.0
OX637739.1 197500000 198000000 315.0
OX637739.1 198000000 198500000 315.0
OX637739.1 198500000 199000000 315.75515
OX637739.1 199000000 199500000 316.0
OX637739.1 199500000 200000000 316.0
OX637739.1 200000000 200500000 315.18701
OX637739.1 200500000 201000000 315.0
OX637739.1 201000000 201500000 315.61769
OX637739.1 201500000 202000000 316.0
OX637739.1 202000000 202500000 316.0
OX637739.1 202500000 203000000 316.0
OX637739.1 203000000 203500000 316.0
OX637739.1 203500000 204000000 316.0
OX637739.1 204000000 204500000 316.0
OX637739.1 204500000 205000000 316.87047
OX637739.1 205000000 205500000 316.70438
OX637739.1 205500000 206000000 316.0
OX637739.1 206000000 206500000 316.85813
OX637739.1 206500000 207000000 317.0
OX637739.1 207000000 207500000 317.07923
OX637739.1 207500000 208000000 318.0
OX637739.1 208000000 208500000 317.70581
OX637739.1 208500000 209000000 317.0
OX637739.1 209000000 209500000 317.68527
OX637739.1 209500000 210000000 318.90205
OX637739.1 210000000 210500000 319.80805
OX637739.1 210500000 211000000 320.0
OX637739.1 211000000 211500000 320.75242
OX637739.1 211500000 212000000 321.0
OX637739.1 212000000 212500000 321.00724
OX637739.1 212500000 213000000 322.0
OX637739.1 213000000 213500000 322.0
OX637739.1 213500000 214000000 322.0
OX637739.1 214000000 214500000 322.0
OX637739.1 214500000 215000000 322.0
OX637739.1 215000000 215500000 322.68959
OX637739.1 215500000 216000000 323.17417
OX637739.1 216000000 216500000 324.0
OX637739.1 216500000 217000000 324.92225
OX637739.1 217000000 217500000 325.0
OX637739.1 217500000 218000000 325.0
OX637739.1 218000000 218500000 325.03278
OX637739.1 218500000 219000000 326.03313
OX637739.1 219000000 219500000 327.0
OX637739.1 219500000 220000000 327.0
OX637739.1 220000000 220500000 327.0
OX637739.1 220500000 221000000 327.00022
OX637739.1 221000000 221500000 327.38651
OX637739.1 221500000 222000000 328.14874
OX637739.1 222000000 222500000 329.0
OX637739.1 222500000 223000000 329.62688
OX637739.1 223000000 223500000 331.38643
OX637739.1 223500000 224000000 332.0
OX637739.1 224000000 224500000 332.0
OX637739.1 224500000 225000000 332.0
OX637739.1 225000000 225500000 332.0
OX637739.1 225500000 226000000 332.10354
OX637739.1 226000000 226500000 333.0
OX637739.1 226500000 227000000 333.0
OX637739.1 227000000 227500000 333.0
OX637739.1 227500000 228000000 333.0
OX637739.1 228000000 228500000 333.07916
OX637739.1 228500000 229000000 335.0
OX637739.1 229000000 229500000 335.0
OX637739.1 229500000 230000000 335.78875
OX637739.1 230000000 230500000 336.0
OX637739.1 230500000 231000000 336.49744
OX637739.1 231000000 231500000 338.0
OX637739.1 231500000 232000000 338.0
OX637739.1 232000000 232500000 338.0
OX637739.1 232500000 233000000 338.0
OX637739.1 233000000 233500000 338.0
OX637739.1 233500000 234000000 338.58233
OX637739.1 234000000 234500000 339.00017
OX637739.1 234500000 235000000 339.0163
OX637739.1 235000000 235500000 341.14745
OX637739.1 235500000 236000000 342.98829
OX637739.1 236000000 236500000 343.0
OX637739.1 236500000 237000000 343.0
OX637739.1 237000000 237500000 343.0
OX637739.1 237500000 238000000 343.0
OX637739.1 238000000 238500000 343.0
OX637739.1 238500000 239000000 343.0
OX637739.1 239000000 239500000 343.0
OX637739.1 239500000 240000000 343.0
OX637739.1 240000000 240500000 343.16103
OX637739.1 240500000 241000000 344.14584
OX637739.1 241000000 241500000 346.83011
OX637739.1 241500000 242000000 348.0
OX637739.1 242000000 242500000 348.0
OX637739.1 242500000 243000000 348.0
OX637739.1 243000000 243500000 348.0
OX637739.1 243500000 244000000 348.0
OX637739.1 244000000 244500000 348.0
OX637739.1 244500000 245000000 348.0
OX637739.1 245000000 245500000 348.00076
OX637739.1 245500000 246000000 348.27198
OX637739.1 246000000 246500000 349.0
OX637739.1 246500000 247000000 349.0
OX637739.1 247000000 247500000 349.0
OX637739.1 247500000 248000000 349.61402
OX637739.1 248000000 248500000 350.0
OX637739.1 248500000 249000000 350.0
OX637739.1 249000000 249500000 350.66939
OX637739.1 249500000 250000000 351.0
OX637739.1 250000000 250500000 351.45985
OX637739.1 250500000 251000000 351.15694
OX637739.1 251000000 251500000 351.0
OX637739.1 251500000 252000000 351.0
OX637739.1 252000000 252500000 351.71979
OX637739.1 252500000 253000000 352.0
OX637739.1 253000000 253500000 352.0
OX637739.1 253500000 254000000 352.0
OX637739.1 254000000 254500000 352.0
OX637739.1 254500000 255000000 353.15668
OX637739.1 255000000 255500000 354.33466
OX637739.1 255500000 256000000 355.00083
OX637739.1 256000000 256500000 355.77226
OX637739.1 256500000 257000000 356.0
OX637739.1 257000000 257500000 356.33851
OX637739.1 257500000 258000000 357.00016
OX637739.1 258000000 258500000 357.0
OX637739.1 258500000 259000000 357.00068
OX637739.1 259000000 259500000 357.0
OX637739.1 259500000 260000000 357.35924
OX637739.1 260000000 260500000 358.00068
OX637739.1 260500000 261000000 358.36301
OX637739.1 261000000 261500000 359.53713
OX637739.1 261500000 262000000 360.0
OX637739.1 262000000 262500000 360.0
OX637739.1 262500000 263000000 360.00065
OX637739.1 263000000 263500000 360.35175
OX637739.1 263500000 264000000 362.00095
OX637739.1 264000000 264500000 362.25347
OX637739.1 264500000 265000000 363.0
OX637739.1 265000000 265500000 364.84902
OX637739.1 265500000 266000000 365.05843
OX637739.1 266000000 266500000 366.0
OX637739.1 266500000 267000000 366.0
OX637739.1 267000000 267500000 367.18686
OX637739.1 267500000 268000000 368.77427
OX637739.1 268000000 268500000 369.0
OX637739.1 268500000 269000000 369.0
OX637739.1 269000000 269500000 369.0
OX637739.1 269500000 270000000 369.0
OX637739.1 270000000 270500000 369.0
OX637739.1 270500000 271000000 369.0
OX637739.1 271000000 271500000 369.4677
OX637739.1 271500000 272000000 370.61301
OX637739.1 272000000 272500000 371.0
OX637739.1 272500000 273000000 371.0
OX637739.1 273000000 273500000 371.0
OX637739.1 273500000 274000000 371.0
OX637739.1 274000000 274500000 371.0
OX637739.1 274500000 275000000 371.0
OX637739.1 275000000 275500000 371.0
OX637739.1 275500000 276000000 371.0
OX637739.1 276000000 276500000 371.0
OX637739.1 276500000 277000000 371.0
OX637739.1 277000000 277500000 371.30738
OX637739.1 277500000 278000000 372.0
OX637739.1 278000000 278500000 372.0
OX637739.1 278500000 279000000 372.71089
OX637739.1 279000000 279500000 374.11166
OX637739.1 279500000 280000000 375.0
OX637739.1 280000000 280500000 375.0
OX637739.1 280500000 281000000 375.0
OX637739.1 281000000 281500000 375.74109
OX637739.1 281500000 282000000 376.0
OX637739.1 282000000 282500000 376.0
OX637739.1 282500000 283000000 376.0
OX637739.1 283000000 283500000 376.0
OX637739.1 283500000 284000000 376.00071
OX637739.1 284000000 284500000 376.0
OX637739.1 284500000 285000000 376.18531
OX637739.1 285000000 285500000 377.0
OX637739.1 285500000 286000000 377.87071
OX637739.1 286000000 286500000 378.68548
OX637739.1 286500000 287000000 380.54042
OX637739.1 287000000 287500000 381.00046
OX637739.1 287500000 288000000 382.66868
OX637739.1 288000000 288500000 383.0
OX637739.1 288500000 289000000 383.12258
OX637739.1 289000000 289500000 384.0
OX637739.1 289500000 290000000 384.26475
OX637739.1 290000000 290500000 385.99684
OX637739.1 290500000 291000000 387.00069
OX637739.1 291000000 291500000 387.56222
OX637739.1 291500000 292000000 387.70506
OX637739.1 292000000 292500000 388.0
OX637739.1 292500000 293000000 388.0
OX637739.1 293000000 293500000 388.0
OX637739.1 293500000 294000000 388.29266
OX637739.1 294000000 294500000 389.0
OX637739.1 294500000 295000000 389.0
OX637739.1 295000000 295500000 389.00021
OX637739.1 295500000 296000000 389.29087
OX637739.1 296000000 296500000 390.0
OX637739.1 296500000 297000000 390.58358
OX637739.1 297000000 297500000 391.0
OX637739.1 297500000 298000000 391.12831
OX637739.1 298000000 298500000 392.0
OX637739.1 298500000 299000000 392.0
OX637739.1 299000000 299500000 392.00026
OX637739.1 299500000 300000000 392.77073
OX637739.1 300000000 300500000 393.23253
OX637739.1 300500000 301000000 393.0
OX637739.1 301000000 301500000 393.0
OX637739.1 301500000 302000000 392.67549
OX637739.1 302000000 302500000 394.26785
OX637739.1 302500000 303000000 396.0
OX637739.1 303000000 303500000 396.0
OX637739.1 303500000 304000000 396.0
OX637739.1 304000000 304500000 396.0
OX637739.1 304500000 305000000 396.00039
OX637739.1 305000000 305500000 396.0
OX637739.1 305500000 306000000 395.007
OX637739.1 306000000 306500000 394.0
OX637739.1 306500000 307000000 394.77521
OX637739.1 307000000 307500000 395.77373
OX637739.1 307500000 308000000 396.0
OX637739.1 308000000 308500000 397.26118
OX637739.1 308500000 309000000 398.76794
OX637739.1 309000000 309500000 399.43374
OX637739.1 309500000 310000000 400.0
OX637739.1 310000000 310500000 400.84812
OX637739.1 310500000 311000000 402.0
OX637739.1 311000000 311500000 402.0
OX637739.1 311500000 312000000 402.78633
OX637739.1 312000000 312500000 402.55256
OX637739.1 312500000 313000000 403.0
OX637739.1 313000000 313500000 403.0
OX637739.1 313500000 314000000 403.19951
OX637739.1 314000000 314500000 403.31803
OX637739.1 314500000 315000000 403.51867
OX637739.1 315000000 315500000 404.07615
OX637739.1 315500000 316000000 404.07837
OX637739.1 316000000 316500000 404.4206
OX637739.1 316500000 317000000 405.0
OX637739.1 317000000 317500000 405.0
OX637739.1 317500000 318000000 405.0
OX637739.1 318000000 318500000 405.0
OX637739.1 318500000 319000000 406.57065
OX637739.1 319000000 319500000 407.88163
OX637739.1 319500000 320000000 408.0
OX637739.1 320000000 320500000 408.0
OX637739.1 320500000 321000000 408.0
OX637739.1 321000000 321500000 408.0
OX637739.1 321500000 322000000 408.0
OX637739.1 322000000 322500000 408.0
OX637739.1 322500000 323000000 408.0
OX637739.1 323000000 323500000 408.0
OX637739.1 323500000 324000000 408.0
OX637739.1 324000000 324500000 408.0
OX637739.1 324500000 325000000 408.0
OX637739.1 325000000 325500000 408.0
OX637739.1 325500000 326000000 409.63642
OX637739.1 326000000 326500000 410.7096
OX637739.1 326500000 327000000 412.52081
OX637739.1 327000000 327500000 413.21857
OX637739.1 327500000 328000000 413.76268
OX637739.1 328000000 328500000 413.0
OX637739.1 328500000 329000000 413.69645
OX637739.1 329000000 329500000 414.0
OX637739.1 329500000 330000000 413.21935
OX637739.1 330000000 330500000 413.16335
OX637739.1 330500000 331000000 414.0
OX637739.1 331000000 331500000 414.0
OX637739.1 331500000 332000000 414.08322
OX637739.1 332000000 332500000 415.0
OX637739.1 332500000 333000000 415.0
OX637739.1 333000000 333500000 415.12295
OX637739.1 333500000 334000000 416.03769
OX637739.1 334000000 334500000 416.0
OX637739.1 334500000 335000000 416.0
OX637739.1 335000000 335500000 416.0
OX637739.1 335500000 336000000 416.31705
OX637739.1 336000000 336500000 416.0
OX637739.1 336500000 337000000 416.35709
OX637739.1 337000000 337500000 417.34785
OX637739.1 337500000 338000000 418.0
OX637739.1 338000000 338500000 418.0
OX637739.1 338500000 339000000 418.0
OX637739.1 339000000 339500000 418.64422
OX637739.1 339500000 340000000 419.0
OX637739.1 340000000 340500000 419.68942
OX637739.1 340500000 341000000 420.0
OX637739.1 341000000 341500000 420.0
OX637739.1 341500000 342000000 420.0
OX637739.1 342000000 342500000 420.0012
OX637739.1 342500000 343000000 420.0
OX637739.1 343000000 343500000 421.41383
OX637739.1 343500000 344000000 421.40037
OX637739.1 344000000 344500000 421.00017
OX637739.1 344500000 345000000 421.90123
OX637739.1 345000000 345500000 422.0
OX637739.1 345500000 346000000 422.0
OX637739.1 346000000 346500000 422.0
OX637739.1 346500000 347000000 422.0
OX637739.1 347000000 347500000 422.0
OX637739.1 347500000 348000000 422.0
OX637739.1 348000000 348500000 422.81944
OX637739.1 348500000 349000000 423.67004
OX637739.1 349000000 349500000 424.0
OX637739.1 349500000 350000000 424.00091
OX637739.1 350000000 350500000 424.0
OX637739.1 350500000 351000000 424.0
OX637739.1 351000000 351500000 424.98678
OX637739.1 351500000 352000000 426.67328
OX637739.1 352000000 352500000 428.09839
OX637739.1 352500000 353000000 430.0
OX637739.1 353000000 353500000 430.0
OX637739.1 353500000 354000000 430.13876
OX637739.1 354000000 354500000 431.0
OX637739.1 354500000 355000000 431.49709
OX637739.1 355000000 355500000 433.22958
OX637739.1 355500000 356000000 433.65978
OX637739.1 356000000 356500000 433.0
OX637739.1 356500000 357000000 433.0
OX637739.1 357000000 357500000 432.68484
OX637739.1 357500000 358000000 431.24794
OX637739.1 358000000 358500000 430.88063
OX637739.1 358500000 359000000 431.0
OX637739.1 359000000 359500000 430.20357
OX637739.1 359500000 360000000 428.60315
OX637739.1 360000000 360500000 429.56694
OX637739.1 360500000 361000000 429.97943
OX637739.1 361000000 361500000 429.0
OX637739.1 361500000 362000000 429.0
OX637739.1 362000000 362500000 428.44995
OX637739.1 362500000 363000000 429.0
OX637739.1 363000000 363500000 429.88963
OX637739.1 363500000 364000000 430.0
OX637739.1 364000000 364500000 430.0
OX637739.1 364500000 365000000 430.10158
OX637739.1 365000000 365500000 430.53766
OX637739.1 365500000 366000000 430.0
OX637739.1 366000000 366500000 430.0
OX637739.1 366500000 367000000 430.0
OX637739.1 367000000 367500000 430.0
OX637739.1 367500000 368000000 430.0
OX637739.1 368000000 368500000 430.46861
OX637739.1 368500000 369000000 430.01795
OX637739.1 369000000 369500000 430.0
OX637739.1 369500000 370000000 430.08075
OX637739.1 370000000 370500000 429.53791
OX637739.1 370500000 371000000 428.09645
OX637739.1 371000000 371500000 428.14586
OX637739.1 371500000 372000000 428.94536
OX637739.1 372000000 372500000 428.29388
OX637739.1 372500000 373000000 428.00767
OX637739.1 373000000 373500000 428.05486
OX637739.1 373500000 374000000 429.0
OX637739.1 374000000 374500000 429.0
OX637739.1 374500000 375000000 427.56248
OX637739.1 375000000 375500000 427.0
OX637739.1 375500000 376000000 426.36505
OX637739.1 376000000 376500000 426.10326
OX637739.1 376500000 377000000 427.89666
OX637739.1 377000000 377500000 428.0
OX637739.1 377500000 378000000 428.79762
OX637739.1 378000000 378500000 429.0
OX637739.1 378500000 379000000 429.0
OX637739.1 379000000 379500000 429.0007
OX637739.1 379500000 380000000 429.0
OX637739.1 380000000 380500000 429.74673
OX637739.1 380500000 381000000 431.00021
OX637739.1 381000000 381500000 431.00024
OX637739.1 381500000 382000000 431.00147
OX637739.1 382000000 382500000 431.0
OX637739.1 382500000 383000000 430.44636
OX637739.1 383000000 383500000 429.32806
OX637739.1 383500000 384000000 428.67778
OX637739.1 384000000 384500000 429.91647
OX637739.1 384500000 385000000 429.40288
OX637739.1 385000000 385500000 428.84447
OX637739.1 385500000 386000000 430.55748
OX637739.1 386000000 386500000 431.0
OX637739.1 386500000 387000000 431.0
OX637739.1 387000000 387500000 430.66038
OX637739.1 387500000 388000000 429.0
OX637739.1 388000000 388500000 429.0
OX637739.1 388500000 389000000 429.0
OX637739.1 389000000 389500000 428.99602
OX637739.1 389500000 390000000 428.15987
OX637739.1 390000000 390500000 429.0011
OX637739.1 390500000 391000000 429.0
OX637739.1 391000000 391500000 429.0
OX637739.1 391500000 392000000 428.22974
OX637739.1 392000000 392500000 428.0
OX637739.1 392500000 393000000 428.0
OX637739.1 393000000 393500000 428.0
OX637739.1 393500000 394000000 428.0
OX637739.1 394000000 394500000 428.0
OX637739.1 394500000 395000000 428.0
OX637739.1 395000000 395500000 428.92323
OX637739.1 395500000 396000000 429.0
OX637739.1 396000000 396500000 428.78614
OX637739.1 396500000 397000000 429.98238
OX637739.1 397000000 397500000 430.0
OX637739.1 397500000 398000000 430.0
OX637739.1 398000000 398500000 430.0
OX637739.1 398500000 399000000 430.0
OX637739.1 399000000 399500000 430.0
OX637739.1 399500000 400000000 430.0
OX637739.1 400000000 400500000 430.0
OX637739.1 400500000 401000000 430.0
OX637739.1 401000000 401500000 430.0
OX637739.1 401500000 402000000 430.0
OX637739.1 402000000 402500000 430.0
OX637739.1 402500000 403000000 430.93996
OX637739.1 403000000 403500000 431.57319
OX637739.1 403500000 404000000 432.62327
OX637739.1 404000000 404500000 433.00047
OX637739.1 404500000 405000000 433.00021
OX637739.1 405000000 405500000 433.0
OX637739.1 405500000 406000000 433.0
OX637739.1 406000000 406500000 432.95579
OX637739.1 406500000 407000000 432.0
OX637739.1 407000000 407500000 432.0
OX637739.1 407500000 408000000 432.00283
OX637739.1 408000000 408500000 431.09024
OX637739.1 408500000 409000000 431.14358
OX637739.1 409000000 409500000 432.00048
OX637739.1 409500000 410000000 432.00026
OX637739.1 410000000 410500000 431.38707
OX637739.1 410500000 411000000 431.35949
OX637739.1 411000000 411500000 430.42465
OX637739.1 411500000 412000000 429.94939
OX637739.1 412000000 412500000 429.52907
OX637739.1 412500000 413000000 429.39515
OX637739.1 413000000 413500000 427.0
OX637739.1 413500000 414000000 427.0
OX637739.1 414000000 414500000 427.00052
OX637739.1 414500000 415000000 427.0
OX637739.1 415000000 415500000 427.0
OX637739.1 415500000 416000000 427.0
OX637739.1 416000000 416500000 426.75589
OX637739.1 416500000 417000000 426.0
OX637739.1 417000000 417500000 425.00134
OX637739.1 417500000 418000000 424.24662
OX637739.1 418000000 418500000 423.25534
OX637739.1 418500000 419000000 423.55168
OX637739.1 419000000 419500000 423.11325
OX637739.1 419500000 420000000 423.0
OX637739.1 420000000 420500000 423.00028
OX637739.1 420500000 421000000 422.32349
OX637739.1 421000000 421500000 421.0
OX637739.1 421500000 422000000 421.0
OX637739.1 422000000 422500000 421.0
OX637739.1 422500000 423000000 421.0
OX637739.1 423000000 423500000 421.0
OX637739.1 423500000 424000000 420.20263
OX637739.1 424000000 424500000 419.73328
OX637739.1 424500000 425000000 418.7458
OX637739.1 425000000 425500000 417.8725
OX637739.1 425500000 426000000 415.32875
OX637739.1 426000000 426500000 412.09965
OX637739.1 426500000 427000000 409.0284
OX637739.1 427000000 427500000 409.00019
OX637739.1 427500000 428000000 409.10537
OX637739.1 428000000 428500000 410.0
OX637739.1 428500000 429000000 409.35669
OX637739.1 429000000 429500000 409.0
OX637739.1 429500000 430000000 409.0
OX637739.1 430000000 430500000 409.0
OX637739.1 430500000 431000000 408.44316
OX637739.1 431000000 431500000 404.81066
OX637739.1 431500000 432000000 402.71576
OX637739.1 432000000 432500000 401.0
OX637739.1 432500000 433000000 401.0
OX637739.1 433000000 433500000 400.83755
OX637739.1 433500000 434000000 400.0
OX637739.1 434000000 434500000 399.29707
OX637739.1 434500000 435000000 399.0
OX637739.1 435000000 435500000 399.0
OX637739.1 435500000 436000000 398.35818
OX637739.1 436000000 436500000 397.56963
OX637739.1 436500000 437000000 396.5246
OX637739.1 437000000 437500000 396.0
OX637739.1 437500000 438000000 396.0
OX637739.1 438000000 438500000 395.96395
OX637739.1 438500000 439000000 393.93846
OX637739.1 439000000 439500000 393.0
OX637739.1 439500000 440000000 393.0
OX637739.1 440000000 440500000 392.25524
OX637739.1 440500000 441000000 392.54468
OX637739.1 441000000 441500000 393.0
OX637739.1 441500000 442000000 393.0
OX637739.1 442000000 442500000 393.2019
OX637739.1 442500000 443000000 393.48975
OX637739.1 443000000 443500000 392.09063
OX637739.1 443500000 444000000 392.0
OX637739.1 444000000 444500000 392.0
OX637739.1 444500000 445000000 392.0
OX637739.1 445000000 445500000 391.26
OX637739.1 445500000 446000000 391.00208
OX637739.1 446000000 446500000 391.0
OX637739.1 446500000 447000000 391.00018
OX637739.1 447000000 447500000 390.32127
OX637739.1 447500000 448000000 390.0
OX637739.1 448000000 448500000 390.08769
OX637739.1 448500000 449000000 390.0
OX637739.1 449000000 449500000 389.68016
OX637739.1 449500000 450000000 390.00018
OX637739.1 450000000 450500000 390.0
OX637739.1 450500000 451000000 390.0
OX637739.1 451000000 451500000 389.91867
OX637739.1 451500000 452000000 390.0
OX637739.1 452000000 452500000 390.00034
OX637739.1 452500000 453000000 390.0
OX637739.1 453000000 453500000 390.0008
OX637739.1 453500000 454000000 388.36307
OX637739.1 454000000 454500000 386.77432
OX637739.1 454500000 455000000 386.00038
OX637739.1 455000000 455500000 386.0
OX637739.1 455500000 456000000 384.57327
OX637739.1 456000000 456500000 384.0
OX637739.1 456500000 457000000 384.00031
OX637739.1 457000000 457500000 383.88633
OX637739.1 457500000 458000000 383.0
OX637739.1 458000000 458500000 382.91308
OX637739.1 458500000 459000000 382.0
OX637739.1 459000000 459500000 382.0
OX637739.1 459500000 460000000 380.85432
OX637739.1 460000000 460500000 380.45
OX637739.1 460500000 461000000 380.35356
OX637739.1 461000000 461500000 381.0
OX637739.1 461500000 462000000 381.23888
OX637739.1 462000000 462500000 381.0
OX637739.1 462500000 463000000 381.6522
OX637739.1 463000000 463500000 382.00098
OX637739.1 463500000 464000000 382.0
OX637739.1 464000000 464500000 382.0
OX637739.1 464500000 465000000 382.0
OX637739.1 465000000 465500000 382.0
OX637739.1 465500000 466000000 382.0
OX637739.1 466000000 466500000 381.7498
OX637739.1 466500000 467000000 381.0
OX637739.1 467000000 467500000 381.0
OX637739.1 467500000 468000000 381.0
OX637739.1 468000000 468500000 381.0
OX637739.1 468500000 469000000 381.0
OX637739.1 469000000 469500000 380.00696
OX637739.1 469500000 470000000 380.0
OX637739.1 470000000 470500000 380.0
OX637739.1 470500000 471000000 379.06645
OX637739.1 471000000 471500000 379.0
OX637739.1 471500000 472000000 379.0
OX637739.1 472000000 472500000 377.64707
OX637739.1 472500000 473000000 377.0
OX637739.1 473000000 473500000 377.41054
OX637739.1 473500000 474000000 378.0
OX637739.1 474000000 474500000 378.0
OX637739.1 474500000 475000000 378.0
OX637739.1 475000000 475500000 377.05706
OX637739.1 475500000 476000000 375.27296
OX637739.1 476000000 476500000 375.0
OX637739.1 476500000 477000000 374.66875
OX637739.1 477000000 477500000 372.66269
OX637739.1 477500000 478000000 372.0
OX637739.1 478000000 478500000 371.92216
OX637739.1 478500000 479000000 371.00033
OX637739.1 479000000 479500000 371.02188
OX637739.1 479500000 480000000 371.0
OX637739.1 480000000 480500000 371.0
OX637739.1 480500000 481000000 371.0
OX637739.1 481000000 481500000 371.0
OX637739.1 481500000 482000000 370.44983
OX637739.1 482000000 482500000 369.15875
OX637739.1 482500000 483000000 367.03244
OX637739.1 483000000 483500000 365.87023
OX637739.1 483500000 484000000 364.0
OX637739.1 484000000 484500000 364.0
OX637739.1 484500000 485000000 363.33045
OX637739.1 485000000 485500000 363.0
OX637739.1 485500000 486000000 363.0
OX637739.1 486000000 486500000 363.0
OX637739.1 486500000 487000000 362.84924
OX637739.1 487000000 487500000 362.46129
OX637739.1 487500000 488000000 362.0
OX637739.1 488000000 488500000 361.8881
OX637739.1 488500000 489000000 362.0
OX637739.1 489000000 489500000 360.27948
OX637739.1 489500000 490000000 359.0
OX637739.1 490000000 490500000 358.24772
OX637739.1 490500000 491000000 356.67999
OX637739.1 491000000 491500000 355.54338
OX637739.1 491500000 492000000 355.0
OX637739.1 492000000 492500000 355.0
OX637739.1 492500000 493000000 352.33881
OX637739.1 493000000 493500000 350.0
OX637739.1 493500000 494000000 349.14721
OX637739.1 494000000 494500000 348.36291
OX637739.1 494500000 495000000 348.0
OX637739.1 495000000 495500000 345.70629
OX637739.1 495500000 496000000 344.70746
OX637739.1 496000000 496500000 342.0
OX637739.1 496500000 497000000 342.0
OX637739.1 497000000 497500000 341.94802
OX637739.1 497500000 498000000 340.72749
OX637739.1 498000000 498500000 339.38025
OX637739.1 498500000 499000000 337.69035
OX637739.1 499000000 499500000 336.0
OX637739.1 499500000 500000000 336.0
OX637739.1 500000000 500500000 335.5278
OX637739.1 500500000 501000000 335.0
OX637739.1 501000000 501500000 335.0
OX637739.1 501500000 502000000 330.83028
OX637739.1 502000000 502500000 327.52893
OX637739.1 502500000 503000000 327.0
OX637739.1 503000000 503500000 327.00075
OX637739.1 503500000 504000000 327.39556
OX637739.1 504000000 504500000 327.0
OX637739.1 504500000 505000000 325.04738
OX637739.1 505000000 505500000 324.0
OX637739.1 505500000 506000000 322.66442
OX637739.1 506000000 506500000 322.0
OX637739.1 506500000 507000000 321.52245
OX637739.1 507000000 507500000 320.79593
OX637739.1 507500000 508000000 320.0
OX637739.1 508000000 508500000 320.0
OX637739.1 508500000 509000000 318.62139
OX637739.1 509000000 509500000 318.0
OX637739.1 509500000 510000000 317.54317
OX637739.1 510000000 510500000 315.1522
OX637739.1 510500000 511000000 313.2922
OX637739.1 511000000 511500000 312.57156
OX637739.1 511500000 512000000 309.37025
OX637739.1 512000000 512500000 308.81909
OX637739.1 512500000 513000000 307.07007
OX637739.1 513000000 513500000 305.91491
OX637739.1 513500000 514000000 301.70703
OX637739.1 514000000 514500000 300.0
OX637739.1 514500000 515000000 299.3378
OX637739.1 515000000 515500000 297.10348
OX637739.1 515500000 516000000 293.33621
OX637739.1 516000000 516500000 290.36546
OX637739.1 516500000 517000000 286.29074
OX637739.1 517000000 517500000 284.38166
OX637739.1 517500000 518000000 282.08734
OX637739.1 518000000 518500000 280.63166
OX637739.1 518500000 519000000 277.63394
OX637739.1 519000000 519500000 273.99151
OX637739.1 519500000 520000000 272.52177
OX637739.1 520000000 520500000 272.00091
OX637739.1 520500000 521000000 271.07993
OX637739.1 521000000 521500000 271.0
OX637739.1 521500000 522000000 271.0
OX637739.1 522000000 522500000 269.98949
OX637739.1 522500000 523000000 268.59114
OX637739.1 523000000 523500000 269.0
OX637739.1 523500000 524000000 267.64812
OX637739.1 524000000 524500000 266.13097
OX637739.1 524500000 525000000 264.7533
OX637739.1 525000000 525500000 264.0
OX637739.1 525500000 526000000 264.00042
OX637739.1 526000000 526500000 263.81351
OX637739.1 526500000 527000000 264.0
OX637739.1 527000000 527500000 262.76406
OX637739.1 527500000 528000000 259.723
OX637739.1 528000000 528500000 254.23591
OX637739.1 528500000 529000000 252.72535
OX637739.1 529000000 529500000 250.93481
OX637739.1 529500000 530000000 248.951
OX637739.1 530000000 530500000 245.64533
OX637739.1 530500000 531000000 243.92089
OX637739.1 531000000 531500000 242.0
OX637739.1 531500000 532000000 239.92204
OX637739.1 532000000 532500000 235.20592
OX637739.1 532500000 533000000 231.0406
OX637739.1 533000000 533500000 230.67069
OX637739.1 533500000 534000000 229.23535
OX637739.1 534000000 534500000 225.6918
OX637739.1 534500000 535000000 223.89711
OX637739.1 535000000 535500000 221.30736
OX637739.1 535500000 536000000 217.74652
OX637739.1 536000000 536500000 211.77239
OX637739.1 536500000 537000000 205.83226
OX637739.1 537000000 537500000 202.33207
OX637739.1 537500000 538000000 195.32145
OX637739.1 538000000 538500000 188.63633
OX637739.1 538500000 539000000 185.66015
OX637739.1 539000000 539500000 183.1027
OX637739.1 539500000 540000000 175.93884
OX637739.1 540000000 540500000 168.86933
OX637739.1 540500000 541000000 162.15593
OX637739.1 541000000 541500000 151.49994
OX637739.1 541500000 542000000 144.12344
OX637739.1 542000000 542500000 137.67924
OX637739.1 542500000 543000000 133.98126
OX637739.1 543000000 543500000 125.59635
OX637739.1 543500000 544000000 113.85021
OX637739.1 544000000 544500000 107.3334
OX637739.1 544500000 545000000 101.74457
OX637739.1 545000000 545500000 92.48368
OX637739.1 545500000 546000000 81.88552
OX637739.1 546000000 546500000 75.95489
OX637739.1 546500000 547000000 68.66851
OX637739.1 547000000 547500000 59.40124
OX637739.1 547500000 548000000 50.3505
OX637739.1 548000000 548500000 49.0
OX637739.1 548500000 549000000 49.0
OX637739.1 549000000 549500000 48.94756
OX637739.1 549500000 550000000 43.17375
OX637739.1 550000000 550500000 37.55509
OX637739.1 550500000 551000000 25.15111
OX637739.1 551000000 551500000 15.31399
OX637739.1 551500000 552000000 9.84428
OX637739.1 552000000 552500000 1.54856
OX637739.1 552500000 552998710 0.0
OX637746.1 0 500000 0.02868
OX637746.1 500000 1000000 1.0
OX637746.1 1000000 1500000 5.53401
OX637746.1 1500000 2000000 7.00362
OX637746.1 2000000 2500000 7.36864
OX637746.1 2500000 3000000 9.4225
OX637746.1 3000000 3500000 14.51625
OX637746.1 3500000 4000000 16.93235
OX637746.1 4000000 4500000 21.32595
OX637746.1 4500000 5000000 22.61189
OX637746.1 5000000 5500000 29.66927
OX637746.1 5500000 6000000 36.07412
OX637746.1 6000000 6500000 39.87407
OX637746.1 6500000 7000000 42.15488
OX637746.1 7000000 7500000 45.19431
OX637746.1 7500000 8000000 50.09846
OX637746.1 8000000 8500000 55.05481
OX637746.1 8500000 9000000 64.28722
OX637746.1 9000000 9500000 75.06762
OX637746.1 9500000 10000000 80.1335
OX637746.1 10000000 10500000 83.58588
OX637746.1 10500000 11000000 89.59432
OX637746.1 11000000 11500000 93.94753
OX637746.1 11500000 12000000 101.49081
OX637746.1 12000000 12500000 112.60998
OX637746.1 12500000 13000000 119.81543
OX637746.1 13000000 13500000 125.04267
OX637746.1 13500000 14000000 132.00029
OX637746.1 14000000 14500000 134.03265
OX637746.1 14500000 15000000 135.19479
OX637746.1 15000000 15500000 138.61925
OX637746.1 15500000 16000000 141.78682
OX637746.1 16000000 16500000 144.3332
OX637746.1 16500000 17000000 148.79409
OX637746.1 17000000 17500000 149.9767
OX637746.1 17500000 18000000 155.1209
OX637746.1 18000000 18500000 157.40985
OX637746.1 18500000 19000000 160.25395
OX637746.1 19000000 19500000 163.08342
OX637746.1 19500000 20000000 165.58122
OX637746.1 20000000 20500000 167.0002
OX637746.1 20500000 21000000 169.16889
OX637746.1 21000000 21500000 172.11472
OX637746.1 21500000 22000000 178.04398
OX637746.1 22000000 22500000 180.65335
OX637746.1 22500000 23000000 183.50372
OX637746.1 23000000 23500000 185.49481
OX637746.1 23500000 24000000 186.32789
OX637746.1 24000000 24500000 187.0
OX637746.1 24500000 25000000 187.36417
OX637746.1 25000000 25500000 189.23335
OX637746.1 25500000 26000000 190.0
OX637746.1 26000000 26500000 190.68761
OX637746.1 26500000 27000000 192.37073
OX637746.1 27000000 27500000 193.0
OX637746.1 27500000 28000000 192.18483
OX637746.1 28000000 28500000 192.0
OX637746.1 28500000 29000000 192.0
OX637746.1 29000000 29500000 192.00025
OX637746.1 29500000 30000000 192.72537
OX637746.1 30000000 30500000 194.38403
OX637746.1 30500000 31000000 196.93764
OX637746.1 31000000 31500000 197.04863
OX637746.1 31500000 32000000 198.88047
OX637746.1 32000000 32500000 200.11912
OX637746.1 32500000 33000000 200.74571
OX637746.1 33000000 33500000 200.00019
OX637746.1 33500000 34000000 200.0
OX637746.1 34000000 34500000 200.0
OX637746.1 34500000 35000000 201.55883
OX637746.1 35000000 35500000 202.39125
OX637746.1 35500000 36000000 203.97329
OX637746.1 36000000 36500000 205.0
OX637746.1 36500000 37000000 205.06096
OX637746.1 37000000 37500000 206.68668
OX637746.1 37500000 38000000 207.78715
OX637746.1 38000000 38500000 209.56727
OX637746.1 38500000 39000000 210.78039
OX637746.1 39000000 39500000 210.0
OX637746.1 39500000 40000000 210.0
OX637746.1 40000000 40500000 210.464
OX637746.1 40500000 41000000 211.65481
OX637746.1 41000000 41500000 211.31927
OX637746.1 41500000 42000000 212.0
OX637746.1 42000000 42500000 210.87858
OX637746.1 42500000 43000000 211.822
OX637746.1 43000000 43500000 213.0
OX637746.1 43500000 44000000 213.0078
OX637746.1 44000000 44500000 213.63256
OX637746.1 44500000 45000000 214.58551
OX637746.1 45000000 45500000 215.0007
OX637746.1 45500000 46000000 215.62287
OX637746.1 46000000 46500000 218.36201
OX637746.1 46500000 47000000 219.11315
OX637746.1 47000000 47500000 220.0
OX637746.1 47500000 48000000 219.66249
OX637746.1 48000000 48500000 220.0
OX637746.1 48500000 49000000 220.00016
OX637746.1 49000000 49500000 220.0
OX637746.1 49500000 50000000 220.0
OX637746.1 50000000 50500000 220.00032
OX637746.1 50500000 51000000 219.48235
OX637746.1 51000000 51500000 219.10942
OX637746.1 51500000 52000000 220.0
OX637746.1 52000000 52500000 220.0
OX637746.1 52500000 53000000 220.0
OX637746.1 53000000 53500000 222.39962
OX637746.1 53500000 54000000 225.0
OX637746.1 54000000 54500000 225.0
OX637746.1 54500000 55000000 225.91316
OX637746.1 55000000 55500000 227.37314
OX637746.1 55500000 56000000 228.00139
OX637746.1 56000000 56500000 230.66794
OX637746.1 56500000 57000000 231.89486
OX637746.1 57000000 57500000 233.0
OX637746.1 57500000 58000000 233.46392
OX637746.1 58000000 58500000 234.00275
OX637746.1 58500000 59000000 234.91277
OX637746.1 59000000 59500000 235.0
OX637746.1 59500000 60000000 235.0
OX637746.1 60000000 60500000 235.0
OX637746.1 60500000 61000000 235.0
OX637746.1 61000000 61500000 235.00063
OX637746.1 61500000 62000000 235.0
OX637746.1 62000000 62500000 235.0
OX637746.1 62500000 63000000 234.75352
OX637746.1 63000000 63500000 234.0
OX637746.1 63500000 64000000 234.00077
OX637746.1 64000000 64500000 233.02268
OX637746.1 64500000 65000000 233.0
OX637746.1 65000000 65500000 233.8043
OX637746.1 65500000 66000000 234.08996
OX637746.1 66000000 66500000 235.0
OX637746.1 66500000 67000000 235.0
OX637746.1 67000000 67500000 235.00047
OX637746.1 67500000 68000000 234.15654
OX637746.1 68000000 68500000 234.00036
OX637746.1 68500000 69000000 234.79095
OX637746.1 69000000 69500000 235.0
OX637746.1 69500000 70000000 235.38845
OX637746.1 70000000 70500000 236.8031
OX637746.1 70500000 71000000 237.0
OX637746.1 71000000 71500000 237.00083
OX637746.1 71500000 72000000 237.00019
OX637746.1 72000000 72500000 237.0
OX637746.1 72500000 73000000 237.0
OX637746.1 73000000 73500000 237.0
OX637746.1 73500000 74000000 237.0
OX637746.1 74000000 74500000 237.63993
OX637746.1 74500000 75000000 238.0
OX637746.1 75000000 75500000 238.0
OX637746.1 75500000 76000000 238.88467
OX637746.1 76000000 76500000 239.0
OX637746.1 76500000 77000000 238.38063
OX637746.1 77000000 77500000 238.0
OX637746.1 77500000 78000000 238.19284
OX637746.1 78000000 78500000 239.0
OX637746.1 78500000 79000000 239.00059
OX637746.1 79000000 79500000 239.0
OX637746.1 79500000 80000000 239.76115
OX637746.1 80000000 80500000 240.16367
OX637746.1 80500000 81000000 241.00043
OX637746.1 81000000 81500000 241.00077
OX637746.1 81500000 82000000 241.0
OX637746.1 82000000 82500000 241.0
OX637746.1 82500000 83000000 241.0
OX637746.1 83000000 83500000 241.0
OX637746.1 83500000 84000000 241.0
OX637746.1 84000000 84500000 241.0
OX637746.1 84500000 85000000 240.53466
OX637746.1 85000000 85500000 240.0
OX637746.1 85500000 86000000 240.28163
OX637746.1 86000000 86500000 241.0
OX637746.1 86500000 87000000 241.00036
OX637746.1 87000000 87500000 241.58644
OX637746.1 87500000 88000000 242.14609
OX637746.1 88000000 88500000 243.00061
OX637746.1 88500000 89000000 243.0
OX637746.1 89000000 89500000 243.0
OX637746.1 89500000 90000000 244.48758
OX637746.1 90000000 90500000 245.0
OX637746.1 90500000 91000000 245.82093
OX637746.1 91000000 91500000 246.0
OX637746.1 91500000 92000000 246.0
OX637746.1 92000000 92500000 247.11131
OX637746.1 92500000 93000000 247.69359
OX637746.1 93000000 93500000 247.00032
OX637746.1 93500000 94000000 247.0
OX637746.1 94000000 94500000 247.0
OX637746.1 94500000 95000000 247.0
OX637746.1 95000000 95500000 247.0
OX637746.1 95500000 96000000 247.0
OX637746.1 96000000 96500000 247.0
OX637746.1 96500000 97000000 247.0
OX637746.1 97000000 97500000 247.0
OX637746.1 97500000 98000000 247.0
OX637746.1 98000000 98500000 247.0
OX637746.1 98500000 99000000 247.0
OX637746.1 99000000 99500000 247.17045
OX637746.1 99500000 100000000 248.0
OX637746.1 100000000 100500000 248.0
OX637746.1 100500000 101000000 248.00103
OX637746.1 101000000 101500000 248.0
OX637746.1 101500000 102000000 248.0
OX637746.1 102000000 102500000 248.0
OX637746.1 102500000 103000000 248.0
OX637746.1 103000000 103500000 248.0
OX637746.1 103500000 104000000 248.0
OX637746.1 104000000 104500000 248.87374
OX637746.1 104500000 105000000 249.0
OX637746.1 105000000 105500000 249.0
OX637746.1 105500000 106000000 249.0
OX637746.1 106000000 106500000 249.0
OX637746.1 106500000 107000000 249.0
OX637746.1 107000000 107500000 249.0
OX637746.1 107500000 108000000 249.0
OX637746.1 108000000 108500000 249.0
OX637746.1 108500000 109000000 249.0
OX637746.1 109000000 109500000 249.0
OX637746.1 109500000 110000000 249.0
OX637746.1 110000000 110500000 249.0
OX637746.1 110500000 111000000 249.0
OX637746.1 111000000 111500000 249.0
OX637746.1 111500000 112000000 249.0
OX637746.1 112000000 112500000 249.0
OX637746.1 112500000 113000000 249.0
OX637746.1 113000000 113500000 249.00016
OX637746.1 113500000 114000000 249.0
OX637746.1 114000000 114500000 249.00041
OX637746.1 114500000 115000000 249.81405
OX637746.1 115000000 115500000 250.0
OX637746.1 115500000 116000000 250.0
OX637746.1 116000000 116500000 250.74338
OX637746.1 116500000 117000000 251.0
OX637746.1 117000000 117500000 251.0
OX637746.1 117500000 118000000 251.23606
OX637746.1 118000000 118500000 252.40308
OX637746.1 118500000 119000000 253.0
OX637746.1 119000000 119500000 253.0
OX637746.1 119500000 120000000 253.0
OX637746.1 120000000 120500000 253.0
OX637746.1 120500000 121000000 253.0
OX637746.1 121000000 121500000 253.0
OX637746.1 121500000 122000000 253.0
OX637746.1 122000000 122500000 253.00059
OX637746.1 122500000 123000000 253.0
OX637746.1 123000000 123500000 253.0
OX637746.1 123500000 124000000 253.0
OX637746.1 124000000 124500000 253.0
OX637746.1 124500000 125000000 253.0
OX637746.1 125000000 125500000 253.0
OX637746.1 125500000 126000000 253.0
OX637746.1 126000000 126500000 253.0
OX637746.1 126500000 127000000 253.0
OX637746.1 127000000 127500000 253.0
OX637746.1 127500000 128000000 253.00016
OX637746.1 128000000 128500000 253.0
OX637746.1 128500000 129000000 253.0
OX637746.1 129000000 129500000 253.0
OX637746.1 129500000 130000000 253.0
OX637746.1 130000000 130500000 253.00022
OX637746.1 130500000 131000000 253.0
OX637746.1 131000000 131500000 253.0
OX637746.1 131500000 132000000 253.00073
OX637746.1 132000000 132500000 253.0
OX637746.1 132500000 133000000 253.0
OX637746.1 133000000 133500000 253.0
OX637746.1 133500000 134000000 253.0
OX637746.1 134000000 134500000 253.0
OX637746.1 134500000 135000000 253.0
OX637746.1 135000000 135500000 253.00026
OX637746.1 135500000 136000000 252.00603
OX637746.1 136000000 136500000 252.0
OX637746.1 136500000 137000000 252.67207
OX637746.1 137000000 137500000 253.0
OX637746.1 137500000 138000000 253.0
OX637746.1 138000000 138500000 253.0
OX637746.1 138500000 139000000 252.91371
OX637746.1 139000000 139500000 252.0
OX637746.1 139500000 140000000 252.0
OX637746.1 140000000 140500000 252.0
OX637746.1 140500000 141000000 252.0
OX637746.1 141000000 141500000 252.0
OX637746.1 141500000 142000000 252.0
OX637746.1 142000000 142500000 252.0
OX637746.1 142500000 143000000 252.0
OX637746.1 143000000 143500000 252.0
OX637746.1 143500000 144000000 252.0
OX637746.1 144000000 144500000 252.66572
OX637746.1 144500000 145000000 253.0
OX637746.1 145000000 145500000 253.0
OX637746.1 145500000 146000000 253.00021
OX637746.1 146000000 146500000 253.0
OX637746.1 146500000 147000000 253.0
OX637746.1 147000000 147500000 253.0
OX637746.1 147500000 148000000 253.0
OX637746.1 148000000 148500000 253.0
OX637746.1 148500000 149000000 253.0
OX637746.1 149000000 149500000 253.0
OX637746.1 149500000 150000000 253.0
OX637746.1 150000000 150500000 253.0
OX637746.1 150500000 151000000 253.0
OX637746.1 151000000 151500000 253.0
OX637746.1 151500000 152000000 253.0
OX637746.1 152000000 152500000 253.0
OX637746.1 152500000 153000000 253.0
OX637746.1 153000000 153500000 253.0
OX637746.1 153500000 154000000 253.0
OX637746.1 154000000 154500000 253.0
OX637746.1 154500000 155000000 253.13137
OX637746.1 155000000 155500000 254.0
OX637746.1 155500000 156000000 254.0
OX637746.1 156000000 156500000 254.67785
OX637746.1 156500000 157000000 255.0
OX637746.1 157000000 157500000 255.0
OX637746.1 157500000 158000000 255.0
OX637746.1 158000000 158500000 255.0
OX637746.1 158500000 159000000 254.41743
OX637746.1 159000000 159500000 254.0
OX637746.1 159500000 160000000 254.0
OX637746.1 160000000 160500000 254.0
OX637746.1 160500000 161000000 254.0
OX637746.1 161000000 161500000 254.07977
OX637746.1 161500000 162000000 255.0
OX637746.1 162000000 162500000 255.0
OX637746.1 162500000 163000000 255.0
OX637746.1 163000000 163500000 255.0
OX637746.1 163500000 164000000 255.0
OX637746.1 164000000 164500000 255.0
OX637746.1 164500000 165000000 255.0
OX637746.1 165000000 165500000 255.00033
OX637746.1 165500000 166000000 255.0
OX637746.1 166000000 166500000 255.0
OX637746.1 166500000 167000000 255.0
OX637746.1 167000000 167500000 255.0
OX637746.1 167500000 168000000 255.0
OX637746.1 168000000 168500000 255.93957
OX637746.1 168500000 169000000 256.0
OX637746.1 169000000 169500000 256.0
OX637746.1 169500000 170000000 256.0
OX637746.1 170000000 170500000 256.0
OX637746.1 170500000 171000000 256.0
OX637746.1 171000000 171500000 256.0
OX637746.1 171500000 172000000 255.0274
OX637746.1 172000000 172500000 255.0
OX637746.1 172500000 173000000 255.0
OX637746.1 173000000 173500000 255.0
OX637746.1 173500000 174000000 255.0
OX637746.1 174000000 174500000 255.0
OX637746.1 174500000 175000000 255.0
OX637746.1 175000000 175500000 255.0
OX637746.1 175500000 176000000 255.0
OX637746.1 176000000 176500000 255.0
OX637746.1 176500000 177000000 255.0
OX637746.1 177000000 177500000 255.0
OX637746.1 177500000 178000000 255.0
OX637746.1 178000000 178500000 255.0
OX637746.1 178500000 179000000 255.0
OX637746.1 179000000 179500000 255.00068
OX637746.1 179500000 180000000 255.0
OX637746.1 180000000 180500000 255.71286
OX637746.1 180500000 181000000 256.0
OX637746.1 181000000 181500000 256.0
OX637746.1 181500000 182000000 256.0
OX637746.1 182000000 182500000 256.0
OX637746.1 182500000 183000000 255.47403
OX637746.1 183000000 183500000 255.0
OX637746.1 183500000 184000000 255.0
OX637746.1 184000000 184500000 255.0
OX637746.1 184500000 185000000 255.0
OX637746.1 185000000 185500000 255.0
OX637746.1 185500000 186000000 255.0
OX637746.1 186000000 186500000 255.0
OX637746.1 186500000 187000000 255.0
OX637746.1 187000000 187500000 255.0
OX637746.1 187500000 188000000 255.0
OX637746.1 188000000 188500000 255.0
OX637746.1 188500000 189000000 255.0
OX637746.1 189000000 189500000 255.0
OX637746.1 189500000 190000000 255.0
OX637746.1 190000000 190500000 255.0
OX637746.1 190500000 191000000 255.0
OX637746.1 191000000 191500000 255.0
OX637746.1 191500000 192000000 255.0
OX637746.1 192000000 192500000 255.0
OX637746.1 192500000 193000000 255.0
OX637746.1 193000000 193500000 255.0
OX637746.1 193500000 194000000 254.05963
OX637746.1 194000000 194500000 254.0
OX637746.1 194500000 195000000 254.0
OX637746.1 195000000 195500000 254.0
OX637746.1 195500000 196000000 254.0
OX637746.1 196000000 196500000 254.12036
OX637746.1 196500000 197000000 255.0
OX637746.1 197000000 197500000 255.0
OX637746.1 197500000 198000000 255.0
OX637746.1 198000000 198500000 255.0
OX637746.1 198500000 199000000 255.0
OX637746.1 199000000 199500000 255.0
OX637746.1 199500000 200000000 255.0
OX637746.1 200000000 200500000 255.0
OX637746.1 200500000 201000000 255.0
OX637746.1 201000000 201500000 255.0
OX637746.1 201500000 202000000 255.0
OX637746.1 202000000 202500000 255.0
OX637746.1 202500000 203000000 255.0
OX637746.1 203000000 203500000 255.35877
OX637746.1 203500000 204000000 256.0
OX637746.1 204000000 204500000 256.0
OX637746.1 204500000 205000000 256.0
OX637746.1 205000000 205500000 256.0
OX637746.1 205500000 206000000 256.0
OX637746.1 206000000 206500000 256.0
OX637746.1 206500000 207000000 256.0
OX637746.1 207000000 207500000 255.81906
OX637746.1 207500000 208000000 255.0
OX637746.1 208000000 208500000 255.0
OX637746.1 208500000 209000000 255.0
OX637746.1 209000000 209500000 255.0
OX637746.1 209500000 210000000 254.08799
OX637746.1 210000000 210500000 254.16902
OX637746.1 210500000 211000000 255.0
OX637746.1 211000000 211500000 255.0
OX637746.1 211500000 212000000 255.0
OX637746.1 212000000 212500000 255.0
OX637746.1 212500000 213000000 255.0
OX637746.1 213000000 213500000 255.0
OX637746.1 213500000 214000000 255.0
OX637746.1 214000000 214500000 255.23799
OX637746.1 214500000 215000000 256.0
OX637746.1 215000000 215500000 256.0
OX637746.1 215500000 216000000 256.0
OX637746.1 216000000 216500000 256.0
OX637746.1 216500000 217000000 256.0
OX637746.1 217000000 217500000 256.0
OX637746.1 217500000 218000000 256.0
OX637746.1 218000000 218500000 256.0
OX637746.1 218500000 219000000 256.0
OX637746.1 219000000 219500000 256.0
OX637746.1 219500000 220000000 256.0
OX637746.1 220000000 220500000 256.0
OX637746.1 220500000 221000000 256.0
OX637746.1 221000000 221500000 256.0
OX637746.1 221500000 222000000 256.0
OX637746.1 222000000 222500000 256.0
OX637746.1 222500000 223000000 256.0
OX637746.1 223000000 223500000 255.07779
OX637746.1 223500000 224000000 255.0
OX637746.1 224000000 224500000 255.0
OX637746.1 224500000 225000000 255.0
OX637746.1 225000000 225500000 255.0
OX637746.1 225500000 226000000 255.0
OX637746.1 226000000 226500000 255.00073
OX637746.1 226500000 227000000 255.0
OX637746.1 227000000 227500000 255.0
OX637746.1 227500000 228000000 255.21771
OX637746.1 228000000 228500000 256.0
OX637746.1 228500000 229000000 256.0
OX637746.1 229000000 229500000 256.0
OX637746.1 229500000 230000000 256.0
OX637746.1 230000000 230500000 256.0
OX637746.1 230500000 231000000 256.0
OX637746.1 231000000 231500000 256.0
OX637746.1 231500000 232000000 256.0
OX637746.1 232000000 232500000 256.0
OX637746.1 232500000 233000000 256.0
OX637746.1 233000000 233500000 256.0
OX637746.1 233500000 234000000 256.0
OX637746.1 234000000 234500000 256.0
OX637746.1 234500000 235000000 256.52209
OX637746.1 235000000 235500000 257.0
OX637746.1 235500000 236000000 257.0
OX637746.1 236000000 236500000 257.0
OX637746.1 236500000 237000000 257.00069
OX637746.1 237000000 237500000 257.0
OX637746.1 237500000 238000000 257.0
OX637746.1 238000000 238500000 257.0
OX637746.1 238500000 239000000 257.0
OX637746.1 239000000 239500000 257.00074
OX637746.1 239500000 240000000 257.0
OX637746.1 240000000 240500000 257.0
OX637746.1 240500000 241000000 257.0
OX637746.1 241000000 241500000 257.0
OX637746.1 241500000 242000000 257.0
OX637746.1 242000000 242500000 257.0
OX637746.1 242500000 243000000 257.0
OX637746.1 243000000 243500000 257.0
OX637746.1 243500000 244000000 257.0
OX637746.1 244000000 244500000 256.25103
OX637746.1 244500000 245000000 255.0
OX637746.1 245000000 245500000 255.0
OX637746.1 245500000 246000000 255.0
OX637746.1 246000000 246500000 255.0
OX637746.1 246500000 247000000 255.0
OX637746.1 247000000 247500000 255.0
OX637746.1 247500000 248000000 255.0
OX637746.1 248000000 248500000 255.0
OX637746.1 248500000 249000000 255.0
OX637746.1 249000000 249500000 255.0
OX637746.1 249500000 250000000 255.0
OX637746.1 250000000 250500000 255.0
OX637746.1 250500000 251000000 255.0
OX637746.1 251000000 251500000 255.0
OX637746.1 251500000 252000000 255.0
OX637746.1 252000000 252500000 255.0
OX637746.1 252500000 253000000 255.0
OX637746.1 253000000 253500000 255.0
OX637746.1 253500000 254000000 255.0
OX637746.1 254000000 254500000 255.0
OX637746.1 254500000 255000000 255.0
OX637746.1 255000000 255500000 255.0
OX637746.1 255500000 256000000 254.15739
OX637746.1 256000000 256500000 254.0
OX637746.1 256500000 257000000 254.0
OX637746.1 257000000 257500000 254.0
OX637746.1 257500000 258000000 254.0
OX637746.1 258000000 258500000 254.0
OX637746.1 258500000 259000000 254.0
OX637746.1 259000000 259500000 254.0
OX637746.1 259500000 260000000 254.0
OX637746.1 260000000 260500000 254.0
OX637746.1 260500000 261000000 254.0
OX637746.1 261000000 261500000 254.0
OX637746.1 261500000 262000000 254.01979
OX637746.1 262000000 262500000 255.0
OX637746.1 262500000 263000000 255.0
OX637746.1 263000000 263500000 254.32588
OX637746.1 263500000 264000000 254.0
OX637746.1 264000000 264500000 253.01111
OX637746.1 264500000 265000000 253.0
OX637746.1 265000000 265500000 253.0
OX637746.1 265500000 266000000 253.0
OX637746.1 266000000 266500000 253.29259
OX637746.1 266500000 267000000 255.09031
OX637746.1 267000000 267500000 255.0
OX637746.1 267500000 268000000 255.0
OX637746.1 268000000 268500000 255.0
OX637746.1 268500000 269000000 255.0
OX637746.1 269000000 269500000 255.0
OX637746.1 269500000 270000000 255.0
OX637746.1 270000000 270500000 255.0
OX637746.1 270500000 271000000 255.0
OX637746.1 271000000 271500000 255.0
OX637746.1 271500000 272000000 255.0
OX637746.1 272000000 272500000 255.0
OX637746.1 272500000 273000000 255.0
OX637746.1 273000000 273500000 255.0
OX637746.1 273500000 274000000 255.0
OX637746.1 274000000 274500000 255.0
OX637746.1 274500000 275000000 255.0
OX637746.1 275000000 275500000 255.0
OX637746.1 275500000 276000000 255.0
OX637746.1 276000000 276500000 254.34622
OX637746.1 276500000 277000000 255.0
OX637746.1 277000000 277500000 254.96239
OX637746.1 277500000 278000000 254.0
OX637746.1 278000000 278500000 254.0
OX637746.1 278500000 279000000 254.0
OX637746.1 279000000 279500000 254.0
OX637746.1 279500000 280000000 254.0
OX637746.1 280000000 280500000 254.0
OX637746.1 280500000 281000000 254.0
OX637746.1 281000000 281500000 254.0
OX637746.1 281500000 282000000 254.0
OX637746.1 282000000 282500000 254.0
OX637746.1 282500000 283000000 254.0
OX637746.1 283000000 283500000 254.0
OX637746.1 283500000 284000000 254.0
OX637746.1 284000000 284500000 253.53081
OX637746.1 284500000 285000000 253.0
OX637746.1 285000000 285500000 253.0
OX637746.1 285500000 286000000 253.0
OX637746.1 286000000 286500000 253.0
OX637746.1 286500000 287000000 253.0
OX637746.1 287000000 287500000 253.0
OX637746.1 287500000 288000000 253.0
OX637746.1 288000000 288500000 253.0
OX637746.1 288500000 289000000 253.0
OX637746.1 289000000 289500000 253.0
OX637746.1 289500000 290000000 253.0
OX637746.1 290000000 290500000 253.0
OX637746.1 290500000 291000000 253.0
OX637746.1 291000000 291500000 253.42724
OX637746.1 291500000 292000000 254.0
OX637746.1 292000000 292500000 254.0
OX637746.1 292500000 293000000 254.0
OX637746.1 293000000 293500000 254.0
OX637746.1 293500000 294000000 254.0
OX637746.1 294000000 294500000 253.35496
OX637746.1 294500000 295000000 252.26606
OX637746.1 295000000 295500000 252.0
OX637746.1 295500000 296000000 252.82885
OX637746.1 296000000 296500000 253.0
OX637746.1 296500000 297000000 253.0
OX637746.1 297000000 297500000 253.0
OX637746.1 297500000 298000000 253.0
OX637746.1 298000000 298500000 253.0
OX637746.1 298500000 299000000 253.0
OX637746.1 299000000 299500000 253.0
OX637746.1 299500000 300000000 253.0
OX637746.1 300000000 300500000 253.0
OX637746.1 300500000 301000000 253.0
OX637746.1 301000000 301500000 252.77432
OX637746.1 301500000 302000000 252.0
OX637746.1 302000000 302500000 252.0
OX637746.1 302500000 303000000 252.0
OX637746.1 303000000 303500000 252.0
OX637746.1 303500000 304000000 252.0
OX637746.1 304000000 304500000 252.0
OX637746.1 304500000 305000000 252.0
OX637746.1 305000000 305500000 252.0
OX637746.1 305500000 306000000 252.0
OX637746.1 306000000 306500000 252.0
OX637746.1 306500000 307000000 252.0
OX637746.1 307000000 307500000 252.0
OX637746.1 307500000 308000000 252.23815
OX637746.1 308000000 308500000 253.0
OX637746.1 308500000 309000000 253.0
OX637746.1 309000000 309500000 253.0
OX637746.1 309500000 310000000 253.00053
OX637746.1 310000000 310500000 253.0
OX637746.1 310500000 311000000 253.0
OX637746.1 311000000 311500000 253.0
OX637746.1 311500000 312000000 253.0
OX637746.1 312000000 312500000 253.0
OX637746.1 312500000 313000000 253.0
OX637746.1 313000000 313500000 253.0
OX637746.1 313500000 314000000 253.0
OX637746.1 314000000 314500000 253.00017
OX637746.1 314500000 315000000 252.83521
OX637746.1 315000000 315500000 252.00028
OX637746.1 315500000 316000000 252.0
OX637746.1 316000000 316500000 252.0
OX637746.1 316500000 317000000 251.49394
OX637746.1 317000000 317500000 252.0
OX637746.1 317500000 318000000 252.81186
OX637746.1 318000000 318500000 252.55946
OX637746.1 318500000 319000000 252.0
OX637746.1 319000000 319500000 252.0
OX637746.1 319500000 320000000 251.5865
OX637746.1 320000000 320500000 251.0
OX637746.1 320500000 321000000 251.0
OX637746.1 321000000 321500000 251.0
OX637746.1 321500000 322000000 251.0
OX637746.1 322000000 322500000 251.0
OX637746.1 322500000 323000000 250.01264
OX637746.1 323000000 323500000 250.0
OX637746.1 323500000 324000000 250.0
OX637746.1 324000000 324500000 250.00066
OX637746.1 324500000 325000000 250.0
OX637746.1 325000000 325500000 250.0
OX637746.1 325500000 326000000 250.0
OX637746.1 326000000 326500000 249.75503
OX637746.1 326500000 327000000 249.0
OX637746.1 327000000 327500000 249.0
OX637746.1 327500000 328000000 249.0
OX637746.1 328000000 328500000 249.0
OX637746.1 328500000 329000000 249.0
OX637746.1 329000000 329500000 249.0
OX637746.1 329500000 330000000 249.0
OX637746.1 330000000 330500000 249.0
OX637746.1 330500000 331000000 249.00031
OX637746.1 331000000 331500000 248.6737
OX637746.1 331500000 332000000 248.0
OX637746.1 332000000 332500000 248.0
OX637746.1 332500000 333000000 248.0
OX637746.1 333000000 333500000 248.0
OX637746.1 333500000 334000000 248.0
OX637746.1 334000000 334500000 248.00112
OX637746.1 334500000 335000000 248.0
OX637746.1 335000000 335500000 248.0
OX637746.1 335500000 336000000 248.0
OX637746.1 336000000 336500000 248.0
OX637746.1 336500000 337000000 248.00031
OX637746.1 337000000 337500000 248.0
OX637746.1 337500000 338000000 248.0
OX637746.1 338000000 338500000 248.0
OX637746.1 338500000 339000000 248.0
OX637746.1 339000000 339500000 248.0
OX637746.1 339500000 340000000 248.0
OX637746.1 340000000 340500000 248.0
OX637746.1 340500000 341000000 248.0
OX637746.1 341000000 341500000 248.0
OX637746.1 341500000 342000000 248.0
OX637746.1 342000000 342500000 248.00062
OX637746.1 342500000 343000000 247.17772
OX637746.1 343000000 343500000 247.0
OX637746.1 343500000 344000000 247.00018
OX637746.1 344000000 344500000 247.0
OX637746.1 344500000 345000000 247.0
OX637746.1 345000000 345500000 247.0
OX637746.1 345500000 346000000 247.0
OX637746.1 346000000 346500000 247.0
OX637746.1 346500000 347000000 247.0
OX637746.1 347000000 347500000 247.0
OX637746.1 347500000 348000000 247.0
OX637746.1 348000000 348500000 247.0
OX637746.1 348500000 349000000 246.90835
OX637746.1 349000000 349500000 245.98741
OX637746.1 349500000 350000000 245.0
OX637746.1 350000000 350500000 245.0
OX637746.1 350500000 351000000 245.0
OX637746.1 351000000 351500000 244.03277
OX637746.1 351500000 352000000 243.79765
OX637746.1 352000000 352500000 243.0
OX637746.1 352500000 353000000 243.00016
OX637746.1 353000000 353500000 243.0
OX637746.1 353500000 354000000 243.00036
OX637746.1 354000000 354500000 241.94247
OX637746.1 354500000 355000000 240.6404
OX637746.1 355000000 355500000 240.0
OX637746.1 355500000 356000000 240.0
OX637746.1 356000000 356500000 240.0
OX637746.1 356500000 357000000 240.0
OX637746.1 357000000 357500000 240.0
OX637746.1 357500000 358000000 240.0
OX637746.1 358000000 358500000 240.0
OX637746.1 358500000 359000000 240.0
OX637746.1 359000000 359500000 240.0
OX637746.1 359500000 360000000 240.0
OX637746.1 360000000 360500000 240.0
OX637746.1 360500000 361000000 240.00036
OX637746.1 361000000 361500000 240.0
OX637746.1 361500000 362000000 240.0
OX637746.1 362000000 362500000 240.0
OX637746.1 362500000 363000000 240.0
OX637746.1 363000000 363500000 240.0
OX637746.1 363500000 364000000 240.77389
OX637746.1 364000000 364500000 241.0
OX637746.1 364500000 365000000 241.0
OX637746.1 365000000 365500000 241.0
OX637746.1 365500000 366000000 241.0
OX637746.1 366000000 366500000 241.0
OX637746.1 366500000 367000000 241.0
OX637746.1 367000000 367500000 240.48388
OX637746.1 367500000 368000000 240.0
OX637746.1 368000000 368500000 240.0
OX637746.1 368500000 369000000 240.0
OX637746.1 369000000 369500000 240.0
OX637746.1 369500000 370000000 240.0
OX637746.1 370000000 370500000 240.0
OX637746.1 370500000 371000000 240.0
OX637746.1 371000000 371500000 240.0
OX637746.1 371500000 372000000 240.0
OX637746.1 372000000 372500000 239.36757
OX637746.1 372500000 373000000 238.0
OX637746.1 373000000 373500000 238.0
OX637746.1 373500000 374000000 237.67168
OX637746.1 374000000 374500000 237.00018
OX637746.1 374500000 375000000 237.0
OX637746.1 375000000 375500000 236.02331
OX637746.1 375500000 376000000 236.0
OX637746.1 376000000 376500000 236.0
OX637746.1 376500000 377000000 236.0
OX637746.1 377000000 377500000 236.0
OX637746.1 377500000 378000000 236.0
OX637746.1 378000000 378500000 236.0
OX637746.1 378500000 379000000 236.0
OX637746.1 379000000 379500000 236.0
OX637746.1 379500000 380000000 236.52524
OX637746.1 380000000 380500000 237.0007
OX637746.1 380500000 381000000 237.0
OX637746.1 381000000 381500000 237.0
OX637746.1 381500000 382000000 237.00025
OX637746.1 382000000 382500000 236.93988
OX637746.1 382500000 383000000 236.0
OX637746.1 383000000 383500000 236.82725
OX637746.1 383500000 384000000 237.0
OX637746.1 384000000 384500000 237.0
OX637746.1 384500000 385000000 236.5736
OX637746.1 385000000 385500000 236.0
OX637746.1 385500000 386000000 236.0
OX637746.1 386000000 386500000 235.54042
OX637746.1 386500000 387000000 234.57864
OX637746.1 387000000 387500000 234.63213
OX637746.1 387500000 388000000 234.79423
OX637746.1 388000000 388500000 234.0
OX637746.1 388500000 389000000 233.3857
OX637746.1 389000000 389500000 233.0
OX637746.1 389500000 390000000 232.3431
OX637746.1 390000000 390500000 232.0
OX637746.1 390500000 391000000 232.18825
OX637746.1 391000000 391500000 232.02888
OX637746.1 391500000 392000000 232.0
OX637746.1 392000000 392500000 231.56954
OX637746.1 392500000 393000000 231.0
OX637746.1 393000000 393500000 231.0
OX637746.1 393500000 394000000 231.0
OX637746.1 394000000 394500000 230.69172
OX637746.1 394500000 395000000 230.0
OX637746.1 395000000 395500000 230.0
OX637746.1 395500000 396000000 230.0
OX637746.1 396000000 396500000 230.0
OX637746.1 396500000 397000000 230.0
OX637746.1 397000000 397500000 229.3313
OX637746.1 397500000 398000000 228.0287
OX637746.1 398000000 398500000 228.0
OX637746.1 398500000 399000000 228.0
OX637746.1 399000000 399500000 226.58817
OX637746.1 399500000 400000000 226.0
OX637746.1 400000000 400500000 226.0
OX637746.1 400500000 401000000 226.0
OX637746.1 401000000 401500000 226.0
OX637746.1 401500000 402000000 226.85983
OX637746.1 402000000 402500000 227.0
OX637746.1 402500000 403000000 226.39241
OX637746.1 403000000 403500000 226.0
OX637746.1 403500000 404000000 223.19633
OX637746.1 404000000 404500000 222.0
OX637746.1 404500000 405000000 221.58362
OX637746.1 405000000 405500000 221.0
OX637746.1 405500000 406000000 220.66099
OX637746.1 406000000 406500000 220.0
OX637746.1 406500000 407000000 220.0
OX637746.1 407000000 407500000 219.56933
OX637746.1 407500000 408000000 218.41069
OX637746.1 408000000 408500000 217.65182
OX637746.1 408500000 409000000 214.72886
OX637746.1 409000000 409500000 214.0
OX637746.1 409500000 410000000 214.0
OX637746.1 410000000 410500000 214.0
OX637746.1 410500000 411000000 213.47801
OX637746.1 411000000 411500000 211.74081
OX637746.1 411500000 412000000 211.0
OX637746.1 412000000 412500000 211.0
OX637746.1 412500000 413000000 211.00022
OX637746.1 413000000 413500000 211.0
OX637746.1 413500000 414000000 210.6589
OX637746.1 414000000 414500000 210.0
OX637746.1 414500000 415000000 210.0
OX637746.1 415000000 415500000 210.0
OX637746.1 415500000 416000000 209.64428
OX637746.1 416000000 416500000 208.05267
OX637746.1 416500000 417000000 206.83176
OX637746.1 417000000 417500000 205.916
OX637746.1 417500000 418000000 205.00038
OX637746.1 418000000 418500000 203.90594
OX637746.1 418500000 419000000 203.0
OX637746.1 419000000 419500000 203.0
OX637746.1 419500000 420000000 202.96826
OX637746.1 420000000 420500000 202.0
OX637746.1 420500000 421000000 202.0
OX637746.1 421000000 421500000 202.0
OX637746.1 421500000 422000000 201.85232
OX637746.1 422000000 422500000 201.00149
OX637746.1 422500000 423000000 200.04994
OX637746.1 423000000 423500000 198.89162
OX637746.1 423500000 424000000 197.43669
OX637746.1 424000000 424500000 196.21158
OX637746.1 424500000 425000000 194.0
OX637746.1 425000000 425500000 194.0
OX637746.1 425500000 426000000 193.12073
OX637746.1 426000000 426500000 192.0
OX637746.1 426500000 427000000 191.00586
OX637746.1 427000000 427500000 191.0
OX637746.1 427500000 428000000 188.87462
OX637746.1 428000000 428500000 187.39305
OX637746.1 428500000 429000000 185.42878
OX637746.1 429000000 429500000 185.0
OX637746.1 429500000 430000000 184.4476
OX637746.1 430000000 430500000 183.0
OX637746.1 430500000 431000000 182.12346
OX637746.1 431000000 431500000 181.21979
OX637746.1 431500000 432000000 181.0
OX637746.1 432000000 432500000 181.0
OX637746.1 432500000 433000000 181.0
OX637746.1 433000000 433500000 179.6698
OX637746.1 433500000 434000000 178.4102
OX637746.1 434000000 434500000 175.89435
OX637746.1 434500000 435000000 174.71052
OX637746.1 435000000 435500000 174.0
OX637746.1 435500000 436000000 174.0
OX637746.1 436000000 436500000 172.6367
OX637746.1 436500000 437000000 172.0
OX637746.1 437000000 437500000 170.90126
OX637746.1 437500000 438000000 168.2636
OX637746.1 438000000 438500000 168.0
OX637746.1 438500000 439000000 167.58349
OX637746.1 439000000 439500000 165.0232
OX637746.1 439500000 440000000 164.53813
OX637746.1 440000000 440500000 163.0
OX637746.1 440500000 441000000 163.0
OX637746.1 441000000 441500000 160.95154
OX637746.1 441500000 442000000 160.0
OX637746.1 442000000 442500000 159.08936
OX637746.1 442500000 443000000 159.0
OX637746.1 443000000 443500000 158.43465
OX637746.1 443500000 444000000 157.83895
OX637746.1 444000000 444500000 157.0
OX637746.1 444500000 445000000 155.89158
OX637746.1 445000000 445500000 154.0
OX637746.1 445500000 446000000 153.09852
OX637746.1 446000000 446500000 149.65823
OX637746.1 446500000 447000000 148.0
OX637746.1 447000000 447500000 145.61205
OX637746.1 447500000 448000000 143.0
OX637746.1 448000000 448500000 143.0
OX637746.1 448500000 449000000 142.76834
OX637746.1 449000000 449500000 141.60981
OX637746.1 449500000 450000000 140.0
OX637746.1 450000000 450500000 139.50801
OX637746.1 450500000 451000000 139.0
OX637746.1 451000000 451500000 138.74681
OX637746.1 451500000 452000000 137.85977
OX637746.1 452000000 452500000 136.97623
OX637746.1 452500000 453000000 135.06307
OX637746.1 453000000 453500000 134.80689
OX637746.1 453500000 454000000 133.91948
OX637746.1 454000000 454500000 131.41102
OX637746.1 454500000 455000000 130.67893
OX637746.1 455000000 455500000 129.48073
OX637746.1 455500000 456000000 127.22783
OX637746.1 456000000 456500000 124.94848
OX637746.1 456500000 457000000 121.56589
OX637746.1 457000000 457500000 117.9027
OX637746.1 457500000 458000000 116.0
OX637746.1 458000000 458500000 115.81996
OX637746.1 458500000 459000000 112.94816
OX637746.1 459000000 459500000 106.97409
OX637746.1 459500000 460000000 98.95839
OX637746.1 460000000 460500000 96.10514
OX637746.1 460500000 461000000 94.30184
OX637746.1 461000000 461500000 90.8593
OX637746.1 461500000 462000000 89.0
OX637746.1 462000000 462500000 86.28813
OX637746.1 462500000 463000000 80.0
OX637746.1 463000000 463500000 77.22095
OX637746.1 463500000 464000000 69.9272
OX637746.1 464000000 464500000 66.52562
OX637746.1 464500000 465000000 62.0
OX637746.1 465000000 465500000 59.71024
OX637746.1 465500000 466000000 54.92503
OX637746.1 466000000 466500000 47.82895
OX637746.1 466500000 467000000 40.17707
OX637746.1 467000000 467500000 35.0
OX637746.1 467500000 468000000 34.04914
OX637746.1 468000000 468500000 30.82258
OX637746.1 468500000 469000000 24.99975
OX637746.1 469000000 469500000 21.5696
OX637746.1 469500000 470000000 16.40437
OX637746.1 470000000 470500000 14.0
OX637746.1 470500000 471000000 14.0
OX637746.1 471000000 471500000 12.95072
OX637746.1 471500000 472000000 7.84323
OX637746.1 472000000 472500000 7.0
OX637746.1 472500000 473000000 6.41788
OX637746.1 473000000 473455622 2.85274
OX637753.1 0 500000 0.98547
OX637753.1 500000 1000000 9.61717
OX637753.1 1000000 1500000 14.93579
OX637753.1 1500000 2000000 17.44479
OX637753.1 2000000 2500000 21.82923
OX637753.1 2500000 3000000 30.45624
OX637753.1 3000000 3500000 32.0
OX637753.1 3500000 4000000 33.12985
OX637753.1 4000000 4500000 38.60643
OX637753.1 4500000 5000000 47.80467
OX637753.1 5000000 5500000 56.72273
OX637753.1 5500000 6000000 61.35965
OX637753.1 6000000 6500000 64.37006
OX637753.1 6500000 7000000 68.76814
OX637753.1 7000000 7500000 74.13901
OX637753.1 7500000 8000000 78.87217
OX637753.1 8000000 8500000 81.47845
OX637753.1 8500000 9000000 86.98002
OX637753.1 9000000 9500000 89.89606
OX637753.1 9500000 10000000 90.91456
OX637753.1 10000000 10500000 94.9343
OX637753.1 10500000 11000000 96.26136
OX637753.1 11000000 11500000 97.96128
OX637753.1 11500000 12000000 101.4594
OX637753.1 12000000 12500000 103.0
OX637753.1 12500000 13000000 103.71274
OX637753.1 13000000 13500000 106.35362
OX637753.1 13500000 14000000 109.50773
OX637753.1 14000000 14500000 112.44622
OX637753.1 14500000 15000000 114.0
OX637753.1 15000000 15500000 116.50238
OX637753.1 15500000 16000000 119.80906
OX637753.1 16000000 16500000 120.37484
OX637753.1 16500000 17000000 124.17041
OX637753.1 17000000 17500000 126.99881
OX637753.1 17500000 18000000 128.0
OX637753.1 18000000 18500000 130.2894
OX637753.1 18500000 19000000 133.07316
OX637753.1 19000000 19500000 135.84155
OX637753.1 19500000 20000000 138.94392
OX637753.1 20000000 20500000 140.26897
OX637753.1 20500000 21000000 142.0
OX637753.1 21000000 21500000 142.0
OX637753.1 21500000 22000000 142.0
OX637753.1 22000000 22500000 142.0
OX637753.1 22500000 23000000 142.65936
OX637753.1 23000000 23500000 145.10044
OX637753.1 23500000 24000000 146.83064
OX637753.1 24000000 24500000 150.05218
OX637753.1 24500000 25000000 153.0
OX637753.1 25000000 25500000 155.61914
OX637753.1 25500000 26000000 156.0
OX637753.1 26000000 26500000 156.35617
OX637753.1 26500000 27000000 158.76743
OX637753.1 27000000 27500000 159.29165
OX637753.1 27500000 28000000 160.0
OX637753.1 28000000 28500000 160.00019
OX637753.1 28500000 29000000 160.0
OX637753.1 29000000 29500000 160.33962
OX637753.1 29500000 30000000 162.0
OX637753.1 30000000 30500000 162.0
OX637753.1 30500000 31000000 163.26128
OX637753.1 31000000 31500000 165.03359
OX637753.1 31500000 32000000 166.64634
OX637753.1 32000000 32500000 167.0
OX637753.1 32500000 33000000 167.0
OX637753.1 33000000 33500000 167.9964
OX637753.1 33500000 34000000 168.0
OX637753.1 34000000 34500000 168.0
OX637753.1 34500000 35000000 168.0
OX637753.1 35000000 35500000 168.0
OX637753.1 35500000 36000000 168.0
OX637753.1 36000000 36500000 168.0
OX637753.1 36500000 37000000 168.61605
OX637753.1 37000000 37500000 169.0
OX637753.1 37500000 38000000 169.94391
OX637753.1 38000000 38500000 170.0
OX637753.1 38500000 39000000 170.0
OX637753.1 39000000 39500000 170.0
OX637753.1 39500000 40000000 170.0
OX637753.1 40000000 40500000 170.0
OX637753.1 40500000 41000000 170.0
OX637753.1 41000000 41500000 170.63859
OX637753.1 41500000 42000000 172.17514
OX637753.1 42000000 42500000 174.0
OX637753.1 42500000 43000000 174.0
OX637753.1 43000000 43500000 174.0
OX637753.1 43500000 44000000 174.76144
OX637753.1 44000000 44500000 175.00045
OX637753.1 44500000 45000000 175.0
OX637753.1 45000000 45500000 176.56677
OX637753.1 45500000 46000000 177.0
OX637753.1 46000000 46500000 177.01846
OX637753.1 46500000 47000000 178.0
OX637753.1 47000000 47500000 178.0
OX637753.1 47500000 48000000 178.0
OX637753.1 48000000 48500000 178.0
OX637753.1 48500000 49000000 178.0
OX637753.1 49000000 49500000 178.0
OX637753.1 49500000 50000000 178.0
OX637753.1 50000000 50500000 178.0
OX637753.1 50500000 51000000 178.0
OX637753.1 51000000 51500000 178.0
OX637753.1 51500000 52000000 178.0
OX637753.1 52000000 52500000 178.0
OX637753.1 52500000 53000000 178.0
OX637753.1 53000000 53500000 178.0
OX637753.1 53500000 54000000 178.89556
OX637753.1 54000000 54500000 179.0
OX637753.1 54500000 55000000 179.0
OX637753.1 55000000 55500000 179.79595
OX637753.1 55500000 56000000 180.0
OX637753.1 56000000 56500000 180.04803
OX637753.1 56500000 57000000 181.0
OX637753.1 57000000 57500000 181.0
OX637753.1 57500000 58000000 181.00075
OX637753.1 58000000 58500000 181.39987
OX637753.1 58500000 59000000 182.0
OX637753.1 59000000 59500000 182.0
OX637753.1 59500000 60000000 182.0
OX637753.1 60000000 60500000 182.0
OX637753.1 60500000 61000000 182.0
OX637753.1 61000000 61500000 182.0
OX637753.1 61500000 62000000 182.09817
OX637753.1 62000000 62500000 183.0
OX637753.1 62500000 63000000 183.0
OX637753.1 63000000 63500000 183.0
OX637753.1 63500000 64000000 183.0
OX637753.1 64000000 64500000 183.0
OX637753.1 64500000 65000000 183.0
OX637753.1 65000000 65500000 183.0
OX637753.1 65500000 66000000 183.0
OX637753.1 66000000 66500000 183.0
OX637753.1 66500000 67000000 183.0
OX637753.1 67000000 67500000 183.19895
OX637753.1 67500000 68000000 184.0
OX637753.1 68000000 68500000 184.0
OX637753.1 68500000 69000000 184.0
OX637753.1 69000000 69500000 184.0
OX637753.1 69500000 70000000 184.0
OX637753.1 70000000 70500000 184.0
OX637753.1 70500000 71000000 184.00037
OX637753.1 71000000 71500000 184.0
OX637753.1 71500000 72000000 184.0
OX637753.1 72000000 72500000 184.0
OX637753.1 72500000 73000000 184.0
OX637753.1 73000000 73500000 184.0
OX637753.1 73500000 74000000 184.28953
OX637753.1 74000000 74500000 185.0
OX637753.1 74500000 75000000 185.0
OX637753.1 75000000 75500000 185.0
OX637753.1 75500000 76000000 185.0
OX637753.1 76000000 76500000 185.0
OX637753.1 76500000 77000000 185.0
OX637753.1 77000000 77500000 185.0
OX637753.1 77500000 78000000 185.0
OX637753.1 78000000 78500000 185.0
OX637753.1 78500000 79000000 185.0
OX637753.1 79000000 79500000 185.05626
OX637753.1 79500000 80000000 186.0
OX637753.1 80000000 80500000 186.0
OX637753.1 80500000 81000000 186.44914
OX637753.1 81000000 81500000 187.12466
OX637753.1 81500000 82000000 188.0
OX637753.1 82000000 82500000 188.0
OX637753.1 82500000 83000000 188.7128
OX637753.1 83000000 83500000 189.0
OX637753.1 83500000 84000000 189.0
OX637753.1 84000000 84500000 189.12027
OX637753.1 84500000 85000000 190.98176
OX637753.1 85000000 85500000 191.30077
OX637753.1 85500000 86000000 192.0
OX637753.1 86000000 86500000 192.20272
OX637753.1 86500000 87000000 193.0
OX637753.1 87000000 87500000 193.0
OX637753.1 87500000 88000000 193.0
OX637753.1 88000000 88500000 193.0
OX637753.1 88500000 89000000 193.0
OX637753.1 89000000 89500000 193.0
OX637753.1 89500000 90000000 193.0
OX637753.1 90000000 90500000 193.62236
OX637753.1 90500000 91000000 194.0
OX637753.1 91000000 91500000 194.0
OX637753.1 91500000 92000000 194.00059
OX637753.1 92000000 92500000 194.0
OX637753.1 92500000 93000000 194.0
OX637753.1 93000000 93500000 194.14019
OX637753.1 93500000 94000000 195.0
OX637753.1 94000000 94500000 195.0
OX637753.1 94500000 95000000 195.02147
OX637753.1 95000000 95500000 196.0
OX637753.1 95500000 96000000 196.0
OX637753.1 96000000 96500000 196.0
OX637753.1 96500000 97000000 196.65199
OX637753.1 97000000 97500000 197.0
OX637753.1 97500000 98000000 197.0
OX637753.1 98000000 98500000 197.0
OX637753.1 98500000 99000000 197.13005
OX637753.1 99000000 99500000 198.0
OX637753.1 99500000 100000000 198.0
OX637753.1 100000000 100500000 198.0
OX637753.1 100500000 101000000 198.0
OX637753.1 101000000 101500000 198.0
OX637753.1 101500000 102000000 198.0
OX637753.1 102000000 102500000 198.91986
OX637753.1 102500000 103000000 199.0
OX637753.1 103000000 103500000 199.04386
OX637753.1 103500000 104000000 200.61298
OX637753.1 104000000 104500000 201.00107
OX637753.1 104500000 105000000 201.44081
OX637753.1 105000000 105500000 202.0
OX637753.1 105500000 106000000 202.0
OX637753.1 106000000 106500000 202.91479
OX637753.1 106500000 107000000 203.001
OX637753.1 107000000 107500000 203.0
OX637753.1 107500000 108000000 203.0
OX637753.1 108000000 108500000 203.0
OX637753.1 108500000 109000000 203.0
OX637753.1 109000000 109500000 203.31365
OX637753.1 109500000 110000000 204.0
OX637753.1 110000000 110500000 204.0
OX637753.1 110500000 111000000 204.1808
OX637753.1 111000000 111500000 205.35776
OX637753.1 111500000 112000000 206.0
OX637753.1 112000000 112500000 206.0
OX637753.1 112500000 113000000 206.0
OX637753.1 113000000 113500000 206.67696
OX637753.1 113500000 114000000 207.0
OX637753.1 114000000 114500000 207.0
OX637753.1 114500000 115000000 207.0
OX637753.1 115000000 115500000 207.0
OX637753.1 115500000 116000000 207.0
OX637753.1 116000000 116500000 207.22224
OX637753.1 116500000 117000000 207.0
OX637753.1 117000000 117500000 207.0
OX637753.1 117500000 118000000 207.0
OX637753.1 118000000 118500000 207.0
OX637753.1 118500000 119000000 207.0
OX637753.1 119000000 119500000 207.0
OX637753.1 119500000 120000000 207.0
OX637753.1 120000000 120500000 207.0
OX637753.1 120500000 121000000 207.0
OX637753.1 121000000 121500000 207.0
OX637753.1 121500000 122000000 207.00021
OX637753.1 122000000 122500000 207.0
OX637753.1 122500000 123000000 207.0
OX637753.1 123000000 123500000 207.0
OX637753.1 123500000 124000000 207.0
OX637753.1 124000000 124500000 207.0
OX637753.1 124500000 125000000 207.0
OX637753.1 125000000 125500000 207.0
OX637753.1 125500000 126000000 207.0
OX637753.1 126000000 126500000 207.0
OX637753.1 126500000 127000000 207.0
OX637753.1 127000000 127500000 207.0
OX637753.1 127500000 128000000 207.0
OX637753.1 128000000 128500000 207.0
OX637753.1 128500000 129000000 207.0
OX637753.1 129000000 129500000 207.0
OX637753.1 129500000 130000000 207.40374
OX637753.1 130000000 130500000 208.0
OX637753.1 130500000 131000000 208.0
OX637753.1 131000000 131500000 208.0
OX637753.1 131500000 132000000 208.0
OX637753.1 132000000 132500000 208.00068
OX637753.1 132500000 133000000 208.0
OX637753.1 133000000 133500000 208.0
OX637753.1 133500000 134000000 209.23245
OX637753.1 134000000 134500000 210.0
OX637753.1 134500000 135000000 210.00029
OX637753.1 135000000 135500000 210.0
OX637753.1 135500000 136000000 210.0
OX637753.1 136000000 136500000 210.0
OX637753.1 136500000 137000000 210.0
OX637753.1 137000000 137500000 210.0
OX637753.1 137500000 138000000 210.6033
OX637753.1 138000000 138500000 211.0
OX637753.1 138500000 139000000 211.0
OX637753.1 139000000 139500000 211.0
OX637753.1 139500000 140000000 211.0
OX637753.1 140000000 140500000 211.00018
OX637753.1 140500000 141000000 211.0
OX637753.1 141000000 141500000 211.0
OX637753.1 141500000 142000000 211.0
OX637753.1 142000000 142500000 211.0
OX637753.1 142500000 143000000 211.0
OX637753.1 143000000 143500000 211.0
OX637753.1 143500000 144000000 211.0
OX637753.1 144000000 144500000 211.80174
OX637753.1 144500000 145000000 212.0
OX637753.1 145000000 145500000 212.0
OX637753.1 145500000 146000000 212.0
OX637753.1 146000000 146500000 212.0
OX637753.1 146500000 147000000 212.0
OX637753.1 147000000 147500000 212.0
OX637753.1 147500000 148000000 212.0
OX637753.1 148000000 148500000 212.0
OX637753.1 148500000 149000000 212.0
OX637753.1 149000000 149500000 212.0
OX637753.1 149500000 150000000 212.59523
OX637753.1 150000000 150500000 213.0
OX637753.1 150500000 151000000 213.0
OX637753.1 151000000 151500000 213.0
OX637753.1 151500000 152000000 213.0
OX637753.1 152000000 152500000 213.0
OX637753.1 152500000 153000000 213.0
OX637753.1 153000000 153500000 213.0
OX637753.1 153500000 154000000 213.56299
OX637753.1 154000000 154500000 214.0
OX637753.1 154500000 155000000 214.0
OX637753.1 155000000 155500000 214.0
OX637753.1 155500000 156000000 214.0
OX637753.1 156000000 156500000 214.0
OX637753.1 156500000 157000000 214.0
OX637753.1 157000000 157500000 214.0
OX637753.1 157500000 158000000 214.0
OX637753.1 158000000 158500000 214.0
OX637753.1 158500000 159000000 214.88791
OX637753.1 159000000 159500000 215.0
OX637753.1 159500000 160000000 215.7952
OX637753.1 160000000 160500000 216.0
OX637753.1 160500000 161000000 216.0
OX637753.1 161000000 161500000 216.57321
OX637753.1 161500000 162000000 218.65821
OX637753.1 162000000 162500000 219.0
OX637753.1 162500000 163000000 219.0
OX637753.1 163000000 163500000 219.0
OX637753.1 163500000 164000000 219.0
OX637753.1 164000000 164500000 219.7047
OX637753.1 164500000 165000000 220.0
OX637753.1 165000000 165500000 220.00034
OX637753.1 165500000 166000000 220.0
OX637753.1 166000000 166500000 220.0
OX637753.1 166500000 167000000 220.0
OX637753.1 167000000 167500000 220.0
OX637753.1 167500000 168000000 220.0
OX637753.1 168000000 168500000 220.0
OX637753.1 168500000 169000000 220.0
OX637753.1 169000000 169500000 220.0
OX637753.1 169500000 170000000 220.78796
OX637753.1 170000000 170500000 221.0
OX637753.1 170500000 171000000 221.0
OX637753.1 171000000 171500000 221.0
OX637753.1 171500000 172000000 221.00028
OX637753.1 172000000 172500000 221.92483
OX637753.1 172500000 173000000 222.0
OX637753.1 173000000 173500000 222.0
OX637753.1 173500000 174000000 222.0
OX637753.1 174000000 174500000 222.0
OX637753.1 174500000 175000000 222.0
OX637753.1 175000000 175500000 222.0
OX637753.1 175500000 176000000 222.0
OX637753.1 176000000 176500000 222.28441
OX637753.1 176500000 177000000 223.0
OX637753.1 177000000 177500000 223.27642
OX637753.1 177500000 178000000 224.0
OX637753.1 178000000 178500000 224.0
OX637753.1 178500000 179000000 224.0
OX637753.1 179000000 179500000 224.0
OX637753.1 179500000 180000000 224.0
OX637753.1 180000000 180500000 224.00141
OX637753.1 180500000 181000000 224.0
OX637753.1 181000000 181500000 224.0
OX637753.1 181500000 182000000 224.0
OX637753.1 182000000 182500000 224.51812
OX637753.1 182500000 183000000 225.0
OX637753.1 183000000 183500000 225.0
OX637753.1 183500000 184000000 225.0
OX637753.1 184000000 184500000 225.0
OX637753.1 184500000 185000000 225.0
OX637753.1 185000000 185500000 225.00034
OX637753.1 185500000 186000000 225.69167
OX637753.1 186000000 186500000 226.0
OX637753.1 186500000 187000000 228.38676
OX637753.1 187000000 187500000 229.0
OX637753.1 187500000 188000000 229.0
OX637753.1 188000000 188500000 229.0
OX637753.1 188500000 189000000 229.43114
OX637753.1 189000000 189500000 231.0
OX637753.1 189500000 190000000 231.0
OX637753.1 190000000 190500000 231.0
OX637753.1 190500000 191000000 231.55061
OX637753.1 191000000 191500000 232.0
OX637753.1 191500000 192000000 232.0
OX637753.1 192000000 192500000 232.0
OX637753.1 192500000 193000000 232.0
OX637753.1 193000000 193500000 232.0
OX637753.1 193500000 194000000 232.0
OX637753.1 194000000 194500000 232.0
OX637753.1 194500000 195000000 232.74491
OX637753.1 195000000 195500000 233.0
OX637753.1 195500000 196000000 233.0
OX637753.1 196000000 196500000 233.0
OX637753.1 196500000 197000000 233.0
OX637753.1 197000000 197500000 233.0
OX637753.1 197500000 198000000 233.0
OX637753.1 198000000 198500000 232.31331
OX637753.1 198500000 199000000 232.0
OX637753.1 199000000 199500000 232.0
OX637753.1 199500000 200000000 232.0
OX637753.1 200000000 200500000 232.0
OX637753.1 200500000 201000000 232.0
OX637753.1 201000000 201500000 232.0
OX637753.1 201500000 202000000 232.0
OX637753.1 202000000 202500000 232.0
OX637753.1 202500000 203000000 232.0
OX637753.1 203000000 203500000 232.0
OX637753.1 203500000 204000000 233.82436
OX637753.1 204000000 204500000 234.0
OX637753.1 204500000 205000000 234.0
OX637753.1 205000000 205500000 234.50104
OX637753.1 205500000 206000000 235.56916
OX637753.1 206000000 206500000 236.0
OX637753.1 206500000 207000000 236.45591
OX637753.1 207000000 207500000 236.00107
OX637753.1 207500000 208000000 236.65347
OX637753.1 208000000 208500000 237.0
OX637753.1 208500000 209000000 237.0
OX637753.1 209000000 209500000 237.0
OX637753.1 209500000 210000000 237.0
OX637753.1 210000000 210500000 237.0
OX637753.1 210500000 211000000 237.79616
OX637753.1 211000000 211500000 239.2501
OX637753.1 211500000 212000000 240.3095
OX637753.1 212000000 212500000 241.85857
OX637753.1 212500000 213000000 243.0
OX637753.1 213000000 213500000 243.0
OX637753.1 213500000 214000000 243.34166
OX637753.1 214000000 214500000 244.0
OX637753.1 214500000 215000000 244.0
OX637753.1 215000000 215500000 244.35535
OX637753.1 215500000 216000000 245.11682
OX637753.1 216000000 216500000 246.0
OX637753.1 216500000 217000000 246.0
OX637753.1 217000000 217500000 246.0
OX637753.1 217500000 218000000 246.20055
OX637753.1 218000000 218500000 247.0
OX637753.1 218500000 219000000 247.00088
OX637753.1 219000000 219500000 247.0
OX637753.1 219500000 220000000 247.0
OX637753.1 220000000 220500000 247.79251
OX637753.1 220500000 221000000 248.0
OX637753.1 221000000 221500000 248.0
OX637753.1 221500000 222000000 248.0
OX637753.1 222000000 222500000 248.0
OX637753.1 222500000 223000000 248.20084
OX637753.1 223000000 223500000 249.82429
OX637753.1 223500000 224000000 250.00017
OX637753.1 224000000 224500000 250.0
OX637753.1 224500000 225000000 251.63391
OX637753.1 225000000 225500000 252.0
OX637753.1 225500000 226000000 252.00034
OX637753.1 226000000 226500000 252.8741
OX637753.1 226500000 227000000 253.0
OX637753.1 227000000 227500000 253.0
OX637753.1 227500000 228000000 253.33611
OX637753.1 228000000 228500000 254.0
OX637753.1 228500000 229000000 254.0
OX637753.1 229000000 229500000 254.0
OX637753.1 229500000 230000000 254.0
OX637753.1 230000000 230500000 254.0696
OX637753.1 230500000 231000000 255.12055
OX637753.1 231000000 231500000 256.0
OX637753.1 231500000 232000000 256.19688
OX637753.1 232000000 232500000 257.0
OX637753.1 232500000 233000000 257.0
OX637753.1 233000000 233500000 257.0
OX637753.1 233500000 234000000 257.0
OX637753.1 234000000 234500000 257.0
OX637753.1 234500000 235000000 257.57932
OX637753.1 235000000 235500000 258.0
OX637753.1 235500000 236000000 258.0
OX637753.1 236000000 236500000 258.0
OX637753.1 236500000 237000000 258.0
OX637753.1 237000000 237500000 258.0
OX637753.1 237500000 238000000 257.31874
OX637753.1 238000000 238500000 257.0
OX637753.1 238500000 239000000 257.0
OX637753.1 239000000 239500000 257.0
OX637753.1 239500000 240000000 257.5492
OX637753.1 240000000 240500000 258.70111
OX637753.1 240500000 241000000 259.0
OX637753.1 241000000 241500000 259.0
OX637753.1 241500000 242000000 258.28271
OX637753.1 242000000 242500000 258.37831
OX637753.1 242500000 243000000 259.46997
OX637753.1 243000000 243500000 261.41317
OX637753.1 243500000 244000000 262.00056
OX637753.1 244000000 244500000 262.0
OX637753.1 244500000 245000000 262.0
OX637753.1 245000000 245500000 262.0
OX637753.1 245500000 246000000 262.0
OX637753.1 246000000 246500000 262.0
OX637753.1 246500000 247000000 263.3093
OX637753.1 247000000 247500000 264.0
OX637753.1 247500000 248000000 264.0
OX637753.1 248000000 248500000 264.0
OX637753.1 248500000 249000000 263.96987
OX637753.1 249000000 249500000 263.89946
OX637753.1 249500000 250000000 265.0
OX637753.1 250000000 250500000 266.74459
OX637753.1 250500000 251000000 267.0
OX637753.1 251000000 251500000 267.39007
OX637753.1 251500000 252000000 268.0
OX637753.1 252000000 252500000 268.0
OX637753.1 252500000 253000000 268.0
OX637753.1 253000000 253500000 268.01247
OX637753.1 253500000 254000000 270.90944
OX637753.1 254000000 254500000 271.32165
OX637753.1 254500000 255000000 272.96358
OX637753.1 255000000 255500000 273.87633
OX637753.1 255500000 256000000 274.0
OX637753.1 256000000 256500000 274.00103
OX637753.1 256500000 257000000 275.59245
OX637753.1 257000000 257500000 276.00039
OX637753.1 257500000 258000000 276.0
OX637753.1 258000000 258500000 276.0
OX637753.1 258500000 259000000 276.0
OX637753.1 259000000 259500000 276.0
OX637753.1 259500000 260000000 276.0
OX637753.1 260000000 260500000 276.0
OX637753.1 260500000 261000000 276.0
OX637753.1 261000000 261500000 276.96601
OX637753.1 261500000 262000000 277.0
OX637753.1 262000000 262500000 277.0
OX637753.1 262500000 263000000 277.0
OX637753.1 263000000 263500000 277.0
OX637753.1 263500000 264000000 277.0
OX637753.1 264000000 264500000 277.0
OX637753.1 264500000 265000000 277.0
OX637753.1 265000000 265500000 277.0
OX637753.1 265500000 266000000 277.0
OX637753.1 266000000 266500000 277.0
OX637753.1 266500000 267000000 277.0
OX637753.1 267000000 267500000 277.0
OX637753.1 267500000 268000000 277.0
OX637753.1 268000000 268500000 277.0
OX637753.1 268500000 269000000 277.96409
OX637753.1 269000000 269500000 277.40756
OX637753.1 269500000 270000000 277.0
OX637753.1 270000000 270500000 277.20589
OX637753.1 270500000 271000000 277.48198
OX637753.1 271000000 271500000 277.0
OX637753.1 271500000 272000000 277.58136
OX637753.1 272000000 272500000 278.00018
OX637753.1 272500000 273000000 278.0
OX637753.1 273000000 273500000 278.00117
OX637753.1 273500000 274000000 278.00071
OX637753.1 274000000 274500000 278.0
OX637753.1 274500000 275000000 277.44921
OX637753.1 275000000 275500000 277.0
OX637753.1 275500000 276000000 277.0
OX637753.1 276000000 276500000 277.41867
OX637753.1 276500000 277000000 278.8944
OX637753.1 277000000 277500000 279.4892
OX637753.1 277500000 278000000 280.0
OX637753.1 278000000 278500000 280.0
OX637753.1 278500000 279000000 280.04771
OX637753.1 279000000 279500000 281.75499
OX637753.1 279500000 280000000 282.20862
OX637753.1 280000000 280500000 283.00039
OX637753.1 280500000 281000000 282.11086
OX637753.1 281000000 281500000 281.00073
OX637753.1 281500000 282000000 281.00118
OX637753.1 282000000 282500000 281.0
OX637753.1 282500000 283000000 281.0005
OX637753.1 283000000 283500000 281.0
OX637753.1 283500000 284000000 281.0
OX637753.1 284000000 284500000 282.44616
OX637753.1 284500000 285000000 283.0
OX637753.1 285000000 285500000 283.0
OX637753.1 285500000 286000000 283.0
OX637753.1 286000000 286500000 283.83174
OX637753.1 286500000 287000000 284.24329
OX637753.1 287000000 287500000 285.00043
OX637753.1 287500000 288000000 285.0
OX637753.1 288000000 288500000 285.0
OX637753.1 288500000 289000000 285.0
OX637753.1 289000000 289500000 285.0
OX637753.1 289500000 290000000 285.0
OX637753.1 290000000 290500000 285.83755
OX637753.1 290500000 291000000 286.0
OX637753.1 291000000 291500000 286.0
OX637753.1 291500000 292000000 286.07054
OX637753.1 292000000 292500000 287.0
OX637753.1 292500000 293000000 288.11256
OX637753.1 293000000 293500000 288.0
OX637753.1 293500000 294000000 288.0
OX637753.1 294000000 294500000 288.0
OX637753.1 294500000 295000000 288.0
OX637753.1 295000000 295500000 288.0
OX637753.1 295500000 296000000 288.0
OX637753.1 296000000 296500000 288.0
OX637753.1 296500000 297000000 287.7319
OX637753.1 297000000 297500000 287.0
OX637753.1 297500000 298000000 287.41048
OX637753.1 298000000 298500000 287.85829
OX637753.1 298500000 299000000 287.0
OX637753.1 299000000 299500000 287.0
OX637753.1 299500000 300000000 287.53123
OX637753.1 300000000 300500000 288.70944
OX637753.1 300500000 301000000 288.71931
OX637753.1 301000000 301500000 289.32438
OX637753.1 301500000 302000000 290.0
OX637753.1 302000000 302500000 290.0
OX637753.1 302500000 303000000 290.0
OX637753.1 303000000 303500000 290.0
OX637753.1 303500000 304000000 290.0
OX637753.1 304000000 304500000 289.46162
OX637753.1 304500000 305000000 289.0
OX637753.1 305000000 305500000 289.0
OX637753.1 305500000 306000000 289.0
OX637753.1 306000000 306500000 289.0
OX637753.1 306500000 307000000 289.0
OX637753.1 307000000 307500000 288.7383
OX637753.1 307500000 308000000 288.0
OX637753.1 308000000 308500000 288.0
OX637753.1 308500000 309000000 288.72726
OX637753.1 309000000 309500000 289.00032
OX637753.1 309500000 310000000 289.74414
OX637753.1 310000000 310500000 290.52773
OX637753.1 310500000 311000000 291.001
OX637753.1 311000000 311500000 291.71017
OX637753.1 311500000 312000000 293.9307
OX637753.1 312000000 312500000 294.0
OX637753.1 312500000 313000000 294.0
OX637753.1 313000000 313500000 294.27757
OX637753.1 313500000 314000000 295.0
OX637753.1 314000000 314500000 295.0
OX637753.1 314500000 315000000 295.0
OX637753.1 315000000 315500000 295.0
OX637753.1 315500000 316000000 295.0
OX637753.1 316000000 316500000 295.0
OX637753.1 316500000 317000000 295.72799
OX637753.1 317000000 317500000 296.0
OX637753.1 317500000 318000000 296.52555
OX637753.1 318000000 318500000 297.0
OX637753.1 318500000 319000000 297.5076
OX637753.1 319000000 319500000 298.0
OX637753.1 319500000 320000000 298.00062
OX637753.1 320000000 320500000 298.00094
OX637753.1 320500000 321000000 298.0
OX637753.1 321000000 321500000 298.0
OX637753.1 321500000 322000000 298.0
OX637753.1 322000000 322500000 298.00097
OX637753.1 322500000 323000000 299.13771
OX637753.1 323000000 323500000 300.42268
OX637753.1 323500000 324000000 301.74598
OX637753.1 324000000 324500000 302.0
OX637753.1 324500000 325000000 302.0
OX637753.1 325000000 325500000 302.0
OX637753.1 325500000 326000000 302.0
OX637753.1 326000000 326500000 302.0
OX637753.1 326500000 327000000 302.0
OX637753.1 327000000 327500000 302.0
OX637753.1 327500000 328000000 302.0
OX637753.1 328000000 328500000 302.00062
OX637753.1 328500000 329000000 302.88282
OX637753.1 329000000 329500000 303.0
OX637753.1 329500000 330000000 303.60606
OX637753.1 330000000 330500000 304.03427
OX637753.1 330500000 331000000 304.30942
OX637753.1 331000000 331500000 304.0
OX637753.1 331500000 332000000 304.0
OX637753.1 332000000 332500000 304.98729
OX637753.1 332500000 333000000 304.01307
OX637753.1 333000000 333500000 304.0
OX637753.1 333500000 334000000 303.72514
OX637753.1 334000000 334500000 303.07715
OX637753.1 334500000 335000000 304.52522
OX637753.1 335000000 335500000 305.0
OX637753.1 335500000 336000000 305.0
OX637753.1 336000000 336500000 305.00105
OX637753.1 336500000 337000000 305.0
OX637753.1 337000000 337500000 305.0
OX637753.1 337500000 338000000 305.0
OX637753.1 338000000 338500000 305.85717
OX637753.1 338500000 339000000 306.0
OX637753.1 339000000 339500000 306.52155
OX637753.1 339500000 340000000 306.64693
OX637753.1 340000000 340500000 306.0
OX637753.1 340500000 341000000 306.0
OX637753.1 341000000 341500000 305.91338
OX637753.1 341500000 342000000 305.0
OX637753.1 342000000 342500000 305.00523
OX637753.1 342500000 343000000 305.55038
OX637753.1 343000000 343500000 306.00036
OX637753.1 343500000 344000000 306.73307
OX637753.1 344000000 344500000 306.00079
OX637753.1 344500000 345000000 306.0006
OX637753.1 345000000 345500000 306.00057
OX637753.1 345500000 346000000 306.96502
OX637753.1 346000000 346500000 309.5567
OX637753.1 346500000 347000000 310.0
OX637753.1 347000000 347500000 308.40501
OX637753.1 347500000 348000000 308.0
OX637753.1 348000000 348500000 307.76255
OX637753.1 348500000 349000000 307.0
OX637753.1 349000000 349500000 307.0
OX637753.1 349500000 350000000 307.0
OX637753.1 350000000 350500000 306.89944
OX637753.1 350500000 351000000 306.0
OX637753.1 351000000 351500000 306.36437
OX637753.1 351500000 352000000 307.0
OX637753.1 352000000 352500000 307.0
OX637753.1 352500000 353000000 307.00143
OX637753.1 353000000 353500000 307.60577
OX637753.1 353500000 354000000 308.50311
OX637753.1 354000000 354500000 308.0
OX637753.1 354500000 355000000 308.00099
OX637753.1 355000000 355500000 307.85559
OX637753.1 355500000 356000000 307.28432
OX637753.1 356000000 356500000 307.0
OX637753.1 356500000 357000000 307.87443
OX637753.1 357000000 357500000 307.60408
OX637753.1 357500000 358000000 307.0749
OX637753.1 358000000 358500000 307.10658
OX637753.1 358500000 359000000 307.0
OX637753.1 359000000 359500000 307.0
OX637753.1 359500000 360000000 308.09863
OX637753.1 360000000 360500000 309.00019
OX637753.1 360500000 361000000 308.24854
OX637753.1 361000000 361500000 307.5913
OX637753.1 361500000 362000000 307.0
OX637753.1 362000000 362500000 308.29926
OX637753.1 362500000 363000000 309.0
OX637753.1 363000000 363500000 309.04742
OX637753.1 363500000 364000000 309.0
OX637753.1 364000000 364500000 309.00102
OX637753.1 364500000 365000000 309.00016
OX637753.1 365000000 365500000 309.00065
OX637753.1 365500000 366000000 308.46763
OX637753.1 366000000 366500000 308.0
OX637753.1 366500000 367000000 308.0
OX637753.1 367000000 367500000 308.16096
OX637753.1 367500000 368000000 307.00079
OX637753.1 368000000 368500000 307.07257
OX637753.1 368500000 369000000 308.0
OX637753.1 369000000 369500000 308.7163
OX637753.1 369500000 370000000 306.36678
OX637753.1 370000000 370500000 306.0046
OX637753.1 370500000 371000000 306.0
OX637753.1 371000000 371500000 306.0
OX637753.1 371500000 372000000 306.0
OX637753.1 372000000 372500000 306.00068
OX637753.1 372500000 373000000 306.00037
OX637753.1 373000000 373500000 306.0
OX637753.1 373500000 374000000 306.0
OX637753.1 374000000 374500000 306.0
OX637753.1 374500000 375000000 306.0
OX637753.1 375000000 375500000 306.0
OX637753.1 375500000 376000000 305.32007
OX637753.1 376000000 376500000 305.0
OX637753.1 376500000 377000000 305.00021
OX637753.1 377000000 377500000 305.09443
OX637753.1 377500000 378000000 305.0
OX637753.1 378000000 378500000 305.0
OX637753.1 378500000 379000000 305.0
OX637753.1 379000000 379500000 304.40342
OX637753.1 379500000 380000000 302.73721
OX637753.1 380000000 380500000 302.0
OX637753.1 380500000 381000000 301.68124
OX637753.1 381000000 381500000 301.0
OX637753.1 381500000 382000000 301.00043
OX637753.1 382000000 382500000 301.00078
OX637753.1 382500000 383000000 300.44227
OX637753.1 383000000 383500000 299.57545
OX637753.1 383500000 384000000 299.0
OX637753.1 384000000 384500000 299.0
OX637753.1 384500000 385000000 299.0
OX637753.1 385000000 385500000 299.0
OX637753.1 385500000 386000000 299.0
OX637753.1 386000000 386500000 298.54625
OX637753.1 386500000 387000000 298.00078
OX637753.1 387000000 387500000 296.52034
OX637753.1 387500000 388000000 296.0
OX637753.1 388000000 388500000 296.0
OX637753.1 388500000 389000000 296.0
OX637753.1 389000000 389500000 296.0
OX637753.1 389500000 390000000 296.2795
OX637753.1 390000000 390500000 297.0
OX637753.1 390500000 391000000 296.98726
OX637753.1 391000000 391500000 296.0
OX637753.1 391500000 392000000 296.827
OX637753.1 392000000 392500000 296.88658
OX637753.1 392500000 393000000 295.77283
OX637753.1 393000000 393500000 295.0
OX637753.1 393500000 394000000 295.0
OX637753.1 394000000 394500000 295.00069
OX637753.1 394500000 395000000 295.0
OX637753.1 395000000 395500000 295.17694
OX637753.1 395500000 396000000 294.53515
OX637753.1 396000000 396500000 295.0
OX637753.1 396500000 397000000 295.0
OX637753.1 397000000 397500000 295.0
OX637753.1 397500000 398000000 295.0
OX637753.1 398000000 398500000 294.85439
OX637753.1 398500000 399000000 294.06698
OX637753.1 399000000 399500000 293.98165
OX637753.1 399500000 400000000 293.0
OX637753.1 400000000 400500000 293.0
OX637753.1 400500000 401000000 292.13973
OX637753.1 401000000 401500000 292.0
OX637753.1 401500000 402000000 292.0
OX637753.1 402000000 402500000 292.0
OX637753.1 402500000 403000000 291.66136
OX637753.1 403000000 403500000 291.0
OX637753.1 403500000 404000000 291.00094
OX637753.1 404000000 404500000 290.8912
OX637753.1 404500000 405000000 289.27631
OX637753.1 405000000 405500000 288.00094
OX637753.1 405500000 406000000 287.2807
OX637753.1 406000000 406500000 287.0
OX637753.1 406500000 407000000 287.0
OX637753.1 407000000 407500000 286.88731
OX637753.1 407500000 408000000 286.0
OX637753.1 408000000 408500000 286.51068
OX637753.1 408500000 409000000 287.0
OX637753.1 409000000 409500000 287.0
OX637753.1 409500000 410000000 287.38001
OX637753.1 410000000 410500000 288.0
OX637753.1 410500000 411000000 288.00069
OX637753.1 411000000 411500000 288.0
OX637753.1 411500000 412000000 287.76893
OX637753.1 412000000 412500000 287.00103
OX637753.1 412500000 413000000 286.39246
OX637753.1 413000000 413500000 285.26544
OX637753.1 413500000 414000000 285.0
OX637753.1 414000000 414500000 285.0
OX637753.1 414500000 415000000 285.0
OX637753.1 415000000 415500000 284.36258
OX637753.1 415500000 416000000 283.0
OX637753.1 416000000 416500000 283.0
OX637753.1 416500000 417000000 283.0
OX637753.1 417000000 417500000 282.41812
OX637753.1 417500000 418000000 281.01667
OX637753.1 418000000 418500000 280.4199
OX637753.1 418500000 419000000 280.29444
OX637753.1 419000000 419500000 281.0
OX637753.1 419500000 420000000 281.0
OX637753.1 420000000 420500000 281.00119
OX637753.1 420500000 421000000 281.00061
OX637753.1 421000000 421500000 281.0
OX637753.1 421500000 422000000 281.00052
OX637753.1 422000000 422500000 281.00068
OX637753.1 422500000 423000000 281.0
OX637753.1 423000000 423500000 281.0
OX637753.1 423500000 424000000 281.0
OX637753.1 424000000 424500000 279.21853
OX637753.1 424500000 425000000 274.76733
OX637753.1 425000000 425500000 273.71017
OX637753.1 425500000 426000000 273.0
OX637753.1 426000000 426500000 273.0
OX637753.1 426500000 427000000 273.0
OX637753.1 427000000 427500000 273.0
OX637753.1 427500000 428000000 273.0
OX637753.1 428000000 428500000 272.87409
OX637753.1 428500000 429000000 272.0
OX637753.1 429000000 429500000 272.0
OX637753.1 429500000 430000000 272.0
OX637753.1 430000000 430500000 272.00049
OX637753.1 430500000 431000000 271.95694
OX637753.1 431000000 431500000 271.0
OX637753.1 431500000 432000000 269.33267
OX637753.1 432000000 432500000 269.0
OX637753.1 432500000 433000000 269.00231
OX637753.1 433000000 433500000 269.0
OX637753.1 433500000 434000000 269.0
OX637753.1 434000000 434500000 269.0
OX637753.1 434500000 435000000 269.0
OX637753.1 435000000 435500000 268.39252
OX637753.1 435500000 436000000 267.0
OX637753.1 436000000 436500000 266.23883
OX637753.1 436500000 437000000 264.89148
OX637753.1 437000000 437500000 265.0
OX637753.1 437500000 438000000 265.0
OX637753.1 438000000 438500000 264.21981
OX637753.1 438500000 439000000 264.0
OX637753.1 439000000 439500000 263.90028
OX637753.1 439500000 440000000 261.64283
OX637753.1 440000000 440500000 261.0
OX637753.1 440500000 441000000 260.62248
OX637753.1 441000000 441500000 259.37645
OX637753.1 441500000 442000000 259.00199
OX637753.1 442000000 442500000 258.35166
OX637753.1 442500000 443000000 254.58776
OX637753.1 443000000 443500000 252.96451
OX637753.1 443500000 444000000 252.00035
OX637753.1 444000000 444500000 251.93582
OX637753.1 444500000 445000000 250.26275
OX637753.1 445000000 445500000 249.04789
OX637753.1 445500000 446000000 248.21872
OX637753.1 446000000 446500000 246.19631
OX637753.1 446500000 447000000 245.42636
OX637753.1 447000000 447500000 245.0
OX637753.1 447500000 448000000 245.00061
OX637753.1 448000000 448500000 244.10874
OX637753.1 448500000 449000000 243.0
OX637753.1 449000000 449500000 241.62267
OX637753.1 449500000 450000000 239.61128
OX637753.1 450000000 450500000 238.63733
OX637753.1 450500000 451000000 238.0
OX637753.1 451000000 451500000 238.00103
OX637753.1 451500000 452000000 237.3613
OX637753.1 452000000 452500000 234.64726
OX637753.1 452500000 453000000 234.0
OX637753.1 453000000 453500000 232.18488
OX637753.1 453500000 454000000 231.19366
OX637753.1 454000000 454500000 230.73407
OX637753.1 454500000 455000000 228.60034
OX637753.1 455000000 455500000 227.28427
OX637753.1 455500000 456000000 226.07767
OX637753.1 456000000 456500000 226.0
OX637753.1 456500000 457000000 225.82392
OX637753.1 457000000 457500000 224.74383
OX637753.1 457500000 458000000 222.36086
OX637753.1 458000000 458500000 222.00083
OX637753.1 458500000 459000000 221.00481
OX637753.1 459000000 459500000 219.64656
OX637753.1 459500000 460000000 217.72772
OX637753.1 460000000 460500000 214.89916
OX637753.1 460500000 461000000 212.53186
OX637753.1 461000000 461500000 212.0
OX637753.1 461500000 462000000 208.03536
OX637753.1 462000000 462500000 205.0
OX637753.1 462500000 463000000 203.57214
OX637753.1 463000000 463500000 200.36166
OX637753.1 463500000 464000000 198.2133
OX637753.1 464000000 464500000 197.31045
OX637753.1 464500000 465000000 197.96075
OX637753.1 465000000 465500000 196.76802
OX637753.1 465500000 466000000 192.51072
OX637753.1 466000000 466500000 190.98113
OX637753.1 466500000 467000000 187.63389
OX637753.1 467000000 467500000 185.26711
OX637753.1 467500000 468000000 181.84776
OX637753.1 468000000 468500000 178.25002
OX637753.1 468500000 469000000 176.18676
OX637753.1 469000000 469500000 171.43391
OX637753.1 469500000 470000000 170.34224
OX637753.1 470000000 470500000 167.11003
OX637753.1 470500000 471000000 163.94764
OX637753.1 471000000 471500000 160.48286
OX637753.1 471500000 472000000 158.25586
OX637753.1 472000000 472500000 156.85414
OX637753.1 472500000 473000000 153.47138
OX637753.1 473000000 473500000 150.98233
OX637753.1 473500000 474000000 145.8665
OX637753.1 474000000 474500000 140.74302
OX637753.1 474500000 475000000 138.34629
OX637753.1 475000000 475500000 134.9392
OX637753.1 475500000 476000000 132.57774
OX637753.1 476000000 476500000 129.38249
OX637753.1 476500000 477000000 126.37843
OX637753.1 477000000 477500000 121.15714
OX637753.1 477500000 478000000 119.97208
OX637753.1 478000000 478500000 115.73946
OX637753.1 478500000 479000000 107.8097
OX637753.1 479000000 479500000 104.84402
OX637753.1 479500000 480000000 103.1928
OX637753.1 480000000 480500000 101.3341
OX637753.1 480500000 481000000 100.03253
OX637753.1 481000000 481500000 93.09596
OX637753.1 481500000 482000000 87.71883
OX637753.1 482000000 482500000 84.54471
OX637753.1 482500000 483000000 83.65827
OX637753.1 483000000 483500000 78.33523
OX637753.1 483500000 484000000 70.50304
OX637753.1 484000000 484500000 64.85423
OX637753.1 484500000 485000000 61.69597
OX637753.1 485000000 485500000 54.35559
OX637753.1 485500000 486000000 44.8234
OX637753.1 486000000 486500000 35.85927
OX637753.1 486500000 487000000 24.6672
OX637753.1 487000000 487500000 20.19002
OX637753.1 487500000 488000000 18.01475
OX637753.1 488000000 488500000 16.31816
OX637753.1 488500000 489000000 11.18602
OX637753.1 489000000 489061466 1.61803
OX637740.1 0 500000 0.0
OX637740.1 500000 1000000 0.74384
OX637740.1 1000000 1500000 1.0
OX637740.1 1500000 2000000 1.62987
OX637740.1 2000000 2500000 4.0
OX637740.1 2500000 3000000 6.4791
OX637740.1 3000000 3500000 10.98455
OX637740.1 3500000 4000000 15.33551
OX637740.1 4000000 4500000 24.89561
OX637740.1 4500000 5000000 30.06832
OX637740.1 5000000 5500000 34.22215
OX637740.1 5500000 6000000 39.93716
OX637740.1 6000000 6500000 46.55436
OX637740.1 6500000 7000000 51.27962
OX637740.1 7000000 7500000 53.56095
OX637740.1 7500000 8000000 57.76041
OX637740.1 8000000 8500000 62.84031
OX637740.1 8500000 9000000 66.78465
OX637740.1 9000000 9500000 69.07813
OX637740.1 9500000 10000000 70.00593
OX637740.1 10000000 10500000 71.57469
OX637740.1 10500000 11000000 72.0
OX637740.1 11000000 11500000 72.71614
OX637740.1 11500000 12000000 75.24952
OX637740.1 12000000 12500000 77.89621
OX637740.1 12500000 13000000 86.00159
OX637740.1 13000000 13500000 90.4197
OX637740.1 13500000 14000000 96.93421
OX637740.1 14000000 14500000 100.89296
OX637740.1 14500000 15000000 102.0
OX637740.1 15000000 15500000 103.21969
OX637740.1 15500000 16000000 106.68525
OX637740.1 16000000 16500000 108.36394
OX637740.1 16500000 17000000 109.0
OX637740.1 17000000 17500000 109.36654
OX637740.1 17500000 18000000 111.12866
OX637740.1 18000000 18500000 114.3887
OX637740.1 18500000 19000000 115.35568
OX637740.1 19000000 19500000 117.07273
OX637740.1 19500000 20000000 122.30436
OX637740.1 20000000 20500000 128.0
OX637740.1 20500000 21000000 128.0
OX637740.1 21000000 21500000 129.57739
OX637740.1 21500000 22000000 130.65862
OX637740.1 22000000 22500000 134.43522
OX637740.1 22500000 23000000 138.0
OX637740.1 23000000 23500000 138.84783
OX637740.1 23500000 24000000 140.3376
OX637740.1 24000000 24500000 141.90285
OX637740.1 24500000 25000000 142.0
OX637740.1 25000000 25500000 143.05632
OX637740.1 25500000 26000000 144.6475
OX637740.1 26000000 26500000 145.0
OX637740.1 26500000 27000000 145.0
OX637740.1 27000000 27500000 145.75675
OX637740.1 27500000 28000000 146.31843
OX637740.1 28000000 28500000 149.71784
OX637740.1 28500000 29000000 150.17764
OX637740.1 29000000 29500000 152.62591
OX637740.1 29500000 30000000 154.50305
OX637740.1 30000000 30500000 155.0
OX637740.1 30500000 31000000 156.2148
OX637740.1 31000000 31500000 158.14567
OX637740.1 31500000 32000000 159.93751
OX637740.1 32000000 32500000 160.0
OX637740.1 32500000 33000000 161.5473
OX637740.1 33000000 33500000 163.84222
OX637740.1 33500000 34000000 165.0
OX637740.1 34000000 34500000 166.21206
OX637740.1 34500000 35000000 167.20728
OX637740.1 35000000 35500000 168.0
OX637740.1 35500000 36000000 168.76792
OX637740.1 36000000 36500000 169.0
OX637740.1 36500000 37000000 169.0
OX637740.1 37000000 37500000 169.00019
OX637740.1 37500000 38000000 169.0
OX637740.1 38000000 38500000 169.07007
OX637740.1 38500000 39000000 170.39854
OX637740.1 39000000 39500000 171.40547
OX637740.1 39500000 40000000 172.5364
OX637740.1 40000000 40500000 174.0
OX637740.1 40500000 41000000 174.26002
OX637740.1 41000000 41500000 175.0
OX637740.1 41500000 42000000 175.0
OX637740.1 42000000 42500000 175.0
OX637740.1 42500000 43000000 175.25765
OX637740.1 43000000 43500000 177.06334
OX637740.1 43500000 44000000 179.09629
OX637740.1 44000000 44500000 180.57286
OX637740.1 44500000 45000000 181.0
OX637740.1 45000000 45500000 181.0
OX637740.1 45500000 46000000 181.0
OX637740.1 46000000 46500000 181.0
OX637740.1 46500000 47000000 181.52944
OX637740.1 47000000 47500000 182.4782
OX637740.1 47500000 48000000 183.0
OX637740.1 48000000 48500000 183.0
OX637740.1 48500000 49000000 183.00039
OX637740.1 49000000 49500000 183.0
OX637740.1 49500000 50000000 183.0
OX637740.1 50000000 50500000 183.84584
OX637740.1 50500000 51000000 185.48042
OX637740.1 51000000 51500000 187.54764
OX637740.1 51500000 52000000 188.0
OX637740.1 52000000 52500000 188.63695
OX637740.1 52500000 53000000 189.0
OX637740.1 53000000 53500000 189.33226
OX637740.1 53500000 54000000 190.0
OX637740.1 54000000 54500000 190.0
OX637740.1 54500000 55000000 190.0
OX637740.1 55000000 55500000 190.75514
OX637740.1 55500000 56000000 192.0
OX637740.1 56000000 56500000 192.0
OX637740.1 56500000 57000000 192.0
OX637740.1 57000000 57500000 192.00112
OX637740.1 57500000 58000000 192.56631
OX637740.1 58000000 58500000 193.0
OX637740.1 58500000 59000000 193.0
OX637740.1 59000000 59500000 193.0
OX637740.1 59500000 60000000 194.21762
OX637740.1 60000000 60500000 195.99773
OX637740.1 60500000 61000000 196.0
OX637740.1 61000000 61500000 196.0
OX637740.1 61500000 62000000 196.0
OX637740.1 62000000 62500000 197.02787
OX637740.1 62500000 63000000 198.34232
OX637740.1 63000000 63500000 199.21408
OX637740.1 63500000 64000000 200.00093
OX637740.1 64000000 64500000 200.84224
OX637740.1 64500000 65000000 201.55125
OX637740.1 65000000 65500000 203.0
OX637740.1 65500000 66000000 203.0
OX637740.1 66000000 66500000 205.25568
OX637740.1 66500000 67000000 207.0
OX637740.1 67000000 67500000 207.30872
OX637740.1 67500000 68000000 209.47381
OX637740.1 68000000 68500000 210.0
OX637740.1 68500000 69000000 210.0
OX637740.1 69000000 69500000 210.0
OX637740.1 69500000 70000000 210.0
OX637740.1 70000000 70500000 210.0
OX637740.1 70500000 71000000 210.00096
OX637740.1 71000000 71500000 210.0
OX637740.1 71500000 72000000 210.0
OX637740.1 72000000 72500000 210.0
OX637740.1 72500000 73000000 210.0
OX637740.1 73000000 73500000 210.0
OX637740.1 73500000 74000000 210.0
OX637740.1 74000000 74500000 210.0
OX637740.1 74500000 75000000 210.99351
OX637740.1 75000000 75500000 211.0
OX637740.1 75500000 76000000 211.74124
OX637740.1 76000000 76500000 212.0
OX637740.1 76500000 77000000 212.0
OX637740.1 77000000 77500000 212.35252
OX637740.1 77500000 78000000 213.11689
OX637740.1 78000000 78500000 214.0
OX637740.1 78500000 79000000 214.0
OX637740.1 79000000 79500000 214.0
OX637740.1 79500000 80000000 214.0
OX637740.1 80000000 80500000 214.00511
OX637740.1 80500000 81000000 215.0
OX637740.1 81000000 81500000 215.0
OX637740.1 81500000 82000000 215.02868
OX637740.1 82000000 82500000 216.56191
OX637740.1 82500000 83000000 217.0
OX637740.1 83000000 83500000 217.25547
OX637740.1 83500000 84000000 218.0
OX637740.1 84000000 84500000 218.0
OX637740.1 84500000 85000000 218.0
OX637740.1 85000000 85500000 218.0
OX637740.1 85500000 86000000 218.0
OX637740.1 86000000 86500000 218.75878
OX637740.1 86500000 87000000 219.0
OX637740.1 87000000 87500000 219.0
OX637740.1 87500000 88000000 219.0
OX637740.1 88000000 88500000 219.0
OX637740.1 88500000 89000000 219.18782
OX637740.1 89000000 89500000 220.0
OX637740.1 89500000 90000000 220.91321
OX637740.1 90000000 90500000 222.0
OX637740.1 90500000 91000000 222.8394
OX637740.1 91000000 91500000 223.0
OX637740.1 91500000 92000000 224.86784
OX637740.1 92000000 92500000 225.0
OX637740.1 92500000 93000000 225.0
OX637740.1 93000000 93500000 225.00032
OX637740.1 93500000 94000000 225.0
OX637740.1 94000000 94500000 225.94039
OX637740.1 94500000 95000000 226.0
OX637740.1 95000000 95500000 226.0
OX637740.1 95500000 96000000 226.0
OX637740.1 96000000 96500000 226.0
OX637740.1 96500000 97000000 226.0
OX637740.1 97000000 97500000 226.0
OX637740.1 97500000 98000000 226.0
OX637740.1 98000000 98500000 226.0
OX637740.1 98500000 99000000 225.13053
OX637740.1 99000000 99500000 225.0
OX637740.1 99500000 100000000 225.3449
OX637740.1 100000000 100500000 227.14004
OX637740.1 100500000 101000000 229.0
OX637740.1 101000000 101500000 229.0
OX637740.1 101500000 102000000 229.21155
OX637740.1 102000000 102500000 231.0
OX637740.1 102500000 103000000 231.0
OX637740.1 103000000 103500000 231.0
OX637740.1 103500000 104000000 231.67339
OX637740.1 104000000 104500000 232.00033
OX637740.1 104500000 105000000 232.0
OX637740.1 105000000 105500000 232.0
OX637740.1 105500000 106000000 232.26123
OX637740.1 106000000 106500000 233.0
OX637740.1 106500000 107000000 233.0
OX637740.1 107000000 107500000 233.0
OX637740.1 107500000 108000000 233.0
OX637740.1 108000000 108500000 233.0
OX637740.1 108500000 109000000 233.0
OX637740.1 109000000 109500000 233.0
OX637740.1 109500000 110000000 233.75685
OX637740.1 110000000 110500000 234.0
OX637740.1 110500000 111000000 234.0
OX637740.1 111000000 111500000 234.0
OX637740.1 111500000 112000000 234.0
OX637740.1 112000000 112500000 234.77009
OX637740.1 112500000 113000000 235.00089
OX637740.1 113000000 113500000 235.0
OX637740.1 113500000 114000000 235.04061
OX637740.1 114000000 114500000 238.04272
OX637740.1 114500000 115000000 239.0
OX637740.1 115000000 115500000 239.0
OX637740.1 115500000 116000000 239.0
OX637740.1 116000000 116500000 239.0
OX637740.1 116500000 117000000 239.0
OX637740.1 117000000 117500000 239.0
OX637740.1 117500000 118000000 239.0
OX637740.1 118000000 118500000 239.0
OX637740.1 118500000 119000000 239.0
OX637740.1 119000000 119500000 239.0
OX637740.1 119500000 120000000 239.0
OX637740.1 120000000 120500000 239.0
OX637740.1 120500000 121000000 239.14477
OX637740.1 121000000 121500000 240.0
OX637740.1 121500000 122000000 240.0
OX637740.1 122000000 122500000 240.0
OX637740.1 122500000 123000000 240.0
OX637740.1 123000000 123500000 240.66401
OX637740.1 123500000 124000000 241.0
OX637740.1 124000000 124500000 243.32513
OX637740.1 124500000 125000000 244.0
OX637740.1 125000000 125500000 244.03275
OX637740.1 125500000 126000000 245.0
OX637740.1 126000000 126500000 245.0
OX637740.1 126500000 127000000 245.0
OX637740.1 127000000 127500000 245.29272
OX637740.1 127500000 128000000 246.0
OX637740.1 128000000 128500000 246.0
OX637740.1 128500000 129000000 246.0
OX637740.1 129000000 129500000 246.0
OX637740.1 129500000 130000000 246.0
OX637740.1 130000000 130500000 246.0
OX637740.1 130500000 131000000 246.00137
OX637740.1 131000000 131500000 246.85918
OX637740.1 131500000 132000000 247.0
OX637740.1 132000000 132500000 247.0
OX637740.1 132500000 133000000 247.0
OX637740.1 133000000 133500000 247.98724
OX637740.1 133500000 134000000 249.37761
OX637740.1 134000000 134500000 251.0
OX637740.1 134500000 135000000 251.0
OX637740.1 135000000 135500000 251.0
OX637740.1 135500000 136000000 251.0
OX637740.1 136000000 136500000 251.0
OX637740.1 136500000 137000000 251.0
OX637740.1 137000000 137500000 251.0
OX637740.1 137500000 138000000 251.00039
OX637740.1 138000000 138500000 251.0
OX637740.1 138500000 139000000 251.0
OX637740.1 139000000 139500000 251.0
OX637740.1 139500000 140000000 251.0
OX637740.1 140000000 140500000 251.21997
OX637740.1 140500000 141000000 252.0
OX637740.1 141000000 141500000 252.0
OX637740.1 141500000 142000000 251.78125
OX637740.1 142000000 142500000 251.0
OX637740.1 142500000 143000000 251.25562
OX637740.1 143000000 143500000 252.0
OX637740.1 143500000 144000000 252.0
OX637740.1 144000000 144500000 252.0
OX637740.1 144500000 145000000 252.0
OX637740.1 145000000 145500000 252.0
OX637740.1 145500000 146000000 252.0
OX637740.1 146000000 146500000 252.0
OX637740.1 146500000 147000000 252.0
OX637740.1 147000000 147500000 252.84975
OX637740.1 147500000 148000000 253.0
OX637740.1 148000000 148500000 253.0
OX637740.1 148500000 149000000 253.0
OX637740.1 149000000 149500000 253.58986
OX637740.1 149500000 150000000 254.12359
OX637740.1 150000000 150500000 255.0
OX637740.1 150500000 151000000 254.01026
OX637740.1 151000000 151500000 254.0
OX637740.1 151500000 152000000 254.0
OX637740.1 152000000 152500000 254.68125
OX637740.1 152500000 153000000 255.0
OX637740.1 153000000 153500000 255.01649
OX637740.1 153500000 154000000 256.0
OX637740.1 154000000 154500000 256.0
OX637740.1 154500000 155000000 256.00022
OX637740.1 155000000 155500000 256.0
OX637740.1 155500000 156000000 256.0
OX637740.1 156000000 156500000 256.0
OX637740.1 156500000 157000000 256.0
OX637740.1 157000000 157500000 256.0
OX637740.1 157500000 158000000 256.0
OX637740.1 158000000 158500000 256.0
OX637740.1 158500000 159000000 256.0
OX637740.1 159000000 159500000 256.0
OX637740.1 159500000 160000000 256.0
OX637740.1 160000000 160500000 256.0
OX637740.1 160500000 161000000 256.0
OX637740.1 161000000 161500000 256.0
OX637740.1 161500000 162000000 256.0
OX637740.1 162000000 162500000 256.0
OX637740.1 162500000 163000000 256.0
OX637740.1 163000000 163500000 256.0
OX637740.1 163500000 164000000 256.00777
OX637740.1 164000000 164500000 256.0
OX637740.1 164500000 165000000 256.0
OX637740.1 165000000 165500000 256.64392
OX637740.1 165500000 166000000 259.0
OX637740.1 166000000 166500000 259.0
OX637740.1 166500000 167000000 259.0
OX637740.1 167000000 167500000 259.0
OX637740.1 167500000 168000000 259.0
OX637740.1 168000000 168500000 259.79058
OX637740.1 168500000 169000000 261.0
OX637740.1 169000000 169500000 260.97275
OX637740.1 169500000 170000000 260.0
OX637740.1 170000000 170500000 260.65312
OX637740.1 170500000 171000000 261.0
OX637740.1 171000000 171500000 261.0
OX637740.1 171500000 172000000 261.0
OX637740.1 172000000 172500000 261.97332
OX637740.1 172500000 173000000 262.0
OX637740.1 173000000 173500000 262.0
OX637740.1 173500000 174000000 262.29343
OX637740.1 174000000 174500000 263.0
OX637740.1 174500000 175000000 263.0
OX637740.1 175000000 175500000 263.0
OX637740.1 175500000 176000000 263.0
OX637740.1 176000000 176500000 263.0
OX637740.1 176500000 177000000 264.20193
OX637740.1 177000000 177500000 265.0
OX637740.1 177500000 178000000 265.0
OX637740.1 178000000 178500000 265.0
OX637740.1 178500000 179000000 265.0
OX637740.1 179000000 179500000 265.0
OX637740.1 179500000 180000000 265.06594
OX637740.1 180000000 180500000 266.33072
OX637740.1 180500000 181000000 267.0
OX637740.1 181000000 181500000 267.0
OX637740.1 181500000 182000000 267.0
OX637740.1 182000000 182500000 267.0
OX637740.1 182500000 183000000 267.0
OX637740.1 183000000 183500000 267.0
OX637740.1 183500000 184000000 267.0
OX637740.1 184000000 184500000 267.0
OX637740.1 184500000 185000000 267.61707
OX637740.1 185000000 185500000 268.0
OX637740.1 185500000 186000000 268.0
OX637740.1 186000000 186500000 268.0
OX637740.1 186500000 187000000 268.0
OX637740.1 187000000 187500000 268.0
OX637740.1 187500000 188000000 268.0
OX637740.1 188000000 188500000 268.0
OX637740.1 188500000 189000000 268.44188
OX637740.1 189000000 189500000 269.0
OX637740.1 189500000 190000000 269.0
OX637740.1 190000000 190500000 269.0
OX637740.1 190500000 191000000 269.0
OX637740.1 191000000 191500000 269.49725
OX637740.1 191500000 192000000 270.0
OX637740.1 192000000 192500000 270.67388
OX637740.1 192500000 193000000 271.0
OX637740.1 193000000 193500000 271.0
OX637740.1 193500000 194000000 271.0
OX637740.1 194000000 194500000 271.00044
OX637740.1 194500000 195000000 271.0
OX637740.1 195000000 195500000 271.0
OX637740.1 195500000 196000000 271.0
OX637740.1 196000000 196500000 271.0
OX637740.1 196500000 197000000 271.0
OX637740.1 197000000 197500000 271.0
OX637740.1 197500000 198000000 271.46288
OX637740.1 198000000 198500000 272.87559
OX637740.1 198500000 199000000 273.0
OX637740.1 199000000 199500000 273.0
OX637740.1 199500000 200000000 273.0
OX637740.1 200000000 200500000 273.0
OX637740.1 200500000 201000000 273.0
OX637740.1 201000000 201500000 273.0
OX637740.1 201500000 202000000 273.0
OX637740.1 202000000 202500000 273.0
OX637740.1 202500000 203000000 273.0
OX637740.1 203000000 203500000 273.0
OX637740.1 203500000 204000000 273.0
OX637740.1 204000000 204500000 273.0
OX637740.1 204500000 205000000 273.0
OX637740.1 205000000 205500000 273.0
OX637740.1 205500000 206000000 273.80052
OX637740.1 206000000 206500000 274.70386
OX637740.1 206500000 207000000 275.04463
OX637740.1 207000000 207500000 276.0
OX637740.1 207500000 208000000 276.0
OX637740.1 208000000 208500000 276.0
OX637740.1 208500000 209000000 276.0
OX637740.1 209000000 209500000 276.0
OX637740.1 209500000 210000000 276.0
OX637740.1 210000000 210500000 276.0
OX637740.1 210500000 211000000 276.0
OX637740.1 211000000 211500000 276.0
OX637740.1 211500000 212000000 276.37285
OX637740.1 212000000 212500000 277.0
OX637740.1 212500000 213000000 277.0
OX637740.1 213000000 213500000 277.0
OX637740.1 213500000 214000000 277.0
OX637740.1 214000000 214500000 277.0
OX637740.1 214500000 215000000 277.0
OX637740.1 215000000 215500000 277.84883
OX637740.1 215500000 216000000 279.0
OX637740.1 216000000 216500000 279.0
OX637740.1 216500000 217000000 279.0
OX637740.1 217000000 217500000 279.0
OX637740.1 217500000 218000000 279.0
OX637740.1 218000000 218500000 279.0
OX637740.1 218500000 219000000 279.0
OX637740.1 219000000 219500000 279.0
OX637740.1 219500000 220000000 279.86049
OX637740.1 220000000 220500000 280.0
OX637740.1 220500000 221000000 280.12664
OX637740.1 221000000 221500000 281.0
OX637740.1 221500000 222000000 281.0
OX637740.1 222000000 222500000 281.0
OX637740.1 222500000 223000000 281.0
OX637740.1 223000000 223500000 281.0
OX637740.1 223500000 224000000 281.0
OX637740.1 224000000 224500000 281.0
OX637740.1 224500000 225000000 281.0
OX637740.1 225000000 225500000 281.0
OX637740.1 225500000 226000000 281.0
OX637740.1 226000000 226500000 281.0
OX637740.1 226500000 227000000 282.41323
OX637740.1 227000000 227500000 283.0
OX637740.1 227500000 228000000 283.0
OX637740.1 228000000 228500000 283.0
OX637740.1 228500000 229000000 283.00054
OX637740.1 229000000 229500000 283.0
OX637740.1 229500000 230000000 283.0
OX637740.1 230000000 230500000 283.0
OX637740.1 230500000 231000000 283.0
OX637740.1 231000000 231500000 283.0
OX637740.1 231500000 232000000 283.0
OX637740.1 232000000 232500000 283.26082
OX637740.1 232500000 233000000 284.0
OX637740.1 233000000 233500000 284.05532
OX637740.1 233500000 234000000 285.0
OX637740.1 234000000 234500000 285.0
OX637740.1 234500000 235000000 285.55024
OX637740.1 235000000 235500000 286.0
OX637740.1 235500000 236000000 286.0
OX637740.1 236000000 236500000 286.0
OX637740.1 236500000 237000000 286.0
OX637740.1 237000000 237500000 286.43947
OX637740.1 237500000 238000000 287.45143
OX637740.1 238000000 238500000 288.16872
OX637740.1 238500000 239000000 289.95456
OX637740.1 239000000 239500000 290.0
OX637740.1 239500000 240000000 290.0
OX637740.1 240000000 240500000 290.54076
OX637740.1 240500000 241000000 291.0
OX637740.1 241000000 241500000 291.65142
OX637740.1 241500000 242000000 292.0
OX637740.1 242000000 242500000 292.96763
OX637740.1 242500000 243000000 293.0
OX637740.1 243000000 243500000 293.0
OX637740.1 243500000 244000000 293.0
OX637740.1 244000000 244500000 293.0
OX637740.1 244500000 245000000 293.0
OX637740.1 245000000 245500000 293.0
OX637740.1 245500000 246000000 293.0
OX637740.1 246000000 246500000 293.0
OX637740.1 246500000 247000000 293.0
OX637740.1 247000000 247500000 293.23149
OX637740.1 247500000 248000000 294.85385
OX637740.1 248000000 248500000 296.0
OX637740.1 248500000 249000000 296.30858
OX637740.1 249000000 249500000 297.0
OX637740.1 249500000 250000000 297.0
OX637740.1 250000000 250500000 297.0
OX637740.1 250500000 251000000 297.0
OX637740.1 251000000 251500000 297.0
OX637740.1 251500000 252000000 297.0
OX637740.1 252000000 252500000 297.00044
OX637740.1 252500000 253000000 298.16723
OX637740.1 253000000 253500000 299.0
OX637740.1 253500000 254000000 299.0
OX637740.1 254000000 254500000 299.0
OX637740.1 254500000 255000000 299.0
OX637740.1 255000000 255500000 299.94085
OX637740.1 255500000 256000000 300.42159
OX637740.1 256000000 256500000 301.0
OX637740.1 256500000 257000000 301.33691
OX637740.1 257000000 257500000 302.0
OX637740.1 257500000 258000000 302.0
OX637740.1 258000000 258500000 302.92319
OX637740.1 258500000 259000000 303.0
OX637740.1 259000000 259500000 303.0
OX637740.1 259500000 260000000 303.0
OX637740.1 260000000 260500000 303.0
OX637740.1 260500000 261000000 303.0
OX637740.1 261000000 261500000 303.37126
OX637740.1 261500000 262000000 304.00059
OX637740.1 262000000 262500000 304.0
OX637740.1 262500000 263000000 304.0
OX637740.1 263000000 263500000 304.0
OX637740.1 263500000 264000000 304.0
OX637740.1 264000000 264500000 303.34111
OX637740.1 264500000 265000000 303.0
OX637740.1 265000000 265500000 303.0
OX637740.1 265500000 266000000 303.0
OX637740.1 266000000 266500000 303.0
OX637740.1 266500000 267000000 303.0
OX637740.1 267000000 267500000 303.0
OX637740.1 267500000 268000000 303.0
OX637740.1 268000000 268500000 303.0
OX637740.1 268500000 269000000 303.0
OX637740.1 269000000 269500000 303.04966
OX637740.1 269500000 270000000 304.00073
OX637740.1 270000000 270500000 304.0
OX637740.1 270500000 271000000 304.0
OX637740.1 271000000 271500000 304.25716
OX637740.1 271500000 272000000 304.94581
OX637740.1 272000000 272500000 304.0
OX637740.1 272500000 273000000 304.70595
OX637740.1 273000000 273500000 306.00069
OX637740.1 273500000 274000000 306.0
OX637740.1 274000000 274500000 306.20061
OX637740.1 274500000 275000000 307.0
OX637740.1 275000000 275500000 307.0
OX637740.1 275500000 276000000 307.0
OX637740.1 276000000 276500000 307.0
OX637740.1 276500000 277000000 307.0
OX637740.1 277000000 277500000 307.0
OX637740.1 277500000 278000000 307.17155
OX637740.1 278000000 278500000 308.0
OX637740.1 278500000 279000000 308.0
OX637740.1 279000000 279500000 308.93331
OX637740.1 279500000 280000000 309.0
OX637740.1 280000000 280500000 309.74438
OX637740.1 280500000 281000000 310.80073
OX637740.1 281000000 281500000 311.0
OX637740.1 281500000 282000000 311.00119
OX637740.1 282000000 282500000 311.0
OX637740.1 282500000 283000000 311.0
OX637740.1 283000000 283500000 311.535
OX637740.1 283500000 284000000 311.0
OX637740.1 284000000 284500000 311.0
OX637740.1 284500000 285000000 311.0
OX637740.1 285000000 285500000 311.79464
OX637740.1 285500000 286000000 312.0
OX637740.1 286000000 286500000 312.0
OX637740.1 286500000 287000000 312.0
OX637740.1 287000000 287500000 312.73111
OX637740.1 287500000 288000000 313.9603
OX637740.1 288000000 288500000 314.35198
OX637740.1 288500000 289000000 315.54324
OX637740.1 289000000 289500000 316.0
OX637740.1 289500000 290000000 315.75823
OX637740.1 290000000 290500000 315.0
OX637740.1 290500000 291000000 315.0
OX637740.1 291000000 291500000 314.63539
OX637740.1 291500000 292000000 314.0
OX637740.1 292000000 292500000 314.0
OX637740.1 292500000 293000000 314.0
OX637740.1 293000000 293500000 314.0
OX637740.1 293500000 294000000 314.0
OX637740.1 294000000 294500000 313.52239
OX637740.1 294500000 295000000 313.70498
OX637740.1 295000000 295500000 314.00017
OX637740.1 295500000 296000000 314.0
OX637740.1 296000000 296500000 314.0
OX637740.1 296500000 297000000 314.0
OX637740.1 297000000 297500000 314.0
OX637740.1 297500000 298000000 314.4694
OX637740.1 298000000 298500000 315.0
OX637740.1 298500000 299000000 315.1585
OX637740.1 299000000 299500000 316.50014
OX637740.1 299500000 300000000 317.14061
OX637740.1 300000000 300500000 318.0
OX637740.1 300500000 301000000 318.58362
OX637740.1 301000000 301500000 319.0
OX637740.1 301500000 302000000 319.0
OX637740.1 302000000 302500000 319.0
OX637740.1 302500000 303000000 319.00062
OX637740.1 303000000 303500000 319.0
OX637740.1 303500000 304000000 319.82121
OX637740.1 304000000 304500000 320.73785
OX637740.1 304500000 305000000 321.00034
OX637740.1 305000000 305500000 321.0
OX637740.1 305500000 306000000 321.0
OX637740.1 306000000 306500000 321.83028
OX637740.1 306500000 307000000 322.0
OX637740.1 307000000 307500000 322.0008
OX637740.1 307500000 308000000 322.71729
OX637740.1 308000000 308500000 323.0
OX637740.1 308500000 309000000 323.0
OX637740.1 309000000 309500000 323.45057
OX637740.1 309500000 310000000 324.0
OX637740.1 310000000 310500000 324.0
OX637740.1 310500000 311000000 324.0
OX637740.1 311000000 311500000 324.00108
OX637740.1 311500000 312000000 324.0
OX637740.1 312000000 312500000 324.0
OX637740.1 312500000 313000000 325.10851
OX637740.1 313000000 313500000 326.0
OX637740.1 313500000 314000000 326.0
OX637740.1 314000000 314500000 326.0
OX637740.1 314500000 315000000 326.0
OX637740.1 315000000 315500000 326.51023
OX637740.1 315500000 316000000 326.60442
OX637740.1 316000000 316500000 326.0
OX637740.1 316500000 317000000 326.0
OX637740.1 317000000 317500000 326.0
OX637740.1 317500000 318000000 326.37642
OX637740.1 318000000 318500000 327.0
OX637740.1 318500000 319000000 326.78743
OX637740.1 319000000 319500000 326.52002
OX637740.1 319500000 320000000 326.0
OX637740.1 320000000 320500000 326.57633
OX637740.1 320500000 321000000 327.00043
OX637740.1 321000000 321500000 327.0
OX637740.1 321500000 322000000 327.0
OX637740.1 322000000 322500000 326.06428
OX637740.1 322500000 323000000 325.60976
OX637740.1 323000000 323500000 325.0
OX637740.1 323500000 324000000 325.0
OX637740.1 324000000 324500000 325.00045
OX637740.1 324500000 325000000 325.00045
OX637740.1 325000000 325500000 325.0
OX637740.1 325500000 326000000 325.0
OX637740.1 326000000 326500000 325.0
OX637740.1 326500000 327000000 325.47581
OX637740.1 327000000 327500000 326.0
OX637740.1 327500000 328000000 326.21366
OX637740.1 328000000 328500000 327.0
OX637740.1 328500000 329000000 327.87867
OX637740.1 329000000 329500000 328.0
OX637740.1 329500000 330000000 328.0
OX637740.1 330000000 330500000 328.6302
OX637740.1 330500000 331000000 329.25338
OX637740.1 331000000 331500000 329.41157
OX637740.1 331500000 332000000 329.0
OX637740.1 332000000 332500000 329.0
OX637740.1 332500000 333000000 329.0
OX637740.1 333000000 333500000 329.0
OX637740.1 333500000 334000000 329.0
OX637740.1 334000000 334500000 329.0
OX637740.1 334500000 335000000 329.0
OX637740.1 335000000 335500000 329.0
OX637740.1 335500000 336000000 329.22997
OX637740.1 336000000 336500000 330.0
OX637740.1 336500000 337000000 330.0
OX637740.1 337000000 337500000 330.0
OX637740.1 337500000 338000000 330.0
OX637740.1 338000000 338500000 330.00079
OX637740.1 338500000 339000000 330.00072
OX637740.1 339000000 339500000 329.36148
OX637740.1 339500000 340000000 329.0
OX637740.1 340000000 340500000 329.8701
OX637740.1 340500000 341000000 330.0
OX637740.1 341000000 341500000 330.00095
OX637740.1 341500000 342000000 330.00366
OX637740.1 342000000 342500000 330.0
OX637740.1 342500000 343000000 330.0
OX637740.1 343000000 343500000 329.6953
OX637740.1 343500000 344000000 329.99706
OX637740.1 344000000 344500000 330.0
OX637740.1 344500000 345000000 329.3748
OX637740.1 345000000 345500000 329.0
OX637740.1 345500000 346000000 329.0
OX637740.1 346000000 346500000 329.0
OX637740.1 346500000 347000000 329.00029
OX637740.1 347000000 347500000 328.98301
OX637740.1 347500000 348000000 329.00022
OX637740.1 348000000 348500000 328.81242
OX637740.1 348500000 349000000 329.56282
OX637740.1 349000000 349500000 330.29863
OX637740.1 349500000 350000000 331.0
OX637740.1 350000000 350500000 331.0
OX637740.1 350500000 351000000 331.0
OX637740.1 351000000 351500000 330.56527
OX637740.1 351500000 352000000 329.36581
OX637740.1 352000000 352500000 330.0
OX637740.1 352500000 353000000 330.0
OX637740.1 353000000 353500000 330.0
OX637740.1 353500000 354000000 330.194
OX637740.1 354000000 354500000 331.0
OX637740.1 354500000 355000000 331.0
OX637740.1 355000000 355500000 331.54325
OX637740.1 355500000 356000000 332.37859
OX637740.1 356000000 356500000 333.37384
OX637740.1 356500000 357000000 334.0
OX637740.1 357000000 357500000 334.00073
OX637740.1 357500000 358000000 332.80173
OX637740.1 358000000 358500000 329.86856
OX637740.1 358500000 359000000 330.25499
OX637740.1 359000000 359500000 331.0
OX637740.1 359500000 360000000 331.78465
OX637740.1 360000000 360500000 332.0
OX637740.1 360500000 361000000 332.0
OX637740.1 361000000 361500000 332.0
OX637740.1 361500000 362000000 332.00129
OX637740.1 362000000 362500000 332.0
OX637740.1 362500000 363000000 331.71363
OX637740.1 363000000 363500000 331.68324
OX637740.1 363500000 364000000 332.0
OX637740.1 364000000 364500000 332.00115
OX637740.1 364500000 365000000 332.0
OX637740.1 365000000 365500000 332.0
OX637740.1 365500000 366000000 332.0
OX637740.1 366000000 366500000 332.02489
OX637740.1 366500000 367000000 331.38504
OX637740.1 367000000 367500000 331.0
OX637740.1 367500000 368000000 331.0
OX637740.1 368000000 368500000 331.34393
OX637740.1 368500000 369000000 332.13044
OX637740.1 369000000 369500000 333.0
OX637740.1 369500000 370000000 333.0
OX637740.1 370000000 370500000 333.54019
OX637740.1 370500000 371000000 334.21554
OX637740.1 371000000 371500000 334.86354
OX637740.1 371500000 372000000 334.00062
OX637740.1 372000000 372500000 334.00017
OX637740.1 372500000 373000000 334.00079
OX637740.1 373000000 373500000 334.0
OX637740.1 373500000 374000000 334.28303
OX637740.1 374000000 374500000 334.85279
OX637740.1 374500000 375000000 334.34662
OX637740.1 375000000 375500000 335.00024
OX637740.1 375500000 376000000 335.0
OX637740.1 376000000 376500000 335.54289
OX637740.1 376500000 377000000 336.0
OX637740.1 377000000 377500000 335.84973
OX637740.1 377500000 378000000 334.30957
OX637740.1 378000000 378500000 332.67165
OX637740.1 378500000 379000000 332.0
OX637740.1 379000000 379500000 331.12599
OX637740.1 379500000 380000000 326.88888
OX637740.1 380000000 380500000 327.78566
OX637740.1 380500000 381000000 328.00029
OX637740.1 381000000 381500000 328.0
OX637740.1 381500000 382000000 328.0
OX637740.1 382000000 382500000 328.0
OX637740.1 382500000 383000000 328.44049
OX637740.1 383000000 383500000 329.5442
OX637740.1 383500000 384000000 330.55847
OX637740.1 384000000 384500000 331.00093
OX637740.1 384500000 385000000 331.0
OX637740.1 385000000 385500000 331.0
OX637740.1 385500000 386000000 331.23928
OX637740.1 386000000 386500000 332.0
OX637740.1 386500000 387000000 331.83087
OX637740.1 387000000 387500000 330.75027
OX637740.1 387500000 388000000 330.0008
OX637740.1 388000000 388500000 329.51235
OX637740.1 388500000 389000000 329.00017
OX637740.1 389000000 389500000 329.0
OX637740.1 389500000 390000000 329.0
OX637740.1 390000000 390500000 329.04735
OX637740.1 390500000 391000000 330.0
OX637740.1 391000000 391500000 330.87964
OX637740.1 391500000 392000000 330.84529
OX637740.1 392000000 392500000 330.74421
OX637740.1 392500000 393000000 332.0
OX637740.1 393000000 393500000 332.0
OX637740.1 393500000 394000000 332.0
OX637740.1 394000000 394500000 331.90178
OX637740.1 394500000 395000000 331.0
OX637740.1 395000000 395500000 331.0
OX637740.1 395500000 396000000 330.18196
OX637740.1 396000000 396500000 330.0
OX637740.1 396500000 397000000 330.0
OX637740.1 397000000 397500000 329.5489
OX637740.1 397500000 398000000 329.0
OX637740.1 398000000 398500000 329.0009
OX637740.1 398500000 399000000 329.0
OX637740.1 399000000 399500000 329.00018
OX637740.1 399500000 400000000 327.35246
OX637740.1 400000000 400500000 327.0
OX637740.1 400500000 401000000 327.0
OX637740.1 401000000 401500000 326.14489
OX637740.1 401500000 402000000 324.97856
OX637740.1 402000000 402500000 325.0
OX637740.1 402500000 403000000 324.17076
OX637740.1 403000000 403500000 324.88879
OX637740.1 403500000 404000000 323.04521
OX637740.1 404000000 404500000 322.21957
OX637740.1 404500000 405000000 322.0
OX637740.1 405000000 405500000 322.0
OX637740.1 405500000 406000000 321.73385
OX637740.1 406000000 406500000 321.0
OX637740.1 406500000 407000000 321.85959
OX637740.1 407000000 407500000 322.18156
OX637740.1 407500000 408000000 322.0
OX637740.1 408000000 408500000 321.74693
OX637740.1 408500000 409000000 320.15569
OX637740.1 409000000 409500000 318.0
OX637740.1 409500000 410000000 318.72916
OX637740.1 410000000 410500000 319.0
OX637740.1 410500000 411000000 319.0
OX637740.1 411000000 411500000 319.00115
OX637740.1 411500000 412000000 319.0
OX637740.1 412000000 412500000 319.0
OX637740.1 412500000 413000000 319.0
OX637740.1 413000000 413500000 319.0
OX637740.1 413500000 414000000 319.0
OX637740.1 414000000 414500000 319.0
OX637740.1 414500000 415000000 319.0
OX637740.1 415000000 415500000 319.50378
OX637740.1 415500000 416000000 320.0
OX637740.1 416000000 416500000 320.0
OX637740.1 416500000 417000000 320.0
OX637740.1 417000000 417500000 320.0
OX637740.1 417500000 418000000 320.0
OX637740.1 418000000 418500000 319.68171
OX637740.1 418500000 419000000 318.17575
OX637740.1 419000000 419500000 317.49579
OX637740.1 419500000 420000000 316.0
OX637740.1 420000000 420500000 316.92852
OX637740.1 420500000 421000000 316.27659
OX637740.1 421000000 421500000 316.00024
OX637740.1 421500000 422000000 315.0182
OX637740.1 422000000 422500000 316.0
OX637740.1 422500000 423000000 316.0
OX637740.1 423000000 423500000 316.0
OX637740.1 423500000 424000000 315.52761
OX637740.1 424000000 424500000 315.0
OX637740.1 424500000 425000000 315.0
OX637740.1 425000000 425500000 314.21191
OX637740.1 425500000 426000000 313.45934
OX637740.1 426000000 426500000 313.14363
OX637740.1 426500000 427000000 313.00106
OX637740.1 427000000 427500000 313.0
OX637740.1 427500000 428000000 311.99831
OX637740.1 428000000 428500000 310.50519
OX637740.1 428500000 429000000 310.0
OX637740.1 429000000 429500000 310.00055
OX637740.1 429500000 430000000 309.63815
OX637740.1 430000000 430500000 309.0
OX637740.1 430500000 431000000 308.03857
OX637740.1 431000000 431500000 307.5362
OX637740.1 431500000 432000000 307.201
OX637740.1 432000000 432500000 307.0
OX637740.1 432500000 433000000 306.44107
OX637740.1 433000000 433500000 306.80574
OX637740.1 433500000 434000000 307.0
OX637740.1 434000000 434500000 306.24564
OX637740.1 434500000 435000000 305.0
OX637740.1 435000000 435500000 305.0
OX637740.1 435500000 436000000 303.67205
OX637740.1 436000000 436500000 302.0
OX637740.1 436500000 437000000 301.07855
OX637740.1 437000000 437500000 300.13151
OX637740.1 437500000 438000000 300.0
OX637740.1 438000000 438500000 299.56532
OX637740.1 438500000 439000000 298.68511
OX637740.1 439000000 439500000 297.08636
OX637740.1 439500000 440000000 297.57446
OX637740.1 440000000 440500000 297.11556
OX637740.1 440500000 441000000 296.0
OX637740.1 441000000 441500000 295.99839
OX637740.1 441500000 442000000 294.21031
OX637740.1 442000000 442500000 294.0
OX637740.1 442500000 443000000 293.03705
OX637740.1 443000000 443500000 292.22051
OX637740.1 443500000 444000000 292.0
OX637740.1 444000000 444500000 291.38857
OX637740.1 444500000 445000000 290.2344
OX637740.1 445000000 445500000 288.59889
OX637740.1 445500000 446000000 287.5402
OX637740.1 446000000 446500000 286.9775
OX637740.1 446500000 447000000 285.90563
OX637740.1 447000000 447500000 284.73747
OX637740.1 447500000 448000000 283.80647
OX637740.1 448000000 448500000 283.32363
OX637740.1 448500000 449000000 281.17618
OX637740.1 449000000 449500000 280.72527
OX637740.1 449500000 450000000 279.35996
OX637740.1 450000000 450500000 274.82367
OX637740.1 450500000 451000000 273.0
OX637740.1 451000000 451500000 273.0
OX637740.1 451500000 452000000 273.0
OX637740.1 452000000 452500000 272.43125
OX637740.1 452500000 453000000 269.25426
OX637740.1 453000000 453500000 265.15911
OX637740.1 453500000 454000000 262.05112
OX637740.1 454000000 454500000 256.99484
OX637740.1 454500000 455000000 254.46977
OX637740.1 455000000 455500000 250.33843
OX637740.1 455500000 456000000 249.10364
OX637740.1 456000000 456500000 249.0
OX637740.1 456500000 457000000 249.0
OX637740.1 457000000 457500000 247.44801
OX637740.1 457500000 458000000 242.32646
OX637740.1 458000000 458500000 239.55953
OX637740.1 458500000 459000000 236.20418
OX637740.1 459000000 459500000 233.11133
OX637740.1 459500000 460000000 232.34242
OX637740.1 460000000 460500000 231.04632
OX637740.1 460500000 461000000 225.59833
OX637740.1 461000000 461500000 224.43561
OX637740.1 461500000 462000000 223.9414
OX637740.1 462000000 462500000 222.81735
OX637740.1 462500000 463000000 221.20997
OX637740.1 463000000 463500000 221.0
OX637740.1 463500000 464000000 217.82249
OX637740.1 464000000 464500000 215.99979
OX637740.1 464500000 465000000 212.45795
OX637740.1 465000000 465500000 208.51125
OX637740.1 465500000 466000000 205.03863
OX637740.1 466000000 466500000 200.53923
OX637740.1 466500000 467000000 196.52315
OX637740.1 467000000 467500000 194.82438
OX637740.1 467500000 468000000 190.43651
OX637740.1 468000000 468500000 187.27916
OX637740.1 468500000 469000000 184.77876
OX637740.1 469000000 469500000 180.81328
OX637740.1 469500000 470000000 174.10852
OX637740.1 470000000 470500000 171.67449
OX637740.1 470500000 471000000 168.02676
OX637740.1 471000000 471500000 165.69887
OX637740.1 471500000 472000000 162.82091
OX637740.1 472000000 472500000 159.25002
OX637740.1 472500000 473000000 154.90613
OX637740.1 473000000 473500000 148.88978
OX637740.1 473500000 474000000 144.53575
OX637740.1 474000000 474500000 143.78743
OX637740.1 474500000 475000000 137.70106
OX637740.1 475000000 475500000 126.12424
OX637740.1 475500000 476000000 117.79322
OX637740.1 476000000 476500000 109.14234
OX637740.1 476500000 477000000 101.29899
OX637740.1 477000000 477500000 93.21375
OX637740.1 477500000 478000000 82.33056
OX637740.1 478000000 478500000 75.52887
OX637740.1 478500000 479000000 66.49613
OX637740.1 479000000 479500000 56.19429
OX637740.1 479500000 480000000 48.34984
OX637740.1 480000000 480500000 40.82432
OX637740.1 480500000 481000000 32.14735
OX637740.1 481000000 481500000 29.75138
OX637740.1 481500000 482000000 23.60292
OX637740.1 482000000 482500000 15.52171
OX637740.1 482500000 482982197 5.20858
OX637747.1 0 500000 0.97444
OX637747.1 500000 1000000 1.0
OX637747.1 1000000 1500000 1.0
OX637747.1 1500000 2000000 1.60947
OX637747.1 2000000 2500000 11.8484
OX637747.1 2500000 3000000 18.72493
OX637747.1 3000000 3500000 30.14201
OX637747.1 3500000 4000000 37.55796
OX637747.1 4000000 4500000 50.20356
OX637747.1 4500000 5000000 60.10161
OX637747.1 5000000 5500000 67.08773
OX637747.1 5500000 6000000 71.44598
OX637747.1 6000000 6500000 73.91853
OX637747.1 6500000 7000000 74.00037
OX637747.1 7000000 7500000 76.89635
OX637747.1 7500000 8000000 78.68154
OX637747.1 8000000 8500000 80.95795
OX637747.1 8500000 9000000 86.06826
OX637747.1 9000000 9500000 89.48662
OX637747.1 9500000 10000000 91.52059
OX637747.1 10000000 10500000 95.82593
OX637747.1 10500000 11000000 99.18913
OX637747.1 11000000 11500000 101.97973
OX637747.1 11500000 12000000 102.43799
OX637747.1 12000000 12500000 107.08785
OX637747.1 12500000 13000000 110.28626
OX637747.1 13000000 13500000 113.30621
OX637747.1 13500000 14000000 115.68862
OX637747.1 14000000 14500000 118.10525
OX637747.1 14500000 15000000 121.33492
OX637747.1 15000000 15500000 125.03602
OX637747.1 15500000 16000000 127.46433
OX637747.1 16000000 16500000 129.72907
OX637747.1 16500000 17000000 133.31796
OX637747.1 17000000 17500000 135.50329
OX637747.1 17500000 18000000 138.22646
OX637747.1 18000000 18500000 141.82425
OX637747.1 18500000 19000000 146.06586
OX637747.1 19000000 19500000 150.0
OX637747.1 19500000 20000000 150.56264
OX637747.1 20000000 20500000 151.63755
OX637747.1 20500000 21000000 153.0
OX637747.1 21000000 21500000 153.055
OX637747.1 21500000 22000000 154.49775
OX637747.1 22000000 22500000 156.36364
OX637747.1 22500000 23000000 157.73976
OX637747.1 23000000 23500000 159.0834
OX637747.1 23500000 24000000 160.95349
OX637747.1 24000000 24500000 162.04351
OX637747.1 24500000 25000000 164.49642
OX637747.1 25000000 25500000 166.0
OX637747.1 25500000 26000000 166.14251
OX637747.1 26000000 26500000 170.89813
OX637747.1 26500000 27000000 174.28897
OX637747.1 27000000 27500000 177.0
OX637747.1 27500000 28000000 178.18547
OX637747.1 28000000 28500000 179.0003
OX637747.1 28500000 29000000 179.0
OX637747.1 29000000 29500000 179.71665
OX637747.1 29500000 30000000 181.74747
OX637747.1 30000000 30500000 183.0
OX637747.1 30500000 31000000 184.32452
OX637747.1 31000000 31500000 185.52336
OX637747.1 31500000 32000000 186.29042
OX637747.1 32000000 32500000 187.40826
OX637747.1 32500000 33000000 189.0
OX637747.1 33000000 33500000 189.0
OX637747.1 33500000 34000000 189.0
OX637747.1 34000000 34500000 189.0
OX637747.1 34500000 35000000 189.0
OX637747.1 35000000 35500000 189.0
OX637747.1 35500000 36000000 189.04527
OX637747.1 36000000 36500000 190.41335
OX637747.1 36500000 37000000 192.30622
OX637747.1 37000000 37500000 195.0
OX637747.1 37500000 38000000 195.0
OX637747.1 38000000 38500000 196.61246
OX637747.1 38500000 39000000 199.0
OX637747.1 39000000 39500000 199.09433
OX637747.1 39500000 40000000 200.00045
OX637747.1 40000000 40500000 202.12424
OX637747.1 40500000 41000000 204.0
OX637747.1 41000000 41500000 205.06137
OX637747.1 41500000 42000000 206.47386
OX637747.1 42000000 42500000 207.75495
OX637747.1 42500000 43000000 208.67501
OX637747.1 43000000 43500000 209.0
OX637747.1 43500000 44000000 209.0
OX637747.1 44000000 44500000 211.53975
OX637747.1 44500000 45000000 213.0
OX637747.1 45000000 45500000 213.00022
OX637747.1 45500000 46000000 213.37477
OX637747.1 46000000 46500000 215.0
OX637747.1 46500000 47000000 215.57805
OX637747.1 47000000 47500000 216.0
OX637747.1 47500000 48000000 216.0
OX637747.1 48000000 48500000 216.0
OX637747.1 48500000 49000000 216.0
OX637747.1 49000000 49500000 216.07034
OX637747.1 49500000 50000000 218.58361
OX637747.1 50000000 50500000 219.0
OX637747.1 50500000 51000000 220.67352
OX637747.1 51000000 51500000 221.91131
OX637747.1 51500000 52000000 222.47861
OX637747.1 52000000 52500000 224.7379
OX637747.1 52500000 53000000 225.78905
OX637747.1 53000000 53500000 227.0
OX637747.1 53500000 54000000 227.0
OX637747.1 54000000 54500000 227.63216
OX637747.1 54500000 55000000 228.57984
OX637747.1 55000000 55500000 228.18195
OX637747.1 55500000 56000000 229.21221
OX637747.1 56000000 56500000 231.00088
OX637747.1 56500000 57000000 231.69889
OX637747.1 57000000 57500000 232.6145
OX637747.1 57500000 58000000 233.0
OX637747.1 58000000 58500000 233.59183
OX637747.1 58500000 59000000 234.0
OX637747.1 59000000 59500000 234.01778
OX637747.1 59500000 60000000 235.0
OX637747.1 60000000 60500000 235.00063
OX637747.1 60500000 61000000 235.40597
OX637747.1 61000000 61500000 236.0
OX637747.1 61500000 62000000 236.0
OX637747.1 62000000 62500000 236.0
OX637747.1 62500000 63000000 236.0
OX637747.1 63000000 63500000 236.0
OX637747.1 63500000 64000000 236.0
OX637747.1 64000000 64500000 236.0
OX637747.1 64500000 65000000 236.0
OX637747.1 65000000 65500000 236.0
OX637747.1 65500000 66000000 236.0
OX637747.1 66000000 66500000 236.0
OX637747.1 66500000 67000000 236.0
OX637747.1 67000000 67500000 236.0
OX637747.1 67500000 68000000 236.0
OX637747.1 68000000 68500000 236.0
OX637747.1 68500000 69000000 236.0
OX637747.1 69000000 69500000 236.87246
OX637747.1 69500000 70000000 237.36482
OX637747.1 70000000 70500000 238.89851
OX637747.1 70500000 71000000 240.14992
OX637747.1 71000000 71500000 241.0
OX637747.1 71500000 72000000 241.0
OX637747.1 72000000 72500000 241.0
OX637747.1 72500000 73000000 241.0
OX637747.1 73000000 73500000 241.0
OX637747.1 73500000 74000000 241.0
OX637747.1 74000000 74500000 241.74031
OX637747.1 74500000 75000000 242.2529
OX637747.1 75000000 75500000 243.38748
OX637747.1 75500000 76000000 244.0
OX637747.1 76000000 76500000 244.35608
OX637747.1 76500000 77000000 245.0
OX637747.1 77000000 77500000 245.0
OX637747.1 77500000 78000000 245.0
OX637747.1 78000000 78500000 245.15944
OX637747.1 78500000 79000000 246.0
OX637747.1 79000000 79500000 246.70285
OX637747.1 79500000 80000000 247.0
OX637747.1 80000000 80500000 247.13648
OX637747.1 80500000 81000000 248.0
OX637747.1 81000000 81500000 248.61778
OX637747.1 81500000 82000000 250.0
OX637747.1 82000000 82500000 250.46479
OX637747.1 82500000 83000000 251.42941
OX637747.1 83000000 83500000 252.0
OX637747.1 83500000 84000000 252.0
OX637747.1 84000000 84500000 252.0
OX637747.1 84500000 85000000 252.0
OX637747.1 85000000 85500000 252.0
OX637747.1 85500000 86000000 252.0
OX637747.1 86000000 86500000 251.89576
OX637747.1 86500000 87000000 251.0
OX637747.1 87000000 87500000 251.0
OX637747.1 87500000 88000000 251.0
OX637747.1 88000000 88500000 251.0
OX637747.1 88500000 89000000 251.0
OX637747.1 89000000 89500000 251.23638
OX637747.1 89500000 90000000 252.0
OX637747.1 90000000 90500000 252.99229
OX637747.1 90500000 91000000 253.58419
OX637747.1 91000000 91500000 255.7492
OX637747.1 91500000 92000000 256.0
OX637747.1 92000000 92500000 256.0
OX637747.1 92500000 93000000 256.23157
OX637747.1 93000000 93500000 257.0
OX637747.1 93500000 94000000 257.0
OX637747.1 94000000 94500000 257.0
OX637747.1 94500000 95000000 257.0
OX637747.1 95000000 95500000 257.0
OX637747.1 95500000 96000000 257.0
OX637747.1 96000000 96500000 258.76261
OX637747.1 96500000 97000000 259.0
OX637747.1 97000000 97500000 259.18693
OX637747.1 97500000 98000000 260.0
OX637747.1 98000000 98500000 260.0
OX637747.1 98500000 99000000 260.0
OX637747.1 99000000 99500000 260.0
OX637747.1 99500000 100000000 260.77712
OX637747.1 100000000 100500000 261.00079
OX637747.1 100500000 101000000 261.00044
OX637747.1 101000000 101500000 261.87899
OX637747.1 101500000 102000000 262.00117
OX637747.1 102000000 102500000 262.00022
OX637747.1 102500000 103000000 262.0
OX637747.1 103000000 103500000 262.0
OX637747.1 103500000 104000000 262.0004
OX637747.1 104000000 104500000 262.0
OX637747.1 104500000 105000000 262.00025
OX637747.1 105000000 105500000 262.0
OX637747.1 105500000 106000000 262.75909
OX637747.1 106000000 106500000 263.0
OX637747.1 106500000 107000000 263.0
OX637747.1 107000000 107500000 264.35517
OX637747.1 107500000 108000000 265.28483
OX637747.1 108000000 108500000 267.0
OX637747.1 108500000 109000000 267.0
OX637747.1 109000000 109500000 267.0
OX637747.1 109500000 110000000 267.79844
OX637747.1 110000000 110500000 268.0
OX637747.1 110500000 111000000 268.0
OX637747.1 111000000 111500000 268.0
OX637747.1 111500000 112000000 268.00104
OX637747.1 112000000 112500000 268.0
OX637747.1 112500000 113000000 268.79777
OX637747.1 113000000 113500000 270.0
OX637747.1 113500000 114000000 270.00043
OX637747.1 114000000 114500000 271.96325
OX637747.1 114500000 115000000 272.0
OX637747.1 115000000 115500000 272.05884
OX637747.1 115500000 116000000 273.13392
OX637747.1 116000000 116500000 274.0
OX637747.1 116500000 117000000 274.0
OX637747.1 117000000 117500000 274.0
OX637747.1 117500000 118000000 274.0
OX637747.1 118000000 118500000 274.65318
OX637747.1 118500000 119000000 275.0
OX637747.1 119000000 119500000 275.0
OX637747.1 119500000 120000000 275.0
OX637747.1 120000000 120500000 275.46108
OX637747.1 120500000 121000000 276.0
OX637747.1 121000000 121500000 276.0
OX637747.1 121500000 122000000 276.0
OX637747.1 122000000 122500000 276.11002
OX637747.1 122500000 123000000 277.91191
OX637747.1 123000000 123500000 279.0
OX637747.1 123500000 124000000 279.0
OX637747.1 124000000 124500000 279.0
OX637747.1 124500000 125000000 279.0
OX637747.1 125000000 125500000 279.33368
OX637747.1 125500000 126000000 280.00018
OX637747.1 126000000 126500000 279.6884
OX637747.1 126500000 127000000 279.00023
OX637747.1 127000000 127500000 279.0
OX637747.1 127500000 128000000 279.42814
OX637747.1 128000000 128500000 280.00032
OX637747.1 128500000 129000000 280.0
OX637747.1 129000000 129500000 280.0
OX637747.1 129500000 130000000 280.0
OX637747.1 130000000 130500000 280.0
OX637747.1 130500000 131000000 280.0
OX637747.1 131000000 131500000 280.00062
OX637747.1 131500000 132000000 280.0
OX637747.1 132000000 132500000 280.51437
OX637747.1 132500000 133000000 281.66412
OX637747.1 133000000 133500000 282.66314
OX637747.1 133500000 134000000 283.0
OX637747.1 134000000 134500000 283.00098
OX637747.1 134500000 135000000 283.0
OX637747.1 135000000 135500000 283.0
OX637747.1 135500000 136000000 283.35273
OX637747.1 136000000 136500000 284.99364
OX637747.1 136500000 137000000 285.0
OX637747.1 137000000 137500000 285.82587
OX637747.1 137500000 138000000 286.85925
OX637747.1 138000000 138500000 287.0
OX637747.1 138500000 139000000 287.0
OX637747.1 139000000 139500000 287.0
OX637747.1 139500000 140000000 287.0
OX637747.1 140000000 140500000 287.0
OX637747.1 140500000 141000000 287.07213
OX637747.1 141000000 141500000 288.75038
OX637747.1 141500000 142000000 289.0
OX637747.1 142000000 142500000 289.0
OX637747.1 142500000 143000000 289.0011
OX637747.1 143000000 143500000 289.0
OX637747.1 143500000 144000000 289.71041
OX637747.1 144000000 144500000 290.0
OX637747.1 144500000 145000000 290.0
OX637747.1 145000000 145500000 290.00019
OX637747.1 145500000 146000000 290.0
OX637747.1 146000000 146500000 290.0
OX637747.1 146500000 147000000 290.0
OX637747.1 147000000 147500000 290.67131
OX637747.1 147500000 148000000 291.0
OX637747.1 148000000 148500000 291.00022
OX637747.1 148500000 149000000 291.84012
OX637747.1 149000000 149500000 292.0
OX637747.1 149500000 150000000 292.0
OX637747.1 150000000 150500000 292.67484
OX637747.1 150500000 151000000 294.0
OX637747.1 151000000 151500000 294.0
OX637747.1 151500000 152000000 294.71287
OX637747.1 152000000 152500000 295.0
OX637747.1 152500000 153000000 295.0
OX637747.1 153000000 153500000 295.0
OX637747.1 153500000 154000000 295.0
OX637747.1 154000000 154500000 295.0
OX637747.1 154500000 155000000 295.00079
OX637747.1 155000000 155500000 295.0
OX637747.1 155500000 156000000 295.0
OX637747.1 156000000 156500000 295.0
OX637747.1 156500000 157000000 295.66069
OX637747.1 157000000 157500000 296.00081
OX637747.1 157500000 158000000 296.56158
OX637747.1 158000000 158500000 297.0
OX637747.1 158500000 159000000 296.11358
OX637747.1 159000000 159500000 296.82643
OX637747.1 159500000 160000000 297.98863
OX637747.1 160000000 160500000 298.0
OX637747.1 160500000 161000000 298.0
OX637747.1 161000000 161500000 298.00092
OX637747.1 161500000 162000000 298.0
OX637747.1 162000000 162500000 298.79914
OX637747.1 162500000 163000000 299.0
OX637747.1 163000000 163500000 299.08127
OX637747.1 163500000 164000000 300.0
OX637747.1 164000000 164500000 300.00038
OX637747.1 164500000 165000000 300.53631
OX637747.1 165000000 165500000 301.0
OX637747.1 165500000 166000000 301.0
OX637747.1 166000000 166500000 301.0
OX637747.1 166500000 167000000 300.80744
OX637747.1 167000000 167500000 300.0
OX637747.1 167500000 168000000 300.00082
OX637747.1 168000000 168500000 300.0
OX637747.1 168500000 169000000 300.0006
OX637747.1 169000000 169500000 300.0
OX637747.1 169500000 170000000 300.0
OX637747.1 170000000 170500000 300.0
OX637747.1 170500000 171000000 300.0
OX637747.1 171000000 171500000 300.0
OX637747.1 171500000 172000000 300.0
OX637747.1 172000000 172500000 300.0
OX637747.1 172500000 173000000 300.0
OX637747.1 173000000 173500000 300.0
OX637747.1 173500000 174000000 300.0012
OX637747.1 174000000 174500000 300.0
OX637747.1 174500000 175000000 300.0
OX637747.1 175000000 175500000 300.0
OX637747.1 175500000 176000000 300.04518
OX637747.1 176000000 176500000 301.0
OX637747.1 176500000 177000000 301.0
OX637747.1 177000000 177500000 301.0
OX637747.1 177500000 178000000 301.00139
OX637747.1 178000000 178500000 301.0
OX637747.1 178500000 179000000 301.0
OX637747.1 179000000 179500000 301.00099
OX637747.1 179500000 180000000 301.0
OX637747.1 180000000 180500000 301.0
OX637747.1 180500000 181000000 301.0
OX637747.1 181000000 181500000 301.0
OX637747.1 181500000 182000000 301.6914
OX637747.1 182000000 182500000 302.0
OX637747.1 182500000 183000000 302.49999
OX637747.1 183000000 183500000 303.0
OX637747.1 183500000 184000000 303.38422
OX637747.1 184000000 184500000 304.0
OX637747.1 184500000 185000000 304.0
OX637747.1 185000000 185500000 304.72308
OX637747.1 185500000 186000000 305.0
OX637747.1 186000000 186500000 305.0
OX637747.1 186500000 187000000 305.43176
OX637747.1 187000000 187500000 306.0
OX637747.1 187500000 188000000 306.0
OX637747.1 188000000 188500000 306.0
OX637747.1 188500000 189000000 306.0
OX637747.1 189000000 189500000 306.0
OX637747.1 189500000 190000000 306.0
OX637747.1 190000000 190500000 306.0
OX637747.1 190500000 191000000 306.0
OX637747.1 191000000 191500000 306.71327
OX637747.1 191500000 192000000 307.0
OX637747.1 192000000 192500000 307.0
OX637747.1 192500000 193000000 307.27665
OX637747.1 193000000 193500000 308.0
OX637747.1 193500000 194000000 308.0
OX637747.1 194000000 194500000 308.0
OX637747.1 194500000 195000000 308.0
OX637747.1 195000000 195500000 308.0
OX637747.1 195500000 196000000 308.64097
OX637747.1 196000000 196500000 309.0
OX637747.1 196500000 197000000 309.0
OX637747.1 197000000 197500000 309.0
OX637747.1 197500000 198000000 309.0
OX637747.1 198000000 198500000 309.0
OX637747.1 198500000 199000000 309.0
OX637747.1 199000000 199500000 309.0
OX637747.1 199500000 200000000 309.0
OX637747.1 200000000 200500000 309.0
OX637747.1 200500000 201000000 309.0
OX637747.1 201000000 201500000 309.0
OX637747.1 201500000 202000000 309.0
OX637747.1 202000000 202500000 309.72907
OX637747.1 202500000 203000000 310.0
OX637747.1 203000000 203500000 310.0
OX637747.1 203500000 204000000 310.0
OX637747.1 204000000 204500000 310.0
OX637747.1 204500000 205000000 310.0
OX637747.1 205000000 205500000 310.0
OX637747.1 205500000 206000000 310.0
OX637747.1 206000000 206500000 310.0
OX637747.1 206500000 207000000 310.0
OX637747.1 207000000 207500000 310.0
OX637747.1 207500000 208000000 310.0
OX637747.1 208000000 208500000 310.80415
OX637747.1 208500000 209000000 311.00049
OX637747.1 209000000 209500000 311.0
OX637747.1 209500000 210000000 311.0
OX637747.1 210000000 210500000 311.0
OX637747.1 210500000 211000000 311.0
OX637747.1 211000000 211500000 311.0
OX637747.1 211500000 212000000 311.0
OX637747.1 212000000 212500000 311.0
OX637747.1 212500000 213000000 311.93807
OX637747.1 213000000 213500000 312.05912
OX637747.1 213500000 214000000 312.0
OX637747.1 214000000 214500000 312.00016
OX637747.1 214500000 215000000 312.4138
OX637747.1 215000000 215500000 313.0
OX637747.1 215500000 216000000 313.0
OX637747.1 216000000 216500000 313.0
OX637747.1 216500000 217000000 313.00024
OX637747.1 217000000 217500000 313.84716
OX637747.1 217500000 218000000 314.0
OX637747.1 218000000 218500000 314.0
OX637747.1 218500000 219000000 314.00073
OX637747.1 219000000 219500000 314.0
OX637747.1 219500000 220000000 314.0
OX637747.1 220000000 220500000 314.0
OX637747.1 220500000 221000000 314.0
OX637747.1 221000000 221500000 314.0
OX637747.1 221500000 222000000 314.0
OX637747.1 222000000 222500000 314.0
OX637747.1 222500000 223000000 314.0
OX637747.1 223000000 223500000 314.0
OX637747.1 223500000 224000000 314.0
OX637747.1 224000000 224500000 314.0
OX637747.1 224500000 225000000 314.0
OX637747.1 225000000 225500000 314.0
OX637747.1 225500000 226000000 314.31918
OX637747.1 226000000 226500000 315.0
OX637747.1 226500000 227000000 315.0
OX637747.1 227000000 227500000 315.0
OX637747.1 227500000 228000000 315.0
OX637747.1 228000000 228500000 315.0
OX637747.1 228500000 229000000 315.0
OX637747.1 229000000 229500000 315.0
OX637747.1 229500000 230000000 315.0
OX637747.1 230000000 230500000 315.0
OX637747.1 230500000 231000000 315.0
OX637747.1 231000000 231500000 315.0
OX637747.1 231500000 232000000 315.0
OX637747.1 232000000 232500000 315.0
OX637747.1 232500000 233000000 315.0
OX637747.1 233000000 233500000 315.0
OX637747.1 233500000 234000000 315.0
OX637747.1 234000000 234500000 315.0
OX637747.1 234500000 235000000 315.0
OX637747.1 235000000 235500000 315.0
OX637747.1 235500000 236000000 315.0
OX637747.1 236000000 236500000 315.00079
OX637747.1 236500000 237000000 315.0
OX637747.1 237000000 237500000 315.0
OX637747.1 237500000 238000000 315.95463
OX637747.1 238000000 238500000 316.0
OX637747.1 238500000 239000000 316.0
OX637747.1 239000000 239500000 316.0
OX637747.1 239500000 240000000 316.0
OX637747.1 240000000 240500000 316.0
OX637747.1 240500000 241000000 316.0
OX637747.1 241000000 241500000 316.0
OX637747.1 241500000 242000000 316.0
OX637747.1 242000000 242500000 316.56577
OX637747.1 242500000 243000000 317.0
OX637747.1 243000000 243500000 317.0
OX637747.1 243500000 244000000 317.0
OX637747.1 244000000 244500000 317.0
OX637747.1 244500000 245000000 317.0
OX637747.1 245000000 245500000 317.0
OX637747.1 245500000 246000000 317.0
OX637747.1 246000000 246500000 317.0
OX637747.1 246500000 247000000 317.0
OX637747.1 247000000 247500000 317.0
OX637747.1 247500000 248000000 317.0
OX637747.1 248000000 248500000 317.0
OX637747.1 248500000 249000000 317.0
OX637747.1 249000000 249500000 317.0
OX637747.1 249500000 250000000 317.0
OX637747.1 250000000 250500000 317.0
OX637747.1 250500000 251000000 317.0
OX637747.1 251000000 251500000 317.0
OX637747.1 251500000 252000000 317.20601
OX637747.1 252000000 252500000 318.0
OX637747.1 252500000 253000000 318.0
OX637747.1 253000000 253500000 318.0
OX637747.1 253500000 254000000 318.0
OX637747.1 254000000 254500000 318.0
OX637747.1 254500000 255000000 318.0
OX637747.1 255000000 255500000 318.0
OX637747.1 255500000 256000000 318.0
OX637747.1 256000000 256500000 318.0
OX637747.1 256500000 257000000 318.0
OX637747.1 257000000 257500000 318.0
OX637747.1 257500000 258000000 318.00021
OX637747.1 258000000 258500000 318.0
OX637747.1 258500000 259000000 318.0
OX637747.1 259000000 259500000 318.0
OX637747.1 259500000 260000000 318.2996
OX637747.1 260000000 260500000 319.0
OX637747.1 260500000 261000000 319.0
OX637747.1 261000000 261500000 319.0
OX637747.1 261500000 262000000 319.0
OX637747.1 262000000 262500000 319.0
OX637747.1 262500000 263000000 319.0
OX637747.1 263000000 263500000 319.0
OX637747.1 263500000 264000000 319.0
OX637747.1 264000000 264500000 319.0
OX637747.1 264500000 265000000 319.0
OX637747.1 265000000 265500000 319.0
OX637747.1 265500000 266000000 319.0
OX637747.1 266000000 266500000 319.00036
OX637747.1 266500000 267000000 319.00024
OX637747.1 267000000 267500000 319.0
OX637747.1 267500000 268000000 319.0
OX637747.1 268000000 268500000 319.0
OX637747.1 268500000 269000000 319.0
OX637747.1 269000000 269500000 319.0
OX637747.1 269500000 270000000 319.0
OX637747.1 270000000 270500000 319.0
OX637747.1 270500000 271000000 319.02671
OX637747.1 271000000 271500000 320.0
OX637747.1 271500000 272000000 320.0
OX637747.1 272000000 272500000 320.0
OX637747.1 272500000 273000000 320.0
OX637747.1 273000000 273500000 320.0
OX637747.1 273500000 274000000 320.0
OX637747.1 274000000 274500000 320.0
OX637747.1 274500000 275000000 320.94452
OX637747.1 275000000 275500000 321.0
OX637747.1 275500000 276000000 321.0
OX637747.1 276000000 276500000 321.0
OX637747.1 276500000 277000000 321.0
OX637747.1 277000000 277500000 321.0
OX637747.1 277500000 278000000 321.0
OX637747.1 278000000 278500000 321.0
OX637747.1 278500000 279000000 321.0
OX637747.1 279000000 279500000 321.0
OX637747.1 279500000 280000000 321.0
OX637747.1 280000000 280500000 321.0
OX637747.1 280500000 281000000 321.0
OX637747.1 281000000 281500000 321.0
OX637747.1 281500000 282000000 321.0
OX637747.1 282000000 282500000 321.23773
OX637747.1 282500000 283000000 322.0
OX637747.1 283000000 283500000 322.0
OX637747.1 283500000 284000000 322.0
OX637747.1 284000000 284500000 322.00023
OX637747.1 284500000 285000000 322.0
OX637747.1 285000000 285500000 322.0
OX637747.1 285500000 286000000 322.85633
OX637747.1 286000000 286500000 323.0
OX637747.1 286500000 287000000 322.89366
OX637747.1 287000000 287500000 322.0
OX637747.1 287500000 288000000 322.0
OX637747.1 288000000 288500000 322.0
OX637747.1 288500000 289000000 322.0
OX637747.1 289000000 289500000 322.0
OX637747.1 289500000 290000000 322.0
OX637747.1 290000000 290500000 322.0
OX637747.1 290500000 291000000 322.0
OX637747.1 291000000 291500000 322.0
OX637747.1 291500000 292000000 322.0
OX637747.1 292000000 292500000 322.0
OX637747.1 292500000 293000000 322.0
OX637747.1 293000000 293500000 322.0
OX637747.1 293500000 294000000 322.0
OX637747.1 294000000 294500000 322.0
OX637747.1 294500000 295000000 322.0
OX637747.1 295000000 295500000 322.0
OX637747.1 295500000 296000000 322.0
OX637747.1 296000000 296500000 322.0
OX637747.1 296500000 297000000 322.0
OX637747.1 297000000 297500000 322.0
OX637747.1 297500000 298000000 322.0
OX637747.1 298000000 298500000 322.0
OX637747.1 298500000 299000000 322.0
OX637747.1 299000000 299500000 322.0
OX637747.1 299500000 300000000 322.0
OX637747.1 300000000 300500000 322.0
OX637747.1 300500000 301000000 322.0
OX637747.1 301000000 301500000 322.0
OX637747.1 301500000 302000000 322.0
OX637747.1 302000000 302500000 322.0
OX637747.1 302500000 303000000 322.0
OX637747.1 303000000 303500000 322.0
OX637747.1 303500000 304000000 322.0
OX637747.1 304000000 304500000 322.0
OX637747.1 304500000 305000000 322.0
OX637747.1 305000000 305500000 322.0
OX637747.1 305500000 306000000 322.0
OX637747.1 306000000 306500000 322.0
OX637747.1 306500000 307000000 322.0
OX637747.1 307000000 307500000 322.0
OX637747.1 307500000 308000000 322.0
OX637747.1 308000000 308500000 322.0
OX637747.1 308500000 309000000 322.0
OX637747.1 309000000 309500000 322.0
OX637747.1 309500000 310000000 322.0
OX637747.1 310000000 310500000 322.0
OX637747.1 310500000 311000000 322.0
OX637747.1 311000000 311500000 322.0
OX637747.1 311500000 312000000 322.0
OX637747.1 312000000 312500000 322.0
OX637747.1 312500000 313000000 322.0
OX637747.1 313000000 313500000 322.07431
OX637747.1 313500000 314000000 323.0
OX637747.1 314000000 314500000 323.0
OX637747.1 314500000 315000000 323.0
OX637747.1 315000000 315500000 323.0
OX637747.1 315500000 316000000 322.1254
OX637747.1 316000000 316500000 322.0
OX637747.1 316500000 317000000 322.44765
OX637747.1 317000000 317500000 323.0
OX637747.1 317500000 318000000 323.0
OX637747.1 318000000 318500000 323.0
OX637747.1 318500000 319000000 323.0
OX637747.1 319000000 319500000 323.0
OX637747.1 319500000 320000000 323.0
OX637747.1 320000000 320500000 323.0
OX637747.1 320500000 321000000 323.0
OX637747.1 321000000 321500000 323.0
OX637747.1 321500000 322000000 323.0
OX637747.1 322000000 322500000 323.0
OX637747.1 322500000 323000000 323.00032
OX637747.1 323000000 323500000 323.0
OX637747.1 323500000 324000000 323.0
OX637747.1 324000000 324500000 323.0
OX637747.1 324500000 325000000 323.0
OX637747.1 325000000 325500000 323.0
OX637747.1 325500000 326000000 323.0
OX637747.1 326000000 326500000 323.0
OX637747.1 326500000 327000000 323.0
OX637747.1 327000000 327500000 323.0
OX637747.1 327500000 328000000 323.0
OX637747.1 328000000 328500000 323.0
OX637747.1 328500000 329000000 323.0
OX637747.1 329000000 329500000 323.0
OX637747.1 329500000 330000000 323.0
OX637747.1 330000000 330500000 323.0
OX637747.1 330500000 331000000 323.0
OX637747.1 331000000 331500000 323.0
OX637747.1 331500000 332000000 323.0
OX637747.1 332000000 332500000 323.0
OX637747.1 332500000 333000000 323.0
OX637747.1 333000000 333500000 323.0
OX637747.1 333500000 334000000 323.0
OX637747.1 334000000 334500000 323.00042
OX637747.1 334500000 335000000 323.0
OX637747.1 335000000 335500000 323.0
OX637747.1 335500000 336000000 323.00016
OX637747.1 336000000 336500000 323.0
OX637747.1 336500000 337000000 323.0
OX637747.1 337000000 337500000 323.0
OX637747.1 337500000 338000000 322.18221
OX637747.1 338000000 338500000 322.0
OX637747.1 338500000 339000000 322.8617
OX637747.1 339000000 339500000 323.62786
OX637747.1 339500000 340000000 324.0
OX637747.1 340000000 340500000 324.0
OX637747.1 340500000 341000000 324.0
OX637747.1 341000000 341500000 324.0
OX637747.1 341500000 342000000 324.0
OX637747.1 342000000 342500000 324.0
OX637747.1 342500000 343000000 324.0
OX637747.1 343000000 343500000 324.0
OX637747.1 343500000 344000000 324.04324
OX637747.1 344000000 344500000 325.0
OX637747.1 344500000 345000000 325.0
OX637747.1 345000000 345500000 325.0
OX637747.1 345500000 346000000 325.00026
OX637747.1 346000000 346500000 325.0
OX637747.1 346500000 347000000 325.0
OX637747.1 347000000 347500000 324.27133
OX637747.1 347500000 348000000 324.0
OX637747.1 348000000 348500000 324.00062
OX637747.1 348500000 349000000 324.0
OX637747.1 349000000 349500000 324.00017
OX637747.1 349500000 350000000 324.0
OX637747.1 350000000 350500000 324.0
OX637747.1 350500000 351000000 324.0
OX637747.1 351000000 351500000 324.0
OX637747.1 351500000 352000000 323.36615
OX637747.1 352000000 352500000 323.0
OX637747.1 352500000 353000000 323.0
OX637747.1 353000000 353500000 323.0
OX637747.1 353500000 354000000 323.0
OX637747.1 354000000 354500000 323.0
OX637747.1 354500000 355000000 323.0
OX637747.1 355000000 355500000 323.0
OX637747.1 355500000 356000000 323.0
OX637747.1 356000000 356500000 323.0
OX637747.1 356500000 357000000 323.0
OX637747.1 357000000 357500000 323.0
OX637747.1 357500000 358000000 323.0
OX637747.1 358000000 358500000 323.0
OX637747.1 358500000 359000000 323.0
OX637747.1 359000000 359500000 323.0
OX637747.1 359500000 360000000 323.12026
OX637747.1 360000000 360500000 324.0
OX637747.1 360500000 361000000 324.0
OX637747.1 361000000 361500000 324.00026
OX637747.1 361500000 362000000 324.10585
OX637747.1 362000000 362500000 325.0
OX637747.1 362500000 363000000 325.0
OX637747.1 363000000 363500000 325.0
OX637747.1 363500000 364000000 325.0
OX637747.1 364000000 364500000 325.0
OX637747.1 364500000 365000000 325.0
OX637747.1 365000000 365500000 325.00035
OX637747.1 365500000 366000000 325.0
OX637747.1 366000000 366500000 324.26333
OX637747.1 366500000 367000000 324.0
OX637747.1 367000000 367500000 324.0
OX637747.1 367500000 368000000 324.0
OX637747.1 368000000 368500000 324.0
OX637747.1 368500000 369000000 324.0
OX637747.1 369000000 369500000 324.42504
OX637747.1 369500000 370000000 325.0
OX637747.1 370000000 370500000 325.00038
OX637747.1 370500000 371000000 324.4798
OX637747.1 371000000 371500000 323.17197
OX637747.1 371500000 372000000 323.0
OX637747.1 372000000 372500000 323.0
OX637747.1 372500000 373000000 323.0
OX637747.1 373000000 373500000 323.0
OX637747.1 373500000 374000000 323.09399
OX637747.1 374000000 374500000 324.0
OX637747.1 374500000 375000000 324.0
OX637747.1 375000000 375500000 324.0
OX637747.1 375500000 376000000 323.68197
OX637747.1 376000000 376500000 323.00089
OX637747.1 376500000 377000000 323.86861
OX637747.1 377000000 377500000 324.0
OX637747.1 377500000 378000000 324.0
OX637747.1 378000000 378500000 324.0
OX637747.1 378500000 379000000 324.0
OX637747.1 379000000 379500000 324.0
OX637747.1 379500000 380000000 324.00141
OX637747.1 380000000 380500000 324.0
OX637747.1 380500000 381000000 324.0
OX637747.1 381000000 381500000 324.00102
OX637747.1 381500000 382000000 324.0
OX637747.1 382000000 382500000 324.64643
OX637747.1 382500000 383000000 324.00272
OX637747.1 383000000 383500000 324.0
OX637747.1 383500000 384000000 324.0
OX637747.1 384000000 384500000 323.0284
OX637747.1 384500000 385000000 323.0
OX637747.1 385000000 385500000 323.0
OX637747.1 385500000 386000000 323.0
OX637747.1 386000000 386500000 323.0
OX637747.1 386500000 387000000 323.0
OX637747.1 387000000 387500000 323.0
OX637747.1 387500000 388000000 323.0
OX637747.1 388000000 388500000 323.00023
OX637747.1 388500000 389000000 323.0
OX637747.1 389000000 389500000 323.0
OX637747.1 389500000 390000000 322.32114
OX637747.1 390000000 390500000 322.0
OX637747.1 390500000 391000000 322.00119
OX637747.1 391000000 391500000 322.0
OX637747.1 391500000 392000000 322.0
OX637747.1 392000000 392500000 322.0
OX637747.1 392500000 393000000 322.0
OX637747.1 393000000 393500000 321.46215
OX637747.1 393500000 394000000 321.0
OX637747.1 394000000 394500000 321.0
OX637747.1 394500000 395000000 321.0
OX637747.1 395000000 395500000 321.0
OX637747.1 395500000 396000000 321.0
OX637747.1 396000000 396500000 321.0
OX637747.1 396500000 397000000 321.0
OX637747.1 397000000 397500000 320.6733
OX637747.1 397500000 398000000 320.0
OX637747.1 398000000 398500000 319.82808
OX637747.1 398500000 399000000 317.12637
OX637747.1 399000000 399500000 317.0
OX637747.1 399500000 400000000 317.0
OX637747.1 400000000 400500000 317.0
OX637747.1 400500000 401000000 317.0
OX637747.1 401000000 401500000 317.0
OX637747.1 401500000 402000000 317.0
OX637747.1 402000000 402500000 317.0
OX637747.1 402500000 403000000 317.34569
OX637747.1 403000000 403500000 318.0
OX637747.1 403500000 404000000 318.0
OX637747.1 404000000 404500000 318.0
OX637747.1 404500000 405000000 317.10813
OX637747.1 405000000 405500000 317.0
OX637747.1 405500000 406000000 317.00082
OX637747.1 406000000 406500000 316.28656
OX637747.1 406500000 407000000 316.0
OX637747.1 407000000 407500000 316.0
OX637747.1 407500000 408000000 316.0
OX637747.1 408000000 408500000 316.0
OX637747.1 408500000 409000000 316.0
OX637747.1 409000000 409500000 316.0
OX637747.1 409500000 410000000 316.001
OX637747.1 410000000 410500000 316.0
OX637747.1 410500000 411000000 316.0
OX637747.1 411000000 411500000 316.78801
OX637747.1 411500000 412000000 317.0
OX637747.1 412000000 412500000 317.26131
OX637747.1 412500000 413000000 318.0
OX637747.1 413000000 413500000 318.0
OX637747.1 413500000 414000000 318.0
OX637747.1 414000000 414500000 318.0
OX637747.1 414500000 415000000 317.54263
OX637747.1 415000000 415500000 317.0
OX637747.1 415500000 416000000 317.0
OX637747.1 416000000 416500000 317.00155
OX637747.1 416500000 417000000 317.0
OX637747.1 417000000 417500000 317.0
OX637747.1 417500000 418000000 317.0
OX637747.1 418000000 418500000 317.0
OX637747.1 418500000 419000000 317.0
OX637747.1 419000000 419500000 317.0
OX637747.1 419500000 420000000 317.0
OX637747.1 420000000 420500000 317.0
OX637747.1 420500000 421000000 317.0
OX637747.1 421000000 421500000 317.0
OX637747.1 421500000 422000000 317.0
OX637747.1 422000000 422500000 317.37543
OX637747.1 422500000 423000000 317.21254
OX637747.1 423000000 423500000 317.0
OX637747.1 423500000 424000000 317.00017
OX637747.1 424000000 424500000 317.0
OX637747.1 424500000 425000000 317.0
OX637747.1 425000000 425500000 317.00016
OX637747.1 425500000 426000000 317.0
OX637747.1 426000000 426500000 317.0
OX637747.1 426500000 427000000 317.0
OX637747.1 427000000 427500000 317.0
OX637747.1 427500000 428000000 316.675
OX637747.1 428000000 428500000 316.0
OX637747.1 428500000 429000000 316.0
OX637747.1 429000000 429500000 316.0
OX637747.1 429500000 430000000 316.0
OX637747.1 430000000 430500000 316.0
OX637747.1 430500000 431000000 316.0
OX637747.1 431000000 431500000 316.11337
OX637747.1 431500000 432000000 317.00191
OX637747.1 432000000 432500000 317.0
OX637747.1 432500000 433000000 317.0
OX637747.1 433000000 433500000 317.0
OX637747.1 433500000 434000000 317.92122
OX637747.1 434000000 434500000 318.0
OX637747.1 434500000 435000000 318.0
OX637747.1 435000000 435500000 318.00025
OX637747.1 435500000 436000000 318.0
OX637747.1 436000000 436500000 318.00017
OX637747.1 436500000 437000000 318.0
OX637747.1 437000000 437500000 317.56607
OX637747.1 437500000 438000000 316.98876
OX637747.1 438000000 438500000 315.90655
OX637747.1 438500000 439000000 315.0
OX637747.1 439000000 439500000 315.62095
OX637747.1 439500000 440000000 316.0
OX637747.1 440000000 440500000 316.0
OX637747.1 440500000 441000000 316.0
OX637747.1 441000000 441500000 316.0
OX637747.1 441500000 442000000 316.0
OX637747.1 442000000 442500000 316.0
OX637747.1 442500000 443000000 316.0
OX637747.1 443000000 443500000 316.0
OX637747.1 443500000 444000000 316.0
OX637747.1 444000000 444500000 316.0
OX637747.1 444500000 445000000 316.0
OX637747.1 445000000 445500000 316.0
OX637747.1 445500000 446000000 316.0
OX637747.1 446000000 446500000 316.0
OX637747.1 446500000 447000000 316.0
OX637747.1 447000000 447500000 316.0
OX637747.1 447500000 448000000 316.0
OX637747.1 448000000 448500000 316.0
OX637747.1 448500000 449000000 316.00118
OX637747.1 449000000 449500000 316.0
OX637747.1 449500000 450000000 316.0
OX637747.1 450000000 450500000 316.0
OX637747.1 450500000 451000000 316.0
OX637747.1 451000000 451500000 316.0
OX637747.1 451500000 452000000 316.0
OX637747.1 452000000 452500000 316.0
OX637747.1 452500000 453000000 316.0
OX637747.1 453000000 453500000 316.0
OX637747.1 453500000 454000000 316.0
OX637747.1 454000000 454500000 316.0
OX637747.1 454500000 455000000 316.36331
OX637747.1 455000000 455500000 316.99202
OX637747.1 455500000 456000000 316.90861
OX637747.1 456000000 456500000 317.0
OX637747.1 456500000 457000000 317.00107
OX637747.1 457000000 457500000 317.0
OX637747.1 457500000 458000000 317.0
OX637747.1 458000000 458500000 317.0
OX637747.1 458500000 459000000 316.69821
OX637747.1 459000000 459500000 317.0
OX637747.1 459500000 460000000 317.00134
OX637747.1 460000000 460500000 317.0
OX637747.1 460500000 461000000 316.99472
OX637747.1 461000000 461500000 316.0
OX637747.1 461500000 462000000 316.00039
OX637747.1 462000000 462500000 315.2686
OX637747.1 462500000 463000000 315.0
OX637747.1 463000000 463500000 315.00055
OX637747.1 463500000 464000000 315.0
OX637747.1 464000000 464500000 315.0
OX637747.1 464500000 465000000 315.0
OX637747.1 465000000 465500000 315.0
OX637747.1 465500000 466000000 315.0
OX637747.1 466000000 466500000 314.33968
OX637747.1 466500000 467000000 314.0
OX637747.1 467000000 467500000 314.0
OX637747.1 467500000 468000000 314.0
OX637747.1 468000000 468500000 314.0
OX637747.1 468500000 469000000 314.0
OX637747.1 469000000 469500000 313.37645
OX637747.1 469500000 470000000 313.0
OX637747.1 470000000 470500000 313.00026
OX637747.1 470500000 471000000 313.0
OX637747.1 471000000 471500000 313.0
OX637747.1 471500000 472000000 313.00017
OX637747.1 472000000 472500000 313.0002
OX637747.1 472500000 473000000 313.0
OX637747.1 473000000 473500000 313.0
OX637747.1 473500000 474000000 312.58023
OX637747.1 474000000 474500000 311.6891
OX637747.1 474500000 475000000 311.0
OX637747.1 475000000 475500000 311.0
OX637747.1 475500000 476000000 311.0
OX637747.1 476000000 476500000 311.0
OX637747.1 476500000 477000000 311.0
OX637747.1 477000000 477500000 311.0
OX637747.1 477500000 478000000 311.00215
OX637747.1 478000000 478500000 311.0
OX637747.1 478500000 479000000 311.00024
OX637747.1 479000000 479500000 311.0
OX637747.1 479500000 480000000 310.70092
OX637747.1 480000000 480500000 310.78282
OX637747.1 480500000 481000000 310.0
OX637747.1 481000000 481500000 310.0
OX637747.1 481500000 482000000 310.0
OX637747.1 482000000 482500000 310.00019
OX637747.1 482500000 483000000 309.1481
OX637747.1 483000000 483500000 309.0
OX637747.1 483500000 484000000 309.0
OX637747.1 484000000 484500000 309.0
OX637747.1 484500000 485000000 309.0
OX637747.1 485000000 485500000 308.64145
OX637747.1 485500000 486000000 307.35294
OX637747.1 486000000 486500000 307.00115
OX637747.1 486500000 487000000 307.41467
OX637747.1 487000000 487500000 307.0
OX637747.1 487500000 488000000 307.52973
OX637747.1 488000000 488500000 307.29623
OX637747.1 488500000 489000000 307.0
OX637747.1 489000000 489500000 307.0
OX637747.1 489500000 490000000 307.0
OX637747.1 490000000 490500000 307.0
OX637747.1 490500000 491000000 307.00041
OX637747.1 491000000 491500000 307.0
OX637747.1 491500000 492000000 306.98485
OX637747.1 492000000 492500000 306.94068
OX637747.1 492500000 493000000 306.71383
OX637747.1 493000000 493500000 307.0
OX637747.1 493500000 494000000 306.00049
OX637747.1 494000000 494500000 306.20016
OX637747.1 494500000 495000000 305.28691
OX637747.1 495000000 495500000 305.0
OX637747.1 495500000 496000000 304.80685
OX637747.1 496000000 496500000 304.00053
OX637747.1 496500000 497000000 304.0
OX637747.1 497000000 497500000 303.5524
OX637747.1 497500000 498000000 303.18896
OX637747.1 498000000 498500000 304.25164
OX637747.1 498500000 499000000 303.29914
OX637747.1 499000000 499500000 302.0
OX637747.1 499500000 500000000 302.0
OX637747.1 500000000 500500000 302.0
OX637747.1 500500000 501000000 302.0
OX637747.1 501000000 501500000 302.0
OX637747.1 501500000 502000000 301.58086
OX637747.1 502000000 502500000 301.0
OX637747.1 502500000 503000000 300.45406
OX637747.1 503000000 503500000 300.001
OX637747.1 503500000 504000000 300.0
OX637747.1 504000000 504500000 300.0
OX637747.1 504500000 505000000 299.85976
OX637747.1 505000000 505500000 298.71504
OX637747.1 505500000 506000000 298.14743
OX637747.1 506000000 506500000 298.0
OX637747.1 506500000 507000000 298.49362
OX637747.1 507000000 507500000 299.00088
OX637747.1 507500000 508000000 298.47453
OX637747.1 508000000 508500000 297.58436
OX637747.1 508500000 509000000 295.33521
OX637747.1 509000000 509500000 294.27397
OX637747.1 509500000 510000000 293.91904
OX637747.1 510000000 510500000 293.00107
OX637747.1 510500000 511000000 293.00124
OX637747.1 511000000 511500000 293.0
OX637747.1 511500000 512000000 292.27372
OX637747.1 512000000 512500000 291.37828
OX637747.1 512500000 513000000 291.0
OX637747.1 513000000 513500000 291.0
OX637747.1 513500000 514000000 291.96648
OX637747.1 514000000 514500000 291.41279
OX637747.1 514500000 515000000 291.0004
OX637747.1 515000000 515500000 291.00036
OX637747.1 515500000 516000000 291.0
OX637747.1 516000000 516500000 290.03187
OX637747.1 516500000 517000000 289.6196
OX637747.1 517000000 517500000 288.78034
OX637747.1 517500000 518000000 287.24854
OX637747.1 518000000 518500000 287.0
OX637747.1 518500000 519000000 286.19838
OX637747.1 519000000 519500000 286.0
OX637747.1 519500000 520000000 286.00037
OX637747.1 520000000 520500000 285.50656
OX637747.1 520500000 521000000 282.64928
OX637747.1 521000000 521500000 282.0002
OX637747.1 521500000 522000000 282.00118
OX637747.1 522000000 522500000 282.0
OX637747.1 522500000 523000000 280.95696
OX637747.1 523000000 523500000 279.10233
OX637747.1 523500000 524000000 278.0014
OX637747.1 524000000 524500000 277.55432
OX637747.1 524500000 525000000 276.57027
OX637747.1 525000000 525500000 275.47487
OX637747.1 525500000 526000000 275.00084
OX637747.1 526000000 526500000 273.25273
OX637747.1 526500000 527000000 271.05054
OX637747.1 527000000 527500000 270.62707
OX637747.1 527500000 528000000 270.0
OX637747.1 528000000 528500000 269.19364
OX637747.1 528500000 529000000 269.0
OX637747.1 529000000 529500000 268.94364
OX637747.1 529500000 530000000 268.00025
OX637747.1 530000000 530500000 267.46089
OX637747.1 530500000 531000000 262.81864
OX637747.1 531000000 531500000 260.4288
OX637747.1 531500000 532000000 258.50376
OX637747.1 532000000 532500000 258.0
OX637747.1 532500000 533000000 256.86566
OX637747.1 533000000 533500000 255.58868
OX637747.1 533500000 534000000 252.39971
OX637747.1 534000000 534500000 248.32922
OX637747.1 534500000 535000000 246.41524
OX637747.1 535000000 535500000 245.80986
OX637747.1 535500000 536000000 243.57358
OX637747.1 536000000 536500000 240.96886
OX637747.1 536500000 537000000 237.04431
OX637747.1 537000000 537500000 236.27872
OX637747.1 537500000 538000000 235.87289
OX637747.1 538000000 538500000 234.59108
OX637747.1 538500000 539000000 233.0
OX637747.1 539000000 539500000 231.89013
OX637747.1 539500000 540000000 230.98524
OX637747.1 540000000 540500000 229.04558
OX637747.1 540500000 541000000 229.0
OX637747.1 541000000 541500000 228.34731
OX637747.1 541500000 542000000 226.34807
OX637747.1 542000000 542500000 225.66026
OX637747.1 542500000 543000000 223.11845
OX637747.1 543000000 543500000 221.54288
OX637747.1 543500000 544000000 221.0
OX637747.1 544000000 544500000 219.43834
OX637747.1 544500000 545000000 218.63656
OX637747.1 545000000 545500000 215.0087
OX637747.1 545500000 546000000 205.75012
OX637747.1 546000000 546500000 203.82425
OX637747.1 546500000 547000000 203.0
OX637747.1 547000000 547500000 202.63304
OX637747.1 547500000 548000000 201.37527
OX637747.1 548000000 548500000 198.75958
OX637747.1 548500000 549000000 198.0598
OX637747.1 549000000 549500000 193.70714
OX637747.1 549500000 550000000 190.44812
OX637747.1 550000000 550500000 187.00909
OX637747.1 550500000 551000000 182.58999
OX637747.1 551000000 551500000 179.96296
OX637747.1 551500000 552000000 179.09714
OX637747.1 552000000 552500000 178.745
OX637747.1 552500000 553000000 177.57371
OX637747.1 553000000 553500000 175.95284
OX637747.1 553500000 554000000 169.84136
OX637747.1 554000000 554500000 167.50092
OX637747.1 554500000 555000000 166.94054
OX637747.1 555000000 555500000 164.02305
OX637747.1 555500000 556000000 163.15996
OX637747.1 556000000 556500000 158.3773
OX637747.1 556500000 557000000 155.22252
OX637747.1 557000000 557500000 155.0
OX637747.1 557500000 558000000 154.53392
OX637747.1 558000000 558500000 151.8141
OX637747.1 558500000 559000000 146.34039
OX637747.1 559000000 559500000 143.8727
OX637747.1 559500000 560000000 139.01477
OX637747.1 560000000 560500000 137.32224
OX637747.1 560500000 561000000 130.9619
OX637747.1 561000000 561500000 126.00964
OX637747.1 561500000 562000000 122.73392
OX637747.1 562000000 562500000 115.94963
OX637747.1 562500000 563000000 108.71083
OX637747.1 563000000 563500000 101.01154
OX637747.1 563500000 564000000 94.63272
OX637747.1 564000000 564500000 93.0
OX637747.1 564500000 565000000 93.0
OX637747.1 565000000 565500000 93.0
OX637747.1 565500000 566000000 92.13309
OX637747.1 566000000 566500000 92.0
OX637747.1 566500000 567000000 92.0
OX637747.1 567000000 567500000 92.0
OX637747.1 567500000 568000000 92.0
OX637747.1 568000000 568500000 92.0
OX637747.1 568500000 569000000 89.35749
OX637747.1 569000000 569500000 87.07227
OX637747.1 569500000 570000000 87.0
OX637747.1 570000000 570500000 86.96798
OX637747.1 570500000 571000000 83.44765
OX637747.1 571000000 571500000 83.0
OX637747.1 571500000 572000000 83.0
OX637747.1 572000000 572500000 83.0
OX637747.1 572500000 573000000 83.0
OX637747.1 573000000 573500000 82.31601
OX637747.1 573500000 574000000 78.99924
OX637747.1 574000000 574500000 73.8614
OX637747.1 574500000 575000000 72.0
OX637747.1 575000000 575500000 71.70645
OX637747.1 575500000 576000000 71.0
OX637747.1 576000000 576500000 71.0
OX637747.1 576500000 577000000 70.96026
OX637747.1 577000000 577500000 68.46564
OX637747.1 577500000 578000000 68.0
OX637747.1 578000000 578500000 67.02194
OX637747.1 578500000 579000000 65.0
OX637747.1 579000000 579500000 64.16021
OX637747.1 579500000 580000000 62.50532
OX637747.1 580000000 580500000 61.06656
OX637747.1 580500000 581000000 57.9225
OX637747.1 581000000 581500000 56.542
OX637747.1 581500000 582000000 51.39644
OX637747.1 582000000 582500000 47.59477
OX637747.1 582500000 583000000 45.0
OX637747.1 583000000 583500000 40.40027
OX637747.1 583500000 584000000 31.60636
OX637747.1 584000000 584500000 27.76214
OX637747.1 584500000 585000000 25.07575
OX637747.1 585000000 585500000 20.11131
OX637747.1 585500000 586000000 20.0
OX637747.1 586000000 586500000 20.0
OX637747.1 586500000 587000000 18.06791
OX637747.1 587000000 587500000 17.0
OX637747.1 587500000 588000000 16.03867
OX637747.1 588000000 588500000 8.08587
OX637747.1 588500000 589000000 3.22589
OX637747.1 589000000 589500000 3.0
OX637747.1 589500000 590000000 2.69328
OX637747.1 590000000 590011947 0.0
OX637754.1 0 500000 1.6677
OX637754.1 500000 1000000 6.94202
OX637754.1 1000000 1500000 17.40448
OX637754.1 1500000 2000000 25.65666
OX637754.1 2000000 2500000 28.58935
OX637754.1 2500000 3000000 35.86629
OX637754.1 3000000 3500000 41.47883
OX637754.1 3500000 4000000 51.00433
OX637754.1 4000000 4500000 62.04168
OX637754.1 4500000 5000000 71.48256
OX637754.1 5000000 5500000 80.29189
OX637754.1 5500000 6000000 86.58573
OX637754.1 6000000 6500000 89.80525
OX637754.1 6500000 7000000 97.03793
OX637754.1 7000000 7500000 100.0
OX637754.1 7500000 8000000 100.37396
OX637754.1 8000000 8500000 101.0
OX637754.1 8500000 9000000 101.97793
OX637754.1 9000000 9500000 104.63475
OX637754.1 9500000 10000000 107.51349
OX637754.1 10000000 10500000 109.14346
OX637754.1 10500000 11000000 110.0
OX637754.1 11000000 11500000 110.46678
OX637754.1 11500000 12000000 113.47022
OX637754.1 12000000 12500000 115.20974
OX637754.1 12500000 13000000 117.38191
OX637754.1 13000000 13500000 120.99536
OX637754.1 13500000 14000000 126.17586
OX637754.1 14000000 14500000 128.00961
OX637754.1 14500000 15000000 131.93514
OX637754.1 15000000 15500000 135.05572
OX637754.1 15500000 16000000 139.97159
OX637754.1 16000000 16500000 140.00117
OX637754.1 16500000 17000000 140.00068
OX637754.1 17000000 17500000 142.2864
OX637754.1 17500000 18000000 147.06711
OX637754.1 18000000 18500000 153.78131
OX637754.1 18500000 19000000 157.67302
OX637754.1 19000000 19500000 163.41147
OX637754.1 19500000 20000000 165.0
OX637754.1 20000000 20500000 166.29615
OX637754.1 20500000 21000000 167.92865
OX637754.1 21000000 21500000 168.0
OX637754.1 21500000 22000000 168.83512
OX637754.1 22000000 22500000 169.68629
OX637754.1 22500000 23000000 171.08212
OX637754.1 23000000 23500000 172.0
OX637754.1 23500000 24000000 172.49209
OX637754.1 24000000 24500000 174.54524
OX637754.1 24500000 25000000 177.91456
OX637754.1 25000000 25500000 179.93389
OX637754.1 25500000 26000000 183.56942
OX637754.1 26000000 26500000 184.79685
OX637754.1 26500000 27000000 185.15792
OX637754.1 27000000 27500000 186.38528
OX637754.1 27500000 28000000 188.33008
OX637754.1 28000000 28500000 192.19288
OX637754.1 28500000 29000000 194.26227
OX637754.1 29000000 29500000 200.53175
OX637754.1 29500000 30000000 203.51158
OX637754.1 30000000 30500000 205.95349
OX637754.1 30500000 31000000 207.0
OX637754.1 31000000 31500000 206.29355
OX637754.1 31500000 32000000 206.0
OX637754.1 32000000 32500000 206.0
OX637754.1 32500000 33000000 208.34225
OX637754.1 33000000 33500000 212.74873
OX637754.1 33500000 34000000 214.16815
OX637754.1 34000000 34500000 215.00019
OX637754.1 34500000 35000000 215.76719
OX637754.1 35000000 35500000 216.36432
OX637754.1 35500000 36000000 217.83605
OX637754.1 36000000 36500000 219.0
OX637754.1 36500000 37000000 219.55086
OX637754.1 37000000 37500000 222.88382
OX637754.1 37500000 38000000 223.87834
OX637754.1 38000000 38500000 224.42334
OX637754.1 38500000 39000000 225.66462
OX637754.1 39000000 39500000 228.61056
OX637754.1 39500000 40000000 230.83806
OX637754.1 40000000 40500000 231.18555
OX637754.1 40500000 41000000 233.35743
OX637754.1 41000000 41500000 234.0
OX637754.1 41500000 42000000 234.0
OX637754.1 42000000 42500000 234.14919
OX637754.1 42500000 43000000 236.0
OX637754.1 43000000 43500000 236.62573
OX637754.1 43500000 44000000 238.59786
OX637754.1 44000000 44500000 240.97252
OX637754.1 44500000 45000000 241.0
OX637754.1 45000000 45500000 242.65554
OX637754.1 45500000 46000000 246.78103
OX637754.1 46000000 46500000 249.04594
OX637754.1 46500000 47000000 250.0
OX637754.1 47000000 47500000 250.0
OX637754.1 47500000 48000000 250.57858
OX637754.1 48000000 48500000 253.14258
OX637754.1 48500000 49000000 258.69103
OX637754.1 49000000 49500000 261.29366
OX637754.1 49500000 50000000 263.0
OX637754.1 50000000 50500000 263.0
OX637754.1 50500000 51000000 263.84051
OX637754.1 51000000 51500000 265.39632
OX637754.1 51500000 52000000 266.31946
OX637754.1 52000000 52500000 268.11073
OX637754.1 52500000 53000000 269.00048
OX637754.1 53000000 53500000 270.04929
OX637754.1 53500000 54000000 272.07149
OX637754.1 54000000 54500000 275.38739
OX637754.1 54500000 55000000 276.73832
OX637754.1 55000000 55500000 277.0
OX637754.1 55500000 56000000 279.12913
OX637754.1 56000000 56500000 282.02032
OX637754.1 56500000 57000000 284.57297
OX637754.1 57000000 57500000 285.3534
OX637754.1 57500000 58000000 286.93532
OX637754.1 58000000 58500000 288.95366
OX637754.1 58500000 59000000 291.81055
OX637754.1 59000000 59500000 292.0
OX637754.1 59500000 60000000 292.62766
OX637754.1 60000000 60500000 294.8469
OX637754.1 60500000 61000000 296.0012
OX637754.1 61000000 61500000 296.59139
OX637754.1 61500000 62000000 300.65336
OX637754.1 62000000 62500000 301.77888
OX637754.1 62500000 63000000 302.0
OX637754.1 63000000 63500000 302.35424
OX637754.1 63500000 64000000 307.33483
OX637754.1 64000000 64500000 309.36959
OX637754.1 64500000 65000000 308.99972
OX637754.1 65000000 65500000 309.21855
OX637754.1 65500000 66000000 312.24196
OX637754.1 66000000 66500000 313.00232
OX637754.1 66500000 67000000 314.74125
OX637754.1 67000000 67500000 315.0
OX637754.1 67500000 68000000 315.0
OX637754.1 68000000 68500000 315.00558
OX637754.1 68500000 69000000 316.35842
OX637754.1 69000000 69500000 317.0
OX637754.1 69500000 70000000 318.35912
OX637754.1 70000000 70500000 320.84823
OX637754.1 70500000 71000000 321.07282
OX637754.1 71000000 71500000 322.0
OX637754.1 71500000 72000000 322.0
OX637754.1 72000000 72500000 322.20025
OX637754.1 72500000 73000000 323.0
OX637754.1 73000000 73500000 323.0
OX637754.1 73500000 74000000 323.23586
OX637754.1 74000000 74500000 324.0
OX637754.1 74500000 75000000 324.0
OX637754.1 75000000 75500000 324.0
OX637754.1 75500000 76000000 324.0
OX637754.1 76000000 76500000 325.3209
OX637754.1 76500000 77000000 328.0
OX637754.1 77000000 77500000 328.0
OX637754.1 77500000 78000000 328.47573
OX637754.1 78000000 78500000 330.0
OX637754.1 78500000 79000000 330.0
OX637754.1 79000000 79500000 330.0
OX637754.1 79500000 80000000 330.03793
OX637754.1 80000000 80500000 331.39587
OX637754.1 80500000 81000000 333.0
OX637754.1 81000000 81500000 333.0
OX637754.1 81500000 82000000 334.69862
OX637754.1 82000000 82500000 335.0
OX637754.1 82500000 83000000 335.0
OX637754.1 83000000 83500000 335.0
OX637754.1 83500000 84000000 335.0002
OX637754.1 84000000 84500000 335.00054
OX637754.1 84500000 85000000 335.00074
OX637754.1 85000000 85500000 335.00023
OX637754.1 85500000 86000000 336.29
OX637754.1 86000000 86500000 337.0
OX637754.1 86500000 87000000 337.0
OX637754.1 87000000 87500000 337.0
OX637754.1 87500000 88000000 337.51838
OX637754.1 88000000 88500000 339.0
OX637754.1 88500000 89000000 339.35081
OX637754.1 89000000 89500000 340.55911
OX637754.1 89500000 90000000 342.0
OX637754.1 90000000 90500000 342.0
OX637754.1 90500000 91000000 342.00024
OX637754.1 91000000 91500000 342.0
OX637754.1 91500000 92000000 342.06588
OX637754.1 92000000 92500000 342.0
OX637754.1 92500000 93000000 343.0529
OX637754.1 93000000 93500000 344.23642
OX637754.1 93500000 94000000 345.0
OX637754.1 94000000 94500000 345.0
OX637754.1 94500000 95000000 345.67887
OX637754.1 95000000 95500000 346.70907
OX637754.1 95500000 96000000 347.78212
OX637754.1 96000000 96500000 348.32269
OX637754.1 96500000 97000000 349.0
OX637754.1 97000000 97500000 349.00068
OX637754.1 97500000 98000000 349.00249
OX637754.1 98000000 98500000 348.40825
OX637754.1 98500000 99000000 348.0
OX637754.1 99000000 99500000 348.00017
OX637754.1 99500000 100000000 348.0
OX637754.1 100000000 100500000 348.81245
OX637754.1 100500000 101000000 349.0
OX637754.1 101000000 101500000 349.72268
OX637754.1 101500000 102000000 350.0
OX637754.1 102000000 102500000 350.31117
OX637754.1 102500000 103000000 352.0
OX637754.1 103000000 103500000 352.7421
OX637754.1 103500000 104000000 353.10617
OX637754.1 104000000 104500000 354.0
OX637754.1 104500000 105000000 354.0
OX637754.1 105000000 105500000 354.0
OX637754.1 105500000 106000000 354.0
OX637754.1 106000000 106500000 354.32075
OX637754.1 106500000 107000000 355.52286
OX637754.1 107000000 107500000 357.0
OX637754.1 107500000 108000000 357.0
OX637754.1 108000000 108500000 357.0
OX637754.1 108500000 109000000 357.19167
OX637754.1 109000000 109500000 359.00039
OX637754.1 109500000 110000000 359.0
OX637754.1 110000000 110500000 359.62896
OX637754.1 110500000 111000000 360.4891
OX637754.1 111000000 111500000 361.00033
OX637754.1 111500000 112000000 361.98998
OX637754.1 112000000 112500000 362.66926
OX637754.1 112500000 113000000 363.00069
OX637754.1 113000000 113500000 363.76501
OX637754.1 113500000 114000000 365.00112
OX637754.1 114000000 114500000 365.0
OX637754.1 114500000 115000000 365.0
OX637754.1 115000000 115500000 365.0
OX637754.1 115500000 116000000 365.0
OX637754.1 116000000 116500000 365.0
OX637754.1 116500000 117000000 365.95102
OX637754.1 117000000 117500000 365.52936
OX637754.1 117500000 118000000 365.0
OX637754.1 118000000 118500000 365.65834
OX637754.1 118500000 119000000 366.0
OX637754.1 119000000 119500000 366.0
OX637754.1 119500000 120000000 366.0
OX637754.1 120000000 120500000 366.0
OX637754.1 120500000 121000000 366.0
OX637754.1 121000000 121500000 366.0
OX637754.1 121500000 122000000 366.0
OX637754.1 122000000 122500000 366.0
OX637754.1 122500000 123000000 366.0
OX637754.1 123000000 123500000 365.10931
OX637754.1 123500000 124000000 365.0
OX637754.1 124000000 124500000 365.0
OX637754.1 124500000 125000000 365.0
OX637754.1 125000000 125500000 365.0
OX637754.1 125500000 126000000 365.0017
OX637754.1 126000000 126500000 365.0
OX637754.1 126500000 127000000 365.0
OX637754.1 127000000 127500000 364.16772
OX637754.1 127500000 128000000 364.52201
OX637754.1 128000000 128500000 365.0
OX637754.1 128500000 129000000 365.13674
OX637754.1 129000000 129500000 365.53374
OX637754.1 129500000 130000000 365.68296
OX637754.1 130000000 130500000 367.6403
OX637754.1 130500000 131000000 368.0
OX637754.1 131000000 131500000 368.0
OX637754.1 131500000 132000000 368.2945
OX637754.1 132000000 132500000 369.0
OX637754.1 132500000 133000000 369.001
OX637754.1 133000000 133500000 369.0
OX637754.1 133500000 134000000 369.0
OX637754.1 134000000 134500000 369.0
OX637754.1 134500000 135000000 369.60591
OX637754.1 135000000 135500000 370.0
OX637754.1 135500000 136000000 370.0
OX637754.1 136000000 136500000 370.0
OX637754.1 136500000 137000000 370.98196
OX637754.1 137000000 137500000 371.0
OX637754.1 137500000 138000000 371.00133
OX637754.1 138000000 138500000 371.1432
OX637754.1 138500000 139000000 372.72821
OX637754.1 139000000 139500000 372.51666
OX637754.1 139500000 140000000 373.92779
OX637754.1 140000000 140500000 374.0
OX637754.1 140500000 141000000 374.00077
OX637754.1 141000000 141500000 374.0
OX637754.1 141500000 142000000 373.4473
OX637754.1 142000000 142500000 373.0
OX637754.1 142500000 143000000 373.0006
OX637754.1 143000000 143500000 373.0
OX637754.1 143500000 144000000 373.6012
OX637754.1 144000000 144500000 374.81833
OX637754.1 144500000 145000000 374.18018
OX637754.1 145000000 145500000 373.00067
OX637754.1 145500000 146000000 373.0
OX637754.1 146000000 146500000 373.96464
OX637754.1 146500000 147000000 374.00117
OX637754.1 147000000 147500000 374.0
OX637754.1 147500000 148000000 373.23136
OX637754.1 148000000 148500000 374.7038
OX637754.1 148500000 149000000 375.0
OX637754.1 149000000 149500000 375.74598
OX637754.1 149500000 150000000 376.92821
OX637754.1 150000000 150500000 376.41911
OX637754.1 150500000 151000000 375.65208
OX637754.1 151000000 151500000 374.52859
OX637754.1 151500000 152000000 374.00031
OX637754.1 152000000 152500000 374.0
OX637754.1 152500000 153000000 373.73259
OX637754.1 153000000 153500000 374.00043
OX637754.1 153500000 154000000 374.0
OX637754.1 154000000 154500000 374.0
OX637754.1 154500000 155000000 374.0
OX637754.1 155000000 155500000 374.65099
OX637754.1 155500000 156000000 375.5735
OX637754.1 156000000 156500000 375.0
OX637754.1 156500000 157000000 375.0
OX637754.1 157000000 157500000 375.0
OX637754.1 157500000 158000000 375.0
OX637754.1 158000000 158500000 375.00061
OX637754.1 158500000 159000000 375.00113
OX637754.1 159000000 159500000 375.0
OX637754.1 159500000 160000000 375.0
OX637754.1 160000000 160500000 375.0
OX637754.1 160500000 161000000 375.08462
OX637754.1 161000000 161500000 376.61613
OX637754.1 161500000 162000000 377.0
OX637754.1 162000000 162500000 377.4201
OX637754.1 162500000 163000000 377.81293
OX637754.1 163000000 163500000 377.44273
OX637754.1 163500000 164000000 378.0
OX637754.1 164000000 164500000 377.24807
OX637754.1 164500000 165000000 377.00095
OX637754.1 165000000 165500000 377.77992
OX637754.1 165500000 166000000 379.0
OX637754.1 166000000 166500000 379.07819
OX637754.1 166500000 167000000 378.54577
OX637754.1 167000000 167500000 378.00031
OX637754.1 167500000 168000000 377.84815
OX637754.1 168000000 168500000 378.39434
OX637754.1 168500000 169000000 379.00041
OX637754.1 169000000 169500000 379.00143
OX637754.1 169500000 170000000 379.00055
OX637754.1 170000000 170500000 379.0
OX637754.1 170500000 171000000 379.0
OX637754.1 171000000 171500000 379.00022
OX637754.1 171500000 172000000 379.0
OX637754.1 172000000 172500000 379.00066
OX637754.1 172500000 173000000 379.53882
OX637754.1 173000000 173500000 380.00063
OX637754.1 173500000 174000000 380.0
OX637754.1 174000000 174500000 380.0
OX637754.1 174500000 175000000 380.49783
OX637754.1 175000000 175500000 381.0
OX637754.1 175500000 176000000 381.0
OX637754.1 176000000 176500000 381.0
OX637754.1 176500000 177000000 381.65719
OX637754.1 177000000 177500000 382.0
OX637754.1 177500000 178000000 382.95947
OX637754.1 178000000 178500000 383.0
OX637754.1 178500000 179000000 383.00024
OX637754.1 179000000 179500000 383.0
OX637754.1 179500000 180000000 383.0
OX637754.1 180000000 180500000 383.0
OX637754.1 180500000 181000000 383.0
OX637754.1 181000000 181500000 382.27555
OX637754.1 181500000 182000000 381.0
OX637754.1 182000000 182500000 381.0
OX637754.1 182500000 183000000 381.00018
OX637754.1 183000000 183500000 379.56247
OX637754.1 183500000 184000000 379.00104
OX637754.1 184000000 184500000 379.77175
OX637754.1 184500000 185000000 380.33723
OX637754.1 185000000 185500000 381.0
OX637754.1 185500000 186000000 381.0
OX637754.1 186000000 186500000 380.50918
OX637754.1 186500000 187000000 381.62979
OX637754.1 187000000 187500000 382.00032
OX637754.1 187500000 188000000 381.63351
OX637754.1 188000000 188500000 381.0
OX637754.1 188500000 189000000 381.0
OX637754.1 189000000 189500000 380.5172
OX637754.1 189500000 190000000 380.0
OX637754.1 190000000 190500000 380.0
OX637754.1 190500000 191000000 378.241
OX637754.1 191000000 191500000 378.00216
OX637754.1 191500000 192000000 377.78831
OX637754.1 192000000 192500000 377.00051
OX637754.1 192500000 193000000 377.06153
OX637754.1 193000000 193500000 378.0
OX637754.1 193500000 194000000 377.50523
OX637754.1 194000000 194500000 377.0
OX637754.1 194500000 195000000 377.29152
OX637754.1 195000000 195500000 376.34339
OX637754.1 195500000 196000000 375.88274
OX637754.1 196000000 196500000 375.49929
OX637754.1 196500000 197000000 375.0
OX637754.1 197000000 197500000 375.0006
OX637754.1 197500000 198000000 374.68539
OX637754.1 198000000 198500000 374.00115
OX637754.1 198500000 199000000 373.88419
OX637754.1 199000000 199500000 373.0
OX637754.1 199500000 200000000 372.08057
OX637754.1 200000000 200500000 372.0
OX637754.1 200500000 201000000 372.19013
OX637754.1 201000000 201500000 372.0
OX637754.1 201500000 202000000 372.44103
OX637754.1 202000000 202500000 372.36056
OX637754.1 202500000 203000000 372.0
OX637754.1 203000000 203500000 372.0
OX637754.1 203500000 204000000 371.73836
OX637754.1 204000000 204500000 371.0
OX637754.1 204500000 205000000 371.0
OX637754.1 205000000 205500000 371.0
OX637754.1 205500000 206000000 371.0
OX637754.1 206000000 206500000 371.00033
OX637754.1 206500000 207000000 371.0
OX637754.1 207000000 207500000 371.00108
OX637754.1 207500000 208000000 370.95709
OX637754.1 208000000 208500000 371.0
OX637754.1 208500000 209000000 370.37915
OX637754.1 209000000 209500000 368.0
OX637754.1 209500000 210000000 368.0
OX637754.1 210000000 210500000 368.0
OX637754.1 210500000 211000000 367.18216
OX637754.1 211000000 211500000 367.0
OX637754.1 211500000 212000000 367.0
OX637754.1 212000000 212500000 367.21605
OX637754.1 212500000 213000000 367.00043
OX637754.1 213000000 213500000 367.0
OX637754.1 213500000 214000000 367.65494
OX637754.1 214000000 214500000 368.0
OX637754.1 214500000 215000000 368.0
OX637754.1 215000000 215500000 368.0
OX637754.1 215500000 216000000 368.0
OX637754.1 216000000 216500000 368.0
OX637754.1 216500000 217000000 368.0
OX637754.1 217000000 217500000 368.0
OX637754.1 217500000 218000000 368.0
OX637754.1 218000000 218500000 368.0
OX637754.1 218500000 219000000 367.82767
OX637754.1 219000000 219500000 367.2419
OX637754.1 219500000 220000000 367.0
OX637754.1 220000000 220500000 367.0
OX637754.1 220500000 221000000 367.0
OX637754.1 221000000 221500000 367.00047
OX637754.1 221500000 222000000 367.0
OX637754.1 222000000 222500000 365.60157
OX637754.1 222500000 223000000 365.0
OX637754.1 223000000 223500000 364.28011
OX637754.1 223500000 224000000 364.0
OX637754.1 224000000 224500000 363.75648
OX637754.1 224500000 225000000 363.00018
OX637754.1 225000000 225500000 362.11428
OX637754.1 225500000 226000000 362.0
OX637754.1 226000000 226500000 362.0
OX637754.1 226500000 227000000 362.00088
OX637754.1 227000000 227500000 362.0
OX637754.1 227500000 228000000 361.01023
OX637754.1 228000000 228500000 360.0
OX637754.1 228500000 229000000 359.81726
OX637754.1 229000000 229500000 358.6839
OX637754.1 229500000 230000000 356.44304
OX637754.1 230000000 230500000 355.82
OX637754.1 230500000 231000000 356.0
OX637754.1 231000000 231500000 356.00035
OX637754.1 231500000 232000000 356.0
OX637754.1 232000000 232500000 355.94693
OX637754.1 232500000 233000000 355.00035
OX637754.1 233000000 233500000 355.0
OX637754.1 233500000 234000000 354.56288
OX637754.1 234000000 234500000 354.19151
OX637754.1 234500000 235000000 354.07726
OX637754.1 235000000 235500000 353.30172
OX637754.1 235500000 236000000 352.24431
OX637754.1 236000000 236500000 352.00017
OX637754.1 236500000 237000000 352.0
OX637754.1 237000000 237500000 352.0
OX637754.1 237500000 238000000 352.0
OX637754.1 238000000 238500000 352.0
OX637754.1 238500000 239000000 352.0
OX637754.1 239000000 239500000 352.0
OX637754.1 239500000 240000000 351.8725
OX637754.1 240000000 240500000 351.93207
OX637754.1 240500000 241000000 352.62808
OX637754.1 241000000 241500000 352.62639
OX637754.1 241500000 242000000 352.00032
OX637754.1 242000000 242500000 352.0
OX637754.1 242500000 243000000 352.00067
OX637754.1 243000000 243500000 352.37263
OX637754.1 243500000 244000000 353.00108
OX637754.1 244000000 244500000 353.0
OX637754.1 244500000 245000000 352.87424
OX637754.1 245000000 245500000 352.0
OX637754.1 245500000 246000000 352.66126
OX637754.1 246000000 246500000 352.16374
OX637754.1 246500000 247000000 352.0
OX637754.1 247000000 247500000 352.0
OX637754.1 247500000 248000000 352.0
OX637754.1 248000000 248500000 351.05111
OX637754.1 248500000 249000000 349.13401
OX637754.1 249000000 249500000 349.0
OX637754.1 249500000 250000000 348.35423
OX637754.1 250000000 250500000 348.0
OX637754.1 250500000 251000000 348.00042
OX637754.1 251000000 251500000 348.0
OX637754.1 251500000 252000000 348.0
OX637754.1 252000000 252500000 347.71794
OX637754.1 252500000 253000000 347.0
OX637754.1 253000000 253500000 347.20403
OX637754.1 253500000 254000000 347.59785
OX637754.1 254000000 254500000 347.0
OX637754.1 254500000 255000000 347.0
OX637754.1 255000000 255500000 347.0
OX637754.1 255500000 256000000 347.00118
OX637754.1 256000000 256500000 347.0
OX637754.1 256500000 257000000 347.0
OX637754.1 257000000 257500000 347.0
OX637754.1 257500000 258000000 347.0
OX637754.1 258000000 258500000 347.0
OX637754.1 258500000 259000000 347.0
OX637754.1 259000000 259500000 347.0
OX637754.1 259500000 260000000 347.0
OX637754.1 260000000 260500000 347.00113
OX637754.1 260500000 261000000 347.0
OX637754.1 261000000 261500000 347.0
OX637754.1 261500000 262000000 347.0
OX637754.1 262000000 262500000 346.75629
OX637754.1 262500000 263000000 346.0
OX637754.1 263000000 263500000 346.0
OX637754.1 263500000 264000000 346.0
OX637754.1 264000000 264500000 346.0
OX637754.1 264500000 265000000 346.0
OX637754.1 265000000 265500000 346.0
OX637754.1 265500000 266000000 346.0
OX637754.1 266000000 266500000 346.0
OX637754.1 266500000 267000000 346.0
OX637754.1 267000000 267500000 346.0
OX637754.1 267500000 268000000 346.0
OX637754.1 268000000 268500000 345.6015
OX637754.1 268500000 269000000 345.0
OX637754.1 269000000 269500000 345.0
OX637754.1 269500000 270000000 345.0
OX637754.1 270000000 270500000 345.0
OX637754.1 270500000 271000000 345.0
OX637754.1 271000000 271500000 345.0
OX637754.1 271500000 272000000 345.0
OX637754.1 272000000 272500000 345.0
OX637754.1 272500000 273000000 345.0
OX637754.1 273000000 273500000 345.0
OX637754.1 273500000 274000000 345.0
OX637754.1 274000000 274500000 344.23534
OX637754.1 274500000 275000000 344.0
OX637754.1 275000000 275500000 344.0
OX637754.1 275500000 276000000 344.0
OX637754.1 276000000 276500000 343.67602
OX637754.1 276500000 277000000 343.0
OX637754.1 277000000 277500000 343.0
OX637754.1 277500000 278000000 343.0
OX637754.1 278000000 278500000 343.0
OX637754.1 278500000 279000000 343.0
OX637754.1 279000000 279500000 343.0
OX637754.1 279500000 280000000 343.0
OX637754.1 280000000 280500000 343.00029
OX637754.1 280500000 281000000 343.0
OX637754.1 281000000 281500000 343.0
OX637754.1 281500000 282000000 343.0
OX637754.1 282000000 282500000 343.0
OX637754.1 282500000 283000000 342.85447
OX637754.1 283000000 283500000 342.0
OX637754.1 283500000 284000000 342.0
OX637754.1 284000000 284500000 342.0
OX637754.1 284500000 285000000 342.0
OX637754.1 285000000 285500000 342.0
OX637754.1 285500000 286000000 342.00082
OX637754.1 286000000 286500000 342.76154
OX637754.1 286500000 287000000 343.0
OX637754.1 287000000 287500000 343.0
OX637754.1 287500000 288000000 343.0
OX637754.1 288000000 288500000 341.73927
OX637754.1 288500000 289000000 341.0
OX637754.1 289000000 289500000 341.0
OX637754.1 289500000 290000000 340.619
OX637754.1 290000000 290500000 339.81374
OX637754.1 290500000 291000000 339.0
OX637754.1 291000000 291500000 339.0
OX637754.1 291500000 292000000 339.00071
OX637754.1 292000000 292500000 339.0
OX637754.1 292500000 293000000 339.0
OX637754.1 293000000 293500000 339.0
OX637754.1 293500000 294000000 339.0
OX637754.1 294000000 294500000 339.0
OX637754.1 294500000 295000000 339.0
OX637754.1 295000000 295500000 339.0
OX637754.1 295500000 296000000 339.0
OX637754.1 296000000 296500000 339.0
OX637754.1 296500000 297000000 339.0
OX637754.1 297000000 297500000 339.0
OX637754.1 297500000 298000000 339.0
OX637754.1 298000000 298500000 339.0
OX637754.1 298500000 299000000 338.74007
OX637754.1 299000000 299500000 338.0
OX637754.1 299500000 300000000 337.86301
OX637754.1 300000000 300500000 337.0
OX637754.1 300500000 301000000 337.0
OX637754.1 301000000 301500000 337.0
OX637754.1 301500000 302000000 337.0
OX637754.1 302000000 302500000 337.0
OX637754.1 302500000 303000000 337.0
OX637754.1 303000000 303500000 337.0
OX637754.1 303500000 304000000 337.21148
OX637754.1 304000000 304500000 337.0
OX637754.1 304500000 305000000 336.44177
OX637754.1 305000000 305500000 336.0
OX637754.1 305500000 306000000 336.0
OX637754.1 306000000 306500000 336.0
OX637754.1 306500000 307000000 336.0
OX637754.1 307000000 307500000 336.71469
OX637754.1 307500000 308000000 337.0
OX637754.1 308000000 308500000 337.0
OX637754.1 308500000 309000000 336.12835
OX637754.1 309000000 309500000 336.0
OX637754.1 309500000 310000000 336.0
OX637754.1 310000000 310500000 336.0
OX637754.1 310500000 311000000 336.0
OX637754.1 311000000 311500000 336.0
OX637754.1 311500000 312000000 335.08307
OX637754.1 312000000 312500000 335.0
OX637754.1 312500000 313000000 335.0
OX637754.1 313000000 313500000 335.0
OX637754.1 313500000 314000000 335.0
OX637754.1 314000000 314500000 335.0
OX637754.1 314500000 315000000 335.0
OX637754.1 315000000 315500000 335.0
OX637754.1 315500000 316000000 335.0
OX637754.1 316000000 316500000 335.0
OX637754.1 316500000 317000000 335.00108
OX637754.1 317000000 317500000 334.30529
OX637754.1 317500000 318000000 334.00178
OX637754.1 318000000 318500000 333.70129
OX637754.1 318500000 319000000 333.0
OX637754.1 319000000 319500000 333.0
OX637754.1 319500000 320000000 333.0
OX637754.1 320000000 320500000 333.0
OX637754.1 320500000 321000000 333.0
OX637754.1 321000000 321500000 333.0
OX637754.1 321500000 322000000 333.0
OX637754.1 322000000 322500000 333.0
OX637754.1 322500000 323000000 333.0
OX637754.1 323000000 323500000 333.0
OX637754.1 323500000 324000000 331.28889
OX637754.1 324000000 324500000 331.0
OX637754.1 324500000 325000000 331.0
OX637754.1 325000000 325500000 330.46332
OX637754.1 325500000 326000000 330.0
OX637754.1 326000000 326500000 329.58031
OX637754.1 326500000 327000000 329.0
OX637754.1 327000000 327500000 329.0
OX637754.1 327500000 328000000 329.0
OX637754.1 328000000 328500000 329.0
OX637754.1 328500000 329000000 329.0
OX637754.1 329000000 329500000 329.0
OX637754.1 329500000 330000000 329.0
OX637754.1 330000000 330500000 329.0
OX637754.1 330500000 331000000 329.0
OX637754.1 331000000 331500000 329.0
OX637754.1 331500000 332000000 329.0
OX637754.1 332000000 332500000 329.0
OX637754.1 332500000 333000000 329.0
OX637754.1 333000000 333500000 329.0
OX637754.1 333500000 334000000 329.0
OX637754.1 334000000 334500000 329.0
OX637754.1 334500000 335000000 329.0
OX637754.1 335000000 335500000 329.0
OX637754.1 335500000 336000000 329.0
OX637754.1 336000000 336500000 329.0
OX637754.1 336500000 337000000 328.33069
OX637754.1 337000000 337500000 328.0
OX637754.1 337500000 338000000 328.0
OX637754.1 338000000 338500000 328.0
OX637754.1 338500000 339000000 328.0
OX637754.1 339000000 339500000 328.0
OX637754.1 339500000 340000000 328.0
OX637754.1 340000000 340500000 328.0
OX637754.1 340500000 341000000 328.00031
OX637754.1 341000000 341500000 328.0
OX637754.1 341500000 342000000 328.0
OX637754.1 342000000 342500000 328.0
OX637754.1 342500000 343000000 328.0
OX637754.1 343000000 343500000 327.25403
OX637754.1 343500000 344000000 325.20821
OX637754.1 344000000 344500000 325.0
OX637754.1 344500000 345000000 325.0
OX637754.1 345000000 345500000 325.0
OX637754.1 345500000 346000000 325.0
OX637754.1 346000000 346500000 325.0
OX637754.1 346500000 347000000 324.59456
OX637754.1 347000000 347500000 324.0
OX637754.1 347500000 348000000 324.0
OX637754.1 348000000 348500000 323.14748
OX637754.1 348500000 349000000 323.0
OX637754.1 349000000 349500000 323.0004
OX637754.1 349500000 350000000 323.0
OX637754.1 350000000 350500000 323.0
OX637754.1 350500000 351000000 323.0
OX637754.1 351000000 351500000 323.00021
OX637754.1 351500000 352000000 322.02217
OX637754.1 352000000 352500000 321.64586
OX637754.1 352500000 353000000 321.0
OX637754.1 353000000 353500000 320.9292
OX637754.1 353500000 354000000 320.0
OX637754.1 354000000 354500000 320.0
OX637754.1 354500000 355000000 320.0
OX637754.1 355000000 355500000 320.0
OX637754.1 355500000 356000000 320.0
OX637754.1 356000000 356500000 319.72835
OX637754.1 356500000 357000000 319.0
OX637754.1 357000000 357500000 319.0
OX637754.1 357500000 358000000 319.0
OX637754.1 358000000 358500000 319.0
OX637754.1 358500000 359000000 319.0
OX637754.1 359000000 359500000 319.00114
OX637754.1 359500000 360000000 318.27166
OX637754.1 360000000 360500000 318.0
OX637754.1 360500000 361000000 317.86169
OX637754.1 361000000 361500000 317.0
OX637754.1 361500000 362000000 317.0
OX637754.1 362000000 362500000 317.0
OX637754.1 362500000 363000000 317.0
OX637754.1 363000000 363500000 317.0
OX637754.1 363500000 364000000 317.0
OX637754.1 364000000 364500000 317.0
OX637754.1 364500000 365000000 317.0
OX637754.1 365000000 365500000 317.0
OX637754.1 365500000 366000000 317.0
OX637754.1 366000000 366500000 317.0
OX637754.1 366500000 367000000 317.0
OX637754.1 367000000 367500000 317.0
OX637754.1 367500000 368000000 316.7173
OX637754.1 368000000 368500000 316.0
OX637754.1 368500000 369000000 316.00021
OX637754.1 369000000 369500000 316.0
OX637754.1 369500000 370000000 316.0
OX637754.1 370000000 370500000 316.0
OX637754.1 370500000 371000000 315.94956
OX637754.1 371000000 371500000 315.0
OX637754.1 371500000 372000000 315.0
OX637754.1 372000000 372500000 315.0
OX637754.1 372500000 373000000 315.0
OX637754.1 373000000 373500000 315.0
OX637754.1 373500000 374000000 315.0
OX637754.1 374000000 374500000 315.0
OX637754.1 374500000 375000000 315.00028
OX637754.1 375000000 375500000 315.0
OX637754.1 375500000 376000000 315.0
OX637754.1 376000000 376500000 315.0
OX637754.1 376500000 377000000 315.0
OX637754.1 377000000 377500000 315.0
OX637754.1 377500000 378000000 315.0
OX637754.1 378000000 378500000 315.0
OX637754.1 378500000 379000000 315.0
OX637754.1 379000000 379500000 315.0
OX637754.1 379500000 380000000 315.0
OX637754.1 380000000 380500000 315.0
OX637754.1 380500000 381000000 315.0
OX637754.1 381000000 381500000 314.99105
OX637754.1 381500000 382000000 314.0
OX637754.1 382000000 382500000 314.0
OX637754.1 382500000 383000000 313.71407
OX637754.1 383000000 383500000 313.0
OX637754.1 383500000 384000000 313.0
OX637754.1 384000000 384500000 313.0
OX637754.1 384500000 385000000 313.0
OX637754.1 385000000 385500000 313.0
OX637754.1 385500000 386000000 313.0
OX637754.1 386000000 386500000 313.0
OX637754.1 386500000 387000000 313.0
OX637754.1 387000000 387500000 313.0
OX637754.1 387500000 388000000 313.00087
OX637754.1 388000000 388500000 313.0
OX637754.1 388500000 389000000 313.0
OX637754.1 389000000 389500000 313.0
OX637754.1 389500000 390000000 313.0
OX637754.1 390000000 390500000 313.0
OX637754.1 390500000 391000000 313.0
OX637754.1 391000000 391500000 313.0
OX637754.1 391500000 392000000 313.0
OX637754.1 392000000 392500000 313.0
OX637754.1 392500000 393000000 312.67921
OX637754.1 393000000 393500000 311.35014
OX637754.1 393500000 394000000 311.0
OX637754.1 394000000 394500000 311.0
OX637754.1 394500000 395000000 311.0
OX637754.1 395000000 395500000 311.0
OX637754.1 395500000 396000000 311.0
OX637754.1 396000000 396500000 311.00037
OX637754.1 396500000 397000000 311.00097
OX637754.1 397000000 397500000 311.0
OX637754.1 397500000 398000000 311.0
OX637754.1 398000000 398500000 310.83353
OX637754.1 398500000 399000000 310.0
OX637754.1 399000000 399500000 310.0
OX637754.1 399500000 400000000 310.0
OX637754.1 400000000 400500000 309.48465
OX637754.1 400500000 401000000 309.0
OX637754.1 401000000 401500000 309.00022
OX637754.1 401500000 402000000 309.0
OX637754.1 402000000 402500000 309.0
OX637754.1 402500000 403000000 309.0
OX637754.1 403000000 403500000 309.00047
OX637754.1 403500000 404000000 309.0
OX637754.1 404000000 404500000 309.0
OX637754.1 404500000 405000000 309.0
OX637754.1 405000000 405500000 309.0
OX637754.1 405500000 406000000 309.0
OX637754.1 406000000 406500000 309.0
OX637754.1 406500000 407000000 309.0
OX637754.1 407000000 407500000 309.0
OX637754.1 407500000 408000000 309.0
OX637754.1 408000000 408500000 308.01195
OX637754.1 408500000 409000000 308.0
OX637754.1 409000000 409500000 308.0
OX637754.1 409500000 410000000 308.0
OX637754.1 410000000 410500000 308.00066
OX637754.1 410500000 411000000 307.77882
OX637754.1 411000000 411500000 307.0
OX637754.1 411500000 412000000 307.0
OX637754.1 412000000 412500000 307.0
OX637754.1 412500000 413000000 307.0
OX637754.1 413000000 413500000 306.11985
OX637754.1 413500000 414000000 306.0
OX637754.1 414000000 414500000 306.0
OX637754.1 414500000 415000000 305.33006
OX637754.1 415000000 415500000 305.0
OX637754.1 415500000 416000000 305.0
OX637754.1 416000000 416500000 305.0
OX637754.1 416500000 417000000 305.0
OX637754.1 417000000 417500000 305.0
OX637754.1 417500000 418000000 305.56426
OX637754.1 418000000 418500000 306.0
OX637754.1 418500000 419000000 306.0
OX637754.1 419000000 419500000 305.34848
OX637754.1 419500000 420000000 305.0
OX637754.1 420000000 420500000 304.24977
OX637754.1 420500000 421000000 304.0
OX637754.1 421000000 421500000 304.0
OX637754.1 421500000 422000000 304.0
OX637754.1 422000000 422500000 304.0
OX637754.1 422500000 423000000 303.35368
OX637754.1 423000000 423500000 303.0
OX637754.1 423500000 424000000 303.0
OX637754.1 424000000 424500000 303.0
OX637754.1 424500000 425000000 303.0
OX637754.1 425000000 425500000 303.0
OX637754.1 425500000 426000000 302.97558
OX637754.1 426000000 426500000 302.0
OX637754.1 426500000 427000000 302.0
OX637754.1 427000000 427500000 302.0
OX637754.1 427500000 428000000 302.0
OX637754.1 428000000 428500000 302.0
OX637754.1 428500000 429000000 301.90248
OX637754.1 429000000 429500000 300.49061
OX637754.1 429500000 430000000 300.00047
OX637754.1 430000000 430500000 300.0
OX637754.1 430500000 431000000 300.0
OX637754.1 431000000 431500000 300.0
OX637754.1 431500000 432000000 300.90138
OX637754.1 432000000 432500000 301.0
OX637754.1 432500000 433000000 301.0
OX637754.1 433000000 433500000 300.90422
OX637754.1 433500000 434000000 300.0
OX637754.1 434000000 434500000 300.00041
OX637754.1 434500000 435000000 299.46267
OX637754.1 435000000 435500000 299.0
OX637754.1 435500000 436000000 299.0
OX637754.1 436000000 436500000 299.0
OX637754.1 436500000 437000000 299.0
OX637754.1 437000000 437500000 298.16563
OX637754.1 437500000 438000000 297.0
OX637754.1 438000000 438500000 297.0
OX637754.1 438500000 439000000 297.00045
OX637754.1 439000000 439500000 297.0
OX637754.1 439500000 440000000 297.0
OX637754.1 440000000 440500000 297.0
OX637754.1 440500000 441000000 297.0
OX637754.1 441000000 441500000 297.0
OX637754.1 441500000 442000000 296.32184
OX637754.1 442000000 442500000 295.44351
OX637754.1 442500000 443000000 295.0
OX637754.1 443000000 443500000 295.0
OX637754.1 443500000 444000000 295.0
OX637754.1 444000000 444500000 295.0
OX637754.1 444500000 445000000 295.50808
OX637754.1 445000000 445500000 296.0
OX637754.1 445500000 446000000 296.0
OX637754.1 446000000 446500000 296.0
OX637754.1 446500000 447000000 296.0
OX637754.1 447000000 447500000 295.62007
OX637754.1 447500000 448000000 295.0
OX637754.1 448000000 448500000 295.0
OX637754.1 448500000 449000000 295.00041
OX637754.1 449000000 449500000 295.0
OX637754.1 449500000 450000000 295.0
OX637754.1 450000000 450500000 295.0
OX637754.1 450500000 451000000 295.0
OX637754.1 451000000 451500000 294.14121
OX637754.1 451500000 452000000 294.0
OX637754.1 452000000 452500000 294.0
OX637754.1 452500000 453000000 293.99406
OX637754.1 453000000 453500000 293.0
OX637754.1 453500000 454000000 293.0
OX637754.1 454000000 454500000 293.0
OX637754.1 454500000 455000000 293.00041
OX637754.1 455000000 455500000 292.83314
OX637754.1 455500000 456000000 292.0
OX637754.1 456000000 456500000 290.20375
OX637754.1 456500000 457000000 289.72251
OX637754.1 457000000 457500000 288.06002
OX637754.1 457500000 458000000 288.0
OX637754.1 458000000 458500000 288.0
OX637754.1 458500000 459000000 287.2276
OX637754.1 459000000 459500000 286.86494
OX637754.1 459500000 460000000 286.0
OX637754.1 460000000 460500000 285.59455
OX637754.1 460500000 461000000 284.75717
OX637754.1 461000000 461500000 284.0
OX637754.1 461500000 462000000 284.0
OX637754.1 462000000 462500000 284.0
OX637754.1 462500000 463000000 284.0
OX637754.1 463000000 463500000 284.0
OX637754.1 463500000 464000000 283.38199
OX637754.1 464000000 464500000 282.9211
OX637754.1 464500000 465000000 282.0
OX637754.1 465000000 465500000 282.0
OX637754.1 465500000 466000000 282.0
OX637754.1 466000000 466500000 281.47916
OX637754.1 466500000 467000000 278.89643
OX637754.1 467000000 467500000 278.0
OX637754.1 467500000 468000000 278.0
OX637754.1 468000000 468500000 278.0
OX637754.1 468500000 469000000 278.0
OX637754.1 469000000 469500000 278.0
OX637754.1 469500000 470000000 278.0
OX637754.1 470000000 470500000 276.45524
OX637754.1 470500000 471000000 276.0
OX637754.1 471000000 471500000 276.0
OX637754.1 471500000 472000000 273.50993
OX637754.1 472000000 472500000 273.0
OX637754.1 472500000 473000000 272.09301
OX637754.1 473000000 473500000 271.09036
OX637754.1 473500000 474000000 270.76138
OX637754.1 474000000 474500000 270.0
OX637754.1 474500000 475000000 268.72916
OX637754.1 475000000 475500000 267.65702
OX637754.1 475500000 476000000 265.04248
OX637754.1 476000000 476500000 265.0
OX637754.1 476500000 477000000 265.0
OX637754.1 477000000 477500000 265.0
OX637754.1 477500000 478000000 264.85045
OX637754.1 478000000 478500000 264.0
OX637754.1 478500000 479000000 263.41255
OX637754.1 479000000 479500000 262.41058
OX637754.1 479500000 480000000 261.90514
OX637754.1 480000000 480500000 261.00059
OX637754.1 480500000 481000000 260.38809
OX637754.1 481000000 481500000 260.0
OX637754.1 481500000 482000000 260.0
OX637754.1 482000000 482500000 260.0
OX637754.1 482500000 483000000 258.0561
OX637754.1 483000000 483500000 255.79737
OX637754.1 483500000 484000000 255.0
OX637754.1 484000000 484500000 254.16832
OX637754.1 484500000 485000000 254.0
OX637754.1 485000000 485500000 252.2531
OX637754.1 485500000 486000000 248.05889
OX637754.1 486000000 486500000 248.0
OX637754.1 486500000 487000000 248.0
OX637754.1 487000000 487500000 248.0
OX637754.1 487500000 488000000 247.53732
OX637754.1 488000000 488500000 246.60375
OX637754.1 488500000 489000000 246.35559
OX637754.1 489000000 489500000 246.46586
OX637754.1 489500000 490000000 246.0
OX637754.1 490000000 490500000 246.0
OX637754.1 490500000 491000000 246.0
OX637754.1 491000000 491500000 245.50078
OX637754.1 491500000 492000000 244.74003
OX637754.1 492000000 492500000 242.64059
OX637754.1 492500000 493000000 241.82428
OX637754.1 493000000 493500000 241.00036
OX637754.1 493500000 494000000 239.98367
OX637754.1 494000000 494500000 237.92188
OX637754.1 494500000 495000000 234.98348
OX637754.1 495000000 495500000 233.08791
OX637754.1 495500000 496000000 231.3194
OX637754.1 496000000 496500000 230.81779
OX637754.1 496500000 497000000 230.00043
OX637754.1 497000000 497500000 230.0
OX637754.1 497500000 498000000 230.0
OX637754.1 498000000 498500000 230.00107
OX637754.1 498500000 499000000 230.0
OX637754.1 499000000 499500000 228.3115
OX637754.1 499500000 500000000 226.94523
OX637754.1 500000000 500500000 222.93625
OX637754.1 500500000 501000000 221.0
OX637754.1 501000000 501500000 221.0
OX637754.1 501500000 502000000 221.01788
OX637754.1 502000000 502500000 220.87998
OX637754.1 502500000 503000000 220.01407
OX637754.1 503000000 503500000 220.0
OX637754.1 503500000 504000000 218.69066
OX637754.1 504000000 504500000 215.20956
OX637754.1 504500000 505000000 212.88954
OX637754.1 505000000 505500000 210.17252
OX637754.1 505500000 506000000 206.85922
OX637754.1 506000000 506500000 205.11227
OX637754.1 506500000 507000000 200.49316
OX637754.1 507000000 507500000 199.00802
OX637754.1 507500000 508000000 195.70058
OX637754.1 508000000 508500000 193.82675
OX637754.1 508500000 509000000 193.0
OX637754.1 509000000 509500000 192.95249
OX637754.1 509500000 510000000 192.0
OX637754.1 510000000 510500000 190.12725
OX637754.1 510500000 511000000 189.0
OX637754.1 511000000 511500000 188.26091
OX637754.1 511500000 512000000 188.0
OX637754.1 512000000 512500000 187.82455
OX637754.1 512500000 513000000 185.91507
OX637754.1 513000000 513500000 184.42577
OX637754.1 513500000 514000000 179.87454
OX637754.1 514000000 514500000 174.76728
OX637754.1 514500000 515000000 171.79079
OX637754.1 515000000 515500000 169.43499
OX637754.1 515500000 516000000 169.0
OX637754.1 516000000 516500000 165.57907
OX637754.1 516500000 517000000 163.93623
OX637754.1 517000000 517500000 158.9554
OX637754.1 517500000 518000000 156.63026
OX637754.1 518000000 518500000 152.81884
OX637754.1 518500000 519000000 146.61152
OX637754.1 519000000 519500000 145.0
OX637754.1 519500000 520000000 143.40099
OX637754.1 520000000 520500000 139.3384
OX637754.1 520500000 521000000 137.78851
OX637754.1 521000000 521500000 137.0
OX637754.1 521500000 522000000 135.01249
OX637754.1 522000000 522500000 132.0
OX637754.1 522500000 523000000 129.22814
OX637754.1 523000000 523500000 129.0
OX637754.1 523500000 524000000 128.68199
OX637754.1 524000000 524500000 128.0
OX637754.1 524500000 525000000 127.40552
OX637754.1 525000000 525500000 124.36096
OX637754.1 525500000 526000000 121.45435
OX637754.1 526000000 526500000 119.6986
OX637754.1 526500000 527000000 116.64906
OX637754.1 527000000 527500000 114.44682
OX637754.1 527500000 528000000 110.46848
OX637754.1 528000000 528500000 103.6225
OX637754.1 528500000 529000000 97.4963
OX637754.1 529000000 529500000 95.2657
OX637754.1 529500000 530000000 93.47724
OX637754.1 530000000 530500000 89.55346
OX637754.1 530500000 531000000 87.0
OX637754.1 531000000 531500000 86.35486
OX637754.1 531500000 532000000 81.74877
OX637754.1 532000000 532500000 78.46236
OX637754.1 532500000 533000000 74.17989
OX637754.1 533000000 533500000 68.49844
OX637754.1 533500000 534000000 60.18041
OX637754.1 534000000 534500000 55.43224
OX637754.1 534500000 535000000 52.3242
OX637754.1 535000000 535500000 43.02378
OX637754.1 535500000 536000000 37.79596
OX637754.1 536000000 536500000 31.15869
OX637754.1 536500000 537000000 20.12535
OX637754.1 537000000 537500000 14.92803
OX637754.1 537500000 538000000 7.05439
OX637754.1 538000000 538359201 3.57912
OX637741.1 0 500000 0.0
OX637741.1 500000 1000000 0.0
OX637741.1 1000000 1500000 0.0
OX637741.1 1500000 2000000 0.0
OX637741.1 2000000 2500000 0.0
OX637741.1 2500000 3000000 0.0
OX637741.1 3000000 3500000 0.0
OX637741.1 3500000 4000000 0.0
OX637741.1 4000000 4500000 5.14455
OX637741.1 4500000 5000000 7.30092
OX637741.1 5000000 5500000 10.69536
OX637741.1 5500000 6000000 11.0
OX637741.1 6000000 6500000 11.99633
OX637741.1 6500000 7000000 12.20429
OX637741.1 7000000 7500000 14.80402
OX637741.1 7500000 8000000 19.86248
OX637741.1 8000000 8500000 27.2926
OX637741.1 8500000 9000000 32.94312
OX637741.1 9000000 9500000 34.33808
OX637741.1 9500000 10000000 36.23865
OX637741.1 10000000 10500000 38.15991
OX637741.1 10500000 11000000 46.52128
OX637741.1 11000000 11500000 54.60368
OX637741.1 11500000 12000000 60.23854
OX637741.1 12000000 12500000 62.69866
OX637741.1 12500000 13000000 64.71401
OX637741.1 13000000 13500000 69.56957
OX637741.1 13500000 14000000 75.67355
OX637741.1 14000000 14500000 78.92365
OX637741.1 14500000 15000000 83.45928
OX637741.1 15000000 15500000 86.32406
OX637741.1 15500000 16000000 91.60018
OX637741.1 16000000 16500000 99.02307
OX637741.1 16500000 17000000 101.33254
OX637741.1 17000000 17500000 106.4409
OX637741.1 17500000 18000000 112.73973
OX637741.1 18000000 18500000 119.2459
OX637741.1 18500000 19000000 126.5084
OX637741.1 19000000 19500000 130.25284
OX637741.1 19500000 20000000 133.8257
OX637741.1 20000000 20500000 137.43304
OX637741.1 20500000 21000000 139.26947
OX637741.1 21000000 21500000 142.17106
OX637741.1 21500000 22000000 144.39107
OX637741.1 22000000 22500000 146.94224
OX637741.1 22500000 23000000 151.1658
OX637741.1 23000000 23500000 155.10567
OX637741.1 23500000 24000000 159.18206
OX637741.1 24000000 24500000 162.45239
OX637741.1 24500000 25000000 166.65928
OX637741.1 25000000 25500000 168.82731
OX637741.1 25500000 26000000 169.31007
OX637741.1 26000000 26500000 170.12632
OX637741.1 26500000 27000000 171.82009
OX637741.1 27000000 27500000 174.36193
OX637741.1 27500000 28000000 175.0537
OX637741.1 28000000 28500000 175.39396
OX637741.1 28500000 29000000 178.03961
OX637741.1 29000000 29500000 179.13352
OX637741.1 29500000 30000000 180.73575
OX637741.1 30000000 30500000 181.00066
OX637741.1 30500000 31000000 181.40502
OX637741.1 31000000 31500000 183.3468
OX637741.1 31500000 32000000 186.37938
OX637741.1 32000000 32500000 188.67958
OX637741.1 32500000 33000000 189.70007
OX637741.1 33000000 33500000 191.47097
OX637741.1 33500000 34000000 192.62777
OX637741.1 34000000 34500000 193.0
OX637741.1 34500000 35000000 193.46904
OX637741.1 35000000 35500000 197.81853
OX637741.1 35500000 36000000 198.94194
OX637741.1 36000000 36500000 199.0
OX637741.1 36500000 37000000 199.44981
OX637741.1 37000000 37500000 200.82837
OX637741.1 37500000 38000000 201.71573
OX637741.1 38000000 38500000 203.53921
OX637741.1 38500000 39000000 205.76746
OX637741.1 39000000 39500000 206.0
OX637741.1 39500000 40000000 206.0
OX637741.1 40000000 40500000 206.5326
OX637741.1 40500000 41000000 207.00018
OX637741.1 41000000 41500000 207.0
OX637741.1 41500000 42000000 207.00016
OX637741.1 42000000 42500000 207.4719
OX637741.1 42500000 43000000 208.57375
OX637741.1 43000000 43500000 210.37191
OX637741.1 43500000 44000000 211.99795
OX637741.1 44000000 44500000 212.0
OX637741.1 44500000 45000000 213.3728
OX637741.1 45000000 45500000 214.0
OX637741.1 45500000 46000000 214.97955
OX637741.1 46000000 46500000 215.24942
OX637741.1 46500000 47000000 216.55951
OX637741.1 47000000 47500000 217.00115
OX637741.1 47500000 48000000 217.0
OX637741.1 48000000 48500000 217.33491
OX637741.1 48500000 49000000 218.0
OX637741.1 49000000 49500000 218.01324
OX637741.1 49500000 50000000 219.72688
OX637741.1 50000000 50500000 220.82669
OX637741.1 50500000 51000000 220.66657
OX637741.1 51000000 51500000 220.0
OX637741.1 51500000 52000000 220.0
OX637741.1 52000000 52500000 220.0
OX637741.1 52500000 53000000 220.0
OX637741.1 53000000 53500000 220.0
OX637741.1 53500000 54000000 220.0
OX637741.1 54000000 54500000 219.86759
OX637741.1 54500000 55000000 219.00039
OX637741.1 55000000 55500000 219.19714
OX637741.1 55500000 56000000 220.0
OX637741.1 56000000 56500000 220.0
OX637741.1 56500000 57000000 220.0
OX637741.1 57000000 57500000 221.74141
OX637741.1 57500000 58000000 222.13184
OX637741.1 58000000 58500000 222.71554
OX637741.1 58500000 59000000 223.00035
OX637741.1 59000000 59500000 223.86162
OX637741.1 59500000 60000000 225.0
OX637741.1 60000000 60500000 225.0
OX637741.1 60500000 61000000 224.73393
OX637741.1 61000000 61500000 224.32555
OX637741.1 61500000 62000000 225.00145
OX637741.1 62000000 62500000 226.24015
OX637741.1 62500000 63000000 228.25493
OX637741.1 63000000 63500000 231.00124
OX637741.1 63500000 64000000 231.0446
OX637741.1 64000000 64500000 232.0496
OX637741.1 64500000 65000000 233.67566
OX637741.1 65000000 65500000 236.0
OX637741.1 65500000 66000000 236.07368
OX637741.1 66000000 66500000 237.0008
OX637741.1 66500000 67000000 237.0
OX637741.1 67000000 67500000 237.57684
OX637741.1 67500000 68000000 239.00023
OX637741.1 68000000 68500000 238.05909
OX637741.1 68500000 69000000 238.0
OX637741.1 69000000 69500000 238.0
OX637741.1 69500000 70000000 238.0
OX637741.1 70000000 70500000 237.17697
OX637741.1 70500000 71000000 237.0012
OX637741.1 71000000 71500000 237.0
OX637741.1 71500000 72000000 237.54035
OX637741.1 72000000 72500000 239.0
OX637741.1 72500000 73000000 239.0
OX637741.1 73000000 73500000 239.0
OX637741.1 73500000 74000000 239.0
OX637741.1 74000000 74500000 239.0
OX637741.1 74500000 75000000 240.16748
OX637741.1 75000000 75500000 241.0
OX637741.1 75500000 76000000 241.0
OX637741.1 76000000 76500000 241.24396
OX637741.1 76500000 77000000 242.0
OX637741.1 77000000 77500000 242.0
OX637741.1 77500000 78000000 242.0
OX637741.1 78000000 78500000 242.0
OX637741.1 78500000 79000000 242.37321
OX637741.1 79000000 79500000 243.2599
OX637741.1 79500000 80000000 245.0
OX637741.1 80000000 80500000 245.0
OX637741.1 80500000 81000000 244.71043
OX637741.1 81000000 81500000 243.14709
OX637741.1 81500000 82000000 243.0
OX637741.1 82000000 82500000 242.53025
OX637741.1 82500000 83000000 242.78155
OX637741.1 83000000 83500000 244.07546
OX637741.1 83500000 84000000 245.0
OX637741.1 84000000 84500000 245.0
OX637741.1 84500000 85000000 245.43713
OX637741.1 85000000 85500000 246.0
OX637741.1 85500000 86000000 246.95093
OX637741.1 86000000 86500000 247.68532
OX637741.1 86500000 87000000 248.00058
OX637741.1 87000000 87500000 247.98201
OX637741.1 87500000 88000000 246.94006
OX637741.1 88000000 88500000 246.95504
OX637741.1 88500000 89000000 246.0
OX637741.1 89000000 89500000 246.0
OX637741.1 89500000 90000000 246.0
OX637741.1 90000000 90500000 246.0
OX637741.1 90500000 91000000 246.0
OX637741.1 91000000 91500000 246.0
OX637741.1 91500000 92000000 246.0
OX637741.1 92000000 92500000 246.0
OX637741.1 92500000 93000000 246.0
OX637741.1 93000000 93500000 246.0
OX637741.1 93500000 94000000 246.0
OX637741.1 94000000 94500000 246.0
OX637741.1 94500000 95000000 246.0
OX637741.1 95000000 95500000 246.91199
OX637741.1 95500000 96000000 247.0
OX637741.1 96000000 96500000 247.0
OX637741.1 96500000 97000000 247.0
OX637741.1 97000000 97500000 247.0
OX637741.1 97500000 98000000 247.0
OX637741.1 98000000 98500000 246.95562
OX637741.1 98500000 99000000 246.34277
OX637741.1 99000000 99500000 246.97778
OX637741.1 99500000 100000000 246.0
OX637741.1 100000000 100500000 246.0
OX637741.1 100500000 101000000 246.0
OX637741.1 101000000 101500000 246.0
OX637741.1 101500000 102000000 246.0
OX637741.1 102000000 102500000 246.0
OX637741.1 102500000 103000000 246.0
OX637741.1 103000000 103500000 246.86677
OX637741.1 103500000 104000000 247.0
OX637741.1 104000000 104500000 247.2196
OX637741.1 104500000 105000000 247.34871
OX637741.1 105000000 105500000 247.03246
OX637741.1 105500000 106000000 248.0
OX637741.1 106000000 106500000 248.46759
OX637741.1 106500000 107000000 249.0
OX637741.1 107000000 107500000 249.30629
OX637741.1 107500000 108000000 250.0
OX637741.1 108000000 108500000 249.26616
OX637741.1 108500000 109000000 249.0
OX637741.1 109000000 109500000 249.0
OX637741.1 109500000 110000000 249.0
OX637741.1 110000000 110500000 249.0
OX637741.1 110500000 111000000 249.0
OX637741.1 111000000 111500000 248.45476
OX637741.1 111500000 112000000 246.00059
OX637741.1 112000000 112500000 246.0
OX637741.1 112500000 113000000 246.0
OX637741.1 113000000 113500000 246.0
OX637741.1 113500000 114000000 245.22721
OX637741.1 114000000 114500000 245.0
OX637741.1 114500000 115000000 245.14376
OX637741.1 115000000 115500000 246.0
OX637741.1 115500000 116000000 246.0
OX637741.1 116000000 116500000 246.0
OX637741.1 116500000 117000000 246.0
OX637741.1 117000000 117500000 246.41787
OX637741.1 117500000 118000000 247.0
OX637741.1 118000000 118500000 247.74393
OX637741.1 118500000 119000000 247.0863
OX637741.1 119000000 119500000 246.45772
OX637741.1 119500000 120000000 246.0
OX637741.1 120000000 120500000 246.00016
OX637741.1 120500000 121000000 246.0
OX637741.1 121000000 121500000 246.0
OX637741.1 121500000 122000000 246.0
OX637741.1 122000000 122500000 246.0
OX637741.1 122500000 123000000 246.0
OX637741.1 123000000 123500000 246.44155
OX637741.1 123500000 124000000 247.0
OX637741.1 124000000 124500000 247.0
OX637741.1 124500000 125000000 247.4506
OX637741.1 125000000 125500000 248.0
OX637741.1 125500000 126000000 248.0
OX637741.1 126000000 126500000 248.0
OX637741.1 126500000 127000000 248.0
OX637741.1 127000000 127500000 248.0
OX637741.1 127500000 128000000 248.0
OX637741.1 128000000 128500000 248.0
OX637741.1 128500000 129000000 248.0
OX637741.1 129000000 129500000 248.0
OX637741.1 129500000 130000000 248.0
OX637741.1 130000000 130500000 248.871
OX637741.1 130500000 131000000 250.0
OX637741.1 131000000 131500000 250.0
OX637741.1 131500000 132000000 250.0
OX637741.1 132000000 132500000 250.0
OX637741.1 132500000 133000000 250.0
OX637741.1 133000000 133500000 250.0
OX637741.1 133500000 134000000 250.001
OX637741.1 134000000 134500000 250.0
OX637741.1 134500000 135000000 250.0
OX637741.1 135000000 135500000 250.0
OX637741.1 135500000 136000000 250.0
OX637741.1 136000000 136500000 250.36667
OX637741.1 136500000 137000000 251.0
OX637741.1 137000000 137500000 251.0
OX637741.1 137500000 138000000 251.0
OX637741.1 138000000 138500000 251.0
OX637741.1 138500000 139000000 251.0
OX637741.1 139000000 139500000 251.0
OX637741.1 139500000 140000000 251.0
OX637741.1 140000000 140500000 251.0
OX637741.1 140500000 141000000 251.0
OX637741.1 141000000 141500000 251.0
OX637741.1 141500000 142000000 251.0
OX637741.1 142000000 142500000 252.55107
OX637741.1 142500000 143000000 253.0
OX637741.1 143000000 143500000 253.0
OX637741.1 143500000 144000000 253.0
OX637741.1 144000000 144500000 253.0
OX637741.1 144500000 145000000 253.0
OX637741.1 145000000 145500000 253.0
OX637741.1 145500000 146000000 253.0
OX637741.1 146000000 146500000 253.0
OX637741.1 146500000 147000000 253.0
OX637741.1 147000000 147500000 253.0
OX637741.1 147500000 148000000 253.0
OX637741.1 148000000 148500000 253.0
OX637741.1 148500000 149000000 253.0
OX637741.1 149000000 149500000 253.0002
OX637741.1 149500000 150000000 253.0
OX637741.1 150000000 150500000 253.0
OX637741.1 150500000 151000000 253.0
OX637741.1 151000000 151500000 253.0
OX637741.1 151500000 152000000 253.0
OX637741.1 152000000 152500000 253.0
OX637741.1 152500000 153000000 253.0
OX637741.1 153000000 153500000 253.0
OX637741.1 153500000 154000000 253.0
OX637741.1 154000000 154500000 253.0
OX637741.1 154500000 155000000 253.0
OX637741.1 155000000 155500000 253.0
OX637741.1 155500000 156000000 253.0
OX637741.1 156000000 156500000 253.0
OX637741.1 156500000 157000000 253.0
OX637741.1 157000000 157500000 253.0
OX637741.1 157500000 158000000 253.0
OX637741.1 158000000 158500000 253.0
OX637741.1 158500000 159000000 253.0
OX637741.1 159000000 159500000 253.0
OX637741.1 159500000 160000000 253.0
OX637741.1 160000000 160500000 253.0
OX637741.1 160500000 161000000 253.0
OX637741.1 161000000 161500000 253.0
OX637741.1 161500000 162000000 253.0
OX637741.1 162000000 162500000 253.0
OX637741.1 162500000 163000000 253.0
OX637741.1 163000000 163500000 253.0
OX637741.1 163500000 164000000 253.0
OX637741.1 164000000 164500000 253.0
OX637741.1 164500000 165000000 253.0
OX637741.1 165000000 165500000 253.0
OX637741.1 165500000 166000000 253.0
OX637741.1 166000000 166500000 253.0
OX637741.1 166500000 167000000 253.0
OX637741.1 167000000 167500000 253.00107
OX637741.1 167500000 168000000 253.0
OX637741.1 168000000 168500000 253.0
OX637741.1 168500000 169000000 252.42337
OX637741.1 169000000 169500000 252.00066
OX637741.1 169500000 170000000 252.0
OX637741.1 170000000 170500000 251.89414
OX637741.1 170500000 171000000 251.0
OX637741.1 171000000 171500000 251.0
OX637741.1 171500000 172000000 251.0
OX637741.1 172000000 172500000 251.0
OX637741.1 172500000 173000000 251.00023
OX637741.1 173000000 173500000 251.0
OX637741.1 173500000 174000000 250.67519
OX637741.1 174000000 174500000 250.0
OX637741.1 174500000 175000000 250.0
OX637741.1 175000000 175500000 250.0
OX637741.1 175500000 176000000 250.0
OX637741.1 176000000 176500000 250.0
OX637741.1 176500000 177000000 250.0
OX637741.1 177000000 177500000 250.0
OX637741.1 177500000 178000000 250.0
OX637741.1 178000000 178500000 250.0
OX637741.1 178500000 179000000 250.0
OX637741.1 179000000 179500000 250.0
OX637741.1 179500000 180000000 250.0
OX637741.1 180000000 180500000 250.0
OX637741.1 180500000 181000000 250.0
OX637741.1 181000000 181500000 250.39796
OX637741.1 181500000 182000000 251.0
OX637741.1 182000000 182500000 251.0
OX637741.1 182500000 183000000 251.0
OX637741.1 183000000 183500000 251.0
OX637741.1 183500000 184000000 251.0
OX637741.1 184000000 184500000 251.0
OX637741.1 184500000 185000000 251.0
OX637741.1 185000000 185500000 251.0
OX637741.1 185500000 186000000 251.0
OX637741.1 186000000 186500000 251.0
OX637741.1 186500000 187000000 251.0
OX637741.1 187000000 187500000 251.0
OX637741.1 187500000 188000000 251.0
OX637741.1 188000000 188500000 251.0
OX637741.1 188500000 189000000 251.0
OX637741.1 189000000 189500000 251.0
OX637741.1 189500000 190000000 251.00068
OX637741.1 190000000 190500000 251.0
OX637741.1 190500000 191000000 251.0
OX637741.1 191000000 191500000 251.0
OX637741.1 191500000 192000000 251.0
OX637741.1 192000000 192500000 251.0
OX637741.1 192500000 193000000 251.0
OX637741.1 193000000 193500000 251.0
OX637741.1 193500000 194000000 251.0
OX637741.1 194000000 194500000 251.0
OX637741.1 194500000 195000000 251.0
OX637741.1 195000000 195500000 251.0
OX637741.1 195500000 196000000 251.0
OX637741.1 196000000 196500000 251.00059
OX637741.1 196500000 197000000 251.0
OX637741.1 197000000 197500000 251.00045
OX637741.1 197500000 198000000 251.0
OX637741.1 198000000 198500000 251.0
OX637741.1 198500000 199000000 251.0
OX637741.1 199000000 199500000 250.57637
OX637741.1 199500000 200000000 250.0
OX637741.1 200000000 200500000 250.0
OX637741.1 200500000 201000000 248.58866
OX637741.1 201000000 201500000 248.0
OX637741.1 201500000 202000000 248.0
OX637741.1 202000000 202500000 248.0
OX637741.1 202500000 203000000 248.0
OX637741.1 203000000 203500000 247.35289
OX637741.1 203500000 204000000 247.0
OX637741.1 204000000 204500000 247.0
OX637741.1 204500000 205000000 247.0
OX637741.1 205000000 205500000 247.09265
OX637741.1 205500000 206000000 248.0
OX637741.1 206000000 206500000 248.0
OX637741.1 206500000 207000000 248.0
OX637741.1 207000000 207500000 248.0
OX637741.1 207500000 208000000 248.0
OX637741.1 208000000 208500000 248.0
OX637741.1 208500000 209000000 247.03457
OX637741.1 209000000 209500000 247.0
OX637741.1 209500000 210000000 247.00057
OX637741.1 210000000 210500000 247.0
OX637741.1 210500000 211000000 247.0
OX637741.1 211000000 211500000 247.0
OX637741.1 211500000 212000000 247.0
OX637741.1 212000000 212500000 247.0
OX637741.1 212500000 213000000 247.0
OX637741.1 213000000 213500000 247.0
OX637741.1 213500000 214000000 246.18742
OX637741.1 214000000 214500000 246.0
OX637741.1 214500000 215000000 246.00088
OX637741.1 215000000 215500000 246.0
OX637741.1 215500000 216000000 246.0
OX637741.1 216000000 216500000 246.0
OX637741.1 216500000 217000000 246.0
OX637741.1 217000000 217500000 246.0
OX637741.1 217500000 218000000 246.0
OX637741.1 218000000 218500000 246.0
OX637741.1 218500000 219000000 246.0
OX637741.1 219000000 219500000 246.0
OX637741.1 219500000 220000000 246.0
OX637741.1 220000000 220500000 246.0
OX637741.1 220500000 221000000 246.0
OX637741.1 221000000 221500000 246.0
OX637741.1 221500000 222000000 245.94233
OX637741.1 222000000 222500000 245.0
OX637741.1 222500000 223000000 245.0
OX637741.1 223000000 223500000 245.0
OX637741.1 223500000 224000000 245.0
OX637741.1 224000000 224500000 245.0
OX637741.1 224500000 225000000 245.0
OX637741.1 225000000 225500000 245.0
OX637741.1 225500000 226000000 245.0
OX637741.1 226000000 226500000 245.0
OX637741.1 226500000 227000000 245.0
OX637741.1 227000000 227500000 245.0
OX637741.1 227500000 228000000 245.0
OX637741.1 228000000 228500000 245.0
OX637741.1 228500000 229000000 245.0
OX637741.1 229000000 229500000 245.0
OX637741.1 229500000 230000000 244.15252
OX637741.1 230000000 230500000 244.00076
OX637741.1 230500000 231000000 244.00018
OX637741.1 231000000 231500000 244.0
OX637741.1 231500000 232000000 244.0
OX637741.1 232000000 232500000 244.0
OX637741.1 232500000 233000000 244.0
OX637741.1 233000000 233500000 243.26992
OX637741.1 233500000 234000000 243.38598
OX637741.1 234000000 234500000 244.90455
OX637741.1 234500000 235000000 245.0
OX637741.1 235000000 235500000 245.0
OX637741.1 235500000 236000000 245.0
OX637741.1 236000000 236500000 245.0
OX637741.1 236500000 237000000 245.0
OX637741.1 237000000 237500000 245.0
OX637741.1 237500000 238000000 244.86816
OX637741.1 238000000 238500000 244.0
OX637741.1 238500000 239000000 243.44247
OX637741.1 239000000 239500000 243.0
OX637741.1 239500000 240000000 243.0
OX637741.1 240000000 240500000 243.0
OX637741.1 240500000 241000000 243.0
OX637741.1 241000000 241500000 243.0
OX637741.1 241500000 242000000 243.0
OX637741.1 242000000 242500000 243.0
OX637741.1 242500000 243000000 242.04055
OX637741.1 243000000 243500000 242.0
OX637741.1 243500000 244000000 242.0
OX637741.1 244000000 244500000 242.0
OX637741.1 244500000 245000000 242.0
OX637741.1 245000000 245500000 242.0
OX637741.1 245500000 246000000 242.0
OX637741.1 246000000 246500000 242.0
OX637741.1 246500000 247000000 242.0
OX637741.1 247000000 247500000 242.0
OX637741.1 247500000 248000000 242.0
OX637741.1 248000000 248500000 242.0
OX637741.1 248500000 249000000 242.0
OX637741.1 249000000 249500000 242.0
OX637741.1 249500000 250000000 242.0
OX637741.1 250000000 250500000 241.69768
OX637741.1 250500000 251000000 241.0
OX637741.1 251000000 251500000 241.0
OX637741.1 251500000 252000000 241.0
OX637741.1 252000000 252500000 241.0
OX637741.1 252500000 253000000 241.0
OX637741.1 253000000 253500000 241.0
OX637741.1 253500000 254000000 241.0
OX637741.1 254000000 254500000 241.0
OX637741.1 254500000 255000000 241.0
OX637741.1 255000000 255500000 241.0
OX637741.1 255500000 256000000 241.0
OX637741.1 256000000 256500000 241.0
OX637741.1 256500000 257000000 241.0
OX637741.1 257000000 257500000 240.95104
OX637741.1 257500000 258000000 239.86093
OX637741.1 258000000 258500000 239.0
OX637741.1 258500000 259000000 239.0
OX637741.1 259000000 259500000 239.0
OX637741.1 259500000 260000000 239.0
OX637741.1 260000000 260500000 239.0
OX637741.1 260500000 261000000 239.0
OX637741.1 261000000 261500000 238.88541
OX637741.1 261500000 262000000 238.0
OX637741.1 262000000 262500000 238.0
OX637741.1 262500000 263000000 238.0
OX637741.1 263000000 263500000 238.0
OX637741.1 263500000 264000000 238.0
OX637741.1 264000000 264500000 238.0
OX637741.1 264500000 265000000 238.0
OX637741.1 265000000 265500000 238.0
OX637741.1 265500000 266000000 238.0
OX637741.1 266000000 266500000 238.0
OX637741.1 266500000 267000000 238.0
OX637741.1 267000000 267500000 238.0
OX637741.1 267500000 268000000 238.0
OX637741.1 268000000 268500000 238.00178
OX637741.1 268500000 269000000 238.0
OX637741.1 269000000 269500000 238.0
OX637741.1 269500000 270000000 238.0
OX637741.1 270000000 270500000 238.0
OX637741.1 270500000 271000000 238.0
OX637741.1 271000000 271500000 238.0
OX637741.1 271500000 272000000 238.0
OX637741.1 272000000 272500000 238.0
OX637741.1 272500000 273000000 238.0
OX637741.1 273000000 273500000 238.0
OX637741.1 273500000 274000000 238.0
OX637741.1 274000000 274500000 238.0
OX637741.1 274500000 275000000 238.0
OX637741.1 275000000 275500000 238.56425
OX637741.1 275500000 276000000 239.0
OX637741.1 276000000 276500000 238.22538
OX637741.1 276500000 277000000 238.0
OX637741.1 277000000 277500000 238.0
OX637741.1 277500000 278000000 238.0
OX637741.1 278000000 278500000 238.0
OX637741.1 278500000 279000000 238.0
OX637741.1 279000000 279500000 238.0
OX637741.1 279500000 280000000 238.0
OX637741.1 280000000 280500000 238.0
OX637741.1 280500000 281000000 238.0
OX637741.1 281000000 281500000 238.28445
OX637741.1 281500000 282000000 239.0
OX637741.1 282000000 282500000 239.0
OX637741.1 282500000 283000000 238.39256
OX637741.1 283000000 283500000 238.0
OX637741.1 283500000 284000000 238.0
OX637741.1 284000000 284500000 238.0
OX637741.1 284500000 285000000 238.0
OX637741.1 285000000 285500000 238.0
OX637741.1 285500000 286000000 238.0
OX637741.1 286000000 286500000 238.0
OX637741.1 286500000 287000000 238.0
OX637741.1 287000000 287500000 238.0
OX637741.1 287500000 288000000 237.15291
OX637741.1 288000000 288500000 237.0
OX637741.1 288500000 289000000 237.0
OX637741.1 289000000 289500000 237.57248
OX637741.1 289500000 290000000 238.0
OX637741.1 290000000 290500000 238.0
OX637741.1 290500000 291000000 238.0
OX637741.1 291000000 291500000 238.0
OX637741.1 291500000 292000000 238.0
OX637741.1 292000000 292500000 238.0
OX637741.1 292500000 293000000 238.0
OX637741.1 293000000 293500000 238.0
OX637741.1 293500000 294000000 238.0
OX637741.1 294000000 294500000 238.0
OX637741.1 294500000 295000000 238.0
OX637741.1 295000000 295500000 238.0
OX637741.1 295500000 296000000 238.0
OX637741.1 296000000 296500000 238.0
OX637741.1 296500000 297000000 238.0
OX637741.1 297000000 297500000 238.0
OX637741.1 297500000 298000000 238.0
OX637741.1 298000000 298500000 238.0
OX637741.1 298500000 299000000 238.0
OX637741.1 299000000 299500000 238.0
OX637741.1 299500000 300000000 238.0
OX637741.1 300000000 300500000 238.0
OX637741.1 300500000 301000000 238.0
OX637741.1 301000000 301500000 238.0
OX637741.1 301500000 302000000 238.0
OX637741.1 302000000 302500000 238.0
OX637741.1 302500000 303000000 238.0
OX637741.1 303000000 303500000 238.0
OX637741.1 303500000 304000000 238.0
OX637741.1 304000000 304500000 238.0
OX637741.1 304500000 305000000 238.0
OX637741.1 305000000 305500000 238.0
OX637741.1 305500000 306000000 238.0
OX637741.1 306000000 306500000 238.0
OX637741.1 306500000 307000000 237.04623
OX637741.1 307000000 307500000 236.02088
OX637741.1 307500000 308000000 236.0
OX637741.1 308000000 308500000 236.0
OX637741.1 308500000 309000000 236.0
OX637741.1 309000000 309500000 236.0
OX637741.1 309500000 310000000 236.0
OX637741.1 310000000 310500000 236.00056
OX637741.1 310500000 311000000 235.58768
OX637741.1 311000000 311500000 235.0
OX637741.1 311500000 312000000 235.0
OX637741.1 312000000 312500000 235.0
OX637741.1 312500000 313000000 235.0
OX637741.1 313000000 313500000 235.0
OX637741.1 313500000 314000000 235.0
OX637741.1 314000000 314500000 235.0
OX637741.1 314500000 315000000 235.0
OX637741.1 315000000 315500000 235.0
OX637741.1 315500000 316000000 235.00157
OX637741.1 316000000 316500000 235.0
OX637741.1 316500000 317000000 234.86997
OX637741.1 317000000 317500000 234.00059
OX637741.1 317500000 318000000 234.0
OX637741.1 318000000 318500000 234.0
OX637741.1 318500000 319000000 234.0
OX637741.1 319000000 319500000 234.0
OX637741.1 319500000 320000000 233.30957
OX637741.1 320000000 320500000 233.00266
OX637741.1 320500000 321000000 233.0
OX637741.1 321000000 321500000 232.07784
OX637741.1 321500000 322000000 232.0
OX637741.1 322000000 322500000 232.0
OX637741.1 322500000 323000000 232.0
OX637741.1 323000000 323500000 232.0
OX637741.1 323500000 324000000 232.0
OX637741.1 324000000 324500000 232.0
OX637741.1 324500000 325000000 232.0
OX637741.1 325000000 325500000 232.0
OX637741.1 325500000 326000000 231.71937
OX637741.1 326000000 326500000 231.0
OX637741.1 326500000 327000000 230.34588
OX637741.1 327000000 327500000 229.0
OX637741.1 327500000 328000000 229.0
OX637741.1 328000000 328500000 229.0
OX637741.1 328500000 329000000 229.0
OX637741.1 329000000 329500000 229.0
OX637741.1 329500000 330000000 229.0
OX637741.1 330000000 330500000 229.0
OX637741.1 330500000 331000000 229.0
OX637741.1 331000000 331500000 229.0
OX637741.1 331500000 332000000 229.0
OX637741.1 332000000 332500000 229.0
OX637741.1 332500000 333000000 229.0
OX637741.1 333000000 333500000 229.0011
OX637741.1 333500000 334000000 228.94482
OX637741.1 334000000 334500000 228.0
OX637741.1 334500000 335000000 228.0
OX637741.1 335000000 335500000 228.0
OX637741.1 335500000 336000000 228.0
OX637741.1 336000000 336500000 228.0
OX637741.1 336500000 337000000 228.0
OX637741.1 337000000 337500000 228.0
OX637741.1 337500000 338000000 228.0
OX637741.1 338000000 338500000 228.0
OX637741.1 338500000 339000000 227.98397
OX637741.1 339000000 339500000 227.0
OX637741.1 339500000 340000000 227.0
OX637741.1 340000000 340500000 227.0
OX637741.1 340500000 341000000 227.0
OX637741.1 341000000 341500000 227.0
OX637741.1 341500000 342000000 227.00063
OX637741.1 342000000 342500000 227.0
OX637741.1 342500000 343000000 227.0
OX637741.1 343000000 343500000 227.0
OX637741.1 343500000 344000000 227.0
OX637741.1 344000000 344500000 227.00072
OX637741.1 344500000 345000000 226.63298
OX637741.1 345000000 345500000 225.0
OX637741.1 345500000 346000000 225.0
OX637741.1 346000000 346500000 225.00105
OX637741.1 346500000 347000000 225.0
OX637741.1 347000000 347500000 224.83184
OX637741.1 347500000 348000000 224.0
OX637741.1 348000000 348500000 224.00169
OX637741.1 348500000 349000000 224.00016
OX637741.1 349000000 349500000 224.00024
OX637741.1 349500000 350000000 224.0
OX637741.1 350000000 350500000 223.7794
OX637741.1 350500000 351000000 223.0
OX637741.1 351000000 351500000 223.0
OX637741.1 351500000 352000000 222.74691
OX637741.1 352000000 352500000 222.49281
OX637741.1 352500000 353000000 223.0
OX637741.1 353000000 353500000 222.35593
OX637741.1 353500000 354000000 221.506
OX637741.1 354000000 354500000 220.09293
OX637741.1 354500000 355000000 220.0
OX637741.1 355000000 355500000 220.0
OX637741.1 355500000 356000000 220.0
OX637741.1 356000000 356500000 220.0
OX637741.1 356500000 357000000 219.63318
OX637741.1 357000000 357500000 219.0
OX637741.1 357500000 358000000 218.93939
OX637741.1 358000000 358500000 218.0
OX637741.1 358500000 359000000 218.0
OX637741.1 359000000 359500000 218.0
OX637741.1 359500000 360000000 218.0
OX637741.1 360000000 360500000 218.0
OX637741.1 360500000 361000000 217.43277
OX637741.1 361000000 361500000 217.0
OX637741.1 361500000 362000000 217.0
OX637741.1 362000000 362500000 217.0
OX637741.1 362500000 363000000 216.12346
OX637741.1 363000000 363500000 216.34035
OX637741.1 363500000 364000000 216.23758
OX637741.1 364000000 364500000 215.0
OX637741.1 364500000 365000000 214.3648
OX637741.1 365000000 365500000 213.16931
OX637741.1 365500000 366000000 213.0
OX637741.1 366000000 366500000 213.0
OX637741.1 366500000 367000000 213.0
OX637741.1 367000000 367500000 213.0
OX637741.1 367500000 368000000 213.0
OX637741.1 368000000 368500000 212.46945
OX637741.1 368500000 369000000 212.0
OX637741.1 369000000 369500000 211.51901
OX637741.1 369500000 370000000 210.19874
OX637741.1 370000000 370500000 208.74739
OX637741.1 370500000 371000000 207.0
OX637741.1 371000000 371500000 207.0
OX637741.1 371500000 372000000 205.5703
OX637741.1 372000000 372500000 205.0
OX637741.1 372500000 373000000 205.0
OX637741.1 373000000 373500000 204.29496
OX637741.1 373500000 374000000 203.00063
OX637741.1 374000000 374500000 202.63584
OX637741.1 374500000 375000000 202.0
OX637741.1 375000000 375500000 201.2292
OX637741.1 375500000 376000000 200.0
OX637741.1 376000000 376500000 199.08594
OX637741.1 376500000 377000000 198.0
OX637741.1 377000000 377500000 198.0
OX637741.1 377500000 378000000 198.0
OX637741.1 378000000 378500000 196.31854
OX637741.1 378500000 379000000 196.0
OX637741.1 379000000 379500000 193.74669
OX637741.1 379500000 380000000 191.91366
OX637741.1 380000000 380500000 191.00095
OX637741.1 380500000 381000000 191.0
OX637741.1 381000000 381500000 191.0
OX637741.1 381500000 382000000 190.24685
OX637741.1 382000000 382500000 190.0
OX637741.1 382500000 383000000 189.83621
OX637741.1 383000000 383500000 188.49857
OX637741.1 383500000 384000000 185.62247
OX637741.1 384000000 384500000 184.31344
OX637741.1 384500000 385000000 183.05401
OX637741.1 385000000 385500000 182.61189
OX637741.1 385500000 386000000 181.19369
OX637741.1 386000000 386500000 180.23939
OX637741.1 386500000 387000000 180.0
OX637741.1 387000000 387500000 179.45619
OX637741.1 387500000 388000000 178.06789
OX637741.1 388000000 388500000 178.40894
OX637741.1 388500000 389000000 178.05485
OX637741.1 389000000 389500000 178.0
OX637741.1 389500000 390000000 177.04229
OX637741.1 390000000 390500000 177.0
OX637741.1 390500000 391000000 177.0
OX637741.1 391000000 391500000 177.0
OX637741.1 391500000 392000000 176.3113
OX637741.1 392000000 392500000 173.02764
OX637741.1 392500000 393000000 172.0
OX637741.1 393000000 393500000 172.00038
OX637741.1 393500000 394000000 171.04376
OX637741.1 394000000 394500000 169.81262
OX637741.1 394500000 395000000 168.46035
OX637741.1 395000000 395500000 167.34691
OX637741.1 395500000 396000000 166.8306
OX637741.1 396000000 396500000 165.61312
OX637741.1 396500000 397000000 163.57906
OX637741.1 397000000 397500000 162.54327
OX637741.1 397500000 398000000 161.0
OX637741.1 398000000 398500000 161.0
OX637741.1 398500000 399000000 159.49843
OX637741.1 399000000 399500000 156.44957
OX637741.1 399500000 400000000 152.69833
OX637741.1 400000000 400500000 151.47108
OX637741.1 400500000 401000000 149.63848
OX637741.1 401000000 401500000 147.11254
OX637741.1 401500000 402000000 145.70626
OX637741.1 402000000 402500000 140.83245
OX637741.1 402500000 403000000 140.0
OX637741.1 403000000 403500000 138.78032
OX637741.1 403500000 404000000 135.17833
OX637741.1 404000000 404500000 133.57975
OX637741.1 404500000 405000000 130.23896
OX637741.1 405000000 405500000 129.99657
OX637741.1 405500000 406000000 129.0
OX637741.1 406000000 406500000 128.63652
OX637741.1 406500000 407000000 124.61004
OX637741.1 407000000 407500000 123.62632
OX637741.1 407500000 408000000 119.22414
OX637741.1 408000000 408500000 115.1561
OX637741.1 408500000 409000000 113.77504
OX637741.1 409000000 409500000 113.0
OX637741.1 409500000 410000000 112.77756
OX637741.1 410000000 410500000 111.65237
OX637741.1 410500000 411000000 109.54952
OX637741.1 411000000 411500000 107.05361
OX637741.1 411500000 412000000 106.76856
OX637741.1 412000000 412500000 104.61401
OX637741.1 412500000 413000000 101.48626
OX637741.1 413000000 413500000 99.21661
OX637741.1 413500000 414000000 94.25563
OX637741.1 414000000 414500000 92.27903
OX637741.1 414500000 415000000 88.80744
OX637741.1 415000000 415500000 83.41153
OX637741.1 415500000 416000000 79.07915
OX637741.1 416000000 416500000 78.0008
OX637741.1 416500000 417000000 76.13024
OX637741.1 417000000 417500000 68.08809
OX637741.1 417500000 418000000 55.28522
OX637741.1 418000000 418500000 47.27463
OX637741.1 418500000 419000000 38.96829
OX637741.1 419000000 419500000 36.58355
OX637741.1 419500000 420000000 33.93022
OX637741.1 420000000 420500000 28.52707
OX637741.1 420500000 421000000 21.12753
OX637741.1 421000000 421500000 7.61593
OX637741.1 421500000 422000000 3.0
OX637741.1 422000000 422500000 2.79905
OX637741.1 422500000 423000000 1.16423
OX637741.1 423000000 423500000 1.0
OX637741.1 423500000 424000000 1.0
OX637741.1 424000000 424500000 1.0
OX637741.1 424500000 424937212 1.0
OX637748.1 0 500000 0.89317
OX637748.1 500000 1000000 1.0
OX637748.1 1000000 1500000 1.80311
OX637748.1 1500000 2000000 10.67886
OX637748.1 2000000 2500000 16.0
OX637748.1 2500000 3000000 16.03735
OX637748.1 3000000 3500000 20.87548
OX637748.1 3500000 4000000 30.20611
OX637748.1 4000000 4500000 40.90525
OX637748.1 4500000 5000000 51.25467
OX637748.1 5000000 5500000 58.72
OX637748.1 5500000 6000000 63.16639
OX637748.1 6000000 6500000 70.1469
OX637748.1 6500000 7000000 74.0
OX637748.1 7000000 7500000 74.0
OX637748.1 7500000 8000000 74.32683
OX637748.1 8000000 8500000 78.81231
OX637748.1 8500000 9000000 80.0
OX637748.1 9000000 9500000 80.0
OX637748.1 9500000 10000000 80.0
OX637748.1 10000000 10500000 80.84453
OX637748.1 10500000 11000000 81.0
OX637748.1 11000000 11500000 81.0
OX637748.1 11500000 12000000 81.0
OX637748.1 12000000 12500000 83.03715
OX637748.1 12500000 13000000 89.46246
OX637748.1 13000000 13500000 92.28539
OX637748.1 13500000 14000000 97.61562
OX637748.1 14000000 14500000 104.31528
OX637748.1 14500000 15000000 109.04596
OX637748.1 15000000 15500000 116.37074
OX637748.1 15500000 16000000 125.24901
OX637748.1 16000000 16500000 134.84258
OX637748.1 16500000 17000000 140.904
OX637748.1 17000000 17500000 149.22953
OX637748.1 17500000 18000000 152.69842
OX637748.1 18000000 18500000 154.57936
OX637748.1 18500000 19000000 163.04268
OX637748.1 19000000 19500000 171.29344
OX637748.1 19500000 20000000 174.13789
OX637748.1 20000000 20500000 176.9397
OX637748.1 20500000 21000000 178.33124
OX637748.1 21000000 21500000 180.07543
OX637748.1 21500000 22000000 183.11284
OX637748.1 22000000 22500000 185.62852
OX637748.1 22500000 23000000 186.74901
OX637748.1 23000000 23500000 188.90789
OX637748.1 23500000 24000000 191.02483
OX637748.1 24000000 24500000 193.06416
OX637748.1 24500000 25000000 198.12174
OX637748.1 25000000 25500000 203.09887
OX637748.1 25500000 26000000 210.46169
OX637748.1 26000000 26500000 212.87004
OX637748.1 26500000 27000000 214.70415
OX637748.1 27000000 27500000 219.62216
OX637748.1 27500000 28000000 225.20233
OX637748.1 28000000 28500000 226.0
OX637748.1 28500000 29000000 229.98729
OX637748.1 29000000 29500000 232.87474
OX637748.1 29500000 30000000 233.84331
OX637748.1 30000000 30500000 236.92916
OX637748.1 30500000 31000000 238.13188
OX637748.1 31000000 31500000 241.13296
OX637748.1 31500000 32000000 241.12593
OX637748.1 32000000 32500000 242.56427
OX637748.1 32500000 33000000 245.0
OX637748.1 33000000 33500000 245.89347
OX637748.1 33500000 34000000 247.15837
OX637748.1 34000000 34500000 250.66583
OX637748.1 34500000 35000000 254.41883
OX637748.1 35000000 35500000 255.1795
OX637748.1 35500000 36000000 256.0
OX637748.1 36000000 36500000 256.0
OX637748.1 36500000 37000000 258.45539
OX637748.1 37000000 37500000 260.0
OX637748.1 37500000 38000000 260.46739
OX637748.1 38000000 38500000 261.0002
OX637748.1 38500000 39000000 261.73291
OX637748.1 39000000 39500000 262.0
OX637748.1 39500000 40000000 262.2812
OX637748.1 40000000 40500000 262.1808
OX637748.1 40500000 41000000 262.0
OX637748.1 41000000 41500000 262.28199
OX637748.1 41500000 42000000 264.39523
OX637748.1 42000000 42500000 265.30176
OX637748.1 42500000 43000000 266.04216
OX637748.1 43000000 43500000 267.0
OX637748.1 43500000 44000000 268.20567
OX637748.1 44000000 44500000 269.61109
OX637748.1 44500000 45000000 271.0376
OX637748.1 45000000 45500000 272.48886
OX637748.1 45500000 46000000 273.07623
OX637748.1 46000000 46500000 274.0
OX637748.1 46500000 47000000 274.0
OX637748.1 47000000 47500000 274.24196
OX637748.1 47500000 48000000 275.60122
OX637748.1 48000000 48500000 277.0
OX637748.1 48500000 49000000 278.30294
OX637748.1 49000000 49500000 279.0
OX637748.1 49500000 50000000 279.0
OX637748.1 50000000 50500000 279.57429
OX637748.1 50500000 51000000 278.89039
OX637748.1 51000000 51500000 278.0
OX637748.1 51500000 52000000 278.0005
OX637748.1 52000000 52500000 278.00034
OX637748.1 52500000 53000000 278.84491
OX637748.1 53000000 53500000 280.09754
OX637748.1 53500000 54000000 281.81982
OX637748.1 54000000 54500000 282.27562
OX637748.1 54500000 55000000 283.14346
OX637748.1 55000000 55500000 284.0
OX637748.1 55500000 56000000 284.0
OX637748.1 56000000 56500000 284.19778
OX637748.1 56500000 57000000 285.67446
OX637748.1 57000000 57500000 287.04194
OX637748.1 57500000 58000000 288.27863
OX637748.1 58000000 58500000 289.42973
OX637748.1 58500000 59000000 290.0
OX637748.1 59000000 59500000 290.83953
OX637748.1 59500000 60000000 291.46641
OX637748.1 60000000 60500000 292.00025
OX637748.1 60500000 61000000 293.07335
OX637748.1 61000000 61500000 294.0
OX637748.1 61500000 62000000 294.30867
OX637748.1 62000000 62500000 295.0
OX637748.1 62500000 63000000 295.0
OX637748.1 63000000 63500000 295.0
OX637748.1 63500000 64000000 295.0
OX637748.1 64000000 64500000 294.16896
OX637748.1 64500000 65000000 294.0
OX637748.1 65000000 65500000 294.0
OX637748.1 65500000 66000000 294.96964
OX637748.1 66000000 66500000 295.43429
OX637748.1 66500000 67000000 296.7251
OX637748.1 67000000 67500000 296.0916
OX637748.1 67500000 68000000 297.00018
OX637748.1 68000000 68500000 297.74467
OX637748.1 68500000 69000000 298.96446
OX637748.1 69000000 69500000 301.0
OX637748.1 69500000 70000000 303.3919
OX637748.1 70000000 70500000 303.82785
OX637748.1 70500000 71000000 304.11129
OX637748.1 71000000 71500000 305.00018
OX637748.1 71500000 72000000 305.84767
OX637748.1 72000000 72500000 306.0
OX637748.1 72500000 73000000 306.89925
OX637748.1 73000000 73500000 307.00064
OX637748.1 73500000 74000000 307.0
OX637748.1 74000000 74500000 307.00037
OX637748.1 74500000 75000000 307.0
OX637748.1 75000000 75500000 307.37285
OX637748.1 75500000 76000000 308.33137
OX637748.1 76000000 76500000 309.0
OX637748.1 76500000 77000000 309.0
OX637748.1 77000000 77500000 309.0
OX637748.1 77500000 78000000 309.42197
OX637748.1 78000000 78500000 310.19448
OX637748.1 78500000 79000000 311.41046
OX637748.1 79000000 79500000 312.0
OX637748.1 79500000 80000000 312.27534
OX637748.1 80000000 80500000 313.64453
OX637748.1 80500000 81000000 315.18045
OX637748.1 81000000 81500000 316.0
OX637748.1 81500000 82000000 316.0
OX637748.1 82000000 82500000 316.00077
OX637748.1 82500000 83000000 316.0
OX637748.1 83000000 83500000 316.58495
OX637748.1 83500000 84000000 317.0
OX637748.1 84000000 84500000 317.0
OX637748.1 84500000 85000000 317.0
OX637748.1 85000000 85500000 317.0
OX637748.1 85500000 86000000 317.89774
OX637748.1 86000000 86500000 318.0
OX637748.1 86500000 87000000 318.00078
OX637748.1 87000000 87500000 318.00034
OX637748.1 87500000 88000000 318.39228
OX637748.1 88000000 88500000 319.46403
OX637748.1 88500000 89000000 320.00021
OX637748.1 89000000 89500000 321.12812
OX637748.1 89500000 90000000 322.0
OX637748.1 90000000 90500000 322.0
OX637748.1 90500000 91000000 322.0
OX637748.1 91000000 91500000 322.39883
OX637748.1 91500000 92000000 322.83418
OX637748.1 92000000 92500000 322.52711
OX637748.1 92500000 93000000 323.0
OX637748.1 93000000 93500000 323.19428
OX637748.1 93500000 94000000 324.7361
OX637748.1 94000000 94500000 325.0
OX637748.1 94500000 95000000 325.0
OX637748.1 95000000 95500000 325.00019
OX637748.1 95500000 96000000 327.69562
OX637748.1 96000000 96500000 329.0
OX637748.1 96500000 97000000 329.72143
OX637748.1 97000000 97500000 329.58385
OX637748.1 97500000 98000000 329.0
OX637748.1 98000000 98500000 329.0
OX637748.1 98500000 99000000 329.27481
OX637748.1 99000000 99500000 330.0
OX637748.1 99500000 100000000 329.46917
OX637748.1 100000000 100500000 329.0
OX637748.1 100500000 101000000 329.0
OX637748.1 101000000 101500000 330.15836
OX637748.1 101500000 102000000 331.0
OX637748.1 102000000 102500000 331.0
OX637748.1 102500000 103000000 331.0
OX637748.1 103000000 103500000 331.49629
OX637748.1 103500000 104000000 332.52995
OX637748.1 104000000 104500000 333.0
OX637748.1 104500000 105000000 333.0
OX637748.1 105000000 105500000 333.0
OX637748.1 105500000 106000000 333.46559
OX637748.1 106000000 106500000 333.07084
OX637748.1 106500000 107000000 333.0
OX637748.1 107000000 107500000 333.0
OX637748.1 107500000 108000000 333.0
OX637748.1 108000000 108500000 333.0
OX637748.1 108500000 109000000 333.0
OX637748.1 109000000 109500000 333.0
OX637748.1 109500000 110000000 333.76332
OX637748.1 110000000 110500000 334.0
OX637748.1 110500000 111000000 334.00032
OX637748.1 111000000 111500000 334.0
OX637748.1 111500000 112000000 334.0
OX637748.1 112000000 112500000 334.00069
OX637748.1 112500000 113000000 334.0
OX637748.1 113000000 113500000 334.0
OX637748.1 113500000 114000000 334.5372
OX637748.1 114000000 114500000 335.0
OX637748.1 114500000 115000000 335.0
OX637748.1 115000000 115500000 335.0
OX637748.1 115500000 116000000 335.0
OX637748.1 116000000 116500000 335.0
OX637748.1 116500000 117000000 335.0
OX637748.1 117000000 117500000 335.0
OX637748.1 117500000 118000000 335.08107
OX637748.1 118000000 118500000 336.0
OX637748.1 118500000 119000000 336.42165
OX637748.1 119000000 119500000 337.0
OX637748.1 119500000 120000000 337.0
OX637748.1 120000000 120500000 337.0
OX637748.1 120500000 121000000 337.00026
OX637748.1 121000000 121500000 337.0
OX637748.1 121500000 122000000 337.0
OX637748.1 122000000 122500000 337.0
OX637748.1 122500000 123000000 337.93107
OX637748.1 123000000 123500000 338.05329
OX637748.1 123500000 124000000 339.50919
OX637748.1 124000000 124500000 340.0
OX637748.1 124500000 125000000 339.29487
OX637748.1 125000000 125500000 339.0
OX637748.1 125500000 126000000 339.88354
OX637748.1 126000000 126500000 340.0
OX637748.1 126500000 127000000 340.0
OX637748.1 127000000 127500000 340.0
OX637748.1 127500000 128000000 340.0
OX637748.1 128000000 128500000 340.0
OX637748.1 128500000 129000000 340.00026
OX637748.1 129000000 129500000 340.0
OX637748.1 129500000 130000000 340.24759
OX637748.1 130000000 130500000 341.0
OX637748.1 130500000 131000000 341.0
OX637748.1 131000000 131500000 341.0
OX637748.1 131500000 132000000 341.0
OX637748.1 132000000 132500000 341.0
OX637748.1 132500000 133000000 341.0
OX637748.1 133000000 133500000 341.0
OX637748.1 133500000 134000000 341.0
OX637748.1 134000000 134500000 341.0
OX637748.1 134500000 135000000 341.0
OX637748.1 135000000 135500000 340.31229
OX637748.1 135500000 136000000 340.0
OX637748.1 136000000 136500000 340.00074
OX637748.1 136500000 137000000 340.0
OX637748.1 137000000 137500000 340.92983
OX637748.1 137500000 138000000 341.0
OX637748.1 138000000 138500000 341.0
OX637748.1 138500000 139000000 341.0
OX637748.1 139000000 139500000 341.0
OX637748.1 139500000 140000000 341.0
OX637748.1 140000000 140500000 341.0
OX637748.1 140500000 141000000 341.00061
OX637748.1 141000000 141500000 341.18602
OX637748.1 141500000 142000000 342.0
OX637748.1 142000000 142500000 342.0
OX637748.1 142500000 143000000 342.0
OX637748.1 143000000 143500000 342.0
OX637748.1 143500000 144000000 342.00057
OX637748.1 144000000 144500000 342.0
OX637748.1 144500000 145000000 342.0
OX637748.1 145000000 145500000 342.0
OX637748.1 145500000 146000000 342.0
OX637748.1 146000000 146500000 342.0
OX637748.1 146500000 147000000 342.0
OX637748.1 147000000 147500000 342.00031
OX637748.1 147500000 148000000 342.0
OX637748.1 148000000 148500000 342.0
OX637748.1 148500000 149000000 342.0
OX637748.1 149000000 149500000 342.0
OX637748.1 149500000 150000000 342.0
OX637748.1 150000000 150500000 342.0
OX637748.1 150500000 151000000 342.0
OX637748.1 151000000 151500000 342.0
OX637748.1 151500000 152000000 342.06923
OX637748.1 152000000 152500000 343.0
OX637748.1 152500000 153000000 343.0
OX637748.1 153000000 153500000 343.55593
OX637748.1 153500000 154000000 344.0
OX637748.1 154000000 154500000 344.0
OX637748.1 154500000 155000000 344.0
OX637748.1 155000000 155500000 344.0
OX637748.1 155500000 156000000 344.0002
OX637748.1 156000000 156500000 344.0
OX637748.1 156500000 157000000 344.0
OX637748.1 157000000 157500000 344.0
OX637748.1 157500000 158000000 344.00081
OX637748.1 158000000 158500000 344.0
OX637748.1 158500000 159000000 344.0
OX637748.1 159000000 159500000 344.0
OX637748.1 159500000 160000000 344.0
OX637748.1 160000000 160500000 344.0
OX637748.1 160500000 161000000 344.0
OX637748.1 161000000 161500000 344.0
OX637748.1 161500000 162000000 344.0
OX637748.1 162000000 162500000 344.0
OX637748.1 162500000 163000000 344.0
OX637748.1 163000000 163500000 344.0
OX637748.1 163500000 164000000 343.75624
OX637748.1 164000000 164500000 343.0
OX637748.1 164500000 165000000 343.0
OX637748.1 165000000 165500000 343.0
OX637748.1 165500000 166000000 343.0
OX637748.1 166000000 166500000 343.0
OX637748.1 166500000 167000000 343.0
OX637748.1 167000000 167500000 343.0
OX637748.1 167500000 168000000 343.0
OX637748.1 168000000 168500000 343.48674
OX637748.1 168500000 169000000 344.63649
OX637748.1 169000000 169500000 345.0
OX637748.1 169500000 170000000 345.0
OX637748.1 170000000 170500000 345.0
OX637748.1 170500000 171000000 345.0
OX637748.1 171000000 171500000 345.0
OX637748.1 171500000 172000000 345.0
OX637748.1 172000000 172500000 345.0
OX637748.1 172500000 173000000 345.0
OX637748.1 173000000 173500000 345.0
OX637748.1 173500000 174000000 345.0
OX637748.1 174000000 174500000 345.0
OX637748.1 174500000 175000000 345.0
OX637748.1 175000000 175500000 345.0
OX637748.1 175500000 176000000 345.0
OX637748.1 176000000 176500000 345.0
OX637748.1 176500000 177000000 345.0
OX637748.1 177000000 177500000 345.0
OX637748.1 177500000 178000000 345.0
OX637748.1 178000000 178500000 345.0
OX637748.1 178500000 179000000 345.0
OX637748.1 179000000 179500000 345.0
OX637748.1 179500000 180000000 345.0
OX637748.1 180000000 180500000 345.0
OX637748.1 180500000 181000000 345.0
OX637748.1 181000000 181500000 345.0
OX637748.1 181500000 182000000 345.0
OX637748.1 182000000 182500000 345.0
OX637748.1 182500000 183000000 345.0
OX637748.1 183000000 183500000 345.1184
OX637748.1 183500000 184000000 346.0
OX637748.1 184000000 184500000 346.0
OX637748.1 184500000 185000000 346.0
OX637748.1 185000000 185500000 346.0
OX637748.1 185500000 186000000 346.69047
OX637748.1 186000000 186500000 347.0
OX637748.1 186500000 187000000 347.0
OX637748.1 187000000 187500000 347.0
OX637748.1 187500000 188000000 347.0
OX637748.1 188000000 188500000 347.0
OX637748.1 188500000 189000000 347.0
OX637748.1 189000000 189500000 347.0
OX637748.1 189500000 190000000 347.0
OX637748.1 190000000 190500000 347.0
OX637748.1 190500000 191000000 347.0
OX637748.1 191000000 191500000 347.0
OX637748.1 191500000 192000000 347.0
OX637748.1 192000000 192500000 347.0
OX637748.1 192500000 193000000 347.0
OX637748.1 193000000 193500000 347.0
OX637748.1 193500000 194000000 347.0
OX637748.1 194000000 194500000 347.0
OX637748.1 194500000 195000000 347.54214
OX637748.1 195000000 195500000 348.0
OX637748.1 195500000 196000000 348.0
OX637748.1 196000000 196500000 347.78602
OX637748.1 196500000 197000000 347.0
OX637748.1 197000000 197500000 347.0
OX637748.1 197500000 198000000 347.0
OX637748.1 198000000 198500000 347.0
OX637748.1 198500000 199000000 347.04977
OX637748.1 199000000 199500000 347.20408
OX637748.1 199500000 200000000 348.0
OX637748.1 200000000 200500000 348.0
OX637748.1 200500000 201000000 348.0
OX637748.1 201000000 201500000 348.0
OX637748.1 201500000 202000000 348.0
OX637748.1 202000000 202500000 348.0
OX637748.1 202500000 203000000 348.0
OX637748.1 203000000 203500000 348.40703
OX637748.1 203500000 204000000 349.0
OX637748.1 204000000 204500000 349.0
OX637748.1 204500000 205000000 349.0
OX637748.1 205000000 205500000 349.0
OX637748.1 205500000 206000000 349.0
OX637748.1 206000000 206500000 349.0
OX637748.1 206500000 207000000 349.0
OX637748.1 207000000 207500000 349.0
OX637748.1 207500000 208000000 348.9221
OX637748.1 208000000 208500000 348.0
OX637748.1 208500000 209000000 348.00019
OX637748.1 209000000 209500000 348.0
OX637748.1 209500000 210000000 348.0
OX637748.1 210000000 210500000 348.0
OX637748.1 210500000 211000000 348.0
OX637748.1 211000000 211500000 348.0
OX637748.1 211500000 212000000 348.0
OX637748.1 212000000 212500000 348.0
OX637748.1 212500000 213000000 348.0
OX637748.1 213000000 213500000 348.0
OX637748.1 213500000 214000000 347.80124
OX637748.1 214000000 214500000 347.0
OX637748.1 214500000 215000000 347.0
OX637748.1 215000000 215500000 347.0
OX637748.1 215500000 216000000 347.0
OX637748.1 216000000 216500000 347.0
OX637748.1 216500000 217000000 347.0
OX637748.1 217000000 217500000 347.0
OX637748.1 217500000 218000000 347.0
OX637748.1 218000000 218500000 347.0
OX637748.1 218500000 219000000 347.0
OX637748.1 219000000 219500000 347.0
OX637748.1 219500000 220000000 347.0
OX637748.1 220000000 220500000 347.0
OX637748.1 220500000 221000000 347.0
OX637748.1 221000000 221500000 347.0
OX637748.1 221500000 222000000 347.0
OX637748.1 222000000 222500000 347.0
OX637748.1 222500000 223000000 347.0
OX637748.1 223000000 223500000 347.0
OX637748.1 223500000 224000000 347.0
OX637748.1 224000000 224500000 347.0
OX637748.1 224500000 225000000 347.0
OX637748.1 225000000 225500000 347.0
OX637748.1 225500000 226000000 347.0
OX637748.1 226000000 226500000 347.0
OX637748.1 226500000 227000000 347.0
OX637748.1 227000000 227500000 347.0
OX637748.1 227500000 228000000 347.0
OX637748.1 228000000 228500000 347.0
OX637748.1 228500000 229000000 347.0
OX637748.1 229000000 229500000 347.0
OX637748.1 229500000 230000000 347.0
OX637748.1 230000000 230500000 347.0
OX637748.1 230500000 231000000 347.0
OX637748.1 231000000 231500000 347.0
OX637748.1 231500000 232000000 347.0
OX637748.1 232000000 232500000 346.57785
OX637748.1 232500000 233000000 346.0
OX637748.1 233000000 233500000 346.0
OX637748.1 233500000 234000000 346.0
OX637748.1 234000000 234500000 346.0
OX637748.1 234500000 235000000 346.0
OX637748.1 235000000 235500000 346.0
OX637748.1 235500000 236000000 346.0
OX637748.1 236000000 236500000 346.0
OX637748.1 236500000 237000000 346.0
OX637748.1 237000000 237500000 346.0
OX637748.1 237500000 238000000 346.0
OX637748.1 238000000 238500000 346.30897
OX637748.1 238500000 239000000 347.0
OX637748.1 239000000 239500000 347.0
OX637748.1 239500000 240000000 347.0
OX637748.1 240000000 240500000 347.0
OX637748.1 240500000 241000000 347.0
OX637748.1 241000000 241500000 347.0
OX637748.1 241500000 242000000 347.0
OX637748.1 242000000 242500000 347.0
OX637748.1 242500000 243000000 347.75295
OX637748.1 243000000 243500000 348.0
OX637748.1 243500000 244000000 348.0
OX637748.1 244000000 244500000 348.0
OX637748.1 244500000 245000000 348.0
OX637748.1 245000000 245500000 348.0
OX637748.1 245500000 246000000 348.0
OX637748.1 246000000 246500000 347.49307
OX637748.1 246500000 247000000 346.63567
OX637748.1 247000000 247500000 346.0
OX637748.1 247500000 248000000 346.0
OX637748.1 248000000 248500000 346.0
OX637748.1 248500000 249000000 346.0
OX637748.1 249000000 249500000 346.0
OX637748.1 249500000 250000000 346.0
OX637748.1 250000000 250500000 346.0
OX637748.1 250500000 251000000 345.10138
OX637748.1 251000000 251500000 345.0
OX637748.1 251500000 252000000 345.0
OX637748.1 252000000 252500000 345.0
OX637748.1 252500000 253000000 345.69946
OX637748.1 253000000 253500000 346.0
OX637748.1 253500000 254000000 346.0
OX637748.1 254000000 254500000 346.0
OX637748.1 254500000 255000000 346.0
OX637748.1 255000000 255500000 346.0
OX637748.1 255500000 256000000 346.0
OX637748.1 256000000 256500000 346.0
OX637748.1 256500000 257000000 346.00045
OX637748.1 257000000 257500000 346.0
OX637748.1 257500000 258000000 346.0
OX637748.1 258000000 258500000 346.0
OX637748.1 258500000 259000000 346.0
OX637748.1 259000000 259500000 346.0
OX637748.1 259500000 260000000 346.0
OX637748.1 260000000 260500000 346.54795
OX637748.1 260500000 261000000 347.0
OX637748.1 261000000 261500000 347.0
OX637748.1 261500000 262000000 347.0
OX637748.1 262000000 262500000 347.0
OX637748.1 262500000 263000000 347.0
OX637748.1 263000000 263500000 347.0
OX637748.1 263500000 264000000 347.93853
OX637748.1 264000000 264500000 348.0
OX637748.1 264500000 265000000 348.0
OX637748.1 265000000 265500000 348.0
OX637748.1 265500000 266000000 348.0
OX637748.1 266000000 266500000 348.0
OX637748.1 266500000 267000000 348.0
OX637748.1 267000000 267500000 348.0
OX637748.1 267500000 268000000 348.0
OX637748.1 268000000 268500000 348.0
OX637748.1 268500000 269000000 348.0
OX637748.1 269000000 269500000 348.0
OX637748.1 269500000 270000000 348.0
OX637748.1 270000000 270500000 347.55074
OX637748.1 270500000 271000000 347.0
OX637748.1 271000000 271500000 347.0
OX637748.1 271500000 272000000 347.0
OX637748.1 272000000 272500000 347.0
OX637748.1 272500000 273000000 346.73953
OX637748.1 273000000 273500000 346.0
OX637748.1 273500000 274000000 346.0
OX637748.1 274000000 274500000 346.0
OX637748.1 274500000 275000000 346.0
OX637748.1 275000000 275500000 346.0
OX637748.1 275500000 276000000 346.0
OX637748.1 276000000 276500000 346.0
OX637748.1 276500000 277000000 346.0
OX637748.1 277000000 277500000 346.0
OX637748.1 277500000 278000000 346.0
OX637748.1 278000000 278500000 346.0
OX637748.1 278500000 279000000 346.0
OX637748.1 279000000 279500000 346.0
OX637748.1 279500000 280000000 346.0
OX637748.1 280000000 280500000 346.0
OX637748.1 280500000 281000000 346.0
OX637748.1 281000000 281500000 345.63659
OX637748.1 281500000 282000000 345.0
OX637748.1 282000000 282500000 345.0
OX637748.1 282500000 283000000 345.0
OX637748.1 283000000 283500000 345.00021
OX637748.1 283500000 284000000 345.0
OX637748.1 284000000 284500000 345.0
OX637748.1 284500000 285000000 345.0
OX637748.1 285000000 285500000 345.0
OX637748.1 285500000 286000000 345.0
OX637748.1 286000000 286500000 345.0
OX637748.1 286500000 287000000 345.0
OX637748.1 287000000 287500000 345.0
OX637748.1 287500000 288000000 345.0
OX637748.1 288000000 288500000 345.0
OX637748.1 288500000 289000000 345.0
OX637748.1 289000000 289500000 345.0
OX637748.1 289500000 290000000 345.0
OX637748.1 290000000 290500000 345.0002
OX637748.1 290500000 291000000 345.0
OX637748.1 291000000 291500000 345.0
OX637748.1 291500000 292000000 345.0
OX637748.1 292000000 292500000 345.0
OX637748.1 292500000 293000000 345.0
OX637748.1 293000000 293500000 345.0
OX637748.1 293500000 294000000 345.0
OX637748.1 294000000 294500000 345.57096
OX637748.1 294500000 295000000 346.0
OX637748.1 295000000 295500000 346.0
OX637748.1 295500000 296000000 346.0
OX637748.1 296000000 296500000 346.0
OX637748.1 296500000 297000000 346.0
OX637748.1 297000000 297500000 346.0
OX637748.1 297500000 298000000 346.0
OX637748.1 298000000 298500000 346.0
OX637748.1 298500000 299000000 346.0
OX637748.1 299000000 299500000 346.0
OX637748.1 299500000 300000000 346.0
OX637748.1 300000000 300500000 346.0
OX637748.1 300500000 301000000 345.02183
OX637748.1 301000000 301500000 345.0
OX637748.1 301500000 302000000 345.0
OX637748.1 302000000 302500000 345.0
OX637748.1 302500000 303000000 345.0
OX637748.1 303000000 303500000 345.0
OX637748.1 303500000 304000000 345.0
OX637748.1 304000000 304500000 345.0
OX637748.1 304500000 305000000 345.0
OX637748.1 305000000 305500000 345.0
OX637748.1 305500000 306000000 345.0
OX637748.1 306000000 306500000 345.0
OX637748.1 306500000 307000000 345.0
OX637748.1 307000000 307500000 345.0
OX637748.1 307500000 308000000 345.0
OX637748.1 308000000 308500000 345.0
OX637748.1 308500000 309000000 345.0
OX637748.1 309000000 309500000 345.0
OX637748.1 309500000 310000000 345.0
OX637748.1 310000000 310500000 345.0
OX637748.1 310500000 311000000 345.0
OX637748.1 311000000 311500000 345.0
OX637748.1 311500000 312000000 345.0
OX637748.1 312000000 312500000 345.0
OX637748.1 312500000 313000000 345.0
OX637748.1 313000000 313500000 345.0
OX637748.1 313500000 314000000 345.0
OX637748.1 314000000 314500000 345.0
OX637748.1 314500000 315000000 345.0
OX637748.1 315000000 315500000 345.0
OX637748.1 315500000 316000000 345.0
OX637748.1 316000000 316500000 345.0
OX637748.1 316500000 317000000 345.0
OX637748.1 317000000 317500000 344.60842
OX637748.1 317500000 318000000 344.0
OX637748.1 318000000 318500000 344.00062
OX637748.1 318500000 319000000 344.18178
OX637748.1 319000000 319500000 345.0
OX637748.1 319500000 320000000 345.0
OX637748.1 320000000 320500000 345.0
OX637748.1 320500000 321000000 345.0
OX637748.1 321000000 321500000 345.0
OX637748.1 321500000 322000000 345.0
OX637748.1 322000000 322500000 345.0
OX637748.1 322500000 323000000 345.0
OX637748.1 323000000 323500000 345.0
OX637748.1 323500000 324000000 345.0
OX637748.1 324000000 324500000 345.0
OX637748.1 324500000 325000000 345.0
OX637748.1 325000000 325500000 345.0
OX637748.1 325500000 326000000 345.76041
OX637748.1 326000000 326500000 346.0
OX637748.1 326500000 327000000 346.0
OX637748.1 327000000 327500000 346.0
OX637748.1 327500000 328000000 346.0
OX637748.1 328000000 328500000 346.0
OX637748.1 328500000 329000000 346.0
OX637748.1 329000000 329500000 346.0
OX637748.1 329500000 330000000 346.0
OX637748.1 330000000 330500000 346.0
OX637748.1 330500000 331000000 346.0
OX637748.1 331000000 331500000 346.0
OX637748.1 331500000 332000000 346.0
OX637748.1 332000000 332500000 346.0
OX637748.1 332500000 333000000 346.0
OX637748.1 333000000 333500000 346.0
OX637748.1 333500000 334000000 346.0
OX637748.1 334000000 334500000 346.0
OX637748.1 334500000 335000000 346.0
OX637748.1 335000000 335500000 346.0
OX637748.1 335500000 336000000 345.49551
OX637748.1 336000000 336500000 345.0
OX637748.1 336500000 337000000 345.0
OX637748.1 337000000 337500000 345.0
OX637748.1 337500000 338000000 345.0
OX637748.1 338000000 338500000 344.7025
OX637748.1 338500000 339000000 344.0
OX637748.1 339000000 339500000 344.0
OX637748.1 339500000 340000000 344.0
OX637748.1 340000000 340500000 344.0
OX637748.1 340500000 341000000 344.0
OX637748.1 341000000 341500000 344.0
OX637748.1 341500000 342000000 344.0
OX637748.1 342000000 342500000 344.0
OX637748.1 342500000 343000000 344.70822
OX637748.1 343000000 343500000 345.0
OX637748.1 343500000 344000000 345.0
OX637748.1 344000000 344500000 345.0
OX637748.1 344500000 345000000 345.0
OX637748.1 345000000 345500000 345.0
OX637748.1 345500000 346000000 345.0
OX637748.1 346000000 346500000 345.40448
OX637748.1 346500000 347000000 346.0
OX637748.1 347000000 347500000 346.0
OX637748.1 347500000 348000000 346.0
OX637748.1 348000000 348500000 346.0
OX637748.1 348500000 349000000 346.0
OX637748.1 349000000 349500000 346.90177
OX637748.1 349500000 350000000 347.0
OX637748.1 350000000 350500000 347.0
OX637748.1 350500000 351000000 347.00018
OX637748.1 351000000 351500000 346.66495
OX637748.1 351500000 352000000 346.0
OX637748.1 352000000 352500000 346.0
OX637748.1 352500000 353000000 346.0
OX637748.1 353000000 353500000 346.00028
OX637748.1 353500000 354000000 346.0
OX637748.1 354000000 354500000 346.0
OX637748.1 354500000 355000000 346.02806
OX637748.1 355000000 355500000 347.0
OX637748.1 355500000 356000000 347.0
OX637748.1 356000000 356500000 347.0
OX637748.1 356500000 357000000 347.0
OX637748.1 357000000 357500000 347.0
OX637748.1 357500000 358000000 347.0
OX637748.1 358000000 358500000 347.0
OX637748.1 358500000 359000000 347.0
OX637748.1 359000000 359500000 347.0
OX637748.1 359500000 360000000 347.0
OX637748.1 360000000 360500000 347.0
OX637748.1 360500000 361000000 347.0
OX637748.1 361000000 361500000 347.0
OX637748.1 361500000 362000000 347.0
OX637748.1 362000000 362500000 347.0
OX637748.1 362500000 363000000 346.01425
OX637748.1 363000000 363500000 346.0
OX637748.1 363500000 364000000 346.0
OX637748.1 364000000 364500000 346.0
OX637748.1 364500000 365000000 346.0
OX637748.1 365000000 365500000 346.0
OX637748.1 365500000 366000000 346.0
OX637748.1 366000000 366500000 345.05999
OX637748.1 366500000 367000000 345.0
OX637748.1 367000000 367500000 345.0
OX637748.1 367500000 368000000 345.27295
OX637748.1 368000000 368500000 346.0
OX637748.1 368500000 369000000 346.0
OX637748.1 369000000 369500000 346.0
OX637748.1 369500000 370000000 346.0
OX637748.1 370000000 370500000 346.0
OX637748.1 370500000 371000000 346.0
OX637748.1 371000000 371500000 346.0
OX637748.1 371500000 372000000 346.0
OX637748.1 372000000 372500000 346.0
OX637748.1 372500000 373000000 346.0
OX637748.1 373000000 373500000 345.36731
OX637748.1 373500000 374000000 345.00071
OX637748.1 374000000 374500000 345.0
OX637748.1 374500000 375000000 345.0
OX637748.1 375000000 375500000 345.0
OX637748.1 375500000 376000000 345.0
OX637748.1 376000000 376500000 345.0
OX637748.1 376500000 377000000 345.0
OX637748.1 377000000 377500000 345.0
OX637748.1 377500000 378000000 345.0
OX637748.1 378000000 378500000 345.00024
OX637748.1 378500000 379000000 345.0
OX637748.1 379000000 379500000 345.0
OX637748.1 379500000 380000000 345.16908
OX637748.1 380000000 380500000 345.00108
OX637748.1 380500000 381000000 345.0
OX637748.1 381000000 381500000 345.0
OX637748.1 381500000 382000000 345.0
OX637748.1 382000000 382500000 345.0
OX637748.1 382500000 383000000 345.0
OX637748.1 383000000 383500000 345.0
OX637748.1 383500000 384000000 345.0
OX637748.1 384000000 384500000 345.00016
OX637748.1 384500000 385000000 345.0
OX637748.1 385000000 385500000 345.0
OX637748.1 385500000 386000000 345.0
OX637748.1 386000000 386500000 345.0
OX637748.1 386500000 387000000 345.0
OX637748.1 387000000 387500000 345.0
OX637748.1 387500000 388000000 345.0
OX637748.1 388000000 388500000 345.0
OX637748.1 388500000 389000000 345.75786
OX637748.1 389000000 389500000 346.0
OX637748.1 389500000 390000000 346.0
OX637748.1 390000000 390500000 346.0
OX637748.1 390500000 391000000 346.0
OX637748.1 391000000 391500000 346.0
OX637748.1 391500000 392000000 346.0
OX637748.1 392000000 392500000 346.0
OX637748.1 392500000 393000000 346.00016
OX637748.1 393000000 393500000 346.0
OX637748.1 393500000 394000000 346.0
OX637748.1 394000000 394500000 346.0
OX637748.1 394500000 395000000 346.0
OX637748.1 395000000 395500000 346.0
OX637748.1 395500000 396000000 345.67367
OX637748.1 396000000 396500000 345.0
OX637748.1 396500000 397000000 345.0
OX637748.1 397000000 397500000 345.0
OX637748.1 397500000 398000000 345.0
OX637748.1 398000000 398500000 345.0
OX637748.1 398500000 399000000 345.0
OX637748.1 399000000 399500000 345.0
OX637748.1 399500000 400000000 345.0
OX637748.1 400000000 400500000 345.0
OX637748.1 400500000 401000000 345.0
OX637748.1 401000000 401500000 345.0
OX637748.1 401500000 402000000 345.0
OX637748.1 402000000 402500000 345.00089
OX637748.1 402500000 403000000 345.0
OX637748.1 403000000 403500000 345.0
OX637748.1 403500000 404000000 345.01499
OX637748.1 404000000 404500000 346.0
OX637748.1 404500000 405000000 346.0
OX637748.1 405000000 405500000 346.0
OX637748.1 405500000 406000000 346.0
OX637748.1 406000000 406500000 346.0
OX637748.1 406500000 407000000 346.0
OX637748.1 407000000 407500000 346.0
OX637748.1 407500000 408000000 346.0
OX637748.1 408000000 408500000 346.0
OX637748.1 408500000 409000000 346.0
OX637748.1 409000000 409500000 346.0
OX637748.1 409500000 410000000 346.0
OX637748.1 410000000 410500000 346.0
OX637748.1 410500000 411000000 346.0
OX637748.1 411000000 411500000 346.0
OX637748.1 411500000 412000000 346.0
OX637748.1 412000000 412500000 346.0
OX637748.1 412500000 413000000 346.40798
OX637748.1 413000000 413500000 347.0
OX637748.1 413500000 414000000 347.0
OX637748.1 414000000 414500000 347.0
OX637748.1 414500000 415000000 347.0
OX637748.1 415000000 415500000 347.0
OX637748.1 415500000 416000000 347.0
OX637748.1 416000000 416500000 347.0
OX637748.1 416500000 417000000 347.0
OX637748.1 417000000 417500000 347.0
OX637748.1 417500000 418000000 347.0
OX637748.1 418000000 418500000 347.0
OX637748.1 418500000 419000000 347.0
OX637748.1 419000000 419500000 347.0
OX637748.1 419500000 420000000 347.0
OX637748.1 420000000 420500000 347.0
OX637748.1 420500000 421000000 347.0
OX637748.1 421000000 421500000 347.0
OX637748.1 421500000 422000000 347.0
OX637748.1 422000000 422500000 347.0
OX637748.1 422500000 423000000 347.0
OX637748.1 423000000 423500000 347.00041
OX637748.1 423500000 424000000 347.0
OX637748.1 424000000 424500000 347.0
OX637748.1 424500000 425000000 347.0
OX637748.1 425000000 425500000 347.0
OX637748.1 425500000 426000000 347.00061
OX637748.1 426000000 426500000 347.0
OX637748.1 426500000 427000000 347.0
OX637748.1 427000000 427500000 347.0
OX637748.1 427500000 428000000 347.0
OX637748.1 428000000 428500000 347.0
OX637748.1 428500000 429000000 347.0
OX637748.1 429000000 429500000 347.0
OX637748.1 429500000 430000000 347.0
OX637748.1 430000000 430500000 347.35763
OX637748.1 430500000 431000000 348.00036
OX637748.1 431000000 431500000 348.0
OX637748.1 431500000 432000000 348.0
OX637748.1 432000000 432500000 348.0
OX637748.1 432500000 433000000 348.88425
OX637748.1 433000000 433500000 349.0
OX637748.1 433500000 434000000 349.0
OX637748.1 434000000 434500000 349.54702
OX637748.1 434500000 435000000 350.0
OX637748.1 435000000 435500000 350.0
OX637748.1 435500000 436000000 350.0
OX637748.1 436000000 436500000 349.09742
OX637748.1 436500000 437000000 349.0
OX637748.1 437000000 437500000 349.0
OX637748.1 437500000 438000000 349.0
OX637748.1 438000000 438500000 349.00043
OX637748.1 438500000 439000000 349.0
OX637748.1 439000000 439500000 348.96523
OX637748.1 439500000 440000000 348.0
OX637748.1 440000000 440500000 348.0
OX637748.1 440500000 441000000 348.0
OX637748.1 441000000 441500000 348.0
OX637748.1 441500000 442000000 348.0
OX637748.1 442000000 442500000 348.0
OX637748.1 442500000 443000000 348.0
OX637748.1 443000000 443500000 348.0
OX637748.1 443500000 444000000 348.0
OX637748.1 444000000 444500000 348.0
OX637748.1 444500000 445000000 348.0
OX637748.1 445000000 445500000 348.0
OX637748.1 445500000 446000000 348.0
OX637748.1 446000000 446500000 348.0
OX637748.1 446500000 447000000 347.3637
OX637748.1 447000000 447500000 347.0
OX637748.1 447500000 448000000 347.71675
OX637748.1 448000000 448500000 347.35231
OX637748.1 448500000 449000000 347.0
OX637748.1 449000000 449500000 347.0
OX637748.1 449500000 450000000 347.0
OX637748.1 450000000 450500000 347.0
OX637748.1 450500000 451000000 347.0
OX637748.1 451000000 451500000 347.0
OX637748.1 451500000 452000000 347.0
OX637748.1 452000000 452500000 347.0
OX637748.1 452500000 453000000 347.0
OX637748.1 453000000 453500000 347.00024
OX637748.1 453500000 454000000 346.80297
OX637748.1 454000000 454500000 346.0
OX637748.1 454500000 455000000 346.0
OX637748.1 455000000 455500000 346.0
OX637748.1 455500000 456000000 346.0
OX637748.1 456000000 456500000 346.0
OX637748.1 456500000 457000000 346.0
OX637748.1 457000000 457500000 345.41506
OX637748.1 457500000 458000000 345.0
OX637748.1 458000000 458500000 345.00047
OX637748.1 458500000 459000000 345.0002
OX637748.1 459000000 459500000 345.00047
OX637748.1 459500000 460000000 345.0
OX637748.1 460000000 460500000 345.0
OX637748.1 460500000 461000000 345.0
OX637748.1 461000000 461500000 345.0
OX637748.1 461500000 462000000 344.02942
OX637748.1 462000000 462500000 344.07795
OX637748.1 462500000 463000000 345.0
OX637748.1 463000000 463500000 345.0
OX637748.1 463500000 464000000 345.00065
OX637748.1 464000000 464500000 345.0
OX637748.1 464500000 465000000 345.0
OX637748.1 465000000 465500000 345.0
OX637748.1 465500000 466000000 345.0
OX637748.1 466000000 466500000 345.0
OX637748.1 466500000 467000000 344.84723
OX637748.1 467000000 467500000 344.0
OX637748.1 467500000 468000000 344.0
OX637748.1 468000000 468500000 344.0
OX637748.1 468500000 469000000 344.0
OX637748.1 469000000 469500000 344.0
OX637748.1 469500000 470000000 344.0
OX637748.1 470000000 470500000 344.0
OX637748.1 470500000 471000000 344.0
OX637748.1 471000000 471500000 344.0
OX637748.1 471500000 472000000 343.77033
OX637748.1 472000000 472500000 344.0
OX637748.1 472500000 473000000 344.0
OX637748.1 473000000 473500000 344.0
OX637748.1 473500000 474000000 344.0
OX637748.1 474000000 474500000 344.0
OX637748.1 474500000 475000000 344.0
OX637748.1 475000000 475500000 343.27347
OX637748.1 475500000 476000000 343.0
OX637748.1 476000000 476500000 343.32603
OX637748.1 476500000 477000000 344.0
OX637748.1 477000000 477500000 344.0
OX637748.1 477500000 478000000 344.0
OX637748.1 478000000 478500000 344.0
OX637748.1 478500000 479000000 344.0
OX637748.1 479000000 479500000 344.0
OX637748.1 479500000 480000000 344.19566
OX637748.1 480000000 480500000 345.0
OX637748.1 480500000 481000000 345.00023
OX637748.1 481000000 481500000 345.0
OX637748.1 481500000 482000000 345.0
OX637748.1 482000000 482500000 345.0
OX637748.1 482500000 483000000 345.63102
OX637748.1 483000000 483500000 346.0
OX637748.1 483500000 484000000 346.00055
OX637748.1 484000000 484500000 346.0
OX637748.1 484500000 485000000 345.35303
OX637748.1 485000000 485500000 345.0
OX637748.1 485500000 486000000 344.75191
OX637748.1 486000000 486500000 344.0
OX637748.1 486500000 487000000 344.0
OX637748.1 487000000 487500000 344.00024
OX637748.1 487500000 488000000 344.00076
OX637748.1 488000000 488500000 344.0
OX637748.1 488500000 489000000 344.0
OX637748.1 489000000 489500000 344.0
OX637748.1 489500000 490000000 343.10987
OX637748.1 490000000 490500000 343.0
OX637748.1 490500000 491000000 343.00078
OX637748.1 491000000 491500000 343.0
OX637748.1 491500000 492000000 343.0
OX637748.1 492000000 492500000 343.00024
OX637748.1 492500000 493000000 343.0
OX637748.1 493000000 493500000 343.0
OX637748.1 493500000 494000000 343.0
OX637748.1 494000000 494500000 343.0
OX637748.1 494500000 495000000 343.0
OX637748.1 495000000 495500000 343.0
OX637748.1 495500000 496000000 343.0
OX637748.1 496000000 496500000 343.0
OX637748.1 496500000 497000000 343.0
OX637748.1 497000000 497500000 343.0
OX637748.1 497500000 498000000 343.0
OX637748.1 498000000 498500000 342.55157
OX637748.1 498500000 499000000 342.0
OX637748.1 499000000 499500000 342.0
OX637748.1 499500000 500000000 342.0
OX637748.1 500000000 500500000 342.0
OX637748.1 500500000 501000000 341.80416
OX637748.1 501000000 501500000 341.0
OX637748.1 501500000 502000000 341.0
OX637748.1 502000000 502500000 341.0
OX637748.1 502500000 503000000 341.0
OX637748.1 503000000 503500000 340.32103
OX637748.1 503500000 504000000 340.0
OX637748.1 504000000 504500000 339.84887
OX637748.1 504500000 505000000 339.0
OX637748.1 505000000 505500000 339.0
OX637748.1 505500000 506000000 339.0
OX637748.1 506000000 506500000 339.0
OX637748.1 506500000 507000000 339.50045
OX637748.1 507000000 507500000 340.0
OX637748.1 507500000 508000000 340.0
OX637748.1 508000000 508500000 340.0
OX637748.1 508500000 509000000 340.0
OX637748.1 509000000 509500000 340.57622
OX637748.1 509500000 510000000 341.0
OX637748.1 510000000 510500000 341.0
OX637748.1 510500000 511000000 341.0
OX637748.1 511000000 511500000 341.0
OX637748.1 511500000 512000000 340.86467
OX637748.1 512000000 512500000 340.0
OX637748.1 512500000 513000000 340.00345
OX637748.1 513000000 513500000 340.0
OX637748.1 513500000 514000000 340.0
OX637748.1 514000000 514500000 340.0
OX637748.1 514500000 515000000 340.0
OX637748.1 515000000 515500000 339.19463
OX637748.1 515500000 516000000 339.0
OX637748.1 516000000 516500000 339.0
OX637748.1 516500000 517000000 339.0
OX637748.1 517000000 517500000 339.0
OX637748.1 517500000 518000000 338.71717
OX637748.1 518000000 518500000 337.14303
OX637748.1 518500000 519000000 336.0
OX637748.1 519000000 519500000 336.0
OX637748.1 519500000 520000000 336.0
OX637748.1 520000000 520500000 336.0
OX637748.1 520500000 521000000 336.0
OX637748.1 521000000 521500000 336.0
OX637748.1 521500000 522000000 336.00029
OX637748.1 522000000 522500000 335.77022
OX637748.1 522500000 523000000 334.754
OX637748.1 523000000 523500000 334.0
OX637748.1 523500000 524000000 333.54364
OX637748.1 524000000 524500000 333.0
OX637748.1 524500000 525000000 333.0
OX637748.1 525000000 525500000 333.0
OX637748.1 525500000 526000000 333.0
OX637748.1 526000000 526500000 332.0081
OX637748.1 526500000 527000000 331.0
OX637748.1 527000000 527500000 331.00111
OX637748.1 527500000 528000000 331.0
OX637748.1 528000000 528500000 331.0
OX637748.1 528500000 529000000 331.0
OX637748.1 529000000 529500000 331.0
OX637748.1 529500000 530000000 330.59536
OX637748.1 530000000 530500000 328.68208
OX637748.1 530500000 531000000 327.00056
OX637748.1 531000000 531500000 327.0
OX637748.1 531500000 532000000 327.0
OX637748.1 532000000 532500000 326.96675
OX637748.1 532500000 533000000 326.00024
OX637748.1 533000000 533500000 325.07321
OX637748.1 533500000 534000000 323.77359
OX637748.1 534000000 534500000 322.33348
OX637748.1 534500000 535000000 322.0
OX637748.1 535000000 535500000 321.08458
OX637748.1 535500000 536000000 320.39408
OX637748.1 536000000 536500000 320.0
OX637748.1 536500000 537000000 320.0
OX637748.1 537000000 537500000 320.0
OX637748.1 537500000 538000000 319.36748
OX637748.1 538000000 538500000 318.76796
OX637748.1 538500000 539000000 317.16598
OX637748.1 539000000 539500000 317.03481
OX637748.1 539500000 540000000 316.34332
OX637748.1 540000000 540500000 315.1976
OX637748.1 540500000 541000000 315.0
OX637748.1 541000000 541500000 315.0
OX637748.1 541500000 542000000 315.0
OX637748.1 542000000 542500000 315.0
OX637748.1 542500000 543000000 313.5041
OX637748.1 543000000 543500000 312.46534
OX637748.1 543500000 544000000 311.12386
OX637748.1 544000000 544500000 311.0
OX637748.1 544500000 545000000 311.0
OX637748.1 545000000 545500000 311.0
OX637748.1 545500000 546000000 311.0
OX637748.1 546000000 546500000 311.0
OX637748.1 546500000 547000000 309.15418
OX637748.1 547000000 547500000 308.19524
OX637748.1 547500000 548000000 308.0
OX637748.1 548000000 548500000 308.0
OX637748.1 548500000 549000000 308.0
OX637748.1 549000000 549500000 307.16541
OX637748.1 549500000 550000000 307.0
OX637748.1 550000000 550500000 307.00065
OX637748.1 550500000 551000000 307.0
OX637748.1 551000000 551500000 307.0
OX637748.1 551500000 552000000 306.45757
OX637748.1 552000000 552500000 306.0
OX637748.1 552500000 553000000 305.81769
OX637748.1 553000000 553500000 305.0
OX637748.1 553500000 554000000 304.53364
OX637748.1 554000000 554500000 304.0
OX637748.1 554500000 555000000 304.0
OX637748.1 555000000 555500000 304.0
OX637748.1 555500000 556000000 303.33545
OX637748.1 556000000 556500000 303.0
OX637748.1 556500000 557000000 303.0
OX637748.1 557000000 557500000 302.57057
OX637748.1 557500000 558000000 301.61743
OX637748.1 558000000 558500000 300.0
OX637748.1 558500000 559000000 299.68178
OX637748.1 559000000 559500000 298.23262
OX637748.1 559500000 560000000 298.0
OX637748.1 560000000 560500000 298.0
OX637748.1 560500000 561000000 298.0
OX637748.1 561000000 561500000 298.0
OX637748.1 561500000 562000000 298.0
OX637748.1 562000000 562500000 298.0
OX637748.1 562500000 563000000 298.82091
OX637748.1 563000000 563500000 299.0
OX637748.1 563500000 564000000 299.0
OX637748.1 564000000 564500000 299.0
OX637748.1 564500000 565000000 298.55019
OX637748.1 565000000 565500000 297.83353
OX637748.1 565500000 566000000 297.0
OX637748.1 566000000 566500000 297.0
OX637748.1 566500000 567000000 297.00032
OX637748.1 567000000 567500000 297.13621
OX637748.1 567500000 568000000 297.64016
OX637748.1 568000000 568500000 297.00071
OX637748.1 568500000 569000000 295.76133
OX637748.1 569000000 569500000 295.0
OX637748.1 569500000 570000000 294.48674
OX637748.1 570000000 570500000 293.01978
OX637748.1 570500000 571000000 291.00086
OX637748.1 571000000 571500000 289.82568
OX637748.1 571500000 572000000 289.0
OX637748.1 572000000 572500000 288.67537
OX637748.1 572500000 573000000 288.0
OX637748.1 573000000 573500000 285.4045
OX637748.1 573500000 574000000 285.0
OX637748.1 574000000 574500000 285.0
OX637748.1 574500000 575000000 284.73565
OX637748.1 575000000 575500000 282.01924
OX637748.1 575500000 576000000 282.0
OX637748.1 576000000 576500000 280.81143
OX637748.1 576500000 577000000 279.74199
OX637748.1 577000000 577500000 278.2421
OX637748.1 577500000 578000000 277.64363
OX637748.1 578000000 578500000 274.45689
OX637748.1 578500000 579000000 274.0
OX637748.1 579000000 579500000 273.41959
OX637748.1 579500000 580000000 272.61461
OX637748.1 580000000 580500000 272.0
OX637748.1 580500000 581000000 272.0
OX637748.1 581000000 581500000 272.0
OX637748.1 581500000 582000000 272.0
OX637748.1 582000000 582500000 272.0
OX637748.1 582500000 583000000 272.0
OX637748.1 583000000 583500000 270.38273
OX637748.1 583500000 584000000 269.0
OX637748.1 584000000 584500000 269.0
OX637748.1 584500000 585000000 269.0
OX637748.1 585000000 585500000 268.55227
OX637748.1 585500000 586000000 268.0
OX637748.1 586000000 586500000 268.0
OX637748.1 586500000 587000000 265.90701
OX637748.1 587000000 587500000 265.00029
OX637748.1 587500000 588000000 264.89803
OX637748.1 588000000 588500000 263.73573
OX637748.1 588500000 589000000 261.69471
OX637748.1 589000000 589500000 257.60064
OX637748.1 589500000 590000000 255.35964
OX637748.1 590000000 590500000 254.39758
OX637748.1 590500000 591000000 253.63934
OX637748.1 591000000 591500000 252.66727
OX637748.1 591500000 592000000 251.48256
OX637748.1 592000000 592500000 250.87556
OX637748.1 592500000 593000000 250.00022
OX637748.1 593000000 593500000 248.70254
OX637748.1 593500000 594000000 247.12108
OX637748.1 594000000 594500000 245.02343
OX637748.1 594500000 595000000 244.53192
OX637748.1 595000000 595500000 242.38904
OX637748.1 595500000 596000000 242.0
OX637748.1 596000000 596500000 242.0
OX637748.1 596500000 597000000 242.0
OX637748.1 597000000 597500000 242.0
OX637748.1 597500000 598000000 241.3518
OX637748.1 598000000 598500000 241.52523
OX637748.1 598500000 599000000 240.18253
OX637748.1 599000000 599500000 238.7878
OX637748.1 599500000 600000000 238.0
OX637748.1 600000000 600500000 237.14662
OX637748.1 600500000 601000000 235.86875
OX637748.1 601000000 601500000 233.17883
OX637748.1 601500000 602000000 229.85705
OX637748.1 602000000 602500000 227.33401
OX637748.1 602500000 603000000 224.41181
OX637748.1 603000000 603500000 220.49147
OX637748.1 603500000 604000000 218.00098
OX637748.1 604000000 604500000 217.22889
OX637748.1 604500000 605000000 215.64234
OX637748.1 605000000 605500000 215.0
OX637748.1 605500000 606000000 214.84246
OX637748.1 606000000 606500000 211.35152
OX637748.1 606500000 607000000 207.63261
OX637748.1 607000000 607500000 201.72213
OX637748.1 607500000 608000000 196.69171
OX637748.1 608000000 608500000 196.0
OX637748.1 608500000 609000000 195.33201
OX637748.1 609000000 609500000 194.14671
OX637748.1 609500000 610000000 193.25374
OX637748.1 610000000 610500000 190.57475
OX637748.1 610500000 611000000 190.00016
OX637748.1 611000000 611500000 189.13754
OX637748.1 611500000 612000000 187.51563
OX637748.1 612000000 612500000 186.0
OX637748.1 612500000 613000000 184.64579
OX637748.1 613000000 613500000 182.13314
OX637748.1 613500000 614000000 180.74913
OX637748.1 614000000 614500000 178.93001
OX637748.1 614500000 615000000 177.0787
OX637748.1 615000000 615500000 173.14695
OX637748.1 615500000 616000000 170.28403
OX637748.1 616000000 616500000 168.94147
OX637748.1 616500000 617000000 166.8307
OX637748.1 617000000 617500000 163.33449
OX637748.1 617500000 618000000 160.13293
OX637748.1 618000000 618500000 156.91172
OX637748.1 618500000 619000000 154.34154
OX637748.1 619000000 619500000 148.87176
OX637748.1 619500000 620000000 145.08099
OX637748.1 620000000 620500000 141.39286
OX637748.1 620500000 621000000 139.0
OX637748.1 621000000 621500000 137.17524
OX637748.1 621500000 622000000 131.74323
OX637748.1 622000000 622500000 127.99799
OX637748.1 622500000 623000000 125.68525
OX637748.1 623000000 623500000 119.40464
OX637748.1 623500000 624000000 113.30203
OX637748.1 624000000 624500000 110.68643
OX637748.1 624500000 625000000 105.97506
OX637748.1 625000000 625500000 102.73698
OX637748.1 625500000 626000000 97.75998
OX637748.1 626000000 626500000 91.84998
OX637748.1 626500000 627000000 86.795
OX637748.1 627000000 627500000 83.56609
OX637748.1 627500000 628000000 80.47024
OX637748.1 628000000 628500000 73.36531
OX637748.1 628500000 629000000 69.22669
OX637748.1 629000000 629500000 61.83456
OX637748.1 629500000 630000000 55.95671
OX637748.1 630000000 630500000 51.5379
OX637748.1 630500000 631000000 39.8281
OX637748.1 631000000 631500000 32.79127
OX637748.1 631500000 632000000 25.0705
OX637748.1 632000000 632500000 10.64986
OX637748.1 632500000 633000000 7.0
OX637748.1 633000000 633500000 7.0
OX637748.1 633500000 634000000 7.0
OX637748.1 634000000 634500000 6.84829
OX637748.1 634500000 635000000 4.43319
OX637748.1 635000000 635500000 1.56513
OX637748.1 635500000 635500123 1.0
OX637755.1 0 500000 0.0
OX637755.1 500000 1000000 2.47895
OX637755.1 1000000 1500000 12.84541
OX637755.1 1500000 2000000 21.97503
OX637755.1 2000000 2500000 25.37596
OX637755.1 2500000 3000000 31.76609
OX637755.1 3000000 3500000 45.21327
OX637755.1 3500000 4000000 50.78375
OX637755.1 4000000 4500000 54.15547
OX637755.1 4500000 5000000 57.89308
OX637755.1 5000000 5500000 64.14179
OX637755.1 5500000 6000000 68.34755
OX637755.1 6000000 6500000 71.54661
OX637755.1 6500000 7000000 77.72578
OX637755.1 7000000 7500000 81.64585
OX637755.1 7500000 8000000 88.33874
OX637755.1 8000000 8500000 91.82962
OX637755.1 8500000 9000000 97.0574
OX637755.1 9000000 9500000 101.78498
OX637755.1 9500000 10000000 109.6878
OX637755.1 10000000 10500000 112.27825
OX637755.1 10500000 11000000 113.16806
OX637755.1 11000000 11500000 115.95991
OX637755.1 11500000 12000000 118.86452
OX637755.1 12000000 12500000 120.44469
OX637755.1 12500000 13000000 122.09853
OX637755.1 13000000 13500000 126.2425
OX637755.1 13500000 14000000 130.88267
OX637755.1 14000000 14500000 133.31572
OX637755.1 14500000 15000000 137.92156
OX637755.1 15000000 15500000 145.5812
OX637755.1 15500000 16000000 149.29424
OX637755.1 16000000 16500000 150.38501
OX637755.1 16500000 17000000 152.68436
OX637755.1 17000000 17500000 154.0
OX637755.1 17500000 18000000 154.71901
OX637755.1 18000000 18500000 155.37929
OX637755.1 18500000 19000000 157.35122
OX637755.1 19000000 19500000 159.0
OX637755.1 19500000 20000000 160.93252
OX637755.1 20000000 20500000 163.63355
OX637755.1 20500000 21000000 165.73417
OX637755.1 21000000 21500000 168.2628
OX637755.1 21500000 22000000 170.2831
OX637755.1 22000000 22500000 175.09478
OX637755.1 22500000 23000000 178.79005
OX637755.1 23000000 23500000 180.45601
OX637755.1 23500000 24000000 184.74718
OX637755.1 24000000 24500000 186.81703
OX637755.1 24500000 25000000 189.79142
OX637755.1 25000000 25500000 192.58396
OX637755.1 25500000 26000000 194.96259
OX637755.1 26000000 26500000 195.9703
OX637755.1 26500000 27000000 195.0
OX637755.1 27000000 27500000 196.70157
OX637755.1 27500000 28000000 198.0
OX637755.1 28000000 28500000 200.31475
OX637755.1 28500000 29000000 201.0
OX637755.1 29000000 29500000 201.76499
OX637755.1 29500000 30000000 202.0
OX637755.1 30000000 30500000 202.0
OX637755.1 30500000 31000000 202.0
OX637755.1 31000000 31500000 203.8977
OX637755.1 31500000 32000000 205.0
OX637755.1 32000000 32500000 205.0
OX637755.1 32500000 33000000 205.55668
OX637755.1 33000000 33500000 208.00112
OX637755.1 33500000 34000000 210.6187
OX637755.1 34000000 34500000 211.0
OX637755.1 34500000 35000000 211.0
OX637755.1 35000000 35500000 211.0
OX637755.1 35500000 36000000 211.0
OX637755.1 36000000 36500000 211.0
OX637755.1 36500000 37000000 211.0
OX637755.1 37000000 37500000 211.0
OX637755.1 37500000 38000000 211.0
OX637755.1 38000000 38500000 211.0
OX637755.1 38500000 39000000 211.0
OX637755.1 39000000 39500000 211.0
OX637755.1 39500000 40000000 211.0
OX637755.1 40000000 40500000 211.0
OX637755.1 40500000 41000000 211.60934
OX637755.1 41000000 41500000 212.0
OX637755.1 41500000 42000000 212.0
OX637755.1 42000000 42500000 212.88682
OX637755.1 42500000 43000000 214.52487
OX637755.1 43000000 43500000 215.92133
OX637755.1 43500000 44000000 217.17955
OX637755.1 44000000 44500000 218.26979
OX637755.1 44500000 45000000 219.0
OX637755.1 45000000 45500000 219.83505
OX637755.1 45500000 46000000 220.0
OX637755.1 46000000 46500000 220.13837
OX637755.1 46500000 47000000 221.0
OX637755.1 47000000 47500000 222.11803
OX637755.1 47500000 48000000 223.0
OX637755.1 48000000 48500000 223.95444
OX637755.1 48500000 49000000 224.16995
OX637755.1 49000000 49500000 225.0
OX637755.1 49500000 50000000 225.0
OX637755.1 50000000 50500000 225.0
OX637755.1 50500000 51000000 225.49248
OX637755.1 51000000 51500000 229.1433
OX637755.1 51500000 52000000 230.60152
OX637755.1 52000000 52500000 231.76459
OX637755.1 52500000 53000000 232.94478
OX637755.1 53000000 53500000 233.0
OX637755.1 53500000 54000000 234.0292
OX637755.1 54000000 54500000 235.63046
OX637755.1 54500000 55000000 236.0
OX637755.1 55000000 55500000 236.99826
OX637755.1 55500000 56000000 238.0
OX637755.1 56000000 56500000 238.0
OX637755.1 56500000 57000000 239.09445
OX637755.1 57000000 57500000 240.97658
OX637755.1 57500000 58000000 241.0
OX637755.1 58000000 58500000 242.56507
OX637755.1 58500000 59000000 243.88366
OX637755.1 59000000 59500000 245.0
OX637755.1 59500000 60000000 245.24584
OX637755.1 60000000 60500000 246.36796
OX637755.1 60500000 61000000 247.0
OX637755.1 61000000 61500000 247.00115
OX637755.1 61500000 62000000 247.0
OX637755.1 62000000 62500000 247.05912
OX637755.1 62500000 63000000 247.63429
OX637755.1 63000000 63500000 247.0
OX637755.1 63500000 64000000 247.59872
OX637755.1 64000000 64500000 248.0
OX637755.1 64500000 65000000 248.24115
OX637755.1 65000000 65500000 250.15748
OX637755.1 65500000 66000000 251.0
OX637755.1 66000000 66500000 251.0639
OX637755.1 66500000 67000000 252.3614
OX637755.1 67000000 67500000 253.0
OX637755.1 67500000 68000000 253.0
OX637755.1 68000000 68500000 253.69147
OX637755.1 68500000 69000000 254.0
OX637755.1 69000000 69500000 254.0
OX637755.1 69500000 70000000 254.0
OX637755.1 70000000 70500000 254.0
OX637755.1 70500000 71000000 254.0
OX637755.1 71000000 71500000 254.43115
OX637755.1 71500000 72000000 255.0
OX637755.1 72000000 72500000 255.76562
OX637755.1 72500000 73000000 257.0
OX637755.1 73000000 73500000 257.0
OX637755.1 73500000 74000000 257.0
OX637755.1 74000000 74500000 257.0
OX637755.1 74500000 75000000 257.00082
OX637755.1 75000000 75500000 257.0
OX637755.1 75500000 76000000 257.0
OX637755.1 76000000 76500000 257.0
OX637755.1 76500000 77000000 257.0
OX637755.1 77000000 77500000 257.0
OX637755.1 77500000 78000000 257.0
OX637755.1 78000000 78500000 257.0
OX637755.1 78500000 79000000 257.0
OX637755.1 79000000 79500000 257.0
OX637755.1 79500000 80000000 257.0
OX637755.1 80000000 80500000 257.73993
OX637755.1 80500000 81000000 259.0
OX637755.1 81000000 81500000 259.0
OX637755.1 81500000 82000000 259.0
OX637755.1 82000000 82500000 259.0
OX637755.1 82500000 83000000 258.15159
OX637755.1 83000000 83500000 258.0
OX637755.1 83500000 84000000 258.0
OX637755.1 84000000 84500000 258.04388
OX637755.1 84500000 85000000 260.59595
OX637755.1 85000000 85500000 260.53493
OX637755.1 85500000 86000000 259.81854
OX637755.1 86000000 86500000 259.0
OX637755.1 86500000 87000000 259.00055
OX637755.1 87000000 87500000 259.0
OX637755.1 87500000 88000000 259.0
OX637755.1 88000000 88500000 259.0
OX637755.1 88500000 89000000 259.0
OX637755.1 89000000 89500000 259.0
OX637755.1 89500000 90000000 259.26139
OX637755.1 90000000 90500000 260.4895
OX637755.1 90500000 91000000 261.0
OX637755.1 91000000 91500000 261.0
OX637755.1 91500000 92000000 261.73107
OX637755.1 92000000 92500000 262.0
OX637755.1 92500000 93000000 262.0
OX637755.1 93000000 93500000 262.0
OX637755.1 93500000 94000000 262.0
OX637755.1 94000000 94500000 262.0
OX637755.1 94500000 95000000 262.0
OX637755.1 95000000 95500000 262.0
OX637755.1 95500000 96000000 262.0
OX637755.1 96000000 96500000 262.0
OX637755.1 96500000 97000000 262.0
OX637755.1 97000000 97500000 262.0
OX637755.1 97500000 98000000 262.0
OX637755.1 98000000 98500000 262.0
OX637755.1 98500000 99000000 262.0
OX637755.1 99000000 99500000 262.0
OX637755.1 99500000 100000000 262.0
OX637755.1 100000000 100500000 262.0
OX637755.1 100500000 101000000 262.0
OX637755.1 101000000 101500000 262.0
OX637755.1 101500000 102000000 262.0
OX637755.1 102000000 102500000 262.0
OX637755.1 102500000 103000000 262.18973
OX637755.1 103000000 103500000 262.0
OX637755.1 103500000 104000000 262.0
OX637755.1 104000000 104500000 262.0
OX637755.1 104500000 105000000 262.67784
OX637755.1 105000000 105500000 264.0
OX637755.1 105500000 106000000 264.00054
OX637755.1 106000000 106500000 264.0
OX637755.1 106500000 107000000 264.0
OX637755.1 107000000 107500000 263.46089
OX637755.1 107500000 108000000 263.0
OX637755.1 108000000 108500000 263.0
OX637755.1 108500000 109000000 263.0
OX637755.1 109000000 109500000 263.0
OX637755.1 109500000 110000000 263.0
OX637755.1 110000000 110500000 263.0
OX637755.1 110500000 111000000 263.0
OX637755.1 111000000 111500000 263.0
OX637755.1 111500000 112000000 263.0
OX637755.1 112000000 112500000 263.0
OX637755.1 112500000 113000000 263.0
OX637755.1 113000000 113500000 263.0
OX637755.1 113500000 114000000 263.0
OX637755.1 114000000 114500000 263.69902
OX637755.1 114500000 115000000 264.0
OX637755.1 115000000 115500000 264.0
OX637755.1 115500000 116000000 264.0
OX637755.1 116000000 116500000 263.51982
OX637755.1 116500000 117000000 263.0
OX637755.1 117000000 117500000 263.53051
OX637755.1 117500000 118000000 264.00034
OX637755.1 118000000 118500000 264.0
OX637755.1 118500000 119000000 264.0
OX637755.1 119000000 119500000 264.0
OX637755.1 119500000 120000000 264.0
OX637755.1 120000000 120500000 264.0
OX637755.1 120500000 121000000 264.0
OX637755.1 121000000 121500000 264.0
OX637755.1 121500000 122000000 264.18806
OX637755.1 122000000 122500000 265.0
OX637755.1 122500000 123000000 265.0
OX637755.1 123000000 123500000 265.0
OX637755.1 123500000 124000000 265.0
OX637755.1 124000000 124500000 265.0
OX637755.1 124500000 125000000 265.56739
OX637755.1 125000000 125500000 267.0
OX637755.1 125500000 126000000 267.0
OX637755.1 126000000 126500000 267.0
OX637755.1 126500000 127000000 267.0
OX637755.1 127000000 127500000 267.0
OX637755.1 127500000 128000000 267.0
OX637755.1 128000000 128500000 267.0
OX637755.1 128500000 129000000 267.00041
OX637755.1 129000000 129500000 267.0
OX637755.1 129500000 130000000 267.0
OX637755.1 130000000 130500000 267.0
OX637755.1 130500000 131000000 267.0
OX637755.1 131000000 131500000 267.0
OX637755.1 131500000 132000000 267.0
OX637755.1 132000000 132500000 267.0
OX637755.1 132500000 133000000 267.0
OX637755.1 133000000 133500000 267.0
OX637755.1 133500000 134000000 267.0
OX637755.1 134000000 134500000 267.21097
OX637755.1 134500000 135000000 268.0
OX637755.1 135000000 135500000 268.0
OX637755.1 135500000 136000000 268.0
OX637755.1 136000000 136500000 268.0
OX637755.1 136500000 137000000 268.0
OX637755.1 137000000 137500000 268.0
OX637755.1 137500000 138000000 268.0
OX637755.1 138000000 138500000 268.0
OX637755.1 138500000 139000000 268.0
OX637755.1 139000000 139500000 268.50716
OX637755.1 139500000 140000000 269.0
OX637755.1 140000000 140500000 269.0
OX637755.1 140500000 141000000 269.0
OX637755.1 141000000 141500000 269.0
OX637755.1 141500000 142000000 269.0
OX637755.1 142000000 142500000 269.0
OX637755.1 142500000 143000000 269.50483
OX637755.1 143000000 143500000 270.0
OX637755.1 143500000 144000000 270.42326
OX637755.1 144000000 144500000 271.0
OX637755.1 144500000 145000000 271.0
OX637755.1 145000000 145500000 271.0
OX637755.1 145500000 146000000 271.0
OX637755.1 146000000 146500000 271.0
OX637755.1 146500000 147000000 271.0
OX637755.1 147000000 147500000 271.0
OX637755.1 147500000 148000000 271.0
OX637755.1 148000000 148500000 271.0
OX637755.1 148500000 149000000 271.0
OX637755.1 149000000 149500000 271.0
OX637755.1 149500000 150000000 271.0
OX637755.1 150000000 150500000 271.0
OX637755.1 150500000 151000000 271.0
OX637755.1 151000000 151500000 271.79548
OX637755.1 151500000 152000000 272.0
OX637755.1 152000000 152500000 272.0
OX637755.1 152500000 153000000 271.48917
OX637755.1 153000000 153500000 271.0
OX637755.1 153500000 154000000 271.0
OX637755.1 154000000 154500000 271.0
OX637755.1 154500000 155000000 271.0
OX637755.1 155000000 155500000 271.0
OX637755.1 155500000 156000000 271.0
OX637755.1 156000000 156500000 271.0
OX637755.1 156500000 157000000 271.0
OX637755.1 157000000 157500000 271.00071
OX637755.1 157500000 158000000 271.0
OX637755.1 158000000 158500000 271.0
OX637755.1 158500000 159000000 271.0
OX637755.1 159000000 159500000 271.0
OX637755.1 159500000 160000000 271.0
OX637755.1 160000000 160500000 271.0
OX637755.1 160500000 161000000 271.0
OX637755.1 161000000 161500000 271.0
OX637755.1 161500000 162000000 271.0
OX637755.1 162000000 162500000 271.0
OX637755.1 162500000 163000000 271.70912
OX637755.1 163000000 163500000 272.0
OX637755.1 163500000 164000000 272.0
OX637755.1 164000000 164500000 272.0
OX637755.1 164500000 165000000 272.00085
OX637755.1 165000000 165500000 272.0
OX637755.1 165500000 166000000 272.0
OX637755.1 166000000 166500000 272.0
OX637755.1 166500000 167000000 272.0
OX637755.1 167000000 167500000 272.0
OX637755.1 167500000 168000000 272.0
OX637755.1 168000000 168500000 272.0
OX637755.1 168500000 169000000 272.0
OX637755.1 169000000 169500000 272.0
OX637755.1 169500000 170000000 272.0
OX637755.1 170000000 170500000 272.0
OX637755.1 170500000 171000000 272.00039
OX637755.1 171000000 171500000 272.0
OX637755.1 171500000 172000000 272.0
OX637755.1 172000000 172500000 272.0
OX637755.1 172500000 173000000 272.0
OX637755.1 173000000 173500000 272.0
OX637755.1 173500000 174000000 272.0
OX637755.1 174000000 174500000 272.0
OX637755.1 174500000 175000000 272.0
OX637755.1 175000000 175500000 271.27278
OX637755.1 175500000 176000000 271.0
OX637755.1 176000000 176500000 271.0
OX637755.1 176500000 177000000 271.0
OX637755.1 177000000 177500000 271.0
OX637755.1 177500000 178000000 271.0
OX637755.1 178000000 178500000 271.0
OX637755.1 178500000 179000000 271.00017
OX637755.1 179000000 179500000 271.0
OX637755.1 179500000 180000000 271.0
OX637755.1 180000000 180500000 271.0
OX637755.1 180500000 181000000 271.0
OX637755.1 181000000 181500000 271.0
OX637755.1 181500000 182000000 271.0
OX637755.1 182000000 182500000 271.67411
OX637755.1 182500000 183000000 272.0
OX637755.1 183000000 183500000 272.0
OX637755.1 183500000 184000000 272.54413
OX637755.1 184000000 184500000 273.0
OX637755.1 184500000 185000000 273.0
OX637755.1 185000000 185500000 273.0
OX637755.1 185500000 186000000 273.0
OX637755.1 186000000 186500000 273.0
OX637755.1 186500000 187000000 273.0
OX637755.1 187000000 187500000 273.0
OX637755.1 187500000 188000000 273.0
OX637755.1 188000000 188500000 273.0
OX637755.1 188500000 189000000 273.0
OX637755.1 189000000 189500000 273.0
OX637755.1 189500000 190000000 273.0
OX637755.1 190000000 190500000 273.0
OX637755.1 190500000 191000000 273.0
OX637755.1 191000000 191500000 273.0
OX637755.1 191500000 192000000 273.0
OX637755.1 192000000 192500000 273.0
OX637755.1 192500000 193000000 273.0
OX637755.1 193000000 193500000 273.0
OX637755.1 193500000 194000000 273.0
OX637755.1 194000000 194500000 273.00044
OX637755.1 194500000 195000000 273.0
OX637755.1 195000000 195500000 273.0
OX637755.1 195500000 196000000 273.0
OX637755.1 196000000 196500000 273.0
OX637755.1 196500000 197000000 273.0
OX637755.1 197000000 197500000 273.0
OX637755.1 197500000 198000000 273.0
OX637755.1 198000000 198500000 272.03935
OX637755.1 198500000 199000000 272.0
OX637755.1 199000000 199500000 272.0
OX637755.1 199500000 200000000 272.0
OX637755.1 200000000 200500000 272.0
OX637755.1 200500000 201000000 272.0
OX637755.1 201000000 201500000 272.0
OX637755.1 201500000 202000000 272.0
OX637755.1 202000000 202500000 272.0
OX637755.1 202500000 203000000 272.0
OX637755.1 203000000 203500000 272.0
OX637755.1 203500000 204000000 272.95303
OX637755.1 204000000 204500000 273.0
OX637755.1 204500000 205000000 271.91479
OX637755.1 205000000 205500000 271.0
OX637755.1 205500000 206000000 271.0
OX637755.1 206000000 206500000 271.95274
OX637755.1 206500000 207000000 272.0
OX637755.1 207000000 207500000 272.0
OX637755.1 207500000 208000000 272.0
OX637755.1 208000000 208500000 272.0
OX637755.1 208500000 209000000 272.00065
OX637755.1 209000000 209500000 272.0
OX637755.1 209500000 210000000 272.0
OX637755.1 210000000 210500000 272.0
OX637755.1 210500000 211000000 272.0
OX637755.1 211000000 211500000 272.97824
OX637755.1 211500000 212000000 273.0
OX637755.1 212000000 212500000 273.0
OX637755.1 212500000 213000000 273.00085
OX637755.1 213000000 213500000 273.0
OX637755.1 213500000 214000000 273.98616
OX637755.1 214000000 214500000 274.0
OX637755.1 214500000 215000000 274.0
OX637755.1 215000000 215500000 274.00018
OX637755.1 215500000 216000000 274.0
OX637755.1 216000000 216500000 274.0
OX637755.1 216500000 217000000 274.0
OX637755.1 217000000 217500000 274.5812
OX637755.1 217500000 218000000 275.0
OX637755.1 218000000 218500000 275.0
OX637755.1 218500000 219000000 275.0
OX637755.1 219000000 219500000 275.06664
OX637755.1 219500000 220000000 276.0
OX637755.1 220000000 220500000 276.0
OX637755.1 220500000 221000000 276.0
OX637755.1 221000000 221500000 276.0
OX637755.1 221500000 222000000 276.0
OX637755.1 222000000 222500000 276.0
OX637755.1 222500000 223000000 276.00103
OX637755.1 223000000 223500000 276.0
OX637755.1 223500000 224000000 276.0
OX637755.1 224000000 224500000 276.0
OX637755.1 224500000 225000000 276.0
OX637755.1 225000000 225500000 276.0
OX637755.1 225500000 226000000 276.0
OX637755.1 226000000 226500000 276.0
OX637755.1 226500000 227000000 276.0
OX637755.1 227000000 227500000 276.0
OX637755.1 227500000 228000000 276.0
OX637755.1 228000000 228500000 276.0
OX637755.1 228500000 229000000 276.0
OX637755.1 229000000 229500000 276.0
OX637755.1 229500000 230000000 275.47158
OX637755.1 230000000 230500000 275.0
OX637755.1 230500000 231000000 275.0
OX637755.1 231000000 231500000 275.0
OX637755.1 231500000 232000000 275.0
OX637755.1 232000000 232500000 275.0
OX637755.1 232500000 233000000 275.0
OX637755.1 233000000 233500000 275.0
OX637755.1 233500000 234000000 275.0
OX637755.1 234000000 234500000 275.0
OX637755.1 234500000 235000000 275.0
OX637755.1 235000000 235500000 275.0
OX637755.1 235500000 236000000 275.0
OX637755.1 236000000 236500000 275.0
OX637755.1 236500000 237000000 275.0
OX637755.1 237000000 237500000 275.0
OX637755.1 237500000 238000000 275.0
OX637755.1 238000000 238500000 275.0
OX637755.1 238500000 239000000 275.0
OX637755.1 239000000 239500000 275.0
OX637755.1 239500000 240000000 275.58757
OX637755.1 240000000 240500000 276.0
OX637755.1 240500000 241000000 275.23203
OX637755.1 241000000 241500000 275.00063
OX637755.1 241500000 242000000 275.0
OX637755.1 242000000 242500000 275.0
OX637755.1 242500000 243000000 275.0
OX637755.1 243000000 243500000 275.0
OX637755.1 243500000 244000000 275.0
OX637755.1 244000000 244500000 275.19215
OX637755.1 244500000 245000000 276.0
OX637755.1 245000000 245500000 276.0
OX637755.1 245500000 246000000 276.0
OX637755.1 246000000 246500000 276.0
OX637755.1 246500000 247000000 276.0
OX637755.1 247000000 247500000 276.0
OX637755.1 247500000 248000000 276.0
OX637755.1 248000000 248500000 276.0
OX637755.1 248500000 249000000 276.0
OX637755.1 249000000 249500000 276.0
OX637755.1 249500000 250000000 276.0
OX637755.1 250000000 250500000 276.0
OX637755.1 250500000 251000000 276.0
OX637755.1 251000000 251500000 276.0
OX637755.1 251500000 252000000 276.0
OX637755.1 252000000 252500000 276.00157
OX637755.1 252500000 253000000 276.0
OX637755.1 253000000 253500000 276.00054
OX637755.1 253500000 254000000 276.0
OX637755.1 254000000 254500000 276.86227
OX637755.1 254500000 255000000 277.0
OX637755.1 255000000 255500000 277.0
OX637755.1 255500000 256000000 277.0
OX637755.1 256000000 256500000 277.0
OX637755.1 256500000 257000000 277.0
OX637755.1 257000000 257500000 277.0
OX637755.1 257500000 258000000 277.0
OX637755.1 258000000 258500000 277.0
OX637755.1 258500000 259000000 277.0
OX637755.1 259000000 259500000 277.0
OX637755.1 259500000 260000000 277.0
OX637755.1 260000000 260500000 277.0
OX637755.1 260500000 261000000 277.0
OX637755.1 261000000 261500000 276.08703
OX637755.1 261500000 262000000 276.0
OX637755.1 262000000 262500000 276.00111
OX637755.1 262500000 263000000 276.0
OX637755.1 263000000 263500000 276.0
OX637755.1 263500000 264000000 276.0
OX637755.1 264000000 264500000 276.00065
OX637755.1 264500000 265000000 276.0
OX637755.1 265000000 265500000 276.0
OX637755.1 265500000 266000000 276.0
OX637755.1 266000000 266500000 276.0
OX637755.1 266500000 267000000 276.0
OX637755.1 267000000 267500000 276.0
OX637755.1 267500000 268000000 276.0
OX637755.1 268000000 268500000 276.0
OX637755.1 268500000 269000000 276.0
OX637755.1 269000000 269500000 276.0
OX637755.1 269500000 270000000 276.0
OX637755.1 270000000 270500000 276.0
OX637755.1 270500000 271000000 276.0
OX637755.1 271000000 271500000 276.0
OX637755.1 271500000 272000000 276.00018
OX637755.1 272000000 272500000 276.0
OX637755.1 272500000 273000000 276.0
OX637755.1 273000000 273500000 276.0
OX637755.1 273500000 274000000 276.82138
OX637755.1 274000000 274500000 277.0
OX637755.1 274500000 275000000 277.0
OX637755.1 275000000 275500000 277.0
OX637755.1 275500000 276000000 277.0
OX637755.1 276000000 276500000 277.0
OX637755.1 276500000 277000000 277.0
OX637755.1 277000000 277500000 277.0
OX637755.1 277500000 278000000 277.0
OX637755.1 278000000 278500000 276.48856
OX637755.1 278500000 279000000 276.0
OX637755.1 279000000 279500000 276.0
OX637755.1 279500000 280000000 276.71746
OX637755.1 280000000 280500000 277.0003
OX637755.1 280500000 281000000 277.0
OX637755.1 281000000 281500000 277.0
OX637755.1 281500000 282000000 277.0
OX637755.1 282000000 282500000 277.0
OX637755.1 282500000 283000000 277.0
OX637755.1 283000000 283500000 277.0
OX637755.1 283500000 284000000 275.66011
OX637755.1 284000000 284500000 275.0
OX637755.1 284500000 285000000 275.0
OX637755.1 285000000 285500000 274.61025
OX637755.1 285500000 286000000 274.0
OX637755.1 286000000 286500000 274.0
OX637755.1 286500000 287000000 273.50863
OX637755.1 287000000 287500000 273.0
OX637755.1 287500000 288000000 273.0
OX637755.1 288000000 288500000 272.10537
OX637755.1 288500000 289000000 272.0
OX637755.1 289000000 289500000 272.55591
OX637755.1 289500000 290000000 273.0
OX637755.1 290000000 290500000 273.0
OX637755.1 290500000 291000000 272.63107
OX637755.1 291000000 291500000 273.0
OX637755.1 291500000 292000000 273.01985
OX637755.1 292000000 292500000 274.0
OX637755.1 292500000 293000000 274.0
OX637755.1 293000000 293500000 274.18621
OX637755.1 293500000 294000000 274.26595
OX637755.1 294000000 294500000 274.87105
OX637755.1 294500000 295000000 275.0
OX637755.1 295000000 295500000 275.00048
OX637755.1 295500000 296000000 275.0
OX637755.1 296000000 296500000 275.0
OX637755.1 296500000 297000000 275.0
OX637755.1 297000000 297500000 275.0
OX637755.1 297500000 298000000 274.2878
OX637755.1 298000000 298500000 274.0
OX637755.1 298500000 299000000 273.55977
OX637755.1 299000000 299500000 273.0
OX637755.1 299500000 300000000 273.2722
OX637755.1 300000000 300500000 274.0
OX637755.1 300500000 301000000 274.0
OX637755.1 301000000 301500000 274.00017
OX637755.1 301500000 302000000 274.0
OX637755.1 302000000 302500000 273.37431
OX637755.1 302500000 303000000 272.06536
OX637755.1 303000000 303500000 272.0
OX637755.1 303500000 304000000 272.0
OX637755.1 304000000 304500000 272.17022
OX637755.1 304500000 305000000 272.74104
OX637755.1 305000000 305500000 272.36813
OX637755.1 305500000 306000000 273.0
OX637755.1 306000000 306500000 272.25957
OX637755.1 306500000 307000000 272.0
OX637755.1 307000000 307500000 272.0
OX637755.1 307500000 308000000 272.0
OX637755.1 308000000 308500000 272.00024
OX637755.1 308500000 309000000 272.0
OX637755.1 309000000 309500000 271.20896
OX637755.1 309500000 310000000 271.00128
OX637755.1 310000000 310500000 271.00129
OX637755.1 310500000 311000000 271.0
OX637755.1 311000000 311500000 271.0
OX637755.1 311500000 312000000 271.00042
OX637755.1 312000000 312500000 271.87438
OX637755.1 312500000 313000000 273.0
OX637755.1 313000000 313500000 273.00066
OX637755.1 313500000 314000000 273.0
OX637755.1 314000000 314500000 273.0
OX637755.1 314500000 315000000 273.11376
OX637755.1 315000000 315500000 274.0
OX637755.1 315500000 316000000 274.0
OX637755.1 316000000 316500000 273.38098
OX637755.1 316500000 317000000 273.4469
OX637755.1 317000000 317500000 274.00092
OX637755.1 317500000 318000000 274.84288
OX637755.1 318000000 318500000 275.00039
OX637755.1 318500000 319000000 275.0
OX637755.1 319000000 319500000 275.0
OX637755.1 319500000 320000000 274.55694
OX637755.1 320000000 320500000 274.0
OX637755.1 320500000 321000000 274.0
OX637755.1 321000000 321500000 274.0
OX637755.1 321500000 322000000 274.00022
OX637755.1 322000000 322500000 273.92397
OX637755.1 322500000 323000000 273.0
OX637755.1 323000000 323500000 273.80223
OX637755.1 323500000 324000000 274.0
OX637755.1 324000000 324500000 274.4848
OX637755.1 324500000 325000000 275.0
OX637755.1 325000000 325500000 275.00071
OX637755.1 325500000 326000000 275.0
OX637755.1 326000000 326500000 275.0
OX637755.1 326500000 327000000 275.0
OX637755.1 327000000 327500000 275.0
OX637755.1 327500000 328000000 275.00073
OX637755.1 328000000 328500000 275.00049
OX637755.1 328500000 329000000 276.95509
OX637755.1 329000000 329500000 277.0
OX637755.1 329500000 330000000 276.90007
OX637755.1 330000000 330500000 275.26003
OX637755.1 330500000 331000000 275.0
OX637755.1 331000000 331500000 275.00817
OX637755.1 331500000 332000000 275.0
OX637755.1 332000000 332500000 275.54351
OX637755.1 332500000 333000000 274.42587
OX637755.1 333000000 333500000 276.465
OX637755.1 333500000 334000000 277.0
OX637755.1 334000000 334500000 276.94333
OX637755.1 334500000 335000000 276.00085
OX637755.1 335000000 335500000 275.66965
OX637755.1 335500000 336000000 276.0
OX637755.1 336000000 336500000 276.0007
OX637755.1 336500000 337000000 276.12593
OX637755.1 337000000 337500000 276.0
OX637755.1 337500000 338000000 276.0
OX637755.1 338000000 338500000 276.0
OX637755.1 338500000 339000000 276.0
OX637755.1 339000000 339500000 276.0
OX637755.1 339500000 340000000 276.61846
OX637755.1 340000000 340500000 277.0
OX637755.1 340500000 341000000 276.17397
OX637755.1 341000000 341500000 276.0
OX637755.1 341500000 342000000 276.0
OX637755.1 342000000 342500000 276.0
OX637755.1 342500000 343000000 275.85084
OX637755.1 343000000 343500000 275.0
OX637755.1 343500000 344000000 275.00029
OX637755.1 344000000 344500000 275.0
OX637755.1 344500000 345000000 275.76763
OX637755.1 345000000 345500000 276.0
OX637755.1 345500000 346000000 276.49468
OX637755.1 346000000 346500000 278.43538
OX637755.1 346500000 347000000 278.37883
OX637755.1 347000000 347500000 278.0
OX637755.1 347500000 348000000 278.00037
OX637755.1 348000000 348500000 278.00046
OX637755.1 348500000 349000000 277.82645
OX637755.1 349000000 349500000 277.0
OX637755.1 349500000 350000000 277.0002
OX637755.1 350000000 350500000 277.0
OX637755.1 350500000 351000000 277.0
OX637755.1 351000000 351500000 276.74716
OX637755.1 351500000 352000000 276.0
OX637755.1 352000000 352500000 275.96491
OX637755.1 352500000 353000000 275.39966
OX637755.1 353000000 353500000 275.67445
OX637755.1 353500000 354000000 276.81685
OX637755.1 354000000 354500000 277.0
OX637755.1 354500000 355000000 277.05729
OX637755.1 355000000 355500000 277.81306
OX637755.1 355500000 356000000 276.92097
OX637755.1 356000000 356500000 276.87256
OX637755.1 356500000 357000000 276.29768
OX637755.1 357000000 357500000 275.7644
OX637755.1 357500000 358000000 275.0011
OX637755.1 358000000 358500000 275.00055
OX637755.1 358500000 359000000 275.0
OX637755.1 359000000 359500000 274.55763
OX637755.1 359500000 360000000 274.0
OX637755.1 360000000 360500000 274.95912
OX637755.1 360500000 361000000 274.26505
OX637755.1 361000000 361500000 273.00018
OX637755.1 361500000 362000000 273.0
OX637755.1 362000000 362500000 273.00116
OX637755.1 362500000 363000000 273.0
OX637755.1 363000000 363500000 272.20665
OX637755.1 363500000 364000000 271.90154
OX637755.1 364000000 364500000 271.43888
OX637755.1 364500000 365000000 270.90353
OX637755.1 365000000 365500000 270.00017
OX637755.1 365500000 366000000 270.00111
OX637755.1 366000000 366500000 270.0
OX637755.1 366500000 367000000 269.71807
OX637755.1 367000000 367500000 267.50506
OX637755.1 367500000 368000000 268.0
OX637755.1 368000000 368500000 267.77145
OX637755.1 368500000 369000000 266.0
OX637755.1 369000000 369500000 266.0
OX637755.1 369500000 370000000 265.23228
OX637755.1 370000000 370500000 265.00028
OX637755.1 370500000 371000000 265.0
OX637755.1 371000000 371500000 265.0
OX637755.1 371500000 372000000 264.38551
OX637755.1 372000000 372500000 263.34349
OX637755.1 372500000 373000000 261.61224
OX637755.1 373000000 373500000 259.10918
OX637755.1 373500000 374000000 257.83373
OX637755.1 374000000 374500000 254.90901
OX637755.1 374500000 375000000 253.97735
OX637755.1 375000000 375500000 253.0
OX637755.1 375500000 376000000 253.0
OX637755.1 376000000 376500000 251.80176
OX637755.1 376500000 377000000 250.05571
OX637755.1 377000000 377500000 247.9764
OX637755.1 377500000 378000000 247.00087
OX637755.1 378000000 378500000 247.0
OX637755.1 378500000 379000000 246.95604
OX637755.1 379000000 379500000 245.43241
OX637755.1 379500000 380000000 244.87017
OX637755.1 380000000 380500000 243.71101
OX637755.1 380500000 381000000 244.0
OX637755.1 381000000 381500000 244.0
OX637755.1 381500000 382000000 244.0
OX637755.1 382000000 382500000 244.0
OX637755.1 382500000 383000000 244.0
OX637755.1 383000000 383500000 244.0
OX637755.1 383500000 384000000 243.70294
OX637755.1 384000000 384500000 243.0
OX637755.1 384500000 385000000 242.64434
OX637755.1 385000000 385500000 241.21542
OX637755.1 385500000 386000000 241.0
OX637755.1 386000000 386500000 241.0
OX637755.1 386500000 387000000 241.4863
OX637755.1 387000000 387500000 242.00016
OX637755.1 387500000 388000000 242.0
OX637755.1 388000000 388500000 241.54639
OX637755.1 388500000 389000000 241.0
OX637755.1 389000000 389500000 240.08188
OX637755.1 389500000 390000000 240.58588
OX637755.1 390000000 390500000 241.0
OX637755.1 390500000 391000000 240.16198
OX637755.1 391000000 391500000 239.49966
OX637755.1 391500000 392000000 239.0
OX637755.1 392000000 392500000 239.0
OX637755.1 392500000 393000000 239.0
OX637755.1 393000000 393500000 238.06385
OX637755.1 393500000 394000000 238.0
OX637755.1 394000000 394500000 238.0
OX637755.1 394500000 395000000 237.81222
OX637755.1 395000000 395500000 237.0
OX637755.1 395500000 396000000 237.0
OX637755.1 396000000 396500000 237.0
OX637755.1 396500000 397000000 237.0
OX637755.1 397000000 397500000 237.0
OX637755.1 397500000 398000000 236.85633
OX637755.1 398000000 398500000 237.90092
OX637755.1 398500000 399000000 237.21286
OX637755.1 399000000 399500000 236.03718
OX637755.1 399500000 400000000 234.54957
OX637755.1 400000000 400500000 233.60085
OX637755.1 400500000 401000000 231.46573
OX637755.1 401000000 401500000 231.0
OX637755.1 401500000 402000000 230.9465
OX637755.1 402000000 402500000 230.00115
OX637755.1 402500000 403000000 230.0002
OX637755.1 403000000 403500000 229.85672
OX637755.1 403500000 404000000 229.0
OX637755.1 404000000 404500000 229.41483
OX637755.1 404500000 405000000 230.0
OX637755.1 405000000 405500000 229.98952
OX637755.1 405500000 406000000 229.0
OX637755.1 406000000 406500000 229.0
OX637755.1 406500000 407000000 228.78055
OX637755.1 407000000 407500000 228.00112
OX637755.1 407500000 408000000 228.0
OX637755.1 408000000 408500000 227.84845
OX637755.1 408500000 409000000 225.53089
OX637755.1 409000000 409500000 224.0
OX637755.1 409500000 410000000 224.0
OX637755.1 410000000 410500000 223.39532
OX637755.1 410500000 411000000 222.0
OX637755.1 411000000 411500000 221.78783
OX637755.1 411500000 412000000 220.17102
OX637755.1 412000000 412500000 219.43452
OX637755.1 412500000 413000000 218.97091
OX637755.1 413000000 413500000 218.0
OX637755.1 413500000 414000000 218.0
OX637755.1 414000000 414500000 218.0
OX637755.1 414500000 415000000 217.83079
OX637755.1 415000000 415500000 217.0
OX637755.1 415500000 416000000 217.0
OX637755.1 416000000 416500000 217.00023
OX637755.1 416500000 417000000 217.0
OX637755.1 417000000 417500000 217.0
OX637755.1 417500000 418000000 217.79575
OX637755.1 418000000 418500000 217.6096
OX637755.1 418500000 419000000 217.0
OX637755.1 419000000 419500000 217.0
OX637755.1 419500000 420000000 216.44649
OX637755.1 420000000 420500000 215.09846
OX637755.1 420500000 421000000 214.93318
OX637755.1 421000000 421500000 213.03291
OX637755.1 421500000 422000000 212.0
OX637755.1 422000000 422500000 212.0
OX637755.1 422500000 423000000 211.2141
OX637755.1 423000000 423500000 209.52944
OX637755.1 423500000 424000000 208.98338
OX637755.1 424000000 424500000 207.49337
OX637755.1 424500000 425000000 207.00032
OX637755.1 425000000 425500000 206.56871
OX637755.1 425500000 426000000 204.74733
OX637755.1 426000000 426500000 204.94387
OX637755.1 426500000 427000000 205.00037
OX637755.1 427000000 427500000 205.0011
OX637755.1 427500000 428000000 204.39273
OX637755.1 428000000 428500000 202.68607
OX637755.1 428500000 429000000 201.5099
OX637755.1 429000000 429500000 201.0
OX637755.1 429500000 430000000 200.50853
OX637755.1 430000000 430500000 197.89933
OX637755.1 430500000 431000000 193.88116
OX637755.1 431000000 431500000 192.33769
OX637755.1 431500000 432000000 191.00016
OX637755.1 432000000 432500000 190.79503
OX637755.1 432500000 433000000 190.8788
OX637755.1 433000000 433500000 189.15999
OX637755.1 433500000 434000000 187.37255
OX637755.1 434000000 434500000 186.39184
OX637755.1 434500000 435000000 183.67904
OX637755.1 435000000 435500000 182.49202
OX637755.1 435500000 436000000 180.98793
OX637755.1 436000000 436500000 180.0
OX637755.1 436500000 437000000 180.00062
OX637755.1 437000000 437500000 179.87013
OX637755.1 437500000 438000000 179.0
OX637755.1 438000000 438500000 178.87922
OX637755.1 438500000 439000000 177.27791
OX637755.1 439000000 439500000 176.72073
OX637755.1 439500000 440000000 174.53851
OX637755.1 440000000 440500000 172.71339
OX637755.1 440500000 441000000 170.17806
OX637755.1 441000000 441500000 168.72045
OX637755.1 441500000 442000000 165.81035
OX637755.1 442000000 442500000 163.78537
OX637755.1 442500000 443000000 162.64758
OX637755.1 443000000 443500000 161.14823
OX637755.1 443500000 444000000 156.77168
OX637755.1 444000000 444500000 154.00108
OX637755.1 444500000 445000000 150.27567
OX637755.1 445000000 445500000 148.03894
OX637755.1 445500000 446000000 146.80076
OX637755.1 446000000 446500000 145.44264
OX637755.1 446500000 447000000 143.43866
OX637755.1 447000000 447500000 142.57265
OX637755.1 447500000 448000000 142.00021
OX637755.1 448000000 448500000 140.31512
OX637755.1 448500000 449000000 137.07651
OX637755.1 449000000 449500000 134.22259
OX637755.1 449500000 450000000 132.71595
OX637755.1 450000000 450500000 126.71055
OX637755.1 450500000 451000000 124.39838
OX637755.1 451000000 451500000 120.56678
OX637755.1 451500000 452000000 114.98126
OX637755.1 452000000 452500000 107.44353
OX637755.1 452500000 453000000 104.39187
OX637755.1 453000000 453500000 101.64631
OX637755.1 453500000 454000000 95.37438
OX637755.1 454000000 454500000 91.95378
OX637755.1 454500000 455000000 85.79087
OX637755.1 455000000 455500000 75.54368
OX637755.1 455500000 456000000 68.42794
OX637755.1 456000000 456500000 68.0
OX637755.1 456500000 457000000 67.66032
OX637755.1 457000000 457500000 67.0
OX637755.1 457500000 458000000 58.95198
OX637755.1 458000000 458500000 50.85815
OX637755.1 458500000 459000000 47.06318
OX637755.1 459000000 459500000 42.86776
OX637755.1 459500000 460000000 40.42144
OX637755.1 460000000 460500000 32.44153
OX637755.1 460500000 461000000 24.13388
OX637755.1 461000000 461500000 16.77629
OX637755.1 461500000 462000000 9.29747
OX637755.1 462000000 462500000 0.57159
OX637755.1 462500000 463000000 0.0
OX637755.1 463000000 463025254 0.0
OX637742.1 0 500000 3.67299
OX637742.1 500000 1000000 8.72173
OX637742.1 1000000 1500000 11.08419
OX637742.1 1500000 2000000 16.67541
OX637742.1 2000000 2500000 18.23256
OX637742.1 2500000 3000000 22.35349
OX637742.1 3000000 3500000 31.96987
OX637742.1 3500000 4000000 42.43025
OX637742.1 4000000 4500000 44.68702
OX637742.1 4500000 5000000 48.91832
OX637742.1 5000000 5500000 50.90047
OX637742.1 5500000 6000000 51.0
OX637742.1 6000000 6500000 51.0
OX637742.1 6500000 7000000 51.0
OX637742.1 7000000 7500000 51.58812
OX637742.1 7500000 8000000 53.97649
OX637742.1 8000000 8500000 54.74893
OX637742.1 8500000 9000000 56.0
OX637742.1 9000000 9500000 56.12694
OX637742.1 9500000 10000000 58.05466
OX637742.1 10000000 10500000 59.0
OX637742.1 10500000 11000000 59.0
OX637742.1 11000000 11500000 59.0
OX637742.1 11500000 12000000 60.67249
OX637742.1 12000000 12500000 65.71677
OX637742.1 12500000 13000000 66.98176
OX637742.1 13000000 13500000 67.75615
OX637742.1 13500000 14000000 68.0
OX637742.1 14000000 14500000 68.70739
OX637742.1 14500000 15000000 69.44873
OX637742.1 15000000 15500000 71.82619
OX637742.1 15500000 16000000 72.0
OX637742.1 16000000 16500000 72.0
OX637742.1 16500000 17000000 72.0
OX637742.1 17000000 17500000 72.03886
OX637742.1 17500000 18000000 73.71476
OX637742.1 18000000 18500000 75.0
OX637742.1 18500000 19000000 75.58256
OX637742.1 19000000 19500000 76.94985
OX637742.1 19500000 20000000 81.56165
OX637742.1 20000000 20500000 87.79828
OX637742.1 20500000 21000000 92.0
OX637742.1 21000000 21500000 93.07005
OX637742.1 21500000 22000000 95.0
OX637742.1 22000000 22500000 95.0
OX637742.1 22500000 23000000 95.0
OX637742.1 23000000 23500000 95.00039
OX637742.1 23500000 24000000 95.0
OX637742.1 24000000 24500000 95.97843
OX637742.1 24500000 25000000 98.30164
OX637742.1 25000000 25500000 101.25061
OX637742.1 25500000 26000000 102.53684
OX637742.1 26000000 26500000 103.88142
OX637742.1 26500000 27000000 104.0
OX637742.1 27000000 27500000 104.0
OX637742.1 27500000 28000000 105.62177
OX637742.1 28000000 28500000 109.78056
OX637742.1 28500000 29000000 110.0
OX637742.1 29000000 29500000 110.0
OX637742.1 29500000 30000000 110.0
OX637742.1 30000000 30500000 110.09973
OX637742.1 30500000 31000000 111.0
OX637742.1 31000000 31500000 111.42948
OX637742.1 31500000 32000000 113.0
OX637742.1 32000000 32500000 113.88082
OX637742.1 32500000 33000000 117.4718
OX637742.1 33000000 33500000 118.0
OX637742.1 33500000 34000000 118.0
OX637742.1 34000000 34500000 118.0
OX637742.1 34500000 35000000 118.0
OX637742.1 35000000 35500000 118.0
OX637742.1 35500000 36000000 118.0
OX637742.1 36000000 36500000 119.62762
OX637742.1 36500000 37000000 120.0
OX637742.1 37000000 37500000 122.11176
OX637742.1 37500000 38000000 123.00065
OX637742.1 38000000 38500000 123.0
OX637742.1 38500000 39000000 123.0
OX637742.1 39000000 39500000 123.76679
OX637742.1 39500000 40000000 125.47206
OX637742.1 40000000 40500000 126.0
OX637742.1 40500000 41000000 126.65877
OX637742.1 41000000 41500000 127.91994
OX637742.1 41500000 42000000 128.0
OX637742.1 42000000 42500000 128.80177
OX637742.1 42500000 43000000 129.0
OX637742.1 43000000 43500000 129.21307
OX637742.1 43500000 44000000 130.0
OX637742.1 44000000 44500000 130.0
OX637742.1 44500000 45000000 130.0
OX637742.1 45000000 45500000 130.0
OX637742.1 45500000 46000000 130.0
OX637742.1 46000000 46500000 130.27726
OX637742.1 46500000 47000000 133.8423
OX637742.1 47000000 47500000 135.54102
OX637742.1 47500000 48000000 136.81347
OX637742.1 48000000 48500000 138.87263
OX637742.1 48500000 49000000 142.88389
OX637742.1 49000000 49500000 146.0
OX637742.1 49500000 50000000 147.90638
OX637742.1 50000000 50500000 149.71648
OX637742.1 50500000 51000000 151.00575
OX637742.1 51000000 51500000 153.0
OX637742.1 51500000 52000000 153.46152
OX637742.1 52000000 52500000 154.05399
OX637742.1 52500000 53000000 155.62871
OX637742.1 53000000 53500000 160.03122
OX637742.1 53500000 54000000 163.0456
OX637742.1 54000000 54500000 164.88105
OX637742.1 54500000 55000000 166.0
OX637742.1 55000000 55500000 170.26483
OX637742.1 55500000 56000000 173.19969
OX637742.1 56000000 56500000 175.09642
OX637742.1 56500000 57000000 176.0
OX637742.1 57000000 57500000 176.0
OX637742.1 57500000 58000000 177.73099
OX637742.1 58000000 58500000 180.21209
OX637742.1 58500000 59000000 181.4799
OX637742.1 59000000 59500000 182.55749
OX637742.1 59500000 60000000 184.0
OX637742.1 60000000 60500000 184.49218
OX637742.1 60500000 61000000 186.45236
OX637742.1 61000000 61500000 188.0
OX637742.1 61500000 62000000 188.0
OX637742.1 62000000 62500000 188.72505
OX637742.1 62500000 63000000 189.7739
OX637742.1 63000000 63500000 190.0
OX637742.1 63500000 64000000 191.53374
OX637742.1 64000000 64500000 192.89632
OX637742.1 64500000 65000000 195.0
OX637742.1 65000000 65500000 196.87938
OX637742.1 65500000 66000000 198.09101
OX637742.1 66000000 66500000 199.67889
OX637742.1 66500000 67000000 200.0
OX637742.1 67000000 67500000 200.0
OX637742.1 67500000 68000000 200.0
OX637742.1 68000000 68500000 200.0
OX637742.1 68500000 69000000 200.56695
OX637742.1 69000000 69500000 201.76244
OX637742.1 69500000 70000000 202.0
OX637742.1 70000000 70500000 202.98999
OX637742.1 70500000 71000000 203.98556
OX637742.1 71000000 71500000 204.0
OX637742.1 71500000 72000000 204.0
OX637742.1 72000000 72500000 204.96668
OX637742.1 72500000 73000000 205.91562
OX637742.1 73000000 73500000 206.07014
OX637742.1 73500000 74000000 207.32101
OX637742.1 74000000 74500000 208.0
OX637742.1 74500000 75000000 208.0
OX637742.1 75000000 75500000 208.0
OX637742.1 75500000 76000000 208.41397
OX637742.1 76000000 76500000 209.0
OX637742.1 76500000 77000000 209.0
OX637742.1 77000000 77500000 209.0
OX637742.1 77500000 78000000 209.0
OX637742.1 78000000 78500000 209.0
OX637742.1 78500000 79000000 209.927
OX637742.1 79000000 79500000 210.13074
OX637742.1 79500000 80000000 211.0
OX637742.1 80000000 80500000 211.0
OX637742.1 80500000 81000000 211.55365
OX637742.1 81000000 81500000 212.0
OX637742.1 81500000 82000000 212.0
OX637742.1 82000000 82500000 212.0
OX637742.1 82500000 83000000 212.00169
OX637742.1 83000000 83500000 213.0
OX637742.1 83500000 84000000 213.0
OX637742.1 84000000 84500000 213.0
OX637742.1 84500000 85000000 213.48618
OX637742.1 85000000 85500000 214.0
OX637742.1 85500000 86000000 214.00102
OX637742.1 86000000 86500000 214.60315
OX637742.1 86500000 87000000 216.08019
OX637742.1 87000000 87500000 217.0
OX637742.1 87500000 88000000 217.0
OX637742.1 88000000 88500000 217.0
OX637742.1 88500000 89000000 217.0
OX637742.1 89000000 89500000 217.0
OX637742.1 89500000 90000000 217.0
OX637742.1 90000000 90500000 217.81009
OX637742.1 90500000 91000000 218.14051
OX637742.1 91000000 91500000 220.0
OX637742.1 91500000 92000000 220.0
OX637742.1 92000000 92500000 220.066
OX637742.1 92500000 93000000 221.8617
OX637742.1 93000000 93500000 223.19017
OX637742.1 93500000 94000000 224.39811
OX637742.1 94000000 94500000 225.0
OX637742.1 94500000 95000000 225.0
OX637742.1 95000000 95500000 225.0
OX637742.1 95500000 96000000 225.0
OX637742.1 96000000 96500000 225.53673
OX637742.1 96500000 97000000 226.55475
OX637742.1 97000000 97500000 227.14277
OX637742.1 97500000 98000000 228.41609
OX637742.1 98000000 98500000 230.0
OX637742.1 98500000 99000000 230.0
OX637742.1 99000000 99500000 230.0
OX637742.1 99500000 100000000 230.00114
OX637742.1 100000000 100500000 230.0
OX637742.1 100500000 101000000 230.19101
OX637742.1 101000000 101500000 231.0
OX637742.1 101500000 102000000 231.0
OX637742.1 102000000 102500000 231.0
OX637742.1 102500000 103000000 231.42819
OX637742.1 103000000 103500000 232.0
OX637742.1 103500000 104000000 232.0
OX637742.1 104000000 104500000 232.0
OX637742.1 104500000 105000000 232.0
OX637742.1 105000000 105500000 232.71914
OX637742.1 105500000 106000000 233.0
OX637742.1 106000000 106500000 233.0
OX637742.1 106500000 107000000 233.5156
OX637742.1 107000000 107500000 234.0
OX637742.1 107500000 108000000 234.0
OX637742.1 108000000 108500000 234.0
OX637742.1 108500000 109000000 234.0
OX637742.1 109000000 109500000 234.0
OX637742.1 109500000 110000000 234.0
OX637742.1 110000000 110500000 234.0
OX637742.1 110500000 111000000 234.0
OX637742.1 111000000 111500000 234.0
OX637742.1 111500000 112000000 234.0
OX637742.1 112000000 112500000 234.0
OX637742.1 112500000 113000000 234.0
OX637742.1 113000000 113500000 234.0
OX637742.1 113500000 114000000 234.0
OX637742.1 114000000 114500000 234.0
OX637742.1 114500000 115000000 234.0
OX637742.1 115000000 115500000 234.0
OX637742.1 115500000 116000000 234.0
OX637742.1 116000000 116500000 234.0
OX637742.1 116500000 117000000 234.99023
OX637742.1 117000000 117500000 235.0
OX637742.1 117500000 118000000 235.49515
OX637742.1 118000000 118500000 237.81828
OX637742.1 118500000 119000000 238.24331
OX637742.1 119000000 119500000 239.0
OX637742.1 119500000 120000000 239.0
OX637742.1 120000000 120500000 239.97712
OX637742.1 120500000 121000000 240.0
OX637742.1 121000000 121500000 240.0
OX637742.1 121500000 122000000 240.57568
OX637742.1 122000000 122500000 241.00057
OX637742.1 122500000 123000000 241.0
OX637742.1 123000000 123500000 241.0
OX637742.1 123500000 124000000 241.0
OX637742.1 124000000 124500000 241.89814
OX637742.1 124500000 125000000 243.0
OX637742.1 125000000 125500000 243.0
OX637742.1 125500000 126000000 243.00102
OX637742.1 126000000 126500000 243.05246
OX637742.1 126500000 127000000 244.85848
OX637742.1 127000000 127500000 245.0
OX637742.1 127500000 128000000 245.0
OX637742.1 128000000 128500000 245.0
OX637742.1 128500000 129000000 245.0
OX637742.1 129000000 129500000 245.0
OX637742.1 129500000 130000000 246.45123
OX637742.1 130000000 130500000 247.0
OX637742.1 130500000 131000000 247.0
OX637742.1 131000000 131500000 247.0
OX637742.1 131500000 132000000 247.0
OX637742.1 132000000 132500000 247.0
OX637742.1 132500000 133000000 247.0
OX637742.1 133000000 133500000 247.00024
OX637742.1 133500000 134000000 247.0
OX637742.1 134000000 134500000 247.0
OX637742.1 134500000 135000000 247.0
OX637742.1 135000000 135500000 247.0
OX637742.1 135500000 136000000 247.0
OX637742.1 136000000 136500000 247.79338
OX637742.1 136500000 137000000 249.67118
OX637742.1 137000000 137500000 250.0
OX637742.1 137500000 138000000 250.0
OX637742.1 138000000 138500000 250.0
OX637742.1 138500000 139000000 250.0
OX637742.1 139000000 139500000 250.0
OX637742.1 139500000 140000000 250.0
OX637742.1 140000000 140500000 250.44317
OX637742.1 140500000 141000000 251.0
OX637742.1 141000000 141500000 251.72036
OX637742.1 141500000 142000000 252.0
OX637742.1 142000000 142500000 252.46371
OX637742.1 142500000 143000000 253.0
OX637742.1 143000000 143500000 253.0
OX637742.1 143500000 144000000 253.0
OX637742.1 144000000 144500000 253.0
OX637742.1 144500000 145000000 253.0
OX637742.1 145000000 145500000 253.0
OX637742.1 145500000 146000000 253.0
OX637742.1 146000000 146500000 253.0
OX637742.1 146500000 147000000 253.0
OX637742.1 147000000 147500000 253.00034
OX637742.1 147500000 148000000 253.0
OX637742.1 148000000 148500000 253.0
OX637742.1 148500000 149000000 253.0
OX637742.1 149000000 149500000 253.0
OX637742.1 149500000 150000000 253.0
OX637742.1 150000000 150500000 253.0
OX637742.1 150500000 151000000 253.0
OX637742.1 151000000 151500000 253.0
OX637742.1 151500000 152000000 253.0
OX637742.1 152000000 152500000 253.0
OX637742.1 152500000 153000000 253.0
OX637742.1 153000000 153500000 253.0
OX637742.1 153500000 154000000 253.0
OX637742.1 154000000 154500000 253.0
OX637742.1 154500000 155000000 253.0
OX637742.1 155000000 155500000 253.0
OX637742.1 155500000 156000000 253.0
OX637742.1 156000000 156500000 253.0
OX637742.1 156500000 157000000 253.0
OX637742.1 157000000 157500000 253.94701
OX637742.1 157500000 158000000 254.19892
OX637742.1 158000000 158500000 255.0
OX637742.1 158500000 159000000 255.0
OX637742.1 159000000 159500000 255.0
OX637742.1 159500000 160000000 255.0
OX637742.1 160000000 160500000 255.0
OX637742.1 160500000 161000000 255.56337
OX637742.1 161000000 161500000 256.0
OX637742.1 161500000 162000000 256.0
OX637742.1 162000000 162500000 256.0
OX637742.1 162500000 163000000 256.0
OX637742.1 163000000 163500000 256.0
OX637742.1 163500000 164000000 256.0
OX637742.1 164000000 164500000 256.0
OX637742.1 164500000 165000000 256.0
OX637742.1 165000000 165500000 256.32912
OX637742.1 165500000 166000000 257.0
OX637742.1 166000000 166500000 257.0
OX637742.1 166500000 167000000 257.0
OX637742.1 167000000 167500000 257.0
OX637742.1 167500000 168000000 257.79584
OX637742.1 168000000 168500000 258.0
OX637742.1 168500000 169000000 258.0
OX637742.1 169000000 169500000 258.0
OX637742.1 169500000 170000000 258.0
OX637742.1 170000000 170500000 258.0
OX637742.1 170500000 171000000 258.0
OX637742.1 171000000 171500000 258.0
OX637742.1 171500000 172000000 258.0
OX637742.1 172000000 172500000 258.0
OX637742.1 172500000 173000000 258.0
OX637742.1 173000000 173500000 258.0
OX637742.1 173500000 174000000 258.0
OX637742.1 174000000 174500000 258.0
OX637742.1 174500000 175000000 258.56412
OX637742.1 175000000 175500000 259.0
OX637742.1 175500000 176000000 259.0
OX637742.1 176000000 176500000 259.99029
OX637742.1 176500000 177000000 260.0
OX637742.1 177000000 177500000 260.0
OX637742.1 177500000 178000000 260.0
OX637742.1 178000000 178500000 260.0
OX637742.1 178500000 179000000 260.0
OX637742.1 179000000 179500000 260.0
OX637742.1 179500000 180000000 260.0
OX637742.1 180000000 180500000 260.0
OX637742.1 180500000 181000000 260.66088
OX637742.1 181000000 181500000 261.0
OX637742.1 181500000 182000000 261.0
OX637742.1 182000000 182500000 261.0
OX637742.1 182500000 183000000 261.0
OX637742.1 183000000 183500000 261.0
OX637742.1 183500000 184000000 261.0
OX637742.1 184000000 184500000 261.0
OX637742.1 184500000 185000000 261.00039
OX637742.1 185000000 185500000 261.0
OX637742.1 185500000 186000000 261.0
OX637742.1 186000000 186500000 261.77549
OX637742.1 186500000 187000000 262.0
OX637742.1 187000000 187500000 262.0
OX637742.1 187500000 188000000 262.0
OX637742.1 188000000 188500000 262.0
OX637742.1 188500000 189000000 262.0
OX637742.1 189000000 189500000 262.0
OX637742.1 189500000 190000000 262.0
OX637742.1 190000000 190500000 262.0
OX637742.1 190500000 191000000 262.0
OX637742.1 191000000 191500000 262.58902
OX637742.1 191500000 192000000 263.0
OX637742.1 192000000 192500000 263.0
OX637742.1 192500000 193000000 263.0
OX637742.1 193000000 193500000 263.0
OX637742.1 193500000 194000000 263.0
OX637742.1 194000000 194500000 263.0
OX637742.1 194500000 195000000 263.45629
OX637742.1 195000000 195500000 264.0
OX637742.1 195500000 196000000 264.0
OX637742.1 196000000 196500000 264.0
OX637742.1 196500000 197000000 264.0
OX637742.1 197000000 197500000 264.68564
OX637742.1 197500000 198000000 265.0
OX637742.1 198000000 198500000 265.0
OX637742.1 198500000 199000000 265.0
OX637742.1 199000000 199500000 265.0
OX637742.1 199500000 200000000 265.0
OX637742.1 200000000 200500000 265.00033
OX637742.1 200500000 201000000 265.0
OX637742.1 201000000 201500000 265.0
OX637742.1 201500000 202000000 265.0
OX637742.1 202000000 202500000 265.0
OX637742.1 202500000 203000000 265.0
OX637742.1 203000000 203500000 265.0
OX637742.1 203500000 204000000 265.0
OX637742.1 204000000 204500000 265.0
OX637742.1 204500000 205000000 265.88767
OX637742.1 205000000 205500000 266.05058
OX637742.1 205500000 206000000 267.54945
OX637742.1 206000000 206500000 268.0
OX637742.1 206500000 207000000 268.09547
OX637742.1 207000000 207500000 269.0
OX637742.1 207500000 208000000 269.0
OX637742.1 208000000 208500000 269.0
OX637742.1 208500000 209000000 269.0
OX637742.1 209000000 209500000 269.0
OX637742.1 209500000 210000000 269.0
OX637742.1 210000000 210500000 269.42034
OX637742.1 210500000 211000000 270.0
OX637742.1 211000000 211500000 270.0
OX637742.1 211500000 212000000 270.0
OX637742.1 212000000 212500000 270.0
OX637742.1 212500000 213000000 270.0
OX637742.1 213000000 213500000 270.0
OX637742.1 213500000 214000000 270.0
OX637742.1 214000000 214500000 270.6191
OX637742.1 214500000 215000000 271.0
OX637742.1 215000000 215500000 271.0
OX637742.1 215500000 216000000 271.0
OX637742.1 216000000 216500000 271.18511
OX637742.1 216500000 217000000 272.0
OX637742.1 217000000 217500000 272.58394
OX637742.1 217500000 218000000 273.0
OX637742.1 218000000 218500000 273.0
OX637742.1 218500000 219000000 273.0
OX637742.1 219000000 219500000 273.0
OX637742.1 219500000 220000000 273.0
OX637742.1 220000000 220500000 273.0
OX637742.1 220500000 221000000 273.59647
OX637742.1 221000000 221500000 274.34148
OX637742.1 221500000 222000000 275.0
OX637742.1 222000000 222500000 276.61053
OX637742.1 222500000 223000000 278.0
OX637742.1 223000000 223500000 279.14351
OX637742.1 223500000 224000000 279.0
OX637742.1 224000000 224500000 279.0
OX637742.1 224500000 225000000 279.18156
OX637742.1 225000000 225500000 280.85856
OX637742.1 225500000 226000000 282.8018
OX637742.1 226000000 226500000 284.46744
OX637742.1 226500000 227000000 285.00071
OX637742.1 227000000 227500000 285.84554
OX637742.1 227500000 228000000 286.20104
OX637742.1 228000000 228500000 287.0
OX637742.1 228500000 229000000 287.56287
OX637742.1 229000000 229500000 289.8713
OX637742.1 229500000 230000000 291.34329
OX637742.1 230000000 230500000 292.74913
OX637742.1 230500000 231000000 293.90597
OX637742.1 231000000 231500000 295.0
OX637742.1 231500000 232000000 295.76103
OX637742.1 232000000 232500000 296.6901
OX637742.1 232500000 233000000 297.97973
OX637742.1 233000000 233500000 298.05914
OX637742.1 233500000 234000000 299.64487
OX637742.1 234000000 234500000 300.0
OX637742.1 234500000 235000000 300.0
OX637742.1 235000000 235500000 300.21044
OX637742.1 235500000 236000000 301.0
OX637742.1 236000000 236500000 301.0
OX637742.1 236500000 237000000 301.0
OX637742.1 237000000 237500000 301.00041
OX637742.1 237500000 238000000 301.0
OX637742.1 238000000 238500000 301.00069
OX637742.1 238500000 239000000 301.0
OX637742.1 239000000 239500000 301.55981
OX637742.1 239500000 240000000 302.0
OX637742.1 240000000 240500000 302.0
OX637742.1 240500000 241000000 302.786
OX637742.1 241000000 241500000 303.0
OX637742.1 241500000 242000000 303.0
OX637742.1 242000000 242500000 303.05194
OX637742.1 242500000 243000000 304.84078
OX637742.1 243000000 243500000 305.0
OX637742.1 243500000 244000000 305.0
OX637742.1 244000000 244500000 305.54589
OX637742.1 244500000 245000000 306.0
OX637742.1 245000000 245500000 306.0
OX637742.1 245500000 246000000 306.0
OX637742.1 246000000 246500000 306.0
OX637742.1 246500000 247000000 306.12501
OX637742.1 247000000 247500000 308.6874
OX637742.1 247500000 248000000 309.74894
OX637742.1 248000000 248500000 310.0
OX637742.1 248500000 249000000 310.56924
OX637742.1 249000000 249500000 311.0
OX637742.1 249500000 250000000 311.0
OX637742.1 250000000 250500000 311.9997
OX637742.1 250500000 251000000 312.0
OX637742.1 251000000 251500000 312.0
OX637742.1 251500000 252000000 312.0
OX637742.1 252000000 252500000 312.0
OX637742.1 252500000 253000000 312.0
OX637742.1 253000000 253500000 312.0
OX637742.1 253500000 254000000 312.8979
OX637742.1 254000000 254500000 314.41782
OX637742.1 254500000 255000000 315.0
OX637742.1 255000000 255500000 315.0
OX637742.1 255500000 256000000 315.0
OX637742.1 256000000 256500000 315.83552
OX637742.1 256500000 257000000 316.32277
OX637742.1 257000000 257500000 317.98279
OX637742.1 257500000 258000000 318.0
OX637742.1 258000000 258500000 319.50088
OX637742.1 258500000 259000000 320.34319
OX637742.1 259000000 259500000 322.05262
OX637742.1 259500000 260000000 323.0
OX637742.1 260000000 260500000 323.86474
OX637742.1 260500000 261000000 325.64122
OX637742.1 261000000 261500000 326.0
OX637742.1 261500000 262000000 326.0
OX637742.1 262000000 262500000 326.93093
OX637742.1 262500000 263000000 328.62517
OX637742.1 263000000 263500000 329.68427
OX637742.1 263500000 264000000 331.06165
OX637742.1 264000000 264500000 332.92727
OX637742.1 264500000 265000000 333.00021
OX637742.1 265000000 265500000 333.0
OX637742.1 265500000 266000000 333.80393
OX637742.1 266000000 266500000 334.0
OX637742.1 266500000 267000000 334.0
OX637742.1 267000000 267500000 334.0
OX637742.1 267500000 268000000 334.6389
OX637742.1 268000000 268500000 335.0
OX637742.1 268500000 269000000 335.0
OX637742.1 269000000 269500000 335.88211
OX637742.1 269500000 270000000 336.01849
OX637742.1 270000000 270500000 337.0
OX637742.1 270500000 271000000 337.06346
OX637742.1 271000000 271500000 338.00109
OX637742.1 271500000 272000000 338.0
OX637742.1 272000000 272500000 338.04687
OX637742.1 272500000 273000000 339.0
OX637742.1 273000000 273500000 339.12996
OX637742.1 273500000 274000000 340.0
OX637742.1 274000000 274500000 339.80231
OX637742.1 274500000 275000000 339.05744
OX637742.1 275000000 275500000 340.09104
OX637742.1 275500000 276000000 341.00027
OX637742.1 276000000 276500000 341.0
OX637742.1 276500000 277000000 341.05555
OX637742.1 277000000 277500000 342.69667
OX637742.1 277500000 278000000 344.65097
OX637742.1 278000000 278500000 346.0
OX637742.1 278500000 279000000 346.0
OX637742.1 279000000 279500000 346.0
OX637742.1 279500000 280000000 346.0
OX637742.1 280000000 280500000 346.0
OX637742.1 280500000 281000000 346.0
OX637742.1 281000000 281500000 346.00064
OX637742.1 281500000 282000000 346.0
OX637742.1 282000000 282500000 346.55183
OX637742.1 282500000 283000000 347.6536
OX637742.1 283000000 283500000 348.77038
OX637742.1 283500000 284000000 350.08894
OX637742.1 284000000 284500000 351.00061
OX637742.1 284500000 285000000 351.0
OX637742.1 285000000 285500000 351.0
OX637742.1 285500000 286000000 351.0
OX637742.1 286000000 286500000 351.0
OX637742.1 286500000 287000000 351.0
OX637742.1 287000000 287500000 351.0
OX637742.1 287500000 288000000 351.0
OX637742.1 288000000 288500000 351.0
OX637742.1 288500000 289000000 351.00039
OX637742.1 289000000 289500000 351.0
OX637742.1 289500000 290000000 351.0
OX637742.1 290000000 290500000 351.12336
OX637742.1 290500000 291000000 352.49765
OX637742.1 291000000 291500000 354.38158
OX637742.1 291500000 292000000 355.0
OX637742.1 292000000 292500000 355.36905
OX637742.1 292500000 293000000 356.00141
OX637742.1 293000000 293500000 356.56411
OX637742.1 293500000 294000000 358.0
OX637742.1 294000000 294500000 358.41467
OX637742.1 294500000 295000000 359.0
OX637742.1 295000000 295500000 359.0
OX637742.1 295500000 296000000 359.00056
OX637742.1 296000000 296500000 359.0
OX637742.1 296500000 297000000 358.94439
OX637742.1 297000000 297500000 359.0
OX637742.1 297500000 298000000 359.41064
OX637742.1 298000000 298500000 360.0
OX637742.1 298500000 299000000 360.0
OX637742.1 299000000 299500000 360.0
OX637742.1 299500000 300000000 360.10245
OX637742.1 300000000 300500000 362.81672
OX637742.1 300500000 301000000 362.12729
OX637742.1 301000000 301500000 362.03786
OX637742.1 301500000 302000000 363.13387
OX637742.1 302000000 302500000 364.26873
OX637742.1 302500000 303000000 365.40953
OX637742.1 303000000 303500000 366.0
OX637742.1 303500000 304000000 366.0
OX637742.1 304000000 304500000 367.85507
OX637742.1 304500000 305000000 368.0
OX637742.1 305000000 305500000 368.00036
OX637742.1 305500000 306000000 368.00023
OX637742.1 306000000 306500000 368.0
OX637742.1 306500000 307000000 368.0
OX637742.1 307000000 307500000 368.99408
OX637742.1 307500000 308000000 369.65498
OX637742.1 308000000 308500000 369.85809
OX637742.1 308500000 309000000 370.0
OX637742.1 309000000 309500000 370.67569
OX637742.1 309500000 310000000 371.0
OX637742.1 310000000 310500000 371.0
OX637742.1 310500000 311000000 371.11869
OX637742.1 311000000 311500000 372.01215
OX637742.1 311500000 312000000 374.92044
OX637742.1 312000000 312500000 376.0
OX637742.1 312500000 313000000 376.00046
OX637742.1 313000000 313500000 376.0
OX637742.1 313500000 314000000 376.00054
OX637742.1 314000000 314500000 376.37684
OX637742.1 314500000 315000000 376.24588
OX637742.1 315000000 315500000 377.01587
OX637742.1 315500000 316000000 378.0
OX637742.1 316000000 316500000 378.0
OX637742.1 316500000 317000000 378.0
OX637742.1 317000000 317500000 377.35914
OX637742.1 317500000 318000000 378.79011
OX637742.1 318000000 318500000 378.20866
OX637742.1 318500000 319000000 376.54535
OX637742.1 319000000 319500000 376.90459
OX637742.1 319500000 320000000 376.17958
OX637742.1 320000000 320500000 377.10908
OX637742.1 320500000 321000000 378.00073
OX637742.1 321000000 321500000 378.40719
OX637742.1 321500000 322000000 378.79605
OX637742.1 322000000 322500000 379.37426
OX637742.1 322500000 323000000 380.0
OX637742.1 323000000 323500000 379.0921
OX637742.1 323500000 324000000 379.42686
OX637742.1 324000000 324500000 379.69306
OX637742.1 324500000 325000000 381.25484
OX637742.1 325000000 325500000 381.87144
OX637742.1 325500000 326000000 382.08863
OX637742.1 326000000 326500000 383.0
OX637742.1 326500000 327000000 383.0
OX637742.1 327000000 327500000 383.0
OX637742.1 327500000 328000000 383.0
OX637742.1 328000000 328500000 383.83748
OX637742.1 328500000 329000000 384.0012
OX637742.1 329000000 329500000 384.0
OX637742.1 329500000 330000000 384.28622
OX637742.1 330000000 330500000 386.39637
OX637742.1 330500000 331000000 387.00028
OX637742.1 331000000 331500000 387.0
OX637742.1 331500000 332000000 387.0
OX637742.1 332000000 332500000 387.88216
OX637742.1 332500000 333000000 388.0
OX637742.1 333000000 333500000 388.0
OX637742.1 333500000 334000000 388.0
OX637742.1 334000000 334500000 388.00067
OX637742.1 334500000 335000000 388.0
OX637742.1 335000000 335500000 387.32934
OX637742.1 335500000 336000000 387.00021
OX637742.1 336000000 336500000 387.0
OX637742.1 336500000 337000000 387.00151
OX637742.1 337000000 337500000 387.06767
OX637742.1 337500000 338000000 387.7162
OX637742.1 338000000 338500000 387.54684
OX637742.1 338500000 339000000 388.0
OX637742.1 339000000 339500000 388.28082
OX637742.1 339500000 340000000 389.0
OX637742.1 340000000 340500000 389.48818
OX637742.1 340500000 341000000 390.0
OX637742.1 341000000 341500000 390.43059
OX637742.1 341500000 342000000 391.0
OX637742.1 342000000 342500000 392.40815
OX637742.1 342500000 343000000 393.00104
OX637742.1 343000000 343500000 393.0
OX637742.1 343500000 344000000 392.42193
OX637742.1 344000000 344500000 393.44681
OX637742.1 344500000 345000000 394.00021
OX637742.1 345000000 345500000 394.0
OX637742.1 345500000 346000000 394.0
OX637742.1 346000000 346500000 394.57884
OX637742.1 346500000 347000000 395.00084
OX637742.1 347000000 347500000 395.0
OX637742.1 347500000 348000000 395.0
OX637742.1 348000000 348500000 395.0
OX637742.1 348500000 349000000 394.29203
OX637742.1 349000000 349500000 393.88406
OX637742.1 349500000 350000000 393.0
OX637742.1 350000000 350500000 393.0
OX637742.1 350500000 351000000 393.0015
OX637742.1 351000000 351500000 393.28396
OX637742.1 351500000 352000000 394.0
OX637742.1 352000000 352500000 394.27914
OX637742.1 352500000 353000000 395.38348
OX637742.1 353000000 353500000 396.05073
OX637742.1 353500000 354000000 397.46798
OX637742.1 354000000 354500000 398.0
OX637742.1 354500000 355000000 398.0
OX637742.1 355000000 355500000 398.0
OX637742.1 355500000 356000000 398.0
OX637742.1 356000000 356500000 397.48862
OX637742.1 356500000 357000000 397.28215
OX637742.1 357000000 357500000 397.2766
OX637742.1 357500000 358000000 397.00034
OX637742.1 358000000 358500000 397.98387
OX637742.1 358500000 359000000 398.25875
OX637742.1 359000000 359500000 399.0
OX637742.1 359500000 360000000 399.77084
OX637742.1 360000000 360500000 399.3848
OX637742.1 360500000 361000000 398.71761
OX637742.1 361000000 361500000 400.34929
OX637742.1 361500000 362000000 402.0
OX637742.1 362000000 362500000 402.81468
OX637742.1 362500000 363000000 402.31354
OX637742.1 363000000 363500000 402.0
OX637742.1 363500000 364000000 402.0
OX637742.1 364000000 364500000 401.69052
OX637742.1 364500000 365000000 402.0
OX637742.1 365000000 365500000 402.0012
OX637742.1 365500000 366000000 401.95005
OX637742.1 366000000 366500000 402.0
OX637742.1 366500000 367000000 402.0
OX637742.1 367000000 367500000 402.67459
OX637742.1 367500000 368000000 403.0
OX637742.1 368000000 368500000 403.0
OX637742.1 368500000 369000000 403.0
OX637742.1 369000000 369500000 402.74737
OX637742.1 369500000 370000000 402.00084
OX637742.1 370000000 370500000 402.00045
OX637742.1 370500000 371000000 401.21851
OX637742.1 371000000 371500000 400.48149
OX637742.1 371500000 372000000 399.43412
OX637742.1 372000000 372500000 399.91342
OX637742.1 372500000 373000000 400.0
OX637742.1 373000000 373500000 400.622
OX637742.1 373500000 374000000 401.87606
OX637742.1 374000000 374500000 401.66286
OX637742.1 374500000 375000000 401.0
OX637742.1 375000000 375500000 401.06489
OX637742.1 375500000 376000000 401.00069
OX637742.1 376000000 376500000 400.93938
OX637742.1 376500000 377000000 399.2648
OX637742.1 377000000 377500000 399.44994
OX637742.1 377500000 378000000 400.0
OX637742.1 378000000 378500000 400.00125
OX637742.1 378500000 379000000 398.63009
OX637742.1 379000000 379500000 398.95217
OX637742.1 379500000 380000000 399.0
OX637742.1 380000000 380500000 398.20862
OX637742.1 380500000 381000000 398.0
OX637742.1 381000000 381500000 398.0
OX637742.1 381500000 382000000 398.41516
OX637742.1 382000000 382500000 399.00025
OX637742.1 382500000 383000000 398.61051
OX637742.1 383000000 383500000 398.08415
OX637742.1 383500000 384000000 398.31527
OX637742.1 384000000 384500000 397.5558
OX637742.1 384500000 385000000 398.0
OX637742.1 385000000 385500000 397.62726
OX637742.1 385500000 386000000 397.56483
OX637742.1 386000000 386500000 397.0
OX637742.1 386500000 387000000 397.0
OX637742.1 387000000 387500000 396.4796
OX637742.1 387500000 388000000 395.22765
OX637742.1 388000000 388500000 395.0
OX637742.1 388500000 389000000 395.0
OX637742.1 389000000 389500000 395.49886
OX637742.1 389500000 390000000 394.12921
OX637742.1 390000000 390500000 393.69444
OX637742.1 390500000 391000000 393.30405
OX637742.1 391000000 391500000 393.0006
OX637742.1 391500000 392000000 393.0
OX637742.1 392000000 392500000 393.0
OX637742.1 392500000 393000000 392.40148
OX637742.1 393000000 393500000 392.0
OX637742.1 393500000 394000000 392.00016
OX637742.1 394000000 394500000 392.0
OX637742.1 394500000 395000000 391.93287
OX637742.1 395000000 395500000 391.0
OX637742.1 395500000 396000000 390.8741
OX637742.1 396000000 396500000 390.24873
OX637742.1 396500000 397000000 391.0
OX637742.1 397000000 397500000 390.95849
OX637742.1 397500000 398000000 390.0
OX637742.1 398000000 398500000 390.0
OX637742.1 398500000 399000000 390.52236
OX637742.1 399000000 399500000 391.88003
OX637742.1 399500000 400000000 392.3784
OX637742.1 400000000 400500000 391.58608
OX637742.1 400500000 401000000 391.52452
OX637742.1 401000000 401500000 392.00025
OX637742.1 401500000 402000000 391.95378
OX637742.1 402000000 402500000 391.0
OX637742.1 402500000 403000000 390.87143
OX637742.1 403000000 403500000 389.66121
OX637742.1 403500000 404000000 388.36817
OX637742.1 404000000 404500000 388.0
OX637742.1 404500000 405000000 388.0
OX637742.1 405000000 405500000 388.0
OX637742.1 405500000 406000000 388.0
OX637742.1 406000000 406500000 387.08048
OX637742.1 406500000 407000000 387.0
OX637742.1 407000000 407500000 385.86088
OX637742.1 407500000 408000000 385.0
OX637742.1 408000000 408500000 385.08008
OX637742.1 408500000 409000000 385.15674
OX637742.1 409000000 409500000 384.58193
OX637742.1 409500000 410000000 383.00071
OX637742.1 410000000 410500000 383.0008
OX637742.1 410500000 411000000 383.0
OX637742.1 411000000 411500000 383.0
OX637742.1 411500000 412000000 383.00034
OX637742.1 412000000 412500000 382.43106
OX637742.1 412500000 413000000 382.19668
OX637742.1 413000000 413500000 383.26942
OX637742.1 413500000 414000000 383.87309
OX637742.1 414000000 414500000 384.0
OX637742.1 414500000 415000000 383.13513
OX637742.1 415000000 415500000 382.18414
OX637742.1 415500000 416000000 381.55843
OX637742.1 416000000 416500000 381.0
OX637742.1 416500000 417000000 381.0
OX637742.1 417000000 417500000 381.30176
OX637742.1 417500000 418000000 381.0
OX637742.1 418000000 418500000 380.78985
OX637742.1 418500000 419000000 380.0
OX637742.1 419000000 419500000 378.41971
OX637742.1 419500000 420000000 378.00034
OX637742.1 420000000 420500000 378.0
OX637742.1 420500000 421000000 378.00023
OX637742.1 421000000 421500000 377.61954
OX637742.1 421500000 422000000 375.13817
OX637742.1 422000000 422500000 375.0
OX637742.1 422500000 423000000 375.0
OX637742.1 423000000 423500000 375.0
OX637742.1 423500000 424000000 374.02171
OX637742.1 424000000 424500000 373.0781
OX637742.1 424500000 425000000 371.47167
OX637742.1 425000000 425500000 371.0
OX637742.1 425500000 426000000 371.0
OX637742.1 426000000 426500000 371.0
OX637742.1 426500000 427000000 370.54001
OX637742.1 427000000 427500000 370.0
OX637742.1 427500000 428000000 369.94823
OX637742.1 428000000 428500000 368.43441
OX637742.1 428500000 429000000 367.0
OX637742.1 429000000 429500000 367.0
OX637742.1 429500000 430000000 366.98123
OX637742.1 430000000 430500000 366.0
OX637742.1 430500000 431000000 366.0
OX637742.1 431000000 431500000 365.34782
OX637742.1 431500000 432000000 365.0
OX637742.1 432000000 432500000 364.70308
OX637742.1 432500000 433000000 364.0
OX637742.1 433000000 433500000 363.42051
OX637742.1 433500000 434000000 363.0
OX637742.1 434000000 434500000 363.0
OX637742.1 434500000 435000000 361.80685
OX637742.1 435000000 435500000 359.70911
OX637742.1 435500000 436000000 357.21515
OX637742.1 436000000 436500000 357.0
OX637742.1 436500000 437000000 357.0
OX637742.1 437000000 437500000 356.21001
OX637742.1 437500000 438000000 355.87919
OX637742.1 438000000 438500000 353.45794
OX637742.1 438500000 439000000 351.96277
OX637742.1 439000000 439500000 350.43875
OX637742.1 439500000 440000000 350.0
OX637742.1 440000000 440500000 350.0
OX637742.1 440500000 441000000 350.0
OX637742.1 441000000 441500000 348.24994
OX637742.1 441500000 442000000 345.4084
OX637742.1 442000000 442500000 344.0
OX637742.1 442500000 443000000 344.0
OX637742.1 443000000 443500000 343.38552
OX637742.1 443500000 444000000 342.28849
OX637742.1 444000000 444500000 342.0
OX637742.1 444500000 445000000 342.0
OX637742.1 445000000 445500000 342.00026
OX637742.1 445500000 446000000 342.0
OX637742.1 446000000 446500000 342.0
OX637742.1 446500000 447000000 342.0
OX637742.1 447000000 447500000 342.2213
OX637742.1 447500000 448000000 342.00039
OX637742.1 448000000 448500000 342.0
OX637742.1 448500000 449000000 342.0
OX637742.1 449000000 449500000 342.0
OX637742.1 449500000 450000000 342.0
OX637742.1 450000000 450500000 342.0
OX637742.1 450500000 451000000 342.0
OX637742.1 451000000 451500000 342.0
OX637742.1 451500000 452000000 342.0
OX637742.1 452000000 452500000 342.0
OX637742.1 452500000 453000000 342.0
OX637742.1 453000000 453500000 342.00062
OX637742.1 453500000 454000000 342.0
OX637742.1 454000000 454500000 342.00059
OX637742.1 454500000 455000000 340.02327
OX637742.1 455000000 455500000 339.0
OX637742.1 455500000 456000000 338.82747
OX637742.1 456000000 456500000 337.26203
OX637742.1 456500000 457000000 337.0
OX637742.1 457000000 457500000 335.28352
OX637742.1 457500000 458000000 331.53684
OX637742.1 458000000 458500000 329.37181
OX637742.1 458500000 459000000 329.0004
OX637742.1 459000000 459500000 326.72518
OX637742.1 459500000 460000000 324.16863
OX637742.1 460000000 460500000 324.0
OX637742.1 460500000 461000000 324.0
OX637742.1 461000000 461500000 323.85769
OX637742.1 461500000 462000000 323.00092
OX637742.1 462000000 462500000 323.0
OX637742.1 462500000 463000000 320.01519
OX637742.1 463000000 463500000 318.62116
OX637742.1 463500000 464000000 317.24164
OX637742.1 464000000 464500000 316.32485
OX637742.1 464500000 465000000 315.16681
OX637742.1 465000000 465500000 312.97531
OX637742.1 465500000 466000000 311.0
OX637742.1 466000000 466500000 310.12703
OX637742.1 466500000 467000000 308.76156
OX637742.1 467000000 467500000 307.72791
OX637742.1 467500000 468000000 305.01465
OX637742.1 468000000 468500000 303.01275
OX637742.1 468500000 469000000 302.0
OX637742.1 469000000 469500000 302.00021
OX637742.1 469500000 470000000 302.0
OX637742.1 470000000 470500000 302.0
OX637742.1 470500000 471000000 302.0
OX637742.1 471000000 471500000 301.94705
OX637742.1 471500000 472000000 300.48996
OX637742.1 472000000 472500000 299.4469
OX637742.1 472500000 473000000 298.92523
OX637742.1 473000000 473500000 297.70959
OX637742.1 473500000 474000000 297.00043
OX637742.1 474000000 474500000 297.0
OX637742.1 474500000 475000000 297.00101
OX637742.1 475000000 475500000 294.84294
OX637742.1 475500000 476000000 293.0
OX637742.1 476000000 476500000 293.0
OX637742.1 476500000 477000000 293.0
OX637742.1 477000000 477500000 291.04801
OX637742.1 477500000 478000000 289.0
OX637742.1 478000000 478500000 289.0
OX637742.1 478500000 479000000 288.85404
OX637742.1 479000000 479500000 287.93291
OX637742.1 479500000 480000000 286.76227
OX637742.1 480000000 480500000 284.95282
OX637742.1 480500000 481000000 282.34237
OX637742.1 481000000 481500000 281.40801
OX637742.1 481500000 482000000 280.12871
OX637742.1 482000000 482500000 280.09323
OX637742.1 482500000 483000000 279.65107
OX637742.1 483000000 483500000 278.0
OX637742.1 483500000 484000000 278.0
OX637742.1 484000000 484500000 277.40889
OX637742.1 484500000 485000000 275.34511
OX637742.1 485000000 485500000 274.00031
OX637742.1 485500000 486000000 273.28381
OX637742.1 486000000 486500000 272.34799
OX637742.1 486500000 487000000 271.16914
OX637742.1 487000000 487500000 268.35356
OX637742.1 487500000 488000000 265.00035
OX637742.1 488000000 488500000 263.96475
OX637742.1 488500000 489000000 261.49249
OX637742.1 489000000 489500000 260.52131
OX637742.1 489500000 490000000 259.0
OX637742.1 490000000 490500000 259.0
OX637742.1 490500000 491000000 256.66117
OX637742.1 491000000 491500000 254.0
OX637742.1 491500000 492000000 254.0
OX637742.1 492000000 492500000 252.66892
OX637742.1 492500000 493000000 247.69577
OX637742.1 493000000 493500000 246.07968
OX637742.1 493500000 494000000 243.87175
OX637742.1 494000000 494500000 241.0
OX637742.1 494500000 495000000 240.89645
OX637742.1 495000000 495500000 237.36915
OX637742.1 495500000 496000000 235.2419
OX637742.1 496000000 496500000 234.98364
OX637742.1 496500000 497000000 234.00025
OX637742.1 497000000 497500000 234.0
OX637742.1 497500000 498000000 234.0
OX637742.1 498000000 498500000 231.35637
OX637742.1 498500000 499000000 230.7113
OX637742.1 499000000 499500000 228.17739
OX637742.1 499500000 500000000 222.6471
OX637742.1 500000000 500500000 219.31554
OX637742.1 500500000 501000000 218.14239
OX637742.1 501000000 501500000 217.59248
OX637742.1 501500000 502000000 215.16345
OX637742.1 502000000 502500000 211.54764
OX637742.1 502500000 503000000 209.00035
OX637742.1 503000000 503500000 208.08255
OX637742.1 503500000 504000000 206.75187
OX637742.1 504000000 504500000 202.38084
OX637742.1 504500000 505000000 198.53234
OX637742.1 505000000 505500000 191.90413
OX637742.1 505500000 506000000 190.52084
OX637742.1 506000000 506500000 184.84123
OX637742.1 506500000 507000000 181.45249
OX637742.1 507000000 507500000 178.1461
OX637742.1 507500000 508000000 175.67121
OX637742.1 508000000 508500000 170.88817
OX637742.1 508500000 509000000 165.51505
OX637742.1 509000000 509500000 156.68119
OX637742.1 509500000 510000000 154.97986
OX637742.1 510000000 510500000 148.47948
OX637742.1 510500000 511000000 144.268
OX637742.1 511000000 511500000 139.95381
OX637742.1 511500000 512000000 134.40252
OX637742.1 512000000 512500000 129.80937
OX637742.1 512500000 513000000 128.0
OX637742.1 513000000 513500000 125.29357
OX637742.1 513500000 514000000 119.54827
OX637742.1 514000000 514500000 114.01924
OX637742.1 514500000 515000000 110.04895
OX637742.1 515000000 515500000 107.43955
OX637742.1 515500000 516000000 101.72014
OX637742.1 516000000 516500000 97.81665
OX637742.1 516500000 517000000 93.32145
OX637742.1 517000000 517500000 85.24326
OX637742.1 517500000 518000000 77.66242
OX637742.1 518000000 518500000 66.97706
OX637742.1 518500000 519000000 58.52089
OX637742.1 519000000 519500000 49.66103
OX637742.1 519500000 520000000 35.25755
OX637742.1 520000000 520500000 29.77472
OX637742.1 520500000 521000000 26.0827
OX637742.1 521000000 521500000 22.42441
OX637742.1 521500000 522000000 19.26223
OX637742.1 522000000 522500000 14.78622
OX637742.1 522500000 523000000 6.74246
OX637742.1 523000000 523500000 2.71169
OX637742.1 523500000 524000000 2.0
OX637742.1 524000000 524500000 2.0
OX637742.1 524500000 524680327 2.0
OX637749.1 0 500000 1.4287
OX637749.1 500000 1000000 3.27366
OX637749.1 1000000 1500000 6.0
OX637749.1 1500000 2000000 6.0
OX637749.1 2000000 2500000 6.95145
OX637749.1 2500000 3000000 7.0
OX637749.1 3000000 3500000 7.49929
OX637749.1 3500000 4000000 8.89147
OX637749.1 4000000 4500000 14.12431
OX637749.1 4500000 5000000 18.0
OX637749.1 5000000 5500000 18.0
OX637749.1 5500000 6000000 20.59883
OX637749.1 6000000 6500000 30.90461
OX637749.1 6500000 7000000 37.98678
OX637749.1 7000000 7500000 41.84765
OX637749.1 7500000 8000000 48.15876
OX637749.1 8000000 8500000 52.19692
OX637749.1 8500000 9000000 54.66703
OX637749.1 9000000 9500000 64.97122
OX637749.1 9500000 10000000 77.01254
OX637749.1 10000000 10500000 80.45233
OX637749.1 10500000 11000000 82.09508
OX637749.1 11000000 11500000 83.92058
OX637749.1 11500000 12000000 88.59399
OX637749.1 12000000 12500000 93.3387
OX637749.1 12500000 13000000 101.78495
OX637749.1 13000000 13500000 106.0
OX637749.1 13500000 14000000 106.42742
OX637749.1 14000000 14500000 114.1683
OX637749.1 14500000 15000000 117.77465
OX637749.1 15000000 15500000 119.59869
OX637749.1 15500000 16000000 123.14698
OX637749.1 16000000 16500000 129.31069
OX637749.1 16500000 17000000 132.93366
OX637749.1 17000000 17500000 137.07535
OX637749.1 17500000 18000000 147.08569
OX637749.1 18000000 18500000 155.71677
OX637749.1 18500000 19000000 159.81107
OX637749.1 19000000 19500000 161.46178
OX637749.1 19500000 20000000 167.09212
OX637749.1 20000000 20500000 167.62491
OX637749.1 20500000 21000000 171.42014
OX637749.1 21000000 21500000 178.30006
OX637749.1 21500000 22000000 180.558
OX637749.1 22000000 22500000 181.30779
OX637749.1 22500000 23000000 183.58226
OX637749.1 23000000 23500000 185.89353
OX637749.1 23500000 24000000 189.0
OX637749.1 24000000 24500000 190.91601
OX637749.1 24500000 25000000 195.81178
OX637749.1 25000000 25500000 201.77
OX637749.1 25500000 26000000 202.40396
OX637749.1 26000000 26500000 207.03469
OX637749.1 26500000 27000000 212.41473
OX637749.1 27000000 27500000 214.00044
OX637749.1 27500000 28000000 217.04069
OX637749.1 28000000 28500000 220.56363
OX637749.1 28500000 29000000 223.12342
OX637749.1 29000000 29500000 224.0
OX637749.1 29500000 30000000 224.68515
OX637749.1 30000000 30500000 225.0
OX637749.1 30500000 31000000 225.19218
OX637749.1 31000000 31500000 226.40547
OX637749.1 31500000 32000000 228.08856
OX637749.1 32000000 32500000 229.38094
OX637749.1 32500000 33000000 230.91438
OX637749.1 33000000 33500000 232.0
OX637749.1 33500000 34000000 232.0
OX637749.1 34000000 34500000 232.0
OX637749.1 34500000 35000000 232.34439
OX637749.1 35000000 35500000 233.0
OX637749.1 35500000 36000000 233.0
OX637749.1 36000000 36500000 233.36269
OX637749.1 36500000 37000000 236.80636
OX637749.1 37000000 37500000 240.17519
OX637749.1 37500000 38000000 241.6986
OX637749.1 38000000 38500000 242.00051
OX637749.1 38500000 39000000 241.17067
OX637749.1 39000000 39500000 241.58457
OX637749.1 39500000 40000000 242.0
OX637749.1 40000000 40500000 243.30923
OX637749.1 40500000 41000000 245.0
OX637749.1 41000000 41500000 244.77559
OX637749.1 41500000 42000000 245.0
OX637749.1 42000000 42500000 245.47845
OX637749.1 42500000 43000000 246.19029
OX637749.1 43000000 43500000 247.8355
OX637749.1 43500000 44000000 251.56672
OX637749.1 44000000 44500000 256.31581
OX637749.1 44500000 45000000 258.0
OX637749.1 45000000 45500000 258.18412
OX637749.1 45500000 46000000 258.43311
OX637749.1 46000000 46500000 262.90499
OX637749.1 46500000 47000000 264.3944
OX637749.1 47000000 47500000 264.0
OX637749.1 47500000 48000000 264.0
OX637749.1 48000000 48500000 264.64273
OX637749.1 48500000 49000000 266.5346
OX637749.1 49000000 49500000 268.95943
OX637749.1 49500000 50000000 272.04234
OX637749.1 50000000 50500000 274.12036
OX637749.1 50500000 51000000 277.0
OX637749.1 51000000 51500000 278.33426
OX637749.1 51500000 52000000 280.65677
OX637749.1 52000000 52500000 281.0
OX637749.1 52500000 53000000 281.0
OX637749.1 53000000 53500000 281.00119
OX637749.1 53500000 54000000 281.63715
OX637749.1 54000000 54500000 282.0
OX637749.1 54500000 55000000 282.0
OX637749.1 55000000 55500000 282.31534
OX637749.1 55500000 56000000 285.25611
OX637749.1 56000000 56500000 287.68008
OX637749.1 56500000 57000000 289.92945
OX637749.1 57000000 57500000 290.0
OX637749.1 57500000 58000000 290.0
OX637749.1 58000000 58500000 292.409
OX637749.1 58500000 59000000 295.00021
OX637749.1 59000000 59500000 295.30571
OX637749.1 59500000 60000000 296.2191
OX637749.1 60000000 60500000 296.00043
OX637749.1 60500000 61000000 296.0
OX637749.1 61000000 61500000 297.73664
OX637749.1 61500000 62000000 298.0
OX637749.1 62000000 62500000 298.00132
OX637749.1 62500000 63000000 297.58162
OX637749.1 63000000 63500000 297.25027
OX637749.1 63500000 64000000 298.01059
OX637749.1 64000000 64500000 299.0
OX637749.1 64500000 65000000 299.0
OX637749.1 65000000 65500000 299.00017
OX637749.1 65500000 66000000 299.91401
OX637749.1 66000000 66500000 301.0
OX637749.1 66500000 67000000 302.07761
OX637749.1 67000000 67500000 303.00083
OX637749.1 67500000 68000000 303.00106
OX637749.1 68000000 68500000 303.29724
OX637749.1 68500000 69000000 304.24555
OX637749.1 69000000 69500000 305.8954
OX637749.1 69500000 70000000 306.0
OX637749.1 70000000 70500000 306.0
OX637749.1 70500000 71000000 306.0
OX637749.1 71000000 71500000 306.00111
OX637749.1 71500000 72000000 306.0
OX637749.1 72000000 72500000 307.94665
OX637749.1 72500000 73000000 308.76446
OX637749.1 73000000 73500000 309.40364
OX637749.1 73500000 74000000 310.89608
OX637749.1 74000000 74500000 311.65961
OX637749.1 74500000 75000000 312.0
OX637749.1 75000000 75500000 312.64321
OX637749.1 75500000 76000000 312.97427
OX637749.1 76000000 76500000 314.38512
OX637749.1 76500000 77000000 316.0
OX637749.1 77000000 77500000 316.00016
OX637749.1 77500000 78000000 315.46211
OX637749.1 78000000 78500000 315.82254
OX637749.1 78500000 79000000 317.0
OX637749.1 79000000 79500000 316.44863
OX637749.1 79500000 80000000 317.0
OX637749.1 80000000 80500000 317.54266
OX637749.1 80500000 81000000 318.57451
OX637749.1 81000000 81500000 319.26327
OX637749.1 81500000 82000000 321.93402
OX637749.1 82000000 82500000 323.36656
OX637749.1 82500000 83000000 325.67626
OX637749.1 83000000 83500000 326.0
OX637749.1 83500000 84000000 326.0
OX637749.1 84000000 84500000 326.0
OX637749.1 84500000 85000000 327.21215
OX637749.1 85000000 85500000 330.42014
OX637749.1 85500000 86000000 331.0
OX637749.1 86000000 86500000 331.0
OX637749.1 86500000 87000000 331.00104
OX637749.1 87000000 87500000 331.53328
OX637749.1 87500000 88000000 332.65927
OX637749.1 88000000 88500000 333.00062
OX637749.1 88500000 89000000 333.69782
OX637749.1 89000000 89500000 334.42239
OX637749.1 89500000 90000000 336.58606
OX637749.1 90000000 90500000 337.14537
OX637749.1 90500000 91000000 337.0
OX637749.1 91000000 91500000 337.65863
OX637749.1 91500000 92000000 337.76138
OX637749.1 92000000 92500000 339.65754
OX637749.1 92500000 93000000 340.35815
OX637749.1 93000000 93500000 341.80716
OX637749.1 93500000 94000000 344.2361
OX637749.1 94000000 94500000 345.0
OX637749.1 94500000 95000000 345.6865
OX637749.1 95000000 95500000 348.15433
OX637749.1 95500000 96000000 350.00043
OX637749.1 96000000 96500000 350.50745
OX637749.1 96500000 97000000 350.37941
OX637749.1 97000000 97500000 350.0
OX637749.1 97500000 98000000 349.99874
OX637749.1 98000000 98500000 349.85626
OX637749.1 98500000 99000000 351.7005
OX637749.1 99000000 99500000 352.0
OX637749.1 99500000 100000000 352.0
OX637749.1 100000000 100500000 352.0
OX637749.1 100500000 101000000 352.0
OX637749.1 101000000 101500000 352.0
OX637749.1 101500000 102000000 352.62466
OX637749.1 102000000 102500000 355.65832
OX637749.1 102500000 103000000 356.38356
OX637749.1 103000000 103500000 357.0
OX637749.1 103500000 104000000 358.16798
OX637749.1 104000000 104500000 359.53632
OX637749.1 104500000 105000000 360.61005
OX637749.1 105000000 105500000 361.0
OX637749.1 105500000 106000000 362.83765
OX637749.1 106000000 106500000 364.197
OX637749.1 106500000 107000000 365.0
OX637749.1 107000000 107500000 365.0
OX637749.1 107500000 108000000 365.91656
OX637749.1 108000000 108500000 366.0
OX637749.1 108500000 109000000 366.0
OX637749.1 109000000 109500000 366.11659
OX637749.1 109500000 110000000 367.0
OX637749.1 110000000 110500000 367.00045
OX637749.1 110500000 111000000 367.0
OX637749.1 111000000 111500000 367.95463
OX637749.1 111500000 112000000 368.0
OX637749.1 112000000 112500000 368.0
OX637749.1 112500000 113000000 369.22794
OX637749.1 113000000 113500000 371.06138
OX637749.1 113500000 114000000 372.93118
OX637749.1 114000000 114500000 373.29695
OX637749.1 114500000 115000000 374.69152
OX637749.1 115000000 115500000 375.0
OX637749.1 115500000 116000000 375.0
OX637749.1 116000000 116500000 375.0
OX637749.1 116500000 117000000 375.0
OX637749.1 117000000 117500000 375.4143
OX637749.1 117500000 118000000 376.87364
OX637749.1 118000000 118500000 378.06128
OX637749.1 118500000 119000000 378.41582
OX637749.1 119000000 119500000 379.0
OX637749.1 119500000 120000000 379.31099
OX637749.1 120000000 120500000 380.00022
OX637749.1 120500000 121000000 380.0
OX637749.1 121000000 121500000 379.35333
OX637749.1 121500000 122000000 379.00043
OX637749.1 122000000 122500000 379.0
OX637749.1 122500000 123000000 379.0
OX637749.1 123000000 123500000 379.0
OX637749.1 123500000 124000000 378.78326
OX637749.1 124000000 124500000 378.0
OX637749.1 124500000 125000000 377.42507
OX637749.1 125000000 125500000 377.0
OX637749.1 125500000 126000000 377.0
OX637749.1 126000000 126500000 377.0
OX637749.1 126500000 127000000 378.81279
OX637749.1 127000000 127500000 380.0
OX637749.1 127500000 128000000 380.0
OX637749.1 128000000 128500000 380.53178
OX637749.1 128500000 129000000 381.79206
OX637749.1 129000000 129500000 381.65186
OX637749.1 129500000 130000000 382.00104
OX637749.1 130000000 130500000 381.74763
OX637749.1 130500000 131000000 381.55395
OX637749.1 131000000 131500000 382.0
OX637749.1 131500000 132000000 382.0
OX637749.1 132000000 132500000 381.27167
OX637749.1 132500000 133000000 381.0
OX637749.1 133000000 133500000 381.0
OX637749.1 133500000 134000000 381.0
OX637749.1 134000000 134500000 381.0
OX637749.1 134500000 135000000 381.00086
OX637749.1 135000000 135500000 381.11115
OX637749.1 135500000 136000000 381.0
OX637749.1 136000000 136500000 381.0
OX637749.1 136500000 137000000 381.0
OX637749.1 137000000 137500000 381.0
OX637749.1 137500000 138000000 381.0
OX637749.1 138000000 138500000 381.0
OX637749.1 138500000 139000000 381.0
OX637749.1 139000000 139500000 381.0
OX637749.1 139500000 140000000 381.0
OX637749.1 140000000 140500000 381.0
OX637749.1 140500000 141000000 381.00129
OX637749.1 141000000 141500000 380.83612
OX637749.1 141500000 142000000 380.0
OX637749.1 142000000 142500000 380.38995
OX637749.1 142500000 143000000 381.0
OX637749.1 143000000 143500000 381.77379
OX637749.1 143500000 144000000 382.0
OX637749.1 144000000 144500000 382.0
OX637749.1 144500000 145000000 382.0
OX637749.1 145000000 145500000 382.0
OX637749.1 145500000 146000000 382.0
OX637749.1 146000000 146500000 382.0
OX637749.1 146500000 147000000 382.58144
OX637749.1 147000000 147500000 383.0
OX637749.1 147500000 148000000 383.46361
OX637749.1 148000000 148500000 384.0
OX637749.1 148500000 149000000 384.0
OX637749.1 149000000 149500000 384.0
OX637749.1 149500000 150000000 384.33621
OX637749.1 150000000 150500000 384.3944
OX637749.1 150500000 151000000 383.5841
OX637749.1 151000000 151500000 383.0
OX637749.1 151500000 152000000 382.43126
OX637749.1 152000000 152500000 382.0
OX637749.1 152500000 153000000 382.52037
OX637749.1 153000000 153500000 383.0
OX637749.1 153500000 154000000 383.00043
OX637749.1 154000000 154500000 383.0
OX637749.1 154500000 155000000 383.0
OX637749.1 155000000 155500000 383.00113
OX637749.1 155500000 156000000 383.0
OX637749.1 156000000 156500000 383.0
OX637749.1 156500000 157000000 383.0
OX637749.1 157000000 157500000 383.03397
OX637749.1 157500000 158000000 384.00017
OX637749.1 158000000 158500000 384.0
OX637749.1 158500000 159000000 384.0
OX637749.1 159000000 159500000 384.0
OX637749.1 159500000 160000000 384.79017
OX637749.1 160000000 160500000 385.0
OX637749.1 160500000 161000000 385.00095
OX637749.1 161000000 161500000 385.0
OX637749.1 161500000 162000000 385.13437
OX637749.1 162000000 162500000 385.00025
OX637749.1 162500000 163000000 385.0
OX637749.1 163000000 163500000 385.00052
OX637749.1 163500000 164000000 385.0
OX637749.1 164000000 164500000 385.67346
OX637749.1 164500000 165000000 386.0
OX637749.1 165000000 165500000 386.00017
OX637749.1 165500000 166000000 386.50809
OX637749.1 166000000 166500000 386.0
OX637749.1 166500000 167000000 386.00047
OX637749.1 167000000 167500000 386.00086
OX637749.1 167500000 168000000 386.0
OX637749.1 168000000 168500000 386.0
OX637749.1 168500000 169000000 386.7333
OX637749.1 169000000 169500000 387.0
OX637749.1 169500000 170000000 387.0
OX637749.1 170000000 170500000 387.0
OX637749.1 170500000 171000000 387.0
OX637749.1 171000000 171500000 387.0
OX637749.1 171500000 172000000 387.0
OX637749.1 172000000 172500000 386.60194
OX637749.1 172500000 173000000 386.0
OX637749.1 173000000 173500000 385.5357
OX637749.1 173500000 174000000 386.0
OX637749.1 174000000 174500000 386.0
OX637749.1 174500000 175000000 386.2636
OX637749.1 175000000 175500000 387.08782
OX637749.1 175500000 176000000 388.0
OX637749.1 176000000 176500000 388.0
OX637749.1 176500000 177000000 388.0
OX637749.1 177000000 177500000 388.0
OX637749.1 177500000 178000000 388.0
OX637749.1 178000000 178500000 388.0
OX637749.1 178500000 179000000 388.0
OX637749.1 179000000 179500000 388.0
OX637749.1 179500000 180000000 388.0
OX637749.1 180000000 180500000 388.0
OX637749.1 180500000 181000000 388.0
OX637749.1 181000000 181500000 388.0
OX637749.1 181500000 182000000 388.0
OX637749.1 182000000 182500000 388.0
OX637749.1 182500000 183000000 388.0
OX637749.1 183000000 183500000 387.90905
OX637749.1 183500000 184000000 388.0
OX637749.1 184000000 184500000 388.0
OX637749.1 184500000 185000000 388.0
OX637749.1 185000000 185500000 388.0
OX637749.1 185500000 186000000 388.84034
OX637749.1 186000000 186500000 389.0
OX637749.1 186500000 187000000 389.00027
OX637749.1 187000000 187500000 389.0
OX637749.1 187500000 188000000 389.70244
OX637749.1 188000000 188500000 390.00099
OX637749.1 188500000 189000000 390.95635
OX637749.1 189000000 189500000 390.74024
OX637749.1 189500000 190000000 389.55572
OX637749.1 190000000 190500000 389.0
OX637749.1 190500000 191000000 389.0
OX637749.1 191000000 191500000 389.0
OX637749.1 191500000 192000000 389.00084
OX637749.1 192000000 192500000 389.0
OX637749.1 192500000 193000000 389.0
OX637749.1 193000000 193500000 389.07288
OX637749.1 193500000 194000000 390.0
OX637749.1 194000000 194500000 390.0
OX637749.1 194500000 195000000 390.0
OX637749.1 195000000 195500000 390.0
OX637749.1 195500000 196000000 390.0
OX637749.1 196000000 196500000 390.0
OX637749.1 196500000 197000000 390.0
OX637749.1 197000000 197500000 390.0
OX637749.1 197500000 198000000 390.7549
OX637749.1 198000000 198500000 391.0
OX637749.1 198500000 199000000 390.28317
OX637749.1 199000000 199500000 390.0
OX637749.1 199500000 200000000 388.86119
OX637749.1 200000000 200500000 387.91904
OX637749.1 200500000 201000000 387.0
OX637749.1 201000000 201500000 386.72145
OX637749.1 201500000 202000000 386.0
OX637749.1 202000000 202500000 386.0
OX637749.1 202500000 203000000 386.0019
OX637749.1 203000000 203500000 386.0
OX637749.1 203500000 204000000 386.00076
OX637749.1 204000000 204500000 386.0
OX637749.1 204500000 205000000 386.0
OX637749.1 205000000 205500000 386.0
OX637749.1 205500000 206000000 386.44603
OX637749.1 206000000 206500000 387.0
OX637749.1 206500000 207000000 387.0
OX637749.1 207000000 207500000 387.0
OX637749.1 207500000 208000000 387.00021
OX637749.1 208000000 208500000 387.0
OX637749.1 208500000 209000000 387.0
OX637749.1 209000000 209500000 387.0
OX637749.1 209500000 210000000 386.01788
OX637749.1 210000000 210500000 386.00092
OX637749.1 210500000 211000000 386.0
OX637749.1 211000000 211500000 386.0
OX637749.1 211500000 212000000 386.0
OX637749.1 212000000 212500000 386.0
OX637749.1 212500000 213000000 386.0
OX637749.1 213000000 213500000 386.0
OX637749.1 213500000 214000000 386.0
OX637749.1 214000000 214500000 386.0
OX637749.1 214500000 215000000 386.0
OX637749.1 215000000 215500000 385.15964
OX637749.1 215500000 216000000 384.64638
OX637749.1 216000000 216500000 384.0
OX637749.1 216500000 217000000 384.0
OX637749.1 217000000 217500000 384.00043
OX637749.1 217500000 218000000 384.05964
OX637749.1 218000000 218500000 384.0
OX637749.1 218500000 219000000 382.95291
OX637749.1 219000000 219500000 382.0
OX637749.1 219500000 220000000 382.0
OX637749.1 220000000 220500000 382.01681
OX637749.1 220500000 221000000 383.67347
OX637749.1 221000000 221500000 384.0
OX637749.1 221500000 222000000 384.0
OX637749.1 222000000 222500000 384.00082
OX637749.1 222500000 223000000 384.0
OX637749.1 223000000 223500000 384.0
OX637749.1 223500000 224000000 384.0
OX637749.1 224000000 224500000 384.0
OX637749.1 224500000 225000000 383.12617
OX637749.1 225000000 225500000 383.0
OX637749.1 225500000 226000000 383.0
OX637749.1 226000000 226500000 382.26695
OX637749.1 226500000 227000000 382.0
OX637749.1 227000000 227500000 382.0
OX637749.1 227500000 228000000 382.0
OX637749.1 228000000 228500000 382.0
OX637749.1 228500000 229000000 381.99421
OX637749.1 229000000 229500000 381.0
OX637749.1 229500000 230000000 380.82581
OX637749.1 230000000 230500000 380.0
OX637749.1 230500000 231000000 380.6115
OX637749.1 231000000 231500000 381.0
OX637749.1 231500000 232000000 381.0
OX637749.1 232000000 232500000 381.00024
OX637749.1 232500000 233000000 381.0
OX637749.1 233000000 233500000 381.0
OX637749.1 233500000 234000000 381.0
OX637749.1 234000000 234500000 381.20109
OX637749.1 234500000 235000000 381.78437
OX637749.1 235000000 235500000 381.0
OX637749.1 235500000 236000000 381.00081
OX637749.1 236000000 236500000 381.0
OX637749.1 236500000 237000000 381.0
OX637749.1 237000000 237500000 381.0
OX637749.1 237500000 238000000 380.70832
OX637749.1 238000000 238500000 380.0
OX637749.1 238500000 239000000 380.0
OX637749.1 239000000 239500000 380.0
OX637749.1 239500000 240000000 380.00056
OX637749.1 240000000 240500000 380.0
OX637749.1 240500000 241000000 380.0
OX637749.1 241000000 241500000 380.65877
OX637749.1 241500000 242000000 381.0
OX637749.1 242000000 242500000 381.0
OX637749.1 242500000 243000000 381.00055
OX637749.1 243000000 243500000 381.0
OX637749.1 243500000 244000000 381.0
OX637749.1 244000000 244500000 381.0
OX637749.1 244500000 245000000 381.0
OX637749.1 245000000 245500000 381.0
OX637749.1 245500000 246000000 381.0
OX637749.1 246000000 246500000 380.96603
OX637749.1 246500000 247000000 379.74446
OX637749.1 247000000 247500000 379.80332
OX637749.1 247500000 248000000 379.0
OX637749.1 248000000 248500000 379.00095
OX637749.1 248500000 249000000 379.0
OX637749.1 249000000 249500000 379.0
OX637749.1 249500000 250000000 378.32109
OX637749.1 250000000 250500000 378.00088
OX637749.1 250500000 251000000 378.00046
OX637749.1 251000000 251500000 378.0
OX637749.1 251500000 252000000 378.0
OX637749.1 252000000 252500000 378.0
OX637749.1 252500000 253000000 378.00024
OX637749.1 253000000 253500000 378.0
OX637749.1 253500000 254000000 378.0
OX637749.1 254000000 254500000 378.0
OX637749.1 254500000 255000000 378.0
OX637749.1 255000000 255500000 378.0
OX637749.1 255500000 256000000 378.0
OX637749.1 256000000 256500000 378.0
OX637749.1 256500000 257000000 378.00088
OX637749.1 257000000 257500000 378.0
OX637749.1 257500000 258000000 378.0
OX637749.1 258000000 258500000 378.0
OX637749.1 258500000 259000000 378.0
OX637749.1 259000000 259500000 378.0
OX637749.1 259500000 260000000 378.0
OX637749.1 260000000 260500000 378.00067
OX637749.1 260500000 261000000 378.0
OX637749.1 261000000 261500000 378.0
OX637749.1 261500000 262000000 378.0
OX637749.1 262000000 262500000 378.0
OX637749.1 262500000 263000000 378.0
OX637749.1 263000000 263500000 378.0
OX637749.1 263500000 264000000 378.00016
OX637749.1 264000000 264500000 378.0
OX637749.1 264500000 265000000 378.0
OX637749.1 265000000 265500000 378.0
OX637749.1 265500000 266000000 378.0
OX637749.1 266000000 266500000 378.0
OX637749.1 266500000 267000000 377.50943
OX637749.1 267000000 267500000 377.0
OX637749.1 267500000 268000000 377.0
OX637749.1 268000000 268500000 377.0
OX637749.1 268500000 269000000 377.0
OX637749.1 269000000 269500000 377.0
OX637749.1 269500000 270000000 377.0
OX637749.1 270000000 270500000 377.00069
OX637749.1 270500000 271000000 377.0012
OX637749.1 271000000 271500000 377.0
OX637749.1 271500000 272000000 377.0
OX637749.1 272000000 272500000 377.0
OX637749.1 272500000 273000000 377.0
OX637749.1 273000000 273500000 377.00026
OX637749.1 273500000 274000000 377.0
OX637749.1 274000000 274500000 377.0
OX637749.1 274500000 275000000 377.0
OX637749.1 275000000 275500000 377.0
OX637749.1 275500000 276000000 377.0
OX637749.1 276000000 276500000 377.0
OX637749.1 276500000 277000000 377.0
OX637749.1 277000000 277500000 377.0
OX637749.1 277500000 278000000 377.00075
OX637749.1 278000000 278500000 377.00043
OX637749.1 278500000 279000000 377.00075
OX637749.1 279000000 279500000 376.49092
OX637749.1 279500000 280000000 376.0
OX637749.1 280000000 280500000 376.00059
OX637749.1 280500000 281000000 376.0
OX637749.1 281000000 281500000 376.0
OX637749.1 281500000 282000000 376.3451
OX637749.1 282000000 282500000 377.0
OX637749.1 282500000 283000000 377.0
OX637749.1 283000000 283500000 376.33062
OX637749.1 283500000 284000000 376.00096
OX637749.1 284000000 284500000 376.0
OX637749.1 284500000 285000000 376.0
OX637749.1 285000000 285500000 376.0
OX637749.1 285500000 286000000 375.97768
OX637749.1 286000000 286500000 375.0
OX637749.1 286500000 287000000 375.0
OX637749.1 287000000 287500000 375.0
OX637749.1 287500000 288000000 375.0
OX637749.1 288000000 288500000 375.0
OX637749.1 288500000 289000000 375.00061
OX637749.1 289000000 289500000 375.06642
OX637749.1 289500000 290000000 376.0
OX637749.1 290000000 290500000 376.0
OX637749.1 290500000 291000000 376.0
OX637749.1 291000000 291500000 376.0
OX637749.1 291500000 292000000 376.0
OX637749.1 292000000 292500000 376.0
OX637749.1 292500000 293000000 376.0
OX637749.1 293000000 293500000 376.0
OX637749.1 293500000 294000000 376.0
OX637749.1 294000000 294500000 376.0009
OX637749.1 294500000 295000000 376.00037
OX637749.1 295000000 295500000 376.0
OX637749.1 295500000 296000000 376.0
OX637749.1 296000000 296500000 376.0
OX637749.1 296500000 297000000 376.0
OX637749.1 297000000 297500000 376.0
OX637749.1 297500000 298000000 376.0
OX637749.1 298000000 298500000 376.0
OX637749.1 298500000 299000000 376.0
OX637749.1 299000000 299500000 376.0
OX637749.1 299500000 300000000 376.0
OX637749.1 300000000 300500000 376.00162
OX637749.1 300500000 301000000 376.0
OX637749.1 301000000 301500000 376.0
OX637749.1 301500000 302000000 376.0
OX637749.1 302000000 302500000 376.0
OX637749.1 302500000 303000000 376.0
OX637749.1 303000000 303500000 376.25198
OX637749.1 303500000 304000000 377.0
OX637749.1 304000000 304500000 377.0
OX637749.1 304500000 305000000 377.0
OX637749.1 305000000 305500000 377.0
OX637749.1 305500000 306000000 377.0
OX637749.1 306000000 306500000 377.0
OX637749.1 306500000 307000000 377.0
OX637749.1 307000000 307500000 377.0
OX637749.1 307500000 308000000 377.0
OX637749.1 308000000 308500000 377.0
OX637749.1 308500000 309000000 377.00112
OX637749.1 309000000 309500000 377.0
OX637749.1 309500000 310000000 377.0
OX637749.1 310000000 310500000 376.68794
OX637749.1 310500000 311000000 376.0
OX637749.1 311000000 311500000 376.0
OX637749.1 311500000 312000000 376.50654
OX637749.1 312000000 312500000 377.0
OX637749.1 312500000 313000000 377.0
OX637749.1 313000000 313500000 376.9356
OX637749.1 313500000 314000000 375.53666
OX637749.1 314000000 314500000 375.0
OX637749.1 314500000 315000000 374.98077
OX637749.1 315000000 315500000 374.73008
OX637749.1 315500000 316000000 375.0
OX637749.1 316000000 316500000 375.17738
OX637749.1 316500000 317000000 376.26319
OX637749.1 317000000 317500000 377.00018
OX637749.1 317500000 318000000 377.0
OX637749.1 318000000 318500000 377.0
OX637749.1 318500000 319000000 377.0
OX637749.1 319000000 319500000 377.8151
OX637749.1 319500000 320000000 378.0
OX637749.1 320000000 320500000 378.0
OX637749.1 320500000 321000000 378.0
OX637749.1 321000000 321500000 378.0
OX637749.1 321500000 322000000 378.0
OX637749.1 322000000 322500000 377.18613
OX637749.1 322500000 323000000 377.0
OX637749.1 323000000 323500000 377.0
OX637749.1 323500000 324000000 377.0
OX637749.1 324000000 324500000 377.0
OX637749.1 324500000 325000000 377.5404
OX637749.1 325000000 325500000 376.02336
OX637749.1 325500000 326000000 376.0
OX637749.1 326000000 326500000 376.0
OX637749.1 326500000 327000000 376.0
OX637749.1 327000000 327500000 376.0
OX637749.1 327500000 328000000 376.0
OX637749.1 328000000 328500000 376.0
OX637749.1 328500000 329000000 376.16221
OX637749.1 329000000 329500000 377.0
OX637749.1 329500000 330000000 377.0
OX637749.1 330000000 330500000 377.0
OX637749.1 330500000 331000000 377.0
OX637749.1 331000000 331500000 377.00079
OX637749.1 331500000 332000000 377.0
OX637749.1 332000000 332500000 377.0
OX637749.1 332500000 333000000 377.0
OX637749.1 333000000 333500000 377.0
OX637749.1 333500000 334000000 377.0
OX637749.1 334000000 334500000 377.0
OX637749.1 334500000 335000000 376.26428
OX637749.1 335000000 335500000 376.0
OX637749.1 335500000 336000000 376.0
OX637749.1 336000000 336500000 376.0
OX637749.1 336500000 337000000 376.0
OX637749.1 337000000 337500000 376.0
OX637749.1 337500000 338000000 376.0
OX637749.1 338000000 338500000 376.0
OX637749.1 338500000 339000000 376.0
OX637749.1 339000000 339500000 376.0
OX637749.1 339500000 340000000 376.0
OX637749.1 340000000 340500000 376.0
OX637749.1 340500000 341000000 376.0
OX637749.1 341000000 341500000 376.0
OX637749.1 341500000 342000000 376.0
OX637749.1 342000000 342500000 376.0
OX637749.1 342500000 343000000 376.0
OX637749.1 343000000 343500000 376.0
OX637749.1 343500000 344000000 376.0
OX637749.1 344000000 344500000 376.0
OX637749.1 344500000 345000000 376.0
OX637749.1 345000000 345500000 376.0
OX637749.1 345500000 346000000 376.0
OX637749.1 346000000 346500000 376.0
OX637749.1 346500000 347000000 376.0
OX637749.1 347000000 347500000 376.0
OX637749.1 347500000 348000000 376.0
OX637749.1 348000000 348500000 376.00044
OX637749.1 348500000 349000000 376.0
OX637749.1 349000000 349500000 376.0
OX637749.1 349500000 350000000 376.0
OX637749.1 350000000 350500000 376.0
OX637749.1 350500000 351000000 376.0
OX637749.1 351000000 351500000 376.0
OX637749.1 351500000 352000000 376.0
OX637749.1 352000000 352500000 376.0
OX637749.1 352500000 353000000 376.0
OX637749.1 353000000 353500000 376.0
OX637749.1 353500000 354000000 376.0
OX637749.1 354000000 354500000 376.0
OX637749.1 354500000 355000000 376.00474
OX637749.1 355000000 355500000 376.0
OX637749.1 355500000 356000000 376.0
OX637749.1 356000000 356500000 376.0
OX637749.1 356500000 357000000 376.0
OX637749.1 357000000 357500000 376.0
OX637749.1 357500000 358000000 376.0
OX637749.1 358000000 358500000 375.46277
OX637749.1 358500000 359000000 375.0
OX637749.1 359000000 359500000 375.0
OX637749.1 359500000 360000000 375.0
OX637749.1 360000000 360500000 375.0
OX637749.1 360500000 361000000 375.0
OX637749.1 361000000 361500000 374.44343
OX637749.1 361500000 362000000 374.00049
OX637749.1 362000000 362500000 374.0
OX637749.1 362500000 363000000 374.0
OX637749.1 363000000 363500000 374.0
OX637749.1 363500000 364000000 374.0
OX637749.1 364000000 364500000 374.0
OX637749.1 364500000 365000000 374.0
OX637749.1 365000000 365500000 374.0
OX637749.1 365500000 366000000 374.0
OX637749.1 366000000 366500000 374.0
OX637749.1 366500000 367000000 374.0
OX637749.1 367000000 367500000 374.00023
OX637749.1 367500000 368000000 374.0
OX637749.1 368000000 368500000 374.0
OX637749.1 368500000 369000000 374.0
OX637749.1 369000000 369500000 374.0
OX637749.1 369500000 370000000 374.0
OX637749.1 370000000 370500000 374.0
OX637749.1 370500000 371000000 374.0
OX637749.1 371000000 371500000 374.0
OX637749.1 371500000 372000000 374.0
OX637749.1 372000000 372500000 374.0
OX637749.1 372500000 373000000 374.0
OX637749.1 373000000 373500000 374.0
OX637749.1 373500000 374000000 374.0
OX637749.1 374000000 374500000 374.0
OX637749.1 374500000 375000000 374.0
OX637749.1 375000000 375500000 373.60351
OX637749.1 375500000 376000000 373.0
OX637749.1 376000000 376500000 373.0
OX637749.1 376500000 377000000 373.0
OX637749.1 377000000 377500000 373.0
OX637749.1 377500000 378000000 372.02482
OX637749.1 378000000 378500000 372.0
OX637749.1 378500000 379000000 372.0
OX637749.1 379000000 379500000 372.0
OX637749.1 379500000 380000000 372.0
OX637749.1 380000000 380500000 372.0
OX637749.1 380500000 381000000 372.83803
OX637749.1 381000000 381500000 372.06709
OX637749.1 381500000 382000000 372.0
OX637749.1 382000000 382500000 372.00027
OX637749.1 382500000 383000000 372.0
OX637749.1 383000000 383500000 371.52734
OX637749.1 383500000 384000000 371.00088
OX637749.1 384000000 384500000 370.7367
OX637749.1 384500000 385000000 370.0
OX637749.1 385000000 385500000 370.0
OX637749.1 385500000 386000000 370.0
OX637749.1 386000000 386500000 370.00085
OX637749.1 386500000 387000000 370.0
OX637749.1 387000000 387500000 370.0
OX637749.1 387500000 388000000 370.0
OX637749.1 388000000 388500000 370.0
OX637749.1 388500000 389000000 370.0
OX637749.1 389000000 389500000 370.0
OX637749.1 389500000 390000000 370.0
OX637749.1 390000000 390500000 370.00023
OX637749.1 390500000 391000000 370.492
OX637749.1 391000000 391500000 371.0
OX637749.1 391500000 392000000 371.0
OX637749.1 392000000 392500000 370.10835
OX637749.1 392500000 393000000 370.0
OX637749.1 393000000 393500000 370.00112
OX637749.1 393500000 394000000 370.0
OX637749.1 394000000 394500000 370.0
OX637749.1 394500000 395000000 370.0
OX637749.1 395000000 395500000 370.0
OX637749.1 395500000 396000000 370.0
OX637749.1 396000000 396500000 370.0
OX637749.1 396500000 397000000 370.0007
OX637749.1 397000000 397500000 370.0
OX637749.1 397500000 398000000 370.0
OX637749.1 398000000 398500000 370.0
OX637749.1 398500000 399000000 370.00016
OX637749.1 399000000 399500000 370.0
OX637749.1 399500000 400000000 370.0
OX637749.1 400000000 400500000 370.0
OX637749.1 400500000 401000000 370.0
OX637749.1 401000000 401500000 370.0
OX637749.1 401500000 402000000 370.0
OX637749.1 402000000 402500000 370.0
OX637749.1 402500000 403000000 370.0
OX637749.1 403000000 403500000 370.0
OX637749.1 403500000 404000000 369.94593
OX637749.1 404000000 404500000 369.0
OX637749.1 404500000 405000000 369.0
OX637749.1 405000000 405500000 369.0
OX637749.1 405500000 406000000 369.0
OX637749.1 406000000 406500000 368.30527
OX637749.1 406500000 407000000 368.0
OX637749.1 407000000 407500000 368.00043
OX637749.1 407500000 408000000 368.0
OX637749.1 408000000 408500000 368.0
OX637749.1 408500000 409000000 368.00126
OX637749.1 409000000 409500000 368.0006
OX637749.1 409500000 410000000 368.0
OX637749.1 410000000 410500000 368.0
OX637749.1 410500000 411000000 368.0
OX637749.1 411000000 411500000 368.00072
OX637749.1 411500000 412000000 368.0
OX637749.1 412000000 412500000 368.11246
OX637749.1 412500000 413000000 369.0
OX637749.1 413000000 413500000 369.0002
OX637749.1 413500000 414000000 369.0
OX637749.1 414000000 414500000 369.0
OX637749.1 414500000 415000000 369.0
OX637749.1 415000000 415500000 369.0
OX637749.1 415500000 416000000 369.0
OX637749.1 416000000 416500000 369.0
OX637749.1 416500000 417000000 369.0
OX637749.1 417000000 417500000 369.0
OX637749.1 417500000 418000000 369.0
OX637749.1 418000000 418500000 369.0
OX637749.1 418500000 419000000 369.0
OX637749.1 419000000 419500000 369.0
OX637749.1 419500000 420000000 369.0
OX637749.1 420000000 420500000 369.0
OX637749.1 420500000 421000000 369.0
OX637749.1 421000000 421500000 369.0
OX637749.1 421500000 422000000 369.0
OX637749.1 422000000 422500000 369.0
OX637749.1 422500000 423000000 369.0
OX637749.1 423000000 423500000 368.45527
OX637749.1 423500000 424000000 368.0
OX637749.1 424000000 424500000 368.0
OX637749.1 424500000 425000000 368.0
OX637749.1 425000000 425500000 368.0
OX637749.1 425500000 426000000 368.0
OX637749.1 426000000 426500000 368.0
OX637749.1 426500000 427000000 367.9623
OX637749.1 427000000 427500000 367.0
OX637749.1 427500000 428000000 367.0
OX637749.1 428000000 428500000 367.0
OX637749.1 428500000 429000000 367.0
OX637749.1 429000000 429500000 367.0
OX637749.1 429500000 430000000 367.00021
OX637749.1 430000000 430500000 366.84584
OX637749.1 430500000 431000000 366.0
OX637749.1 431000000 431500000 366.0
OX637749.1 431500000 432000000 366.0
OX637749.1 432000000 432500000 366.0
OX637749.1 432500000 433000000 366.0
OX637749.1 433000000 433500000 366.0
OX637749.1 433500000 434000000 366.0
OX637749.1 434000000 434500000 366.0
OX637749.1 434500000 435000000 366.0
OX637749.1 435000000 435500000 366.0
OX637749.1 435500000 436000000 366.0
OX637749.1 436000000 436500000 366.0
OX637749.1 436500000 437000000 366.0
OX637749.1 437000000 437500000 366.00062
OX637749.1 437500000 438000000 366.0
OX637749.1 438000000 438500000 366.0
OX637749.1 438500000 439000000 366.0
OX637749.1 439000000 439500000 365.24341
OX637749.1 439500000 440000000 365.0
OX637749.1 440000000 440500000 365.0
OX637749.1 440500000 441000000 365.0
OX637749.1 441000000 441500000 365.0
OX637749.1 441500000 442000000 365.0
OX637749.1 442000000 442500000 365.0
OX637749.1 442500000 443000000 365.0
OX637749.1 443000000 443500000 365.0
OX637749.1 443500000 444000000 365.0
OX637749.1 444000000 444500000 365.0
OX637749.1 444500000 445000000 365.0
OX637749.1 445000000 445500000 365.0
OX637749.1 445500000 446000000 365.0
OX637749.1 446000000 446500000 365.0
OX637749.1 446500000 447000000 365.0
OX637749.1 447000000 447500000 363.88668
OX637749.1 447500000 448000000 363.0
OX637749.1 448000000 448500000 363.0
OX637749.1 448500000 449000000 362.36706
OX637749.1 449000000 449500000 362.0
OX637749.1 449500000 450000000 362.0
OX637749.1 450000000 450500000 362.0
OX637749.1 450500000 451000000 362.0
OX637749.1 451000000 451500000 362.0
OX637749.1 451500000 452000000 362.0
OX637749.1 452000000 452500000 362.0
OX637749.1 452500000 453000000 362.0
OX637749.1 453000000 453500000 362.0
OX637749.1 453500000 454000000 362.0
OX637749.1 454000000 454500000 362.0
OX637749.1 454500000 455000000 362.0
OX637749.1 455000000 455500000 362.0
OX637749.1 455500000 456000000 362.0
OX637749.1 456000000 456500000 362.0
OX637749.1 456500000 457000000 362.0
OX637749.1 457000000 457500000 362.0
OX637749.1 457500000 458000000 362.0
OX637749.1 458000000 458500000 362.0
OX637749.1 458500000 459000000 362.0
OX637749.1 459000000 459500000 361.8437
OX637749.1 459500000 460000000 361.0
OX637749.1 460000000 460500000 361.0
OX637749.1 460500000 461000000 361.0
OX637749.1 461000000 461500000 361.0
OX637749.1 461500000 462000000 361.0
OX637749.1 462000000 462500000 361.0
OX637749.1 462500000 463000000 361.0
OX637749.1 463000000 463500000 361.0
OX637749.1 463500000 464000000 361.0
OX637749.1 464000000 464500000 361.0
OX637749.1 464500000 465000000 361.0
OX637749.1 465000000 465500000 361.0
OX637749.1 465500000 466000000 361.0
OX637749.1 466000000 466500000 361.0
OX637749.1 466500000 467000000 361.0
OX637749.1 467000000 467500000 361.0
OX637749.1 467500000 468000000 361.0
OX637749.1 468000000 468500000 361.0
OX637749.1 468500000 469000000 361.0
OX637749.1 469000000 469500000 361.0
OX637749.1 469500000 470000000 361.0
OX637749.1 470000000 470500000 361.0
OX637749.1 470500000 471000000 361.0
OX637749.1 471000000 471500000 361.0
OX637749.1 471500000 472000000 361.0
OX637749.1 472000000 472500000 361.0
OX637749.1 472500000 473000000 361.0
OX637749.1 473000000 473500000 361.0
OX637749.1 473500000 474000000 361.0
OX637749.1 474000000 474500000 361.0
OX637749.1 474500000 475000000 361.0003
OX637749.1 475000000 475500000 361.00088
OX637749.1 475500000 476000000 361.33921
OX637749.1 476000000 476500000 362.0
OX637749.1 476500000 477000000 362.0
OX637749.1 477000000 477500000 362.0
OX637749.1 477500000 478000000 362.0
OX637749.1 478000000 478500000 362.0
OX637749.1 478500000 479000000 362.0
OX637749.1 479000000 479500000 362.0
OX637749.1 479500000 480000000 362.0
OX637749.1 480000000 480500000 362.0
OX637749.1 480500000 481000000 362.0
OX637749.1 481000000 481500000 362.0
OX637749.1 481500000 482000000 362.0
OX637749.1 482000000 482500000 362.0
OX637749.1 482500000 483000000 362.0
OX637749.1 483000000 483500000 362.0
OX637749.1 483500000 484000000 362.0
OX637749.1 484000000 484500000 362.0
OX637749.1 484500000 485000000 361.83889
OX637749.1 485000000 485500000 361.0
OX637749.1 485500000 486000000 361.0
OX637749.1 486000000 486500000 361.0
OX637749.1 486500000 487000000 361.00111
OX637749.1 487000000 487500000 361.80874
OX637749.1 487500000 488000000 362.0
OX637749.1 488000000 488500000 361.92047
OX637749.1 488500000 489000000 360.21533
OX637749.1 489000000 489500000 360.0
OX637749.1 489500000 490000000 360.0
OX637749.1 490000000 490500000 360.0
OX637749.1 490500000 491000000 360.0
OX637749.1 491000000 491500000 360.0
OX637749.1 491500000 492000000 360.70391
OX637749.1 492000000 492500000 361.0
OX637749.1 492500000 493000000 361.0
OX637749.1 493000000 493500000 361.0
OX637749.1 493500000 494000000 361.0
OX637749.1 494000000 494500000 361.0
OX637749.1 494500000 495000000 361.0
OX637749.1 495000000 495500000 361.0
OX637749.1 495500000 496000000 361.0
OX637749.1 496000000 496500000 361.0
OX637749.1 496500000 497000000 361.0
OX637749.1 497000000 497500000 361.0
OX637749.1 497500000 498000000 361.0
OX637749.1 498000000 498500000 361.0
OX637749.1 498500000 499000000 360.30954
OX637749.1 499000000 499500000 360.0
OX637749.1 499500000 500000000 360.0
OX637749.1 500000000 500500000 360.0
OX637749.1 500500000 501000000 360.0
OX637749.1 501000000 501500000 360.00048
OX637749.1 501500000 502000000 359.79508
OX637749.1 502000000 502500000 359.0
OX637749.1 502500000 503000000 359.0
OX637749.1 503000000 503500000 359.0
OX637749.1 503500000 504000000 359.0
OX637749.1 504000000 504500000 359.0
OX637749.1 504500000 505000000 359.0
OX637749.1 505000000 505500000 359.0
OX637749.1 505500000 506000000 359.0
OX637749.1 506000000 506500000 359.0
OX637749.1 506500000 507000000 359.0
OX637749.1 507000000 507500000 359.0
OX637749.1 507500000 508000000 359.0
OX637749.1 508000000 508500000 358.02331
OX637749.1 508500000 509000000 357.12036
OX637749.1 509000000 509500000 356.00073
OX637749.1 509500000 510000000 356.0
OX637749.1 510000000 510500000 355.52259
OX637749.1 510500000 511000000 355.0
OX637749.1 511000000 511500000 355.0
OX637749.1 511500000 512000000 355.0
OX637749.1 512000000 512500000 354.00096
OX637749.1 512500000 513000000 354.0
OX637749.1 513000000 513500000 354.0
OX637749.1 513500000 514000000 354.0
OX637749.1 514000000 514500000 354.0
OX637749.1 514500000 515000000 354.0
OX637749.1 515000000 515500000 354.0
OX637749.1 515500000 516000000 354.0
OX637749.1 516000000 516500000 354.0
OX637749.1 516500000 517000000 354.0
OX637749.1 517000000 517500000 354.0
OX637749.1 517500000 518000000 354.0016
OX637749.1 518000000 518500000 354.0
OX637749.1 518500000 519000000 354.0
OX637749.1 519000000 519500000 354.20536
OX637749.1 519500000 520000000 354.59668
OX637749.1 520000000 520500000 354.0
OX637749.1 520500000 521000000 354.0
OX637749.1 521000000 521500000 354.0
OX637749.1 521500000 522000000 354.0
OX637749.1 522000000 522500000 354.0
OX637749.1 522500000 523000000 354.0
OX637749.1 523000000 523500000 353.09958
OX637749.1 523500000 524000000 353.0
OX637749.1 524000000 524500000 353.0
OX637749.1 524500000 525000000 352.26066
OX637749.1 525000000 525500000 352.00048
OX637749.1 525500000 526000000 352.0
OX637749.1 526000000 526500000 352.0
OX637749.1 526500000 527000000 352.0
OX637749.1 527000000 527500000 352.0
OX637749.1 527500000 528000000 352.0
OX637749.1 528000000 528500000 351.01223
OX637749.1 528500000 529000000 351.0
OX637749.1 529000000 529500000 351.0
OX637749.1 529500000 530000000 350.97778
OX637749.1 530000000 530500000 350.0
OX637749.1 530500000 531000000 350.0
OX637749.1 531000000 531500000 350.0
OX637749.1 531500000 532000000 350.0
OX637749.1 532000000 532500000 350.0
OX637749.1 532500000 533000000 350.0
OX637749.1 533000000 533500000 350.0
OX637749.1 533500000 534000000 350.0
OX637749.1 534000000 534500000 350.0
OX637749.1 534500000 535000000 350.0
OX637749.1 535000000 535500000 350.0
OX637749.1 535500000 536000000 350.00093
OX637749.1 536000000 536500000 350.0
OX637749.1 536500000 537000000 350.0
OX637749.1 537000000 537500000 350.0
OX637749.1 537500000 538000000 349.19846
OX637749.1 538000000 538500000 349.0
OX637749.1 538500000 539000000 349.00083
OX637749.1 539000000 539500000 349.0
OX637749.1 539500000 540000000 349.0
OX637749.1 540000000 540500000 349.0
OX637749.1 540500000 541000000 349.0
OX637749.1 541000000 541500000 349.0
OX637749.1 541500000 542000000 349.0
OX637749.1 542000000 542500000 349.0
OX637749.1 542500000 543000000 349.00055
OX637749.1 543000000 543500000 349.0
OX637749.1 543500000 544000000 349.0
OX637749.1 544000000 544500000 349.0
OX637749.1 544500000 545000000 349.0
OX637749.1 545000000 545500000 349.0
OX637749.1 545500000 546000000 349.0
OX637749.1 546000000 546500000 349.0
OX637749.1 546500000 547000000 349.00021
OX637749.1 547000000 547500000 349.00022
OX637749.1 547500000 548000000 349.0
OX637749.1 548000000 548500000 349.0
OX637749.1 548500000 549000000 349.0
OX637749.1 549000000 549500000 349.0
OX637749.1 549500000 550000000 348.94068
OX637749.1 550000000 550500000 348.00066
OX637749.1 550500000 551000000 348.0
OX637749.1 551000000 551500000 348.0
OX637749.1 551500000 552000000 348.0
OX637749.1 552000000 552500000 348.0
OX637749.1 552500000 553000000 348.0
OX637749.1 553000000 553500000 348.0
OX637749.1 553500000 554000000 348.0
OX637749.1 554000000 554500000 348.0
OX637749.1 554500000 555000000 348.0
OX637749.1 555000000 555500000 347.91926
OX637749.1 555500000 556000000 346.10426
OX637749.1 556000000 556500000 346.00019
OX637749.1 556500000 557000000 346.0
OX637749.1 557000000 557500000 346.0
OX637749.1 557500000 558000000 346.00019
OX637749.1 558000000 558500000 345.68727
OX637749.1 558500000 559000000 345.16835
OX637749.1 559000000 559500000 346.0
OX637749.1 559500000 560000000 346.0
OX637749.1 560000000 560500000 345.33344
OX637749.1 560500000 561000000 345.0
OX637749.1 561000000 561500000 344.12565
OX637749.1 561500000 562000000 344.0
OX637749.1 562000000 562500000 344.0
OX637749.1 562500000 563000000 343.37808
OX637749.1 563000000 563500000 343.0
OX637749.1 563500000 564000000 342.606
OX637749.1 564000000 564500000 342.00065
OX637749.1 564500000 565000000 342.0
OX637749.1 565000000 565500000 341.99511
OX637749.1 565500000 566000000 340.37996
OX637749.1 566000000 566500000 340.0
OX637749.1 566500000 567000000 340.0
OX637749.1 567000000 567500000 340.0
OX637749.1 567500000 568000000 340.0
OX637749.1 568000000 568500000 340.0
OX637749.1 568500000 569000000 340.0
OX637749.1 569000000 569500000 340.0
OX637749.1 569500000 570000000 340.0
OX637749.1 570000000 570500000 340.0
OX637749.1 570500000 571000000 339.27699
OX637749.1 571000000 571500000 339.0
OX637749.1 571500000 572000000 339.0
OX637749.1 572000000 572500000 339.0
OX637749.1 572500000 573000000 338.41566
OX637749.1 573000000 573500000 338.0
OX637749.1 573500000 574000000 338.0
OX637749.1 574000000 574500000 338.0
OX637749.1 574500000 575000000 338.0
OX637749.1 575000000 575500000 338.00028
OX637749.1 575500000 576000000 338.0
OX637749.1 576000000 576500000 338.0
OX637749.1 576500000 577000000 338.0
OX637749.1 577000000 577500000 338.0
OX637749.1 577500000 578000000 338.0
OX637749.1 578000000 578500000 338.0
OX637749.1 578500000 579000000 338.0
OX637749.1 579000000 579500000 337.47398
OX637749.1 579500000 580000000 337.0
OX637749.1 580000000 580500000 337.0
OX637749.1 580500000 581000000 335.52365
OX637749.1 581000000 581500000 335.0
OX637749.1 581500000 582000000 335.0004
OX637749.1 582000000 582500000 335.0
OX637749.1 582500000 583000000 334.44889
OX637749.1 583000000 583500000 334.0
OX637749.1 583500000 584000000 334.0
OX637749.1 584000000 584500000 334.0
OX637749.1 584500000 585000000 334.56235
OX637749.1 585000000 585500000 335.0
OX637749.1 585500000 586000000 334.63942
OX637749.1 586000000 586500000 334.0
OX637749.1 586500000 587000000 334.0
OX637749.1 587000000 587500000 334.0
OX637749.1 587500000 588000000 334.00075
OX637749.1 588000000 588500000 334.0
OX637749.1 588500000 589000000 333.04099
OX637749.1 589000000 589500000 332.83833
OX637749.1 589500000 590000000 332.0
OX637749.1 590000000 590500000 332.0002
OX637749.1 590500000 591000000 332.0
OX637749.1 591000000 591500000 332.0
OX637749.1 591500000 592000000 331.57326
OX637749.1 592000000 592500000 331.0
OX637749.1 592500000 593000000 330.45259
OX637749.1 593000000 593500000 330.0
OX637749.1 593500000 594000000 330.0
OX637749.1 594000000 594500000 330.00117
OX637749.1 594500000 595000000 329.35036
OX637749.1 595000000 595500000 329.00052
OX637749.1 595500000 596000000 328.31622
OX637749.1 596000000 596500000 327.13306
OX637749.1 596500000 597000000 327.0
OX637749.1 597000000 597500000 327.0
OX637749.1 597500000 598000000 326.35504
OX637749.1 598000000 598500000 326.0
OX637749.1 598500000 599000000 325.13752
OX637749.1 599000000 599500000 324.39558
OX637749.1 599500000 600000000 323.17165
OX637749.1 600000000 600500000 323.0
OX637749.1 600500000 601000000 323.0
OX637749.1 601000000 601500000 323.90735
OX637749.1 601500000 602000000 324.0
OX637749.1 602000000 602500000 324.0
OX637749.1 602500000 603000000 324.0
OX637749.1 603000000 603500000 323.78981
OX637749.1 603500000 604000000 323.0
OX637749.1 604000000 604500000 323.0
OX637749.1 604500000 605000000 323.0
OX637749.1 605000000 605500000 322.96233
OX637749.1 605500000 606000000 322.00098
OX637749.1 606000000 606500000 322.0
OX637749.1 606500000 607000000 322.0
OX637749.1 607000000 607500000 322.0
OX637749.1 607500000 608000000 322.0
OX637749.1 608000000 608500000 322.96656
OX637749.1 608500000 609000000 323.0
OX637749.1 609000000 609500000 323.0
OX637749.1 609500000 610000000 323.0
OX637749.1 610000000 610500000 323.0
OX637749.1 610500000 611000000 322.24231
OX637749.1 611000000 611500000 321.49433
OX637749.1 611500000 612000000 321.00018
OX637749.1 612000000 612500000 320.08681
OX637749.1 612500000 613000000 320.0
OX637749.1 613000000 613500000 319.49232
OX637749.1 613500000 614000000 319.00104
OX637749.1 614000000 614500000 319.0
OX637749.1 614500000 615000000 319.0
OX637749.1 615000000 615500000 319.0
OX637749.1 615500000 616000000 319.0
OX637749.1 616000000 616500000 319.00074
OX637749.1 616500000 617000000 319.0
OX637749.1 617000000 617500000 318.9622
OX637749.1 617500000 618000000 318.75391
OX637749.1 618000000 618500000 319.0
OX637749.1 618500000 619000000 319.0
OX637749.1 619000000 619500000 319.0
OX637749.1 619500000 620000000 319.0
OX637749.1 620000000 620500000 319.0
OX637749.1 620500000 621000000 319.0
OX637749.1 621000000 621500000 319.0
OX637749.1 621500000 622000000 319.0
OX637749.1 622000000 622500000 318.54903
OX637749.1 622500000 623000000 318.0
OX637749.1 623000000 623500000 318.00055
OX637749.1 623500000 624000000 318.0
OX637749.1 624000000 624500000 318.0
OX637749.1 624500000 625000000 318.0
OX637749.1 625000000 625500000 318.0
OX637749.1 625500000 626000000 317.80038
OX637749.1 626000000 626500000 316.3822
OX637749.1 626500000 627000000 315.57881
OX637749.1 627000000 627500000 314.98671
OX637749.1 627500000 628000000 313.48661
OX637749.1 628000000 628500000 313.0
OX637749.1 628500000 629000000 313.00082
OX637749.1 629000000 629500000 313.0
OX637749.1 629500000 630000000 313.0
OX637749.1 630000000 630500000 313.0
OX637749.1 630500000 631000000 313.0
OX637749.1 631000000 631500000 313.0
OX637749.1 631500000 632000000 313.00047
OX637749.1 632000000 632500000 313.0
OX637749.1 632500000 633000000 313.0
OX637749.1 633000000 633500000 313.0
OX637749.1 633500000 634000000 312.13944
OX637749.1 634000000 634500000 311.98215
OX637749.1 634500000 635000000 311.0
OX637749.1 635000000 635500000 310.61028
OX637749.1 635500000 636000000 308.30036
OX637749.1 636000000 636500000 308.0
OX637749.1 636500000 637000000 308.0
OX637749.1 637000000 637500000 307.54255
OX637749.1 637500000 638000000 305.91149
OX637749.1 638000000 638500000 305.0
OX637749.1 638500000 639000000 305.0
OX637749.1 639000000 639500000 305.0
OX637749.1 639500000 640000000 305.0
OX637749.1 640000000 640500000 304.20074
OX637749.1 640500000 641000000 304.00095
OX637749.1 641000000 641500000 304.0
OX637749.1 641500000 642000000 303.71994
OX637749.1 642000000 642500000 303.0
OX637749.1 642500000 643000000 303.00029
OX637749.1 643000000 643500000 302.51964
OX637749.1 643500000 644000000 302.0
OX637749.1 644000000 644500000 301.26906
OX637749.1 644500000 645000000 300.17342
OX637749.1 645000000 645500000 300.0
OX637749.1 645500000 646000000 298.99881
OX637749.1 646000000 646500000 298.0
OX637749.1 646500000 647000000 298.0
OX637749.1 647000000 647500000 297.22428
OX637749.1 647500000 648000000 297.0
OX637749.1 648000000 648500000 297.0
OX637749.1 648500000 649000000 295.57454
OX637749.1 649000000 649500000 295.0
OX637749.1 649500000 650000000 295.0
OX637749.1 650000000 650500000 295.0
OX637749.1 650500000 651000000 294.9987
OX637749.1 651000000 651500000 293.74883
OX637749.1 651500000 652000000 291.54066
OX637749.1 652000000 652500000 290.87857
OX637749.1 652500000 653000000 289.23008
OX637749.1 653000000 653500000 288.9215
OX637749.1 653500000 654000000 288.0
OX637749.1 654000000 654500000 288.61243
OX637749.1 654500000 655000000 289.0
OX637749.1 655000000 655500000 287.56333
OX637749.1 655500000 656000000 284.20483
OX637749.1 656000000 656500000 282.22472
OX637749.1 656500000 657000000 281.34144
OX637749.1 657000000 657500000 280.75614
OX637749.1 657500000 658000000 278.78202
OX637749.1 658000000 658500000 278.0
OX637749.1 658500000 659000000 278.0
OX637749.1 659000000 659500000 278.0
OX637749.1 659500000 660000000 278.0
OX637749.1 660000000 660500000 278.0
OX637749.1 660500000 661000000 277.35407
OX637749.1 661000000 661500000 277.0
OX637749.1 661500000 662000000 275.76975
OX637749.1 662000000 662500000 274.64066
OX637749.1 662500000 663000000 272.0
OX637749.1 663000000 663500000 272.0
OX637749.1 663500000 664000000 272.0
OX637749.1 664000000 664500000 272.0
OX637749.1 664500000 665000000 272.0
OX637749.1 665000000 665500000 272.0
OX637749.1 665500000 666000000 272.0
OX637749.1 666000000 666500000 272.0
OX637749.1 666500000 667000000 271.61437
OX637749.1 667000000 667500000 269.57352
OX637749.1 667500000 668000000 268.51732
OX637749.1 668000000 668500000 268.0
OX637749.1 668500000 669000000 268.0
OX637749.1 669000000 669500000 268.00045
OX637749.1 669500000 670000000 267.02597
OX637749.1 670000000 670500000 265.00019
OX637749.1 670500000 671000000 264.48896
OX637749.1 671000000 671500000 263.51505
OX637749.1 671500000 672000000 262.0727
OX637749.1 672000000 672500000 260.86745
OX637749.1 672500000 673000000 260.0
OX637749.1 673000000 673500000 259.53767
OX637749.1 673500000 674000000 259.0
OX637749.1 674000000 674500000 259.0
OX637749.1 674500000 675000000 258.24256
OX637749.1 675000000 675500000 256.932
OX637749.1 675500000 676000000 256.0
OX637749.1 676000000 676500000 256.0
OX637749.1 676500000 677000000 253.93855
OX637749.1 677000000 677500000 251.7659
OX637749.1 677500000 678000000 250.28604
OX637749.1 678000000 678500000 249.0
OX637749.1 678500000 679000000 249.0
OX637749.1 679000000 679500000 248.09045
OX637749.1 679500000 680000000 247.34221
OX637749.1 680000000 680500000 247.0
OX637749.1 680500000 681000000 246.58472
OX637749.1 681000000 681500000 245.73956
OX637749.1 681500000 682000000 244.74352
OX637749.1 682000000 682500000 243.52099
OX637749.1 682500000 683000000 242.9272
OX637749.1 683000000 683500000 240.04138
OX637749.1 683500000 684000000 240.0
OX637749.1 684000000 684500000 239.75042
OX637749.1 684500000 685000000 238.24698
OX637749.1 685000000 685500000 238.0
OX637749.1 685500000 686000000 237.19144
OX637749.1 686000000 686500000 234.96635
OX637749.1 686500000 687000000 232.42972
OX637749.1 687000000 687500000 232.0
OX637749.1 687500000 688000000 232.0
OX637749.1 688000000 688500000 232.0
OX637749.1 688500000 689000000 232.0
OX637749.1 689000000 689500000 231.45606
OX637749.1 689500000 690000000 231.0
OX637749.1 690000000 690500000 229.94223
OX637749.1 690500000 691000000 229.00024
OX637749.1 691000000 691500000 228.5267
OX637749.1 691500000 692000000 228.0
OX637749.1 692000000 692500000 227.66705
OX637749.1 692500000 693000000 224.99079
OX637749.1 693000000 693500000 223.14698
OX637749.1 693500000 694000000 222.32068
OX637749.1 694000000 694500000 221.0
OX637749.1 694500000 695000000 220.00438
OX637749.1 695000000 695500000 218.58519
OX637749.1 695500000 696000000 217.0
OX637749.1 696000000 696500000 213.09395
OX637749.1 696500000 697000000 211.90156
OX637749.1 697000000 697500000 210.8277
OX637749.1 697500000 698000000 210.0
OX637749.1 698000000 698500000 209.50078
OX637749.1 698500000 699000000 208.10254
OX637749.1 699000000 699500000 207.17384
OX637749.1 699500000 700000000 206.66883
OX637749.1 700000000 700500000 203.51657
OX637749.1 700500000 701000000 201.55193
OX637749.1 701000000 701500000 199.11716
OX637749.1 701500000 702000000 197.28997
OX637749.1 702000000 702500000 191.09502
OX637749.1 702500000 703000000 187.59107
OX637749.1 703000000 703500000 184.46611
OX637749.1 703500000 704000000 181.74475
OX637749.1 704000000 704500000 179.58478
OX637749.1 704500000 705000000 176.63905
OX637749.1 705000000 705500000 174.43903
OX637749.1 705500000 706000000 173.58207
OX637749.1 706000000 706500000 171.42954
OX637749.1 706500000 707000000 168.82592
OX637749.1 707000000 707500000 167.42069
OX637749.1 707500000 708000000 164.30045
OX637749.1 708000000 708500000 159.76311
OX637749.1 708500000 709000000 155.27502
OX637749.1 709000000 709500000 152.57793
OX637749.1 709500000 710000000 149.77431
OX637749.1 710000000 710500000 146.6252
OX637749.1 710500000 711000000 144.84188
OX637749.1 711000000 711500000 139.82312
OX637749.1 711500000 712000000 134.44826
OX637749.1 712000000 712500000 128.80646
OX637749.1 712500000 713000000 127.27788
OX637749.1 713000000 713500000 121.95659
OX637749.1 713500000 714000000 118.35438
OX637749.1 714000000 714500000 115.04019
OX637749.1 714500000 715000000 111.5738
OX637749.1 715000000 715500000 108.24661
OX637749.1 715500000 716000000 105.94511
OX637749.1 716000000 716500000 99.9567
OX637749.1 716500000 717000000 93.65847
OX637749.1 717000000 717500000 90.57896
OX637749.1 717500000 718000000 87.29519
OX637749.1 718000000 718500000 86.50418
OX637749.1 718500000 719000000 82.54306
OX637749.1 719000000 719500000 77.10866
OX637749.1 719500000 720000000 71.30196
OX637749.1 720000000 720500000 64.89004
OX637749.1 720500000 721000000 59.19758
OX637749.1 721000000 721500000 53.50902
OX637749.1 721500000 722000000 47.80393
OX637749.1 722000000 722500000 42.28771
OX637749.1 722500000 723000000 34.07689
OX637749.1 723000000 723500000 28.49471
OX637749.1 723500000 724000000 27.0
OX637749.1 724000000 724500000 27.0
OX637749.1 724500000 725000000 27.0
OX637749.1 725000000 725500000 27.0
OX637749.1 725500000 726000000 27.0
OX637749.1 726000000 726500000 27.0
OX637749.1 726500000 727000000 26.58423
OX637749.1 727000000 727500000 18.45306
OX637749.1 727500000 728000000 13.02671
OX637749.1 728000000 728500000 5.71235
OX637749.1 728500000 729000000 1.55682
OX637749.1 729000000 729500000 1.0
OX637749.1 729500000 730000000 1.0
OX637749.1 730000000 730500000 1.0
OX637749.1 730500000 731000000 0.79606
OX637749.1 731000000 731176521 0.0
OX637756.1 0 500000 0.0
OX637756.1 500000 1000000 0.0
OX637756.1 1000000 1500000 0.0
OX637756.1 1500000 2000000 0.70876
OX637756.1 2000000 2500000 5.41697
OX637756.1 2500000 3000000 8.82914
OX637756.1 3000000 3500000 10.81275
OX637756.1 3500000 4000000 19.00838
OX637756.1 4000000 4500000 25.59627
OX637756.1 4500000 5000000 27.0
OX637756.1 5000000 5500000 29.90858
OX637756.1 5500000 6000000 37.71999
OX637756.1 6000000 6500000 42.3439
OX637756.1 6500000 7000000 46.28687
OX637756.1 7000000 7500000 53.18641
OX637756.1 7500000 8000000 56.57333
OX637756.1 8000000 8500000 63.1965
OX637756.1 8500000 9000000 65.1743
OX637756.1 9000000 9500000 70.94666
OX637756.1 9500000 10000000 75.0
OX637756.1 10000000 10500000 75.84772
OX637756.1 10500000 11000000 82.18327
OX637756.1 11000000 11500000 86.27815
OX637756.1 11500000 12000000 92.76066
OX637756.1 12000000 12500000 94.82744
OX637756.1 12500000 13000000 95.71275
OX637756.1 13000000 13500000 98.21087
OX637756.1 13500000 14000000 99.63602
OX637756.1 14000000 14500000 102.77121
OX637756.1 14500000 15000000 104.0
OX637756.1 15000000 15500000 104.55109
OX637756.1 15500000 16000000 107.62647
OX637756.1 16000000 16500000 110.0
OX637756.1 16500000 17000000 110.91834
OX637756.1 17000000 17500000 111.67744
OX637756.1 17500000 18000000 117.57502
OX637756.1 18000000 18500000 118.0
OX637756.1 18500000 19000000 119.52262
OX637756.1 19000000 19500000 125.70007
OX637756.1 19500000 20000000 127.15218
OX637756.1 20000000 20500000 129.45933
OX637756.1 20500000 21000000 134.38642
OX637756.1 21000000 21500000 137.30855
OX637756.1 21500000 22000000 141.01753
OX637756.1 22000000 22500000 143.0
OX637756.1 22500000 23000000 145.96259
OX637756.1 23000000 23500000 149.43613
OX637756.1 23500000 24000000 151.96345
OX637756.1 24000000 24500000 154.17444
OX637756.1 24500000 25000000 155.06228
OX637756.1 25000000 25500000 156.0
OX637756.1 25500000 26000000 158.26623
OX637756.1 26000000 26500000 160.14435
OX637756.1 26500000 27000000 161.0
OX637756.1 27000000 27500000 161.44104
OX637756.1 27500000 28000000 163.48305
OX637756.1 28000000 28500000 164.0
OX637756.1 28500000 29000000 164.41798
OX637756.1 29000000 29500000 165.88366
OX637756.1 29500000 30000000 167.77341
OX637756.1 30000000 30500000 168.95564
OX637756.1 30500000 31000000 170.70254
OX637756.1 31000000 31500000 171.0
OX637756.1 31500000 32000000 172.47667
OX637756.1 32000000 32500000 173.73603
OX637756.1 32500000 33000000 174.0
OX637756.1 33000000 33500000 174.6862
OX637756.1 33500000 34000000 175.78251
OX637756.1 34000000 34500000 176.0
OX637756.1 34500000 35000000 176.0
OX637756.1 35000000 35500000 176.0
OX637756.1 35500000 36000000 176.42461
OX637756.1 36000000 36500000 177.0
OX637756.1 36500000 37000000 177.5923
OX637756.1 37000000 37500000 179.23253
OX637756.1 37500000 38000000 180.0
OX637756.1 38000000 38500000 181.25386
OX637756.1 38500000 39000000 183.0
OX637756.1 39000000 39500000 183.69237
OX637756.1 39500000 40000000 184.0
OX637756.1 40000000 40500000 184.81311
OX637756.1 40500000 41000000 185.0
OX637756.1 41000000 41500000 185.0
OX637756.1 41500000 42000000 185.0
OX637756.1 42000000 42500000 185.0
OX637756.1 42500000 43000000 185.02038
OX637756.1 43000000 43500000 186.84723
OX637756.1 43500000 44000000 187.0
OX637756.1 44000000 44500000 188.05217
OX637756.1 44500000 45000000 190.0
OX637756.1 45000000 45500000 190.15503
OX637756.1 45500000 46000000 191.0
OX637756.1 46000000 46500000 191.06383
OX637756.1 46500000 47000000 192.0
OX637756.1 47000000 47500000 192.0
OX637756.1 47500000 48000000 192.56462
OX637756.1 48000000 48500000 193.0
OX637756.1 48500000 49000000 193.0
OX637756.1 49000000 49500000 193.0
OX637756.1 49500000 50000000 193.71042
OX637756.1 50000000 50500000 194.0
OX637756.1 50500000 51000000 194.0
OX637756.1 51000000 51500000 194.68878
OX637756.1 51500000 52000000 196.0
OX637756.1 52000000 52500000 196.4142
OX637756.1 52500000 53000000 197.0
OX637756.1 53000000 53500000 197.0
OX637756.1 53500000 54000000 197.0
OX637756.1 54000000 54500000 197.0
OX637756.1 54500000 55000000 197.0
OX637756.1 55000000 55500000 198.16237
OX637756.1 55500000 56000000 199.00039
OX637756.1 56000000 56500000 199.0
OX637756.1 56500000 57000000 199.06249
OX637756.1 57000000 57500000 201.04659
OX637756.1 57500000 58000000 203.0
OX637756.1 58000000 58500000 203.0
OX637756.1 58500000 59000000 203.0
OX637756.1 59000000 59500000 203.05816
OX637756.1 59500000 60000000 204.0
OX637756.1 60000000 60500000 204.42521
OX637756.1 60500000 61000000 206.27178
OX637756.1 61000000 61500000 207.0
OX637756.1 61500000 62000000 207.0
OX637756.1 62000000 62500000 207.0
OX637756.1 62500000 63000000 207.30717
OX637756.1 63000000 63500000 208.0
OX637756.1 63500000 64000000 208.0
OX637756.1 64000000 64500000 208.32298
OX637756.1 64500000 65000000 210.0
OX637756.1 65000000 65500000 210.0
OX637756.1 65500000 66000000 210.0
OX637756.1 66000000 66500000 210.22764
OX637756.1 66500000 67000000 211.0
OX637756.1 67000000 67500000 211.0
OX637756.1 67500000 68000000 211.74965
OX637756.1 68000000 68500000 212.0
OX637756.1 68500000 69000000 212.00049
OX637756.1 69000000 69500000 212.0
OX637756.1 69500000 70000000 212.0
OX637756.1 70000000 70500000 212.0
OX637756.1 70500000 71000000 212.0
OX637756.1 71000000 71500000 212.0
OX637756.1 71500000 72000000 212.0
OX637756.1 72000000 72500000 212.0
OX637756.1 72500000 73000000 212.0
OX637756.1 73000000 73500000 212.0
OX637756.1 73500000 74000000 212.0
OX637756.1 74000000 74500000 212.0
OX637756.1 74500000 75000000 212.0
OX637756.1 75000000 75500000 214.12149
OX637756.1 75500000 76000000 215.0
OX637756.1 76000000 76500000 215.0
OX637756.1 76500000 77000000 215.0
OX637756.1 77000000 77500000 215.71345
OX637756.1 77500000 78000000 216.0
OX637756.1 78000000 78500000 216.0
OX637756.1 78500000 79000000 216.0
OX637756.1 79000000 79500000 216.0
OX637756.1 79500000 80000000 216.0
OX637756.1 80000000 80500000 216.0
OX637756.1 80500000 81000000 216.58691
OX637756.1 81000000 81500000 218.44674
OX637756.1 81500000 82000000 219.00102
OX637756.1 82000000 82500000 219.0
OX637756.1 82500000 83000000 219.0
OX637756.1 83000000 83500000 219.0
OX637756.1 83500000 84000000 219.0
OX637756.1 84000000 84500000 220.49936
OX637756.1 84500000 85000000 221.0
OX637756.1 85000000 85500000 221.0
OX637756.1 85500000 86000000 221.08115
OX637756.1 86000000 86500000 222.0
OX637756.1 86500000 87000000 222.0
OX637756.1 87000000 87500000 222.0
OX637756.1 87500000 88000000 222.0
OX637756.1 88000000 88500000 222.0
OX637756.1 88500000 89000000 222.0
OX637756.1 89000000 89500000 222.0
OX637756.1 89500000 90000000 222.64286
OX637756.1 90000000 90500000 223.0
OX637756.1 90500000 91000000 223.0
OX637756.1 91000000 91500000 223.0
OX637756.1 91500000 92000000 223.0
OX637756.1 92000000 92500000 223.0
OX637756.1 92500000 93000000 223.0
OX637756.1 93000000 93500000 223.0587
OX637756.1 93500000 94000000 224.0
OX637756.1 94000000 94500000 224.0
OX637756.1 94500000 95000000 224.0
OX637756.1 95000000 95500000 224.0
OX637756.1 95500000 96000000 224.0
OX637756.1 96000000 96500000 224.0
OX637756.1 96500000 97000000 224.0
OX637756.1 97000000 97500000 225.50166
OX637756.1 97500000 98000000 226.0
OX637756.1 98000000 98500000 226.0
OX637756.1 98500000 99000000 226.0
OX637756.1 99000000 99500000 226.64659
OX637756.1 99500000 100000000 227.10113
OX637756.1 100000000 100500000 228.69346
OX637756.1 100500000 101000000 229.0
OX637756.1 101000000 101500000 229.0
OX637756.1 101500000 102000000 229.00074
OX637756.1 102000000 102500000 228.53408
OX637756.1 102500000 103000000 229.0
OX637756.1 103000000 103500000 229.0
OX637756.1 103500000 104000000 229.0
OX637756.1 104000000 104500000 229.0
OX637756.1 104500000 105000000 229.1504
OX637756.1 105000000 105500000 230.0
OX637756.1 105500000 106000000 230.0
OX637756.1 106000000 106500000 230.81151
OX637756.1 106500000 107000000 231.69276
OX637756.1 107000000 107500000 232.0
OX637756.1 107500000 108000000 232.83509
OX637756.1 108000000 108500000 233.0
OX637756.1 108500000 109000000 233.0
OX637756.1 109000000 109500000 233.0
OX637756.1 109500000 110000000 233.0
OX637756.1 110000000 110500000 233.0
OX637756.1 110500000 111000000 233.0
OX637756.1 111000000 111500000 233.76291
OX637756.1 111500000 112000000 234.0
OX637756.1 112000000 112500000 234.47558
OX637756.1 112500000 113000000 235.0
OX637756.1 113000000 113500000 235.0
OX637756.1 113500000 114000000 235.99617
OX637756.1 114000000 114500000 236.0
OX637756.1 114500000 115000000 236.0
OX637756.1 115000000 115500000 236.0
OX637756.1 115500000 116000000 236.0
OX637756.1 116000000 116500000 236.0
OX637756.1 116500000 117000000 236.35788
OX637756.1 117000000 117500000 237.0
OX637756.1 117500000 118000000 237.0
OX637756.1 118000000 118500000 237.91691
OX637756.1 118500000 119000000 238.0
OX637756.1 119000000 119500000 238.0
OX637756.1 119500000 120000000 238.0
OX637756.1 120000000 120500000 238.0
OX637756.1 120500000 121000000 238.0
OX637756.1 121000000 121500000 238.0
OX637756.1 121500000 122000000 238.0
OX637756.1 122000000 122500000 238.0
OX637756.1 122500000 123000000 238.14011
OX637756.1 123000000 123500000 239.97591
OX637756.1 123500000 124000000 240.0
OX637756.1 124000000 124500000 240.03697
OX637756.1 124500000 125000000 241.0
OX637756.1 125000000 125500000 241.0
OX637756.1 125500000 126000000 241.0
OX637756.1 126000000 126500000 241.0
OX637756.1 126500000 127000000 241.0
OX637756.1 127000000 127500000 241.00039
OX637756.1 127500000 128000000 241.0
OX637756.1 128000000 128500000 241.0
OX637756.1 128500000 129000000 241.0
OX637756.1 129000000 129500000 241.0
OX637756.1 129500000 130000000 241.37397
OX637756.1 130000000 130500000 242.0
OX637756.1 130500000 131000000 242.0
OX637756.1 131000000 131500000 242.0
OX637756.1 131500000 132000000 242.00016
OX637756.1 132000000 132500000 242.0
OX637756.1 132500000 133000000 242.0
OX637756.1 133000000 133500000 242.0
OX637756.1 133500000 134000000 242.0
OX637756.1 134000000 134500000 242.0
OX637756.1 134500000 135000000 242.0
OX637756.1 135000000 135500000 242.0
OX637756.1 135500000 136000000 242.74558
OX637756.1 136000000 136500000 243.0
OX637756.1 136500000 137000000 243.0
OX637756.1 137000000 137500000 243.0
OX637756.1 137500000 138000000 243.13811
OX637756.1 138000000 138500000 244.0
OX637756.1 138500000 139000000 244.96062
OX637756.1 139000000 139500000 245.0
OX637756.1 139500000 140000000 245.12501
OX637756.1 140000000 140500000 246.0
OX637756.1 140500000 141000000 246.0
OX637756.1 141000000 141500000 246.0
OX637756.1 141500000 142000000 246.0
OX637756.1 142000000 142500000 246.65626
OX637756.1 142500000 143000000 247.23974
OX637756.1 143000000 143500000 248.0
OX637756.1 143500000 144000000 248.0
OX637756.1 144000000 144500000 248.0
OX637756.1 144500000 145000000 248.0
OX637756.1 145000000 145500000 248.0
OX637756.1 145500000 146000000 248.61941
OX637756.1 146000000 146500000 249.0
OX637756.1 146500000 147000000 249.0
OX637756.1 147000000 147500000 249.3829
OX637756.1 147500000 148000000 250.0
OX637756.1 148000000 148500000 249.97722
OX637756.1 148500000 149000000 250.0
OX637756.1 149000000 149500000 250.95041
OX637756.1 149500000 150000000 254.48406
OX637756.1 150000000 150500000 256.0
OX637756.1 150500000 151000000 256.0
OX637756.1 151000000 151500000 256.0
OX637756.1 151500000 152000000 256.0
OX637756.1 152000000 152500000 256.50014
OX637756.1 152500000 153000000 257.0
OX637756.1 153000000 153500000 257.13789
OX637756.1 153500000 154000000 258.79986
OX637756.1 154000000 154500000 259.40382
OX637756.1 154500000 155000000 260.0
OX637756.1 155000000 155500000 260.0
OX637756.1 155500000 156000000 260.14035
OX637756.1 156000000 156500000 261.23269
OX637756.1 156500000 157000000 263.02354
OX637756.1 157000000 157500000 264.76407
OX637756.1 157500000 158000000 265.0
OX637756.1 158000000 158500000 265.64764
OX637756.1 158500000 159000000 267.0
OX637756.1 159000000 159500000 267.67198
OX637756.1 159500000 160000000 268.52573
OX637756.1 160000000 160500000 269.76393
OX637756.1 160500000 161000000 271.82884
OX637756.1 161000000 161500000 271.93426
OX637756.1 161500000 162000000 272.0
OX637756.1 162000000 162500000 272.70414
OX637756.1 162500000 163000000 273.13036
OX637756.1 163000000 163500000 274.67865
OX637756.1 163500000 164000000 277.89796
OX637756.1 164000000 164500000 281.0
OX637756.1 164500000 165000000 281.0
OX637756.1 165000000 165500000 281.0
OX637756.1 165500000 166000000 281.0
OX637756.1 166000000 166500000 281.31337
OX637756.1 166500000 167000000 282.0
OX637756.1 167000000 167500000 284.21494
OX637756.1 167500000 168000000 285.0
OX637756.1 168000000 168500000 285.00032
OX637756.1 168500000 169000000 285.07489
OX637756.1 169000000 169500000 286.0
OX637756.1 169500000 170000000 286.84776
OX637756.1 170000000 170500000 287.0
OX637756.1 170500000 171000000 287.0
OX637756.1 171000000 171500000 287.84755
OX637756.1 171500000 172000000 288.29907
OX637756.1 172000000 172500000 289.0
OX637756.1 172500000 173000000 289.0
OX637756.1 173000000 173500000 289.0
OX637756.1 173500000 174000000 289.00039
OX637756.1 174000000 174500000 288.14256
OX637756.1 174500000 175000000 288.0
OX637756.1 175000000 175500000 288.0
OX637756.1 175500000 176000000 287.67323
OX637756.1 176000000 176500000 288.75089
OX637756.1 176500000 177000000 290.86464
OX637756.1 177000000 177500000 291.44183
OX637756.1 177500000 178000000 292.0
OX637756.1 178000000 178500000 292.0
OX637756.1 178500000 179000000 292.0
OX637756.1 179000000 179500000 292.60077
OX637756.1 179500000 180000000 294.0
OX637756.1 180000000 180500000 294.0
OX637756.1 180500000 181000000 294.3382
OX637756.1 181000000 181500000 294.0
OX637756.1 181500000 182000000 294.0
OX637756.1 182000000 182500000 294.0
OX637756.1 182500000 183000000 294.0
OX637756.1 183000000 183500000 294.04968
OX637756.1 183500000 184000000 295.0
OX637756.1 184000000 184500000 295.0
OX637756.1 184500000 185000000 296.06455
OX637756.1 185000000 185500000 297.46412
OX637756.1 185500000 186000000 298.0
OX637756.1 186000000 186500000 298.0
OX637756.1 186500000 187000000 298.55216
OX637756.1 187000000 187500000 299.0
OX637756.1 187500000 188000000 299.0
OX637756.1 188000000 188500000 299.69259
OX637756.1 188500000 189000000 300.59579
OX637756.1 189000000 189500000 302.00135
OX637756.1 189500000 190000000 302.0007
OX637756.1 190000000 190500000 302.0
OX637756.1 190500000 191000000 303.16107
OX637756.1 191000000 191500000 304.0
OX637756.1 191500000 192000000 304.0
OX637756.1 192000000 192500000 304.15062
OX637756.1 192500000 193000000 305.13891
OX637756.1 193000000 193500000 306.41656
OX637756.1 193500000 194000000 307.5342
OX637756.1 194000000 194500000 308.58156
OX637756.1 194500000 195000000 309.0
OX637756.1 195000000 195500000 310.50748
OX637756.1 195500000 196000000 313.92841
OX637756.1 196000000 196500000 314.35374
OX637756.1 196500000 197000000 316.91809
OX637756.1 197000000 197500000 316.93267
OX637756.1 197500000 198000000 318.0
OX637756.1 198000000 198500000 318.00113
OX637756.1 198500000 199000000 318.0
OX637756.1 199000000 199500000 318.0
OX637756.1 199500000 200000000 318.00047
OX637756.1 200000000 200500000 318.0
OX637756.1 200500000 201000000 318.70252
OX637756.1 201000000 201500000 319.36519
OX637756.1 201500000 202000000 320.8466
OX637756.1 202000000 202500000 321.73472
OX637756.1 202500000 203000000 322.0
OX637756.1 203000000 203500000 322.00141
OX637756.1 203500000 204000000 322.43399
OX637756.1 204000000 204500000 323.0
OX637756.1 204500000 205000000 323.0
OX637756.1 205000000 205500000 323.55085
OX637756.1 205500000 206000000 324.17673
OX637756.1 206000000 206500000 325.0453
OX637756.1 206500000 207000000 326.81522
OX637756.1 207000000 207500000 328.53462
OX637756.1 207500000 208000000 330.0
OX637756.1 208000000 208500000 330.0
OX637756.1 208500000 209000000 330.74185
OX637756.1 209000000 209500000 332.39217
OX637756.1 209500000 210000000 334.0
OX637756.1 210000000 210500000 334.0
OX637756.1 210500000 211000000 334.71156
OX637756.1 211000000 211500000 335.0
OX637756.1 211500000 212000000 335.0
OX637756.1 212000000 212500000 335.0
OX637756.1 212500000 213000000 335.00034
OX637756.1 213000000 213500000 335.0
OX637756.1 213500000 214000000 335.83388
OX637756.1 214000000 214500000 336.92672
OX637756.1 214500000 215000000 337.66612
OX637756.1 215000000 215500000 338.0
OX637756.1 215500000 216000000 338.00039
OX637756.1 216000000 216500000 338.0
OX637756.1 216500000 217000000 338.001
OX637756.1 217000000 217500000 338.0
OX637756.1 217500000 218000000 338.22804
OX637756.1 218000000 218500000 339.4916
OX637756.1 218500000 219000000 340.91916
OX637756.1 219000000 219500000 341.0
OX637756.1 219500000 220000000 341.8216
OX637756.1 220000000 220500000 342.0
OX637756.1 220500000 221000000 342.0011
OX637756.1 221000000 221500000 342.50945
OX637756.1 221500000 222000000 343.0
OX637756.1 222000000 222500000 343.0
OX637756.1 222500000 223000000 343.0
OX637756.1 223000000 223500000 343.53352
OX637756.1 223500000 224000000 344.0
OX637756.1 224000000 224500000 344.0
OX637756.1 224500000 225000000 344.18849
OX637756.1 225000000 225500000 345.0
OX637756.1 225500000 226000000 345.0
OX637756.1 226000000 226500000 345.0
OX637756.1 226500000 227000000 346.70748
OX637756.1 227000000 227500000 348.94863
OX637756.1 227500000 228000000 350.0
OX637756.1 228000000 228500000 351.31502
OX637756.1 228500000 229000000 353.70143
OX637756.1 229000000 229500000 354.62558
OX637756.1 229500000 230000000 356.0
OX637756.1 230000000 230500000 356.91953
OX637756.1 230500000 231000000 358.29359
OX637756.1 231000000 231500000 359.0
OX637756.1 231500000 232000000 359.75582
OX637756.1 232000000 232500000 361.0
OX637756.1 232500000 233000000 361.0
OX637756.1 233000000 233500000 360.96935
OX637756.1 233500000 234000000 360.59378
OX637756.1 234000000 234500000 360.0
OX637756.1 234500000 235000000 360.00052
OX637756.1 235000000 235500000 360.0
OX637756.1 235500000 236000000 359.93725
OX637756.1 236000000 236500000 359.43745
OX637756.1 236500000 237000000 361.0
OX637756.1 237000000 237500000 361.51013
OX637756.1 237500000 238000000 363.02667
OX637756.1 238000000 238500000 363.00054
OX637756.1 238500000 239000000 363.72444
OX637756.1 239000000 239500000 364.0
OX637756.1 239500000 240000000 364.52609
OX637756.1 240000000 240500000 366.09277
OX637756.1 240500000 241000000 367.00071
OX637756.1 241000000 241500000 367.00028
OX637756.1 241500000 242000000 367.0
OX637756.1 242000000 242500000 367.45708
OX637756.1 242500000 243000000 368.0
OX637756.1 243000000 243500000 368.0
OX637756.1 243500000 244000000 369.18958
OX637756.1 244000000 244500000 370.0
OX637756.1 244500000 245000000 370.0
OX637756.1 245000000 245500000 370.00062
OX637756.1 245500000 246000000 370.0
OX637756.1 246000000 246500000 369.68691
OX637756.1 246500000 247000000 369.82116
OX637756.1 247000000 247500000 371.0
OX637756.1 247500000 248000000 371.39603
OX637756.1 248000000 248500000 372.55837
OX637756.1 248500000 249000000 373.57424
OX637756.1 249000000 249500000 374.68876
OX637756.1 249500000 250000000 375.00124
OX637756.1 250000000 250500000 375.0
OX637756.1 250500000 251000000 375.30155
OX637756.1 251000000 251500000 375.0
OX637756.1 251500000 252000000 375.40503
OX637756.1 252000000 252500000 376.86374
OX637756.1 252500000 253000000 377.69509
OX637756.1 253000000 253500000 378.51436
OX637756.1 253500000 254000000 378.43305
OX637756.1 254000000 254500000 378.55728
OX637756.1 254500000 255000000 378.0
OX637756.1 255000000 255500000 378.0
OX637756.1 255500000 256000000 377.80465
OX637756.1 256000000 256500000 378.85828
OX637756.1 256500000 257000000 381.40178
OX637756.1 257000000 257500000 382.33159
OX637756.1 257500000 258000000 382.03491
OX637756.1 258000000 258500000 382.87426
OX637756.1 258500000 259000000 383.00067
OX637756.1 259000000 259500000 382.13296
OX637756.1 259500000 260000000 382.0
OX637756.1 260000000 260500000 382.0
OX637756.1 260500000 261000000 381.85661
OX637756.1 261000000 261500000 382.00061
OX637756.1 261500000 262000000 383.71663
OX637756.1 262000000 262500000 383.30761
OX637756.1 262500000 263000000 383.0
OX637756.1 263000000 263500000 383.0
OX637756.1 263500000 264000000 383.92653
OX637756.1 264000000 264500000 384.59833
OX637756.1 264500000 265000000 384.00581
OX637756.1 265000000 265500000 384.55051
OX637756.1 265500000 266000000 385.00027
OX637756.1 266000000 266500000 385.74479
OX637756.1 266500000 267000000 386.0
OX637756.1 267000000 267500000 386.0
OX637756.1 267500000 268000000 386.12896
OX637756.1 268000000 268500000 387.0
OX637756.1 268500000 269000000 387.0
OX637756.1 269000000 269500000 387.22806
OX637756.1 269500000 270000000 388.0
OX637756.1 270000000 270500000 388.0
OX637756.1 270500000 271000000 388.0
OX637756.1 271000000 271500000 388.0
OX637756.1 271500000 272000000 388.0
OX637756.1 272000000 272500000 388.12516
OX637756.1 272500000 273000000 388.62265
OX637756.1 273000000 273500000 389.00086
OX637756.1 273500000 274000000 389.28216
OX637756.1 274000000 274500000 390.0
OX637756.1 274500000 275000000 389.98403
OX637756.1 275000000 275500000 389.91596
OX637756.1 275500000 276000000 389.31995
OX637756.1 276000000 276500000 389.0
OX637756.1 276500000 277000000 389.00034
OX637756.1 277000000 277500000 389.32581
OX637756.1 277500000 278000000 389.40899
OX637756.1 278000000 278500000 390.64663
OX637756.1 278500000 279000000 392.0
OX637756.1 279000000 279500000 391.85372
OX637756.1 279500000 280000000 391.0
OX637756.1 280000000 280500000 391.00092
OX637756.1 280500000 281000000 390.04814
OX637756.1 281000000 281500000 390.00126
OX637756.1 281500000 282000000 390.0
OX637756.1 282000000 282500000 390.64417
OX637756.1 282500000 283000000 391.0
OX637756.1 283000000 283500000 390.37451
OX637756.1 283500000 284000000 390.67446
OX637756.1 284000000 284500000 391.34183
OX637756.1 284500000 285000000 390.67956
OX637756.1 285000000 285500000 390.67055
OX637756.1 285500000 286000000 389.28089
OX637756.1 286000000 286500000 390.26167
OX637756.1 286500000 287000000 391.00018
OX637756.1 287000000 287500000 389.60689
OX637756.1 287500000 288000000 389.00032
OX637756.1 288000000 288500000 389.29157
OX637756.1 288500000 289000000 390.0
OX637756.1 289000000 289500000 390.00077
OX637756.1 289500000 290000000 390.0
OX637756.1 290000000 290500000 389.1139
OX637756.1 290500000 291000000 389.00098
OX637756.1 291000000 291500000 388.15793
OX637756.1 291500000 292000000 388.00041
OX637756.1 292000000 292500000 388.39918
OX637756.1 292500000 293000000 389.00047
OX637756.1 293000000 293500000 389.20268
OX637756.1 293500000 294000000 389.15951
OX637756.1 294000000 294500000 389.0
OX637756.1 294500000 295000000 388.42933
OX637756.1 295000000 295500000 387.0
OX637756.1 295500000 296000000 386.81129
OX637756.1 296000000 296500000 386.0
OX637756.1 296500000 297000000 386.0
OX637756.1 297000000 297500000 384.42775
OX637756.1 297500000 298000000 383.74071
OX637756.1 298000000 298500000 382.0
OX637756.1 298500000 299000000 382.00031
OX637756.1 299000000 299500000 381.83328
OX637756.1 299500000 300000000 381.00016
OX637756.1 300000000 300500000 381.0
OX637756.1 300500000 301000000 381.0
OX637756.1 301000000 301500000 381.0
OX637756.1 301500000 302000000 380.64317
OX637756.1 302000000 302500000 380.00068
OX637756.1 302500000 303000000 379.40438
OX637756.1 303000000 303500000 379.74713
OX637756.1 303500000 304000000 379.0
OX637756.1 304000000 304500000 379.0
OX637756.1 304500000 305000000 379.0
OX637756.1 305000000 305500000 378.17782
OX637756.1 305500000 306000000 378.00092
OX637756.1 306000000 306500000 378.0
OX637756.1 306500000 307000000 378.00069
OX637756.1 307000000 307500000 378.00065
OX637756.1 307500000 308000000 378.00055
OX637756.1 308000000 308500000 377.3739
OX637756.1 308500000 309000000 377.01721
OX637756.1 309000000 309500000 377.0
OX637756.1 309500000 310000000 376.18695
OX637756.1 310000000 310500000 376.0
OX637756.1 310500000 311000000 375.83871
OX637756.1 311000000 311500000 374.96716
OX637756.1 311500000 312000000 374.0
OX637756.1 312000000 312500000 373.28455
OX637756.1 312500000 313000000 372.85868
OX637756.1 313000000 313500000 372.0
OX637756.1 313500000 314000000 371.71094
OX637756.1 314000000 314500000 372.0
OX637756.1 314500000 315000000 371.042
OX637756.1 315000000 315500000 371.58497
OX637756.1 315500000 316000000 371.00072
OX637756.1 316000000 316500000 371.0
OX637756.1 316500000 317000000 370.44028
OX637756.1 317000000 317500000 370.45855
OX637756.1 317500000 318000000 370.26678
OX637756.1 318000000 318500000 370.0
OX637756.1 318500000 319000000 369.70373
OX637756.1 319000000 319500000 368.86685
OX637756.1 319500000 320000000 369.0
OX637756.1 320000000 320500000 369.52153
OX637756.1 320500000 321000000 368.08706
OX637756.1 321000000 321500000 367.0
OX637756.1 321500000 322000000 365.24088
OX637756.1 322000000 322500000 363.28842
OX637756.1 322500000 323000000 362.08548
OX637756.1 323000000 323500000 361.0
OX637756.1 323500000 324000000 361.0
OX637756.1 324000000 324500000 360.44608
OX637756.1 324500000 325000000 359.41602
OX637756.1 325000000 325500000 357.77953
OX637756.1 325500000 326000000 357.0
OX637756.1 326000000 326500000 356.16412
OX637756.1 326500000 327000000 356.0
OX637756.1 327000000 327500000 356.0002
OX637756.1 327500000 328000000 356.40737
OX637756.1 328000000 328500000 357.0
OX637756.1 328500000 329000000 356.01932
OX637756.1 329000000 329500000 355.11132
OX637756.1 329500000 330000000 354.0
OX637756.1 330000000 330500000 353.12672
OX637756.1 330500000 331000000 352.0
OX637756.1 331000000 331500000 352.0
OX637756.1 331500000 332000000 351.53187
OX637756.1 332000000 332500000 348.48232
OX637756.1 332500000 333000000 347.44083
OX637756.1 333000000 333500000 347.0
OX637756.1 333500000 334000000 347.0
OX637756.1 334000000 334500000 347.97571
OX637756.1 334500000 335000000 348.3832
OX637756.1 335000000 335500000 348.01755
OX637756.1 335500000 336000000 346.58365
OX637756.1 336000000 336500000 346.00025
OX637756.1 336500000 337000000 346.00119
OX637756.1 337000000 337500000 343.60024
OX637756.1 337500000 338000000 343.0
OX637756.1 338000000 338500000 342.5426
OX637756.1 338500000 339000000 341.0707
OX637756.1 339000000 339500000 340.45932
OX637756.1 339500000 340000000 338.45492
OX637756.1 340000000 340500000 337.61842
OX637756.1 340500000 341000000 337.0
OX637756.1 341000000 341500000 337.0
OX637756.1 341500000 342000000 336.90957
OX637756.1 342000000 342500000 337.23546
OX637756.1 342500000 343000000 337.6004
OX637756.1 343000000 343500000 336.6327
OX637756.1 343500000 344000000 335.29537
OX637756.1 344000000 344500000 334.29203
OX637756.1 344500000 345000000 334.60316
OX637756.1 345000000 345500000 334.8848
OX637756.1 345500000 346000000 334.10713
OX637756.1 346000000 346500000 333.40988
OX637756.1 346500000 347000000 332.85242
OX637756.1 347000000 347500000 331.60293
OX637756.1 347500000 348000000 331.0
OX637756.1 348000000 348500000 329.2313
OX637756.1 348500000 349000000 329.0
OX637756.1 349000000 349500000 329.0
OX637756.1 349500000 350000000 329.31827
OX637756.1 350000000 350500000 330.04371
OX637756.1 350500000 351000000 330.01372
OX637756.1 351000000 351500000 328.50772
OX637756.1 351500000 352000000 326.34632
OX637756.1 352000000 352500000 323.75905
OX637756.1 352500000 353000000 321.74344
OX637756.1 353000000 353500000 320.99101
OX637756.1 353500000 354000000 319.0194
OX637756.1 354000000 354500000 317.00413
OX637756.1 354500000 355000000 312.26604
OX637756.1 355000000 355500000 310.0743
OX637756.1 355500000 356000000 309.82531
OX637756.1 356000000 356500000 306.56333
OX637756.1 356500000 357000000 302.03993
OX637756.1 357000000 357500000 302.0
OX637756.1 357500000 358000000 302.0
OX637756.1 358000000 358500000 299.90267
OX637756.1 358500000 359000000 298.02554
OX637756.1 359000000 359500000 296.72749
OX637756.1 359500000 360000000 295.0007
OX637756.1 360000000 360500000 295.17021
OX637756.1 360500000 361000000 293.40957
OX637756.1 361000000 361500000 293.001
OX637756.1 361500000 362000000 292.08441
OX637756.1 362000000 362500000 289.40683
OX637756.1 362500000 363000000 289.0
OX637756.1 363000000 363500000 289.9124
OX637756.1 363500000 364000000 290.00018
OX637756.1 364000000 364500000 290.03026
OX637756.1 364500000 365000000 289.81278
OX637756.1 365000000 365500000 288.35269
OX637756.1 365500000 366000000 287.0
OX637756.1 366000000 366500000 286.87104
OX637756.1 366500000 367000000 285.22137
OX637756.1 367000000 367500000 283.99444
OX637756.1 367500000 368000000 281.24544
OX637756.1 368000000 368500000 276.60463
OX637756.1 368500000 369000000 275.1005
OX637756.1 369000000 369500000 273.17599
OX637756.1 369500000 370000000 271.86473
OX637756.1 370000000 370500000 267.27865
OX637756.1 370500000 371000000 263.29024
OX637756.1 371000000 371500000 261.0458
OX637756.1 371500000 372000000 260.0
OX637756.1 372000000 372500000 260.00055
OX637756.1 372500000 373000000 260.0011
OX637756.1 373000000 373500000 257.61038
OX637756.1 373500000 374000000 255.04963
OX637756.1 374000000 374500000 253.47049
OX637756.1 374500000 375000000 252.73179
OX637756.1 375000000 375500000 251.0
OX637756.1 375500000 376000000 249.83789
OX637756.1 376000000 376500000 246.0
OX637756.1 376500000 377000000 245.99605
OX637756.1 377000000 377500000 244.60698
OX637756.1 377500000 378000000 241.12829
OX637756.1 378000000 378500000 237.96639
OX637756.1 378500000 379000000 234.67075
OX637756.1 379000000 379500000 231.00715
OX637756.1 379500000 380000000 229.12148
OX637756.1 380000000 380500000 227.42035
OX637756.1 380500000 381000000 226.07482
OX637756.1 381000000 381500000 224.33205
OX637756.1 381500000 382000000 222.0837
OX637756.1 382000000 382500000 218.9191
OX637756.1 382500000 383000000 215.92254
OX637756.1 383000000 383500000 213.0
OX637756.1 383500000 384000000 213.0
OX637756.1 384000000 384500000 211.51802
OX637756.1 384500000 385000000 209.28669
OX637756.1 385000000 385500000 205.81101
OX637756.1 385500000 386000000 202.68521
OX637756.1 386000000 386500000 199.74712
OX637756.1 386500000 387000000 195.97491
OX637756.1 387000000 387500000 188.98905
OX637756.1 387500000 388000000 183.53503
OX637756.1 388000000 388500000 176.06699
OX637756.1 388500000 389000000 172.67026
OX637756.1 389000000 389500000 168.14357
OX637756.1 389500000 390000000 165.0
OX637756.1 390000000 390500000 162.10284
OX637756.1 390500000 391000000 156.78032
OX637756.1 391000000 391500000 149.80059
OX637756.1 391500000 392000000 145.17016
OX637756.1 392000000 392500000 142.59857
OX637756.1 392500000 393000000 137.57508
OX637756.1 393000000 393500000 133.15446
OX637756.1 393500000 394000000 130.46856
OX637756.1 394000000 394500000 123.48121
OX637756.1 394500000 395000000 118.44939
OX637756.1 395000000 395500000 112.13549
OX637756.1 395500000 396000000 104.77532
OX637756.1 396000000 396500000 101.71292
OX637756.1 396500000 397000000 88.1591
OX637756.1 397000000 397500000 77.22339
OX637756.1 397500000 398000000 72.50747
OX637756.1 398000000 398500000 66.91437
OX637756.1 398500000 399000000 64.74229
OX637756.1 399000000 399500000 62.50297
OX637756.1 399500000 400000000 58.69746
OX637756.1 400000000 400500000 50.48742
OX637756.1 400500000 401000000 43.39632
OX637756.1 401000000 401500000 33.33456
OX637756.1 401500000 402000000 22.80726
OX637756.1 402000000 402500000 16.45387
OX637756.1 402500000 403000000 11.91309
OX637756.1 403000000 403500000 6.65819
OX637756.1 403500000 403960391 2.31042
OX637743.1 0 500000 3.1967
OX637743.1 500000 1000000 7.20044
OX637743.1 1000000 1500000 8.0
OX637743.1 1500000 2000000 8.0
OX637743.1 2000000 2500000 8.0
OX637743.1 2500000 3000000 12.18495
OX637743.1 3000000 3500000 14.0
OX637743.1 3500000 4000000 14.0
OX637743.1 4000000 4500000 14.0
OX637743.1 4500000 5000000 14.69265
OX637743.1 5000000 5500000 19.0
OX637743.1 5500000 6000000 20.26967
OX637743.1 6000000 6500000 22.0
OX637743.1 6500000 7000000 23.42445
OX637743.1 7000000 7500000 30.32583
OX637743.1 7500000 8000000 34.15826
OX637743.1 8000000 8500000 38.28896
OX637743.1 8500000 9000000 39.27525
OX637743.1 9000000 9500000 40.0
OX637743.1 9500000 10000000 40.0
OX637743.1 10000000 10500000 40.0
OX637743.1 10500000 11000000 40.0
OX637743.1 11000000 11500000 40.0
OX637743.1 11500000 12000000 42.84743
OX637743.1 12000000 12500000 48.86833
OX637743.1 12500000 13000000 49.0
OX637743.1 13000000 13500000 52.77121
OX637743.1 13500000 14000000 66.86675
OX637743.1 14000000 14500000 70.8789
OX637743.1 14500000 15000000 80.65702
OX637743.1 15000000 15500000 88.194
OX637743.1 15500000 16000000 89.0
OX637743.1 16000000 16500000 95.188
OX637743.1 16500000 17000000 103.81405
OX637743.1 17000000 17500000 111.53025
OX637743.1 17500000 18000000 116.91354
OX637743.1 18000000 18500000 125.41649
OX637743.1 18500000 19000000 133.01329
OX637743.1 19000000 19500000 142.88648
OX637743.1 19500000 20000000 148.64856
OX637743.1 20000000 20500000 153.7351
OX637743.1 20500000 21000000 158.98419
OX637743.1 21000000 21500000 165.50355
OX637743.1 21500000 22000000 167.0
OX637743.1 22000000 22500000 167.53169
OX637743.1 22500000 23000000 172.01053
OX637743.1 23000000 23500000 173.91699
OX637743.1 23500000 24000000 174.00123
OX637743.1 24000000 24500000 175.90438
OX637743.1 24500000 25000000 178.76581
OX637743.1 25000000 25500000 182.08035
OX637743.1 25500000 26000000 184.96688
OX637743.1 26000000 26500000 187.79214
OX637743.1 26500000 27000000 193.04362
OX637743.1 27000000 27500000 196.27571
OX637743.1 27500000 28000000 197.00016
OX637743.1 28000000 28500000 197.0
OX637743.1 28500000 29000000 197.56997
OX637743.1 29000000 29500000 198.84213
OX637743.1 29500000 30000000 203.945
OX637743.1 30000000 30500000 209.68787
OX637743.1 30500000 31000000 215.92621
OX637743.1 31000000 31500000 219.50003
OX637743.1 31500000 32000000 222.21441
OX637743.1 32000000 32500000 223.95925
OX637743.1 32500000 33000000 226.4634
OX637743.1 33000000 33500000 229.9934
OX637743.1 33500000 34000000 231.00113
OX637743.1 34000000 34500000 231.48649
OX637743.1 34500000 35000000 233.31055
OX637743.1 35000000 35500000 234.84325
OX637743.1 35500000 36000000 237.32802
OX637743.1 36000000 36500000 238.70866
OX637743.1 36500000 37000000 239.0
OX637743.1 37000000 37500000 239.0
OX637743.1 37500000 38000000 241.08512
OX637743.1 38000000 38500000 243.7489
OX637743.1 38500000 39000000 245.0
OX637743.1 39000000 39500000 245.0
OX637743.1 39500000 40000000 245.93798
OX637743.1 40000000 40500000 248.21572
OX637743.1 40500000 41000000 250.0
OX637743.1 41000000 41500000 250.0
OX637743.1 41500000 42000000 250.31875
OX637743.1 42000000 42500000 252.48125
OX637743.1 42500000 43000000 254.20967
OX637743.1 43000000 43500000 255.64131
OX637743.1 43500000 44000000 256.56699
OX637743.1 44000000 44500000 258.0
OX637743.1 44500000 45000000 258.0
OX637743.1 45000000 45500000 258.0
OX637743.1 45500000 46000000 258.0
OX637743.1 46000000 46500000 258.0
OX637743.1 46500000 47000000 258.70019
OX637743.1 47000000 47500000 261.71534
OX637743.1 47500000 48000000 263.0
OX637743.1 48000000 48500000 264.78738
OX637743.1 48500000 49000000 266.00016
OX637743.1 49000000 49500000 266.0
OX637743.1 49500000 50000000 266.0
OX637743.1 50000000 50500000 266.0
OX637743.1 50500000 51000000 266.56271
OX637743.1 51000000 51500000 267.63296
OX637743.1 51500000 52000000 270.91453
OX637743.1 52000000 52500000 272.20604
OX637743.1 52500000 53000000 273.0
OX637743.1 53000000 53500000 273.5281
OX637743.1 53500000 54000000 274.0
OX637743.1 54000000 54500000 274.0
OX637743.1 54500000 55000000 274.81303
OX637743.1 55000000 55500000 275.0
OX637743.1 55500000 56000000 275.0
OX637743.1 56000000 56500000 275.0
OX637743.1 56500000 57000000 275.90657
OX637743.1 57000000 57500000 276.0
OX637743.1 57500000 58000000 276.0
OX637743.1 58000000 58500000 276.77626
OX637743.1 58500000 59000000 276.87719
OX637743.1 59000000 59500000 277.18371
OX637743.1 59500000 60000000 278.0
OX637743.1 60000000 60500000 278.75516
OX637743.1 60500000 61000000 279.43683
OX637743.1 61000000 61500000 280.19848
OX637743.1 61500000 62000000 281.82652
OX637743.1 62000000 62500000 282.76242
OX637743.1 62500000 63000000 283.8953
OX637743.1 63000000 63500000 284.61173
OX637743.1 63500000 64000000 285.93268
OX637743.1 64000000 64500000 287.57108
OX637743.1 64500000 65000000 288.0
OX637743.1 65000000 65500000 290.51547
OX637743.1 65500000 66000000 291.0
OX637743.1 66000000 66500000 291.0
OX637743.1 66500000 67000000 291.0
OX637743.1 67000000 67500000 291.0
OX637743.1 67500000 68000000 291.16859
OX637743.1 68000000 68500000 292.42988
OX637743.1 68500000 69000000 293.0
OX637743.1 69000000 69500000 293.0
OX637743.1 69500000 70000000 293.0
OX637743.1 70000000 70500000 293.0
OX637743.1 70500000 71000000 293.0
OX637743.1 71000000 71500000 294.43196
OX637743.1 71500000 72000000 296.86203
OX637743.1 72000000 72500000 297.00109
OX637743.1 72500000 73000000 297.0
OX637743.1 73000000 73500000 297.29646
OX637743.1 73500000 74000000 298.0
OX637743.1 74000000 74500000 298.0
OX637743.1 74500000 75000000 298.24038
OX637743.1 75000000 75500000 298.36132
OX637743.1 75500000 76000000 298.0
OX637743.1 76000000 76500000 298.0
OX637743.1 76500000 77000000 298.0
OX637743.1 77000000 77500000 298.0
OX637743.1 77500000 78000000 298.44455
OX637743.1 78000000 78500000 299.0
OX637743.1 78500000 79000000 299.0
OX637743.1 79000000 79500000 299.0
OX637743.1 79500000 80000000 299.0
OX637743.1 80000000 80500000 299.00046
OX637743.1 80500000 81000000 300.1256
OX637743.1 81000000 81500000 301.00018
OX637743.1 81500000 82000000 301.0
OX637743.1 82000000 82500000 301.0
OX637743.1 82500000 83000000 301.0
OX637743.1 83000000 83500000 301.00083
OX637743.1 83500000 84000000 301.87222
OX637743.1 84000000 84500000 302.0
OX637743.1 84500000 85000000 302.0
OX637743.1 85000000 85500000 302.97085
OX637743.1 85500000 86000000 303.0
OX637743.1 86000000 86500000 303.0
OX637743.1 86500000 87000000 303.0
OX637743.1 87000000 87500000 303.31112
OX637743.1 87500000 88000000 304.0
OX637743.1 88000000 88500000 304.0
OX637743.1 88500000 89000000 304.0
OX637743.1 89000000 89500000 304.0
OX637743.1 89500000 90000000 304.93257
OX637743.1 90000000 90500000 305.20221
OX637743.1 90500000 91000000 306.0007
OX637743.1 91000000 91500000 306.41608
OX637743.1 91500000 92000000 307.0
OX637743.1 92000000 92500000 307.0
OX637743.1 92500000 93000000 307.0
OX637743.1 93000000 93500000 307.0
OX637743.1 93500000 94000000 307.0
OX637743.1 94000000 94500000 307.0
OX637743.1 94500000 95000000 307.0
OX637743.1 95000000 95500000 307.0
OX637743.1 95500000 96000000 307.0
OX637743.1 96000000 96500000 308.52807
OX637743.1 96500000 97000000 309.87894
OX637743.1 97000000 97500000 310.60146
OX637743.1 97500000 98000000 311.0
OX637743.1 98000000 98500000 311.0
OX637743.1 98500000 99000000 311.0
OX637743.1 99000000 99500000 311.0
OX637743.1 99500000 100000000 311.0
OX637743.1 100000000 100500000 311.0
OX637743.1 100500000 101000000 311.0
OX637743.1 101000000 101500000 311.13818
OX637743.1 101500000 102000000 312.71699
OX637743.1 102000000 102500000 313.0
OX637743.1 102500000 103000000 313.58803
OX637743.1 103000000 103500000 313.99658
OX637743.1 103500000 104000000 314.20456
OX637743.1 104000000 104500000 315.36638
OX637743.1 104500000 105000000 316.81761
OX637743.1 105000000 105500000 317.0
OX637743.1 105500000 106000000 317.97546
OX637743.1 106000000 106500000 319.0
OX637743.1 106500000 107000000 319.0
OX637743.1 107000000 107500000 319.49884
OX637743.1 107500000 108000000 320.0
OX637743.1 108000000 108500000 320.0
OX637743.1 108500000 109000000 320.34092
OX637743.1 109000000 109500000 321.00048
OX637743.1 109500000 110000000 321.0
OX637743.1 110000000 110500000 321.0
OX637743.1 110500000 111000000 321.88366
OX637743.1 111000000 111500000 322.0
OX637743.1 111500000 112000000 323.14901
OX637743.1 112000000 112500000 323.92396
OX637743.1 112500000 113000000 323.33174
OX637743.1 113000000 113500000 324.53199
OX637743.1 113500000 114000000 325.0
OX637743.1 114000000 114500000 325.61262
OX637743.1 114500000 115000000 326.0
OX637743.1 115000000 115500000 326.0
OX637743.1 115500000 116000000 326.0
OX637743.1 116000000 116500000 326.0
OX637743.1 116500000 117000000 326.56334
OX637743.1 117000000 117500000 327.0
OX637743.1 117500000 118000000 327.0
OX637743.1 118000000 118500000 327.0
OX637743.1 118500000 119000000 327.0
OX637743.1 119000000 119500000 327.0
OX637743.1 119500000 120000000 327.0
OX637743.1 120000000 120500000 327.0
OX637743.1 120500000 121000000 328.09744
OX637743.1 121000000 121500000 329.10058
OX637743.1 121500000 122000000 330.0
OX637743.1 122000000 122500000 330.00021
OX637743.1 122500000 123000000 330.0
OX637743.1 123000000 123500000 330.0
OX637743.1 123500000 124000000 330.0
OX637743.1 124000000 124500000 330.0
OX637743.1 124500000 125000000 330.00071
OX637743.1 125000000 125500000 330.0
OX637743.1 125500000 126000000 330.0
OX637743.1 126000000 126500000 330.86009
OX637743.1 126500000 127000000 331.97855
OX637743.1 127000000 127500000 332.15638
OX637743.1 127500000 128000000 333.0
OX637743.1 128000000 128500000 333.0
OX637743.1 128500000 129000000 333.0
OX637743.1 129000000 129500000 333.0
OX637743.1 129500000 130000000 333.0
OX637743.1 130000000 130500000 333.0
OX637743.1 130500000 131000000 333.0
OX637743.1 131000000 131500000 333.0
OX637743.1 131500000 132000000 333.93931
OX637743.1 132000000 132500000 334.32742
OX637743.1 132500000 133000000 335.00032
OX637743.1 133000000 133500000 335.0
OX637743.1 133500000 134000000 335.0
OX637743.1 134000000 134500000 335.00047
OX637743.1 134500000 135000000 335.0
OX637743.1 135000000 135500000 334.03445
OX637743.1 135500000 136000000 334.0
OX637743.1 136000000 136500000 334.11978
OX637743.1 136500000 137000000 335.00022
OX637743.1 137000000 137500000 335.53791
OX637743.1 137500000 138000000 337.13605
OX637743.1 138000000 138500000 338.0
OX637743.1 138500000 139000000 338.19092
OX637743.1 139000000 139500000 339.0
OX637743.1 139500000 140000000 339.0
OX637743.1 140000000 140500000 338.13909
OX637743.1 140500000 141000000 338.0
OX637743.1 141000000 141500000 338.0
OX637743.1 141500000 142000000 338.0
OX637743.1 142000000 142500000 338.0
OX637743.1 142500000 143000000 338.0
OX637743.1 143000000 143500000 338.0
OX637743.1 143500000 144000000 338.0
OX637743.1 144000000 144500000 338.4299
OX637743.1 144500000 145000000 340.0
OX637743.1 145000000 145500000 340.0
OX637743.1 145500000 146000000 340.0
OX637743.1 146000000 146500000 340.42288
OX637743.1 146500000 147000000 341.0
OX637743.1 147000000 147500000 341.98719
OX637743.1 147500000 148000000 342.94859
OX637743.1 148000000 148500000 343.51488
OX637743.1 148500000 149000000 344.0
OX637743.1 149000000 149500000 344.50404
OX637743.1 149500000 150000000 346.42158
OX637743.1 150000000 150500000 348.66631
OX637743.1 150500000 151000000 349.91188
OX637743.1 151000000 151500000 350.0
OX637743.1 151500000 152000000 350.0
OX637743.1 152000000 152500000 350.8691
OX637743.1 152500000 153000000 351.0
OX637743.1 153000000 153500000 351.0
OX637743.1 153500000 154000000 351.0
OX637743.1 154000000 154500000 351.0
OX637743.1 154500000 155000000 351.0
OX637743.1 155000000 155500000 351.0
OX637743.1 155500000 156000000 351.0
OX637743.1 156000000 156500000 351.00059
OX637743.1 156500000 157000000 351.66808
OX637743.1 157000000 157500000 352.0
OX637743.1 157500000 158000000 352.0
OX637743.1 158000000 158500000 352.0
OX637743.1 158500000 159000000 352.31667
OX637743.1 159000000 159500000 353.0
OX637743.1 159500000 160000000 353.0
OX637743.1 160000000 160500000 353.0
OX637743.1 160500000 161000000 353.0
OX637743.1 161000000 161500000 353.0
OX637743.1 161500000 162000000 353.0
OX637743.1 162000000 162500000 353.0
OX637743.1 162500000 163000000 353.0
OX637743.1 163000000 163500000 353.0
OX637743.1 163500000 164000000 353.72191
OX637743.1 164000000 164500000 354.20842
OX637743.1 164500000 165000000 355.28612
OX637743.1 165000000 165500000 356.0
OX637743.1 165500000 166000000 356.0
OX637743.1 166000000 166500000 356.00032
OX637743.1 166500000 167000000 356.0
OX637743.1 167000000 167500000 356.0
OX637743.1 167500000 168000000 356.0
OX637743.1 168000000 168500000 356.24318
OX637743.1 168500000 169000000 357.0
OX637743.1 169000000 169500000 357.0
OX637743.1 169500000 170000000 357.09282
OX637743.1 170000000 170500000 358.0
OX637743.1 170500000 171000000 358.0
OX637743.1 171000000 171500000 358.0
OX637743.1 171500000 172000000 358.65835
OX637743.1 172000000 172500000 359.0
OX637743.1 172500000 173000000 359.00071
OX637743.1 173000000 173500000 359.0
OX637743.1 173500000 174000000 359.0
OX637743.1 174000000 174500000 359.0
OX637743.1 174500000 175000000 359.0
OX637743.1 175000000 175500000 359.0
OX637743.1 175500000 176000000 359.0
OX637743.1 176000000 176500000 359.0
OX637743.1 176500000 177000000 359.0
OX637743.1 177000000 177500000 359.0
OX637743.1 177500000 178000000 359.0
OX637743.1 178000000 178500000 359.0
OX637743.1 178500000 179000000 359.0
OX637743.1 179000000 179500000 358.77994
OX637743.1 179500000 180000000 358.88543
OX637743.1 180000000 180500000 358.89562
OX637743.1 180500000 181000000 358.0
OX637743.1 181000000 181500000 358.0
OX637743.1 181500000 182000000 358.0
OX637743.1 182000000 182500000 358.0
OX637743.1 182500000 183000000 358.0
OX637743.1 183000000 183500000 358.0
OX637743.1 183500000 184000000 358.0
OX637743.1 184000000 184500000 358.0
OX637743.1 184500000 185000000 358.0
OX637743.1 185000000 185500000 358.0
OX637743.1 185500000 186000000 358.0
OX637743.1 186000000 186500000 358.0
OX637743.1 186500000 187000000 358.13719
OX637743.1 187000000 187500000 359.0
OX637743.1 187500000 188000000 358.22522
OX637743.1 188000000 188500000 358.0
OX637743.1 188500000 189000000 358.0
OX637743.1 189000000 189500000 358.0
OX637743.1 189500000 190000000 358.0
OX637743.1 190000000 190500000 358.0
OX637743.1 190500000 191000000 358.0
OX637743.1 191000000 191500000 358.0
OX637743.1 191500000 192000000 358.0
OX637743.1 192000000 192500000 358.0002
OX637743.1 192500000 193000000 358.1742
OX637743.1 193000000 193500000 359.0
OX637743.1 193500000 194000000 359.0
OX637743.1 194000000 194500000 359.06562
OX637743.1 194500000 195000000 360.0
OX637743.1 195000000 195500000 360.0
OX637743.1 195500000 196000000 360.0
OX637743.1 196000000 196500000 360.0
OX637743.1 196500000 197000000 360.0
OX637743.1 197000000 197500000 360.0
OX637743.1 197500000 198000000 360.0
OX637743.1 198000000 198500000 360.0
OX637743.1 198500000 199000000 360.0
OX637743.1 199000000 199500000 360.71548
OX637743.1 199500000 200000000 361.0
OX637743.1 200000000 200500000 361.0
OX637743.1 200500000 201000000 361.0
OX637743.1 201000000 201500000 361.0
OX637743.1 201500000 202000000 361.0
OX637743.1 202000000 202500000 361.0
OX637743.1 202500000 203000000 360.78512
OX637743.1 203000000 203500000 360.0
OX637743.1 203500000 204000000 360.0
OX637743.1 204000000 204500000 360.0
OX637743.1 204500000 205000000 360.0
OX637743.1 205000000 205500000 360.91427
OX637743.1 205500000 206000000 361.0
OX637743.1 206000000 206500000 361.0
OX637743.1 206500000 207000000 361.0
OX637743.1 207000000 207500000 361.0
OX637743.1 207500000 208000000 361.0
OX637743.1 208000000 208500000 361.0
OX637743.1 208500000 209000000 361.0
OX637743.1 209000000 209500000 361.0
OX637743.1 209500000 210000000 361.0
OX637743.1 210000000 210500000 361.0
OX637743.1 210500000 211000000 361.0
OX637743.1 211000000 211500000 361.0
OX637743.1 211500000 212000000 361.0
OX637743.1 212000000 212500000 361.0
OX637743.1 212500000 213000000 361.0
OX637743.1 213000000 213500000 361.0
OX637743.1 213500000 214000000 361.0
OX637743.1 214000000 214500000 361.0
OX637743.1 214500000 215000000 361.0
OX637743.1 215000000 215500000 361.0
OX637743.1 215500000 216000000 361.0
OX637743.1 216000000 216500000 361.0
OX637743.1 216500000 217000000 361.0
OX637743.1 217000000 217500000 361.0
OX637743.1 217500000 218000000 361.0
OX637743.1 218000000 218500000 361.0
OX637743.1 218500000 219000000 361.0
OX637743.1 219000000 219500000 361.0
OX637743.1 219500000 220000000 361.0
OX637743.1 220000000 220500000 361.0
OX637743.1 220500000 221000000 361.0
OX637743.1 221000000 221500000 361.0
OX637743.1 221500000 222000000 361.0
OX637743.1 222000000 222500000 361.0
OX637743.1 222500000 223000000 361.0
OX637743.1 223000000 223500000 361.0
OX637743.1 223500000 224000000 361.0
OX637743.1 224000000 224500000 361.0
OX637743.1 224500000 225000000 361.0
OX637743.1 225000000 225500000 361.22347
OX637743.1 225500000 226000000 362.0
OX637743.1 226000000 226500000 362.0
OX637743.1 226500000 227000000 362.0
OX637743.1 227000000 227500000 362.0
OX637743.1 227500000 228000000 362.0
OX637743.1 228000000 228500000 362.0
OX637743.1 228500000 229000000 362.0
OX637743.1 229000000 229500000 362.0
OX637743.1 229500000 230000000 362.0
OX637743.1 230000000 230500000 362.0
OX637743.1 230500000 231000000 362.0
OX637743.1 231000000 231500000 362.0
OX637743.1 231500000 232000000 362.0
OX637743.1 232000000 232500000 362.0
OX637743.1 232500000 233000000 362.0
OX637743.1 233000000 233500000 362.0
OX637743.1 233500000 234000000 362.0
OX637743.1 234000000 234500000 362.0
OX637743.1 234500000 235000000 362.0
OX637743.1 235000000 235500000 362.0
OX637743.1 235500000 236000000 362.0
OX637743.1 236000000 236500000 362.0
OX637743.1 236500000 237000000 362.0
OX637743.1 237000000 237500000 362.0
OX637743.1 237500000 238000000 362.0
OX637743.1 238000000 238500000 362.0
OX637743.1 238500000 239000000 362.0
OX637743.1 239000000 239500000 362.0
OX637743.1 239500000 240000000 362.0
OX637743.1 240000000 240500000 362.0
OX637743.1 240500000 241000000 362.0
OX637743.1 241000000 241500000 362.21811
OX637743.1 241500000 242000000 363.0
OX637743.1 242000000 242500000 363.0
OX637743.1 242500000 243000000 362.51334
OX637743.1 243000000 243500000 362.0
OX637743.1 243500000 244000000 362.0
OX637743.1 244000000 244500000 361.65393
OX637743.1 244500000 245000000 361.0
OX637743.1 245000000 245500000 361.0
OX637743.1 245500000 246000000 361.0
OX637743.1 246000000 246500000 361.0
OX637743.1 246500000 247000000 361.0
OX637743.1 247000000 247500000 361.47969
OX637743.1 247500000 248000000 361.16496
OX637743.1 248000000 248500000 361.0
OX637743.1 248500000 249000000 361.0
OX637743.1 249000000 249500000 361.0
OX637743.1 249500000 250000000 361.0
OX637743.1 250000000 250500000 361.0
OX637743.1 250500000 251000000 361.0
OX637743.1 251000000 251500000 361.0
OX637743.1 251500000 252000000 361.0
OX637743.1 252000000 252500000 361.0
OX637743.1 252500000 253000000 361.0
OX637743.1 253000000 253500000 361.0
OX637743.1 253500000 254000000 361.0
OX637743.1 254000000 254500000 361.0
OX637743.1 254500000 255000000 361.0
OX637743.1 255000000 255500000 361.0
OX637743.1 255500000 256000000 361.0
OX637743.1 256000000 256500000 361.0
OX637743.1 256500000 257000000 361.0
OX637743.1 257000000 257500000 361.0
OX637743.1 257500000 258000000 361.0
OX637743.1 258000000 258500000 361.0
OX637743.1 258500000 259000000 361.0
OX637743.1 259000000 259500000 361.0
OX637743.1 259500000 260000000 361.80813
OX637743.1 260000000 260500000 362.0
OX637743.1 260500000 261000000 362.0
OX637743.1 261000000 261500000 362.0
OX637743.1 261500000 262000000 362.0
OX637743.1 262000000 262500000 362.0
OX637743.1 262500000 263000000 362.0
OX637743.1 263000000 263500000 362.0
OX637743.1 263500000 264000000 362.0
OX637743.1 264000000 264500000 362.0
OX637743.1 264500000 265000000 362.0
OX637743.1 265000000 265500000 362.0
OX637743.1 265500000 266000000 362.0
OX637743.1 266000000 266500000 362.0
OX637743.1 266500000 267000000 362.0
OX637743.1 267000000 267500000 362.0
OX637743.1 267500000 268000000 362.0
OX637743.1 268000000 268500000 362.0
OX637743.1 268500000 269000000 362.0
OX637743.1 269000000 269500000 362.0
OX637743.1 269500000 270000000 362.0
OX637743.1 270000000 270500000 362.0
OX637743.1 270500000 271000000 362.0
OX637743.1 271000000 271500000 362.0
OX637743.1 271500000 272000000 362.75441
OX637743.1 272000000 272500000 363.0
OX637743.1 272500000 273000000 363.0
OX637743.1 273000000 273500000 363.29823
OX637743.1 273500000 274000000 363.0
OX637743.1 274000000 274500000 363.88716
OX637743.1 274500000 275000000 364.0
OX637743.1 275000000 275500000 364.0
OX637743.1 275500000 276000000 364.0
OX637743.1 276000000 276500000 364.0
OX637743.1 276500000 277000000 364.0
OX637743.1 277000000 277500000 364.0
OX637743.1 277500000 278000000 364.0
OX637743.1 278000000 278500000 364.0
OX637743.1 278500000 279000000 364.0
OX637743.1 279000000 279500000 364.0
OX637743.1 279500000 280000000 364.0
OX637743.1 280000000 280500000 364.99815
OX637743.1 280500000 281000000 365.0
OX637743.1 281000000 281500000 365.0
OX637743.1 281500000 282000000 365.0
OX637743.1 282000000 282500000 365.0
OX637743.1 282500000 283000000 365.0
OX637743.1 283000000 283500000 365.0
OX637743.1 283500000 284000000 365.0
OX637743.1 284000000 284500000 365.0
OX637743.1 284500000 285000000 365.0
OX637743.1 285000000 285500000 365.0
OX637743.1 285500000 286000000 365.0
OX637743.1 286000000 286500000 365.0
OX637743.1 286500000 287000000 365.0
OX637743.1 287000000 287500000 365.0
OX637743.1 287500000 288000000 365.0
OX637743.1 288000000 288500000 365.0
OX637743.1 288500000 289000000 365.56806
OX637743.1 289000000 289500000 365.0
OX637743.1 289500000 290000000 365.0
OX637743.1 290000000 290500000 365.47076
OX637743.1 290500000 291000000 366.0
OX637743.1 291000000 291500000 366.0
OX637743.1 291500000 292000000 366.0
OX637743.1 292000000 292500000 366.90964
OX637743.1 292500000 293000000 367.0
OX637743.1 293000000 293500000 367.0
OX637743.1 293500000 294000000 367.0
OX637743.1 294000000 294500000 367.0
OX637743.1 294500000 295000000 367.0
OX637743.1 295000000 295500000 367.0
OX637743.1 295500000 296000000 367.0
OX637743.1 296000000 296500000 367.77533
OX637743.1 296500000 297000000 368.80445
OX637743.1 297000000 297500000 369.0
OX637743.1 297500000 298000000 369.0
OX637743.1 298000000 298500000 369.0
OX637743.1 298500000 299000000 369.0
OX637743.1 299000000 299500000 369.0
OX637743.1 299500000 300000000 369.0
OX637743.1 300000000 300500000 368.85396
OX637743.1 300500000 301000000 368.0
OX637743.1 301000000 301500000 368.0
OX637743.1 301500000 302000000 368.0
OX637743.1 302000000 302500000 368.0
OX637743.1 302500000 303000000 368.0
OX637743.1 303000000 303500000 368.0
OX637743.1 303500000 304000000 368.0
OX637743.1 304000000 304500000 368.0
OX637743.1 304500000 305000000 368.0
OX637743.1 305000000 305500000 367.73889
OX637743.1 305500000 306000000 367.0
OX637743.1 306000000 306500000 367.90749
OX637743.1 306500000 307000000 368.0
OX637743.1 307000000 307500000 368.0
OX637743.1 307500000 308000000 368.0
OX637743.1 308000000 308500000 368.0
OX637743.1 308500000 309000000 368.0
OX637743.1 309000000 309500000 368.0
OX637743.1 309500000 310000000 368.0
OX637743.1 310000000 310500000 368.0
OX637743.1 310500000 311000000 368.0
OX637743.1 311000000 311500000 368.0
OX637743.1 311500000 312000000 368.0
OX637743.1 312000000 312500000 368.0
OX637743.1 312500000 313000000 368.0
OX637743.1 313000000 313500000 368.0
OX637743.1 313500000 314000000 366.21799
OX637743.1 314000000 314500000 366.0
OX637743.1 314500000 315000000 366.0
OX637743.1 315000000 315500000 366.00043
OX637743.1 315500000 316000000 366.0
OX637743.1 316000000 316500000 366.0
OX637743.1 316500000 317000000 366.0
OX637743.1 317000000 317500000 366.9763
OX637743.1 317500000 318000000 367.0
OX637743.1 318000000 318500000 366.25891
OX637743.1 318500000 319000000 366.0
OX637743.1 319000000 319500000 366.0
OX637743.1 319500000 320000000 366.0
OX637743.1 320000000 320500000 366.0
OX637743.1 320500000 321000000 366.00183
OX637743.1 321000000 321500000 366.0
OX637743.1 321500000 322000000 366.0
OX637743.1 322000000 322500000 366.0
OX637743.1 322500000 323000000 366.0
OX637743.1 323000000 323500000 366.0
OX637743.1 323500000 324000000 365.05826
OX637743.1 324000000 324500000 364.87387
OX637743.1 324500000 325000000 364.0
OX637743.1 325000000 325500000 364.00023
OX637743.1 325500000 326000000 364.0
OX637743.1 326000000 326500000 364.0
OX637743.1 326500000 327000000 364.0
OX637743.1 327000000 327500000 364.26372
OX637743.1 327500000 328000000 364.69202
OX637743.1 328000000 328500000 365.0
OX637743.1 328500000 329000000 365.0
OX637743.1 329000000 329500000 365.0
OX637743.1 329500000 330000000 365.0
OX637743.1 330000000 330500000 365.0
OX637743.1 330500000 331000000 365.0
OX637743.1 331000000 331500000 364.36431
OX637743.1 331500000 332000000 363.89814
OX637743.1 332000000 332500000 363.0
OX637743.1 332500000 333000000 363.0
OX637743.1 333000000 333500000 362.1538
OX637743.1 333500000 334000000 361.78894
OX637743.1 334000000 334500000 360.0
OX637743.1 334500000 335000000 358.98371
OX637743.1 335000000 335500000 358.0
OX637743.1 335500000 336000000 358.11842
OX637743.1 336000000 336500000 359.0
OX637743.1 336500000 337000000 359.00061
OX637743.1 337000000 337500000 358.91109
OX637743.1 337500000 338000000 358.0
OX637743.1 338000000 338500000 358.0
OX637743.1 338500000 339000000 358.0
OX637743.1 339000000 339500000 358.79283
OX637743.1 339500000 340000000 358.37961
OX637743.1 340000000 340500000 358.0
OX637743.1 340500000 341000000 356.25861
OX637743.1 341000000 341500000 356.0
OX637743.1 341500000 342000000 356.0
OX637743.1 342000000 342500000 356.0
OX637743.1 342500000 343000000 356.0
OX637743.1 343000000 343500000 356.0
OX637743.1 343500000 344000000 355.15912
OX637743.1 344000000 344500000 355.0
OX637743.1 344500000 345000000 354.42605
OX637743.1 345000000 345500000 354.0
OX637743.1 345500000 346000000 354.0
OX637743.1 346000000 346500000 354.0
OX637743.1 346500000 347000000 354.0
OX637743.1 347000000 347500000 352.40847
OX637743.1 347500000 348000000 352.65885
OX637743.1 348000000 348500000 353.0
OX637743.1 348500000 349000000 353.00119
OX637743.1 349000000 349500000 353.0
OX637743.1 349500000 350000000 353.0
OX637743.1 350000000 350500000 353.86804
OX637743.1 350500000 351000000 354.0
OX637743.1 351000000 351500000 354.0
OX637743.1 351500000 352000000 354.39549
OX637743.1 352000000 352500000 355.0
OX637743.1 352500000 353000000 355.0
OX637743.1 353000000 353500000 355.0
OX637743.1 353500000 354000000 355.90247
OX637743.1 354000000 354500000 356.0
OX637743.1 354500000 355000000 356.0
OX637743.1 355000000 355500000 356.0
OX637743.1 355500000 356000000 354.90203
OX637743.1 356000000 356500000 354.0
OX637743.1 356500000 357000000 354.0
OX637743.1 357000000 357500000 354.0
OX637743.1 357500000 358000000 354.0
OX637743.1 358000000 358500000 354.0
OX637743.1 358500000 359000000 354.0
OX637743.1 359000000 359500000 354.68091
OX637743.1 359500000 360000000 355.0
OX637743.1 360000000 360500000 354.96085
OX637743.1 360500000 361000000 354.99222
OX637743.1 361000000 361500000 353.76502
OX637743.1 361500000 362000000 353.0
OX637743.1 362000000 362500000 353.0
OX637743.1 362500000 363000000 353.0
OX637743.1 363000000 363500000 353.0
OX637743.1 363500000 364000000 353.2019
OX637743.1 364000000 364500000 353.00065
OX637743.1 364500000 365000000 353.0
OX637743.1 365000000 365500000 353.0
OX637743.1 365500000 366000000 352.96599
OX637743.1 366000000 366500000 352.0
OX637743.1 366500000 367000000 351.83472
OX637743.1 367000000 367500000 351.0
OX637743.1 367500000 368000000 351.0
OX637743.1 368000000 368500000 351.0
OX637743.1 368500000 369000000 351.0
OX637743.1 369000000 369500000 351.0
OX637743.1 369500000 370000000 351.0
OX637743.1 370000000 370500000 351.0
OX637743.1 370500000 371000000 351.0
OX637743.1 371000000 371500000 351.0
OX637743.1 371500000 372000000 351.0
OX637743.1 372000000 372500000 351.0
OX637743.1 372500000 373000000 351.0
OX637743.1 373000000 373500000 351.0
OX637743.1 373500000 374000000 351.0
OX637743.1 374000000 374500000 350.93735
OX637743.1 374500000 375000000 350.0
OX637743.1 375000000 375500000 349.99466
OX637743.1 375500000 376000000 349.6697
OX637743.1 376000000 376500000 348.13926
OX637743.1 376500000 377000000 347.0
OX637743.1 377000000 377500000 347.0
OX637743.1 377500000 378000000 347.0
OX637743.1 378000000 378500000 347.0
OX637743.1 378500000 379000000 347.0
OX637743.1 379000000 379500000 346.8118
OX637743.1 379500000 380000000 346.0
OX637743.1 380000000 380500000 346.0
OX637743.1 380500000 381000000 346.0
OX637743.1 381000000 381500000 345.18257
OX637743.1 381500000 382000000 345.0
OX637743.1 382000000 382500000 345.0
OX637743.1 382500000 383000000 345.00021
OX637743.1 383000000 383500000 345.00126
OX637743.1 383500000 384000000 345.0
OX637743.1 384000000 384500000 345.0
OX637743.1 384500000 385000000 345.0
OX637743.1 385000000 385500000 345.0
OX637743.1 385500000 386000000 345.0
OX637743.1 386000000 386500000 344.00638
OX637743.1 386500000 387000000 344.0
OX637743.1 387000000 387500000 344.72531
OX637743.1 387500000 388000000 344.19791
OX637743.1 388000000 388500000 343.0
OX637743.1 388500000 389000000 343.0
OX637743.1 389000000 389500000 343.0
OX637743.1 389500000 390000000 343.0
OX637743.1 390000000 390500000 343.0
OX637743.1 390500000 391000000 343.0
OX637743.1 391000000 391500000 343.0
OX637743.1 391500000 392000000 343.0
OX637743.1 392000000 392500000 343.28163
OX637743.1 392500000 393000000 343.14189
OX637743.1 393000000 393500000 342.70277
OX637743.1 393500000 394000000 341.89907
OX637743.1 394000000 394500000 341.0
OX637743.1 394500000 395000000 341.0
OX637743.1 395000000 395500000 340.24733
OX637743.1 395500000 396000000 339.93931
OX637743.1 396000000 396500000 339.0
OX637743.1 396500000 397000000 339.0
OX637743.1 397000000 397500000 339.0
OX637743.1 397500000 398000000 338.7247
OX637743.1 398000000 398500000 338.0
OX637743.1 398500000 399000000 338.0
OX637743.1 399000000 399500000 338.76353
OX637743.1 399500000 400000000 338.71499
OX637743.1 400000000 400500000 337.36596
OX637743.1 400500000 401000000 338.0
OX637743.1 401000000 401500000 338.0
OX637743.1 401500000 402000000 337.44405
OX637743.1 402000000 402500000 337.0
OX637743.1 402500000 403000000 337.00028
OX637743.1 403000000 403500000 337.0
OX637743.1 403500000 404000000 336.5521
OX637743.1 404000000 404500000 336.0
OX637743.1 404500000 405000000 336.60619
OX637743.1 405000000 405500000 337.0
OX637743.1 405500000 406000000 337.0
OX637743.1 406000000 406500000 337.0
OX637743.1 406500000 407000000 337.0
OX637743.1 407000000 407500000 337.0
OX637743.1 407500000 408000000 337.00042
OX637743.1 408000000 408500000 337.0
OX637743.1 408500000 409000000 337.0
OX637743.1 409000000 409500000 336.02493
OX637743.1 409500000 410000000 335.82276
OX637743.1 410000000 410500000 335.0
OX637743.1 410500000 411000000 335.0
OX637743.1 411000000 411500000 335.0
OX637743.1 411500000 412000000 334.18496
OX637743.1 412000000 412500000 334.0
OX637743.1 412500000 413000000 333.37588
OX637743.1 413000000 413500000 333.0
OX637743.1 413500000 414000000 332.14148
OX637743.1 414000000 414500000 332.0
OX637743.1 414500000 415000000 332.0
OX637743.1 415000000 415500000 331.04365
OX637743.1 415500000 416000000 331.0
OX637743.1 416000000 416500000 331.0
OX637743.1 416500000 417000000 331.0
OX637743.1 417000000 417500000 331.0
OX637743.1 417500000 418000000 331.0
OX637743.1 418000000 418500000 331.0
OX637743.1 418500000 419000000 330.745
OX637743.1 419000000 419500000 329.0
OX637743.1 419500000 420000000 329.0
OX637743.1 420000000 420500000 328.99532
OX637743.1 420500000 421000000 327.67737
OX637743.1 421000000 421500000 327.00109
OX637743.1 421500000 422000000 327.0
OX637743.1 422000000 422500000 327.0
OX637743.1 422500000 423000000 326.28904
OX637743.1 423000000 423500000 326.0
OX637743.1 423500000 424000000 326.0
OX637743.1 424000000 424500000 325.94078
OX637743.1 424500000 425000000 325.0
OX637743.1 425000000 425500000 325.0
OX637743.1 425500000 426000000 325.0
OX637743.1 426000000 426500000 325.00053
OX637743.1 426500000 427000000 324.5211
OX637743.1 427000000 427500000 323.62613
OX637743.1 427500000 428000000 322.63771
OX637743.1 428000000 428500000 322.06863
OX637743.1 428500000 429000000 321.473
OX637743.1 429000000 429500000 320.56159
OX637743.1 429500000 430000000 320.0
OX637743.1 430000000 430500000 320.0
OX637743.1 430500000 431000000 319.31706
OX637743.1 431000000 431500000 318.0
OX637743.1 431500000 432000000 318.0
OX637743.1 432000000 432500000 318.00029
OX637743.1 432500000 433000000 318.0
OX637743.1 433000000 433500000 317.3516
OX637743.1 433500000 434000000 316.56232
OX637743.1 434000000 434500000 315.0
OX637743.1 434500000 435000000 314.68053
OX637743.1 435000000 435500000 313.46226
OX637743.1 435500000 436000000 313.60973
OX637743.1 436000000 436500000 314.0
OX637743.1 436500000 437000000 312.27495
OX637743.1 437000000 437500000 312.00092
OX637743.1 437500000 438000000 312.0
OX637743.1 438000000 438500000 312.0
OX637743.1 438500000 439000000 312.0
OX637743.1 439000000 439500000 312.0
OX637743.1 439500000 440000000 311.10758
OX637743.1 440000000 440500000 310.0
OX637743.1 440500000 441000000 308.56575
OX637743.1 441000000 441500000 308.0
OX637743.1 441500000 442000000 308.0
OX637743.1 442000000 442500000 308.00018
OX637743.1 442500000 443000000 308.0
OX637743.1 443000000 443500000 307.46864
OX637743.1 443500000 444000000 307.0
OX637743.1 444000000 444500000 307.0
OX637743.1 444500000 445000000 307.0
OX637743.1 445000000 445500000 306.214
OX637743.1 445500000 446000000 306.0
OX637743.1 446000000 446500000 306.00584
OX637743.1 446500000 447000000 306.00156
OX637743.1 447000000 447500000 305.70975
OX637743.1 447500000 448000000 305.0
OX637743.1 448000000 448500000 303.62903
OX637743.1 448500000 449000000 303.0
OX637743.1 449000000 449500000 303.0
OX637743.1 449500000 450000000 302.47768
OX637743.1 450000000 450500000 300.04358
OX637743.1 450500000 451000000 300.0
OX637743.1 451000000 451500000 299.80679
OX637743.1 451500000 452000000 299.0
OX637743.1 452000000 452500000 297.98314
OX637743.1 452500000 453000000 296.6921
OX637743.1 453000000 453500000 296.0
OX637743.1 453500000 454000000 296.0004
OX637743.1 454000000 454500000 295.4018
OX637743.1 454500000 455000000 294.0
OX637743.1 455000000 455500000 294.0
OX637743.1 455500000 456000000 294.0
OX637743.1 456000000 456500000 294.0
OX637743.1 456500000 457000000 293.44967
OX637743.1 457000000 457500000 293.0
OX637743.1 457500000 458000000 292.56707
OX637743.1 458000000 458500000 291.02708
OX637743.1 458500000 459000000 289.81032
OX637743.1 459000000 459500000 288.17019
OX637743.1 459500000 460000000 287.74843
OX637743.1 460000000 460500000 287.0
OX637743.1 460500000 461000000 287.0
OX637743.1 461000000 461500000 286.24277
OX637743.1 461500000 462000000 284.64769
OX637743.1 462000000 462500000 284.0
OX637743.1 462500000 463000000 283.33462
OX637743.1 463000000 463500000 281.48272
OX637743.1 463500000 464000000 279.44693
OX637743.1 464000000 464500000 278.00089
OX637743.1 464500000 465000000 277.00708
OX637743.1 465000000 465500000 275.41736
OX637743.1 465500000 466000000 274.0
OX637743.1 466000000 466500000 274.0
OX637743.1 466500000 467000000 274.15124
OX637743.1 467000000 467500000 273.29328
OX637743.1 467500000 468000000 273.0
OX637743.1 468000000 468500000 272.62188
OX637743.1 468500000 469000000 270.21811
OX637743.1 469000000 469500000 266.62183
OX637743.1 469500000 470000000 265.06532
OX637743.1 470000000 470500000 263.11116
OX637743.1 470500000 471000000 260.94547
OX637743.1 471000000 471500000 259.79746
OX637743.1 471500000 472000000 258.0
OX637743.1 472000000 472500000 256.9436
OX637743.1 472500000 473000000 254.17505
OX637743.1 473000000 473500000 253.94418
OX637743.1 473500000 474000000 251.85493
OX637743.1 474000000 474500000 247.4669
OX637743.1 474500000 475000000 247.511
OX637743.1 475000000 475500000 245.97108
OX637743.1 475500000 476000000 242.75123
OX637743.1 476000000 476500000 240.83355
OX637743.1 476500000 477000000 240.00045
OX637743.1 477000000 477500000 239.23544
OX637743.1 477500000 478000000 237.07974
OX637743.1 478000000 478500000 235.83805
OX637743.1 478500000 479000000 234.69263
OX637743.1 479000000 479500000 234.0
OX637743.1 479500000 480000000 233.58479
OX637743.1 480000000 480500000 231.89023
OX637743.1 480500000 481000000 231.0
OX637743.1 481000000 481500000 230.67764
OX637743.1 481500000 482000000 228.90246
OX637743.1 482000000 482500000 225.842
OX637743.1 482500000 483000000 224.13308
OX637743.1 483000000 483500000 221.31557
OX637743.1 483500000 484000000 220.19736
OX637743.1 484000000 484500000 217.40312
OX637743.1 484500000 485000000 214.63445
OX637743.1 485000000 485500000 210.55105
OX637743.1 485500000 486000000 208.76845
OX637743.1 486000000 486500000 208.0
OX637743.1 486500000 487000000 205.81187
OX637743.1 487000000 487500000 201.84391
OX637743.1 487500000 488000000 197.03358
OX637743.1 488000000 488500000 192.2229
OX637743.1 488500000 489000000 190.27273
OX637743.1 489000000 489500000 189.21279
OX637743.1 489500000 490000000 186.73175
OX637743.1 490000000 490500000 184.64282
OX637743.1 490500000 491000000 181.4841
OX637743.1 491000000 491500000 179.00059
OX637743.1 491500000 492000000 176.7479
OX637743.1 492000000 492500000 175.56604
OX637743.1 492500000 493000000 172.55853
OX637743.1 493000000 493500000 170.45186
OX637743.1 493500000 494000000 168.06444
OX637743.1 494000000 494500000 164.01244
OX637743.1 494500000 495000000 162.51057
OX637743.1 495000000 495500000 158.67695
OX637743.1 495500000 496000000 156.20481
OX637743.1 496000000 496500000 154.53368
OX637743.1 496500000 497000000 152.58051
OX637743.1 497000000 497500000 152.0
OX637743.1 497500000 498000000 146.0167
OX637743.1 498000000 498500000 139.82059
OX637743.1 498500000 499000000 137.75673
OX637743.1 499000000 499500000 134.66201
OX637743.1 499500000 500000000 132.72188
OX637743.1 500000000 500500000 125.39953
OX637743.1 500500000 501000000 112.55836
OX637743.1 501000000 501500000 107.9649
OX637743.1 501500000 502000000 105.43192
OX637743.1 502000000 502500000 99.1614
OX637743.1 502500000 503000000 90.65088
OX637743.1 503000000 503500000 83.66705
OX637743.1 503500000 504000000 80.26651
OX637743.1 504000000 504500000 76.3602
OX637743.1 504500000 505000000 71.53562
OX637743.1 505000000 505500000 58.31019
OX637743.1 505500000 506000000 46.71654
OX637743.1 506000000 506500000 43.51666
OX637743.1 506500000 507000000 32.12591
OX637743.1 507000000 507500000 27.70746
OX637743.1 507500000 508000000 23.63384
OX637743.1 508000000 508500000 20.04104
OX637743.1 508500000 509000000 16.23551
OX637743.1 509000000 509500000 16.0
OX637743.1 509500000 510000000 16.0
OX637743.1 510000000 510500000 14.96791
OX637743.1 510500000 511000000 13.0
OX637743.1 511000000 511500000 13.0
OX637743.1 511500000 512000000 12.03404
OX637743.1 512000000 512500000 5.07635
OX637743.1 512500000 513000000 2.0
OX637743.1 513000000 513500000 1.53755
OX637743.1 513500000 514000000 0.0
OX637743.1 514000000 514500000 0.0
OX637743.1 514500000 515000000 0.0
OX637743.1 515000000 515068141 0.0
OX637750.1 0 500000 1.81361
OX637750.1 500000 1000000 4.78837
OX637750.1 1000000 1500000 8.08153
OX637750.1 1500000 2000000 12.0
OX637750.1 2000000 2500000 12.0
OX637750.1 2500000 3000000 12.27
OX637750.1 3000000 3500000 18.38197
OX637750.1 3500000 4000000 21.0
OX637750.1 4000000 4500000 21.91535
OX637750.1 4500000 5000000 24.77379
OX637750.1 5000000 5500000 28.0
OX637750.1 5500000 6000000 28.0
OX637750.1 6000000 6500000 28.3371
OX637750.1 6500000 7000000 30.27533
OX637750.1 7000000 7500000 34.6125
OX637750.1 7500000 8000000 36.0
OX637750.1 8000000 8500000 36.0
OX637750.1 8500000 9000000 36.0
OX637750.1 9000000 9500000 36.0
OX637750.1 9500000 10000000 36.0
OX637750.1 10000000 10500000 36.0
OX637750.1 10500000 11000000 36.15128
OX637750.1 11000000 11500000 41.90171
OX637750.1 11500000 12000000 44.20528
OX637750.1 12000000 12500000 47.44113
OX637750.1 12500000 13000000 51.05714
OX637750.1 13000000 13500000 56.57508
OX637750.1 13500000 14000000 63.30192
OX637750.1 14000000 14500000 64.46013
OX637750.1 14500000 15000000 65.0
OX637750.1 15000000 15500000 65.51643
OX637750.1 15500000 16000000 68.42619
OX637750.1 16000000 16500000 72.0636
OX637750.1 16500000 17000000 73.87708
OX637750.1 17000000 17500000 76.71784
OX637750.1 17500000 18000000 79.8287
OX637750.1 18000000 18500000 81.14003
OX637750.1 18500000 19000000 82.03247
OX637750.1 19000000 19500000 83.0
OX637750.1 19500000 20000000 83.0
OX637750.1 20000000 20500000 83.0
OX637750.1 20500000 21000000 83.0
OX637750.1 21000000 21500000 84.47852
OX637750.1 21500000 22000000 85.0
OX637750.1 22000000 22500000 85.33217
OX637750.1 22500000 23000000 86.21921
OX637750.1 23000000 23500000 88.53574
OX637750.1 23500000 24000000 91.53266
OX637750.1 24000000 24500000 92.0
OX637750.1 24500000 25000000 93.99748
OX637750.1 25000000 25500000 96.2416
OX637750.1 25500000 26000000 98.33205
OX637750.1 26000000 26500000 100.11178
OX637750.1 26500000 27000000 101.0
OX637750.1 27000000 27500000 101.73166
OX637750.1 27500000 28000000 104.19774
OX637750.1 28000000 28500000 105.17174
OX637750.1 28500000 29000000 108.0278
OX637750.1 29000000 29500000 109.0
OX637750.1 29500000 30000000 109.2696
OX637750.1 30000000 30500000 110.88165
OX637750.1 30500000 31000000 111.0
OX637750.1 31000000 31500000 111.17868
OX637750.1 31500000 32000000 114.33822
OX637750.1 32000000 32500000 116.96901
OX637750.1 32500000 33000000 117.0
OX637750.1 33000000 33500000 118.93605
OX637750.1 33500000 34000000 121.41302
OX637750.1 34000000 34500000 122.38731
OX637750.1 34500000 35000000 124.79315
OX637750.1 35000000 35500000 125.83829
OX637750.1 35500000 36000000 127.0
OX637750.1 36000000 36500000 127.0
OX637750.1 36500000 37000000 127.0
OX637750.1 37000000 37500000 127.96338
OX637750.1 37500000 38000000 131.49728
OX637750.1 38000000 38500000 132.00016
OX637750.1 38500000 39000000 133.78565
OX637750.1 39000000 39500000 135.77425
OX637750.1 39500000 40000000 138.06584
OX637750.1 40000000 40500000 139.86957
OX637750.1 40500000 41000000 141.0
OX637750.1 41000000 41500000 141.0
OX637750.1 41500000 42000000 142.42949
OX637750.1 42000000 42500000 144.66463
OX637750.1 42500000 43000000 145.0
OX637750.1 43000000 43500000 145.05672
OX637750.1 43500000 44000000 147.46377
OX637750.1 44000000 44500000 148.60301
OX637750.1 44500000 45000000 149.0
OX637750.1 45000000 45500000 149.0
OX637750.1 45500000 46000000 149.41866
OX637750.1 46000000 46500000 151.2735
OX637750.1 46500000 47000000 152.10317
OX637750.1 47000000 47500000 153.0
OX637750.1 47500000 48000000 153.00074
OX637750.1 48000000 48500000 154.83125
OX637750.1 48500000 49000000 155.0
OX637750.1 49000000 49500000 155.0
OX637750.1 49500000 50000000 155.0
OX637750.1 50000000 50500000 157.39374
OX637750.1 50500000 51000000 159.18266
OX637750.1 51000000 51500000 160.6419
OX637750.1 51500000 52000000 161.00037
OX637750.1 52000000 52500000 163.00513
OX637750.1 52500000 53000000 165.0
OX637750.1 53000000 53500000 165.0
OX637750.1 53500000 54000000 165.75289
OX637750.1 54000000 54500000 167.59602
OX637750.1 54500000 55000000 168.15676
OX637750.1 55000000 55500000 169.55055
OX637750.1 55500000 56000000 170.52982
OX637750.1 56000000 56500000 171.0
OX637750.1 56500000 57000000 171.0
OX637750.1 57000000 57500000 171.0
OX637750.1 57500000 58000000 171.0
OX637750.1 58000000 58500000 171.0
OX637750.1 58500000 59000000 172.73996
OX637750.1 59000000 59500000 174.0
OX637750.1 59500000 60000000 174.0111
OX637750.1 60000000 60500000 175.0
OX637750.1 60500000 61000000 175.0
OX637750.1 61000000 61500000 175.61752
OX637750.1 61500000 62000000 176.77592
OX637750.1 62000000 62500000 177.0004
OX637750.1 62500000 63000000 177.23525
OX637750.1 63000000 63500000 178.12175
OX637750.1 63500000 64000000 179.0
OX637750.1 64000000 64500000 179.0
OX637750.1 64500000 65000000 179.37814
OX637750.1 65000000 65500000 182.0
OX637750.1 65500000 66000000 182.0
OX637750.1 66000000 66500000 182.37293
OX637750.1 66500000 67000000 184.0
OX637750.1 67000000 67500000 185.57613
OX637750.1 67500000 68000000 186.14343
OX637750.1 68000000 68500000 187.48239
OX637750.1 68500000 69000000 188.0
OX637750.1 69000000 69500000 188.35651
OX637750.1 69500000 70000000 189.51706
OX637750.1 70000000 70500000 191.0
OX637750.1 70500000 71000000 191.51386
OX637750.1 71000000 71500000 192.0
OX637750.1 71500000 72000000 192.20095
OX637750.1 72000000 72500000 193.0
OX637750.1 72500000 73000000 193.0
OX637750.1 73000000 73500000 194.66507
OX637750.1 73500000 74000000 197.98326
OX637750.1 74000000 74500000 198.0
OX637750.1 74500000 75000000 198.0
OX637750.1 75000000 75500000 198.0
OX637750.1 75500000 76000000 198.96927
OX637750.1 76000000 76500000 199.30962
OX637750.1 76500000 77000000 200.74643
OX637750.1 77000000 77500000 201.00126
OX637750.1 77500000 78000000 201.30524
OX637750.1 78000000 78500000 203.99418
OX637750.1 78500000 79000000 204.21372
OX637750.1 79000000 79500000 205.00116
OX637750.1 79500000 80000000 205.00036
OX637750.1 80000000 80500000 205.0
OX637750.1 80500000 81000000 205.0
OX637750.1 81000000 81500000 206.92524
OX637750.1 81500000 82000000 208.0
OX637750.1 82000000 82500000 208.75157
OX637750.1 82500000 83000000 211.23304
OX637750.1 83000000 83500000 212.00065
OX637750.1 83500000 84000000 212.45424
OX637750.1 84000000 84500000 213.0
OX637750.1 84500000 85000000 213.00057
OX637750.1 85000000 85500000 213.0
OX637750.1 85500000 86000000 213.0
OX637750.1 86000000 86500000 213.82599
OX637750.1 86500000 87000000 214.0
OX637750.1 87000000 87500000 214.78929
OX637750.1 87500000 88000000 215.28967
OX637750.1 88000000 88500000 217.54586
OX637750.1 88500000 89000000 217.27248
OX637750.1 89000000 89500000 217.0
OX637750.1 89500000 90000000 217.0
OX637750.1 90000000 90500000 217.0
OX637750.1 90500000 91000000 217.00065
OX637750.1 91000000 91500000 217.0
OX637750.1 91500000 92000000 217.0
OX637750.1 92000000 92500000 217.0
OX637750.1 92500000 93000000 217.0
OX637750.1 93000000 93500000 217.0
OX637750.1 93500000 94000000 217.0
OX637750.1 94000000 94500000 217.49443
OX637750.1 94500000 95000000 218.00034
OX637750.1 95000000 95500000 218.0
OX637750.1 95500000 96000000 218.67497
OX637750.1 96000000 96500000 219.90328
OX637750.1 96500000 97000000 220.13165
OX637750.1 97000000 97500000 221.0
OX637750.1 97500000 98000000 221.0
OX637750.1 98000000 98500000 221.00096
OX637750.1 98500000 99000000 221.0193
OX637750.1 99000000 99500000 222.00023
OX637750.1 99500000 100000000 222.0
OX637750.1 100000000 100500000 222.0
OX637750.1 100500000 101000000 222.86954
OX637750.1 101000000 101500000 223.0
OX637750.1 101500000 102000000 223.0
OX637750.1 102000000 102500000 223.60224
OX637750.1 102500000 103000000 224.33292
OX637750.1 103000000 103500000 226.0
OX637750.1 103500000 104000000 226.0
OX637750.1 104000000 104500000 226.299
OX637750.1 104500000 105000000 227.91196
OX637750.1 105000000 105500000 228.0
OX637750.1 105500000 106000000 228.0
OX637750.1 106000000 106500000 228.0
OX637750.1 106500000 107000000 228.0
OX637750.1 107000000 107500000 228.0
OX637750.1 107500000 108000000 228.0
OX637750.1 108000000 108500000 228.0
OX637750.1 108500000 109000000 228.37103
OX637750.1 109000000 109500000 229.00104
OX637750.1 109500000 110000000 229.00051
OX637750.1 110000000 110500000 229.0
OX637750.1 110500000 111000000 229.0
OX637750.1 111000000 111500000 229.0
OX637750.1 111500000 112000000 229.0
OX637750.1 112000000 112500000 229.0
OX637750.1 112500000 113000000 229.0
OX637750.1 113000000 113500000 229.0
OX637750.1 113500000 114000000 229.36599
OX637750.1 114000000 114500000 230.55805
OX637750.1 114500000 115000000 231.0
OX637750.1 115000000 115500000 231.0
OX637750.1 115500000 116000000 231.0
OX637750.1 116000000 116500000 231.0
OX637750.1 116500000 117000000 231.0013
OX637750.1 117000000 117500000 231.0
OX637750.1 117500000 118000000 231.01544
OX637750.1 118000000 118500000 232.35022
OX637750.1 118500000 119000000 233.00081
OX637750.1 119000000 119500000 233.0
OX637750.1 119500000 120000000 233.85256
OX637750.1 120000000 120500000 234.0
OX637750.1 120500000 121000000 234.0
OX637750.1 121000000 121500000 234.0
OX637750.1 121500000 122000000 234.0
OX637750.1 122000000 122500000 234.0
OX637750.1 122500000 123000000 234.0
OX637750.1 123000000 123500000 234.10939
OX637750.1 123500000 124000000 234.00756
OX637750.1 124000000 124500000 234.0
OX637750.1 124500000 125000000 234.0
OX637750.1 125000000 125500000 234.0
OX637750.1 125500000 126000000 234.0
OX637750.1 126000000 126500000 234.0
OX637750.1 126500000 127000000 234.0
OX637750.1 127000000 127500000 234.0
OX637750.1 127500000 128000000 234.0
OX637750.1 128000000 128500000 234.62698
OX637750.1 128500000 129000000 235.0
OX637750.1 129000000 129500000 235.00088
OX637750.1 129500000 130000000 235.0
OX637750.1 130000000 130500000 235.00065
OX637750.1 130500000 131000000 235.51355
OX637750.1 131000000 131500000 236.0
OX637750.1 131500000 132000000 236.62392
OX637750.1 132000000 132500000 237.0
OX637750.1 132500000 133000000 237.0
OX637750.1 133000000 133500000 237.29676
OX637750.1 133500000 134000000 238.0
OX637750.1 134000000 134500000 238.0
OX637750.1 134500000 135000000 238.69196
OX637750.1 135000000 135500000 239.0
OX637750.1 135500000 136000000 239.10094
OX637750.1 136000000 136500000 240.85465
OX637750.1 136500000 137000000 240.90649
OX637750.1 137000000 137500000 241.0009
OX637750.1 137500000 138000000 241.15293
OX637750.1 138000000 138500000 242.94031
OX637750.1 138500000 139000000 243.00043
OX637750.1 139000000 139500000 243.00028
OX637750.1 139500000 140000000 243.0
OX637750.1 140000000 140500000 243.0
OX637750.1 140500000 141000000 243.69642
OX637750.1 141000000 141500000 244.0
OX637750.1 141500000 142000000 244.0
OX637750.1 142000000 142500000 244.0
OX637750.1 142500000 143000000 244.0
OX637750.1 143000000 143500000 244.0
OX637750.1 143500000 144000000 244.00078
OX637750.1 144000000 144500000 244.0
OX637750.1 144500000 145000000 244.0
OX637750.1 145000000 145500000 244.0
OX637750.1 145500000 146000000 244.0
OX637750.1 146000000 146500000 244.82178
OX637750.1 146500000 147000000 247.0
OX637750.1 147000000 147500000 247.0
OX637750.1 147500000 148000000 247.41829
OX637750.1 148000000 148500000 249.0
OX637750.1 148500000 149000000 249.0
OX637750.1 149000000 149500000 249.41228
OX637750.1 149500000 150000000 250.79851
OX637750.1 150000000 150500000 251.0
OX637750.1 150500000 151000000 251.26562
OX637750.1 151000000 151500000 252.00019
OX637750.1 151500000 152000000 252.2137
OX637750.1 152000000 152500000 253.71244
OX637750.1 152500000 153000000 254.0
OX637750.1 153000000 153500000 254.0
OX637750.1 153500000 154000000 254.0
OX637750.1 154000000 154500000 254.92317
OX637750.1 154500000 155000000 255.0
OX637750.1 155000000 155500000 255.00035
OX637750.1 155500000 156000000 255.25422
OX637750.1 156000000 156500000 257.0
OX637750.1 156500000 157000000 257.48236
OX637750.1 157000000 157500000 258.0
OX637750.1 157500000 158000000 258.54771
OX637750.1 158000000 158500000 259.34697
OX637750.1 158500000 159000000 260.00047
OX637750.1 159000000 159500000 260.0
OX637750.1 159500000 160000000 260.02972
OX637750.1 160000000 160500000 262.88513
OX637750.1 160500000 161000000 263.15066
OX637750.1 161000000 161500000 264.0
OX637750.1 161500000 162000000 264.0
OX637750.1 162000000 162500000 264.00091
OX637750.1 162500000 163000000 264.0
OX637750.1 163000000 163500000 264.0
OX637750.1 163500000 164000000 264.0
OX637750.1 164000000 164500000 264.0
OX637750.1 164500000 165000000 264.0
OX637750.1 165000000 165500000 264.0
OX637750.1 165500000 166000000 264.4527
OX637750.1 166000000 166500000 265.0
OX637750.1 166500000 167000000 265.0
OX637750.1 167000000 167500000 265.0
OX637750.1 167500000 168000000 265.00139
OX637750.1 168000000 168500000 265.0
OX637750.1 168500000 169000000 265.00065
OX637750.1 169000000 169500000 265.0
OX637750.1 169500000 170000000 265.00021
OX637750.1 170000000 170500000 265.90677
OX637750.1 170500000 171000000 266.0
OX637750.1 171000000 171500000 266.0
OX637750.1 171500000 172000000 266.0
OX637750.1 172000000 172500000 266.1791
OX637750.1 172500000 173000000 267.0
OX637750.1 173000000 173500000 267.0
OX637750.1 173500000 174000000 267.0
OX637750.1 174000000 174500000 267.0
OX637750.1 174500000 175000000 266.31552
OX637750.1 175000000 175500000 266.0
OX637750.1 175500000 176000000 266.0
OX637750.1 176000000 176500000 266.0
OX637750.1 176500000 177000000 266.0
OX637750.1 177000000 177500000 266.0
OX637750.1 177500000 178000000 266.0
OX637750.1 178000000 178500000 266.0
OX637750.1 178500000 179000000 266.00031
OX637750.1 179000000 179500000 266.0
OX637750.1 179500000 180000000 266.0
OX637750.1 180000000 180500000 266.74535
OX637750.1 180500000 181000000 267.0
OX637750.1 181000000 181500000 267.0
OX637750.1 181500000 182000000 267.0
OX637750.1 182000000 182500000 267.0
OX637750.1 182500000 183000000 267.0
OX637750.1 183000000 183500000 267.0
OX637750.1 183500000 184000000 267.0
OX637750.1 184000000 184500000 267.0
OX637750.1 184500000 185000000 267.94905
OX637750.1 185000000 185500000 268.0
OX637750.1 185500000 186000000 268.00041
OX637750.1 186000000 186500000 268.0
OX637750.1 186500000 187000000 268.0
OX637750.1 187000000 187500000 268.0
OX637750.1 187500000 188000000 268.0
OX637750.1 188000000 188500000 268.22786
OX637750.1 188500000 189000000 269.0
OX637750.1 189000000 189500000 269.0
OX637750.1 189500000 190000000 269.0
OX637750.1 190000000 190500000 269.41699
OX637750.1 190500000 191000000 270.0
OX637750.1 191000000 191500000 270.00094
OX637750.1 191500000 192000000 270.0
OX637750.1 192000000 192500000 270.00021
OX637750.1 192500000 193000000 270.0
OX637750.1 193000000 193500000 270.85089
OX637750.1 193500000 194000000 271.0
OX637750.1 194000000 194500000 271.0
OX637750.1 194500000 195000000 271.00024
OX637750.1 195000000 195500000 271.3928
OX637750.1 195500000 196000000 272.83913
OX637750.1 196000000 196500000 273.0
OX637750.1 196500000 197000000 273.0
OX637750.1 197000000 197500000 273.0
OX637750.1 197500000 198000000 273.0
OX637750.1 198000000 198500000 273.0
OX637750.1 198500000 199000000 273.0
OX637750.1 199000000 199500000 273.0
OX637750.1 199500000 200000000 273.0
OX637750.1 200000000 200500000 273.0
OX637750.1 200500000 201000000 273.0
OX637750.1 201000000 201500000 272.62714
OX637750.1 201500000 202000000 272.0
OX637750.1 202000000 202500000 272.0
OX637750.1 202500000 203000000 272.0
OX637750.1 203000000 203500000 272.0
OX637750.1 203500000 204000000 272.0
OX637750.1 204000000 204500000 272.0
OX637750.1 204500000 205000000 272.0
OX637750.1 205000000 205500000 272.0
OX637750.1 205500000 206000000 272.0
OX637750.1 206000000 206500000 271.82303
OX637750.1 206500000 207000000 271.0
OX637750.1 207000000 207500000 271.0
OX637750.1 207500000 208000000 271.0
OX637750.1 208000000 208500000 271.0
OX637750.1 208500000 209000000 271.0
OX637750.1 209000000 209500000 271.0
OX637750.1 209500000 210000000 271.10266
OX637750.1 210000000 210500000 272.0
OX637750.1 210500000 211000000 271.65172
OX637750.1 211000000 211500000 271.0
OX637750.1 211500000 212000000 271.0
OX637750.1 212000000 212500000 271.0
OX637750.1 212500000 213000000 271.0
OX637750.1 213000000 213500000 271.0
OX637750.1 213500000 214000000 271.0
OX637750.1 214000000 214500000 271.0
OX637750.1 214500000 215000000 271.0
OX637750.1 215000000 215500000 271.0
OX637750.1 215500000 216000000 271.0
OX637750.1 216000000 216500000 271.0
OX637750.1 216500000 217000000 271.0
OX637750.1 217000000 217500000 271.0
OX637750.1 217500000 218000000 271.0
OX637750.1 218000000 218500000 271.0
OX637750.1 218500000 219000000 271.0
OX637750.1 219000000 219500000 271.0
OX637750.1 219500000 220000000 271.0
OX637750.1 220000000 220500000 271.0
OX637750.1 220500000 221000000 271.0
OX637750.1 221000000 221500000 271.0
OX637750.1 221500000 222000000 271.0
OX637750.1 222000000 222500000 271.0
OX637750.1 222500000 223000000 271.0
OX637750.1 223000000 223500000 271.0
OX637750.1 223500000 224000000 271.0
OX637750.1 224000000 224500000 271.0006
OX637750.1 224500000 225000000 271.0
OX637750.1 225000000 225500000 271.0
OX637750.1 225500000 226000000 271.0
OX637750.1 226000000 226500000 271.43525
OX637750.1 226500000 227000000 272.0
OX637750.1 227000000 227500000 272.0
OX637750.1 227500000 228000000 272.89
OX637750.1 228000000 228500000 273.0
OX637750.1 228500000 229000000 273.0
OX637750.1 229000000 229500000 273.0
OX637750.1 229500000 230000000 273.0
OX637750.1 230000000 230500000 273.0
OX637750.1 230500000 231000000 273.0
OX637750.1 231000000 231500000 273.0
OX637750.1 231500000 232000000 273.0
OX637750.1 232000000 232500000 273.0
OX637750.1 232500000 233000000 273.0
OX637750.1 233000000 233500000 273.0
OX637750.1 233500000 234000000 273.0
OX637750.1 234000000 234500000 273.0
OX637750.1 234500000 235000000 273.0
OX637750.1 235000000 235500000 273.0
OX637750.1 235500000 236000000 273.0
OX637750.1 236000000 236500000 273.0
OX637750.1 236500000 237000000 273.0
OX637750.1 237000000 237500000 273.0
OX637750.1 237500000 238000000 273.0
OX637750.1 238000000 238500000 273.0
OX637750.1 238500000 239000000 273.0
OX637750.1 239000000 239500000 273.0
OX637750.1 239500000 240000000 273.0
OX637750.1 240000000 240500000 273.0
OX637750.1 240500000 241000000 273.03511
OX637750.1 241000000 241500000 274.0
OX637750.1 241500000 242000000 274.0
OX637750.1 242000000 242500000 274.0
OX637750.1 242500000 243000000 274.0
OX637750.1 243000000 243500000 274.0
OX637750.1 243500000 244000000 274.0
OX637750.1 244000000 244500000 274.0
OX637750.1 244500000 245000000 274.0
OX637750.1 245000000 245500000 274.99285
OX637750.1 245500000 246000000 275.00038
OX637750.1 246000000 246500000 275.0
OX637750.1 246500000 247000000 275.0
OX637750.1 247000000 247500000 275.0
OX637750.1 247500000 248000000 275.0
OX637750.1 248000000 248500000 275.0
OX637750.1 248500000 249000000 275.0
OX637750.1 249000000 249500000 275.0
OX637750.1 249500000 250000000 275.0
OX637750.1 250000000 250500000 275.0
OX637750.1 250500000 251000000 275.0
OX637750.1 251000000 251500000 275.0
OX637750.1 251500000 252000000 275.0
OX637750.1 252000000 252500000 275.0
OX637750.1 252500000 253000000 275.0
OX637750.1 253000000 253500000 275.0
OX637750.1 253500000 254000000 275.0
OX637750.1 254000000 254500000 275.0
OX637750.1 254500000 255000000 275.0
OX637750.1 255000000 255500000 275.0
OX637750.1 255500000 256000000 275.0
OX637750.1 256000000 256500000 275.0
OX637750.1 256500000 257000000 275.0
OX637750.1 257000000 257500000 276.66239
OX637750.1 257500000 258000000 277.0004
OX637750.1 258000000 258500000 277.0
OX637750.1 258500000 259000000 277.0
OX637750.1 259000000 259500000 277.0
OX637750.1 259500000 260000000 277.0
OX637750.1 260000000 260500000 277.0
OX637750.1 260500000 261000000 277.0
OX637750.1 261000000 261500000 277.0
OX637750.1 261500000 262000000 277.0
OX637750.1 262000000 262500000 277.31284
OX637750.1 262500000 263000000 278.0
OX637750.1 263000000 263500000 278.0
OX637750.1 263500000 264000000 278.91316
OX637750.1 264000000 264500000 279.0008
OX637750.1 264500000 265000000 279.0
OX637750.1 265000000 265500000 279.0
OX637750.1 265500000 266000000 279.0
OX637750.1 266000000 266500000 279.0
OX637750.1 266500000 267000000 279.0
OX637750.1 267000000 267500000 279.0
OX637750.1 267500000 268000000 279.0
OX637750.1 268000000 268500000 279.0
OX637750.1 268500000 269000000 279.0
OX637750.1 269000000 269500000 279.0
OX637750.1 269500000 270000000 279.0
OX637750.1 270000000 270500000 279.30023
OX637750.1 270500000 271000000 280.0
OX637750.1 271000000 271500000 280.0
OX637750.1 271500000 272000000 280.0
OX637750.1 272000000 272500000 280.0
OX637750.1 272500000 273000000 280.0
OX637750.1 273000000 273500000 280.0
OX637750.1 273500000 274000000 280.00113
OX637750.1 274000000 274500000 280.65632
OX637750.1 274500000 275000000 281.97886
OX637750.1 275000000 275500000 282.0
OX637750.1 275500000 276000000 282.0
OX637750.1 276000000 276500000 282.0
OX637750.1 276500000 277000000 282.0
OX637750.1 277000000 277500000 283.13955
OX637750.1 277500000 278000000 284.0
OX637750.1 278000000 278500000 284.0
OX637750.1 278500000 279000000 284.0
OX637750.1 279000000 279500000 284.0
OX637750.1 279500000 280000000 284.0
OX637750.1 280000000 280500000 284.0
OX637750.1 280500000 281000000 284.0
OX637750.1 281000000 281500000 284.0
OX637750.1 281500000 282000000 284.0
OX637750.1 282000000 282500000 284.0
OX637750.1 282500000 283000000 284.0
OX637750.1 283000000 283500000 284.0
OX637750.1 283500000 284000000 284.0
OX637750.1 284000000 284500000 284.0
OX637750.1 284500000 285000000 284.0
OX637750.1 285000000 285500000 284.00046
OX637750.1 285500000 286000000 285.0
OX637750.1 286000000 286500000 285.05749
OX637750.1 286500000 287000000 286.0
OX637750.1 287000000 287500000 286.0
OX637750.1 287500000 288000000 286.34728
OX637750.1 288000000 288500000 287.0
OX637750.1 288500000 289000000 287.0
OX637750.1 289000000 289500000 287.0
OX637750.1 289500000 290000000 287.0
OX637750.1 290000000 290500000 287.99693
OX637750.1 290500000 291000000 288.0
OX637750.1 291000000 291500000 288.0
OX637750.1 291500000 292000000 288.0
OX637750.1 292000000 292500000 288.1037
OX637750.1 292500000 293000000 289.0
OX637750.1 293000000 293500000 289.0
OX637750.1 293500000 294000000 289.0
OX637750.1 294000000 294500000 289.0
OX637750.1 294500000 295000000 289.0
OX637750.1 295000000 295500000 289.0
OX637750.1 295500000 296000000 289.4488
OX637750.1 296000000 296500000 290.0
OX637750.1 296500000 297000000 290.0
OX637750.1 297000000 297500000 290.0
OX637750.1 297500000 298000000 290.0
OX637750.1 298000000 298500000 290.0
OX637750.1 298500000 299000000 290.0
OX637750.1 299000000 299500000 290.41693
OX637750.1 299500000 300000000 291.00021
OX637750.1 300000000 300500000 291.0
OX637750.1 300500000 301000000 291.0
OX637750.1 301000000 301500000 291.0
OX637750.1 301500000 302000000 291.0
OX637750.1 302000000 302500000 291.0
OX637750.1 302500000 303000000 290.15502
OX637750.1 303000000 303500000 289.99921
OX637750.1 303500000 304000000 290.0
OX637750.1 304000000 304500000 290.74364
OX637750.1 304500000 305000000 291.0
OX637750.1 305000000 305500000 291.0
OX637750.1 305500000 306000000 291.0
OX637750.1 306000000 306500000 291.0
OX637750.1 306500000 307000000 291.0
OX637750.1 307000000 307500000 291.0
OX637750.1 307500000 308000000 291.0
OX637750.1 308000000 308500000 291.0
OX637750.1 308500000 309000000 291.0
OX637750.1 309000000 309500000 291.0
OX637750.1 309500000 310000000 291.0
OX637750.1 310000000 310500000 291.0
OX637750.1 310500000 311000000 291.0
OX637750.1 311000000 311500000 291.0
OX637750.1 311500000 312000000 291.0
OX637750.1 312000000 312500000 291.0
OX637750.1 312500000 313000000 291.0
OX637750.1 313000000 313500000 291.0
OX637750.1 313500000 314000000 291.0
OX637750.1 314000000 314500000 291.0
OX637750.1 314500000 315000000 291.0
OX637750.1 315000000 315500000 291.0
OX637750.1 315500000 316000000 291.0
OX637750.1 316000000 316500000 291.0
OX637750.1 316500000 317000000 291.0
OX637750.1 317000000 317500000 291.0
OX637750.1 317500000 318000000 291.0
OX637750.1 318000000 318500000 290.11919
OX637750.1 318500000 319000000 290.0
OX637750.1 319000000 319500000 290.0
OX637750.1 319500000 320000000 290.0
OX637750.1 320000000 320500000 290.0
OX637750.1 320500000 321000000 290.0
OX637750.1 321000000 321500000 290.52498
OX637750.1 321500000 322000000 291.55854
OX637750.1 322000000 322500000 292.0
OX637750.1 322500000 323000000 292.0003
OX637750.1 323000000 323500000 292.00038
OX637750.1 323500000 324000000 292.54815
OX637750.1 324000000 324500000 292.0
OX637750.1 324500000 325000000 292.0
OX637750.1 325000000 325500000 292.0
OX637750.1 325500000 326000000 292.0
OX637750.1 326000000 326500000 292.0
OX637750.1 326500000 327000000 292.16029
OX637750.1 327000000 327500000 293.0
OX637750.1 327500000 328000000 293.0
OX637750.1 328000000 328500000 293.0
OX637750.1 328500000 329000000 293.0
OX637750.1 329000000 329500000 293.0
OX637750.1 329500000 330000000 293.0
OX637750.1 330000000 330500000 293.0
OX637750.1 330500000 331000000 293.0
OX637750.1 331000000 331500000 293.0
OX637750.1 331500000 332000000 293.0
OX637750.1 332000000 332500000 293.0
OX637750.1 332500000 333000000 293.0
OX637750.1 333000000 333500000 293.0
OX637750.1 333500000 334000000 293.0
OX637750.1 334000000 334500000 293.65988
OX637750.1 334500000 335000000 294.0
OX637750.1 335000000 335500000 294.0
OX637750.1 335500000 336000000 294.0
OX637750.1 336000000 336500000 294.0
OX637750.1 336500000 337000000 294.0
OX637750.1 337000000 337500000 294.0
OX637750.1 337500000 338000000 294.0
OX637750.1 338000000 338500000 294.00082
OX637750.1 338500000 339000000 294.0
OX637750.1 339000000 339500000 294.0
OX637750.1 339500000 340000000 294.0
OX637750.1 340000000 340500000 294.21872
OX637750.1 340500000 341000000 293.16285
OX637750.1 341000000 341500000 293.0
OX637750.1 341500000 342000000 293.73307
OX637750.1 342000000 342500000 294.0
OX637750.1 342500000 343000000 294.0
OX637750.1 343000000 343500000 294.00126
OX637750.1 343500000 344000000 294.0
OX637750.1 344000000 344500000 294.20721
OX637750.1 344500000 345000000 294.0
OX637750.1 345000000 345500000 294.0
OX637750.1 345500000 346000000 294.0
OX637750.1 346000000 346500000 294.0
OX637750.1 346500000 347000000 294.00087
OX637750.1 347000000 347500000 294.0
OX637750.1 347500000 348000000 294.0
OX637750.1 348000000 348500000 294.0
OX637750.1 348500000 349000000 294.0
OX637750.1 349000000 349500000 294.0
OX637750.1 349500000 350000000 294.00019
OX637750.1 350000000 350500000 294.0
OX637750.1 350500000 351000000 294.0
OX637750.1 351000000 351500000 294.0
OX637750.1 351500000 352000000 294.00025
OX637750.1 352000000 352500000 294.0
OX637750.1 352500000 353000000 294.0
OX637750.1 353000000 353500000 294.0
OX637750.1 353500000 354000000 294.0
OX637750.1 354000000 354500000 293.83398
OX637750.1 354500000 355000000 293.0
OX637750.1 355000000 355500000 293.0
OX637750.1 355500000 356000000 293.0
OX637750.1 356000000 356500000 293.0
OX637750.1 356500000 357000000 293.0
OX637750.1 357000000 357500000 293.0
OX637750.1 357500000 358000000 293.00121
OX637750.1 358000000 358500000 293.0
OX637750.1 358500000 359000000 293.0
OX637750.1 359000000 359500000 293.0
OX637750.1 359500000 360000000 293.0
OX637750.1 360000000 360500000 293.0
OX637750.1 360500000 361000000 293.0
OX637750.1 361000000 361500000 293.0
OX637750.1 361500000 362000000 293.0
OX637750.1 362000000 362500000 293.51857
OX637750.1 362500000 363000000 294.0
OX637750.1 363000000 363500000 294.0
OX637750.1 363500000 364000000 294.0
OX637750.1 364000000 364500000 294.00053
OX637750.1 364500000 365000000 294.42175
OX637750.1 365000000 365500000 295.0
OX637750.1 365500000 366000000 295.0
OX637750.1 366000000 366500000 295.0
OX637750.1 366500000 367000000 295.0
OX637750.1 367000000 367500000 295.0
OX637750.1 367500000 368000000 295.0
OX637750.1 368000000 368500000 295.00263
OX637750.1 368500000 369000000 295.0
OX637750.1 369000000 369500000 295.0
OX637750.1 369500000 370000000 294.20696
OX637750.1 370000000 370500000 294.0
OX637750.1 370500000 371000000 294.0
OX637750.1 371000000 371500000 294.00065
OX637750.1 371500000 372000000 294.33785
OX637750.1 372000000 372500000 295.0
OX637750.1 372500000 373000000 295.00109
OX637750.1 373000000 373500000 295.0
OX637750.1 373500000 374000000 295.0
OX637750.1 374000000 374500000 295.0
OX637750.1 374500000 375000000 295.0
OX637750.1 375000000 375500000 294.31327
OX637750.1 375500000 376000000 294.0
OX637750.1 376000000 376500000 294.0
OX637750.1 376500000 377000000 294.0
OX637750.1 377000000 377500000 294.00018
OX637750.1 377500000 378000000 294.00085
OX637750.1 378000000 378500000 294.0
OX637750.1 378500000 379000000 294.51106
OX637750.1 379000000 379500000 296.62508
OX637750.1 379500000 380000000 298.0
OX637750.1 380000000 380500000 298.0
OX637750.1 380500000 381000000 298.00024
OX637750.1 381000000 381500000 298.00016
OX637750.1 381500000 382000000 297.89657
OX637750.1 382000000 382500000 297.29389
OX637750.1 382500000 383000000 298.0
OX637750.1 383000000 383500000 298.00043
OX637750.1 383500000 384000000 298.0
OX637750.1 384000000 384500000 298.0
OX637750.1 384500000 385000000 298.0
OX637750.1 385000000 385500000 298.0
OX637750.1 385500000 386000000 299.15568
OX637750.1 386000000 386500000 300.00043
OX637750.1 386500000 387000000 300.0
OX637750.1 387000000 387500000 300.0
OX637750.1 387500000 388000000 300.0
OX637750.1 388000000 388500000 300.0
OX637750.1 388500000 389000000 300.0
OX637750.1 389000000 389500000 300.0
OX637750.1 389500000 390000000 300.0
OX637750.1 390000000 390500000 300.0
OX637750.1 390500000 391000000 300.0
OX637750.1 391000000 391500000 299.26712
OX637750.1 391500000 392000000 299.0
OX637750.1 392000000 392500000 299.0
OX637750.1 392500000 393000000 299.0
OX637750.1 393000000 393500000 299.0
OX637750.1 393500000 394000000 299.0
OX637750.1 394000000 394500000 299.00117
OX637750.1 394500000 395000000 299.0
OX637750.1 395000000 395500000 299.0
OX637750.1 395500000 396000000 299.0
OX637750.1 396000000 396500000 299.0
OX637750.1 396500000 397000000 299.87864
OX637750.1 397000000 397500000 300.0
OX637750.1 397500000 398000000 300.0
OX637750.1 398000000 398500000 300.0
OX637750.1 398500000 399000000 300.0
OX637750.1 399000000 399500000 299.2855
OX637750.1 399500000 400000000 299.0
OX637750.1 400000000 400500000 298.62624
OX637750.1 400500000 401000000 298.0
OX637750.1 401000000 401500000 298.0
OX637750.1 401500000 402000000 298.3437
OX637750.1 402000000 402500000 298.97285
OX637750.1 402500000 403000000 298.0
OX637750.1 403000000 403500000 298.0
OX637750.1 403500000 404000000 298.0
OX637750.1 404000000 404500000 298.00022
OX637750.1 404500000 405000000 298.0
OX637750.1 405000000 405500000 298.0
OX637750.1 405500000 406000000 298.0
OX637750.1 406000000 406500000 298.94875
OX637750.1 406500000 407000000 299.0
OX637750.1 407000000 407500000 299.0
OX637750.1 407500000 408000000 299.0
OX637750.1 408000000 408500000 299.0
OX637750.1 408500000 409000000 299.0
OX637750.1 409000000 409500000 299.0
OX637750.1 409500000 410000000 299.0
OX637750.1 410000000 410500000 299.00023
OX637750.1 410500000 411000000 299.0
OX637750.1 411000000 411500000 299.0
OX637750.1 411500000 412000000 299.0
OX637750.1 412000000 412500000 299.0
OX637750.1 412500000 413000000 299.00065
OX637750.1 413000000 413500000 299.0
OX637750.1 413500000 414000000 299.0
OX637750.1 414000000 414500000 299.0
OX637750.1 414500000 415000000 299.0
OX637750.1 415000000 415500000 299.0
OX637750.1 415500000 416000000 299.0
OX637750.1 416000000 416500000 299.0
OX637750.1 416500000 417000000 299.43276
OX637750.1 417000000 417500000 300.00098
OX637750.1 417500000 418000000 300.00017
OX637750.1 418000000 418500000 300.82143
OX637750.1 418500000 419000000 301.0
OX637750.1 419000000 419500000 300.92521
OX637750.1 419500000 420000000 299.78778
OX637750.1 420000000 420500000 299.0
OX637750.1 420500000 421000000 299.00104
OX637750.1 421000000 421500000 299.0
OX637750.1 421500000 422000000 299.0
OX637750.1 422000000 422500000 299.0
OX637750.1 422500000 423000000 299.00108
OX637750.1 423000000 423500000 299.0
OX637750.1 423500000 424000000 299.00117
OX637750.1 424000000 424500000 299.0
OX637750.1 424500000 425000000 299.0
OX637750.1 425000000 425500000 299.10202
OX637750.1 425500000 426000000 299.00025
OX637750.1 426000000 426500000 299.00119
OX637750.1 426500000 427000000 299.0
OX637750.1 427000000 427500000 299.0
OX637750.1 427500000 428000000 299.0
OX637750.1 428000000 428500000 299.0
OX637750.1 428500000 429000000 299.0
OX637750.1 429000000 429500000 299.00083
OX637750.1 429500000 430000000 299.0
OX637750.1 430000000 430500000 299.0
OX637750.1 430500000 431000000 299.0
OX637750.1 431000000 431500000 299.0
OX637750.1 431500000 432000000 299.0
OX637750.1 432000000 432500000 299.0
OX637750.1 432500000 433000000 299.0
OX637750.1 433000000 433500000 299.0
OX637750.1 433500000 434000000 298.13087
OX637750.1 434000000 434500000 298.0
OX637750.1 434500000 435000000 298.39067
OX637750.1 435000000 435500000 299.0
OX637750.1 435500000 436000000 299.0
OX637750.1 436000000 436500000 299.0
OX637750.1 436500000 437000000 299.0
OX637750.1 437000000 437500000 299.0
OX637750.1 437500000 438000000 299.0
OX637750.1 438000000 438500000 299.0
OX637750.1 438500000 439000000 299.0
OX637750.1 439000000 439500000 299.00018
OX637750.1 439500000 440000000 299.0
OX637750.1 440000000 440500000 300.35894
OX637750.1 440500000 441000000 302.0
OX637750.1 441000000 441500000 301.00219
OX637750.1 441500000 442000000 301.0
OX637750.1 442000000 442500000 301.0
OX637750.1 442500000 443000000 301.0
OX637750.1 443000000 443500000 301.0
OX637750.1 443500000 444000000 301.0
OX637750.1 444000000 444500000 301.0
OX637750.1 444500000 445000000 301.0
OX637750.1 445000000 445500000 301.0
OX637750.1 445500000 446000000 301.00104
OX637750.1 446000000 446500000 301.2217
OX637750.1 446500000 447000000 302.0
OX637750.1 447000000 447500000 302.0
OX637750.1 447500000 448000000 301.23457
OX637750.1 448000000 448500000 301.0
OX637750.1 448500000 449000000 301.00049
OX637750.1 449000000 449500000 301.0
OX637750.1 449500000 450000000 301.00264
OX637750.1 450000000 450500000 301.0
OX637750.1 450500000 451000000 300.35416
OX637750.1 451000000 451500000 300.0
OX637750.1 451500000 452000000 300.0
OX637750.1 452000000 452500000 300.0
OX637750.1 452500000 453000000 300.0
OX637750.1 453000000 453500000 300.0
OX637750.1 453500000 454000000 300.0
OX637750.1 454000000 454500000 300.00194
OX637750.1 454500000 455000000 300.0
OX637750.1 455000000 455500000 299.56339
OX637750.1 455500000 456000000 299.0
OX637750.1 456000000 456500000 299.0
OX637750.1 456500000 457000000 299.0
OX637750.1 457000000 457500000 299.0
OX637750.1 457500000 458000000 299.00178
OX637750.1 458000000 458500000 297.73161
OX637750.1 458500000 459000000 297.29819
OX637750.1 459000000 459500000 297.65988
OX637750.1 459500000 460000000 297.00033
OX637750.1 460000000 460500000 297.0
OX637750.1 460500000 461000000 297.0
OX637750.1 461000000 461500000 297.0
OX637750.1 461500000 462000000 297.0
OX637750.1 462000000 462500000 297.00265
OX637750.1 462500000 463000000 296.35338
OX637750.1 463000000 463500000 296.0
OX637750.1 463500000 464000000 295.77251
OX637750.1 464000000 464500000 294.98339
OX637750.1 464500000 465000000 294.0
OX637750.1 465000000 465500000 293.4381
OX637750.1 465500000 466000000 293.0
OX637750.1 466000000 466500000 292.04749
OX637750.1 466500000 467000000 292.0
OX637750.1 467000000 467500000 292.0
OX637750.1 467500000 468000000 292.00106
OX637750.1 468000000 468500000 292.00054
OX637750.1 468500000 469000000 292.92108
OX637750.1 469000000 469500000 293.0
OX637750.1 469500000 470000000 293.0
OX637750.1 470000000 470500000 292.92342
OX637750.1 470500000 471000000 292.0
OX637750.1 471000000 471500000 292.0
OX637750.1 471500000 472000000 292.0
OX637750.1 472000000 472500000 292.00065
OX637750.1 472500000 473000000 292.0
OX637750.1 473000000 473500000 292.0
OX637750.1 473500000 474000000 291.59096
OX637750.1 474000000 474500000 290.8108
OX637750.1 474500000 475000000 290.0
OX637750.1 475000000 475500000 290.0
OX637750.1 475500000 476000000 289.30145
OX637750.1 476000000 476500000 289.0
OX637750.1 476500000 477000000 289.0
OX637750.1 477000000 477500000 289.0
OX637750.1 477500000 478000000 289.00154
OX637750.1 478000000 478500000 289.0
OX637750.1 478500000 479000000 289.0
OX637750.1 479000000 479500000 289.0
OX637750.1 479500000 480000000 288.55393
OX637750.1 480000000 480500000 288.0
OX637750.1 480500000 481000000 288.0
OX637750.1 481000000 481500000 288.0
OX637750.1 481500000 482000000 288.0
OX637750.1 482000000 482500000 287.72589
OX637750.1 482500000 483000000 287.0
OX637750.1 483000000 483500000 287.0
OX637750.1 483500000 484000000 287.0
OX637750.1 484000000 484500000 286.48906
OX637750.1 484500000 485000000 286.85891
OX637750.1 485000000 485500000 287.0
OX637750.1 485500000 486000000 287.0
OX637750.1 486000000 486500000 287.00099
OX637750.1 486500000 487000000 287.0
OX637750.1 487000000 487500000 287.11823
OX637750.1 487500000 488000000 288.0
OX637750.1 488000000 488500000 288.0
OX637750.1 488500000 489000000 288.00059
OX637750.1 489000000 489500000 288.02831
OX637750.1 489500000 490000000 288.81805
OX637750.1 490000000 490500000 288.0
OX637750.1 490500000 491000000 288.0
OX637750.1 491000000 491500000 288.0
OX637750.1 491500000 492000000 288.0
OX637750.1 492000000 492500000 288.0
OX637750.1 492500000 493000000 288.42585
OX637750.1 493000000 493500000 289.00032
OX637750.1 493500000 494000000 289.00046
OX637750.1 494000000 494500000 289.0
OX637750.1 494500000 495000000 289.0
OX637750.1 495000000 495500000 289.0
OX637750.1 495500000 496000000 289.0
OX637750.1 496000000 496500000 289.0
OX637750.1 496500000 497000000 289.00116
OX637750.1 497000000 497500000 289.0
OX637750.1 497500000 498000000 289.00048
OX637750.1 498000000 498500000 289.00254
OX637750.1 498500000 499000000 289.00054
OX637750.1 499000000 499500000 289.0
OX637750.1 499500000 500000000 288.92786
OX637750.1 500000000 500500000 287.91403
OX637750.1 500500000 501000000 287.0
OX637750.1 501000000 501500000 287.0
OX637750.1 501500000 502000000 286.37721
OX637750.1 502000000 502500000 285.58896
OX637750.1 502500000 503000000 285.0
OX637750.1 503000000 503500000 285.0
OX637750.1 503500000 504000000 285.0
OX637750.1 504000000 504500000 285.0
OX637750.1 504500000 505000000 285.00091
OX637750.1 505000000 505500000 285.0
OX637750.1 505500000 506000000 285.0
OX637750.1 506000000 506500000 285.0
OX637750.1 506500000 507000000 285.0
OX637750.1 507000000 507500000 285.0
OX637750.1 507500000 508000000 285.0
OX637750.1 508000000 508500000 284.23249
OX637750.1 508500000 509000000 284.0
OX637750.1 509000000 509500000 284.0
OX637750.1 509500000 510000000 284.0
OX637750.1 510000000 510500000 284.85779
OX637750.1 510500000 511000000 285.46803
OX637750.1 511000000 511500000 286.0
OX637750.1 511500000 512000000 286.0
OX637750.1 512000000 512500000 286.01514
OX637750.1 512500000 513000000 286.0
OX637750.1 513000000 513500000 285.17264
OX637750.1 513500000 514000000 285.0
OX637750.1 514000000 514500000 285.0
OX637750.1 514500000 515000000 285.0
OX637750.1 515000000 515500000 285.0
OX637750.1 515500000 516000000 285.0
OX637750.1 516000000 516500000 285.0
OX637750.1 516500000 517000000 285.0
OX637750.1 517000000 517500000 285.0
OX637750.1 517500000 518000000 285.0
OX637750.1 518000000 518500000 285.0
OX637750.1 518500000 519000000 285.0
OX637750.1 519000000 519500000 285.0
OX637750.1 519500000 520000000 285.0
OX637750.1 520000000 520500000 285.0
OX637750.1 520500000 521000000 285.0
OX637750.1 521000000 521500000 284.94216
OX637750.1 521500000 522000000 284.0
OX637750.1 522000000 522500000 284.04428
OX637750.1 522500000 523000000 285.00066
OX637750.1 523000000 523500000 284.70566
OX637750.1 523500000 524000000 284.00076
OX637750.1 524000000 524500000 284.0
OX637750.1 524500000 525000000 282.79086
OX637750.1 525000000 525500000 282.0
OX637750.1 525500000 526000000 282.00175
OX637750.1 526000000 526500000 282.0
OX637750.1 526500000 527000000 282.0
OX637750.1 527000000 527500000 282.00194
OX637750.1 527500000 528000000 282.0
OX637750.1 528000000 528500000 282.34201
OX637750.1 528500000 529000000 283.0
OX637750.1 529000000 529500000 283.00053
OX637750.1 529500000 530000000 283.00043
OX637750.1 530000000 530500000 282.44355
OX637750.1 530500000 531000000 282.0
OX637750.1 531000000 531500000 282.0
OX637750.1 531500000 532000000 282.0
OX637750.1 532000000 532500000 282.0
OX637750.1 532500000 533000000 281.59945
OX637750.1 533000000 533500000 281.00086
OX637750.1 533500000 534000000 281.001
OX637750.1 534000000 534500000 281.0
OX637750.1 534500000 535000000 281.00065
OX637750.1 535000000 535500000 281.0
OX637750.1 535500000 536000000 279.53148
OX637750.1 536000000 536500000 278.12184
OX637750.1 536500000 537000000 278.00049
OX637750.1 537000000 537500000 278.0
OX637750.1 537500000 538000000 278.00056
OX637750.1 538000000 538500000 276.992
OX637750.1 538500000 539000000 275.0
OX637750.1 539000000 539500000 275.0
OX637750.1 539500000 540000000 274.47646
OX637750.1 540000000 540500000 275.0
OX637750.1 540500000 541000000 275.00016
OX637750.1 541000000 541500000 275.0
OX637750.1 541500000 542000000 274.40904
OX637750.1 542000000 542500000 274.0
OX637750.1 542500000 543000000 273.82196
OX637750.1 543000000 543500000 273.0
OX637750.1 543500000 544000000 273.00064
OX637750.1 544000000 544500000 273.0
OX637750.1 544500000 545000000 273.0
OX637750.1 545000000 545500000 273.0
OX637750.1 545500000 546000000 271.85627
OX637750.1 546000000 546500000 270.34124
OX637750.1 546500000 547000000 270.00065
OX637750.1 547000000 547500000 270.0
OX637750.1 547500000 548000000 270.20309
OX637750.1 548000000 548500000 270.4612
OX637750.1 548500000 549000000 270.70606
OX637750.1 549000000 549500000 270.89922
OX637750.1 549500000 550000000 269.86623
OX637750.1 550000000 550500000 269.0
OX637750.1 550500000 551000000 269.0
OX637750.1 551000000 551500000 269.0
OX637750.1 551500000 552000000 269.00064
OX637750.1 552000000 552500000 268.1504
OX637750.1 552500000 553000000 266.69995
OX637750.1 553000000 553500000 266.00112
OX637750.1 553500000 554000000 264.43014
OX637750.1 554000000 554500000 262.83475
OX637750.1 554500000 555000000 262.0
OX637750.1 555000000 555500000 262.0
OX637750.1 555500000 556000000 261.99114
OX637750.1 556000000 556500000 261.0
OX637750.1 556500000 557000000 261.0
OX637750.1 557000000 557500000 260.27849
OX637750.1 557500000 558000000 260.0
OX637750.1 558000000 558500000 260.0
OX637750.1 558500000 559000000 258.18707
OX637750.1 559000000 559500000 257.0
OX637750.1 559500000 560000000 257.0
OX637750.1 560000000 560500000 257.0
OX637750.1 560500000 561000000 257.0
OX637750.1 561000000 561500000 257.0
OX637750.1 561500000 562000000 257.0
OX637750.1 562000000 562500000 256.50521
OX637750.1 562500000 563000000 255.26571
OX637750.1 563000000 563500000 254.78441
OX637750.1 563500000 564000000 254.00075
OX637750.1 564000000 564500000 254.0
OX637750.1 564500000 565000000 253.94727
OX637750.1 565000000 565500000 252.00174
OX637750.1 565500000 566000000 252.0
OX637750.1 566000000 566500000 250.20736
OX637750.1 566500000 567000000 249.0
OX637750.1 567000000 567500000 248.59636
OX637750.1 567500000 568000000 248.00242
OX637750.1 568000000 568500000 247.60472
OX637750.1 568500000 569000000 246.80485
OX637750.1 569000000 569500000 247.0
OX637750.1 569500000 570000000 246.16898
OX637750.1 570000000 570500000 245.37943
OX637750.1 570500000 571000000 245.13927
OX637750.1 571000000 571500000 243.86143
OX637750.1 571500000 572000000 243.00091
OX637750.1 572000000 572500000 243.0
OX637750.1 572500000 573000000 243.0
OX637750.1 573000000 573500000 242.20564
OX637750.1 573500000 574000000 242.0
OX637750.1 574000000 574500000 241.31661
OX637750.1 574500000 575000000 238.86012
OX637750.1 575000000 575500000 237.67754
OX637750.1 575500000 576000000 235.45932
OX637750.1 576000000 576500000 234.39355
OX637750.1 576500000 577000000 234.00019
OX637750.1 577000000 577500000 233.22744
OX637750.1 577500000 578000000 230.99185
OX637750.1 578000000 578500000 230.0
OX637750.1 578500000 579000000 230.62847
OX637750.1 579000000 579500000 231.86708
OX637750.1 579500000 580000000 231.05113
OX637750.1 580000000 580500000 230.3576
OX637750.1 580500000 581000000 228.80847
OX637750.1 581000000 581500000 228.0
OX637750.1 581500000 582000000 228.0
OX637750.1 582000000 582500000 227.59383
OX637750.1 582500000 583000000 227.0
OX637750.1 583000000 583500000 226.98902
OX637750.1 583500000 584000000 225.53312
OX637750.1 584000000 584500000 224.20532
OX637750.1 584500000 585000000 221.2101
OX637750.1 585000000 585500000 220.0
OX637750.1 585500000 586000000 220.00083
OX637750.1 586000000 586500000 220.0
OX637750.1 586500000 587000000 219.03104
OX637750.1 587000000 587500000 217.04203
OX637750.1 587500000 588000000 217.0
OX637750.1 588000000 588500000 216.58545
OX637750.1 588500000 589000000 215.68638
OX637750.1 589000000 589500000 215.0
OX637750.1 589500000 590000000 214.53563
OX637750.1 590000000 590500000 212.57676
OX637750.1 590500000 591000000 208.0238
OX637750.1 591000000 591500000 206.0
OX637750.1 591500000 592000000 206.0004
OX637750.1 592000000 592500000 204.32069
OX637750.1 592500000 593000000 201.82059
OX637750.1 593000000 593500000 200.96648
OX637750.1 593500000 594000000 200.0
OX637750.1 594000000 594500000 199.64836
OX637750.1 594500000 595000000 199.0
OX637750.1 595000000 595500000 198.1756
OX637750.1 595500000 596000000 197.09018
OX637750.1 596000000 596500000 194.83572
OX637750.1 596500000 597000000 194.0
OX637750.1 597000000 597500000 194.00106
OX637750.1 597500000 598000000 193.64973
OX637750.1 598000000 598500000 193.00111
OX637750.1 598500000 599000000 191.64502
OX637750.1 599000000 599500000 188.35844
OX637750.1 599500000 600000000 187.00018
OX637750.1 600000000 600500000 187.0
OX637750.1 600500000 601000000 186.76054
OX637750.1 601000000 601500000 182.97507
OX637750.1 601500000 602000000 180.0
OX637750.1 602000000 602500000 178.34862
OX637750.1 602500000 603000000 178.54685
OX637750.1 603000000 603500000 178.00041
OX637750.1 603500000 604000000 177.1677
OX637750.1 604000000 604500000 177.0
OX637750.1 604500000 605000000 176.81487
OX637750.1 605000000 605500000 175.35727
OX637750.1 605500000 606000000 172.79762
OX637750.1 606000000 606500000 171.74619
OX637750.1 606500000 607000000 170.29863
OX637750.1 607000000 607500000 169.0
OX637750.1 607500000 608000000 163.87952
OX637750.1 608000000 608500000 156.96198
OX637750.1 608500000 609000000 154.54618
OX637750.1 609000000 609500000 150.66862
OX637750.1 609500000 610000000 147.00059
OX637750.1 610000000 610500000 144.27664
OX637750.1 610500000 611000000 142.06691
OX637750.1 611000000 611500000 139.33765
OX637750.1 611500000 612000000 137.74236
OX637750.1 612000000 612500000 134.69508
OX637750.1 612500000 613000000 130.89269
OX637750.1 613000000 613500000 127.09548
OX637750.1 613500000 614000000 124.35167
OX637750.1 614000000 614500000 119.53851
OX637750.1 614500000 615000000 115.66594
OX637750.1 615000000 615500000 112.22063
OX637750.1 615500000 616000000 105.95454
OX637750.1 616000000 616500000 103.43262
OX637750.1 616500000 617000000 102.38684
OX637750.1 617000000 617500000 99.21214
OX637750.1 617500000 618000000 91.84212
OX637750.1 618000000 618500000 85.21136
OX637750.1 618500000 619000000 80.75536
OX637750.1 619000000 619500000 72.76161
OX637750.1 619500000 620000000 68.2076
OX637750.1 620000000 620500000 63.60607
OX637750.1 620500000 621000000 62.0
OX637750.1 621000000 621500000 60.47087
OX637750.1 621500000 622000000 55.03512
OX637750.1 622000000 622500000 47.39472
OX637750.1 622500000 623000000 33.78234
OX637750.1 623000000 623500000 27.42653
OX637750.1 623500000 624000000 24.0
OX637750.1 624000000 624500000 20.05098
OX637750.1 624500000 625000000 8.48931
OX637750.1 625000000 625500000 0.0
OX637750.1 625500000 625625054 0.0
OX637757.1 0 500000 0.0
OX637757.1 500000 1000000 0.05537
OX637757.1 1000000 1500000 1.0
OX637757.1 1500000 2000000 3.81834
OX637757.1 2000000 2500000 10.41077
OX637757.1 2500000 3000000 16.54854
OX637757.1 3000000 3500000 20.24654
OX637757.1 3500000 4000000 22.0
OX637757.1 4000000 4500000 22.17537
OX637757.1 4500000 5000000 26.55117
OX637757.1 5000000 5500000 34.91549
OX637757.1 5500000 6000000 39.16321
OX637757.1 6000000 6500000 51.04293
OX637757.1 6500000 7000000 59.82411
OX637757.1 7000000 7500000 64.38124
OX637757.1 7500000 8000000 74.87514
OX637757.1 8000000 8500000 82.88482
OX637757.1 8500000 9000000 85.54381
OX637757.1 9000000 9500000 88.96499
OX637757.1 9500000 10000000 96.75058
OX637757.1 10000000 10500000 100.69491
OX637757.1 10500000 11000000 104.15725
OX637757.1 11000000 11500000 109.07389
OX637757.1 11500000 12000000 115.32365
OX637757.1 12000000 12500000 123.06019
OX637757.1 12500000 13000000 127.87185
OX637757.1 13000000 13500000 133.6356
OX637757.1 13500000 14000000 136.01664
OX637757.1 14000000 14500000 140.68826
OX637757.1 14500000 15000000 142.0
OX637757.1 15000000 15500000 143.42099
OX637757.1 15500000 16000000 146.38756
OX637757.1 16000000 16500000 147.62465
OX637757.1 16500000 17000000 151.11094
OX637757.1 17000000 17500000 152.46672
OX637757.1 17500000 18000000 157.72489
OX637757.1 18000000 18500000 159.11416
OX637757.1 18500000 19000000 161.93363
OX637757.1 19000000 19500000 163.93903
OX637757.1 19500000 20000000 165.06641
OX637757.1 20000000 20500000 169.44573
OX637757.1 20500000 21000000 174.55182
OX637757.1 21000000 21500000 178.1159
OX637757.1 21500000 22000000 179.0
OX637757.1 22000000 22500000 179.28183
OX637757.1 22500000 23000000 183.46131
OX637757.1 23000000 23500000 185.0
OX637757.1 23500000 24000000 185.17427
OX637757.1 24000000 24500000 186.37897
OX637757.1 24500000 25000000 187.57997
OX637757.1 25000000 25500000 192.04522
OX637757.1 25500000 26000000 194.00019
OX637757.1 26000000 26500000 194.0
OX637757.1 26500000 27000000 194.0
OX637757.1 27000000 27500000 195.095
OX637757.1 27500000 28000000 196.16931
OX637757.1 28000000 28500000 197.6544
OX637757.1 28500000 29000000 199.76727
OX637757.1 29000000 29500000 201.0
OX637757.1 29500000 30000000 202.59903
OX637757.1 30000000 30500000 204.0
OX637757.1 30500000 31000000 204.0
OX637757.1 31000000 31500000 204.0
OX637757.1 31500000 32000000 204.0
OX637757.1 32000000 32500000 204.51495
OX637757.1 32500000 33000000 205.81373
OX637757.1 33000000 33500000 207.90725
OX637757.1 33500000 34000000 209.67775
OX637757.1 34000000 34500000 210.13023
OX637757.1 34500000 35000000 212.62932
OX637757.1 35000000 35500000 216.25876
OX637757.1 35500000 36000000 219.0
OX637757.1 36000000 36500000 219.80235
OX637757.1 36500000 37000000 220.0
OX637757.1 37000000 37500000 220.38255
OX637757.1 37500000 38000000 223.11433
OX637757.1 38000000 38500000 225.24104
OX637757.1 38500000 39000000 226.65632
OX637757.1 39000000 39500000 227.0
OX637757.1 39500000 40000000 227.65735
OX637757.1 40000000 40500000 229.17371
OX637757.1 40500000 41000000 230.9391
OX637757.1 41000000 41500000 231.32069
OX637757.1 41500000 42000000 234.27306
OX637757.1 42000000 42500000 235.0
OX637757.1 42500000 43000000 235.39285
OX637757.1 43000000 43500000 236.0
OX637757.1 43500000 44000000 236.0
OX637757.1 44000000 44500000 237.42679
OX637757.1 44500000 45000000 239.74324
OX637757.1 45000000 45500000 240.16764
OX637757.1 45500000 46000000 241.32977
OX637757.1 46000000 46500000 242.07799
OX637757.1 46500000 47000000 243.76371
OX637757.1 47000000 47500000 245.45171
OX637757.1 47500000 48000000 247.6044
OX637757.1 48000000 48500000 248.0
OX637757.1 48500000 49000000 248.41778
OX637757.1 49000000 49500000 249.0
OX637757.1 49500000 50000000 249.0
OX637757.1 50000000 50500000 251.01746
OX637757.1 50500000 51000000 252.43413
OX637757.1 51000000 51500000 253.78519
OX637757.1 51500000 52000000 254.0
OX637757.1 52000000 52500000 254.00069
OX637757.1 52500000 53000000 254.0
OX637757.1 53000000 53500000 255.47516
OX637757.1 53500000 54000000 258.0
OX637757.1 54000000 54500000 258.81405
OX637757.1 54500000 55000000 259.04224
OX637757.1 55000000 55500000 260.64299
OX637757.1 55500000 56000000 262.50472
OX637757.1 56000000 56500000 263.00028
OX637757.1 56500000 57000000 263.0
OX637757.1 57000000 57500000 264.69497
OX637757.1 57500000 58000000 266.25095
OX637757.1 58000000 58500000 268.03387
OX637757.1 58500000 59000000 269.89094
OX637757.1 59000000 59500000 270.0
OX637757.1 59500000 60000000 270.0
OX637757.1 60000000 60500000 270.0
OX637757.1 60500000 61000000 270.0
OX637757.1 61000000 61500000 270.0
OX637757.1 61500000 62000000 270.0
OX637757.1 62000000 62500000 270.57636
OX637757.1 62500000 63000000 271.0
OX637757.1 63000000 63500000 271.56035
OX637757.1 63500000 64000000 272.0
OX637757.1 64000000 64500000 272.0
OX637757.1 64500000 65000000 272.00115
OX637757.1 65000000 65500000 272.0
OX637757.1 65500000 66000000 272.3781
OX637757.1 66000000 66500000 273.10144
OX637757.1 66500000 67000000 273.9659
OX637757.1 67000000 67500000 276.0
OX637757.1 67500000 68000000 276.0
OX637757.1 68000000 68500000 276.9224
OX637757.1 68500000 69000000 277.42194
OX637757.1 69000000 69500000 278.39022
OX637757.1 69500000 70000000 279.0
OX637757.1 70000000 70500000 279.10814
OX637757.1 70500000 71000000 280.0
OX637757.1 71000000 71500000 280.94327
OX637757.1 71500000 72000000 282.0
OX637757.1 72000000 72500000 282.00138
OX637757.1 72500000 73000000 284.0383
OX637757.1 73000000 73500000 286.0
OX637757.1 73500000 74000000 285.41252
OX637757.1 74000000 74500000 285.41479
OX637757.1 74500000 75000000 287.455
OX637757.1 75000000 75500000 289.35878
OX637757.1 75500000 76000000 290.48772
OX637757.1 76000000 76500000 291.57421
OX637757.1 76500000 77000000 292.84384
OX637757.1 77000000 77500000 295.2566
OX637757.1 77500000 78000000 296.62357
OX637757.1 78000000 78500000 297.0
OX637757.1 78500000 79000000 297.0
OX637757.1 79000000 79500000 297.67369
OX637757.1 79500000 80000000 298.76978
OX637757.1 80000000 80500000 299.47294
OX637757.1 80500000 81000000 301.24591
OX637757.1 81000000 81500000 302.02553
OX637757.1 81500000 82000000 303.37014
OX637757.1 82000000 82500000 304.0
OX637757.1 82500000 83000000 305.67401
OX637757.1 83000000 83500000 306.0
OX637757.1 83500000 84000000 306.0
OX637757.1 84000000 84500000 306.0
OX637757.1 84500000 85000000 306.07902
OX637757.1 85000000 85500000 307.0
OX637757.1 85500000 86000000 307.0
OX637757.1 86000000 86500000 307.0
OX637757.1 86500000 87000000 307.65155
OX637757.1 87000000 87500000 308.0
OX637757.1 87500000 88000000 308.0
OX637757.1 88000000 88500000 308.0
OX637757.1 88500000 89000000 308.88912
OX637757.1 89000000 89500000 310.0
OX637757.1 89500000 90000000 311.01878
OX637757.1 90000000 90500000 312.0
OX637757.1 90500000 91000000 312.0
OX637757.1 91000000 91500000 312.0
OX637757.1 91500000 92000000 312.0
OX637757.1 92000000 92500000 312.0
OX637757.1 92500000 93000000 312.21807
OX637757.1 93000000 93500000 313.00474
OX637757.1 93500000 94000000 314.0
OX637757.1 94000000 94500000 314.60487
OX637757.1 94500000 95000000 315.96663
OX637757.1 95000000 95500000 317.0
OX637757.1 95500000 96000000 317.26727
OX637757.1 96000000 96500000 318.44119
OX637757.1 96500000 97000000 319.34299
OX637757.1 97000000 97500000 321.70637
OX637757.1 97500000 98000000 322.06368
OX637757.1 98000000 98500000 323.0
OX637757.1 98500000 99000000 323.91848
OX637757.1 99000000 99500000 324.98099
OX637757.1 99500000 100000000 326.0
OX637757.1 100000000 100500000 326.0
OX637757.1 100500000 101000000 326.0
OX637757.1 101000000 101500000 326.24571
OX637757.1 101500000 102000000 326.0
OX637757.1 102000000 102500000 326.55266
OX637757.1 102500000 103000000 327.0
OX637757.1 103000000 103500000 327.0
OX637757.1 103500000 104000000 327.85842
OX637757.1 104000000 104500000 328.0
OX637757.1 104500000 105000000 328.0
OX637757.1 105000000 105500000 328.0
OX637757.1 105500000 106000000 328.0
OX637757.1 106000000 106500000 328.0
OX637757.1 106500000 107000000 329.01552
OX637757.1 107000000 107500000 330.0
OX637757.1 107500000 108000000 330.0
OX637757.1 108000000 108500000 330.73536
OX637757.1 108500000 109000000 331.83735
OX637757.1 109000000 109500000 332.06091
OX637757.1 109500000 110000000 332.16902
OX637757.1 110000000 110500000 332.0
OX637757.1 110500000 111000000 332.65162
OX637757.1 111000000 111500000 334.48599
OX637757.1 111500000 112000000 334.57044
OX637757.1 112000000 112500000 335.0
OX637757.1 112500000 113000000 335.0
OX637757.1 113000000 113500000 335.81661
OX637757.1 113500000 114000000 336.0
OX637757.1 114000000 114500000 336.0
OX637757.1 114500000 115000000 336.0
OX637757.1 115000000 115500000 336.65339
OX637757.1 115500000 116000000 337.0007
OX637757.1 116000000 116500000 337.0
OX637757.1 116500000 117000000 337.0
OX637757.1 117000000 117500000 337.0
OX637757.1 117500000 118000000 337.0
OX637757.1 118000000 118500000 337.0
OX637757.1 118500000 119000000 337.0
OX637757.1 119000000 119500000 337.0
OX637757.1 119500000 120000000 337.0
OX637757.1 120000000 120500000 337.0
OX637757.1 120500000 121000000 337.0
OX637757.1 121000000 121500000 337.0
OX637757.1 121500000 122000000 337.0
OX637757.1 122000000 122500000 337.0
OX637757.1 122500000 123000000 336.87123
OX637757.1 123000000 123500000 336.0
OX637757.1 123500000 124000000 336.0
OX637757.1 124000000 124500000 337.63425
OX637757.1 124500000 125000000 338.0
OX637757.1 125000000 125500000 338.0
OX637757.1 125500000 126000000 338.09333
OX637757.1 126000000 126500000 339.37378
OX637757.1 126500000 127000000 340.0
OX637757.1 127000000 127500000 340.0
OX637757.1 127500000 128000000 340.0
OX637757.1 128000000 128500000 340.0
OX637757.1 128500000 129000000 340.0
OX637757.1 129000000 129500000 340.81892
OX637757.1 129500000 130000000 341.87957
OX637757.1 130000000 130500000 343.0
OX637757.1 130500000 131000000 343.0
OX637757.1 131000000 131500000 343.00046
OX637757.1 131500000 132000000 343.0
OX637757.1 132000000 132500000 343.979
OX637757.1 132500000 133000000 344.0
OX637757.1 133000000 133500000 344.61959
OX637757.1 133500000 134000000 345.0
OX637757.1 134000000 134500000 345.0
OX637757.1 134500000 135000000 345.65218
OX637757.1 135000000 135500000 346.0
OX637757.1 135500000 136000000 346.0
OX637757.1 136000000 136500000 346.32285
OX637757.1 136500000 137000000 347.54569
OX637757.1 137000000 137500000 348.0
OX637757.1 137500000 138000000 348.0
OX637757.1 138000000 138500000 348.40371
OX637757.1 138500000 139000000 349.0
OX637757.1 139000000 139500000 349.51872
OX637757.1 139500000 140000000 350.0
OX637757.1 140000000 140500000 350.0
OX637757.1 140500000 141000000 350.0
OX637757.1 141000000 141500000 350.0
OX637757.1 141500000 142000000 350.0
OX637757.1 142000000 142500000 350.0
OX637757.1 142500000 143000000 350.0
OX637757.1 143000000 143500000 350.0
OX637757.1 143500000 144000000 350.0
OX637757.1 144000000 144500000 350.0
OX637757.1 144500000 145000000 350.0
OX637757.1 145000000 145500000 350.58063
OX637757.1 145500000 146000000 351.84861
OX637757.1 146000000 146500000 353.0
OX637757.1 146500000 147000000 353.26284
OX637757.1 147000000 147500000 354.0
OX637757.1 147500000 148000000 354.0
OX637757.1 148000000 148500000 354.0
OX637757.1 148500000 149000000 354.0
OX637757.1 149000000 149500000 354.0
OX637757.1 149500000 150000000 354.0
OX637757.1 150000000 150500000 354.0
OX637757.1 150500000 151000000 354.0
OX637757.1 151000000 151500000 354.0
OX637757.1 151500000 152000000 354.50325
OX637757.1 152000000 152500000 355.76625
OX637757.1 152500000 153000000 356.35967
OX637757.1 153000000 153500000 357.13876
OX637757.1 153500000 154000000 358.0
OX637757.1 154000000 154500000 358.0
OX637757.1 154500000 155000000 358.0
OX637757.1 155000000 155500000 358.0
OX637757.1 155500000 156000000 358.0
OX637757.1 156000000 156500000 358.0
OX637757.1 156500000 157000000 358.0
OX637757.1 157000000 157500000 358.00032
OX637757.1 157500000 158000000 358.0
OX637757.1 158000000 158500000 358.72511
OX637757.1 158500000 159000000 360.0
OX637757.1 159000000 159500000 360.00063
OX637757.1 159500000 160000000 360.0
OX637757.1 160000000 160500000 360.0
OX637757.1 160500000 161000000 360.0
OX637757.1 161000000 161500000 360.0
OX637757.1 161500000 162000000 360.0
OX637757.1 162000000 162500000 360.0
OX637757.1 162500000 163000000 360.0
OX637757.1 163000000 163500000 360.0
OX637757.1 163500000 164000000 360.00029
OX637757.1 164000000 164500000 360.0
OX637757.1 164500000 165000000 360.86973
OX637757.1 165000000 165500000 362.0
OX637757.1 165500000 166000000 362.0
OX637757.1 166000000 166500000 362.0
OX637757.1 166500000 167000000 362.0
OX637757.1 167000000 167500000 362.0
OX637757.1 167500000 168000000 362.0
OX637757.1 168000000 168500000 362.0
OX637757.1 168500000 169000000 362.0
OX637757.1 169000000 169500000 362.275
OX637757.1 169500000 170000000 363.0
OX637757.1 170000000 170500000 363.0
OX637757.1 170500000 171000000 363.0
OX637757.1 171000000 171500000 363.0
OX637757.1 171500000 172000000 363.0
OX637757.1 172000000 172500000 363.0
OX637757.1 172500000 173000000 363.0
OX637757.1 173000000 173500000 363.0
OX637757.1 173500000 174000000 363.0
OX637757.1 174000000 174500000 363.0
OX637757.1 174500000 175000000 363.0
OX637757.1 175000000 175500000 363.0
OX637757.1 175500000 176000000 363.0
OX637757.1 176000000 176500000 363.0
OX637757.1 176500000 177000000 363.0
OX637757.1 177000000 177500000 363.0
OX637757.1 177500000 178000000 363.0
OX637757.1 178000000 178500000 363.67537
OX637757.1 178500000 179000000 365.0
OX637757.1 179000000 179500000 365.0
OX637757.1 179500000 180000000 365.0
OX637757.1 180000000 180500000 365.0
OX637757.1 180500000 181000000 365.0
OX637757.1 181000000 181500000 365.0
OX637757.1 181500000 182000000 365.74234
OX637757.1 182000000 182500000 366.0
OX637757.1 182500000 183000000 366.0
OX637757.1 183000000 183500000 366.44336
OX637757.1 183500000 184000000 367.0
OX637757.1 184000000 184500000 367.0
OX637757.1 184500000 185000000 367.0
OX637757.1 185000000 185500000 367.0
OX637757.1 185500000 186000000 367.0
OX637757.1 186000000 186500000 367.36183
OX637757.1 186500000 187000000 368.61854
OX637757.1 187000000 187500000 369.0
OX637757.1 187500000 188000000 369.0
OX637757.1 188000000 188500000 369.0
OX637757.1 188500000 189000000 369.0
OX637757.1 189000000 189500000 369.0
OX637757.1 189500000 190000000 369.0
OX637757.1 190000000 190500000 369.0
OX637757.1 190500000 191000000 369.0
OX637757.1 191000000 191500000 369.0
OX637757.1 191500000 192000000 369.0
OX637757.1 192000000 192500000 369.0
OX637757.1 192500000 193000000 369.0
OX637757.1 193000000 193500000 369.0
OX637757.1 193500000 194000000 369.0
OX637757.1 194000000 194500000 369.0
OX637757.1 194500000 195000000 369.0
OX637757.1 195000000 195500000 369.0
OX637757.1 195500000 196000000 369.0
OX637757.1 196000000 196500000 369.0
OX637757.1 196500000 197000000 369.0
OX637757.1 197000000 197500000 369.0
OX637757.1 197500000 198000000 369.00017
OX637757.1 198000000 198500000 369.0
OX637757.1 198500000 199000000 369.0
OX637757.1 199000000 199500000 369.0
OX637757.1 199500000 200000000 369.0
OX637757.1 200000000 200500000 368.86321
OX637757.1 200500000 201000000 368.0
OX637757.1 201000000 201500000 368.0
OX637757.1 201500000 202000000 368.0
OX637757.1 202000000 202500000 368.0
OX637757.1 202500000 203000000 368.0
OX637757.1 203000000 203500000 368.0
OX637757.1 203500000 204000000 368.0
OX637757.1 204000000 204500000 368.0
OX637757.1 204500000 205000000 368.0
OX637757.1 205000000 205500000 368.0
OX637757.1 205500000 206000000 368.0
OX637757.1 206000000 206500000 368.27262
OX637757.1 206500000 207000000 369.0
OX637757.1 207000000 207500000 369.0
OX637757.1 207500000 208000000 369.0
OX637757.1 208000000 208500000 369.0
OX637757.1 208500000 209000000 369.0
OX637757.1 209000000 209500000 369.0
OX637757.1 209500000 210000000 369.0
OX637757.1 210000000 210500000 369.0
OX637757.1 210500000 211000000 369.0
OX637757.1 211000000 211500000 369.0
OX637757.1 211500000 212000000 369.0
OX637757.1 212000000 212500000 369.0
OX637757.1 212500000 213000000 369.0
OX637757.1 213000000 213500000 369.0
OX637757.1 213500000 214000000 369.0
OX637757.1 214000000 214500000 369.0
OX637757.1 214500000 215000000 369.0
OX637757.1 215000000 215500000 369.0
OX637757.1 215500000 216000000 369.0
OX637757.1 216000000 216500000 369.0
OX637757.1 216500000 217000000 369.0
OX637757.1 217000000 217500000 369.0
OX637757.1 217500000 218000000 369.0
OX637757.1 218000000 218500000 369.0
OX637757.1 218500000 219000000 369.0
OX637757.1 219000000 219500000 369.0
OX637757.1 219500000 220000000 369.0
OX637757.1 220000000 220500000 369.0
OX637757.1 220500000 221000000 369.0
OX637757.1 221000000 221500000 369.0
OX637757.1 221500000 222000000 369.0
OX637757.1 222000000 222500000 369.0
OX637757.1 222500000 223000000 369.0
OX637757.1 223000000 223500000 369.99973
OX637757.1 223500000 224000000 369.35188
OX637757.1 224000000 224500000 369.0
OX637757.1 224500000 225000000 369.0
OX637757.1 225000000 225500000 369.0
OX637757.1 225500000 226000000 369.0
OX637757.1 226000000 226500000 369.0
OX637757.1 226500000 227000000 369.0
OX637757.1 227000000 227500000 369.0
OX637757.1 227500000 228000000 369.0
OX637757.1 228000000 228500000 369.0
OX637757.1 228500000 229000000 369.0
OX637757.1 229000000 229500000 369.0
OX637757.1 229500000 230000000 369.0
OX637757.1 230000000 230500000 369.0
OX637757.1 230500000 231000000 369.0
OX637757.1 231000000 231500000 369.71938
OX637757.1 231500000 232000000 370.0
OX637757.1 232000000 232500000 370.0
OX637757.1 232500000 233000000 370.20507
OX637757.1 233000000 233500000 371.0
OX637757.1 233500000 234000000 371.0
OX637757.1 234000000 234500000 371.0
OX637757.1 234500000 235000000 371.0
OX637757.1 235000000 235500000 371.0
OX637757.1 235500000 236000000 371.0
OX637757.1 236000000 236500000 371.0
OX637757.1 236500000 237000000 370.19677
OX637757.1 237000000 237500000 370.0
OX637757.1 237500000 238000000 370.06182
OX637757.1 238000000 238500000 371.0
OX637757.1 238500000 239000000 371.0
OX637757.1 239000000 239500000 371.0002
OX637757.1 239500000 240000000 371.0
OX637757.1 240000000 240500000 371.0
OX637757.1 240500000 241000000 371.0
OX637757.1 241000000 241500000 371.0
OX637757.1 241500000 242000000 371.0
OX637757.1 242000000 242500000 371.0
OX637757.1 242500000 243000000 371.0
OX637757.1 243000000 243500000 371.0
OX637757.1 243500000 244000000 371.0
OX637757.1 244000000 244500000 371.0
OX637757.1 244500000 245000000 371.0
OX637757.1 245000000 245500000 371.0
OX637757.1 245500000 246000000 370.94264
OX637757.1 246000000 246500000 370.0
OX637757.1 246500000 247000000 370.0
OX637757.1 247000000 247500000 370.0
OX637757.1 247500000 248000000 369.08203
OX637757.1 248000000 248500000 369.0
OX637757.1 248500000 249000000 369.0
OX637757.1 249000000 249500000 369.0
OX637757.1 249500000 250000000 369.0
OX637757.1 250000000 250500000 369.0
OX637757.1 250500000 251000000 369.0
OX637757.1 251000000 251500000 369.00029
OX637757.1 251500000 252000000 369.00018
OX637757.1 252000000 252500000 369.0
OX637757.1 252500000 253000000 369.0
OX637757.1 253000000 253500000 369.0
OX637757.1 253500000 254000000 369.0
OX637757.1 254000000 254500000 369.0
OX637757.1 254500000 255000000 369.0
OX637757.1 255000000 255500000 369.00043
OX637757.1 255500000 256000000 369.0
OX637757.1 256000000 256500000 369.0
OX637757.1 256500000 257000000 369.0
OX637757.1 257000000 257500000 369.0
OX637757.1 257500000 258000000 369.0
OX637757.1 258000000 258500000 369.0
OX637757.1 258500000 259000000 369.0
OX637757.1 259000000 259500000 369.00066
OX637757.1 259500000 260000000 369.0
OX637757.1 260000000 260500000 369.0
OX637757.1 260500000 261000000 369.0
OX637757.1 261000000 261500000 369.0
OX637757.1 261500000 262000000 369.0
OX637757.1 262000000 262500000 369.0
OX637757.1 262500000 263000000 369.0
OX637757.1 263000000 263500000 369.0
OX637757.1 263500000 264000000 369.0
OX637757.1 264000000 264500000 369.0
OX637757.1 264500000 265000000 369.0
OX637757.1 265000000 265500000 369.0
OX637757.1 265500000 266000000 368.57373
OX637757.1 266000000 266500000 368.0
OX637757.1 266500000 267000000 368.45584
OX637757.1 267000000 267500000 370.0
OX637757.1 267500000 268000000 370.0
OX637757.1 268000000 268500000 370.0
OX637757.1 268500000 269000000 370.0
OX637757.1 269000000 269500000 370.5
OX637757.1 269500000 270000000 371.0
OX637757.1 270000000 270500000 371.0
OX637757.1 270500000 271000000 371.00061
OX637757.1 271000000 271500000 371.0
OX637757.1 271500000 272000000 371.0
OX637757.1 272000000 272500000 371.0
OX637757.1 272500000 273000000 371.83799
OX637757.1 273000000 273500000 372.0
OX637757.1 273500000 274000000 372.0
OX637757.1 274000000 274500000 372.00022
OX637757.1 274500000 275000000 372.0
OX637757.1 275000000 275500000 372.00061
OX637757.1 275500000 276000000 371.29642
OX637757.1 276000000 276500000 370.8474
OX637757.1 276500000 277000000 371.0
OX637757.1 277000000 277500000 371.0415
OX637757.1 277500000 278000000 372.0
OX637757.1 278000000 278500000 372.0
OX637757.1 278500000 279000000 371.6731
OX637757.1 279000000 279500000 371.0
OX637757.1 279500000 280000000 371.0
OX637757.1 280000000 280500000 371.0
OX637757.1 280500000 281000000 371.0
OX637757.1 281000000 281500000 371.0
OX637757.1 281500000 282000000 371.0
OX637757.1 282000000 282500000 371.0
OX637757.1 282500000 283000000 371.0
OX637757.1 283000000 283500000 371.0
OX637757.1 283500000 284000000 371.0
OX637757.1 284000000 284500000 371.0
OX637757.1 284500000 285000000 370.27501
OX637757.1 285000000 285500000 370.0
OX637757.1 285500000 286000000 370.97622
OX637757.1 286000000 286500000 372.0
OX637757.1 286500000 287000000 372.73113
OX637757.1 287000000 287500000 374.98739
OX637757.1 287500000 288000000 376.49009
OX637757.1 288000000 288500000 378.0
OX637757.1 288500000 289000000 378.0
OX637757.1 289000000 289500000 378.0
OX637757.1 289500000 290000000 378.0
OX637757.1 290000000 290500000 378.0
OX637757.1 290500000 291000000 378.0
OX637757.1 291000000 291500000 378.0
OX637757.1 291500000 292000000 378.0
OX637757.1 292000000 292500000 378.34823
OX637757.1 292500000 293000000 379.0
OX637757.1 293000000 293500000 379.0
OX637757.1 293500000 294000000 379.0
OX637757.1 294000000 294500000 379.0
OX637757.1 294500000 295000000 379.0
OX637757.1 295000000 295500000 379.57406
OX637757.1 295500000 296000000 380.0
OX637757.1 296000000 296500000 380.0
OX637757.1 296500000 297000000 380.0
OX637757.1 297000000 297500000 379.33184
OX637757.1 297500000 298000000 379.0
OX637757.1 298000000 298500000 380.54627
OX637757.1 298500000 299000000 381.0
OX637757.1 299000000 299500000 381.0
OX637757.1 299500000 300000000 381.0
OX637757.1 300000000 300500000 381.0
OX637757.1 300500000 301000000 381.00051
OX637757.1 301000000 301500000 381.0
OX637757.1 301500000 302000000 380.86676
OX637757.1 302000000 302500000 380.0
OX637757.1 302500000 303000000 380.34448
OX637757.1 303000000 303500000 381.0
OX637757.1 303500000 304000000 381.0
OX637757.1 304000000 304500000 381.0
OX637757.1 304500000 305000000 381.0
OX637757.1 305000000 305500000 381.0
OX637757.1 305500000 306000000 381.0
OX637757.1 306000000 306500000 381.00067
OX637757.1 306500000 307000000 381.02165
OX637757.1 307000000 307500000 382.0
OX637757.1 307500000 308000000 382.39412
OX637757.1 308000000 308500000 383.0
OX637757.1 308500000 309000000 383.44318
OX637757.1 309000000 309500000 384.0
OX637757.1 309500000 310000000 384.09247
OX637757.1 310000000 310500000 385.90307
OX637757.1 310500000 311000000 383.73869
OX637757.1 311000000 311500000 382.0
OX637757.1 311500000 312000000 382.0
OX637757.1 312000000 312500000 382.0
OX637757.1 312500000 313000000 382.0
OX637757.1 313000000 313500000 382.0
OX637757.1 313500000 314000000 382.0
OX637757.1 314000000 314500000 382.0
OX637757.1 314500000 315000000 382.0
OX637757.1 315000000 315500000 382.0
OX637757.1 315500000 316000000 382.09809
OX637757.1 316000000 316500000 383.0
OX637757.1 316500000 317000000 383.0
OX637757.1 317000000 317500000 383.0
OX637757.1 317500000 318000000 383.0
OX637757.1 318000000 318500000 383.00017
OX637757.1 318500000 319000000 383.0
OX637757.1 319000000 319500000 383.0
OX637757.1 319500000 320000000 383.0
OX637757.1 320000000 320500000 383.00023
OX637757.1 320500000 321000000 383.0
OX637757.1 321000000 321500000 383.0
OX637757.1 321500000 322000000 383.0
OX637757.1 322000000 322500000 383.0
OX637757.1 322500000 323000000 383.06166
OX637757.1 323000000 323500000 383.88592
OX637757.1 323500000 324000000 383.0
OX637757.1 324000000 324500000 383.02818
OX637757.1 324500000 325000000 384.0
OX637757.1 325000000 325500000 384.0
OX637757.1 325500000 326000000 384.00018
OX637757.1 326000000 326500000 383.74323
OX637757.1 326500000 327000000 383.11685
OX637757.1 327000000 327500000 383.0
OX637757.1 327500000 328000000 383.0
OX637757.1 328000000 328500000 383.0
OX637757.1 328500000 329000000 383.0
OX637757.1 329000000 329500000 382.70181
OX637757.1 329500000 330000000 383.0
OX637757.1 330000000 330500000 383.0
OX637757.1 330500000 331000000 383.0
OX637757.1 331000000 331500000 383.0
OX637757.1 331500000 332000000 382.46072
OX637757.1 332000000 332500000 382.69857
OX637757.1 332500000 333000000 384.00028
OX637757.1 333000000 333500000 384.0
OX637757.1 333500000 334000000 384.0
OX637757.1 334000000 334500000 384.0
OX637757.1 334500000 335000000 384.0
OX637757.1 335000000 335500000 384.0
OX637757.1 335500000 336000000 384.0
OX637757.1 336000000 336500000 383.99419
OX637757.1 336500000 337000000 383.0
OX637757.1 337000000 337500000 383.72187
OX637757.1 337500000 338000000 384.0
OX637757.1 338000000 338500000 384.0
OX637757.1 338500000 339000000 384.0
OX637757.1 339000000 339500000 384.0
OX637757.1 339500000 340000000 384.0006
OX637757.1 340000000 340500000 383.76796
OX637757.1 340500000 341000000 383.342
OX637757.1 341000000 341500000 383.34612
OX637757.1 341500000 342000000 382.62571
OX637757.1 342000000 342500000 383.0
OX637757.1 342500000 343000000 383.0
OX637757.1 343000000 343500000 383.0
OX637757.1 343500000 344000000 383.0
OX637757.1 344000000 344500000 383.0
OX637757.1 344500000 345000000 383.00111
OX637757.1 345000000 345500000 382.75436
OX637757.1 345500000 346000000 382.0
OX637757.1 346000000 346500000 381.59102
OX637757.1 346500000 347000000 380.81886
OX637757.1 347000000 347500000 380.00071
OX637757.1 347500000 348000000 379.19917
OX637757.1 348000000 348500000 379.0
OX637757.1 348500000 349000000 379.0
OX637757.1 349000000 349500000 379.00095
OX637757.1 349500000 350000000 379.0
OX637757.1 350000000 350500000 379.0
OX637757.1 350500000 351000000 379.25873
OX637757.1 351000000 351500000 380.0
OX637757.1 351500000 352000000 380.0
OX637757.1 352000000 352500000 380.0
OX637757.1 352500000 353000000 380.0
OX637757.1 353000000 353500000 380.0
OX637757.1 353500000 354000000 380.0
OX637757.1 354000000 354500000 380.0
OX637757.1 354500000 355000000 380.0
OX637757.1 355000000 355500000 380.0
OX637757.1 355500000 356000000 380.0
OX637757.1 356000000 356500000 380.29951
OX637757.1 356500000 357000000 381.00068
OX637757.1 357000000 357500000 381.0
OX637757.1 357500000 358000000 381.0
OX637757.1 358000000 358500000 380.42803
OX637757.1 358500000 359000000 380.0
OX637757.1 359000000 359500000 380.0
OX637757.1 359500000 360000000 380.0
OX637757.1 360000000 360500000 380.0
OX637757.1 360500000 361000000 380.0
OX637757.1 361000000 361500000 379.25236
OX637757.1 361500000 362000000 377.93532
OX637757.1 362000000 362500000 377.0
OX637757.1 362500000 363000000 377.00057
OX637757.1 363000000 363500000 377.0
OX637757.1 363500000 364000000 377.0
OX637757.1 364000000 364500000 377.0
OX637757.1 364500000 365000000 377.0
OX637757.1 365000000 365500000 376.08064
OX637757.1 365500000 366000000 376.00019
OX637757.1 366000000 366500000 376.00067
OX637757.1 366500000 367000000 376.0
OX637757.1 367000000 367500000 376.0
OX637757.1 367500000 368000000 376.0
OX637757.1 368000000 368500000 376.0
OX637757.1 368500000 369000000 376.00601
OX637757.1 369000000 369500000 376.0
OX637757.1 369500000 370000000 376.0
OX637757.1 370000000 370500000 376.0012
OX637757.1 370500000 371000000 376.0
OX637757.1 371000000 371500000 376.0
OX637757.1 371500000 372000000 376.0
OX637757.1 372000000 372500000 376.11974
OX637757.1 372500000 373000000 377.0
OX637757.1 373000000 373500000 377.0
OX637757.1 373500000 374000000 377.0
OX637757.1 374000000 374500000 377.0
OX637757.1 374500000 375000000 377.21501
OX637757.1 375000000 375500000 376.28863
OX637757.1 375500000 376000000 376.00042
OX637757.1 376000000 376500000 375.55201
OX637757.1 376500000 377000000 374.0
OX637757.1 377000000 377500000 374.0011
OX637757.1 377500000 378000000 374.0
OX637757.1 378000000 378500000 374.0
OX637757.1 378500000 379000000 373.81607
OX637757.1 379000000 379500000 370.74147
OX637757.1 379500000 380000000 370.0
OX637757.1 380000000 380500000 370.0
OX637757.1 380500000 381000000 370.0
OX637757.1 381000000 381500000 370.00088
OX637757.1 381500000 382000000 370.0
OX637757.1 382000000 382500000 368.8677
OX637757.1 382500000 383000000 368.0
OX637757.1 383000000 383500000 366.99649
OX637757.1 383500000 384000000 365.0
OX637757.1 384000000 384500000 364.11622
OX637757.1 384500000 385000000 363.33891
OX637757.1 385000000 385500000 363.0
OX637757.1 385500000 386000000 362.17935
OX637757.1 386000000 386500000 361.67582
OX637757.1 386500000 387000000 361.70946
OX637757.1 387000000 387500000 361.0
OX637757.1 387500000 388000000 361.0
OX637757.1 388000000 388500000 361.0
OX637757.1 388500000 389000000 361.81478
OX637757.1 389000000 389500000 362.0
OX637757.1 389500000 390000000 362.31378
OX637757.1 390000000 390500000 363.0
OX637757.1 390500000 391000000 363.03119
OX637757.1 391000000 391500000 363.00083
OX637757.1 391500000 392000000 362.13365
OX637757.1 392000000 392500000 361.0
OX637757.1 392500000 393000000 360.16455
OX637757.1 393000000 393500000 360.0
OX637757.1 393500000 394000000 359.29019
OX637757.1 394000000 394500000 359.0
OX637757.1 394500000 395000000 359.0
OX637757.1 395000000 395500000 359.0519
OX637757.1 395500000 396000000 359.76041
OX637757.1 396000000 396500000 359.21503
OX637757.1 396500000 397000000 359.11209
OX637757.1 397000000 397500000 358.14961
OX637757.1 397500000 398000000 358.60355
OX637757.1 398000000 398500000 359.00023
OX637757.1 398500000 399000000 357.80906
OX637757.1 399000000 399500000 356.0
OX637757.1 399500000 400000000 356.0
OX637757.1 400000000 400500000 355.82418
OX637757.1 400500000 401000000 355.0
OX637757.1 401000000 401500000 355.37108
OX637757.1 401500000 402000000 356.0
OX637757.1 402000000 402500000 356.0
OX637757.1 402500000 403000000 355.97443
OX637757.1 403000000 403500000 354.25658
OX637757.1 403500000 404000000 354.0
OX637757.1 404000000 404500000 354.0
OX637757.1 404500000 405000000 354.0
OX637757.1 405000000 405500000 353.3343
OX637757.1 405500000 406000000 349.8443
OX637757.1 406000000 406500000 349.58733
OX637757.1 406500000 407000000 348.17525
OX637757.1 407000000 407500000 346.57093
OX637757.1 407500000 408000000 345.34284
OX637757.1 408000000 408500000 343.99868
OX637757.1 408500000 409000000 341.12422
OX637757.1 409000000 409500000 341.0
OX637757.1 409500000 410000000 340.3589
OX637757.1 410000000 410500000 339.00032
OX637757.1 410500000 411000000 337.04469
OX637757.1 411000000 411500000 336.00017
OX637757.1 411500000 412000000 335.904
OX637757.1 412000000 412500000 332.94412
OX637757.1 412500000 413000000 331.79429
OX637757.1 413000000 413500000 330.0
OX637757.1 413500000 414000000 328.98432
OX637757.1 414000000 414500000 327.41277
OX637757.1 414500000 415000000 325.34444
OX637757.1 415000000 415500000 324.5262
OX637757.1 415500000 416000000 322.27176
OX637757.1 416000000 416500000 322.0
OX637757.1 416500000 417000000 321.39521
OX637757.1 417000000 417500000 319.32579
OX637757.1 417500000 418000000 316.70376
OX637757.1 418000000 418500000 315.001
OX637757.1 418500000 419000000 314.60149
OX637757.1 419000000 419500000 313.64764
OX637757.1 419500000 420000000 313.0
OX637757.1 420000000 420500000 312.05082
OX637757.1 420500000 421000000 311.0
OX637757.1 421000000 421500000 308.14725
OX637757.1 421500000 422000000 307.00067
OX637757.1 422000000 422500000 305.97282
OX637757.1 422500000 423000000 305.0
OX637757.1 423000000 423500000 305.0
OX637757.1 423500000 424000000 305.0
OX637757.1 424000000 424500000 305.0
OX637757.1 424500000 425000000 304.52408
OX637757.1 425000000 425500000 304.0
OX637757.1 425500000 426000000 303.92
OX637757.1 426000000 426500000 303.0
OX637757.1 426500000 427000000 303.0
OX637757.1 427000000 427500000 303.0
OX637757.1 427500000 428000000 303.0
OX637757.1 428000000 428500000 303.0
OX637757.1 428500000 429000000 302.06034
OX637757.1 429000000 429500000 301.31936
OX637757.1 429500000 430000000 300.34791
OX637757.1 430000000 430500000 299.12691
OX637757.1 430500000 431000000 299.00039
OX637757.1 431000000 431500000 299.90971
OX637757.1 431500000 432000000 300.0
OX637757.1 432000000 432500000 299.04519
OX637757.1 432500000 433000000 298.59849
OX637757.1 433000000 433500000 297.8993
OX637757.1 433500000 434000000 296.88749
OX637757.1 434000000 434500000 296.00119
OX637757.1 434500000 435000000 295.33682
OX637757.1 435000000 435500000 295.0
OX637757.1 435500000 436000000 293.75779
OX637757.1 436000000 436500000 292.57408
OX637757.1 436500000 437000000 289.03469
OX637757.1 437000000 437500000 288.57009
OX637757.1 437500000 438000000 288.0
OX637757.1 438000000 438500000 287.17725
OX637757.1 438500000 439000000 285.57265
OX637757.1 439000000 439500000 285.28493
OX637757.1 439500000 440000000 286.0
OX637757.1 440000000 440500000 285.16566
OX637757.1 440500000 441000000 283.44452
OX637757.1 441000000 441500000 283.0
OX637757.1 441500000 442000000 283.0
OX637757.1 442000000 442500000 281.27791
OX637757.1 442500000 443000000 281.0
OX637757.1 443000000 443500000 280.13758
OX637757.1 443500000 444000000 280.96748
OX637757.1 444000000 444500000 280.23896
OX637757.1 444500000 445000000 279.00055
OX637757.1 445000000 445500000 279.0
OX637757.1 445500000 446000000 278.61619
OX637757.1 446000000 446500000 276.87032
OX637757.1 446500000 447000000 276.0
OX637757.1 447000000 447500000 275.44853
OX637757.1 447500000 448000000 275.0
OX637757.1 448000000 448500000 273.30935
OX637757.1 448500000 449000000 270.68147
OX637757.1 449000000 449500000 268.28926
OX637757.1 449500000 450000000 266.9001
OX637757.1 450000000 450500000 265.54668
OX637757.1 450500000 451000000 263.761
OX637757.1 451000000 451500000 262.62243
OX637757.1 451500000 452000000 259.19695
OX637757.1 452000000 452500000 256.78462
OX637757.1 452500000 453000000 254.86587
OX637757.1 453000000 453500000 253.00114
OX637757.1 453500000 454000000 250.83837
OX637757.1 454000000 454500000 248.01671
OX637757.1 454500000 455000000 247.0
OX637757.1 455000000 455500000 246.65503
OX637757.1 455500000 456000000 245.96301
OX637757.1 456000000 456500000 245.68852
OX637757.1 456500000 457000000 246.0
OX637757.1 457000000 457500000 246.0
OX637757.1 457500000 458000000 246.0
OX637757.1 458000000 458500000 246.0
OX637757.1 458500000 459000000 245.79824
OX637757.1 459000000 459500000 244.07753
OX637757.1 459500000 460000000 243.95978
OX637757.1 460000000 460500000 241.61517
OX637757.1 460500000 461000000 240.64323
OX637757.1 461000000 461500000 239.05789
OX637757.1 461500000 462000000 236.2256
OX637757.1 462000000 462500000 233.64096
OX637757.1 462500000 463000000 230.74567
OX637757.1 463000000 463500000 229.28021
OX637757.1 463500000 464000000 229.0
OX637757.1 464000000 464500000 228.65863
OX637757.1 464500000 465000000 226.0
OX637757.1 465000000 465500000 224.63795
OX637757.1 465500000 466000000 222.95333
OX637757.1 466000000 466500000 221.13106
OX637757.1 466500000 467000000 221.0
OX637757.1 467000000 467500000 221.00023
OX637757.1 467500000 468000000 221.0
OX637757.1 468000000 468500000 220.71044
OX637757.1 468500000 469000000 219.25164
OX637757.1 469000000 469500000 219.0
OX637757.1 469500000 470000000 219.0
OX637757.1 470000000 470500000 217.90681
OX637757.1 470500000 471000000 215.66854
OX637757.1 471000000 471500000 212.05265
OX637757.1 471500000 472000000 210.25742
OX637757.1 472000000 472500000 207.40308
OX637757.1 472500000 473000000 204.41846
OX637757.1 473000000 473500000 201.15163
OX637757.1 473500000 474000000 197.81058
OX637757.1 474000000 474500000 195.4826
OX637757.1 474500000 475000000 195.0
OX637757.1 475000000 475500000 195.0
OX637757.1 475500000 476000000 195.0
OX637757.1 476000000 476500000 195.0
OX637757.1 476500000 477000000 195.0
OX637757.1 477000000 477500000 195.0
OX637757.1 477500000 478000000 195.0
OX637757.1 478000000 478500000 194.29939
OX637757.1 478500000 479000000 193.24588
OX637757.1 479000000 479500000 191.15667
OX637757.1 479500000 480000000 184.87815
OX637757.1 480000000 480500000 180.17897
OX637757.1 480500000 481000000 175.39005
OX637757.1 481000000 481500000 173.76285
OX637757.1 481500000 482000000 170.75202
OX637757.1 482000000 482500000 164.62208
OX637757.1 482500000 483000000 159.46994
OX637757.1 483000000 483500000 156.08457
OX637757.1 483500000 484000000 153.46164
OX637757.1 484000000 484500000 147.66051
OX637757.1 484500000 485000000 144.48399
OX637757.1 485000000 485500000 141.94261
OX637757.1 485500000 486000000 140.71576
OX637757.1 486000000 486500000 135.98411
OX637757.1 486500000 487000000 128.45286
OX637757.1 487000000 487500000 122.57344
OX637757.1 487500000 488000000 113.07476
OX637757.1 488000000 488500000 105.42905
OX637757.1 488500000 489000000 96.05542
OX637757.1 489000000 489500000 90.82522
OX637757.1 489500000 490000000 85.11423
OX637757.1 490000000 490500000 75.53204
OX637757.1 490500000 491000000 70.03217
OX637757.1 491000000 491500000 69.4409
OX637757.1 491500000 492000000 61.92931
OX637757.1 492000000 492500000 52.27613
OX637757.1 492500000 493000000 41.48785
OX637757.1 493000000 493500000 30.93219
OX637757.1 493500000 494000000 23.89365
OX637757.1 494000000 494500000 8.42547
OX637757.1 494500000 495000000 5.0
OX637757.1 495000000 495234531 3.73642
OX637744.1 0 500000 0.0
OX637744.1 500000 1000000 6.40031
OX637744.1 1000000 1500000 13.84354
OX637744.1 1500000 2000000 15.79853
OX637744.1 2000000 2500000 22.0
OX637744.1 2500000 3000000 22.0
OX637744.1 3000000 3500000 23.37815
OX637744.1 3500000 4000000 30.12469
OX637744.1 4000000 4500000 32.68616
OX637744.1 4500000 5000000 39.94474
OX637744.1 5000000 5500000 40.0
OX637744.1 5500000 6000000 43.55783
OX637744.1 6000000 6500000 56.28135
OX637744.1 6500000 7000000 64.77812
OX637744.1 7000000 7500000 71.29893
OX637744.1 7500000 8000000 79.61316
OX637744.1 8000000 8500000 83.75853
OX637744.1 8500000 9000000 87.73184
OX637744.1 9000000 9500000 93.24482
OX637744.1 9500000 10000000 95.45707
OX637744.1 10000000 10500000 96.96015
OX637744.1 10500000 11000000 102.02891
OX637744.1 11000000 11500000 103.0
OX637744.1 11500000 12000000 103.90002
OX637744.1 12000000 12500000 104.07261
OX637744.1 12500000 13000000 106.2176
OX637744.1 13000000 13500000 113.80985
OX637744.1 13500000 14000000 121.36094
OX637744.1 14000000 14500000 129.12896
OX637744.1 14500000 15000000 135.83212
OX637744.1 15000000 15500000 139.40256
OX637744.1 15500000 16000000 143.92201
OX637744.1 16000000 16500000 144.88338
OX637744.1 16500000 17000000 145.68286
OX637744.1 17000000 17500000 150.78844
OX637744.1 17500000 18000000 152.69537
OX637744.1 18000000 18500000 156.14354
OX637744.1 18500000 19000000 157.65874
OX637744.1 19000000 19500000 160.513
OX637744.1 19500000 20000000 161.55419
OX637744.1 20000000 20500000 166.73491
OX637744.1 20500000 21000000 168.48786
OX637744.1 21000000 21500000 171.95052
OX637744.1 21500000 22000000 176.99374
OX637744.1 22000000 22500000 179.5635
OX637744.1 22500000 23000000 180.88552
OX637744.1 23000000 23500000 184.10736
OX637744.1 23500000 24000000 186.85619
OX637744.1 24000000 24500000 189.2882
OX637744.1 24500000 25000000 191.03141
OX637744.1 25000000 25500000 192.90835
OX637744.1 25500000 26000000 194.78364
OX637744.1 26000000 26500000 197.72048
OX637744.1 26500000 27000000 198.0
OX637744.1 27000000 27500000 198.06994
OX637744.1 27500000 28000000 199.65599
OX637744.1 28000000 28500000 200.35141
OX637744.1 28500000 29000000 202.42257
OX637744.1 29000000 29500000 203.0
OX637744.1 29500000 30000000 203.64988
OX637744.1 30000000 30500000 205.44671
OX637744.1 30500000 31000000 206.0
OX637744.1 31000000 31500000 206.42382
OX637744.1 31500000 32000000 207.96117
OX637744.1 32000000 32500000 208.06895
OX637744.1 32500000 33000000 210.1414
OX637744.1 33000000 33500000 211.00102
OX637744.1 33500000 34000000 211.73995
OX637744.1 34000000 34500000 213.0
OX637744.1 34500000 35000000 214.1007
OX637744.1 35000000 35500000 215.0
OX637744.1 35500000 36000000 215.05122
OX637744.1 36000000 36500000 216.36509
OX637744.1 36500000 37000000 217.0
OX637744.1 37000000 37500000 217.41324
OX637744.1 37500000 38000000 218.92497
OX637744.1 38000000 38500000 219.0
OX637744.1 38500000 39000000 219.02412
OX637744.1 39000000 39500000 220.0
OX637744.1 39500000 40000000 220.0
OX637744.1 40000000 40500000 221.10783
OX637744.1 40500000 41000000 223.41403
OX637744.1 41000000 41500000 224.84598
OX637744.1 41500000 42000000 225.20542
OX637744.1 42000000 42500000 227.4027
OX637744.1 42500000 43000000 229.87315
OX637744.1 43000000 43500000 231.0
OX637744.1 43500000 44000000 231.0
OX637744.1 44000000 44500000 231.22248
OX637744.1 44500000 45000000 232.98123
OX637744.1 45000000 45500000 233.49313
OX637744.1 45500000 46000000 234.0
OX637744.1 46000000 46500000 234.21961
OX637744.1 46500000 47000000 235.0
OX637744.1 47000000 47500000 235.0
OX637744.1 47500000 48000000 235.0
OX637744.1 48000000 48500000 235.0
OX637744.1 48500000 49000000 235.51687
OX637744.1 49000000 49500000 236.90324
OX637744.1 49500000 50000000 239.75412
OX637744.1 50000000 50500000 240.19654
OX637744.1 50500000 51000000 241.0
OX637744.1 51000000 51500000 241.29322
OX637744.1 51500000 52000000 242.38611
OX637744.1 52000000 52500000 243.0
OX637744.1 52500000 53000000 243.0
OX637744.1 53000000 53500000 243.0
OX637744.1 53500000 54000000 243.1111
OX637744.1 54000000 54500000 244.0
OX637744.1 54500000 55000000 244.0
OX637744.1 55000000 55500000 244.0
OX637744.1 55500000 56000000 244.0
OX637744.1 56000000 56500000 244.62651
OX637744.1 56500000 57000000 245.0
OX637744.1 57000000 57500000 245.0
OX637744.1 57500000 58000000 244.57609
OX637744.1 58000000 58500000 244.0
OX637744.1 58500000 59000000 244.47866
OX637744.1 59000000 59500000 245.0
OX637744.1 59500000 60000000 245.0
OX637744.1 60000000 60500000 245.09793
OX637744.1 60500000 61000000 246.00064
OX637744.1 61000000 61500000 246.0
OX637744.1 61500000 62000000 246.00104
OX637744.1 62000000 62500000 246.63682
OX637744.1 62500000 63000000 246.37108
OX637744.1 63000000 63500000 247.0
OX637744.1 63500000 64000000 247.0
OX637744.1 64000000 64500000 248.49469
OX637744.1 64500000 65000000 249.0
OX637744.1 65000000 65500000 249.64961
OX637744.1 65500000 66000000 250.0
OX637744.1 66000000 66500000 250.96841
OX637744.1 66500000 67000000 253.0
OX637744.1 67000000 67500000 253.0
OX637744.1 67500000 68000000 253.06311
OX637744.1 68000000 68500000 254.0
OX637744.1 68500000 69000000 254.94993
OX637744.1 69000000 69500000 255.78063
OX637744.1 69500000 70000000 257.76186
OX637744.1 70000000 70500000 258.0
OX637744.1 70500000 71000000 258.53095
OX637744.1 71000000 71500000 259.0
OX637744.1 71500000 72000000 259.55984
OX637744.1 72000000 72500000 260.0
OX637744.1 72500000 73000000 260.0
OX637744.1 73000000 73500000 260.0
OX637744.1 73500000 74000000 260.0
OX637744.1 74000000 74500000 260.0
OX637744.1 74500000 75000000 260.0
OX637744.1 75000000 75500000 260.0
OX637744.1 75500000 76000000 260.0
OX637744.1 76000000 76500000 260.0
OX637744.1 76500000 77000000 261.45068
OX637744.1 77000000 77500000 262.16969
OX637744.1 77500000 78000000 263.00025
OX637744.1 78000000 78500000 263.0
OX637744.1 78500000 79000000 263.0
OX637744.1 79000000 79500000 263.53674
OX637744.1 79500000 80000000 265.78743
OX637744.1 80000000 80500000 266.69689
OX637744.1 80500000 81000000 267.0
OX637744.1 81000000 81500000 268.6413
OX637744.1 81500000 82000000 270.0
OX637744.1 82000000 82500000 269.87903
OX637744.1 82500000 83000000 269.0
OX637744.1 83000000 83500000 269.0
OX637744.1 83500000 84000000 269.87944
OX637744.1 84000000 84500000 270.0
OX637744.1 84500000 85000000 270.24508
OX637744.1 85000000 85500000 272.0
OX637744.1 85500000 86000000 272.0
OX637744.1 86000000 86500000 272.0
OX637744.1 86500000 87000000 272.0
OX637744.1 87000000 87500000 272.0
OX637744.1 87500000 88000000 273.17861
OX637744.1 88000000 88500000 274.0
OX637744.1 88500000 89000000 274.93778
OX637744.1 89000000 89500000 275.0
OX637744.1 89500000 90000000 274.70639
OX637744.1 90000000 90500000 275.84504
OX637744.1 90500000 91000000 276.0
OX637744.1 91000000 91500000 276.0
OX637744.1 91500000 92000000 276.50252
OX637744.1 92000000 92500000 277.0
OX637744.1 92500000 93000000 277.0
OX637744.1 93000000 93500000 277.0
OX637744.1 93500000 94000000 277.0
OX637744.1 94000000 94500000 277.0
OX637744.1 94500000 95000000 277.0
OX637744.1 95000000 95500000 277.0
OX637744.1 95500000 96000000 277.54747
OX637744.1 96000000 96500000 278.0
OX637744.1 96500000 97000000 278.0
OX637744.1 97000000 97500000 278.0
OX637744.1 97500000 98000000 278.0
OX637744.1 98000000 98500000 278.50515
OX637744.1 98500000 99000000 279.0
OX637744.1 99000000 99500000 279.0
OX637744.1 99500000 100000000 279.0
OX637744.1 100000000 100500000 279.0
OX637744.1 100500000 101000000 279.0
OX637744.1 101000000 101500000 279.0
OX637744.1 101500000 102000000 279.0
OX637744.1 102000000 102500000 279.0
OX637744.1 102500000 103000000 279.69156
OX637744.1 103000000 103500000 280.0
OX637744.1 103500000 104000000 280.9664
OX637744.1 104000000 104500000 281.0
OX637744.1 104500000 105000000 281.00067
OX637744.1 105000000 105500000 281.0
OX637744.1 105500000 106000000 281.0
OX637744.1 106000000 106500000 281.0
OX637744.1 106500000 107000000 281.0
OX637744.1 107000000 107500000 281.0
OX637744.1 107500000 108000000 281.0
OX637744.1 108000000 108500000 281.0
OX637744.1 108500000 109000000 281.0
OX637744.1 109000000 109500000 281.0
OX637744.1 109500000 110000000 281.0
OX637744.1 110000000 110500000 281.0
OX637744.1 110500000 111000000 281.00019
OX637744.1 111000000 111500000 281.74668
OX637744.1 111500000 112000000 282.0
OX637744.1 112000000 112500000 282.0
OX637744.1 112500000 113000000 282.0
OX637744.1 113000000 113500000 282.22979
OX637744.1 113500000 114000000 283.0
OX637744.1 114000000 114500000 283.94701
OX637744.1 114500000 115000000 284.0
OX637744.1 115000000 115500000 284.00021
OX637744.1 115500000 116000000 284.0
OX637744.1 116000000 116500000 284.0
OX637744.1 116500000 117000000 284.91407
OX637744.1 117000000 117500000 285.0
OX637744.1 117500000 118000000 285.66137
OX637744.1 118000000 118500000 286.0
OX637744.1 118500000 119000000 286.0
OX637744.1 119000000 119500000 286.0
OX637744.1 119500000 120000000 286.0
OX637744.1 120000000 120500000 286.37525
OX637744.1 120500000 121000000 287.0
OX637744.1 121000000 121500000 287.0
OX637744.1 121500000 122000000 287.0
OX637744.1 122000000 122500000 287.0
OX637744.1 122500000 123000000 287.0
OX637744.1 123000000 123500000 287.0
OX637744.1 123500000 124000000 287.0
OX637744.1 124000000 124500000 287.0
OX637744.1 124500000 125000000 287.79361
OX637744.1 125000000 125500000 288.0
OX637744.1 125500000 126000000 288.36619
OX637744.1 126000000 126500000 289.0
OX637744.1 126500000 127000000 289.0
OX637744.1 127000000 127500000 289.0
OX637744.1 127500000 128000000 289.0
OX637744.1 128000000 128500000 289.0
OX637744.1 128500000 129000000 289.0
OX637744.1 129000000 129500000 289.0
OX637744.1 129500000 130000000 289.0
OX637744.1 130000000 130500000 289.58104
OX637744.1 130500000 131000000 290.0
OX637744.1 131000000 131500000 290.0
OX637744.1 131500000 132000000 290.49315
OX637744.1 132000000 132500000 291.1601
OX637744.1 132500000 133000000 292.0
OX637744.1 133000000 133500000 292.0
OX637744.1 133500000 134000000 292.0
OX637744.1 134000000 134500000 292.0
OX637744.1 134500000 135000000 292.0
OX637744.1 135000000 135500000 292.0
OX637744.1 135500000 136000000 292.0
OX637744.1 136000000 136500000 292.0
OX637744.1 136500000 137000000 292.0
OX637744.1 137000000 137500000 292.0
OX637744.1 137500000 138000000 292.0
OX637744.1 138000000 138500000 292.74987
OX637744.1 138500000 139000000 293.0
OX637744.1 139000000 139500000 293.0
OX637744.1 139500000 140000000 293.0
OX637744.1 140000000 140500000 293.0
OX637744.1 140500000 141000000 293.0
OX637744.1 141000000 141500000 293.0
OX637744.1 141500000 142000000 293.0
OX637744.1 142000000 142500000 293.0
OX637744.1 142500000 143000000 293.0
OX637744.1 143000000 143500000 293.0
OX637744.1 143500000 144000000 292.82525
OX637744.1 144000000 144500000 292.0
OX637744.1 144500000 145000000 292.0
OX637744.1 145000000 145500000 292.0
OX637744.1 145500000 146000000 292.0
OX637744.1 146000000 146500000 292.0
OX637744.1 146500000 147000000 292.0
OX637744.1 147000000 147500000 292.0
OX637744.1 147500000 148000000 292.0
OX637744.1 148000000 148500000 292.0
OX637744.1 148500000 149000000 292.0
OX637744.1 149000000 149500000 292.0
OX637744.1 149500000 150000000 292.0
OX637744.1 150000000 150500000 292.16519
OX637744.1 150500000 151000000 293.0
OX637744.1 151000000 151500000 293.0
OX637744.1 151500000 152000000 293.0
OX637744.1 152000000 152500000 293.0
OX637744.1 152500000 153000000 293.25291
OX637744.1 153000000 153500000 294.0
OX637744.1 153500000 154000000 294.0
OX637744.1 154000000 154500000 294.0
OX637744.1 154500000 155000000 294.0
OX637744.1 155000000 155500000 294.00165
OX637744.1 155500000 156000000 294.57941
OX637744.1 156000000 156500000 295.0
OX637744.1 156500000 157000000 295.0
OX637744.1 157000000 157500000 295.0
OX637744.1 157500000 158000000 295.00025
OX637744.1 158000000 158500000 295.0
OX637744.1 158500000 159000000 295.0
OX637744.1 159000000 159500000 295.0
OX637744.1 159500000 160000000 295.0
OX637744.1 160000000 160500000 295.0
OX637744.1 160500000 161000000 295.0
OX637744.1 161000000 161500000 295.0
OX637744.1 161500000 162000000 295.0
OX637744.1 162000000 162500000 295.0
OX637744.1 162500000 163000000 295.0
OX637744.1 163000000 163500000 295.0
OX637744.1 163500000 164000000 295.0
OX637744.1 164000000 164500000 295.0
OX637744.1 164500000 165000000 295.0
OX637744.1 165000000 165500000 295.0
OX637744.1 165500000 166000000 295.0
OX637744.1 166000000 166500000 295.0
OX637744.1 166500000 167000000 295.0
OX637744.1 167000000 167500000 295.0
OX637744.1 167500000 168000000 295.00019
OX637744.1 168000000 168500000 295.0
OX637744.1 168500000 169000000 295.98372
OX637744.1 169000000 169500000 296.0
OX637744.1 169500000 170000000 296.00025
OX637744.1 170000000 170500000 296.0
OX637744.1 170500000 171000000 296.0
OX637744.1 171000000 171500000 296.0
OX637744.1 171500000 172000000 296.0
OX637744.1 172000000 172500000 296.0
OX637744.1 172500000 173000000 296.00078
OX637744.1 173000000 173500000 296.0
OX637744.1 173500000 174000000 296.0
OX637744.1 174000000 174500000 296.0
OX637744.1 174500000 175000000 296.0
OX637744.1 175000000 175500000 296.0
OX637744.1 175500000 176000000 296.00035
OX637744.1 176000000 176500000 296.0
OX637744.1 176500000 177000000 296.07102
OX637744.1 177000000 177500000 297.0
OX637744.1 177500000 178000000 297.0
OX637744.1 178000000 178500000 297.00034
OX637744.1 178500000 179000000 297.0
OX637744.1 179000000 179500000 297.0
OX637744.1 179500000 180000000 297.0
OX637744.1 180000000 180500000 297.0
OX637744.1 180500000 181000000 297.0
OX637744.1 181000000 181500000 297.81809
OX637744.1 181500000 182000000 298.0
OX637744.1 182000000 182500000 298.0
OX637744.1 182500000 183000000 298.0
OX637744.1 183000000 183500000 298.0
OX637744.1 183500000 184000000 298.0
OX637744.1 184000000 184500000 298.0
OX637744.1 184500000 185000000 298.0
OX637744.1 185000000 185500000 298.0
OX637744.1 185500000 186000000 298.0
OX637744.1 186000000 186500000 298.0
OX637744.1 186500000 187000000 298.0
OX637744.1 187000000 187500000 298.0
OX637744.1 187500000 188000000 298.0
OX637744.1 188000000 188500000 298.78055
OX637744.1 188500000 189000000 299.0
OX637744.1 189000000 189500000 299.0
OX637744.1 189500000 190000000 299.0
OX637744.1 190000000 190500000 299.0
OX637744.1 190500000 191000000 299.0
OX637744.1 191000000 191500000 299.00057
OX637744.1 191500000 192000000 299.0
OX637744.1 192000000 192500000 299.43908
OX637744.1 192500000 193000000 300.0
OX637744.1 193000000 193500000 300.0
OX637744.1 193500000 194000000 300.0
OX637744.1 194000000 194500000 300.0
OX637744.1 194500000 195000000 300.0
OX637744.1 195000000 195500000 300.0
OX637744.1 195500000 196000000 300.0
OX637744.1 196000000 196500000 300.0
OX637744.1 196500000 197000000 300.0
OX637744.1 197000000 197500000 300.0
OX637744.1 197500000 198000000 300.0
OX637744.1 198000000 198500000 300.0
OX637744.1 198500000 199000000 300.0
OX637744.1 199000000 199500000 300.0
OX637744.1 199500000 200000000 300.0
OX637744.1 200000000 200500000 300.0
OX637744.1 200500000 201000000 300.0
OX637744.1 201000000 201500000 300.0
OX637744.1 201500000 202000000 300.0
OX637744.1 202000000 202500000 300.0
OX637744.1 202500000 203000000 300.0
OX637744.1 203000000 203500000 300.0
OX637744.1 203500000 204000000 300.0
OX637744.1 204000000 204500000 300.0
OX637744.1 204500000 205000000 300.5911
OX637744.1 205000000 205500000 301.001
OX637744.1 205500000 206000000 301.00034
OX637744.1 206000000 206500000 301.0
OX637744.1 206500000 207000000 301.0
OX637744.1 207000000 207500000 301.94493
OX637744.1 207500000 208000000 302.0
OX637744.1 208000000 208500000 302.0
OX637744.1 208500000 209000000 302.0
OX637744.1 209000000 209500000 301.84568
OX637744.1 209500000 210000000 302.0
OX637744.1 210000000 210500000 302.0
OX637744.1 210500000 211000000 302.0
OX637744.1 211000000 211500000 302.0
OX637744.1 211500000 212000000 302.09037
OX637744.1 212000000 212500000 303.83417
OX637744.1 212500000 213000000 304.80709
OX637744.1 213000000 213500000 305.0
OX637744.1 213500000 214000000 305.0
OX637744.1 214000000 214500000 305.94814
OX637744.1 214500000 215000000 306.0
OX637744.1 215000000 215500000 306.76087
OX637744.1 215500000 216000000 307.0
OX637744.1 216000000 216500000 307.00017
OX637744.1 216500000 217000000 307.0
OX637744.1 217000000 217500000 307.0
OX637744.1 217500000 218000000 307.65294
OX637744.1 218000000 218500000 309.0
OX637744.1 218500000 219000000 309.0
OX637744.1 219000000 219500000 309.0
OX637744.1 219500000 220000000 309.10465
OX637744.1 220000000 220500000 310.00034
OX637744.1 220500000 221000000 310.50922
OX637744.1 221000000 221500000 312.44529
OX637744.1 221500000 222000000 312.74421
OX637744.1 222000000 222500000 312.0
OX637744.1 222500000 223000000 312.80232
OX637744.1 223000000 223500000 313.0
OX637744.1 223500000 224000000 313.95628
OX637744.1 224000000 224500000 314.0
OX637744.1 224500000 225000000 314.0
OX637744.1 225000000 225500000 314.0
OX637744.1 225500000 226000000 314.0
OX637744.1 226000000 226500000 314.0
OX637744.1 226500000 227000000 314.0
OX637744.1 227000000 227500000 314.0
OX637744.1 227500000 228000000 314.00031
OX637744.1 228000000 228500000 314.0
OX637744.1 228500000 229000000 314.00033
OX637744.1 229000000 229500000 314.0
OX637744.1 229500000 230000000 314.0
OX637744.1 230000000 230500000 314.0
OX637744.1 230500000 231000000 314.0
OX637744.1 231000000 231500000 314.0
OX637744.1 231500000 232000000 314.0
OX637744.1 232000000 232500000 314.0
OX637744.1 232500000 233000000 314.0
OX637744.1 233000000 233500000 314.76945
OX637744.1 233500000 234000000 315.00034
OX637744.1 234000000 234500000 315.0
OX637744.1 234500000 235000000 315.0
OX637744.1 235000000 235500000 315.0
OX637744.1 235500000 236000000 315.0
OX637744.1 236000000 236500000 315.0
OX637744.1 236500000 237000000 315.84196
OX637744.1 237000000 237500000 316.0
OX637744.1 237500000 238000000 316.0
OX637744.1 238000000 238500000 316.00022
OX637744.1 238500000 239000000 316.00032
OX637744.1 239000000 239500000 316.0
OX637744.1 239500000 240000000 316.0
OX637744.1 240000000 240500000 316.0
OX637744.1 240500000 241000000 316.13449
OX637744.1 241000000 241500000 316.4815
OX637744.1 241500000 242000000 315.66098
OX637744.1 242000000 242500000 316.55096
OX637744.1 242500000 243000000 317.47729
OX637744.1 243000000 243500000 318.0
OX637744.1 243500000 244000000 318.47557
OX637744.1 244000000 244500000 319.0
OX637744.1 244500000 245000000 319.90225
OX637744.1 245000000 245500000 320.7875
OX637744.1 245500000 246000000 321.00118
OX637744.1 246000000 246500000 321.0
OX637744.1 246500000 247000000 321.0
OX637744.1 247000000 247500000 321.0
OX637744.1 247500000 248000000 321.0
OX637744.1 248000000 248500000 321.0
OX637744.1 248500000 249000000 321.0
OX637744.1 249000000 249500000 321.0004
OX637744.1 249500000 250000000 321.45499
OX637744.1 250000000 250500000 322.0
OX637744.1 250500000 251000000 322.0
OX637744.1 251000000 251500000 322.0
OX637744.1 251500000 252000000 322.0
OX637744.1 252000000 252500000 322.75192
OX637744.1 252500000 253000000 323.0
OX637744.1 253000000 253500000 323.0
OX637744.1 253500000 254000000 323.0
OX637744.1 254000000 254500000 323.0
OX637744.1 254500000 255000000 322.59314
OX637744.1 255000000 255500000 322.0
OX637744.1 255500000 256000000 322.63554
OX637744.1 256000000 256500000 322.93673
OX637744.1 256500000 257000000 322.0
OX637744.1 257000000 257500000 322.0
OX637744.1 257500000 258000000 322.0
OX637744.1 258000000 258500000 322.0
OX637744.1 258500000 259000000 322.24379
OX637744.1 259000000 259500000 323.0
OX637744.1 259500000 260000000 323.0
OX637744.1 260000000 260500000 323.0
OX637744.1 260500000 261000000 323.17737
OX637744.1 261000000 261500000 324.0
OX637744.1 261500000 262000000 324.0
OX637744.1 262000000 262500000 324.00032
OX637744.1 262500000 263000000 324.0
OX637744.1 263000000 263500000 324.0
OX637744.1 263500000 264000000 324.0
OX637744.1 264000000 264500000 324.0
OX637744.1 264500000 265000000 324.94603
OX637744.1 265000000 265500000 325.22808
OX637744.1 265500000 266000000 326.0
OX637744.1 266000000 266500000 326.0
OX637744.1 266500000 267000000 326.60793
OX637744.1 267000000 267500000 327.0
OX637744.1 267500000 268000000 327.0
OX637744.1 268000000 268500000 327.0
OX637744.1 268500000 269000000 327.0
OX637744.1 269000000 269500000 327.0
OX637744.1 269500000 270000000 327.00036
OX637744.1 270000000 270500000 327.0
OX637744.1 270500000 271000000 327.38572
OX637744.1 271000000 271500000 327.12434
OX637744.1 271500000 272000000 328.17823
OX637744.1 272000000 272500000 329.128
OX637744.1 272500000 273000000 327.7449
OX637744.1 273000000 273500000 327.0
OX637744.1 273500000 274000000 327.60524
OX637744.1 274000000 274500000 328.0
OX637744.1 274500000 275000000 327.66957
OX637744.1 275000000 275500000 327.0
OX637744.1 275500000 276000000 327.21191
OX637744.1 276000000 276500000 328.00061
OX637744.1 276500000 277000000 328.00022
OX637744.1 277000000 277500000 328.0
OX637744.1 277500000 278000000 327.27401
OX637744.1 278000000 278500000 327.21095
OX637744.1 278500000 279000000 328.00034
OX637744.1 279000000 279500000 328.00111
OX637744.1 279500000 280000000 328.0
OX637744.1 280000000 280500000 328.0
OX637744.1 280500000 281000000 328.83719
OX637744.1 281000000 281500000 329.0
OX637744.1 281500000 282000000 329.00055
OX637744.1 282000000 282500000 329.00092
OX637744.1 282500000 283000000 329.0
OX637744.1 283000000 283500000 329.0
OX637744.1 283500000 284000000 329.0
OX637744.1 284000000 284500000 329.0
OX637744.1 284500000 285000000 329.04183
OX637744.1 285000000 285500000 329.4646
OX637744.1 285500000 286000000 328.967
OX637744.1 286000000 286500000 328.0
OX637744.1 286500000 287000000 328.0
OX637744.1 287000000 287500000 328.0
OX637744.1 287500000 288000000 327.73181
OX637744.1 288000000 288500000 326.76871
OX637744.1 288500000 289000000 327.0
OX637744.1 289000000 289500000 327.00039
OX637744.1 289500000 290000000 327.0
OX637744.1 290000000 290500000 327.0
OX637744.1 290500000 291000000 327.00026
OX637744.1 291000000 291500000 327.0
OX637744.1 291500000 292000000 327.00112
OX637744.1 292000000 292500000 327.0
OX637744.1 292500000 293000000 327.0
OX637744.1 293000000 293500000 327.02037
OX637744.1 293500000 294000000 327.53677
OX637744.1 294000000 294500000 328.0
OX637744.1 294500000 295000000 328.0
OX637744.1 295000000 295500000 328.0
OX637744.1 295500000 296000000 328.0
OX637744.1 296000000 296500000 328.0
OX637744.1 296500000 297000000 328.00046
OX637744.1 297000000 297500000 328.0
OX637744.1 297500000 298000000 328.0
OX637744.1 298000000 298500000 328.97902
OX637744.1 298500000 299000000 329.00038
OX637744.1 299000000 299500000 329.0
OX637744.1 299500000 300000000 329.0014
OX637744.1 300000000 300500000 329.0
OX637744.1 300500000 301000000 329.0
OX637744.1 301000000 301500000 329.73549
OX637744.1 301500000 302000000 330.00054
OX637744.1 302000000 302500000 329.10288
OX637744.1 302500000 303000000 329.0
OX637744.1 303000000 303500000 329.63955
OX637744.1 303500000 304000000 330.0
OX637744.1 304000000 304500000 330.0
OX637744.1 304500000 305000000 330.0
OX637744.1 305000000 305500000 330.0
OX637744.1 305500000 306000000 330.80586
OX637744.1 306000000 306500000 333.00095
OX637744.1 306500000 307000000 332.49994
OX637744.1 307000000 307500000 332.0
OX637744.1 307500000 308000000 331.81168
OX637744.1 308000000 308500000 331.11695
OX637744.1 308500000 309000000 331.97714
OX637744.1 309000000 309500000 330.88133
OX637744.1 309500000 310000000 330.0
OX637744.1 310000000 310500000 330.0
OX637744.1 310500000 311000000 329.38151
OX637744.1 311000000 311500000 330.0
OX637744.1 311500000 312000000 330.0
OX637744.1 312000000 312500000 330.0
OX637744.1 312500000 313000000 330.0
OX637744.1 313000000 313500000 329.98772
OX637744.1 313500000 314000000 330.64437
OX637744.1 314000000 314500000 330.0
OX637744.1 314500000 315000000 330.0
OX637744.1 315000000 315500000 330.0
OX637744.1 315500000 316000000 330.0
OX637744.1 316000000 316500000 330.00021
OX637744.1 316500000 317000000 330.75218
OX637744.1 317000000 317500000 331.42748
OX637744.1 317500000 318000000 332.0
OX637744.1 318000000 318500000 332.00057
OX637744.1 318500000 319000000 331.2623
OX637744.1 319000000 319500000 330.84522
OX637744.1 319500000 320000000 330.0
OX637744.1 320000000 320500000 330.68728
OX637744.1 320500000 321000000 332.0
OX637744.1 321000000 321500000 332.0
OX637744.1 321500000 322000000 331.45497
OX637744.1 322000000 322500000 331.0
OX637744.1 322500000 323000000 331.0
OX637744.1 323000000 323500000 331.00033
OX637744.1 323500000 324000000 331.00066
OX637744.1 324000000 324500000 331.0
OX637744.1 324500000 325000000 331.0
OX637744.1 325000000 325500000 330.00543
OX637744.1 325500000 326000000 329.05447
OX637744.1 326000000 326500000 329.76912
OX637744.1 326500000 327000000 329.0
OX637744.1 327000000 327500000 329.00044
OX637744.1 327500000 328000000 329.0
OX637744.1 328000000 328500000 328.3448
OX637744.1 328500000 329000000 328.0
OX637744.1 329000000 329500000 327.60989
OX637744.1 329500000 330000000 327.0003
OX637744.1 330000000 330500000 327.00018
OX637744.1 330500000 331000000 328.69276
OX637744.1 331000000 331500000 329.12163
OX637744.1 331500000 332000000 329.0
OX637744.1 332000000 332500000 329.0
OX637744.1 332500000 333000000 329.0
OX637744.1 333000000 333500000 329.0
OX637744.1 333500000 334000000 329.0
OX637744.1 334000000 334500000 328.01564
OX637744.1 334500000 335000000 327.37377
OX637744.1 335000000 335500000 327.13617
OX637744.1 335500000 336000000 328.0
OX637744.1 336000000 336500000 328.00034
OX637744.1 336500000 337000000 328.00034
OX637744.1 337000000 337500000 328.0
OX637744.1 337500000 338000000 326.04272
OX637744.1 338000000 338500000 326.0
OX637744.1 338500000 339000000 325.31173
OX637744.1 339000000 339500000 325.0
OX637744.1 339500000 340000000 324.42707
OX637744.1 340000000 340500000 324.0
OX637744.1 340500000 341000000 324.0
OX637744.1 341000000 341500000 324.0
OX637744.1 341500000 342000000 323.54577
OX637744.1 342000000 342500000 323.0
OX637744.1 342500000 343000000 323.0
OX637744.1 343000000 343500000 323.0
OX637744.1 343500000 344000000 322.03389
OX637744.1 344000000 344500000 322.0
OX637744.1 344500000 345000000 322.0
OX637744.1 345000000 345500000 322.0
OX637744.1 345500000 346000000 321.09846
OX637744.1 346000000 346500000 320.81829
OX637744.1 346500000 347000000 320.0
OX637744.1 347000000 347500000 320.0
OX637744.1 347500000 348000000 320.00035
OX637744.1 348000000 348500000 320.0
OX637744.1 348500000 349000000 320.0
OX637744.1 349000000 349500000 320.0
OX637744.1 349500000 350000000 320.0
OX637744.1 350000000 350500000 320.0
OX637744.1 350500000 351000000 320.0
OX637744.1 351000000 351500000 319.44142
OX637744.1 351500000 352000000 319.0
OX637744.1 352000000 352500000 319.0
OX637744.1 352500000 353000000 319.0
OX637744.1 353000000 353500000 319.0
OX637744.1 353500000 354000000 319.0
OX637744.1 354000000 354500000 319.0
OX637744.1 354500000 355000000 318.84604
OX637744.1 355000000 355500000 317.63821
OX637744.1 355500000 356000000 317.0
OX637744.1 356000000 356500000 317.0
OX637744.1 356500000 357000000 317.0
OX637744.1 357000000 357500000 316.34237
OX637744.1 357500000 358000000 316.0
OX637744.1 358000000 358500000 315.40603
OX637744.1 358500000 359000000 315.0
OX637744.1 359000000 359500000 314.03266
OX637744.1 359500000 360000000 314.0
OX637744.1 360000000 360500000 313.00535
OX637744.1 360500000 361000000 312.00018
OX637744.1 361000000 361500000 312.00034
OX637744.1 361500000 362000000 312.0
OX637744.1 362000000 362500000 312.0
OX637744.1 362500000 363000000 312.00033
OX637744.1 363000000 363500000 312.0
OX637744.1 363500000 364000000 312.0
OX637744.1 364000000 364500000 312.00034
OX637744.1 364500000 365000000 311.95394
OX637744.1 365000000 365500000 311.0
OX637744.1 365500000 366000000 311.0
OX637744.1 366000000 366500000 311.0
OX637744.1 366500000 367000000 310.53735
OX637744.1 367000000 367500000 310.0
OX637744.1 367500000 368000000 310.0
OX637744.1 368000000 368500000 309.28611
OX637744.1 368500000 369000000 309.0
OX637744.1 369000000 369500000 309.0
OX637744.1 369500000 370000000 309.0
OX637744.1 370000000 370500000 309.0
OX637744.1 370500000 371000000 309.0
OX637744.1 371000000 371500000 308.86066
OX637744.1 371500000 372000000 307.33585
OX637744.1 372000000 372500000 307.0
OX637744.1 372500000 373000000 306.25184
OX637744.1 373000000 373500000 306.0
OX637744.1 373500000 374000000 305.05451
OX637744.1 374000000 374500000 305.0003
OX637744.1 374500000 375000000 305.0
OX637744.1 375000000 375500000 304.5605
OX637744.1 375500000 376000000 304.0
OX637744.1 376000000 376500000 304.0
OX637744.1 376500000 377000000 303.50502
OX637744.1 377000000 377500000 303.0
OX637744.1 377500000 378000000 302.63458
OX637744.1 378000000 378500000 302.0
OX637744.1 378500000 379000000 302.0
OX637744.1 379000000 379500000 301.10947
OX637744.1 379500000 380000000 301.0
OX637744.1 380000000 380500000 301.36151
OX637744.1 380500000 381000000 302.00093
OX637744.1 381000000 381500000 302.0
OX637744.1 381500000 382000000 302.0005
OX637744.1 382000000 382500000 302.0
OX637744.1 382500000 383000000 302.0
OX637744.1 383000000 383500000 301.97932
OX637744.1 383500000 384000000 299.94842
OX637744.1 384000000 384500000 299.0
OX637744.1 384500000 385000000 299.0
OX637744.1 385000000 385500000 298.52219
OX637744.1 385500000 386000000 298.0
OX637744.1 386000000 386500000 298.0
OX637744.1 386500000 387000000 298.0
OX637744.1 387000000 387500000 298.0
OX637744.1 387500000 388000000 298.19252
OX637744.1 388000000 388500000 296.47912
OX637744.1 388500000 389000000 295.49662
OX637744.1 389000000 389500000 295.00072
OX637744.1 389500000 390000000 295.0
OX637744.1 390000000 390500000 295.00016
OX637744.1 390500000 391000000 295.0
OX637744.1 391000000 391500000 295.0
OX637744.1 391500000 392000000 293.30109
OX637744.1 392000000 392500000 292.575
OX637744.1 392500000 393000000 292.0
OX637744.1 393000000 393500000 291.88073
OX637744.1 393500000 394000000 291.0
OX637744.1 394000000 394500000 291.21295
OX637744.1 394500000 395000000 290.0
OX637744.1 395000000 395500000 289.20683
OX637744.1 395500000 396000000 288.02929
OX637744.1 396000000 396500000 288.0
OX637744.1 396500000 397000000 287.43098
OX637744.1 397000000 397500000 286.50841
OX637744.1 397500000 398000000 285.00104
OX637744.1 398000000 398500000 285.0
OX637744.1 398500000 399000000 284.34451
OX637744.1 399000000 399500000 283.30546
OX637744.1 399500000 400000000 282.02016
OX637744.1 400000000 400500000 281.94886
OX637744.1 400500000 401000000 280.13851
OX637744.1 401000000 401500000 279.79327
OX637744.1 401500000 402000000 278.00034
OX637744.1 402000000 402500000 276.43807
OX637744.1 402500000 403000000 276.29242
OX637744.1 403000000 403500000 276.89065
OX637744.1 403500000 404000000 274.56626
OX637744.1 404000000 404500000 274.0
OX637744.1 404500000 405000000 274.0
OX637744.1 405000000 405500000 274.0
OX637744.1 405500000 406000000 274.0
OX637744.1 406000000 406500000 274.0
OX637744.1 406500000 407000000 273.55194
OX637744.1 407000000 407500000 273.0
OX637744.1 407500000 408000000 273.0
OX637744.1 408000000 408500000 272.28559
OX637744.1 408500000 409000000 272.0
OX637744.1 409000000 409500000 272.0
OX637744.1 409500000 410000000 272.0
OX637744.1 410000000 410500000 271.44325
OX637744.1 410500000 411000000 271.00081
OX637744.1 411000000 411500000 269.35596
OX637744.1 411500000 412000000 268.06359
OX637744.1 412000000 412500000 267.0
OX637744.1 412500000 413000000 267.0
OX637744.1 413000000 413500000 267.00034
OX637744.1 413500000 414000000 267.00073
OX637744.1 414000000 414500000 267.0
OX637744.1 414500000 415000000 266.78269
OX637744.1 415000000 415500000 266.0
OX637744.1 415500000 416000000 264.6495
OX637744.1 416000000 416500000 262.33551
OX637744.1 416500000 417000000 262.00048
OX637744.1 417000000 417500000 262.00034
OX637744.1 417500000 418000000 261.06558
OX637744.1 418000000 418500000 259.55452
OX637744.1 418500000 419000000 257.05682
OX637744.1 419000000 419500000 255.79957
OX637744.1 419500000 420000000 253.86649
OX637744.1 420000000 420500000 253.0
OX637744.1 420500000 421000000 251.1851
OX637744.1 421000000 421500000 246.17494
OX637744.1 421500000 422000000 242.65813
OX637744.1 422000000 422500000 241.0
OX637744.1 422500000 423000000 241.016
OX637744.1 423000000 423500000 239.85363
OX637744.1 423500000 424000000 236.81026
OX637744.1 424000000 424500000 234.81494
OX637744.1 424500000 425000000 233.70806
OX637744.1 425000000 425500000 232.99463
OX637744.1 425500000 426000000 231.50848
OX637744.1 426000000 426500000 230.73444
OX637744.1 426500000 427000000 229.35187
OX637744.1 427000000 427500000 225.66275
OX637744.1 427500000 428000000 224.64916
OX637744.1 428000000 428500000 223.78907
OX637744.1 428500000 429000000 222.32284
OX637744.1 429000000 429500000 221.63914
OX637744.1 429500000 430000000 221.0
OX637744.1 430000000 430500000 220.05417
OX637744.1 430500000 431000000 219.12481
OX637744.1 431000000 431500000 217.43399
OX637744.1 431500000 432000000 217.0
OX637744.1 432000000 432500000 216.13269
OX637744.1 432500000 433000000 214.08862
OX637744.1 433000000 433500000 214.24297
OX637744.1 433500000 434000000 212.60433
OX637744.1 434000000 434500000 211.40624
OX637744.1 434500000 435000000 211.00026
OX637744.1 435000000 435500000 211.0
OX637744.1 435500000 436000000 211.0006
OX637744.1 436000000 436500000 210.62514
OX637744.1 436500000 437000000 208.83973
OX637744.1 437000000 437500000 204.92513
OX637744.1 437500000 438000000 202.15227
OX637744.1 438000000 438500000 197.09695
OX637744.1 438500000 439000000 195.4627
OX637744.1 439000000 439500000 193.92435
OX637744.1 439500000 440000000 189.91873
OX637744.1 440000000 440500000 187.929
OX637744.1 440500000 441000000 184.16784
OX637744.1 441000000 441500000 183.53356
OX637744.1 441500000 442000000 183.0
OX637744.1 442000000 442500000 179.79422
OX637744.1 442500000 443000000 173.893
OX637744.1 443000000 443500000 169.25608
OX637744.1 443500000 444000000 168.00091
OX637744.1 444000000 444500000 165.67001
OX637744.1 444500000 445000000 162.80112
OX637744.1 445000000 445500000 160.59716
OX637744.1 445500000 446000000 156.08023
OX637744.1 446000000 446500000 148.33345
OX637744.1 446500000 447000000 146.28093
OX637744.1 447000000 447500000 144.13575
OX637744.1 447500000 448000000 140.23343
OX637744.1 448000000 448500000 133.94282
OX637744.1 448500000 449000000 130.75294
OX637744.1 449000000 449500000 126.82653
OX637744.1 449500000 450000000 124.48222
OX637744.1 450000000 450500000 122.3923
OX637744.1 450500000 451000000 122.0
OX637744.1 451000000 451500000 117.56085
OX637744.1 451500000 452000000 108.77819
OX637744.1 452000000 452500000 99.17942
OX637744.1 452500000 453000000 91.55825
OX637744.1 453000000 453500000 86.91096
OX637744.1 453500000 454000000 82.56069
OX637744.1 454000000 454500000 76.95506
OX637744.1 454500000 455000000 70.83887
OX637744.1 455000000 455500000 67.76466
OX637744.1 455500000 456000000 54.31151
OX637744.1 456000000 456500000 45.1878
OX637744.1 456500000 457000000 36.74903
OX637744.1 457000000 457500000 30.0
OX637744.1 457500000 458000000 28.39707
OX637744.1 458000000 458500000 22.41851
OX637744.1 458500000 459000000 12.73694
OX637744.1 459000000 459500000 5.67451
OX637744.1 459500000 459661686 0.0
OX637751.1 0 500000 1.82512
OX637751.1 500000 1000000 6.1202
OX637751.1 1000000 1500000 8.67409
OX637751.1 1500000 2000000 14.66924
OX637751.1 2000000 2500000 25.45818
OX637751.1 2500000 3000000 35.10438
OX637751.1 3000000 3500000 39.15676
OX637751.1 3500000 4000000 46.82195
OX637751.1 4000000 4500000 53.80551
OX637751.1 4500000 5000000 62.42558
OX637751.1 5000000 5500000 72.49532
OX637751.1 5500000 6000000 79.3246
OX637751.1 6000000 6500000 86.65435
OX637751.1 6500000 7000000 93.46095
OX637751.1 7000000 7500000 97.32722
OX637751.1 7500000 8000000 102.64623
OX637751.1 8000000 8500000 111.19127
OX637751.1 8500000 9000000 119.17543
OX637751.1 9000000 9500000 132.67258
OX637751.1 9500000 10000000 137.66936
OX637751.1 10000000 10500000 143.43755
OX637751.1 10500000 11000000 147.48729
OX637751.1 11000000 11500000 150.77377
OX637751.1 11500000 12000000 154.45334
OX637751.1 12000000 12500000 160.69986
OX637751.1 12500000 13000000 167.35644
OX637751.1 13000000 13500000 172.63247
OX637751.1 13500000 14000000 176.34973
OX637751.1 14000000 14500000 179.9749
OX637751.1 14500000 15000000 186.95936
OX637751.1 15000000 15500000 193.68995
OX637751.1 15500000 16000000 197.52127
OX637751.1 16000000 16500000 202.0213
OX637751.1 16500000 17000000 208.09806
OX637751.1 17000000 17500000 212.49128
OX637751.1 17500000 18000000 214.9297
OX637751.1 18000000 18500000 218.00017
OX637751.1 18500000 19000000 218.83329
OX637751.1 19000000 19500000 223.79283
OX637751.1 19500000 20000000 226.30716
OX637751.1 20000000 20500000 227.77053
OX637751.1 20500000 21000000 230.98721
OX637751.1 21000000 21500000 235.17014
OX637751.1 21500000 22000000 237.25666
OX637751.1 22000000 22500000 238.45081
OX637751.1 22500000 23000000 239.37483
OX637751.1 23000000 23500000 240.46639
OX637751.1 23500000 24000000 241.0
OX637751.1 24000000 24500000 242.82487
OX637751.1 24500000 25000000 245.6632
OX637751.1 25000000 25500000 247.68561
OX637751.1 25500000 26000000 250.42403
OX637751.1 26000000 26500000 252.90388
OX637751.1 26500000 27000000 253.97098
OX637751.1 27000000 27500000 254.3277
OX637751.1 27500000 28000000 255.52021
OX637751.1 28000000 28500000 259.63295
OX637751.1 28500000 29000000 261.0
OX637751.1 29000000 29500000 261.98133
OX637751.1 29500000 30000000 262.40582
OX637751.1 30000000 30500000 265.26378
OX637751.1 30500000 31000000 269.46318
OX637751.1 31000000 31500000 270.70686
OX637751.1 31500000 32000000 273.64149
OX637751.1 32000000 32500000 276.60666
OX637751.1 32500000 33000000 279.16982
OX637751.1 33000000 33500000 282.59208
OX637751.1 33500000 34000000 284.05579
OX637751.1 34000000 34500000 286.35133
OX637751.1 34500000 35000000 287.56322
OX637751.1 35000000 35500000 288.0
OX637751.1 35500000 36000000 289.66209
OX637751.1 36000000 36500000 291.0
OX637751.1 36500000 37000000 292.16331
OX637751.1 37000000 37500000 294.41702
OX637751.1 37500000 38000000 295.0
OX637751.1 38000000 38500000 295.20872
OX637751.1 38500000 39000000 297.00022
OX637751.1 39000000 39500000 297.93777
OX637751.1 39500000 40000000 301.30629
OX637751.1 40000000 40500000 302.45304
OX637751.1 40500000 41000000 303.90311
OX637751.1 41000000 41500000 305.36991
OX637751.1 41500000 42000000 306.94513
OX637751.1 42000000 42500000 308.26607
OX637751.1 42500000 43000000 310.62942
OX637751.1 43000000 43500000 311.0
OX637751.1 43500000 44000000 311.89225
OX637751.1 44000000 44500000 313.17008
OX637751.1 44500000 45000000 314.0
OX637751.1 45000000 45500000 314.0
OX637751.1 45500000 46000000 314.56738
OX637751.1 46000000 46500000 315.5876
OX637751.1 46500000 47000000 316.24125
OX637751.1 47000000 47500000 317.0
OX637751.1 47500000 48000000 317.92952
OX637751.1 48000000 48500000 318.00113
OX637751.1 48500000 49000000 318.31111
OX637751.1 49000000 49500000 321.49158
OX637751.1 49500000 50000000 323.76547
OX637751.1 50000000 50500000 326.20892
OX637751.1 50500000 51000000 327.0
OX637751.1 51000000 51500000 328.25718
OX637751.1 51500000 52000000 329.00062
OX637751.1 52000000 52500000 330.39797
OX637751.1 52500000 53000000 332.0
OX637751.1 53000000 53500000 332.0
OX637751.1 53500000 54000000 332.23337
OX637751.1 54000000 54500000 333.0
OX637751.1 54500000 55000000 333.00104
OX637751.1 55000000 55500000 333.0
OX637751.1 55500000 56000000 333.0
OX637751.1 56000000 56500000 333.22618
OX637751.1 56500000 57000000 334.0
OX637751.1 57000000 57500000 334.0
OX637751.1 57500000 58000000 334.89698
OX637751.1 58000000 58500000 335.41149
OX637751.1 58500000 59000000 336.0
OX637751.1 59000000 59500000 337.41211
OX637751.1 59500000 60000000 338.00105
OX637751.1 60000000 60500000 337.99797
OX637751.1 60500000 61000000 336.18782
OX637751.1 61000000 61500000 338.0
OX637751.1 61500000 62000000 338.0
OX637751.1 62000000 62500000 338.0
OX637751.1 62500000 63000000 338.0
OX637751.1 63000000 63500000 338.0
OX637751.1 63500000 64000000 338.15625
OX637751.1 64000000 64500000 338.13041
OX637751.1 64500000 65000000 338.78091
OX637751.1 65000000 65500000 340.0
OX637751.1 65500000 66000000 340.48179
OX637751.1 66000000 66500000 341.0
OX637751.1 66500000 67000000 341.0
OX637751.1 67000000 67500000 342.03491
OX637751.1 67500000 68000000 344.0
OX637751.1 68000000 68500000 344.0
OX637751.1 68500000 69000000 344.0
OX637751.1 69000000 69500000 344.59646
OX637751.1 69500000 70000000 345.57277
OX637751.1 70000000 70500000 347.7825
OX637751.1 70500000 71000000 348.3429
OX637751.1 71000000 71500000 349.0
OX637751.1 71500000 72000000 349.0
OX637751.1 72000000 72500000 349.0
OX637751.1 72500000 73000000 349.00034
OX637751.1 73000000 73500000 349.0
OX637751.1 73500000 74000000 349.56817
OX637751.1 74000000 74500000 351.00522
OX637751.1 74500000 75000000 352.77678
OX637751.1 75000000 75500000 353.0
OX637751.1 75500000 76000000 353.39041
OX637751.1 76000000 76500000 354.0
OX637751.1 76500000 77000000 354.0
OX637751.1 77000000 77500000 354.00043
OX637751.1 77500000 78000000 354.00021
OX637751.1 78000000 78500000 354.1497
OX637751.1 78500000 79000000 355.0
OX637751.1 79000000 79500000 355.0
OX637751.1 79500000 80000000 355.90851
OX637751.1 80000000 80500000 358.33926
OX637751.1 80500000 81000000 360.35384
OX637751.1 81000000 81500000 361.0
OX637751.1 81500000 82000000 361.53749
OX637751.1 82000000 82500000 362.13973
OX637751.1 82500000 83000000 364.69825
OX637751.1 83000000 83500000 365.0
OX637751.1 83500000 84000000 365.0
OX637751.1 84000000 84500000 366.03338
OX637751.1 84500000 85000000 367.0
OX637751.1 85000000 85500000 366.1627
OX637751.1 85500000 86000000 366.00062
OX637751.1 86000000 86500000 366.69481
OX637751.1 86500000 87000000 368.44839
OX637751.1 87000000 87500000 369.99702
OX637751.1 87500000 88000000 371.0
OX637751.1 88000000 88500000 372.13973
OX637751.1 88500000 89000000 374.55603
OX637751.1 89000000 89500000 376.8741
OX637751.1 89500000 90000000 380.16189
OX637751.1 90000000 90500000 381.52139
OX637751.1 90500000 91000000 382.0
OX637751.1 91000000 91500000 382.00062
OX637751.1 91500000 92000000 381.21751
OX637751.1 92000000 92500000 381.0
OX637751.1 92500000 93000000 381.00056
OX637751.1 93000000 93500000 380.56453
OX637751.1 93500000 94000000 381.95925
OX637751.1 94000000 94500000 382.92734
OX637751.1 94500000 95000000 384.0
OX637751.1 95000000 95500000 384.0
OX637751.1 95500000 96000000 384.76411
OX637751.1 96000000 96500000 386.0008
OX637751.1 96500000 97000000 386.0
OX637751.1 97000000 97500000 387.36304
OX637751.1 97500000 98000000 388.44096
OX637751.1 98000000 98500000 389.0
OX637751.1 98500000 99000000 389.0362
OX637751.1 99000000 99500000 391.48035
OX637751.1 99500000 100000000 392.67868
OX637751.1 100000000 100500000 392.18577
OX637751.1 100500000 101000000 392.30019
OX637751.1 101000000 101500000 392.85034
OX637751.1 101500000 102000000 391.57715
OX637751.1 102000000 102500000 392.314
OX637751.1 102500000 103000000 393.0
OX637751.1 103000000 103500000 393.0
OX637751.1 103500000 104000000 393.0016
OX637751.1 104000000 104500000 393.0
OX637751.1 104500000 105000000 393.0
OX637751.1 105000000 105500000 393.37643
OX637751.1 105500000 106000000 394.0
OX637751.1 106000000 106500000 394.0
OX637751.1 106500000 107000000 394.03755
OX637751.1 107000000 107500000 395.4055
OX637751.1 107500000 108000000 396.0
OX637751.1 108000000 108500000 396.63064
OX637751.1 108500000 109000000 397.00044
OX637751.1 109000000 109500000 397.0
OX637751.1 109500000 110000000 397.0
OX637751.1 110000000 110500000 397.0
OX637751.1 110500000 111000000 397.0
OX637751.1 111000000 111500000 397.0
OX637751.1 111500000 112000000 396.71615
OX637751.1 112000000 112500000 396.85579
OX637751.1 112500000 113000000 396.0
OX637751.1 113000000 113500000 396.0
OX637751.1 113500000 114000000 396.0
OX637751.1 114000000 114500000 396.0
OX637751.1 114500000 115000000 396.0
OX637751.1 115000000 115500000 396.19446
OX637751.1 115500000 116000000 397.0
OX637751.1 116000000 116500000 397.00126
OX637751.1 116500000 117000000 397.0
OX637751.1 117000000 117500000 397.0
OX637751.1 117500000 118000000 397.5597
OX637751.1 118000000 118500000 398.12629
OX637751.1 118500000 119000000 399.0
OX637751.1 119000000 119500000 399.56394
OX637751.1 119500000 120000000 399.55078
OX637751.1 120000000 120500000 399.0
OX637751.1 120500000 121000000 399.0
OX637751.1 121000000 121500000 399.0
OX637751.1 121500000 122000000 399.00071
OX637751.1 122000000 122500000 400.37549
OX637751.1 122500000 123000000 401.0
OX637751.1 123000000 123500000 401.0
OX637751.1 123500000 124000000 401.0
OX637751.1 124000000 124500000 401.00021
OX637751.1 124500000 125000000 401.00117
OX637751.1 125000000 125500000 401.51386
OX637751.1 125500000 126000000 402.35041
OX637751.1 126000000 126500000 403.48036
OX637751.1 126500000 127000000 404.0
OX637751.1 127000000 127500000 404.0
OX637751.1 127500000 128000000 404.00034
OX637751.1 128000000 128500000 404.0
OX637751.1 128500000 129000000 403.44077
OX637751.1 129000000 129500000 403.20496
OX637751.1 129500000 130000000 403.21738
OX637751.1 130000000 130500000 403.0
OX637751.1 130500000 131000000 402.64032
OX637751.1 131000000 131500000 402.0
OX637751.1 131500000 132000000 401.16482
OX637751.1 132000000 132500000 401.0
OX637751.1 132500000 133000000 401.00061
OX637751.1 133000000 133500000 401.56456
OX637751.1 133500000 134000000 403.36003
OX637751.1 134000000 134500000 404.0
OX637751.1 134500000 135000000 404.83054
OX637751.1 135000000 135500000 404.85846
OX637751.1 135500000 136000000 404.0
OX637751.1 136000000 136500000 403.09305
OX637751.1 136500000 137000000 403.81205
OX637751.1 137000000 137500000 403.03451
OX637751.1 137500000 138000000 403.89092
OX637751.1 138000000 138500000 405.34941
OX637751.1 138500000 139000000 404.25532
OX637751.1 139000000 139500000 404.0
OX637751.1 139500000 140000000 404.17564
OX637751.1 140000000 140500000 406.33585
OX637751.1 140500000 141000000 407.0
OX637751.1 141000000 141500000 407.0
OX637751.1 141500000 142000000 407.0
OX637751.1 142000000 142500000 407.0
OX637751.1 142500000 143000000 407.59504
OX637751.1 143000000 143500000 408.0
OX637751.1 143500000 144000000 408.0
OX637751.1 144000000 144500000 408.0
OX637751.1 144500000 145000000 408.0
OX637751.1 145000000 145500000 407.51231
OX637751.1 145500000 146000000 407.0
OX637751.1 146000000 146500000 407.0
OX637751.1 146500000 147000000 407.90512
OX637751.1 147000000 147500000 409.0
OX637751.1 147500000 148000000 409.55943
OX637751.1 148000000 148500000 409.0
OX637751.1 148500000 149000000 409.21893
OX637751.1 149000000 149500000 410.69059
OX637751.1 149500000 150000000 411.0
OX637751.1 150000000 150500000 411.00017
OX637751.1 150500000 151000000 411.0
OX637751.1 151000000 151500000 411.0
OX637751.1 151500000 152000000 411.0
OX637751.1 152000000 152500000 411.0
OX637751.1 152500000 153000000 411.0
OX637751.1 153000000 153500000 411.0
OX637751.1 153500000 154000000 411.0
OX637751.1 154000000 154500000 411.00055
OX637751.1 154500000 155000000 411.0
OX637751.1 155000000 155500000 411.0
OX637751.1 155500000 156000000 411.0
OX637751.1 156000000 156500000 411.0
OX637751.1 156500000 157000000 411.0
OX637751.1 157000000 157500000 411.0
OX637751.1 157500000 158000000 411.0
OX637751.1 158000000 158500000 411.00024
OX637751.1 158500000 159000000 411.00033
OX637751.1 159000000 159500000 410.54314
OX637751.1 159500000 160000000 410.0
OX637751.1 160000000 160500000 410.0
OX637751.1 160500000 161000000 410.0
OX637751.1 161000000 161500000 410.0
OX637751.1 161500000 162000000 410.0
OX637751.1 162000000 162500000 410.0
OX637751.1 162500000 163000000 410.0
OX637751.1 163000000 163500000 411.71527
OX637751.1 163500000 164000000 411.99887
OX637751.1 164000000 164500000 412.0
OX637751.1 164500000 165000000 412.0
OX637751.1 165000000 165500000 412.51152
OX637751.1 165500000 166000000 413.00018
OX637751.1 166000000 166500000 413.0
OX637751.1 166500000 167000000 412.71307
OX637751.1 167000000 167500000 412.91738
OX637751.1 167500000 168000000 412.75591
OX637751.1 168000000 168500000 412.0
OX637751.1 168500000 169000000 412.0
OX637751.1 169000000 169500000 412.2001
OX637751.1 169500000 170000000 413.0
OX637751.1 170000000 170500000 413.0
OX637751.1 170500000 171000000 412.79734
OX637751.1 171000000 171500000 412.0958
OX637751.1 171500000 172000000 413.00633
OX637751.1 172000000 172500000 413.0
OX637751.1 172500000 173000000 413.08564
OX637751.1 173000000 173500000 414.0
OX637751.1 173500000 174000000 414.00042
OX637751.1 174000000 174500000 414.0
OX637751.1 174500000 175000000 413.31458
OX637751.1 175000000 175500000 413.0
OX637751.1 175500000 176000000 413.0
OX637751.1 176000000 176500000 413.00032
OX637751.1 176500000 177000000 413.0
OX637751.1 177000000 177500000 413.0
OX637751.1 177500000 178000000 413.0
OX637751.1 178000000 178500000 413.0
OX637751.1 178500000 179000000 413.0
OX637751.1 179000000 179500000 413.0
OX637751.1 179500000 180000000 413.0
OX637751.1 180000000 180500000 413.0
OX637751.1 180500000 181000000 413.11597
OX637751.1 181000000 181500000 414.0
OX637751.1 181500000 182000000 414.0
OX637751.1 182000000 182500000 414.91537
OX637751.1 182500000 183000000 415.00082
OX637751.1 183000000 183500000 414.9748
OX637751.1 183500000 184000000 415.0004
OX637751.1 184000000 184500000 415.0
OX637751.1 184500000 185000000 415.0
OX637751.1 185000000 185500000 415.0
OX637751.1 185500000 186000000 415.0
OX637751.1 186000000 186500000 415.0
OX637751.1 186500000 187000000 415.0
OX637751.1 187000000 187500000 415.0
OX637751.1 187500000 188000000 414.89946
OX637751.1 188000000 188500000 414.76158
OX637751.1 188500000 189000000 414.0
OX637751.1 189000000 189500000 414.0
OX637751.1 189500000 190000000 414.0
OX637751.1 190000000 190500000 414.0
OX637751.1 190500000 191000000 414.17017
OX637751.1 191000000 191500000 414.603
OX637751.1 191500000 192000000 414.0011
OX637751.1 192000000 192500000 414.0
OX637751.1 192500000 193000000 414.72004
OX637751.1 193000000 193500000 416.0
OX637751.1 193500000 194000000 416.0
OX637751.1 194000000 194500000 416.0
OX637751.1 194500000 195000000 416.00107
OX637751.1 195000000 195500000 416.00105
OX637751.1 195500000 196000000 416.0
OX637751.1 196000000 196500000 416.0
OX637751.1 196500000 197000000 416.0
OX637751.1 197000000 197500000 416.0
OX637751.1 197500000 198000000 416.0
OX637751.1 198000000 198500000 416.0
OX637751.1 198500000 199000000 416.0
OX637751.1 199000000 199500000 414.97101
OX637751.1 199500000 200000000 414.00051
OX637751.1 200000000 200500000 414.0
OX637751.1 200500000 201000000 414.0
OX637751.1 201000000 201500000 413.4755
OX637751.1 201500000 202000000 412.25156
OX637751.1 202000000 202500000 413.83453
OX637751.1 202500000 203000000 414.0
OX637751.1 203000000 203500000 414.0
OX637751.1 203500000 204000000 414.0
OX637751.1 204000000 204500000 413.23947
OX637751.1 204500000 205000000 413.0
OX637751.1 205000000 205500000 412.32111
OX637751.1 205500000 206000000 411.16447
OX637751.1 206000000 206500000 411.9799
OX637751.1 206500000 207000000 412.0
OX637751.1 207000000 207500000 411.53681
OX637751.1 207500000 208000000 411.0
OX637751.1 208000000 208500000 411.00055
OX637751.1 208500000 209000000 411.0
OX637751.1 209000000 209500000 411.0
OX637751.1 209500000 210000000 411.0
OX637751.1 210000000 210500000 411.0
OX637751.1 210500000 211000000 411.0
OX637751.1 211000000 211500000 410.78964
OX637751.1 211500000 212000000 410.0
OX637751.1 212000000 212500000 410.51249
OX637751.1 212500000 213000000 410.16757
OX637751.1 213000000 213500000 410.0
OX637751.1 213500000 214000000 410.0
OX637751.1 214000000 214500000 410.0
OX637751.1 214500000 215000000 410.0
OX637751.1 215000000 215500000 410.0
OX637751.1 215500000 216000000 410.0
OX637751.1 216000000 216500000 410.0
OX637751.1 216500000 217000000 410.0
OX637751.1 217000000 217500000 410.00052
OX637751.1 217500000 218000000 409.56551
OX637751.1 218000000 218500000 409.00122
OX637751.1 218500000 219000000 409.0
OX637751.1 219000000 219500000 409.0
OX637751.1 219500000 220000000 409.0
OX637751.1 220000000 220500000 409.0
OX637751.1 220500000 221000000 409.0
OX637751.1 221000000 221500000 409.0
OX637751.1 221500000 222000000 409.0
OX637751.1 222000000 222500000 408.86083
OX637751.1 222500000 223000000 407.37561
OX637751.1 223000000 223500000 407.0
OX637751.1 223500000 224000000 407.0
OX637751.1 224000000 224500000 407.0
OX637751.1 224500000 225000000 407.0
OX637751.1 225000000 225500000 407.0
OX637751.1 225500000 226000000 407.0
OX637751.1 226000000 226500000 407.0
OX637751.1 226500000 227000000 407.08438
OX637751.1 227000000 227500000 408.0
OX637751.1 227500000 228000000 408.0
OX637751.1 228000000 228500000 408.0
OX637751.1 228500000 229000000 407.67209
OX637751.1 229000000 229500000 407.0
OX637751.1 229500000 230000000 407.0
OX637751.1 230000000 230500000 407.0
OX637751.1 230500000 231000000 407.0
OX637751.1 231000000 231500000 407.0
OX637751.1 231500000 232000000 407.73728
OX637751.1 232000000 232500000 408.16144
OX637751.1 232500000 233000000 409.0007
OX637751.1 233000000 233500000 409.0
OX637751.1 233500000 234000000 408.20205
OX637751.1 234000000 234500000 408.0
OX637751.1 234500000 235000000 408.0
OX637751.1 235000000 235500000 408.0
OX637751.1 235500000 236000000 408.0
OX637751.1 236000000 236500000 408.0
OX637751.1 236500000 237000000 408.0
OX637751.1 237000000 237500000 408.0
OX637751.1 237500000 238000000 408.0
OX637751.1 238000000 238500000 408.0
OX637751.1 238500000 239000000 408.0
OX637751.1 239000000 239500000 408.95319
OX637751.1 239500000 240000000 409.0
OX637751.1 240000000 240500000 409.0
OX637751.1 240500000 241000000 409.0
OX637751.1 241000000 241500000 408.16874
OX637751.1 241500000 242000000 408.0
OX637751.1 242000000 242500000 408.0
OX637751.1 242500000 243000000 408.0
OX637751.1 243000000 243500000 408.0
OX637751.1 243500000 244000000 408.0
OX637751.1 244000000 244500000 408.0
OX637751.1 244500000 245000000 408.0
OX637751.1 245000000 245500000 408.0
OX637751.1 245500000 246000000 408.0
OX637751.1 246000000 246500000 408.00021
OX637751.1 246500000 247000000 407.51953
OX637751.1 247000000 247500000 407.0
OX637751.1 247500000 248000000 407.0011
OX637751.1 248000000 248500000 407.0
OX637751.1 248500000 249000000 407.35269
OX637751.1 249000000 249500000 407.91398
OX637751.1 249500000 250000000 407.0
OX637751.1 250000000 250500000 407.0
OX637751.1 250500000 251000000 407.0
OX637751.1 251000000 251500000 407.0
OX637751.1 251500000 252000000 407.0
OX637751.1 252000000 252500000 407.0
OX637751.1 252500000 253000000 407.0
OX637751.1 253000000 253500000 407.0
OX637751.1 253500000 254000000 407.00077
OX637751.1 254000000 254500000 407.0
OX637751.1 254500000 255000000 407.87446
OX637751.1 255000000 255500000 408.63608
OX637751.1 255500000 256000000 409.0
OX637751.1 256000000 256500000 409.0
OX637751.1 256500000 257000000 409.0
OX637751.1 257000000 257500000 407.48363
OX637751.1 257500000 258000000 407.0
OX637751.1 258000000 258500000 407.0
OX637751.1 258500000 259000000 407.0
OX637751.1 259000000 259500000 406.34132
OX637751.1 259500000 260000000 406.0
OX637751.1 260000000 260500000 406.0
OX637751.1 260500000 261000000 406.0
OX637751.1 261000000 261500000 406.0
OX637751.1 261500000 262000000 406.0
OX637751.1 262000000 262500000 405.80353
OX637751.1 262500000 263000000 405.0
OX637751.1 263000000 263500000 404.53011
OX637751.1 263500000 264000000 404.0
OX637751.1 264000000 264500000 404.0
OX637751.1 264500000 265000000 404.0
OX637751.1 265000000 265500000 404.0
OX637751.1 265500000 266000000 404.00043
OX637751.1 266000000 266500000 404.0
OX637751.1 266500000 267000000 404.0
OX637751.1 267000000 267500000 403.36948
OX637751.1 267500000 268000000 403.00071
OX637751.1 268000000 268500000 403.0
OX637751.1 268500000 269000000 403.70064
OX637751.1 269000000 269500000 404.0
OX637751.1 269500000 270000000 404.0
OX637751.1 270000000 270500000 404.0
OX637751.1 270500000 271000000 404.0
OX637751.1 271000000 271500000 404.0
OX637751.1 271500000 272000000 404.0
OX637751.1 272000000 272500000 404.0
OX637751.1 272500000 273000000 404.33042
OX637751.1 273000000 273500000 405.0
OX637751.1 273500000 274000000 405.0
OX637751.1 274000000 274500000 405.0
OX637751.1 274500000 275000000 405.0
OX637751.1 275000000 275500000 405.0
OX637751.1 275500000 276000000 405.0
OX637751.1 276000000 276500000 405.0
OX637751.1 276500000 277000000 405.0
OX637751.1 277000000 277500000 405.0
OX637751.1 277500000 278000000 404.40487
OX637751.1 278000000 278500000 403.0
OX637751.1 278500000 279000000 403.0
OX637751.1 279000000 279500000 403.00021
OX637751.1 279500000 280000000 403.0
OX637751.1 280000000 280500000 403.08201
OX637751.1 280500000 281000000 403.0
OX637751.1 281000000 281500000 402.39915
OX637751.1 281500000 282000000 402.0
OX637751.1 282000000 282500000 402.0
OX637751.1 282500000 283000000 402.0
OX637751.1 283000000 283500000 402.0
OX637751.1 283500000 284000000 402.0
OX637751.1 284000000 284500000 402.0
OX637751.1 284500000 285000000 402.0
OX637751.1 285000000 285500000 402.0
OX637751.1 285500000 286000000 402.0
OX637751.1 286000000 286500000 402.0
OX637751.1 286500000 287000000 401.47879
OX637751.1 287000000 287500000 401.0
OX637751.1 287500000 288000000 401.0
OX637751.1 288000000 288500000 401.0
OX637751.1 288500000 289000000 401.0
OX637751.1 289000000 289500000 401.0
OX637751.1 289500000 290000000 401.0
OX637751.1 290000000 290500000 401.0
OX637751.1 290500000 291000000 401.0
OX637751.1 291000000 291500000 401.0
OX637751.1 291500000 292000000 401.0
OX637751.1 292000000 292500000 401.0
OX637751.1 292500000 293000000 401.0
OX637751.1 293000000 293500000 401.0
OX637751.1 293500000 294000000 401.0
OX637751.1 294000000 294500000 401.0
OX637751.1 294500000 295000000 401.0
OX637751.1 295000000 295500000 401.0
OX637751.1 295500000 296000000 401.0
OX637751.1 296000000 296500000 401.0
OX637751.1 296500000 297000000 401.0
OX637751.1 297000000 297500000 401.0
OX637751.1 297500000 298000000 401.0
OX637751.1 298000000 298500000 401.0
OX637751.1 298500000 299000000 401.0
OX637751.1 299000000 299500000 401.0
OX637751.1 299500000 300000000 401.0
OX637751.1 300000000 300500000 401.0
OX637751.1 300500000 301000000 401.0
OX637751.1 301000000 301500000 401.0
OX637751.1 301500000 302000000 401.0
OX637751.1 302000000 302500000 401.0
OX637751.1 302500000 303000000 401.81414
OX637751.1 303000000 303500000 402.98375
OX637751.1 303500000 304000000 403.0
OX637751.1 304000000 304500000 403.0
OX637751.1 304500000 305000000 403.00035
OX637751.1 305000000 305500000 403.0
OX637751.1 305500000 306000000 403.0
OX637751.1 306000000 306500000 403.0
OX637751.1 306500000 307000000 403.0
OX637751.1 307000000 307500000 403.0
OX637751.1 307500000 308000000 403.0
OX637751.1 308000000 308500000 402.54179
OX637751.1 308500000 309000000 402.0
OX637751.1 309000000 309500000 401.89575
OX637751.1 309500000 310000000 401.0
OX637751.1 310000000 310500000 401.0
OX637751.1 310500000 311000000 401.0
OX637751.1 311000000 311500000 401.0
OX637751.1 311500000 312000000 401.0
OX637751.1 312000000 312500000 401.0
OX637751.1 312500000 313000000 401.0
OX637751.1 313000000 313500000 400.56199
OX637751.1 313500000 314000000 400.0
OX637751.1 314000000 314500000 400.0
OX637751.1 314500000 315000000 400.0
OX637751.1 315000000 315500000 400.0
OX637751.1 315500000 316000000 400.0
OX637751.1 316000000 316500000 400.0
OX637751.1 316500000 317000000 399.45398
OX637751.1 317000000 317500000 399.0
OX637751.1 317500000 318000000 399.0
OX637751.1 318000000 318500000 398.20302
OX637751.1 318500000 319000000 398.0
OX637751.1 319000000 319500000 398.0
OX637751.1 319500000 320000000 398.0
OX637751.1 320000000 320500000 398.0
OX637751.1 320500000 321000000 398.0
OX637751.1 321000000 321500000 398.0
OX637751.1 321500000 322000000 398.0
OX637751.1 322000000 322500000 398.0
OX637751.1 322500000 323000000 398.0
OX637751.1 323000000 323500000 398.0
OX637751.1 323500000 324000000 397.72291
OX637751.1 324000000 324500000 397.00016
OX637751.1 324500000 325000000 397.0
OX637751.1 325000000 325500000 397.0
OX637751.1 325500000 326000000 397.0
OX637751.1 326000000 326500000 397.0
OX637751.1 326500000 327000000 397.0
OX637751.1 327000000 327500000 397.00042
OX637751.1 327500000 328000000 397.0
OX637751.1 328000000 328500000 397.0
OX637751.1 328500000 329000000 397.0
OX637751.1 329000000 329500000 397.0
OX637751.1 329500000 330000000 397.0
OX637751.1 330000000 330500000 396.40432
OX637751.1 330500000 331000000 396.0
OX637751.1 331000000 331500000 396.0
OX637751.1 331500000 332000000 396.0
OX637751.1 332000000 332500000 396.00034
OX637751.1 332500000 333000000 396.00117
OX637751.1 333000000 333500000 396.0
OX637751.1 333500000 334000000 396.0
OX637751.1 334000000 334500000 396.0
OX637751.1 334500000 335000000 396.0
OX637751.1 335000000 335500000 396.0
OX637751.1 335500000 336000000 396.0
OX637751.1 336000000 336500000 396.0
OX637751.1 336500000 337000000 396.0
OX637751.1 337000000 337500000 396.0
OX637751.1 337500000 338000000 396.0
OX637751.1 338000000 338500000 396.0
OX637751.1 338500000 339000000 396.0
OX637751.1 339000000 339500000 396.0
OX637751.1 339500000 340000000 396.00031
OX637751.1 340000000 340500000 396.0
OX637751.1 340500000 341000000 396.0
OX637751.1 341000000 341500000 396.0
OX637751.1 341500000 342000000 395.05203
OX637751.1 342000000 342500000 395.0
OX637751.1 342500000 343000000 395.0
OX637751.1 343000000 343500000 394.5909
OX637751.1 343500000 344000000 394.0
OX637751.1 344000000 344500000 394.0
OX637751.1 344500000 345000000 394.0
OX637751.1 345000000 345500000 394.0
OX637751.1 345500000 346000000 393.79345
OX637751.1 346000000 346500000 393.99861
OX637751.1 346500000 347000000 394.0
OX637751.1 347000000 347500000 394.0
OX637751.1 347500000 348000000 393.61414
OX637751.1 348000000 348500000 392.60585
OX637751.1 348500000 349000000 391.0
OX637751.1 349000000 349500000 391.0
OX637751.1 349500000 350000000 391.0
OX637751.1 350000000 350500000 391.0
OX637751.1 350500000 351000000 391.0
OX637751.1 351000000 351500000 391.0
OX637751.1 351500000 352000000 389.94073
OX637751.1 352000000 352500000 389.0
OX637751.1 352500000 353000000 389.0
OX637751.1 353000000 353500000 389.90556
OX637751.1 353500000 354000000 390.0
OX637751.1 354000000 354500000 390.0
OX637751.1 354500000 355000000 390.0
OX637751.1 355000000 355500000 390.0
OX637751.1 355500000 356000000 390.0
OX637751.1 356000000 356500000 390.0
OX637751.1 356500000 357000000 390.0
OX637751.1 357000000 357500000 390.0
OX637751.1 357500000 358000000 390.0
OX637751.1 358000000 358500000 390.0
OX637751.1 358500000 359000000 388.32677
OX637751.1 359000000 359500000 388.0003
OX637751.1 359500000 360000000 388.0
OX637751.1 360000000 360500000 388.0
OX637751.1 360500000 361000000 388.0
OX637751.1 361000000 361500000 388.0
OX637751.1 361500000 362000000 388.0
OX637751.1 362000000 362500000 388.0
OX637751.1 362500000 363000000 388.0
OX637751.1 363000000 363500000 388.0
OX637751.1 363500000 364000000 388.0
OX637751.1 364000000 364500000 388.0
OX637751.1 364500000 365000000 388.0
OX637751.1 365000000 365500000 388.0
OX637751.1 365500000 366000000 387.46644
OX637751.1 366000000 366500000 387.0
OX637751.1 366500000 367000000 387.0
OX637751.1 367000000 367500000 387.0
OX637751.1 367500000 368000000 387.0
OX637751.1 368000000 368500000 387.0
OX637751.1 368500000 369000000 387.0
OX637751.1 369000000 369500000 387.0
OX637751.1 369500000 370000000 387.0
OX637751.1 370000000 370500000 387.0
OX637751.1 370500000 371000000 387.0
OX637751.1 371000000 371500000 387.0
OX637751.1 371500000 372000000 387.0
OX637751.1 372000000 372500000 387.0
OX637751.1 372500000 373000000 387.0
OX637751.1 373000000 373500000 387.0
OX637751.1 373500000 374000000 387.0
OX637751.1 374000000 374500000 387.0
OX637751.1 374500000 375000000 387.0
OX637751.1 375000000 375500000 387.0
OX637751.1 375500000 376000000 387.0
OX637751.1 376000000 376500000 387.0
OX637751.1 376500000 377000000 387.0
OX637751.1 377000000 377500000 387.0
OX637751.1 377500000 378000000 387.0002
OX637751.1 378000000 378500000 387.0002
OX637751.1 378500000 379000000 387.0
OX637751.1 379000000 379500000 387.0
OX637751.1 379500000 380000000 387.0
OX637751.1 380000000 380500000 386.07236
OX637751.1 380500000 381000000 386.0
OX637751.1 381000000 381500000 386.0
OX637751.1 381500000 382000000 386.0
OX637751.1 382000000 382500000 386.0
OX637751.1 382500000 383000000 386.0005
OX637751.1 383000000 383500000 385.79631
OX637751.1 383500000 384000000 385.0
OX637751.1 384000000 384500000 385.0
OX637751.1 384500000 385000000 385.0
OX637751.1 385000000 385500000 385.0
OX637751.1 385500000 386000000 385.0
OX637751.1 386000000 386500000 385.0
OX637751.1 386500000 387000000 385.00023
OX637751.1 387000000 387500000 385.0
OX637751.1 387500000 388000000 385.0
OX637751.1 388000000 388500000 385.0
OX637751.1 388500000 389000000 385.0
OX637751.1 389000000 389500000 385.0
OX637751.1 389500000 390000000 385.0
OX637751.1 390000000 390500000 385.0
OX637751.1 390500000 391000000 385.0
OX637751.1 391000000 391500000 385.0
OX637751.1 391500000 392000000 385.0
OX637751.1 392000000 392500000 385.0
OX637751.1 392500000 393000000 385.0
OX637751.1 393000000 393500000 384.07781
OX637751.1 393500000 394000000 384.0
OX637751.1 394000000 394500000 384.0
OX637751.1 394500000 395000000 384.0
OX637751.1 395000000 395500000 384.0
OX637751.1 395500000 396000000 384.0
OX637751.1 396000000 396500000 384.0
OX637751.1 396500000 397000000 383.32601
OX637751.1 397000000 397500000 383.0
OX637751.1 397500000 398000000 383.0
OX637751.1 398000000 398500000 383.0
OX637751.1 398500000 399000000 383.0
OX637751.1 399000000 399500000 383.0
OX637751.1 399500000 400000000 383.0
OX637751.1 400000000 400500000 383.16716
OX637751.1 400500000 401000000 383.0
OX637751.1 401000000 401500000 382.99254
OX637751.1 401500000 402000000 382.0
OX637751.1 402000000 402500000 382.0
OX637751.1 402500000 403000000 382.0
OX637751.1 403000000 403500000 382.0
OX637751.1 403500000 404000000 382.0
OX637751.1 404000000 404500000 382.0
OX637751.1 404500000 405000000 382.0
OX637751.1 405000000 405500000 382.0
OX637751.1 405500000 406000000 382.0
OX637751.1 406000000 406500000 382.0
OX637751.1 406500000 407000000 382.00069
OX637751.1 407000000 407500000 381.60803
OX637751.1 407500000 408000000 381.0
OX637751.1 408000000 408500000 381.0
OX637751.1 408500000 409000000 381.0
OX637751.1 409000000 409500000 381.0
OX637751.1 409500000 410000000 381.0
OX637751.1 410000000 410500000 381.0
OX637751.1 410500000 411000000 380.19083
OX637751.1 411000000 411500000 380.0
OX637751.1 411500000 412000000 380.0
OX637751.1 412000000 412500000 380.0
OX637751.1 412500000 413000000 380.0
OX637751.1 413000000 413500000 379.29277
OX637751.1 413500000 414000000 379.0
OX637751.1 414000000 414500000 379.0
OX637751.1 414500000 415000000 378.79807
OX637751.1 415000000 415500000 378.0
OX637751.1 415500000 416000000 378.0
OX637751.1 416000000 416500000 378.0
OX637751.1 416500000 417000000 378.0
OX637751.1 417000000 417500000 378.0
OX637751.1 417500000 418000000 378.0
OX637751.1 418000000 418500000 378.0
OX637751.1 418500000 419000000 378.0
OX637751.1 419000000 419500000 378.0
OX637751.1 419500000 420000000 378.0
OX637751.1 420000000 420500000 378.0
OX637751.1 420500000 421000000 377.33998
OX637751.1 421000000 421500000 377.0
OX637751.1 421500000 422000000 377.0
OX637751.1 422000000 422500000 377.00176
OX637751.1 422500000 423000000 376.1266
OX637751.1 423000000 423500000 376.0
OX637751.1 423500000 424000000 375.7048
OX637751.1 424000000 424500000 375.0
OX637751.1 424500000 425000000 375.0
OX637751.1 425000000 425500000 375.0
OX637751.1 425500000 426000000 375.0
OX637751.1 426000000 426500000 375.0
OX637751.1 426500000 427000000 375.0
OX637751.1 427000000 427500000 375.0
OX637751.1 427500000 428000000 375.0
OX637751.1 428000000 428500000 374.77754
OX637751.1 428500000 429000000 373.50079
OX637751.1 429000000 429500000 373.21024
OX637751.1 429500000 430000000 374.0
OX637751.1 430000000 430500000 374.0
OX637751.1 430500000 431000000 374.0
OX637751.1 431000000 431500000 374.0
OX637751.1 431500000 432000000 374.0
OX637751.1 432000000 432500000 374.0
OX637751.1 432500000 433000000 374.0
OX637751.1 433000000 433500000 374.0
OX637751.1 433500000 434000000 374.0
OX637751.1 434000000 434500000 374.0
OX637751.1 434500000 435000000 374.0
OX637751.1 435000000 435500000 374.0
OX637751.1 435500000 436000000 374.0
OX637751.1 436000000 436500000 374.0
OX637751.1 436500000 437000000 374.0
OX637751.1 437000000 437500000 374.0
OX637751.1 437500000 438000000 374.0
OX637751.1 438000000 438500000 374.0
OX637751.1 438500000 439000000 374.0
OX637751.1 439000000 439500000 374.0
OX637751.1 439500000 440000000 373.93864
OX637751.1 440000000 440500000 373.0
OX637751.1 440500000 441000000 373.0
OX637751.1 441000000 441500000 373.0
OX637751.1 441500000 442000000 372.03196
OX637751.1 442000000 442500000 372.0
OX637751.1 442500000 443000000 371.78082
OX637751.1 443000000 443500000 371.0
OX637751.1 443500000 444000000 371.0
OX637751.1 444000000 444500000 371.0
OX637751.1 444500000 445000000 370.17233
OX637751.1 445000000 445500000 370.0
OX637751.1 445500000 446000000 369.69658
OX637751.1 446000000 446500000 369.28918
OX637751.1 446500000 447000000 370.0
OX637751.1 447000000 447500000 370.0
OX637751.1 447500000 448000000 370.0
OX637751.1 448000000 448500000 369.16605
OX637751.1 448500000 449000000 370.0
OX637751.1 449000000 449500000 370.0
OX637751.1 449500000 450000000 370.00032
OX637751.1 450000000 450500000 370.0
OX637751.1 450500000 451000000 370.0
OX637751.1 451000000 451500000 370.0
OX637751.1 451500000 452000000 370.0
OX637751.1 452000000 452500000 370.0
OX637751.1 452500000 453000000 370.0
OX637751.1 453000000 453500000 370.0
OX637751.1 453500000 454000000 369.1109
OX637751.1 454000000 454500000 369.0
OX637751.1 454500000 455000000 369.0
OX637751.1 455000000 455500000 369.0
OX637751.1 455500000 456000000 369.0
OX637751.1 456000000 456500000 369.0
OX637751.1 456500000 457000000 369.0
OX637751.1 457000000 457500000 369.0
OX637751.1 457500000 458000000 369.0
OX637751.1 458000000 458500000 369.0
OX637751.1 458500000 459000000 368.77797
OX637751.1 459000000 459500000 368.0
OX637751.1 459500000 460000000 368.0
OX637751.1 460000000 460500000 368.0
OX637751.1 460500000 461000000 368.0
OX637751.1 461000000 461500000 368.0
OX637751.1 461500000 462000000 368.0
OX637751.1 462000000 462500000 367.36194
OX637751.1 462500000 463000000 366.08396
OX637751.1 463000000 463500000 366.0
OX637751.1 463500000 464000000 366.0
OX637751.1 464000000 464500000 366.00086
OX637751.1 464500000 465000000 366.52244
OX637751.1 465000000 465500000 367.0
OX637751.1 465500000 466000000 367.0
OX637751.1 466000000 466500000 366.66886
OX637751.1 466500000 467000000 364.73143
OX637751.1 467000000 467500000 364.0
OX637751.1 467500000 468000000 363.07959
OX637751.1 468000000 468500000 363.00023
OX637751.1 468500000 469000000 363.0
OX637751.1 469000000 469500000 363.0
OX637751.1 469500000 470000000 363.0
OX637751.1 470000000 470500000 361.43304
OX637751.1 470500000 471000000 361.03665
OX637751.1 471000000 471500000 362.0
OX637751.1 471500000 472000000 361.11917
OX637751.1 472000000 472500000 361.0
OX637751.1 472500000 473000000 361.0
OX637751.1 473000000 473500000 361.0
OX637751.1 473500000 474000000 360.70847
OX637751.1 474000000 474500000 360.0
OX637751.1 474500000 475000000 360.0
OX637751.1 475000000 475500000 359.22275
OX637751.1 475500000 476000000 358.23467
OX637751.1 476000000 476500000 357.7539
OX637751.1 476500000 477000000 357.0
OX637751.1 477000000 477500000 356.43436
OX637751.1 477500000 478000000 353.84083
OX637751.1 478000000 478500000 353.0
OX637751.1 478500000 479000000 353.0
OX637751.1 479000000 479500000 353.0
OX637751.1 479500000 480000000 351.99086
OX637751.1 480000000 480500000 350.0
OX637751.1 480500000 481000000 350.90012
OX637751.1 481000000 481500000 351.39187
OX637751.1 481500000 482000000 351.0
OX637751.1 482000000 482500000 351.0
OX637751.1 482500000 483000000 351.00043
OX637751.1 483000000 483500000 351.0
OX637751.1 483500000 484000000 350.3402
OX637751.1 484000000 484500000 350.0
OX637751.1 484500000 485000000 350.0
OX637751.1 485000000 485500000 350.0
OX637751.1 485500000 486000000 350.0
OX637751.1 486000000 486500000 350.0
OX637751.1 486500000 487000000 350.00019
OX637751.1 487000000 487500000 350.0
OX637751.1 487500000 488000000 350.0
OX637751.1 488000000 488500000 348.19478
OX637751.1 488500000 489000000 348.39455
OX637751.1 489000000 489500000 348.70596
OX637751.1 489500000 490000000 347.32956
OX637751.1 490000000 490500000 347.0
OX637751.1 490500000 491000000 347.0
OX637751.1 491000000 491500000 347.0
OX637751.1 491500000 492000000 347.0
OX637751.1 492000000 492500000 347.38442
OX637751.1 492500000 493000000 347.0
OX637751.1 493000000 493500000 346.76869
OX637751.1 493500000 494000000 346.0
OX637751.1 494000000 494500000 346.0
OX637751.1 494500000 495000000 345.32659
OX637751.1 495000000 495500000 344.24042
OX637751.1 495500000 496000000 342.5473
OX637751.1 496000000 496500000 341.9935
OX637751.1 496500000 497000000 341.0
OX637751.1 497000000 497500000 341.00034
OX637751.1 497500000 498000000 341.0
OX637751.1 498000000 498500000 341.0
OX637751.1 498500000 499000000 341.0
OX637751.1 499000000 499500000 340.19018
OX637751.1 499500000 500000000 340.0
OX637751.1 500000000 500500000 340.0
OX637751.1 500500000 501000000 340.00036
OX637751.1 501000000 501500000 340.0
OX637751.1 501500000 502000000 339.79483
OX637751.1 502000000 502500000 338.49101
OX637751.1 502500000 503000000 338.0
OX637751.1 503000000 503500000 338.0
OX637751.1 503500000 504000000 338.0
OX637751.1 504000000 504500000 338.0
OX637751.1 504500000 505000000 338.0
OX637751.1 505000000 505500000 338.0
OX637751.1 505500000 506000000 338.0
OX637751.1 506000000 506500000 338.0
OX637751.1 506500000 507000000 338.0
OX637751.1 507000000 507500000 338.0
OX637751.1 507500000 508000000 338.0
OX637751.1 508000000 508500000 338.0
OX637751.1 508500000 509000000 338.00044
OX637751.1 509000000 509500000 338.0
OX637751.1 509500000 510000000 338.0
OX637751.1 510000000 510500000 338.0
OX637751.1 510500000 511000000 337.49047
OX637751.1 511000000 511500000 337.0
OX637751.1 511500000 512000000 337.0
OX637751.1 512000000 512500000 336.27437
OX637751.1 512500000 513000000 336.0
OX637751.1 513000000 513500000 336.0
OX637751.1 513500000 514000000 336.0
OX637751.1 514000000 514500000 336.0
OX637751.1 514500000 515000000 336.0
OX637751.1 515000000 515500000 336.0
OX637751.1 515500000 516000000 335.1698
OX637751.1 516000000 516500000 335.0
OX637751.1 516500000 517000000 335.00022
OX637751.1 517000000 517500000 335.0
OX637751.1 517500000 518000000 332.88053
OX637751.1 518000000 518500000 332.0
OX637751.1 518500000 519000000 332.0
OX637751.1 519000000 519500000 331.73027
OX637751.1 519500000 520000000 329.88744
OX637751.1 520000000 520500000 327.24205
OX637751.1 520500000 521000000 325.09357
OX637751.1 521000000 521500000 324.0
OX637751.1 521500000 522000000 322.3204
OX637751.1 522000000 522500000 322.0
OX637751.1 522500000 523000000 321.0354
OX637751.1 523000000 523500000 321.0
OX637751.1 523500000 524000000 320.9462
OX637751.1 524000000 524500000 320.0
OX637751.1 524500000 525000000 320.0
OX637751.1 525000000 525500000 319.35957
OX637751.1 525500000 526000000 319.50704
OX637751.1 526000000 526500000 320.00069
OX637751.1 526500000 527000000 320.0
OX637751.1 527000000 527500000 320.0
OX637751.1 527500000 528000000 320.0
OX637751.1 528000000 528500000 320.0
OX637751.1 528500000 529000000 320.0
OX637751.1 529000000 529500000 320.0
OX637751.1 529500000 530000000 320.0
OX637751.1 530000000 530500000 320.0
OX637751.1 530500000 531000000 319.74045
OX637751.1 531000000 531500000 319.0
OX637751.1 531500000 532000000 318.60837
OX637751.1 532000000 532500000 317.0
OX637751.1 532500000 533000000 315.70082
OX637751.1 533000000 533500000 315.0
OX637751.1 533500000 534000000 314.29086
OX637751.1 534000000 534500000 313.32023
OX637751.1 534500000 535000000 310.50904
OX637751.1 535000000 535500000 310.0
OX637751.1 535500000 536000000 309.87089
OX637751.1 536000000 536500000 308.35923
OX637751.1 536500000 537000000 308.0
OX637751.1 537000000 537500000 307.05038
OX637751.1 537500000 538000000 307.0
OX637751.1 538000000 538500000 307.00026
OX637751.1 538500000 539000000 307.0
OX637751.1 539000000 539500000 307.0
OX637751.1 539500000 540000000 307.0
OX637751.1 540000000 540500000 307.0
OX637751.1 540500000 541000000 307.0
OX637751.1 541000000 541500000 307.0
OX637751.1 541500000 542000000 307.0
OX637751.1 542000000 542500000 307.0
OX637751.1 542500000 543000000 306.4422
OX637751.1 543000000 543500000 306.0
OX637751.1 543500000 544000000 305.19911
OX637751.1 544000000 544500000 304.68755
OX637751.1 544500000 545000000 304.0
OX637751.1 545000000 545500000 304.0
OX637751.1 545500000 546000000 304.0
OX637751.1 546000000 546500000 304.0
OX637751.1 546500000 547000000 304.0
OX637751.1 547000000 547500000 304.0
OX637751.1 547500000 548000000 304.0
OX637751.1 548000000 548500000 304.0
OX637751.1 548500000 549000000 304.00065
OX637751.1 549000000 549500000 303.95287
OX637751.1 549500000 550000000 303.0
OX637751.1 550000000 550500000 303.0
OX637751.1 550500000 551000000 303.0
OX637751.1 551000000 551500000 303.0
OX637751.1 551500000 552000000 303.0
OX637751.1 552000000 552500000 303.0
OX637751.1 552500000 553000000 303.0
OX637751.1 553000000 553500000 303.0
OX637751.1 553500000 554000000 303.0
OX637751.1 554000000 554500000 303.0
OX637751.1 554500000 555000000 303.0
OX637751.1 555000000 555500000 303.0
OX637751.1 555500000 556000000 303.0
OX637751.1 556000000 556500000 303.0
OX637751.1 556500000 557000000 303.0
OX637751.1 557000000 557500000 303.0
OX637751.1 557500000 558000000 303.0
OX637751.1 558000000 558500000 302.89256
OX637751.1 558500000 559000000 301.3367
OX637751.1 559000000 559500000 300.0
OX637751.1 559500000 560000000 300.0
OX637751.1 560000000 560500000 299.70504
OX637751.1 560500000 561000000 299.0
OX637751.1 561000000 561500000 299.0
OX637751.1 561500000 562000000 298.38813
OX637751.1 562000000 562500000 298.0
OX637751.1 562500000 563000000 298.0
OX637751.1 563000000 563500000 298.0
OX637751.1 563500000 564000000 296.64651
OX637751.1 564000000 564500000 296.0
OX637751.1 564500000 565000000 296.0
OX637751.1 565000000 565500000 296.0
OX637751.1 565500000 566000000 296.0
OX637751.1 566000000 566500000 296.0
OX637751.1 566500000 567000000 296.0
OX637751.1 567000000 567500000 296.0
OX637751.1 567500000 568000000 296.0
OX637751.1 568000000 568500000 296.0
OX637751.1 568500000 569000000 295.30459
OX637751.1 569000000 569500000 295.0
OX637751.1 569500000 570000000 293.79172
OX637751.1 570000000 570500000 292.0
OX637751.1 570500000 571000000 292.0
OX637751.1 571000000 571500000 291.45344
OX637751.1 571500000 572000000 291.0
OX637751.1 572000000 572500000 291.0
OX637751.1 572500000 573000000 290.95005
OX637751.1 573000000 573500000 290.0
OX637751.1 573500000 574000000 289.38821
OX637751.1 574000000 574500000 287.74147
OX637751.1 574500000 575000000 287.0
OX637751.1 575000000 575500000 287.0
OX637751.1 575500000 576000000 286.14397
OX637751.1 576000000 576500000 286.0
OX637751.1 576500000 577000000 285.08169
OX637751.1 577000000 577500000 284.0
OX637751.1 577500000 578000000 283.54714
OX637751.1 578000000 578500000 282.39943
OX637751.1 578500000 579000000 281.06082
OX637751.1 579000000 579500000 279.42174
OX637751.1 579500000 580000000 278.0
OX637751.1 580000000 580500000 278.0
OX637751.1 580500000 581000000 277.5293
OX637751.1 581000000 581500000 277.0
OX637751.1 581500000 582000000 276.15832
OX637751.1 582000000 582500000 276.0
OX637751.1 582500000 583000000 275.04127
OX637751.1 583000000 583500000 274.06801
OX637751.1 583500000 584000000 274.0
OX637751.1 584000000 584500000 273.09011
OX637751.1 584500000 585000000 272.31364
OX637751.1 585000000 585500000 271.79151
OX637751.1 585500000 586000000 270.54613
OX637751.1 586000000 586500000 270.0
OX637751.1 586500000 587000000 268.88737
OX637751.1 587000000 587500000 266.45288
OX637751.1 587500000 588000000 263.15289
OX637751.1 588000000 588500000 261.65368
OX637751.1 588500000 589000000 260.0
OX637751.1 589000000 589500000 260.0
OX637751.1 589500000 590000000 259.23634
OX637751.1 590000000 590500000 258.0
OX637751.1 590500000 591000000 258.0
OX637751.1 591000000 591500000 257.48662
OX637751.1 591500000 592000000 256.5343
OX637751.1 592000000 592500000 253.44747
OX637751.1 592500000 593000000 248.17237
OX637751.1 593000000 593500000 246.49083
OX637751.1 593500000 594000000 243.42779
OX637751.1 594000000 594500000 241.86373
OX637751.1 594500000 595000000 240.8798
OX637751.1 595000000 595500000 240.0
OX637751.1 595500000 596000000 238.52337
OX637751.1 596000000 596500000 236.87373
OX637751.1 596500000 597000000 233.9993
OX637751.1 597000000 597500000 232.37616
OX637751.1 597500000 598000000 232.0
OX637751.1 598000000 598500000 229.63684
OX637751.1 598500000 599000000 225.92488
OX637751.1 599000000 599500000 223.67256
OX637751.1 599500000 600000000 221.98377
OX637751.1 600000000 600500000 221.00024
OX637751.1 600500000 601000000 219.04839
OX637751.1 601000000 601500000 217.19507
OX637751.1 601500000 602000000 215.095
OX637751.1 602000000 602500000 211.65464
OX637751.1 602500000 603000000 210.0
OX637751.1 603000000 603500000 208.97655
OX637751.1 603500000 604000000 208.0
OX637751.1 604000000 604500000 208.0
OX637751.1 604500000 605000000 206.11714
OX637751.1 605000000 605500000 200.0
OX637751.1 605500000 606000000 198.50346
OX637751.1 606000000 606500000 195.65969
OX637751.1 606500000 607000000 194.0
OX637751.1 607000000 607500000 192.27066
OX637751.1 607500000 608000000 190.0
OX637751.1 608000000 608500000 188.58271
OX637751.1 608500000 609000000 188.0
OX637751.1 609000000 609500000 186.56838
OX637751.1 609500000 610000000 184.66564
OX637751.1 610000000 610500000 182.2076
OX637751.1 610500000 611000000 179.50639
OX637751.1 611000000 611500000 177.30335
OX637751.1 611500000 612000000 176.00172
OX637751.1 612000000 612500000 174.37858
OX637751.1 612500000 613000000 172.0
OX637751.1 613000000 613500000 172.0
OX637751.1 613500000 614000000 170.91027
OX637751.1 614000000 614500000 167.16769
OX637751.1 614500000 615000000 165.05016
OX637751.1 615000000 615500000 163.72711
OX637751.1 615500000 616000000 158.64147
OX637751.1 616000000 616500000 150.4145
OX637751.1 616500000 617000000 148.40322
OX637751.1 617000000 617500000 145.88335
OX637751.1 617500000 618000000 142.29764
OX637751.1 618000000 618500000 138.86551
OX637751.1 618500000 619000000 135.66055
OX637751.1 619000000 619500000 130.39632
OX637751.1 619500000 620000000 127.38777
OX637751.1 620000000 620500000 121.67769
OX637751.1 620500000 621000000 117.74226
OX637751.1 621000000 621500000 110.15073
OX637751.1 621500000 622000000 103.02521
OX637751.1 622000000 622500000 99.4323
OX637751.1 622500000 623000000 98.63932
OX637751.1 623000000 623500000 98.0
OX637751.1 623500000 624000000 98.0
OX637751.1 624000000 624500000 96.38064
OX637751.1 624500000 625000000 94.12227
OX637751.1 625000000 625500000 89.66376
OX637751.1 625500000 626000000 82.07233
OX637751.1 626000000 626500000 73.78066
OX637751.1 626500000 627000000 72.29786
OX637751.1 627000000 627500000 67.58255
OX637751.1 627500000 628000000 63.17764
OX637751.1 628000000 628500000 56.11479
OX637751.1 628500000 629000000 51.30819
OX637751.1 629000000 629500000 43.91347
OX637751.1 629500000 630000000 36.26335
OX637751.1 630000000 630500000 33.05154
OX637751.1 630500000 631000000 29.00049
OX637751.1 631000000 631500000 27.21606
OX637751.1 631500000 632000000 20.9962
OX637751.1 632000000 632428281 7.62938
OX637758.1 0 500000 0.0
OX637758.1 500000 1000000 1.98153
OX637758.1 1000000 1500000 8.60786
OX637758.1 1500000 2000000 16.71397
OX637758.1 2000000 2500000 23.39171
OX637758.1 2500000 3000000 28.15648
OX637758.1 3000000 3500000 32.4458
OX637758.1 3500000 4000000 34.56535
OX637758.1 4000000 4500000 39.10848
OX637758.1 4500000 5000000 41.89492
OX637758.1 5000000 5500000 45.54524
OX637758.1 5500000 6000000 49.36811
OX637758.1 6000000 6500000 55.03369
OX637758.1 6500000 7000000 60.3708
OX637758.1 7000000 7500000 61.3911
OX637758.1 7500000 8000000 64.87472
OX637758.1 8000000 8500000 69.76364
OX637758.1 8500000 9000000 73.9371
OX637758.1 9000000 9500000 76.5258
OX637758.1 9500000 10000000 78.30211
OX637758.1 10000000 10500000 81.39629
OX637758.1 10500000 11000000 83.54013
OX637758.1 11000000 11500000 84.16814
OX637758.1 11500000 12000000 86.85959
OX637758.1 12000000 12500000 87.0
OX637758.1 12500000 13000000 87.0
OX637758.1 13000000 13500000 87.68098
OX637758.1 13500000 14000000 89.34902
OX637758.1 14000000 14500000 90.86635
OX637758.1 14500000 15000000 92.53063
OX637758.1 15000000 15500000 93.0
OX637758.1 15500000 16000000 93.00022
OX637758.1 16000000 16500000 95.88313
OX637758.1 16500000 17000000 98.80817
OX637758.1 17000000 17500000 101.0
OX637758.1 17500000 18000000 101.0
OX637758.1 18000000 18500000 101.46878
OX637758.1 18500000 19000000 104.70472
OX637758.1 19000000 19500000 105.0
OX637758.1 19500000 20000000 107.19009
OX637758.1 20000000 20500000 109.44879
OX637758.1 20500000 21000000 110.0
OX637758.1 21000000 21500000 110.0
OX637758.1 21500000 22000000 110.0
OX637758.1 22000000 22500000 110.0
OX637758.1 22500000 23000000 111.44111
OX637758.1 23000000 23500000 115.13254
OX637758.1 23500000 24000000 116.17478
OX637758.1 24000000 24500000 120.32296
OX637758.1 24500000 25000000 122.73433
OX637758.1 25000000 25500000 123.0
OX637758.1 25500000 26000000 123.47704
OX637758.1 26000000 26500000 127.225
OX637758.1 26500000 27000000 128.96417
OX637758.1 27000000 27500000 131.0
OX637758.1 27500000 28000000 134.09675
OX637758.1 28000000 28500000 135.0301
OX637758.1 28500000 29000000 136.0
OX637758.1 29000000 29500000 136.29261
OX637758.1 29500000 30000000 137.97831
OX637758.1 30000000 30500000 138.92114
OX637758.1 30500000 31000000 141.6204
OX637758.1 31000000 31500000 143.31015
OX637758.1 31500000 32000000 144.0
OX637758.1 32000000 32500000 144.0
OX637758.1 32500000 33000000 144.3536
OX637758.1 33000000 33500000 146.31486
OX637758.1 33500000 34000000 147.88472
OX637758.1 34000000 34500000 148.00017
OX637758.1 34500000 35000000 148.35109
OX637758.1 35000000 35500000 149.0
OX637758.1 35500000 36000000 149.03505
OX637758.1 36000000 36500000 152.85071
OX637758.1 36500000 37000000 153.52703
OX637758.1 37000000 37500000 155.0
OX637758.1 37500000 38000000 155.43347
OX637758.1 38000000 38500000 156.29032
OX637758.1 38500000 39000000 157.0
OX637758.1 39000000 39500000 157.0
OX637758.1 39500000 40000000 157.0
OX637758.1 40000000 40500000 157.0
OX637758.1 40500000 41000000 157.72855
OX637758.1 41000000 41500000 158.0
OX637758.1 41500000 42000000 158.0
OX637758.1 42000000 42500000 158.95471
OX637758.1 42500000 43000000 159.00115
OX637758.1 43000000 43500000 159.27193
OX637758.1 43500000 44000000 160.43829
OX637758.1 44000000 44500000 161.79396
OX637758.1 44500000 45000000 164.73625
OX637758.1 45000000 45500000 165.85238
OX637758.1 45500000 46000000 167.26051
OX637758.1 46000000 46500000 168.0
OX637758.1 46500000 47000000 168.0
OX637758.1 47000000 47500000 168.04711
OX637758.1 47500000 48000000 169.85744
OX637758.1 48000000 48500000 170.0
OX637758.1 48500000 49000000 170.54297
OX637758.1 49000000 49500000 172.0
OX637758.1 49500000 50000000 172.85779
OX637758.1 50000000 50500000 173.32442
OX637758.1 50500000 51000000 175.58049
OX637758.1 51000000 51500000 176.90501
OX637758.1 51500000 52000000 178.0
OX637758.1 52000000 52500000 178.0
OX637758.1 52500000 53000000 178.0
OX637758.1 53000000 53500000 178.0
OX637758.1 53500000 54000000 178.0
OX637758.1 54000000 54500000 178.0
OX637758.1 54500000 55000000 178.0
OX637758.1 55000000 55500000 178.0
OX637758.1 55500000 56000000 178.0
OX637758.1 56000000 56500000 178.0
OX637758.1 56500000 57000000 178.0
OX637758.1 57000000 57500000 178.72195
OX637758.1 57500000 58000000 179.30094
OX637758.1 58000000 58500000 180.64449
OX637758.1 58500000 59000000 181.42556
OX637758.1 59000000 59500000 183.55192
OX637758.1 59500000 60000000 184.0
OX637758.1 60000000 60500000 184.0
OX637758.1 60500000 61000000 184.0
OX637758.1 61000000 61500000 184.85671
OX637758.1 61500000 62000000 185.0
OX637758.1 62000000 62500000 185.0
OX637758.1 62500000 63000000 185.00167
OX637758.1 63000000 63500000 185.0
OX637758.1 63500000 64000000 185.0
OX637758.1 64000000 64500000 185.0
OX637758.1 64500000 65000000 185.53326
OX637758.1 65000000 65500000 186.0
OX637758.1 65500000 66000000 186.0
OX637758.1 66000000 66500000 186.0
OX637758.1 66500000 67000000 186.0
OX637758.1 67000000 67500000 186.0
OX637758.1 67500000 68000000 186.0
OX637758.1 68000000 68500000 186.8259
OX637758.1 68500000 69000000 187.0
OX637758.1 69000000 69500000 187.0
OX637758.1 69500000 70000000 187.0
OX637758.1 70000000 70500000 187.0
OX637758.1 70500000 71000000 187.0
OX637758.1 71000000 71500000 187.0
OX637758.1 71500000 72000000 187.0
OX637758.1 72000000 72500000 187.0
OX637758.1 72500000 73000000 187.0
OX637758.1 73000000 73500000 187.0
OX637758.1 73500000 74000000 187.0
OX637758.1 74000000 74500000 187.0
OX637758.1 74500000 75000000 187.0
OX637758.1 75000000 75500000 187.0
OX637758.1 75500000 76000000 187.0
OX637758.1 76000000 76500000 187.0
OX637758.1 76500000 77000000 187.0
OX637758.1 77000000 77500000 187.0
OX637758.1 77500000 78000000 187.0
OX637758.1 78000000 78500000 187.0
OX637758.1 78500000 79000000 187.0
OX637758.1 79000000 79500000 187.0
OX637758.1 79500000 80000000 187.0
OX637758.1 80000000 80500000 187.0
OX637758.1 80500000 81000000 187.0
OX637758.1 81000000 81500000 187.0
OX637758.1 81500000 82000000 187.0
OX637758.1 82000000 82500000 187.0
OX637758.1 82500000 83000000 187.19809
OX637758.1 83000000 83500000 188.0
OX637758.1 83500000 84000000 188.0
OX637758.1 84000000 84500000 188.0
OX637758.1 84500000 85000000 188.18839
OX637758.1 85000000 85500000 189.0
OX637758.1 85500000 86000000 189.0
OX637758.1 86000000 86500000 189.0
OX637758.1 86500000 87000000 189.00023
OX637758.1 87000000 87500000 189.0
OX637758.1 87500000 88000000 189.0
OX637758.1 88000000 88500000 189.83005
OX637758.1 88500000 89000000 190.0
OX637758.1 89000000 89500000 190.0
OX637758.1 89500000 90000000 190.0
OX637758.1 90000000 90500000 190.0
OX637758.1 90500000 91000000 190.0
OX637758.1 91000000 91500000 190.0
OX637758.1 91500000 92000000 190.0
OX637758.1 92000000 92500000 190.0
OX637758.1 92500000 93000000 190.0
OX637758.1 93000000 93500000 190.0
OX637758.1 93500000 94000000 190.0
OX637758.1 94000000 94500000 190.0
OX637758.1 94500000 95000000 190.0
OX637758.1 95000000 95500000 190.0
OX637758.1 95500000 96000000 190.56151
OX637758.1 96000000 96500000 191.0
OX637758.1 96500000 97000000 191.0
OX637758.1 97000000 97500000 191.0
OX637758.1 97500000 98000000 191.0
OX637758.1 98000000 98500000 191.0
OX637758.1 98500000 99000000 191.00029
OX637758.1 99000000 99500000 191.0
OX637758.1 99500000 100000000 191.0
OX637758.1 100000000 100500000 191.0
OX637758.1 100500000 101000000 191.0
OX637758.1 101000000 101500000 191.0
OX637758.1 101500000 102000000 191.0
OX637758.1 102000000 102500000 191.0
OX637758.1 102500000 103000000 191.0
OX637758.1 103000000 103500000 191.0
OX637758.1 103500000 104000000 191.0
OX637758.1 104000000 104500000 191.0
OX637758.1 104500000 105000000 191.77956
OX637758.1 105000000 105500000 193.0
OX637758.1 105500000 106000000 193.0
OX637758.1 106000000 106500000 193.96689
OX637758.1 106500000 107000000 194.0
OX637758.1 107000000 107500000 194.0
OX637758.1 107500000 108000000 194.00053
OX637758.1 108000000 108500000 194.0
OX637758.1 108500000 109000000 194.0
OX637758.1 109000000 109500000 194.0
OX637758.1 109500000 110000000 194.0
OX637758.1 110000000 110500000 194.88138
OX637758.1 110500000 111000000 195.0
OX637758.1 111000000 111500000 195.0
OX637758.1 111500000 112000000 195.0
OX637758.1 112000000 112500000 195.0
OX637758.1 112500000 113000000 195.91053
OX637758.1 113000000 113500000 196.0
OX637758.1 113500000 114000000 196.0
OX637758.1 114000000 114500000 196.0
OX637758.1 114500000 115000000 196.77434
OX637758.1 115000000 115500000 197.95452
OX637758.1 115500000 116000000 198.0
OX637758.1 116000000 116500000 198.14846
OX637758.1 116500000 117000000 199.0
OX637758.1 117000000 117500000 199.0
OX637758.1 117500000 118000000 199.0
OX637758.1 118000000 118500000 199.0
OX637758.1 118500000 119000000 199.80636
OX637758.1 119000000 119500000 200.0
OX637758.1 119500000 120000000 200.0
OX637758.1 120000000 120500000 200.0
OX637758.1 120500000 121000000 200.0
OX637758.1 121000000 121500000 200.0
OX637758.1 121500000 122000000 200.0
OX637758.1 122000000 122500000 200.0
OX637758.1 122500000 123000000 200.97802
OX637758.1 123000000 123500000 201.0
OX637758.1 123500000 124000000 201.0
OX637758.1 124000000 124500000 201.0
OX637758.1 124500000 125000000 201.0
OX637758.1 125000000 125500000 201.0
OX637758.1 125500000 126000000 201.0
OX637758.1 126000000 126500000 201.47066
OX637758.1 126500000 127000000 202.0
OX637758.1 127000000 127500000 202.47328
OX637758.1 127500000 128000000 203.00025
OX637758.1 128000000 128500000 203.0
OX637758.1 128500000 129000000 203.0
OX637758.1 129000000 129500000 203.16585
OX637758.1 129500000 130000000 204.0
OX637758.1 130000000 130500000 204.0
OX637758.1 130500000 131000000 204.98276
OX637758.1 131000000 131500000 205.64684
OX637758.1 131500000 132000000 206.0
OX637758.1 132000000 132500000 206.0
OX637758.1 132500000 133000000 206.0
OX637758.1 133000000 133500000 206.0
OX637758.1 133500000 134000000 206.0
OX637758.1 134000000 134500000 206.0
OX637758.1 134500000 135000000 206.02011
OX637758.1 135000000 135500000 207.33027
OX637758.1 135500000 136000000 208.0
OX637758.1 136000000 136500000 208.0
OX637758.1 136500000 137000000 208.0
OX637758.1 137000000 137500000 208.0
OX637758.1 137500000 138000000 208.0
OX637758.1 138000000 138500000 208.0
OX637758.1 138500000 139000000 208.71602
OX637758.1 139000000 139500000 209.03759
OX637758.1 139500000 140000000 210.0
OX637758.1 140000000 140500000 210.0
OX637758.1 140500000 141000000 210.0
OX637758.1 141000000 141500000 210.0
OX637758.1 141500000 142000000 210.0
OX637758.1 142000000 142500000 210.0
OX637758.1 142500000 143000000 210.06048
OX637758.1 143000000 143500000 211.0
OX637758.1 143500000 144000000 211.0
OX637758.1 144000000 144500000 211.0
OX637758.1 144500000 145000000 211.0
OX637758.1 145000000 145500000 211.0
OX637758.1 145500000 146000000 211.0
OX637758.1 146000000 146500000 211.0
OX637758.1 146500000 147000000 211.0
OX637758.1 147000000 147500000 211.0
OX637758.1 147500000 148000000 211.0
OX637758.1 148000000 148500000 211.0
OX637758.1 148500000 149000000 211.0
OX637758.1 149000000 149500000 211.0
OX637758.1 149500000 150000000 211.1984
OX637758.1 150000000 150500000 212.10769
OX637758.1 150500000 151000000 213.26883
OX637758.1 151000000 151500000 214.0
OX637758.1 151500000 152000000 214.0
OX637758.1 152000000 152500000 214.55426
OX637758.1 152500000 153000000 215.0
OX637758.1 153000000 153500000 215.0
OX637758.1 153500000 154000000 214.72006
OX637758.1 154000000 154500000 214.0
OX637758.1 154500000 155000000 214.0
OX637758.1 155000000 155500000 214.0
OX637758.1 155500000 156000000 214.0
OX637758.1 156000000 156500000 214.0
OX637758.1 156500000 157000000 214.0
OX637758.1 157000000 157500000 214.0
OX637758.1 157500000 158000000 214.0
OX637758.1 158000000 158500000 214.67141
OX637758.1 158500000 159000000 215.0
OX637758.1 159000000 159500000 215.0
OX637758.1 159500000 160000000 215.0
OX637758.1 160000000 160500000 215.0
OX637758.1 160500000 161000000 215.0
OX637758.1 161000000 161500000 215.0
OX637758.1 161500000 162000000 215.0
OX637758.1 162000000 162500000 215.0
OX637758.1 162500000 163000000 215.0
OX637758.1 163000000 163500000 215.0
OX637758.1 163500000 164000000 215.0
OX637758.1 164000000 164500000 215.0
OX637758.1 164500000 165000000 215.0
OX637758.1 165000000 165500000 215.0
OX637758.1 165500000 166000000 215.0
OX637758.1 166000000 166500000 215.0
OX637758.1 166500000 167000000 215.0
OX637758.1 167000000 167500000 215.0
OX637758.1 167500000 168000000 215.0
OX637758.1 168000000 168500000 215.0
OX637758.1 168500000 169000000 215.0
OX637758.1 169000000 169500000 215.0
OX637758.1 169500000 170000000 215.0
OX637758.1 170000000 170500000 215.0
OX637758.1 170500000 171000000 215.64955
OX637758.1 171000000 171500000 216.0
OX637758.1 171500000 172000000 216.0
OX637758.1 172000000 172500000 216.0
OX637758.1 172500000 173000000 216.0
OX637758.1 173000000 173500000 215.83774
OX637758.1 173500000 174000000 215.82989
OX637758.1 174000000 174500000 216.0
OX637758.1 174500000 175000000 216.0
OX637758.1 175000000 175500000 216.0
OX637758.1 175500000 176000000 216.0
OX637758.1 176000000 176500000 216.87663
OX637758.1 176500000 177000000 217.0
OX637758.1 177000000 177500000 217.00023
OX637758.1 177500000 178000000 217.0
OX637758.1 178000000 178500000 217.1612
OX637758.1 178500000 179000000 218.0
OX637758.1 179000000 179500000 218.0
OX637758.1 179500000 180000000 218.00068
OX637758.1 180000000 180500000 218.00046
OX637758.1 180500000 181000000 218.13219
OX637758.1 181000000 181500000 219.0
OX637758.1 181500000 182000000 219.0
OX637758.1 182000000 182500000 218.04872
OX637758.1 182500000 183000000 218.0
OX637758.1 183000000 183500000 218.0
OX637758.1 183500000 184000000 218.1475
OX637758.1 184000000 184500000 219.0
OX637758.1 184500000 185000000 219.0
OX637758.1 185000000 185500000 219.0
OX637758.1 185500000 186000000 219.0
OX637758.1 186000000 186500000 219.2769
OX637758.1 186500000 187000000 220.0
OX637758.1 187000000 187500000 220.0
OX637758.1 187500000 188000000 219.18019
OX637758.1 188000000 188500000 218.12247
OX637758.1 188500000 189000000 218.0
OX637758.1 189000000 189500000 218.0
OX637758.1 189500000 190000000 218.01303
OX637758.1 190000000 190500000 219.0
OX637758.1 190500000 191000000 219.0
OX637758.1 191000000 191500000 219.0
OX637758.1 191500000 192000000 219.00028
OX637758.1 192000000 192500000 219.0
OX637758.1 192500000 193000000 219.0
OX637758.1 193000000 193500000 219.0
OX637758.1 193500000 194000000 219.2572
OX637758.1 194000000 194500000 220.0
OX637758.1 194500000 195000000 220.0
OX637758.1 195000000 195500000 219.0515
OX637758.1 195500000 196000000 218.41815
OX637758.1 196000000 196500000 218.0
OX637758.1 196500000 197000000 218.0011
OX637758.1 197000000 197500000 218.80914
OX637758.1 197500000 198000000 219.68413
OX637758.1 198000000 198500000 220.48992
OX637758.1 198500000 199000000 221.0
OX637758.1 199000000 199500000 221.0
OX637758.1 199500000 200000000 221.0
OX637758.1 200000000 200500000 221.0003
OX637758.1 200500000 201000000 221.0
OX637758.1 201000000 201500000 221.0
OX637758.1 201500000 202000000 222.54157
OX637758.1 202000000 202500000 223.38063
OX637758.1 202500000 203000000 224.0
OX637758.1 203000000 203500000 224.00018
OX637758.1 203500000 204000000 224.0
OX637758.1 204000000 204500000 224.62063
OX637758.1 204500000 205000000 225.55421
OX637758.1 205000000 205500000 226.00035
OX637758.1 205500000 206000000 226.0
OX637758.1 206000000 206500000 226.0
OX637758.1 206500000 207000000 226.0
OX637758.1 207000000 207500000 226.0
OX637758.1 207500000 208000000 226.00068
OX637758.1 208000000 208500000 226.0
OX637758.1 208500000 209000000 226.0
OX637758.1 209000000 209500000 226.0
OX637758.1 209500000 210000000 226.0
OX637758.1 210000000 210500000 226.0
OX637758.1 210500000 211000000 226.0
OX637758.1 211000000 211500000 226.0
OX637758.1 211500000 212000000 226.0
OX637758.1 212000000 212500000 226.0
OX637758.1 212500000 213000000 226.0
OX637758.1 213000000 213500000 226.06305
OX637758.1 213500000 214000000 227.12633
OX637758.1 214000000 214500000 228.0
OX637758.1 214500000 215000000 228.0
OX637758.1 215000000 215500000 227.0492
OX637758.1 215500000 216000000 226.22077
OX637758.1 216000000 216500000 226.00058
OX637758.1 216500000 217000000 225.39012
OX637758.1 217000000 217500000 225.0
OX637758.1 217500000 218000000 225.0
OX637758.1 218000000 218500000 225.66986
OX637758.1 218500000 219000000 226.59056
OX637758.1 219000000 219500000 227.0
OX637758.1 219500000 220000000 227.0
OX637758.1 220000000 220500000 227.0
OX637758.1 220500000 221000000 227.0
OX637758.1 221000000 221500000 227.0
OX637758.1 221500000 222000000 227.0
OX637758.1 222000000 222500000 227.0
OX637758.1 222500000 223000000 227.0
OX637758.1 223000000 223500000 227.0
OX637758.1 223500000 224000000 227.0
OX637758.1 224000000 224500000 227.0
OX637758.1 224500000 225000000 227.79589
OX637758.1 225000000 225500000 228.0
OX637758.1 225500000 226000000 228.0
OX637758.1 226000000 226500000 228.33623
OX637758.1 226500000 227000000 228.0
OX637758.1 227000000 227500000 227.94781
OX637758.1 227500000 228000000 227.00063
OX637758.1 228000000 228500000 227.00072
OX637758.1 228500000 229000000 226.2959
OX637758.1 229000000 229500000 226.00021
OX637758.1 229500000 230000000 226.00056
OX637758.1 230000000 230500000 225.7633
OX637758.1 230500000 231000000 225.0
OX637758.1 231000000 231500000 225.00073
OX637758.1 231500000 232000000 224.9393
OX637758.1 232000000 232500000 224.64047
OX637758.1 232500000 233000000 225.0
OX637758.1 233000000 233500000 225.37564
OX637758.1 233500000 234000000 225.12209
OX637758.1 234000000 234500000 225.0
OX637758.1 234500000 235000000 225.55566
OX637758.1 235000000 235500000 226.82803
OX637758.1 235500000 236000000 227.0
OX637758.1 236000000 236500000 227.0
OX637758.1 236500000 237000000 226.79377
OX637758.1 237000000 237500000 225.0
OX637758.1 237500000 238000000 225.68826
OX637758.1 238000000 238500000 225.0
OX637758.1 238500000 239000000 225.0
OX637758.1 239000000 239500000 224.99875
OX637758.1 239500000 240000000 223.0623
OX637758.1 240000000 240500000 223.0
OX637758.1 240500000 241000000 223.0
OX637758.1 241000000 241500000 223.00053
OX637758.1 241500000 242000000 223.0
OX637758.1 242000000 242500000 223.0
OX637758.1 242500000 243000000 223.09721
OX637758.1 243000000 243500000 223.0
OX637758.1 243500000 244000000 223.0
OX637758.1 244000000 244500000 223.0
OX637758.1 244500000 245000000 222.28479
OX637758.1 245000000 245500000 222.0
OX637758.1 245500000 246000000 221.5122
OX637758.1 246000000 246500000 221.0
OX637758.1 246500000 247000000 221.0
OX637758.1 247000000 247500000 221.0
OX637758.1 247500000 248000000 221.90063
OX637758.1 248000000 248500000 222.15986
OX637758.1 248500000 249000000 220.19872
OX637758.1 249000000 249500000 220.0
OX637758.1 249500000 250000000 220.76581
OX637758.1 250000000 250500000 221.0
OX637758.1 250500000 251000000 221.0
OX637758.1 251000000 251500000 220.26832
OX637758.1 251500000 252000000 219.44703
OX637758.1 252000000 252500000 219.0
OX637758.1 252500000 253000000 218.99593
OX637758.1 253000000 253500000 218.5764
OX637758.1 253500000 254000000 217.79866
OX637758.1 254000000 254500000 217.50625
OX637758.1 254500000 255000000 217.05416
OX637758.1 255000000 255500000 215.35028
OX637758.1 255500000 256000000 215.62534
OX637758.1 256000000 256500000 213.94193
OX637758.1 256500000 257000000 213.00109
OX637758.1 257000000 257500000 212.23738
OX637758.1 257500000 258000000 210.13931
OX637758.1 258000000 258500000 210.0
OX637758.1 258500000 259000000 210.0
OX637758.1 259000000 259500000 210.0
OX637758.1 259500000 260000000 210.0
OX637758.1 260000000 260500000 210.0
OX637758.1 260500000 261000000 209.67012
OX637758.1 261000000 261500000 209.0
OX637758.1 261500000 262000000 208.90328
OX637758.1 262000000 262500000 206.33115
OX637758.1 262500000 263000000 206.00035
OX637758.1 263000000 263500000 206.00073
OX637758.1 263500000 264000000 204.95614
OX637758.1 264000000 264500000 204.0
OX637758.1 264500000 265000000 202.4353
OX637758.1 265000000 265500000 201.00028
OX637758.1 265500000 266000000 201.0
OX637758.1 266000000 266500000 200.58543
OX637758.1 266500000 267000000 199.00065
OX637758.1 267000000 267500000 199.00083
OX637758.1 267500000 268000000 199.16767
OX637758.1 268000000 268500000 199.0
OX637758.1 268500000 269000000 197.82657
OX637758.1 269000000 269500000 196.12781
OX637758.1 269500000 270000000 195.29695
OX637758.1 270000000 270500000 194.84636
OX637758.1 270500000 271000000 191.47094
OX637758.1 271000000 271500000 189.42913
OX637758.1 271500000 272000000 188.09584
OX637758.1 272000000 272500000 187.0
OX637758.1 272500000 273000000 187.00068
OX637758.1 273000000 273500000 186.91325
OX637758.1 273500000 274000000 184.82774
OX637758.1 274000000 274500000 183.9197
OX637758.1 274500000 275000000 179.65012
OX637758.1 275000000 275500000 174.89703
OX637758.1 275500000 276000000 173.46031
OX637758.1 276000000 276500000 171.63201
OX637758.1 276500000 277000000 168.70441
OX637758.1 277000000 277500000 163.99878
OX637758.1 277500000 278000000 163.0
OX637758.1 278000000 278500000 162.33549
OX637758.1 278500000 279000000 159.98158
OX637758.1 279000000 279500000 159.0
OX637758.1 279500000 280000000 157.49563
OX637758.1 280000000 280500000 155.92019
OX637758.1 280500000 281000000 152.79868
OX637758.1 281000000 281500000 151.02486
OX637758.1 281500000 282000000 149.00105
OX637758.1 282000000 282500000 148.34831
OX637758.1 282500000 283000000 145.24224
OX637758.1 283000000 283500000 144.98297
OX637758.1 283500000 284000000 144.0
OX637758.1 284000000 284500000 141.87265
OX637758.1 284500000 285000000 136.74022
OX637758.1 285000000 285500000 130.22927
OX637758.1 285500000 286000000 125.72427
OX637758.1 286000000 286500000 118.56718
OX637758.1 286500000 287000000 109.96911
OX637758.1 287000000 287500000 101.88488
OX637758.1 287500000 288000000 98.90124
OX637758.1 288000000 288500000 94.85442
OX637758.1 288500000 289000000 90.90618
OX637758.1 289000000 289500000 85.68487
OX637758.1 289500000 290000000 78.85996
OX637758.1 290000000 290500000 67.96364
OX637758.1 290500000 291000000 62.75347
OX637758.1 291000000 291500000 57.13055
OX637758.1 291500000 292000000 52.55151
OX637758.1 292000000 292500000 47.38849
OX637758.1 292500000 293000000 40.1748
OX637758.1 293000000 293500000 31.97808
OX637758.1 293500000 294000000 26.96857
OX637758.1 294000000 294500000 24.96397
OX637758.1 294500000 295000000 19.93119
OX637758.1 295000000 295500000 12.91658
OX637758.1 295500000 296000000 10.70696
OX637758.1 296000000 296500000 5.82124
OX637758.1 296500000 297000000 0.82506
OX637758.1 297000000 297154445 0.0
OX637745.1 0 500000 2.59769
OX637745.1 500000 1000000 18.57798
OX637745.1 1000000 1500000 34.93826
OX637745.1 1500000 2000000 45.36013
OX637745.1 2000000 2500000 51.17214
OX637745.1 2500000 3000000 56.96977
OX637745.1 3000000 3500000 59.0
OX637745.1 3500000 4000000 64.72527
OX637745.1 4000000 4500000 74.41432
OX637745.1 4500000 5000000 79.24118
OX637745.1 5000000 5500000 82.68811
OX637745.1 5500000 6000000 84.54113
OX637745.1 6000000 6500000 89.28896
OX637745.1 6500000 7000000 94.57015
OX637745.1 7000000 7500000 98.2643
OX637745.1 7500000 8000000 101.16176
OX637745.1 8000000 8500000 104.57534
OX637745.1 8500000 9000000 107.99665
OX637745.1 9000000 9500000 111.3349
OX637745.1 9500000 10000000 112.64658
OX637745.1 10000000 10500000 116.90977
OX637745.1 10500000 11000000 120.39613
OX637745.1 11000000 11500000 125.91964
OX637745.1 11500000 12000000 129.23745
OX637745.1 12000000 12500000 133.59741
OX637745.1 12500000 13000000 135.24219
OX637745.1 13000000 13500000 136.42583
OX637745.1 13500000 14000000 142.1342
OX637745.1 14000000 14500000 146.15534
OX637745.1 14500000 15000000 147.77659
OX637745.1 15000000 15500000 149.62847
OX637745.1 15500000 16000000 151.44426
OX637745.1 16000000 16500000 153.0
OX637745.1 16500000 17000000 154.57077
OX637745.1 17000000 17500000 160.5271
OX637745.1 17500000 18000000 162.10381
OX637745.1 18000000 18500000 163.57208
OX637745.1 18500000 19000000 166.69656
OX637745.1 19000000 19500000 171.61943
OX637745.1 19500000 20000000 173.0
OX637745.1 20000000 20500000 174.05729
OX637745.1 20500000 21000000 176.29535
OX637745.1 21000000 21500000 177.0
OX637745.1 21500000 22000000 177.0
OX637745.1 22000000 22500000 177.0
OX637745.1 22500000 23000000 177.0
OX637745.1 23000000 23500000 178.36237
OX637745.1 23500000 24000000 181.862
OX637745.1 24000000 24500000 182.72507
OX637745.1 24500000 25000000 183.0
OX637745.1 25000000 25500000 183.53118
OX637745.1 25500000 26000000 184.52115
OX637745.1 26000000 26500000 185.02903
OX637745.1 26500000 27000000 186.34044
OX637745.1 27000000 27500000 187.0
OX637745.1 27500000 28000000 187.0
OX637745.1 28000000 28500000 187.2084
OX637745.1 28500000 29000000 190.46917
OX637745.1 29000000 29500000 192.0
OX637745.1 29500000 30000000 193.08387
OX637745.1 30000000 30500000 193.92286
OX637745.1 30500000 31000000 194.59647
OX637745.1 31000000 31500000 195.31285
OX637745.1 31500000 32000000 196.32273
OX637745.1 32000000 32500000 197.93864
OX637745.1 32500000 33000000 197.00928
OX637745.1 33000000 33500000 197.81491
OX637745.1 33500000 34000000 199.0
OX637745.1 34000000 34500000 199.50198
OX637745.1 34500000 35000000 200.7546
OX637745.1 35000000 35500000 201.27292
OX637745.1 35500000 36000000 203.10293
OX637745.1 36000000 36500000 205.20869
OX637745.1 36500000 37000000 206.0
OX637745.1 37000000 37500000 206.00041
OX637745.1 37500000 38000000 206.0
OX637745.1 38000000 38500000 207.01973
OX637745.1 38500000 39000000 207.1921
OX637745.1 39000000 39500000 207.64258
OX637745.1 39500000 40000000 208.16599
OX637745.1 40000000 40500000 210.0
OX637745.1 40500000 41000000 210.0
OX637745.1 41000000 41500000 210.0
OX637745.1 41500000 42000000 210.00037
OX637745.1 42000000 42500000 210.22244
OX637745.1 42500000 43000000 211.0009
OX637745.1 43000000 43500000 211.0
OX637745.1 43500000 44000000 211.0
OX637745.1 44000000 44500000 211.00039
OX637745.1 44500000 45000000 212.27448
OX637745.1 45000000 45500000 213.09204
OX637745.1 45500000 46000000 214.00026
OX637745.1 46000000 46500000 214.0
OX637745.1 46500000 47000000 214.0
OX637745.1 47000000 47500000 214.94011
OX637745.1 47500000 48000000 215.98561
OX637745.1 48000000 48500000 216.0
OX637745.1 48500000 49000000 216.0
OX637745.1 49000000 49500000 216.0
OX637745.1 49500000 50000000 216.44402
OX637745.1 50000000 50500000 217.30297
OX637745.1 50500000 51000000 217.0
OX637745.1 51000000 51500000 217.0
OX637745.1 51500000 52000000 217.0
OX637745.1 52000000 52500000 217.0
OX637745.1 52500000 53000000 217.0
OX637745.1 53000000 53500000 217.75006
OX637745.1 53500000 54000000 218.60164
OX637745.1 54000000 54500000 220.35146
OX637745.1 54500000 55000000 221.0
OX637745.1 55000000 55500000 221.0
OX637745.1 55500000 56000000 221.0
OX637745.1 56000000 56500000 221.36501
OX637745.1 56500000 57000000 222.85832
OX637745.1 57000000 57500000 223.65535
OX637745.1 57500000 58000000 224.02571
OX637745.1 58000000 58500000 226.66077
OX637745.1 58500000 59000000 227.97479
OX637745.1 59000000 59500000 229.73092
OX637745.1 59500000 60000000 230.0
OX637745.1 60000000 60500000 230.0
OX637745.1 60500000 61000000 230.0
OX637745.1 61000000 61500000 230.62689
OX637745.1 61500000 62000000 231.0
OX637745.1 62000000 62500000 231.0
OX637745.1 62500000 63000000 231.0
OX637745.1 63000000 63500000 231.65582
OX637745.1 63500000 64000000 232.0011
OX637745.1 64000000 64500000 232.91371
OX637745.1 64500000 65000000 234.78837
OX637745.1 65000000 65500000 236.00016
OX637745.1 65500000 66000000 236.64507
OX637745.1 66000000 66500000 237.94887
OX637745.1 66500000 67000000 238.06346
OX637745.1 67000000 67500000 238.30418
OX637745.1 67500000 68000000 239.96859
OX637745.1 68000000 68500000 240.26764
OX637745.1 68500000 69000000 242.74259
OX637745.1 69000000 69500000 243.75427
OX637745.1 69500000 70000000 244.0
OX637745.1 70000000 70500000 244.37085
OX637745.1 70500000 71000000 245.1903
OX637745.1 71000000 71500000 246.00032
OX637745.1 71500000 72000000 246.11738
OX637745.1 72000000 72500000 247.0
OX637745.1 72500000 73000000 247.0
OX637745.1 73000000 73500000 247.92267
OX637745.1 73500000 74000000 248.0
OX637745.1 74000000 74500000 248.0
OX637745.1 74500000 75000000 248.0
OX637745.1 75000000 75500000 248.54134
OX637745.1 75500000 76000000 250.28964
OX637745.1 76000000 76500000 251.0
OX637745.1 76500000 77000000 251.07254
OX637745.1 77000000 77500000 252.0
OX637745.1 77500000 78000000 252.0
OX637745.1 78000000 78500000 252.00072
OX637745.1 78500000 79000000 252.00061
OX637745.1 79000000 79500000 252.0
OX637745.1 79500000 80000000 252.0
OX637745.1 80000000 80500000 252.08003
OX637745.1 80500000 81000000 251.95064
OX637745.1 81000000 81500000 252.31166
OX637745.1 81500000 82000000 253.0
OX637745.1 82000000 82500000 253.0
OX637745.1 82500000 83000000 253.0
OX637745.1 83000000 83500000 253.0
OX637745.1 83500000 84000000 253.44055
OX637745.1 84000000 84500000 254.35678
OX637745.1 84500000 85000000 255.0
OX637745.1 85000000 85500000 255.49441
OX637745.1 85500000 86000000 256.0
OX637745.1 86000000 86500000 256.00042
OX637745.1 86500000 87000000 256.09888
OX637745.1 87000000 87500000 256.00172
OX637745.1 87500000 88000000 256.00023
OX637745.1 88000000 88500000 256.0
OX637745.1 88500000 89000000 256.09079
OX637745.1 89000000 89500000 257.42023
OX637745.1 89500000 90000000 258.1251
OX637745.1 90000000 90500000 259.7642
OX637745.1 90500000 91000000 260.0
OX637745.1 91000000 91500000 260.00042
OX637745.1 91500000 92000000 260.11545
OX637745.1 92000000 92500000 260.45778
OX637745.1 92500000 93000000 261.0
OX637745.1 93000000 93500000 261.9747
OX637745.1 93500000 94000000 262.06645
OX637745.1 94000000 94500000 263.57367
OX637745.1 94500000 95000000 263.13782
OX637745.1 95000000 95500000 263.45929
OX637745.1 95500000 96000000 263.0
OX637745.1 96000000 96500000 263.98779
OX637745.1 96500000 97000000 266.15281
OX637745.1 97000000 97500000 267.46761
OX637745.1 97500000 98000000 267.6328
OX637745.1 98000000 98500000 268.0
OX637745.1 98500000 99000000 268.0
OX637745.1 99000000 99500000 267.72364
OX637745.1 99500000 100000000 267.0004
OX637745.1 100000000 100500000 267.72752
OX637745.1 100500000 101000000 267.00065
OX637745.1 101000000 101500000 267.0
OX637745.1 101500000 102000000 267.98685
OX637745.1 102000000 102500000 268.0
OX637745.1 102500000 103000000 268.00099
OX637745.1 103000000 103500000 268.00145
OX637745.1 103500000 104000000 267.45869
OX637745.1 104000000 104500000 266.15937
OX637745.1 104500000 105000000 266.0
OX637745.1 105000000 105500000 265.74149
OX637745.1 105500000 106000000 266.28541
OX637745.1 106000000 106500000 267.00072
OX637745.1 106500000 107000000 266.88008
OX637745.1 107000000 107500000 265.00022
OX637745.1 107500000 108000000 265.0
OX637745.1 108000000 108500000 265.00161
OX637745.1 108500000 109000000 265.0
OX637745.1 109000000 109500000 264.26288
OX637745.1 109500000 110000000 264.0
OX637745.1 110000000 110500000 264.26748
OX637745.1 110500000 111000000 265.0
OX637745.1 111000000 111500000 263.62399
OX637745.1 111500000 112000000 263.0
OX637745.1 112000000 112500000 263.0
OX637745.1 112500000 113000000 263.0
OX637745.1 113000000 113500000 263.0
OX637745.1 113500000 114000000 263.0
OX637745.1 114000000 114500000 263.0
OX637745.1 114500000 115000000 263.0
OX637745.1 115000000 115500000 263.0
OX637745.1 115500000 116000000 263.0
OX637745.1 116000000 116500000 263.0
OX637745.1 116500000 117000000 263.0
OX637745.1 117000000 117500000 263.00087
OX637745.1 117500000 118000000 263.00117
OX637745.1 118000000 118500000 263.0
OX637745.1 118500000 119000000 263.0
OX637745.1 119000000 119500000 263.0
OX637745.1 119500000 120000000 263.60104
OX637745.1 120000000 120500000 264.0
OX637745.1 120500000 121000000 264.0
OX637745.1 121000000 121500000 264.15334
OX637745.1 121500000 122000000 265.0
OX637745.1 122000000 122500000 265.00096
OX637745.1 122500000 123000000 266.96619
OX637745.1 123000000 123500000 268.0
OX637745.1 123500000 124000000 268.00024
OX637745.1 124000000 124500000 268.00196
OX637745.1 124500000 125000000 268.00019
OX637745.1 125000000 125500000 268.0
OX637745.1 125500000 126000000 267.62978
OX637745.1 126000000 126500000 267.0
OX637745.1 126500000 127000000 266.08211
OX637745.1 127000000 127500000 266.38475
OX637745.1 127500000 128000000 267.0
OX637745.1 128000000 128500000 266.30517
OX637745.1 128500000 129000000 266.0
OX637745.1 129000000 129500000 266.0
OX637745.1 129500000 130000000 266.46087
OX637745.1 130000000 130500000 267.3177
OX637745.1 130500000 131000000 268.0008
OX637745.1 131000000 131500000 268.50543
OX637745.1 131500000 132000000 269.27974
OX637745.1 132000000 132500000 270.0
OX637745.1 132500000 133000000 270.0
OX637745.1 133000000 133500000 270.0
OX637745.1 133500000 134000000 270.0
OX637745.1 134000000 134500000 269.43016
OX637745.1 134500000 135000000 269.0
OX637745.1 135000000 135500000 269.0
OX637745.1 135500000 136000000 269.0
OX637745.1 136000000 136500000 269.0
OX637745.1 136500000 137000000 269.0
OX637745.1 137000000 137500000 269.88451
OX637745.1 137500000 138000000 270.0012
OX637745.1 138000000 138500000 270.0
OX637745.1 138500000 139000000 270.0
OX637745.1 139000000 139500000 270.00043
OX637745.1 139500000 140000000 270.0
OX637745.1 140000000 140500000 270.81589
OX637745.1 140500000 141000000 271.5684
OX637745.1 141000000 141500000 272.0
OX637745.1 141500000 142000000 272.995
OX637745.1 142000000 142500000 273.0
OX637745.1 142500000 143000000 273.0
OX637745.1 143000000 143500000 273.0
OX637745.1 143500000 144000000 273.00099
OX637745.1 144000000 144500000 273.69878
OX637745.1 144500000 145000000 274.0
OX637745.1 145000000 145500000 274.0
OX637745.1 145500000 146000000 274.0
OX637745.1 146000000 146500000 274.0
OX637745.1 146500000 147000000 274.0
OX637745.1 147000000 147500000 274.0
OX637745.1 147500000 148000000 274.26437
OX637745.1 148000000 148500000 275.0
OX637745.1 148500000 149000000 275.0
OX637745.1 149000000 149500000 275.15966
OX637745.1 149500000 150000000 275.34235
OX637745.1 150000000 150500000 274.06848
OX637745.1 150500000 151000000 273.16458
OX637745.1 151000000 151500000 272.18574
OX637745.1 151500000 152000000 272.11231
OX637745.1 152000000 152500000 273.0
OX637745.1 152500000 153000000 273.0
OX637745.1 153000000 153500000 273.0
OX637745.1 153500000 154000000 273.00076
OX637745.1 154000000 154500000 272.72769
OX637745.1 154500000 155000000 272.0
OX637745.1 155000000 155500000 272.0
OX637745.1 155500000 156000000 272.0
OX637745.1 156000000 156500000 272.0
OX637745.1 156500000 157000000 272.0
OX637745.1 157000000 157500000 272.0
OX637745.1 157500000 158000000 272.32741
OX637745.1 158000000 158500000 273.0
OX637745.1 158500000 159000000 273.0
OX637745.1 159000000 159500000 273.0
OX637745.1 159500000 160000000 273.0
OX637745.1 160000000 160500000 273.00146
OX637745.1 160500000 161000000 273.2823
OX637745.1 161000000 161500000 274.0
OX637745.1 161500000 162000000 274.0
OX637745.1 162000000 162500000 273.38035
OX637745.1 162500000 163000000 272.20661
OX637745.1 163000000 163500000 272.0
OX637745.1 163500000 164000000 272.16401
OX637745.1 164000000 164500000 273.00022
OX637745.1 164500000 165000000 272.72721
OX637745.1 165000000 165500000 272.29465
OX637745.1 165500000 166000000 273.0
OX637745.1 166000000 166500000 273.0
OX637745.1 166500000 167000000 273.00094
OX637745.1 167000000 167500000 273.54562
OX637745.1 167500000 168000000 273.06455
OX637745.1 168000000 168500000 273.0
OX637745.1 168500000 169000000 273.0
OX637745.1 169000000 169500000 273.37154
OX637745.1 169500000 170000000 274.00021
OX637745.1 170000000 170500000 274.0
OX637745.1 170500000 171000000 273.89392
OX637745.1 171000000 171500000 273.0
OX637745.1 171500000 172000000 273.00114
OX637745.1 172000000 172500000 273.01513
OX637745.1 172500000 173000000 273.0
OX637745.1 173000000 173500000 273.0
OX637745.1 173500000 174000000 272.66932
OX637745.1 174000000 174500000 272.0
OX637745.1 174500000 175000000 272.0
OX637745.1 175000000 175500000 272.0
OX637745.1 175500000 176000000 272.0
OX637745.1 176000000 176500000 271.40897
OX637745.1 176500000 177000000 271.0
OX637745.1 177000000 177500000 271.0
OX637745.1 177500000 178000000 271.0
OX637745.1 178000000 178500000 271.0
OX637745.1 178500000 179000000 271.0
OX637745.1 179000000 179500000 271.0
OX637745.1 179500000 180000000 271.00018
OX637745.1 180000000 180500000 271.0
OX637745.1 180500000 181000000 271.0
OX637745.1 181000000 181500000 271.0
OX637745.1 181500000 182000000 270.03866
OX637745.1 182000000 182500000 270.0
OX637745.1 182500000 183000000 270.0
OX637745.1 183000000 183500000 270.0
OX637745.1 183500000 184000000 270.0
OX637745.1 184000000 184500000 270.0
OX637745.1 184500000 185000000 270.0
OX637745.1 185000000 185500000 270.0
OX637745.1 185500000 186000000 270.0
OX637745.1 186000000 186500000 270.0
OX637745.1 186500000 187000000 269.50341
OX637745.1 187000000 187500000 269.00017
OX637745.1 187500000 188000000 268.26943
OX637745.1 188000000 188500000 267.0
OX637745.1 188500000 189000000 267.0
OX637745.1 189000000 189500000 267.0
OX637745.1 189500000 190000000 267.0
OX637745.1 190000000 190500000 266.05171
OX637745.1 190500000 191000000 266.0007
OX637745.1 191000000 191500000 265.65342
OX637745.1 191500000 192000000 265.0
OX637745.1 192000000 192500000 265.0
OX637745.1 192500000 193000000 265.0
OX637745.1 193000000 193500000 264.78133
OX637745.1 193500000 194000000 264.0
OX637745.1 194000000 194500000 264.9269
OX637745.1 194500000 195000000 266.0
OX637745.1 195000000 195500000 266.0
OX637745.1 195500000 196000000 265.10726
OX637745.1 196000000 196500000 265.0
OX637745.1 196500000 197000000 264.45471
OX637745.1 197000000 197500000 264.0
OX637745.1 197500000 198000000 264.80618
OX637745.1 198000000 198500000 265.0
OX637745.1 198500000 199000000 264.1203
OX637745.1 199000000 199500000 264.0
OX637745.1 199500000 200000000 264.00057
OX637745.1 200000000 200500000 264.0
OX637745.1 200500000 201000000 264.0
OX637745.1 201000000 201500000 263.72073
OX637745.1 201500000 202000000 263.0
OX637745.1 202000000 202500000 262.45918
OX637745.1 202500000 203000000 261.0
OX637745.1 203000000 203500000 260.65109
OX637745.1 203500000 204000000 260.0
OX637745.1 204000000 204500000 260.0
OX637745.1 204500000 205000000 260.0
OX637745.1 205000000 205500000 260.0
OX637745.1 205500000 206000000 260.0
OX637745.1 206000000 206500000 260.89556
OX637745.1 206500000 207000000 261.0
OX637745.1 207000000 207500000 261.0
OX637745.1 207500000 208000000 261.0
OX637745.1 208000000 208500000 260.31254
OX637745.1 208500000 209000000 260.00047
OX637745.1 209000000 209500000 260.0
OX637745.1 209500000 210000000 260.0
OX637745.1 210000000 210500000 260.0
OX637745.1 210500000 211000000 260.95642
OX637745.1 211000000 211500000 261.0
OX637745.1 211500000 212000000 261.0
OX637745.1 212000000 212500000 261.0
OX637745.1 212500000 213000000 261.0
OX637745.1 213000000 213500000 261.00575
OX637745.1 213500000 214000000 261.0
OX637745.1 214000000 214500000 261.0
OX637745.1 214500000 215000000 261.0
OX637745.1 215000000 215500000 261.0
OX637745.1 215500000 216000000 261.0
OX637745.1 216000000 216500000 261.0
OX637745.1 216500000 217000000 261.0
OX637745.1 217000000 217500000 261.0
OX637745.1 217500000 218000000 260.30284
OX637745.1 218000000 218500000 260.0
OX637745.1 218500000 219000000 260.00066
OX637745.1 219000000 219500000 259.03398
OX637745.1 219500000 220000000 259.0
OX637745.1 220000000 220500000 259.00062
OX637745.1 220500000 221000000 259.0
OX637745.1 221000000 221500000 259.0
OX637745.1 221500000 222000000 259.0
OX637745.1 222000000 222500000 259.0
OX637745.1 222500000 223000000 259.0
OX637745.1 223000000 223500000 259.0
OX637745.1 223500000 224000000 259.0
OX637745.1 224000000 224500000 259.0
OX637745.1 224500000 225000000 259.0
OX637745.1 225000000 225500000 259.0
OX637745.1 225500000 226000000 259.0
OX637745.1 226000000 226500000 259.00039
OX637745.1 226500000 227000000 259.0
OX637745.1 227000000 227500000 259.0
OX637745.1 227500000 228000000 259.0
OX637745.1 228000000 228500000 259.15408
OX637745.1 228500000 229000000 260.0
OX637745.1 229000000 229500000 260.0
OX637745.1 229500000 230000000 260.0
OX637745.1 230000000 230500000 260.0
OX637745.1 230500000 231000000 260.0
OX637745.1 231000000 231500000 260.0
OX637745.1 231500000 232000000 260.66389
OX637745.1 232000000 232500000 262.0
OX637745.1 232500000 233000000 261.43936
OX637745.1 233000000 233500000 261.0
OX637745.1 233500000 234000000 261.0
OX637745.1 234000000 234500000 260.5433
OX637745.1 234500000 235000000 260.0
OX637745.1 235000000 235500000 259.03844
OX637745.1 235500000 236000000 259.0
OX637745.1 236000000 236500000 258.80073
OX637745.1 236500000 237000000 257.69728
OX637745.1 237000000 237500000 257.0
OX637745.1 237500000 238000000 257.0
OX637745.1 238000000 238500000 257.00064
OX637745.1 238500000 239000000 257.0
OX637745.1 239000000 239500000 257.00068
OX637745.1 239500000 240000000 257.0
OX637745.1 240000000 240500000 257.0
OX637745.1 240500000 241000000 257.0
OX637745.1 241000000 241500000 257.0
OX637745.1 241500000 242000000 257.0
OX637745.1 242000000 242500000 256.75796
OX637745.1 242500000 243000000 256.0
OX637745.1 243000000 243500000 256.0
OX637745.1 243500000 244000000 255.51402
OX637745.1 244000000 244500000 255.0
OX637745.1 244500000 245000000 255.0
OX637745.1 245000000 245500000 254.66949
OX637745.1 245500000 246000000 254.0
OX637745.1 246000000 246500000 254.0
OX637745.1 246500000 247000000 254.0
OX637745.1 247000000 247500000 254.0
OX637745.1 247500000 248000000 254.00097
OX637745.1 248000000 248500000 254.0
OX637745.1 248500000 249000000 254.0
OX637745.1 249000000 249500000 254.0
OX637745.1 249500000 250000000 254.0
OX637745.1 250000000 250500000 254.0
OX637745.1 250500000 251000000 254.0
OX637745.1 251000000 251500000 253.7939
OX637745.1 251500000 252000000 253.0
OX637745.1 252000000 252500000 253.0
OX637745.1 252500000 253000000 253.0
OX637745.1 253000000 253500000 253.0
OX637745.1 253500000 254000000 253.0
OX637745.1 254000000 254500000 253.0
OX637745.1 254500000 255000000 253.0
OX637745.1 255000000 255500000 253.0
OX637745.1 255500000 256000000 253.0
OX637745.1 256000000 256500000 253.0
OX637745.1 256500000 257000000 253.0
OX637745.1 257000000 257500000 253.0
OX637745.1 257500000 258000000 253.0
OX637745.1 258000000 258500000 253.0
OX637745.1 258500000 259000000 253.0
OX637745.1 259000000 259500000 253.0
OX637745.1 259500000 260000000 253.0
OX637745.1 260000000 260500000 253.0
OX637745.1 260500000 261000000 253.0
OX637745.1 261000000 261500000 252.01327
OX637745.1 261500000 262000000 252.14309
OX637745.1 262000000 262500000 253.0
OX637745.1 262500000 263000000 253.0
OX637745.1 263000000 263500000 253.0
OX637745.1 263500000 264000000 253.37475
OX637745.1 264000000 264500000 253.45117
OX637745.1 264500000 265000000 254.0
OX637745.1 265000000 265500000 254.0
OX637745.1 265500000 266000000 254.0
OX637745.1 266000000 266500000 254.0
OX637745.1 266500000 267000000 254.0
OX637745.1 267000000 267500000 254.00026
OX637745.1 267500000 268000000 254.0
OX637745.1 268000000 268500000 254.0
OX637745.1 268500000 269000000 254.0
OX637745.1 269000000 269500000 254.0
OX637745.1 269500000 270000000 254.0
OX637745.1 270000000 270500000 254.0
OX637745.1 270500000 271000000 254.0
OX637745.1 271000000 271500000 253.72739
OX637745.1 271500000 272000000 253.0
OX637745.1 272000000 272500000 253.0
OX637745.1 272500000 273000000 253.0
OX637745.1 273000000 273500000 253.0
OX637745.1 273500000 274000000 253.0
OX637745.1 274000000 274500000 253.0
OX637745.1 274500000 275000000 253.0
OX637745.1 275000000 275500000 253.0
OX637745.1 275500000 276000000 253.0
OX637745.1 276000000 276500000 253.0
OX637745.1 276500000 277000000 253.0
OX637745.1 277000000 277500000 253.0
OX637745.1 277500000 278000000 253.0
OX637745.1 278000000 278500000 253.0
OX637745.1 278500000 279000000 253.0
OX637745.1 279000000 279500000 253.0
OX637745.1 279500000 280000000 253.0
OX637745.1 280000000 280500000 253.0
OX637745.1 280500000 281000000 253.0
OX637745.1 281000000 281500000 253.0
OX637745.1 281500000 282000000 252.86867
OX637745.1 282000000 282500000 252.0
OX637745.1 282500000 283000000 252.0
OX637745.1 283000000 283500000 252.00048
OX637745.1 283500000 284000000 252.0
OX637745.1 284000000 284500000 252.0
OX637745.1 284500000 285000000 252.0
OX637745.1 285000000 285500000 252.0
OX637745.1 285500000 286000000 252.0
OX637745.1 286000000 286500000 252.0
OX637745.1 286500000 287000000 252.0
OX637745.1 287000000 287500000 252.0
OX637745.1 287500000 288000000 252.0
OX637745.1 288000000 288500000 252.0
OX637745.1 288500000 289000000 252.0
OX637745.1 289000000 289500000 252.0
OX637745.1 289500000 290000000 252.0
OX637745.1 290000000 290500000 252.0
OX637745.1 290500000 291000000 252.0
OX637745.1 291000000 291500000 252.0
OX637745.1 291500000 292000000 252.0
OX637745.1 292000000 292500000 252.0
OX637745.1 292500000 293000000 252.0
OX637745.1 293000000 293500000 252.0
OX637745.1 293500000 294000000 252.00035
OX637745.1 294000000 294500000 252.00036
OX637745.1 294500000 295000000 252.0
OX637745.1 295000000 295500000 252.0
OX637745.1 295500000 296000000 252.0
OX637745.1 296000000 296500000 251.47712
OX637745.1 296500000 297000000 251.00062
OX637745.1 297000000 297500000 251.0
OX637745.1 297500000 298000000 251.0
OX637745.1 298000000 298500000 251.0
OX637745.1 298500000 299000000 251.0
OX637745.1 299000000 299500000 251.0
OX637745.1 299500000 300000000 251.0
OX637745.1 300000000 300500000 251.61226
OX637745.1 300500000 301000000 250.22649
OX637745.1 301000000 301500000 249.97928
OX637745.1 301500000 302000000 249.0
OX637745.1 302000000 302500000 248.15283
OX637745.1 302500000 303000000 248.0
OX637745.1 303000000 303500000 248.0
OX637745.1 303500000 304000000 248.0
OX637745.1 304000000 304500000 248.00098
OX637745.1 304500000 305000000 248.0
OX637745.1 305000000 305500000 248.0
OX637745.1 305500000 306000000 248.0
OX637745.1 306000000 306500000 248.0
OX637745.1 306500000 307000000 248.0
OX637745.1 307000000 307500000 248.0
OX637745.1 307500000 308000000 248.0
OX637745.1 308000000 308500000 248.0
OX637745.1 308500000 309000000 247.34402
OX637745.1 309000000 309500000 247.0
OX637745.1 309500000 310000000 247.0
OX637745.1 310000000 310500000 247.0
OX637745.1 310500000 311000000 247.0
OX637745.1 311000000 311500000 246.78227
OX637745.1 311500000 312000000 246.00115
OX637745.1 312000000 312500000 246.0
OX637745.1 312500000 313000000 246.0
OX637745.1 313000000 313500000 246.0
OX637745.1 313500000 314000000 246.0
OX637745.1 314000000 314500000 246.0
OX637745.1 314500000 315000000 246.0
OX637745.1 315000000 315500000 246.00116
OX637745.1 315500000 316000000 246.0
OX637745.1 316000000 316500000 246.0
OX637745.1 316500000 317000000 246.0
OX637745.1 317000000 317500000 246.0
OX637745.1 317500000 318000000 246.0
OX637745.1 318000000 318500000 246.0
OX637745.1 318500000 319000000 246.0
OX637745.1 319000000 319500000 246.0
OX637745.1 319500000 320000000 246.0
OX637745.1 320000000 320500000 246.0
OX637745.1 320500000 321000000 246.0
OX637745.1 321000000 321500000 246.0
OX637745.1 321500000 322000000 245.18575
OX637745.1 322000000 322500000 245.0
OX637745.1 322500000 323000000 245.0
OX637745.1 323000000 323500000 245.00077
OX637745.1 323500000 324000000 245.0
OX637745.1 324000000 324500000 245.0
OX637745.1 324500000 325000000 245.0
OX637745.1 325000000 325500000 245.0
OX637745.1 325500000 326000000 245.0
OX637745.1 326000000 326500000 245.0
OX637745.1 326500000 327000000 245.0
OX637745.1 327000000 327500000 245.0
OX637745.1 327500000 328000000 244.85753
OX637745.1 328000000 328500000 243.76099
OX637745.1 328500000 329000000 243.0
OX637745.1 329000000 329500000 242.11514
OX637745.1 329500000 330000000 241.0158
OX637745.1 330000000 330500000 241.0
OX637745.1 330500000 331000000 241.0
OX637745.1 331000000 331500000 241.0
OX637745.1 331500000 332000000 241.0
OX637745.1 332000000 332500000 241.0
OX637745.1 332500000 333000000 241.0
OX637745.1 333000000 333500000 241.0
OX637745.1 333500000 334000000 241.0
OX637745.1 334000000 334500000 241.0
OX637745.1 334500000 335000000 241.0
OX637745.1 335000000 335500000 241.0
OX637745.1 335500000 336000000 241.0
OX637745.1 336000000 336500000 241.0
OX637745.1 336500000 337000000 241.0
OX637745.1 337000000 337500000 241.0
OX637745.1 337500000 338000000 241.0
OX637745.1 338000000 338500000 241.0
OX637745.1 338500000 339000000 238.28961
OX637745.1 339000000 339500000 238.0
OX637745.1 339500000 340000000 238.0
OX637745.1 340000000 340500000 238.0
OX637745.1 340500000 341000000 238.0
OX637745.1 341000000 341500000 237.80926
OX637745.1 341500000 342000000 237.0
OX637745.1 342000000 342500000 237.0
OX637745.1 342500000 343000000 237.0
OX637745.1 343000000 343500000 237.0
OX637745.1 343500000 344000000 237.0
OX637745.1 344000000 344500000 237.0
OX637745.1 344500000 345000000 237.0
OX637745.1 345000000 345500000 237.0
OX637745.1 345500000 346000000 237.0
OX637745.1 346000000 346500000 237.0
OX637745.1 346500000 347000000 237.0
OX637745.1 347000000 347500000 237.0
OX637745.1 347500000 348000000 237.0
OX637745.1 348000000 348500000 237.00017
OX637745.1 348500000 349000000 237.0
OX637745.1 349000000 349500000 237.0
OX637745.1 349500000 350000000 237.25249
OX637745.1 350000000 350500000 238.0
OX637745.1 350500000 351000000 238.0
OX637745.1 351000000 351500000 238.0
OX637745.1 351500000 352000000 237.81322
OX637745.1 352000000 352500000 237.00065
OX637745.1 352500000 353000000 237.0
OX637745.1 353000000 353500000 237.0
OX637745.1 353500000 354000000 237.0
OX637745.1 354000000 354500000 237.0
OX637745.1 354500000 355000000 237.0
OX637745.1 355000000 355500000 237.0
OX637745.1 355500000 356000000 237.0
OX637745.1 356000000 356500000 237.0
OX637745.1 356500000 357000000 237.0
OX637745.1 357000000 357500000 237.0
OX637745.1 357500000 358000000 237.0
OX637745.1 358000000 358500000 237.0
OX637745.1 358500000 359000000 237.0
OX637745.1 359000000 359500000 236.63133
OX637745.1 359500000 360000000 236.0
OX637745.1 360000000 360500000 236.0
OX637745.1 360500000 361000000 236.0
OX637745.1 361000000 361500000 236.0
OX637745.1 361500000 362000000 236.0
OX637745.1 362000000 362500000 235.87324
OX637745.1 362500000 363000000 235.0
OX637745.1 363000000 363500000 235.11827
OX637745.1 363500000 364000000 236.0
OX637745.1 364000000 364500000 236.0
OX637745.1 364500000 365000000 236.0
OX637745.1 365000000 365500000 235.45939
OX637745.1 365500000 366000000 235.0
OX637745.1 366000000 366500000 235.00057
OX637745.1 366500000 367000000 235.0
OX637745.1 367000000 367500000 235.00086
OX637745.1 367500000 368000000 234.86663
OX637745.1 368000000 368500000 234.00039
OX637745.1 368500000 369000000 234.0
OX637745.1 369000000 369500000 234.0
OX637745.1 369500000 370000000 234.0
OX637745.1 370000000 370500000 233.69255
OX637745.1 370500000 371000000 230.93739
OX637745.1 371000000 371500000 230.0
OX637745.1 371500000 372000000 230.0
OX637745.1 372000000 372500000 230.0
OX637745.1 372500000 373000000 230.0
OX637745.1 373000000 373500000 230.0
OX637745.1 373500000 374000000 229.64472
OX637745.1 374000000 374500000 229.00064
OX637745.1 374500000 375000000 228.01069
OX637745.1 375000000 375500000 228.0
OX637745.1 375500000 376000000 227.78891
OX637745.1 376000000 376500000 227.0
OX637745.1 376500000 377000000 227.0
OX637745.1 377000000 377500000 226.41887
OX637745.1 377500000 378000000 225.0
OX637745.1 378000000 378500000 224.58267
OX637745.1 378500000 379000000 224.0
OX637745.1 379000000 379500000 223.99956
OX637745.1 379500000 380000000 223.0
OX637745.1 380000000 380500000 223.0
OX637745.1 380500000 381000000 223.0
OX637745.1 381000000 381500000 223.0
OX637745.1 381500000 382000000 223.0
OX637745.1 382000000 382500000 223.0
OX637745.1 382500000 383000000 223.0
OX637745.1 383000000 383500000 223.0
OX637745.1 383500000 384000000 223.0
OX637745.1 384000000 384500000 222.72066
OX637745.1 384500000 385000000 222.0
OX637745.1 385000000 385500000 222.0
OX637745.1 385500000 386000000 221.55882
OX637745.1 386000000 386500000 221.0
OX637745.1 386500000 387000000 221.0
OX637745.1 387000000 387500000 221.0
OX637745.1 387500000 388000000 220.33541
OX637745.1 388000000 388500000 220.0
OX637745.1 388500000 389000000 220.0
OX637745.1 389000000 389500000 220.0
OX637745.1 389500000 390000000 219.57886
OX637745.1 390000000 390500000 219.0
OX637745.1 390500000 391000000 219.0
OX637745.1 391000000 391500000 219.0
OX637745.1 391500000 392000000 219.0
OX637745.1 392000000 392500000 219.0
OX637745.1 392500000 393000000 219.0
OX637745.1 393000000 393500000 219.0
OX637745.1 393500000 394000000 219.0
OX637745.1 394000000 394500000 219.0
OX637745.1 394500000 395000000 219.0
OX637745.1 395000000 395500000 219.0
OX637745.1 395500000 396000000 219.00106
OX637745.1 396000000 396500000 218.0993
OX637745.1 396500000 397000000 216.40763
OX637745.1 397000000 397500000 216.0
OX637745.1 397500000 398000000 216.0
OX637745.1 398000000 398500000 216.0
OX637745.1 398500000 399000000 216.0
OX637745.1 399000000 399500000 216.0
OX637745.1 399500000 400000000 216.0
OX637745.1 400000000 400500000 216.0
OX637745.1 400500000 401000000 216.0
OX637745.1 401000000 401500000 216.0
OX637745.1 401500000 402000000 216.0
OX637745.1 402000000 402500000 215.19342
OX637745.1 402500000 403000000 215.0
OX637745.1 403000000 403500000 215.0
OX637745.1 403500000 404000000 213.68646
OX637745.1 404000000 404500000 212.0554
OX637745.1 404500000 405000000 210.57628
OX637745.1 405000000 405500000 210.00018
OX637745.1 405500000 406000000 210.0
OX637745.1 406000000 406500000 210.0
OX637745.1 406500000 407000000 208.86966
OX637745.1 407000000 407500000 207.01902
OX637745.1 407500000 408000000 207.0
OX637745.1 408000000 408500000 207.0
OX637745.1 408500000 409000000 206.40545
OX637745.1 409000000 409500000 206.0
OX637745.1 409500000 410000000 206.0
OX637745.1 410000000 410500000 205.68511
OX637745.1 410500000 411000000 203.32761
OX637745.1 411000000 411500000 203.0
OX637745.1 411500000 412000000 203.0
OX637745.1 412000000 412500000 203.0
OX637745.1 412500000 413000000 203.0
OX637745.1 413000000 413500000 203.0
OX637745.1 413500000 414000000 203.0
OX637745.1 414000000 414500000 203.0
OX637745.1 414500000 415000000 203.0
OX637745.1 415000000 415500000 202.53266
OX637745.1 415500000 416000000 201.0015
OX637745.1 416000000 416500000 201.0
OX637745.1 416500000 417000000 200.41145
OX637745.1 417000000 417500000 200.0
OX637745.1 417500000 418000000 199.63977
OX637745.1 418000000 418500000 198.83514
OX637745.1 418500000 419000000 198.0
OX637745.1 419000000 419500000 197.79876
OX637745.1 419500000 420000000 197.0
OX637745.1 420000000 420500000 197.0
OX637745.1 420500000 421000000 197.0
OX637745.1 421000000 421500000 196.28626
OX637745.1 421500000 422000000 195.0
OX637745.1 422000000 422500000 195.0
OX637745.1 422500000 423000000 195.0
OX637745.1 423000000 423500000 195.0
OX637745.1 423500000 424000000 195.0
OX637745.1 424000000 424500000 195.0
OX637745.1 424500000 425000000 195.0
OX637745.1 425000000 425500000 195.0
OX637745.1 425500000 426000000 194.71725
OX637745.1 426000000 426500000 194.0
OX637745.1 426500000 427000000 194.0
OX637745.1 427000000 427500000 193.51744
OX637745.1 427500000 428000000 193.0
OX637745.1 428000000 428500000 192.2548
OX637745.1 428500000 429000000 191.0267
OX637745.1 429000000 429500000 191.0
OX637745.1 429500000 430000000 190.02457
OX637745.1 430000000 430500000 189.16612
OX637745.1 430500000 431000000 187.81505
OX637745.1 431000000 431500000 186.20305
OX637745.1 431500000 432000000 186.0
OX637745.1 432000000 432500000 186.0
OX637745.1 432500000 433000000 185.31282
OX637745.1 433000000 433500000 184.40774
OX637745.1 433500000 434000000 184.0
OX637745.1 434000000 434500000 183.23441
OX637745.1 434500000 435000000 182.0
OX637745.1 435000000 435500000 181.48124
OX637745.1 435500000 436000000 181.0
OX637745.1 436000000 436500000 179.58427
OX637745.1 436500000 437000000 177.98726
OX637745.1 437000000 437500000 177.0
OX637745.1 437500000 438000000 177.0
OX637745.1 438000000 438500000 177.0
OX637745.1 438500000 439000000 176.37746
OX637745.1 439000000 439500000 176.0
OX637745.1 439500000 440000000 174.92665
OX637745.1 440000000 440500000 174.0
OX637745.1 440500000 441000000 173.8976
OX637745.1 441000000 441500000 173.0
OX637745.1 441500000 442000000 173.0
OX637745.1 442000000 442500000 172.89289
OX637745.1 442500000 443000000 171.20225
OX637745.1 443000000 443500000 168.53824
OX637745.1 443500000 444000000 167.94085
OX637745.1 444000000 444500000 167.0
OX637745.1 444500000 445000000 167.0
OX637745.1 445000000 445500000 166.90012
OX637745.1 445500000 446000000 165.10363
OX637745.1 446000000 446500000 165.0
OX637745.1 446500000 447000000 165.0
OX637745.1 447000000 447500000 165.0
OX637745.1 447500000 448000000 164.26307
OX637745.1 448000000 448500000 163.31769
OX637745.1 448500000 449000000 163.00198
OX637745.1 449000000 449500000 162.95839
OX637745.1 449500000 450000000 162.0
OX637745.1 450000000 450500000 162.0
OX637745.1 450500000 451000000 162.0
OX637745.1 451000000 451500000 162.0
OX637745.1 451500000 452000000 161.15742
OX637745.1 452000000 452500000 160.501
OX637745.1 452500000 453000000 159.0
OX637745.1 453000000 453500000 159.00334
OX637745.1 453500000 454000000 159.0
OX637745.1 454000000 454500000 159.0
OX637745.1 454500000 455000000 157.74737
OX637745.1 455000000 455500000 155.17569
OX637745.1 455500000 456000000 155.00118
OX637745.1 456000000 456500000 155.0
OX637745.1 456500000 457000000 155.0
OX637745.1 457000000 457500000 155.0
OX637745.1 457500000 458000000 153.40959
OX637745.1 458000000 458500000 151.88914
OX637745.1 458500000 459000000 149.3701
OX637745.1 459000000 459500000 148.3389
OX637745.1 459500000 460000000 146.95543
OX637745.1 460000000 460500000 146.0
OX637745.1 460500000 461000000 145.39955
OX637745.1 461000000 461500000 143.97663
OX637745.1 461500000 462000000 141.57023
OX637745.1 462000000 462500000 139.21915
OX637745.1 462500000 463000000 138.32128
OX637745.1 463000000 463500000 135.20222
OX637745.1 463500000 464000000 134.298
OX637745.1 464000000 464500000 132.98162
OX637745.1 464500000 465000000 129.15246
OX637745.1 465000000 465500000 128.0
OX637745.1 465500000 466000000 128.0
OX637745.1 466000000 466500000 126.84261
OX637745.1 466500000 467000000 125.23371
OX637745.1 467000000 467500000 124.2025
OX637745.1 467500000 468000000 121.53739
OX637745.1 468000000 468500000 119.0
OX637745.1 468500000 469000000 119.00116
OX637745.1 469000000 469500000 117.08855
OX637745.1 469500000 470000000 114.82302
OX637745.1 470000000 470500000 111.26795
OX637745.1 470500000 471000000 106.65876
OX637745.1 471000000 471500000 104.05149
OX637745.1 471500000 472000000 103.1045
OX637745.1 472000000 472500000 102.71532
OX637745.1 472500000 473000000 101.0
OX637745.1 473000000 473500000 100.50247
OX637745.1 473500000 474000000 97.92267
OX637745.1 474000000 474500000 95.0
OX637745.1 474500000 475000000 95.0
OX637745.1 475000000 475500000 93.56736
OX637745.1 475500000 476000000 91.13017
OX637745.1 476000000 476500000 85.12845
OX637745.1 476500000 477000000 78.84706
OX637745.1 477000000 477500000 74.08007
OX637745.1 477500000 478000000 71.41467
OX637745.1 478000000 478500000 65.74368
OX637745.1 478500000 479000000 60.96998
OX637745.1 479000000 479500000 48.43738
OX637745.1 479500000 480000000 39.27831
OX637745.1 480000000 480500000 32.53007
OX637745.1 480500000 481000000 26.21491
OX637745.1 481000000 481500000 21.23243
OX637745.1 481500000 482000000 17.77745
OX637745.1 482000000 482500000 7.79853
OX637745.1 482500000 483000000 5.86616
OX637745.1 483000000 483500000 2.26447
OX637745.1 483500000 484000000 0.13944
OX637745.1 484000000 484500000 0.0
OX637745.1 484500000 485000000 0.0
OX637745.1 485000000 485490313 0.0
OX637752.1 0 500000 0.0
OX637752.1 500000 1000000 0.0
OX637752.1 1000000 1500000 0.36958
OX637752.1 1500000 2000000 3.14945
OX637752.1 2000000 2500000 11.93853
OX637752.1 2500000 3000000 15.11321
OX637752.1 3000000 3500000 17.60872
OX637752.1 3500000 4000000 24.73205
OX637752.1 4000000 4500000 35.92768
OX637752.1 4500000 5000000 47.30321
OX637752.1 5000000 5500000 54.59795
OX637752.1 5500000 6000000 60.48031
OX637752.1 6000000 6500000 68.07192
OX637752.1 6500000 7000000 76.8073
OX637752.1 7000000 7500000 85.00384
OX637752.1 7500000 8000000 90.32855
OX637752.1 8000000 8500000 99.37724
OX637752.1 8500000 9000000 101.0
OX637752.1 9000000 9500000 103.63306
OX637752.1 9500000 10000000 105.0
OX637752.1 10000000 10500000 108.83895
OX637752.1 10500000 11000000 117.77967
OX637752.1 11000000 11500000 124.87525
OX637752.1 11500000 12000000 128.21529
OX637752.1 12000000 12500000 132.09075
OX637752.1 12500000 13000000 133.0
OX637752.1 13000000 13500000 133.34501
OX637752.1 13500000 14000000 136.31031
OX637752.1 14000000 14500000 140.0
OX637752.1 14500000 15000000 140.0
OX637752.1 15000000 15500000 140.0
OX637752.1 15500000 16000000 140.0
OX637752.1 16000000 16500000 140.0
OX637752.1 16500000 17000000 140.0
OX637752.1 17000000 17500000 140.0
OX637752.1 17500000 18000000 140.0
OX637752.1 18000000 18500000 141.018
OX637752.1 18500000 19000000 141.80023
OX637752.1 19000000 19500000 141.0
OX637752.1 19500000 20000000 145.11054
OX637752.1 20000000 20500000 154.36489
OX637752.1 20500000 21000000 160.6104
OX637752.1 21000000 21500000 163.57509
OX637752.1 21500000 22000000 168.67317
OX637752.1 22000000 22500000 179.69542
OX637752.1 22500000 23000000 184.84093
OX637752.1 23000000 23500000 187.43593
OX637752.1 23500000 24000000 189.88243
OX637752.1 24000000 24500000 194.21602
OX637752.1 24500000 25000000 200.57068
OX637752.1 25000000 25500000 202.27935
OX637752.1 25500000 26000000 205.98976
OX637752.1 26000000 26500000 212.62091
OX637752.1 26500000 27000000 219.45173
OX637752.1 27000000 27500000 224.35657
OX637752.1 27500000 28000000 229.80161
OX637752.1 28000000 28500000 233.21205
OX637752.1 28500000 29000000 235.00131
OX637752.1 29000000 29500000 239.48976
OX637752.1 29500000 30000000 241.41929
OX637752.1 30000000 30500000 245.15783
OX637752.1 30500000 31000000 248.77427
OX637752.1 31000000 31500000 251.92032
OX637752.1 31500000 32000000 255.39863
OX637752.1 32000000 32500000 262.50399
OX637752.1 32500000 33000000 266.80824
OX637752.1 33000000 33500000 270.21343
OX637752.1 33500000 34000000 272.00375
OX637752.1 34000000 34500000 278.16141
OX637752.1 34500000 35000000 279.55803
OX637752.1 35000000 35500000 283.49934
OX637752.1 35500000 36000000 285.11923
OX637752.1 36000000 36500000 286.03694
OX637752.1 36500000 37000000 287.52185
OX637752.1 37000000 37500000 288.96661
OX637752.1 37500000 38000000 289.19759
OX637752.1 38000000 38500000 290.80837
OX637752.1 38500000 39000000 292.48343
OX637752.1 39000000 39500000 293.00041
OX637752.1 39500000 40000000 293.66838
OX637752.1 40000000 40500000 294.54669
OX637752.1 40500000 41000000 297.07172
OX637752.1 41000000 41500000 299.0
OX637752.1 41500000 42000000 299.70448
OX637752.1 42000000 42500000 301.0
OX637752.1 42500000 43000000 302.63778
OX637752.1 43000000 43500000 304.48594
OX637752.1 43500000 44000000 307.59779
OX637752.1 44000000 44500000 308.86083
OX637752.1 44500000 45000000 310.77956
OX637752.1 45000000 45500000 312.68624
OX637752.1 45500000 46000000 312.99051
OX637752.1 46000000 46500000 312.66206
OX637752.1 46500000 47000000 313.43379
OX637752.1 47000000 47500000 314.93346
OX637752.1 47500000 48000000 316.00056
OX637752.1 48000000 48500000 316.00083
OX637752.1 48500000 49000000 316.8607
OX637752.1 49000000 49500000 318.30205
OX637752.1 49500000 50000000 319.65959
OX637752.1 50000000 50500000 321.0
OX637752.1 50500000 51000000 321.9229
OX637752.1 51000000 51500000 326.47504
OX637752.1 51500000 52000000 328.0
OX637752.1 52000000 52500000 328.0
OX637752.1 52500000 53000000 328.5281
OX637752.1 53000000 53500000 329.0
OX637752.1 53500000 54000000 329.04403
OX637752.1 54000000 54500000 330.93949
OX637752.1 54500000 55000000 331.00023
OX637752.1 55000000 55500000 331.72729
OX637752.1 55500000 56000000 333.56075
OX637752.1 56000000 56500000 334.86411
OX637752.1 56500000 57000000 336.78821
OX637752.1 57000000 57500000 338.27973
OX637752.1 57500000 58000000 339.0
OX637752.1 58000000 58500000 339.00034
OX637752.1 58500000 59000000 339.92771
OX637752.1 59000000 59500000 341.00072
OX637752.1 59500000 60000000 341.24988
OX637752.1 60000000 60500000 342.32825
OX637752.1 60500000 61000000 344.00057
OX637752.1 61000000 61500000 344.69509
OX637752.1 61500000 62000000 345.93792
OX637752.1 62000000 62500000 347.80105
OX637752.1 62500000 63000000 348.0
OX637752.1 63000000 63500000 349.19987
OX637752.1 63500000 64000000 351.0866
OX637752.1 64000000 64500000 352.0
OX637752.1 64500000 65000000 352.0637
OX637752.1 65000000 65500000 353.0
OX637752.1 65500000 66000000 353.8118
OX637752.1 66000000 66500000 354.0
OX637752.1 66500000 67000000 354.57968
OX637752.1 67000000 67500000 356.0
OX637752.1 67500000 68000000 356.53726
OX637752.1 68000000 68500000 358.0
OX637752.1 68500000 69000000 358.44983
OX637752.1 69000000 69500000 359.00084
OX637752.1 69500000 70000000 359.0
OX637752.1 70000000 70500000 359.86491
OX637752.1 70500000 71000000 360.96094
OX637752.1 71000000 71500000 361.0
OX637752.1 71500000 72000000 361.93906
OX637752.1 72000000 72500000 364.51126
OX637752.1 72500000 73000000 365.87822
OX637752.1 73000000 73500000 367.0
OX637752.1 73500000 74000000 367.0
OX637752.1 74000000 74500000 367.00034
OX637752.1 74500000 75000000 367.00046
OX637752.1 75000000 75500000 367.43482
OX637752.1 75500000 76000000 368.0
OX637752.1 76000000 76500000 368.0
OX637752.1 76500000 77000000 368.0
OX637752.1 77000000 77500000 368.0
OX637752.1 77500000 78000000 368.0
OX637752.1 78000000 78500000 368.50332
OX637752.1 78500000 79000000 369.0
OX637752.1 79000000 79500000 369.0
OX637752.1 79500000 80000000 369.03908
OX637752.1 80000000 80500000 370.0
OX637752.1 80500000 81000000 370.00051
OX637752.1 81000000 81500000 370.46812
OX637752.1 81500000 82000000 370.93145
OX637752.1 82000000 82500000 370.0
OX637752.1 82500000 83000000 370.21674
OX637752.1 83000000 83500000 371.00027
OX637752.1 83500000 84000000 371.0
OX637752.1 84000000 84500000 371.0
OX637752.1 84500000 85000000 371.00042
OX637752.1 85000000 85500000 371.2167
OX637752.1 85500000 86000000 371.38326
OX637752.1 86000000 86500000 371.16564
OX637752.1 86500000 87000000 371.0
OX637752.1 87000000 87500000 372.6663
OX637752.1 87500000 88000000 373.0
OX637752.1 88000000 88500000 373.0
OX637752.1 88500000 89000000 374.42785
OX637752.1 89000000 89500000 375.31618
OX637752.1 89500000 90000000 375.0
OX637752.1 90000000 90500000 375.00034
OX637752.1 90500000 91000000 374.95886
OX637752.1 91000000 91500000 375.0
OX637752.1 91500000 92000000 375.0
OX637752.1 92000000 92500000 375.2827
OX637752.1 92500000 93000000 376.75776
OX637752.1 93000000 93500000 377.0
OX637752.1 93500000 94000000 377.0
OX637752.1 94000000 94500000 377.0
OX637752.1 94500000 95000000 377.38364
OX637752.1 95000000 95500000 378.00022
OX637752.1 95500000 96000000 378.0
OX637752.1 96000000 96500000 378.0
OX637752.1 96500000 97000000 378.84461
OX637752.1 97000000 97500000 379.76023
OX637752.1 97500000 98000000 380.66099
OX637752.1 98000000 98500000 381.0
OX637752.1 98500000 99000000 381.0
OX637752.1 99000000 99500000 381.11439
OX637752.1 99500000 100000000 382.82894
OX637752.1 100000000 100500000 383.0
OX637752.1 100500000 101000000 383.0
OX637752.1 101000000 101500000 383.0
OX637752.1 101500000 102000000 383.234
OX637752.1 102000000 102500000 385.0
OX637752.1 102500000 103000000 385.0
OX637752.1 103000000 103500000 385.98107
OX637752.1 103500000 104000000 386.22125
OX637752.1 104000000 104500000 386.0
OX637752.1 104500000 105000000 385.49753
OX637752.1 105000000 105500000 385.00075
OX637752.1 105500000 106000000 385.01531
OX637752.1 106000000 106500000 386.00016
OX637752.1 106500000 107000000 386.0
OX637752.1 107000000 107500000 387.09646
OX637752.1 107500000 108000000 388.0
OX637752.1 108000000 108500000 388.0006
OX637752.1 108500000 109000000 388.92802
OX637752.1 109000000 109500000 388.01695
OX637752.1 109500000 110000000 388.19196
OX637752.1 110000000 110500000 389.76219
OX637752.1 110500000 111000000 390.01356
OX637752.1 111000000 111500000 390.0
OX637752.1 111500000 112000000 390.0
OX637752.1 112000000 112500000 389.77879
OX637752.1 112500000 113000000 390.88057
OX637752.1 113000000 113500000 392.0
OX637752.1 113500000 114000000 392.0
OX637752.1 114000000 114500000 392.0
OX637752.1 114500000 115000000 392.02092
OX637752.1 115000000 115500000 392.76871
OX637752.1 115500000 116000000 393.00033
OX637752.1 116000000 116500000 393.0
OX637752.1 116500000 117000000 393.32931
OX637752.1 117000000 117500000 394.0
OX637752.1 117500000 118000000 394.0
OX637752.1 118000000 118500000 394.13505
OX637752.1 118500000 119000000 395.0
OX637752.1 119000000 119500000 395.0
OX637752.1 119500000 120000000 395.39139
OX637752.1 120000000 120500000 396.96368
OX637752.1 120500000 121000000 397.13878
OX637752.1 121000000 121500000 397.05569
OX637752.1 121500000 122000000 399.00181
OX637752.1 122000000 122500000 399.0
OX637752.1 122500000 123000000 399.0
OX637752.1 123000000 123500000 399.33564
OX637752.1 123500000 124000000 400.0
OX637752.1 124000000 124500000 400.00024
OX637752.1 124500000 125000000 400.00018
OX637752.1 125000000 125500000 400.0
OX637752.1 125500000 126000000 400.44097
OX637752.1 126000000 126500000 401.0
OX637752.1 126500000 127000000 401.0
OX637752.1 127000000 127500000 400.01937
OX637752.1 127500000 128000000 400.0
OX637752.1 128000000 128500000 400.0
OX637752.1 128500000 129000000 400.0
OX637752.1 129000000 129500000 400.0
OX637752.1 129500000 130000000 400.0
OX637752.1 130000000 130500000 400.0
OX637752.1 130500000 131000000 400.0
OX637752.1 131000000 131500000 400.0
OX637752.1 131500000 132000000 400.00075
OX637752.1 132000000 132500000 400.10267
OX637752.1 132500000 133000000 400.0
OX637752.1 133000000 133500000 400.0
OX637752.1 133500000 134000000 400.39806
OX637752.1 134000000 134500000 401.0
OX637752.1 134500000 135000000 401.0
OX637752.1 135000000 135500000 401.0
OX637752.1 135500000 136000000 401.0
OX637752.1 136000000 136500000 401.0
OX637752.1 136500000 137000000 401.0
OX637752.1 137000000 137500000 401.0
OX637752.1 137500000 138000000 401.00071
OX637752.1 138000000 138500000 400.43485
OX637752.1 138500000 139000000 399.74525
OX637752.1 139000000 139500000 399.0
OX637752.1 139500000 140000000 398.91685
OX637752.1 140000000 140500000 397.10598
OX637752.1 140500000 141000000 397.0
OX637752.1 141000000 141500000 397.0
OX637752.1 141500000 142000000 397.0
OX637752.1 142000000 142500000 397.0
OX637752.1 142500000 143000000 395.99194
OX637752.1 143000000 143500000 395.00021
OX637752.1 143500000 144000000 395.0
OX637752.1 144000000 144500000 395.0
OX637752.1 144500000 145000000 396.1139
OX637752.1 145000000 145500000 397.00053
OX637752.1 145500000 146000000 397.0
OX637752.1 146000000 146500000 397.47499
OX637752.1 146500000 147000000 398.0
OX637752.1 147000000 147500000 398.0
OX637752.1 147500000 148000000 397.10654
OX637752.1 148000000 148500000 397.00145
OX637752.1 148500000 149000000 397.0
OX637752.1 149000000 149500000 397.00032
OX637752.1 149500000 150000000 397.0
OX637752.1 150000000 150500000 397.0
OX637752.1 150500000 151000000 397.00038
OX637752.1 151000000 151500000 397.0
OX637752.1 151500000 152000000 397.09977
OX637752.1 152000000 152500000 398.0
OX637752.1 152500000 153000000 398.0
OX637752.1 153000000 153500000 398.0
OX637752.1 153500000 154000000 398.0
OX637752.1 154000000 154500000 398.00016
OX637752.1 154500000 155000000 398.0
OX637752.1 155000000 155500000 398.00066
OX637752.1 155500000 156000000 398.0
OX637752.1 156000000 156500000 398.0
OX637752.1 156500000 157000000 398.0
OX637752.1 157000000 157500000 398.0
OX637752.1 157500000 158000000 398.35029
OX637752.1 158000000 158500000 398.96301
OX637752.1 158500000 159000000 398.0
OX637752.1 159000000 159500000 398.0
OX637752.1 159500000 160000000 398.0
OX637752.1 160000000 160500000 398.0
OX637752.1 160500000 161000000 398.0
OX637752.1 161000000 161500000 398.0
OX637752.1 161500000 162000000 398.0
OX637752.1 162000000 162500000 398.00023
OX637752.1 162500000 163000000 398.0
OX637752.1 163000000 163500000 398.0
OX637752.1 163500000 164000000 398.0002
OX637752.1 164000000 164500000 398.0
OX637752.1 164500000 165000000 398.0
OX637752.1 165000000 165500000 398.0
OX637752.1 165500000 166000000 397.41923
OX637752.1 166000000 166500000 397.0
OX637752.1 166500000 167000000 396.11271
OX637752.1 167000000 167500000 396.00034
OX637752.1 167500000 168000000 396.0
OX637752.1 168000000 168500000 396.0
OX637752.1 168500000 169000000 395.56989
OX637752.1 169000000 169500000 394.99152
OX637752.1 169500000 170000000 395.0
OX637752.1 170000000 170500000 395.0
OX637752.1 170500000 171000000 395.0
OX637752.1 171000000 171500000 395.0
OX637752.1 171500000 172000000 395.0
OX637752.1 172000000 172500000 395.0
OX637752.1 172500000 173000000 396.38694
OX637752.1 173000000 173500000 397.0
OX637752.1 173500000 174000000 397.0
OX637752.1 174000000 174500000 397.0
OX637752.1 174500000 175000000 397.0
OX637752.1 175000000 175500000 396.515
OX637752.1 175500000 176000000 396.0
OX637752.1 176000000 176500000 395.38757
OX637752.1 176500000 177000000 395.0
OX637752.1 177000000 177500000 395.00033
OX637752.1 177500000 178000000 395.0
OX637752.1 178000000 178500000 394.99338
OX637752.1 178500000 179000000 394.0
OX637752.1 179000000 179500000 394.00082
OX637752.1 179500000 180000000 394.0
OX637752.1 180000000 180500000 394.0
OX637752.1 180500000 181000000 394.0
OX637752.1 181000000 181500000 394.22013
OX637752.1 181500000 182000000 395.0
OX637752.1 182000000 182500000 395.0
OX637752.1 182500000 183000000 394.22425
OX637752.1 183000000 183500000 392.79701
OX637752.1 183500000 184000000 393.0
OX637752.1 184000000 184500000 393.00031
OX637752.1 184500000 185000000 393.0
OX637752.1 185000000 185500000 393.0
OX637752.1 185500000 186000000 393.0
OX637752.1 186000000 186500000 393.0
OX637752.1 186500000 187000000 393.0
OX637752.1 187000000 187500000 393.00118
OX637752.1 187500000 188000000 393.00024
OX637752.1 188000000 188500000 393.0
OX637752.1 188500000 189000000 393.0
OX637752.1 189000000 189500000 393.0
OX637752.1 189500000 190000000 393.00076
OX637752.1 190000000 190500000 393.0
OX637752.1 190500000 191000000 393.0
OX637752.1 191000000 191500000 393.0
OX637752.1 191500000 192000000 393.0
OX637752.1 192000000 192500000 393.0
OX637752.1 192500000 193000000 392.8375
OX637752.1 193000000 193500000 392.0
OX637752.1 193500000 194000000 392.0
OX637752.1 194000000 194500000 392.0
OX637752.1 194500000 195000000 392.0
OX637752.1 195000000 195500000 392.66891
OX637752.1 195500000 196000000 393.0
OX637752.1 196000000 196500000 393.0
OX637752.1 196500000 197000000 393.0
OX637752.1 197000000 197500000 393.0
OX637752.1 197500000 198000000 393.84579
OX637752.1 198000000 198500000 393.53465
OX637752.1 198500000 199000000 393.0
OX637752.1 199000000 199500000 393.0
OX637752.1 199500000 200000000 392.37787
OX637752.1 200000000 200500000 392.0
OX637752.1 200500000 201000000 392.0
OX637752.1 201000000 201500000 391.79898
OX637752.1 201500000 202000000 391.0
OX637752.1 202000000 202500000 390.90904
OX637752.1 202500000 203000000 390.0
OX637752.1 203000000 203500000 390.0
OX637752.1 203500000 204000000 390.0
OX637752.1 204000000 204500000 390.0
OX637752.1 204500000 205000000 389.80148
OX637752.1 205000000 205500000 389.00034
OX637752.1 205500000 206000000 389.0
OX637752.1 206000000 206500000 389.0
OX637752.1 206500000 207000000 389.0
OX637752.1 207000000 207500000 388.25485
OX637752.1 207500000 208000000 387.64634
OX637752.1 208000000 208500000 388.0
OX637752.1 208500000 209000000 388.0
OX637752.1 209000000 209500000 388.0
OX637752.1 209500000 210000000 388.85387
OX637752.1 210000000 210500000 390.0
OX637752.1 210500000 211000000 390.0
OX637752.1 211000000 211500000 390.0
OX637752.1 211500000 212000000 390.0
OX637752.1 212000000 212500000 390.0
OX637752.1 212500000 213000000 390.0
OX637752.1 213000000 213500000 390.0
OX637752.1 213500000 214000000 390.0
OX637752.1 214000000 214500000 390.0
OX637752.1 214500000 215000000 390.13328
OX637752.1 215000000 215500000 390.4659
OX637752.1 215500000 216000000 390.0
OX637752.1 216000000 216500000 390.00021
OX637752.1 216500000 217000000 390.00038
OX637752.1 217000000 217500000 390.0
OX637752.1 217500000 218000000 390.0
OX637752.1 218000000 218500000 390.0
OX637752.1 218500000 219000000 390.0
OX637752.1 219000000 219500000 390.00055
OX637752.1 219500000 220000000 390.0
OX637752.1 220000000 220500000 390.0
OX637752.1 220500000 221000000 390.0
OX637752.1 221000000 221500000 389.41418
OX637752.1 221500000 222000000 389.0
OX637752.1 222000000 222500000 389.0
OX637752.1 222500000 223000000 389.0
OX637752.1 223000000 223500000 388.25724
OX637752.1 223500000 224000000 388.0
OX637752.1 224000000 224500000 388.00024
OX637752.1 224500000 225000000 388.0
OX637752.1 225000000 225500000 388.84785
OX637752.1 225500000 226000000 389.0
OX637752.1 226000000 226500000 389.0
OX637752.1 226500000 227000000 389.0
OX637752.1 227000000 227500000 389.0
OX637752.1 227500000 228000000 388.95098
OX637752.1 228000000 228500000 389.0
OX637752.1 228500000 229000000 389.0
OX637752.1 229000000 229500000 389.0
OX637752.1 229500000 230000000 389.0
OX637752.1 230000000 230500000 389.0
OX637752.1 230500000 231000000 389.0
OX637752.1 231000000 231500000 389.0
OX637752.1 231500000 232000000 388.3795
OX637752.1 232000000 232500000 388.0
OX637752.1 232500000 233000000 388.00016
OX637752.1 233000000 233500000 388.0
OX637752.1 233500000 234000000 388.0
OX637752.1 234000000 234500000 388.0
OX637752.1 234500000 235000000 388.0
OX637752.1 235000000 235500000 388.0
OX637752.1 235500000 236000000 388.0
OX637752.1 236000000 236500000 388.0
OX637752.1 236500000 237000000 388.0
OX637752.1 237000000 237500000 388.0
OX637752.1 237500000 238000000 388.0
OX637752.1 238000000 238500000 388.0
OX637752.1 238500000 239000000 388.0
OX637752.1 239000000 239500000 387.88322
OX637752.1 239500000 240000000 386.60013
OX637752.1 240000000 240500000 386.0
OX637752.1 240500000 241000000 385.99468
OX637752.1 241000000 241500000 386.0
OX637752.1 241500000 242000000 386.0
OX637752.1 242000000 242500000 386.0
OX637752.1 242500000 243000000 386.0
OX637752.1 243000000 243500000 386.0
OX637752.1 243500000 244000000 386.0
OX637752.1 244000000 244500000 386.0
OX637752.1 244500000 245000000 386.0
OX637752.1 245000000 245500000 387.17004
OX637752.1 245500000 246000000 388.0
OX637752.1 246000000 246500000 388.0
OX637752.1 246500000 247000000 388.0
OX637752.1 247000000 247500000 388.0
OX637752.1 247500000 248000000 388.0
OX637752.1 248000000 248500000 388.0
OX637752.1 248500000 249000000 388.0
OX637752.1 249000000 249500000 388.0
OX637752.1 249500000 250000000 388.00034
OX637752.1 250000000 250500000 388.0
OX637752.1 250500000 251000000 388.0
OX637752.1 251000000 251500000 388.0
OX637752.1 251500000 252000000 388.0
OX637752.1 252000000 252500000 388.0
OX637752.1 252500000 253000000 388.0
OX637752.1 253000000 253500000 388.0
OX637752.1 253500000 254000000 388.0
OX637752.1 254000000 254500000 388.0
OX637752.1 254500000 255000000 388.0
OX637752.1 255000000 255500000 388.0
OX637752.1 255500000 256000000 388.0
OX637752.1 256000000 256500000 388.0
OX637752.1 256500000 257000000 388.0
OX637752.1 257000000 257500000 388.0
OX637752.1 257500000 258000000 388.0
OX637752.1 258000000 258500000 388.0
OX637752.1 258500000 259000000 388.0
OX637752.1 259000000 259500000 388.0
OX637752.1 259500000 260000000 388.0
OX637752.1 260000000 260500000 388.0
OX637752.1 260500000 261000000 388.0
OX637752.1 261000000 261500000 388.0
OX637752.1 261500000 262000000 388.51107
OX637752.1 262000000 262500000 389.0
OX637752.1 262500000 263000000 389.0
OX637752.1 263000000 263500000 389.0
OX637752.1 263500000 264000000 389.0
OX637752.1 264000000 264500000 389.00027
OX637752.1 264500000 265000000 389.0
OX637752.1 265000000 265500000 389.0
OX637752.1 265500000 266000000 389.0
OX637752.1 266000000 266500000 389.0
OX637752.1 266500000 267000000 389.0
OX637752.1 267000000 267500000 389.0
OX637752.1 267500000 268000000 389.0
OX637752.1 268000000 268500000 389.0
OX637752.1 268500000 269000000 389.0
OX637752.1 269000000 269500000 389.0
OX637752.1 269500000 270000000 389.0
OX637752.1 270000000 270500000 389.0
OX637752.1 270500000 271000000 389.02914
OX637752.1 271000000 271500000 390.0
OX637752.1 271500000 272000000 387.5328
OX637752.1 272000000 272500000 387.80883
OX637752.1 272500000 273000000 388.0
OX637752.1 273000000 273500000 388.0
OX637752.1 273500000 274000000 388.0
OX637752.1 274000000 274500000 388.0
OX637752.1 274500000 275000000 388.0
OX637752.1 275000000 275500000 389.15899
OX637752.1 275500000 276000000 390.0
OX637752.1 276000000 276500000 390.0
OX637752.1 276500000 277000000 390.0
OX637752.1 277000000 277500000 390.0
OX637752.1 277500000 278000000 390.0
OX637752.1 278000000 278500000 390.0
OX637752.1 278500000 279000000 390.0
OX637752.1 279000000 279500000 390.0
OX637752.1 279500000 280000000 390.0
OX637752.1 280000000 280500000 389.07695
OX637752.1 280500000 281000000 389.0
OX637752.1 281000000 281500000 389.0
OX637752.1 281500000 282000000 389.0
OX637752.1 282000000 282500000 389.0
OX637752.1 282500000 283000000 389.0
OX637752.1 283000000 283500000 389.0
OX637752.1 283500000 284000000 389.0
OX637752.1 284000000 284500000 389.0
OX637752.1 284500000 285000000 389.0
OX637752.1 285000000 285500000 389.0
OX637752.1 285500000 286000000 389.0
OX637752.1 286000000 286500000 388.30392
OX637752.1 286500000 287000000 388.0
OX637752.1 287000000 287500000 387.50065
OX637752.1 287500000 288000000 387.0
OX637752.1 288000000 288500000 387.0
OX637752.1 288500000 289000000 387.0
OX637752.1 289000000 289500000 386.47009
OX637752.1 289500000 290000000 386.0
OX637752.1 290000000 290500000 386.0
OX637752.1 290500000 291000000 386.0
OX637752.1 291000000 291500000 386.0
OX637752.1 291500000 292000000 386.0
OX637752.1 292000000 292500000 386.00089
OX637752.1 292500000 293000000 386.0
OX637752.1 293000000 293500000 386.76827
OX637752.1 293500000 294000000 387.0
OX637752.1 294000000 294500000 387.0
OX637752.1 294500000 295000000 387.0
OX637752.1 295000000 295500000 387.0
OX637752.1 295500000 296000000 387.0
OX637752.1 296000000 296500000 387.0
OX637752.1 296500000 297000000 387.0
OX637752.1 297000000 297500000 387.0
OX637752.1 297500000 298000000 387.0
OX637752.1 298000000 298500000 387.0
OX637752.1 298500000 299000000 387.0
OX637752.1 299000000 299500000 387.0
OX637752.1 299500000 300000000 386.43722
OX637752.1 300000000 300500000 386.0
OX637752.1 300500000 301000000 386.0
OX637752.1 301000000 301500000 386.0
OX637752.1 301500000 302000000 386.0
OX637752.1 302000000 302500000 386.0
OX637752.1 302500000 303000000 386.0
OX637752.1 303000000 303500000 386.0
OX637752.1 303500000 304000000 386.0
OX637752.1 304000000 304500000 386.0
OX637752.1 304500000 305000000 386.0
OX637752.1 305000000 305500000 386.0
OX637752.1 305500000 306000000 386.0
OX637752.1 306000000 306500000 386.0
OX637752.1 306500000 307000000 386.0
OX637752.1 307000000 307500000 386.0
OX637752.1 307500000 308000000 386.0
OX637752.1 308000000 308500000 386.0
OX637752.1 308500000 309000000 386.0
OX637752.1 309000000 309500000 386.0
OX637752.1 309500000 310000000 386.0
OX637752.1 310000000 310500000 386.0
OX637752.1 310500000 311000000 386.0
OX637752.1 311000000 311500000 386.0
OX637752.1 311500000 312000000 386.0
OX637752.1 312000000 312500000 386.0
OX637752.1 312500000 313000000 385.07769
OX637752.1 313000000 313500000 384.00737
OX637752.1 313500000 314000000 384.0
OX637752.1 314000000 314500000 384.0
OX637752.1 314500000 315000000 384.0
OX637752.1 315000000 315500000 381.14308
OX637752.1 315500000 316000000 379.59574
OX637752.1 316000000 316500000 379.0
OX637752.1 316500000 317000000 379.0
OX637752.1 317000000 317500000 379.0
OX637752.1 317500000 318000000 379.0
OX637752.1 318000000 318500000 379.0
OX637752.1 318500000 319000000 379.0
OX637752.1 319000000 319500000 379.0
OX637752.1 319500000 320000000 379.0
OX637752.1 320000000 320500000 379.0
OX637752.1 320500000 321000000 379.0
OX637752.1 321000000 321500000 379.0
OX637752.1 321500000 322000000 379.0
OX637752.1 322000000 322500000 379.0
OX637752.1 322500000 323000000 379.0
OX637752.1 323000000 323500000 379.0
OX637752.1 323500000 324000000 379.0
OX637752.1 324000000 324500000 378.47059
OX637752.1 324500000 325000000 378.0
OX637752.1 325000000 325500000 378.00079
OX637752.1 325500000 326000000 378.0
OX637752.1 326000000 326500000 378.0
OX637752.1 326500000 327000000 378.0
OX637752.1 327000000 327500000 378.0
OX637752.1 327500000 328000000 378.0
OX637752.1 328000000 328500000 377.20643
OX637752.1 328500000 329000000 377.0
OX637752.1 329000000 329500000 377.0
OX637752.1 329500000 330000000 377.0
OX637752.1 330000000 330500000 377.0
OX637752.1 330500000 331000000 377.0
OX637752.1 331000000 331500000 377.0
OX637752.1 331500000 332000000 377.0
OX637752.1 332000000 332500000 377.0
OX637752.1 332500000 333000000 377.0
OX637752.1 333000000 333500000 377.0
OX637752.1 333500000 334000000 377.0
OX637752.1 334000000 334500000 377.0
OX637752.1 334500000 335000000 377.0
OX637752.1 335000000 335500000 377.0
OX637752.1 335500000 336000000 377.0
OX637752.1 336000000 336500000 377.0
OX637752.1 336500000 337000000 377.00034
OX637752.1 337000000 337500000 377.0
OX637752.1 337500000 338000000 377.0
OX637752.1 338000000 338500000 377.0
OX637752.1 338500000 339000000 377.0
OX637752.1 339000000 339500000 377.0
OX637752.1 339500000 340000000 377.0
OX637752.1 340000000 340500000 377.0
OX637752.1 340500000 341000000 377.0
OX637752.1 341000000 341500000 377.0
OX637752.1 341500000 342000000 377.0
OX637752.1 342000000 342500000 377.0
OX637752.1 342500000 343000000 377.0
OX637752.1 343000000 343500000 377.0
OX637752.1 343500000 344000000 377.0
OX637752.1 344000000 344500000 377.0
OX637752.1 344500000 345000000 377.0
OX637752.1 345000000 345500000 377.0
OX637752.1 345500000 346000000 377.0
OX637752.1 346000000 346500000 377.0
OX637752.1 346500000 347000000 377.0
OX637752.1 347000000 347500000 377.0
OX637752.1 347500000 348000000 377.0
OX637752.1 348000000 348500000 377.0
OX637752.1 348500000 349000000 377.0
OX637752.1 349000000 349500000 377.0
OX637752.1 349500000 350000000 377.00165
OX637752.1 350000000 350500000 377.0
OX637752.1 350500000 351000000 377.0
OX637752.1 351000000 351500000 377.0
OX637752.1 351500000 352000000 375.89535
OX637752.1 352000000 352500000 375.0
OX637752.1 352500000 353000000 375.0
OX637752.1 353000000 353500000 375.0
OX637752.1 353500000 354000000 375.0
OX637752.1 354000000 354500000 375.0
OX637752.1 354500000 355000000 375.0
OX637752.1 355000000 355500000 375.0
OX637752.1 355500000 356000000 375.0
OX637752.1 356000000 356500000 375.0
OX637752.1 356500000 357000000 374.30908
OX637752.1 357000000 357500000 374.0
OX637752.1 357500000 358000000 374.05589
OX637752.1 358000000 358500000 375.0
OX637752.1 358500000 359000000 375.0
OX637752.1 359000000 359500000 373.28451
OX637752.1 359500000 360000000 373.0
OX637752.1 360000000 360500000 373.0
OX637752.1 360500000 361000000 373.0
OX637752.1 361000000 361500000 373.0
OX637752.1 361500000 362000000 372.10551
OX637752.1 362000000 362500000 372.0
OX637752.1 362500000 363000000 372.0
OX637752.1 363000000 363500000 372.0
OX637752.1 363500000 364000000 372.0
OX637752.1 364000000 364500000 372.0
OX637752.1 364500000 365000000 372.0
OX637752.1 365000000 365500000 372.0
OX637752.1 365500000 366000000 372.0
OX637752.1 366000000 366500000 372.00032
OX637752.1 366500000 367000000 372.0
OX637752.1 367000000 367500000 369.3283
OX637752.1 367500000 368000000 368.0
OX637752.1 368000000 368500000 368.0
OX637752.1 368500000 369000000 368.0
OX637752.1 369000000 369500000 368.0
OX637752.1 369500000 370000000 367.64421
OX637752.1 370000000 370500000 368.0
OX637752.1 370500000 371000000 368.00034
OX637752.1 371000000 371500000 368.0
OX637752.1 371500000 372000000 368.0
OX637752.1 372000000 372500000 368.0
OX637752.1 372500000 373000000 368.0
OX637752.1 373000000 373500000 368.0
OX637752.1 373500000 374000000 368.0
OX637752.1 374000000 374500000 368.0
OX637752.1 374500000 375000000 368.0
OX637752.1 375000000 375500000 368.0
OX637752.1 375500000 376000000 368.0
OX637752.1 376000000 376500000 368.0
OX637752.1 376500000 377000000 368.0
OX637752.1 377000000 377500000 367.18543
OX637752.1 377500000 378000000 367.35065
OX637752.1 378000000 378500000 367.0
OX637752.1 378500000 379000000 367.0
OX637752.1 379000000 379500000 366.47491
OX637752.1 379500000 380000000 366.0
OX637752.1 380000000 380500000 366.0
OX637752.1 380500000 381000000 366.0
OX637752.1 381000000 381500000 366.0
OX637752.1 381500000 382000000 366.0
OX637752.1 382000000 382500000 366.0
OX637752.1 382500000 383000000 365.33504
OX637752.1 383000000 383500000 365.0
OX637752.1 383500000 384000000 365.0
OX637752.1 384000000 384500000 365.0
OX637752.1 384500000 385000000 364.96995
OX637752.1 385000000 385500000 364.0
OX637752.1 385500000 386000000 364.0
OX637752.1 386000000 386500000 364.0
OX637752.1 386500000 387000000 364.00589
OX637752.1 387000000 387500000 364.0
OX637752.1 387500000 388000000 364.0
OX637752.1 388000000 388500000 364.0
OX637752.1 388500000 389000000 364.0
OX637752.1 389000000 389500000 364.0
OX637752.1 389500000 390000000 364.0
OX637752.1 390000000 390500000 364.0
OX637752.1 390500000 391000000 364.0
OX637752.1 391000000 391500000 363.4541
OX637752.1 391500000 392000000 363.0
OX637752.1 392000000 392500000 363.0
OX637752.1 392500000 393000000 362.6737
OX637752.1 393000000 393500000 362.0
OX637752.1 393500000 394000000 362.0
OX637752.1 394000000 394500000 362.0
OX637752.1 394500000 395000000 361.23454
OX637752.1 395000000 395500000 361.0
OX637752.1 395500000 396000000 361.0
OX637752.1 396000000 396500000 361.0
OX637752.1 396500000 397000000 361.00037
OX637752.1 397000000 397500000 361.0
OX637752.1 397500000 398000000 361.0
OX637752.1 398000000 398500000 361.0
OX637752.1 398500000 399000000 361.00074
OX637752.1 399000000 399500000 361.00019
OX637752.1 399500000 400000000 361.0
OX637752.1 400000000 400500000 361.0
OX637752.1 400500000 401000000 361.0
OX637752.1 401000000 401500000 361.0
OX637752.1 401500000 402000000 361.0
OX637752.1 402000000 402500000 361.0
OX637752.1 402500000 403000000 361.0
OX637752.1 403000000 403500000 361.0
OX637752.1 403500000 404000000 361.0
OX637752.1 404000000 404500000 361.0
OX637752.1 404500000 405000000 361.0
OX637752.1 405000000 405500000 361.0
OX637752.1 405500000 406000000 360.8525
OX637752.1 406000000 406500000 360.0
OX637752.1 406500000 407000000 360.0
OX637752.1 407000000 407500000 360.0
OX637752.1 407500000 408000000 358.53403
OX637752.1 408000000 408500000 357.4249
OX637752.1 408500000 409000000 357.0
OX637752.1 409000000 409500000 357.0
OX637752.1 409500000 410000000 357.0
OX637752.1 410000000 410500000 357.0
OX637752.1 410500000 411000000 357.0
OX637752.1 411000000 411500000 356.50304
OX637752.1 411500000 412000000 356.00115
OX637752.1 412000000 412500000 356.0
OX637752.1 412500000 413000000 355.25346
OX637752.1 413000000 413500000 355.0
OX637752.1 413500000 414000000 355.0
OX637752.1 414000000 414500000 354.73395
OX637752.1 414500000 415000000 354.0
OX637752.1 415000000 415500000 354.0
OX637752.1 415500000 416000000 354.0
OX637752.1 416000000 416500000 354.0
OX637752.1 416500000 417000000 354.0
OX637752.1 417000000 417500000 354.0
OX637752.1 417500000 418000000 354.0
OX637752.1 418000000 418500000 354.00075
OX637752.1 418500000 419000000 354.0
OX637752.1 419000000 419500000 354.0
OX637752.1 419500000 420000000 354.0
OX637752.1 420000000 420500000 354.0
OX637752.1 420500000 421000000 354.0
OX637752.1 421000000 421500000 353.82379
OX637752.1 421500000 422000000 353.0
OX637752.1 422000000 422500000 353.0
OX637752.1 422500000 423000000 353.0
OX637752.1 423000000 423500000 353.0
OX637752.1 423500000 424000000 353.0
OX637752.1 424000000 424500000 353.0
OX637752.1 424500000 425000000 353.0
OX637752.1 425000000 425500000 353.0
OX637752.1 425500000 426000000 353.0
OX637752.1 426000000 426500000 353.0
OX637752.1 426500000 427000000 353.0
OX637752.1 427000000 427500000 353.0
OX637752.1 427500000 428000000 353.0
OX637752.1 428000000 428500000 352.46465
OX637752.1 428500000 429000000 352.0
OX637752.1 429000000 429500000 352.0
OX637752.1 429500000 430000000 352.59937
OX637752.1 430000000 430500000 353.0
OX637752.1 430500000 431000000 353.0
OX637752.1 431000000 431500000 353.0
OX637752.1 431500000 432000000 353.0
OX637752.1 432000000 432500000 353.0
OX637752.1 432500000 433000000 353.0
OX637752.1 433000000 433500000 353.0
OX637752.1 433500000 434000000 352.28624
OX637752.1 434000000 434500000 352.0
OX637752.1 434500000 435000000 352.0
OX637752.1 435000000 435500000 352.0
OX637752.1 435500000 436000000 352.0003
OX637752.1 436000000 436500000 352.0
OX637752.1 436500000 437000000 352.0
OX637752.1 437000000 437500000 351.12813
OX637752.1 437500000 438000000 350.97851
OX637752.1 438000000 438500000 348.80008
OX637752.1 438500000 439000000 348.00019
OX637752.1 439000000 439500000 347.7747
OX637752.1 439500000 440000000 347.0
OX637752.1 440000000 440500000 347.0
OX637752.1 440500000 441000000 347.00042
OX637752.1 441000000 441500000 347.0
OX637752.1 441500000 442000000 347.0
OX637752.1 442000000 442500000 346.03533
OX637752.1 442500000 443000000 345.86695
OX637752.1 443000000 443500000 343.09793
OX637752.1 443500000 444000000 343.0
OX637752.1 444000000 444500000 343.00016
OX637752.1 444500000 445000000 343.00033
OX637752.1 445000000 445500000 343.0
OX637752.1 445500000 446000000 343.0
OX637752.1 446000000 446500000 343.0
OX637752.1 446500000 447000000 343.0
OX637752.1 447000000 447500000 343.0
OX637752.1 447500000 448000000 343.0
OX637752.1 448000000 448500000 343.0
OX637752.1 448500000 449000000 343.0
OX637752.1 449000000 449500000 343.0
OX637752.1 449500000 450000000 343.0
OX637752.1 450000000 450500000 343.0
OX637752.1 450500000 451000000 343.0
OX637752.1 451000000 451500000 343.0
OX637752.1 451500000 452000000 342.99541
OX637752.1 452000000 452500000 342.0
OX637752.1 452500000 453000000 342.0
OX637752.1 453000000 453500000 342.0
OX637752.1 453500000 454000000 342.0
OX637752.1 454000000 454500000 342.17433
OX637752.1 454500000 455000000 343.0
OX637752.1 455000000 455500000 343.0
OX637752.1 455500000 456000000 342.92379
OX637752.1 456000000 456500000 341.02512
OX637752.1 456500000 457000000 341.0
OX637752.1 457000000 457500000 341.0
OX637752.1 457500000 458000000 341.0
OX637752.1 458000000 458500000 341.0
OX637752.1 458500000 459000000 341.0
OX637752.1 459000000 459500000 341.0
OX637752.1 459500000 460000000 341.0
OX637752.1 460000000 460500000 341.0
OX637752.1 460500000 461000000 339.74567
OX637752.1 461000000 461500000 339.0
OX637752.1 461500000 462000000 338.36683
OX637752.1 462000000 462500000 337.25495
OX637752.1 462500000 463000000 336.10385
OX637752.1 463000000 463500000 336.0
OX637752.1 463500000 464000000 336.0
OX637752.1 464000000 464500000 336.0
OX637752.1 464500000 465000000 336.0
OX637752.1 465000000 465500000 336.0
OX637752.1 465500000 466000000 336.0
OX637752.1 466000000 466500000 336.0
OX637752.1 466500000 467000000 335.88897
OX637752.1 467000000 467500000 335.0
OX637752.1 467500000 468000000 335.0
OX637752.1 468000000 468500000 335.10491
OX637752.1 468500000 469000000 335.0
OX637752.1 469000000 469500000 334.66325
OX637752.1 469500000 470000000 333.0
OX637752.1 470000000 470500000 333.0
OX637752.1 470500000 471000000 331.80563
OX637752.1 471000000 471500000 331.0
OX637752.1 471500000 472000000 331.0
OX637752.1 472000000 472500000 331.0
OX637752.1 472500000 473000000 331.00046
OX637752.1 473000000 473500000 331.0
OX637752.1 473500000 474000000 331.0
OX637752.1 474000000 474500000 331.0
OX637752.1 474500000 475000000 331.0
OX637752.1 475000000 475500000 331.0
OX637752.1 475500000 476000000 331.0
OX637752.1 476000000 476500000 330.49976
OX637752.1 476500000 477000000 328.0685
OX637752.1 477000000 477500000 327.0
OX637752.1 477500000 478000000 327.0
OX637752.1 478000000 478500000 326.10431
OX637752.1 478500000 479000000 325.72855
OX637752.1 479000000 479500000 324.30657
OX637752.1 479500000 480000000 323.24846
OX637752.1 480000000 480500000 323.00059
OX637752.1 480500000 481000000 323.0
OX637752.1 481000000 481500000 322.64567
OX637752.1 481500000 482000000 322.0
OX637752.1 482000000 482500000 322.0
OX637752.1 482500000 483000000 321.7049
OX637752.1 483000000 483500000 321.0
OX637752.1 483500000 484000000 321.0
OX637752.1 484000000 484500000 320.29253
OX637752.1 484500000 485000000 318.48428
OX637752.1 485000000 485500000 318.00016
OX637752.1 485500000 486000000 317.94145
OX637752.1 486000000 486500000 317.0
OX637752.1 486500000 487000000 317.0
OX637752.1 487000000 487500000 317.0
OX637752.1 487500000 488000000 317.0
OX637752.1 488000000 488500000 317.0
OX637752.1 488500000 489000000 317.0
OX637752.1 489000000 489500000 317.0
OX637752.1 489500000 490000000 317.0
OX637752.1 490000000 490500000 317.0
OX637752.1 490500000 491000000 316.98655
OX637752.1 491000000 491500000 315.76277
OX637752.1 491500000 492000000 315.0
OX637752.1 492000000 492500000 315.0
OX637752.1 492500000 493000000 314.55691
OX637752.1 493000000 493500000 314.0
OX637752.1 493500000 494000000 313.28673
OX637752.1 494000000 494500000 313.0
OX637752.1 494500000 495000000 313.0
OX637752.1 495000000 495500000 312.8459
OX637752.1 495500000 496000000 311.13215
OX637752.1 496000000 496500000 310.0
OX637752.1 496500000 497000000 309.81993
OX637752.1 497000000 497500000 309.0
OX637752.1 497500000 498000000 309.0
OX637752.1 498000000 498500000 309.0
OX637752.1 498500000 499000000 309.0
OX637752.1 499000000 499500000 308.66227
OX637752.1 499500000 500000000 306.80285
OX637752.1 500000000 500500000 305.98291
OX637752.1 500500000 501000000 304.12265
OX637752.1 501000000 501500000 300.53868
OX637752.1 501500000 502000000 299.03151
OX637752.1 502000000 502500000 298.80049
OX637752.1 502500000 503000000 298.0
OX637752.1 503000000 503500000 297.87799
OX637752.1 503500000 504000000 297.0
OX637752.1 504000000 504500000 297.0
OX637752.1 504500000 505000000 296.28082
OX637752.1 505000000 505500000 293.23429
OX637752.1 505500000 506000000 292.7217
OX637752.1 506000000 506500000 291.6624
OX637752.1 506500000 507000000 290.59959
OX637752.1 507000000 507500000 290.0
OX637752.1 507500000 508000000 287.77228
OX637752.1 508000000 508500000 287.0
OX637752.1 508500000 509000000 287.0
OX637752.1 509000000 509500000 286.095
OX637752.1 509500000 510000000 285.2765
OX637752.1 510000000 510500000 284.21075
OX637752.1 510500000 511000000 284.0
OX637752.1 511000000 511500000 284.0
OX637752.1 511500000 512000000 282.28875
OX637752.1 512000000 512500000 281.03736
OX637752.1 512500000 513000000 277.93252
OX637752.1 513000000 513500000 276.98192
OX637752.1 513500000 514000000 274.57039
OX637752.1 514000000 514500000 274.0
OX637752.1 514500000 515000000 274.0
OX637752.1 515000000 515500000 272.93642
OX637752.1 515500000 516000000 270.35886
OX637752.1 516000000 516500000 269.0
OX637752.1 516500000 517000000 267.60074
OX637752.1 517000000 517500000 267.0
OX637752.1 517500000 518000000 263.96563
OX637752.1 518000000 518500000 261.90589
OX637752.1 518500000 519000000 260.0358
OX637752.1 519000000 519500000 258.1044
OX637752.1 519500000 520000000 257.00073
OX637752.1 520000000 520500000 255.53776
OX637752.1 520500000 521000000 254.40645
OX637752.1 521000000 521500000 251.90843
OX637752.1 521500000 522000000 248.4781
OX637752.1 522000000 522500000 247.40613
OX637752.1 522500000 523000000 246.0
OX637752.1 523000000 523500000 245.99315
OX637752.1 523500000 524000000 243.20325
OX637752.1 524000000 524500000 240.58002
OX637752.1 524500000 525000000 238.4726
OX637752.1 525000000 525500000 235.26499
OX637752.1 525500000 526000000 235.0
OX637752.1 526000000 526500000 234.53363
OX637752.1 526500000 527000000 233.00021
OX637752.1 527000000 527500000 233.0
OX637752.1 527500000 528000000 231.87665
OX637752.1 528000000 528500000 229.21379
OX637752.1 528500000 529000000 226.54609
OX637752.1 529000000 529500000 225.70348
OX637752.1 529500000 530000000 224.08718
OX637752.1 530000000 530500000 223.69069
OX637752.1 530500000 531000000 222.29988
OX637752.1 531000000 531500000 220.63124
OX637752.1 531500000 532000000 219.26765
OX637752.1 532000000 532500000 217.86485
OX637752.1 532500000 533000000 213.96228
OX637752.1 533000000 533500000 212.21299
OX637752.1 533500000 534000000 208.27818
OX637752.1 534000000 534500000 203.61695
OX637752.1 534500000 535000000 202.42558
OX637752.1 535000000 535500000 201.2439
OX637752.1 535500000 536000000 200.23289
OX637752.1 536000000 536500000 199.0
OX637752.1 536500000 537000000 198.42116
OX637752.1 537000000 537500000 196.37551
OX637752.1 537500000 538000000 193.93291
OX637752.1 538000000 538500000 192.08705
OX637752.1 538500000 539000000 189.74129
OX637752.1 539000000 539500000 188.20502
OX637752.1 539500000 540000000 188.0
OX637752.1 540000000 540500000 183.53757
OX637752.1 540500000 541000000 176.09982
OX637752.1 541000000 541500000 172.10569
OX637752.1 541500000 542000000 170.11248
OX637752.1 542000000 542500000 168.74018
OX637752.1 542500000 543000000 165.60222
OX637752.1 543000000 543500000 164.86938
OX637752.1 543500000 544000000 161.36188
OX637752.1 544000000 544500000 159.01493
OX637752.1 544500000 545000000 156.44193
OX637752.1 545000000 545500000 153.44742
OX637752.1 545500000 546000000 147.85529
OX637752.1 546000000 546500000 143.83102
OX637752.1 546500000 547000000 132.22142
OX637752.1 547000000 547500000 126.15286
OX637752.1 547500000 548000000 121.54742
OX637752.1 548000000 548500000 117.35159
OX637752.1 548500000 549000000 107.18401
OX637752.1 549000000 549500000 105.0
OX637752.1 549500000 550000000 103.72761
OX637752.1 550000000 550500000 98.88908
OX637752.1 550500000 551000000 92.0494
OX637752.1 551000000 551500000 86.43147
OX637752.1 551500000 552000000 79.96104
OX637752.1 552000000 552500000 72.36784
OX637752.1 552500000 553000000 66.17079
OX637752.1 553000000 553500000 63.0
OX637752.1 553500000 554000000 62.05438
OX637752.1 554000000 554500000 54.72121
OX637752.1 554500000 555000000 47.63211
OX637752.1 555000000 555500000 41.12819
OX637752.1 555500000 556000000 33.54393
OX637752.1 556000000 556500000 13.75306
OX637752.1 556500000 557000000 10.0
OX637752.1 557000000 557500000 10.0
OX637752.1 557500000 558000000 9.51252
OX637752.1 558000000 558500000 0.71933
OX637752.1 558500000 559000000 0.0
OX637752.1 559000000 559500000 0.0
OX637752.1 559500000 559573494 0.0
OX637759.1 0 500000 0.17362
OX637759.1 500000 1000000 8.6105
OX637759.1 1000000 1500000 17.96323
OX637759.1 1500000 2000000 25.77783
OX637759.1 2000000 2500000 29.97181
OX637759.1 2500000 3000000 39.15397
OX637759.1 3000000 3500000 53.6352
OX637759.1 3500000 4000000 60.74468
OX637759.1 4000000 4500000 72.27269
OX637759.1 4500000 5000000 83.29677
OX637759.1 5000000 5500000 91.95978
OX637759.1 5500000 6000000 99.30287
OX637759.1 6000000 6500000 104.96118
OX637759.1 6500000 7000000 116.84903
OX637759.1 7000000 7500000 122.51709
OX637759.1 7500000 8000000 126.83012
OX637759.1 8000000 8500000 133.34438
OX637759.1 8500000 9000000 137.79798
OX637759.1 9000000 9500000 144.21085
OX637759.1 9500000 10000000 150.68879
OX637759.1 10000000 10500000 155.17809
OX637759.1 10500000 11000000 162.25523
OX637759.1 11000000 11500000 169.54423
OX637759.1 11500000 12000000 174.63667
OX637759.1 12000000 12500000 178.70133
OX637759.1 12500000 13000000 182.41414
OX637759.1 13000000 13500000 184.93896
OX637759.1 13500000 14000000 189.99371
OX637759.1 14000000 14500000 191.13071
OX637759.1 14500000 15000000 192.59569
OX637759.1 15000000 15500000 193.47915
OX637759.1 15500000 16000000 198.06688
OX637759.1 16000000 16500000 202.56542
OX637759.1 16500000 17000000 209.73269
OX637759.1 17000000 17500000 215.0
OX637759.1 17500000 18000000 216.89701
OX637759.1 18000000 18500000 219.11044
OX637759.1 18500000 19000000 221.92878
OX637759.1 19000000 19500000 227.63685
OX637759.1 19500000 20000000 235.23743
OX637759.1 20000000 20500000 238.35084
OX637759.1 20500000 21000000 241.89133
OX637759.1 21000000 21500000 244.41993
OX637759.1 21500000 22000000 247.47536
OX637759.1 22000000 22500000 249.95836
OX637759.1 22500000 23000000 251.56121
OX637759.1 23000000 23500000 252.0
OX637759.1 23500000 24000000 253.22416
OX637759.1 24000000 24500000 255.0
OX637759.1 24500000 25000000 257.60359
OX637759.1 25000000 25500000 260.89525
OX637759.1 25500000 26000000 264.63777
OX637759.1 26000000 26500000 266.96375
OX637759.1 26500000 27000000 268.55201
OX637759.1 27000000 27500000 269.34766
OX637759.1 27500000 28000000 270.59363
OX637759.1 28000000 28500000 271.00108
OX637759.1 28500000 29000000 271.27805
OX637759.1 29000000 29500000 272.31086
OX637759.1 29500000 30000000 273.0
OX637759.1 30000000 30500000 273.32114
OX637759.1 30500000 31000000 275.92884
OX637759.1 31000000 31500000 278.0785
OX637759.1 31500000 32000000 279.0
OX637759.1 32000000 32500000 279.33971
OX637759.1 32500000 33000000 280.00027
OX637759.1 33000000 33500000 280.0
OX637759.1 33500000 34000000 281.48504
OX637759.1 34000000 34500000 284.0
OX637759.1 34500000 35000000 284.29438
OX637759.1 35000000 35500000 285.0
OX637759.1 35500000 36000000 285.74555
OX637759.1 36000000 36500000 287.69167
OX637759.1 36500000 37000000 289.99379
OX637759.1 37000000 37500000 293.13102
OX637759.1 37500000 38000000 294.88158
OX637759.1 38000000 38500000 296.51176
OX637759.1 38500000 39000000 297.0
OX637759.1 39000000 39500000 297.5426
OX637759.1 39500000 40000000 297.0514
OX637759.1 40000000 40500000 297.0
OX637759.1 40500000 41000000 297.67844
OX637759.1 41000000 41500000 298.92885
OX637759.1 41500000 42000000 299.0
OX637759.1 42000000 42500000 301.24381
OX637759.1 42500000 43000000 303.0
OX637759.1 43000000 43500000 303.0
OX637759.1 43500000 44000000 305.07865
OX637759.1 44000000 44500000 306.34764
OX637759.1 44500000 45000000 307.14442
OX637759.1 45000000 45500000 308.89793
OX637759.1 45500000 46000000 311.25626
OX637759.1 46000000 46500000 312.64606
OX637759.1 46500000 47000000 314.00027
OX637759.1 47000000 47500000 315.35721
OX637759.1 47500000 48000000 316.00093
OX637759.1 48000000 48500000 316.70232
OX637759.1 48500000 49000000 317.46106
OX637759.1 49000000 49500000 319.0
OX637759.1 49500000 50000000 319.0
OX637759.1 50000000 50500000 319.0
OX637759.1 50500000 51000000 319.0
OX637759.1 51000000 51500000 319.0
OX637759.1 51500000 52000000 319.0
OX637759.1 52000000 52500000 319.0
OX637759.1 52500000 53000000 319.0
OX637759.1 53000000 53500000 319.10607
OX637759.1 53500000 54000000 320.0
OX637759.1 54000000 54500000 319.38628
OX637759.1 54500000 55000000 318.02703
OX637759.1 55000000 55500000 318.96786
OX637759.1 55500000 56000000 319.41824
OX637759.1 56000000 56500000 320.0
OX637759.1 56500000 57000000 319.49681
OX637759.1 57000000 57500000 319.0
OX637759.1 57500000 58000000 319.0
OX637759.1 58000000 58500000 319.0
OX637759.1 58500000 59000000 319.0
OX637759.1 59000000 59500000 319.30123
OX637759.1 59500000 60000000 321.32964
OX637759.1 60000000 60500000 322.99811
OX637759.1 60500000 61000000 323.0
OX637759.1 61000000 61500000 323.00022
OX637759.1 61500000 62000000 323.61761
OX637759.1 62000000 62500000 324.5616
OX637759.1 62500000 63000000 326.0
OX637759.1 63000000 63500000 326.6011
OX637759.1 63500000 64000000 326.72951
OX637759.1 64000000 64500000 327.0
OX637759.1 64500000 65000000 327.0
OX637759.1 65000000 65500000 327.0
OX637759.1 65500000 66000000 327.0
OX637759.1 66000000 66500000 327.3173
OX637759.1 66500000 67000000 328.0
OX637759.1 67000000 67500000 328.0
OX637759.1 67500000 68000000 328.23896
OX637759.1 68000000 68500000 329.98624
OX637759.1 68500000 69000000 331.00029
OX637759.1 69000000 69500000 331.44668
OX637759.1 69500000 70000000 332.0
OX637759.1 70000000 70500000 332.0
OX637759.1 70500000 71000000 332.0007
OX637759.1 71000000 71500000 332.0
OX637759.1 71500000 72000000 332.05808
OX637759.1 72000000 72500000 333.0
OX637759.1 72500000 73000000 333.75138
OX637759.1 73000000 73500000 334.55985
OX637759.1 73500000 74000000 335.92847
OX637759.1 74000000 74500000 336.0
OX637759.1 74500000 75000000 336.0
OX637759.1 75000000 75500000 336.85215
OX637759.1 75500000 76000000 338.0
OX637759.1 76000000 76500000 338.0891
OX637759.1 76500000 77000000 339.0
OX637759.1 77000000 77500000 339.0
OX637759.1 77500000 78000000 338.98776
OX637759.1 78000000 78500000 338.45402
OX637759.1 78500000 79000000 340.68522
OX637759.1 79000000 79500000 341.0
OX637759.1 79500000 80000000 341.00082
OX637759.1 80000000 80500000 341.2381
OX637759.1 80500000 81000000 343.0
OX637759.1 81000000 81500000 343.25829
OX637759.1 81500000 82000000 344.00092
OX637759.1 82000000 82500000 344.0
OX637759.1 82500000 83000000 344.0
OX637759.1 83000000 83500000 344.0
OX637759.1 83500000 84000000 344.0
OX637759.1 84000000 84500000 344.00027
OX637759.1 84500000 85000000 344.07996
OX637759.1 85000000 85500000 346.0
OX637759.1 85500000 86000000 346.0003
OX637759.1 86000000 86500000 346.0
OX637759.1 86500000 87000000 346.0
OX637759.1 87000000 87500000 346.17053
OX637759.1 87500000 88000000 347.00016
OX637759.1 88000000 88500000 347.00078
OX637759.1 88500000 89000000 347.0
OX637759.1 89000000 89500000 347.0
OX637759.1 89500000 90000000 347.82864
OX637759.1 90000000 90500000 348.0
OX637759.1 90500000 91000000 348.00034
OX637759.1 91000000 91500000 348.36557
OX637759.1 91500000 92000000 349.07047
OX637759.1 92000000 92500000 350.0
OX637759.1 92500000 93000000 350.79577
OX637759.1 93000000 93500000 351.00027
OX637759.1 93500000 94000000 351.81662
OX637759.1 94000000 94500000 351.42738
OX637759.1 94500000 95000000 351.0
OX637759.1 95000000 95500000 351.44346
OX637759.1 95500000 96000000 352.92759
OX637759.1 96000000 96500000 353.0
OX637759.1 96500000 97000000 353.0
OX637759.1 97000000 97500000 353.0
OX637759.1 97500000 98000000 353.0
OX637759.1 98000000 98500000 353.0
OX637759.1 98500000 99000000 353.0
OX637759.1 99000000 99500000 353.0
OX637759.1 99500000 100000000 353.0
OX637759.1 100000000 100500000 353.0
OX637759.1 100500000 101000000 353.52222
OX637759.1 101000000 101500000 353.0767
OX637759.1 101500000 102000000 353.0
OX637759.1 102000000 102500000 353.4148
OX637759.1 102500000 103000000 354.0
OX637759.1 103000000 103500000 355.46685
OX637759.1 103500000 104000000 356.0
OX637759.1 104000000 104500000 356.4782
OX637759.1 104500000 105000000 357.0
OX637759.1 105000000 105500000 357.0
OX637759.1 105500000 106000000 358.7632
OX637759.1 106000000 106500000 359.0
OX637759.1 106500000 107000000 359.0
OX637759.1 107000000 107500000 359.0
OX637759.1 107500000 108000000 359.0
OX637759.1 108000000 108500000 359.0
OX637759.1 108500000 109000000 359.63605
OX637759.1 109000000 109500000 359.25322
OX637759.1 109500000 110000000 359.0
OX637759.1 110000000 110500000 359.0
OX637759.1 110500000 111000000 359.0
OX637759.1 111000000 111500000 359.56256
OX637759.1 111500000 112000000 360.0
OX637759.1 112000000 112500000 360.0
OX637759.1 112500000 113000000 360.0
OX637759.1 113000000 113500000 360.0
OX637759.1 113500000 114000000 360.0
OX637759.1 114000000 114500000 360.00019
OX637759.1 114500000 115000000 359.65056
OX637759.1 115000000 115500000 359.0
OX637759.1 115500000 116000000 359.0
OX637759.1 116000000 116500000 359.0
OX637759.1 116500000 117000000 359.0
OX637759.1 117000000 117500000 359.43811
OX637759.1 117500000 118000000 360.00017
OX637759.1 118000000 118500000 360.0
OX637759.1 118500000 119000000 360.0
OX637759.1 119000000 119500000 360.00062
OX637759.1 119500000 120000000 360.0
OX637759.1 120000000 120500000 360.20575
OX637759.1 120500000 121000000 361.0
OX637759.1 121000000 121500000 360.23001
OX637759.1 121500000 122000000 360.00106
OX637759.1 122000000 122500000 360.0
OX637759.1 122500000 123000000 360.0
OX637759.1 123000000 123500000 359.89413
OX637759.1 123500000 124000000 360.0
OX637759.1 124000000 124500000 360.00053
OX637759.1 124500000 125000000 360.0
OX637759.1 125000000 125500000 360.0
OX637759.1 125500000 126000000 360.0
OX637759.1 126000000 126500000 360.82967
OX637759.1 126500000 127000000 361.00061
OX637759.1 127000000 127500000 361.0
OX637759.1 127500000 128000000 361.68694
OX637759.1 128000000 128500000 362.0
OX637759.1 128500000 129000000 362.0
OX637759.1 129000000 129500000 362.92897
OX637759.1 129500000 130000000 363.00057
OX637759.1 130000000 130500000 363.0
OX637759.1 130500000 131000000 363.42175
OX637759.1 131000000 131500000 364.00585
OX637759.1 131500000 132000000 365.0
OX637759.1 132000000 132500000 365.0
OX637759.1 132500000 133000000 365.27083
OX637759.1 133000000 133500000 366.0
OX637759.1 133500000 134000000 366.0
OX637759.1 134000000 134500000 366.0
OX637759.1 134500000 135000000 366.0
OX637759.1 135000000 135500000 366.0
OX637759.1 135500000 136000000 366.0
OX637759.1 136000000 136500000 366.0
OX637759.1 136500000 137000000 366.0
OX637759.1 137000000 137500000 366.0
OX637759.1 137500000 138000000 366.0
OX637759.1 138000000 138500000 366.0
OX637759.1 138500000 139000000 366.0
OX637759.1 139000000 139500000 366.00027
OX637759.1 139500000 140000000 366.82546
OX637759.1 140000000 140500000 367.0
OX637759.1 140500000 141000000 367.05477
OX637759.1 141000000 141500000 368.13596
OX637759.1 141500000 142000000 369.0
OX637759.1 142000000 142500000 369.00018
OX637759.1 142500000 143000000 369.0
OX637759.1 143000000 143500000 369.0
OX637759.1 143500000 144000000 368.87961
OX637759.1 144000000 144500000 368.0
OX637759.1 144500000 145000000 368.99515
OX637759.1 145000000 145500000 369.76536
OX637759.1 145500000 146000000 370.0
OX637759.1 146000000 146500000 370.0
OX637759.1 146500000 147000000 370.0
OX637759.1 147000000 147500000 370.14747
OX637759.1 147500000 148000000 370.56557
OX637759.1 148000000 148500000 370.00023
OX637759.1 148500000 149000000 370.0
OX637759.1 149000000 149500000 370.0
OX637759.1 149500000 150000000 370.0
OX637759.1 150000000 150500000 370.0
OX637759.1 150500000 151000000 370.0
OX637759.1 151000000 151500000 370.0
OX637759.1 151500000 152000000 370.0
OX637759.1 152000000 152500000 370.0
OX637759.1 152500000 153000000 370.0
OX637759.1 153000000 153500000 370.0
OX637759.1 153500000 154000000 370.0
OX637759.1 154000000 154500000 370.0
OX637759.1 154500000 155000000 370.0
OX637759.1 155000000 155500000 370.0
OX637759.1 155500000 156000000 370.0
OX637759.1 156000000 156500000 370.0
OX637759.1 156500000 157000000 370.0
OX637759.1 157000000 157500000 369.74576
OX637759.1 157500000 158000000 370.0
OX637759.1 158000000 158500000 371.10496
OX637759.1 158500000 159000000 372.0
OX637759.1 159000000 159500000 372.0
OX637759.1 159500000 160000000 372.0
OX637759.1 160000000 160500000 372.0
OX637759.1 160500000 161000000 372.0
OX637759.1 161000000 161500000 372.00113
OX637759.1 161500000 162000000 372.02115
OX637759.1 162000000 162500000 373.0
OX637759.1 162500000 163000000 373.0
OX637759.1 163000000 163500000 373.0
OX637759.1 163500000 164000000 373.0
OX637759.1 164000000 164500000 373.0
OX637759.1 164500000 165000000 374.85225
OX637759.1 165000000 165500000 375.0
OX637759.1 165500000 166000000 375.0
OX637759.1 166000000 166500000 375.0
OX637759.1 166500000 167000000 375.0
OX637759.1 167000000 167500000 375.0
OX637759.1 167500000 168000000 374.97104
OX637759.1 168000000 168500000 374.0
OX637759.1 168500000 169000000 374.0
OX637759.1 169000000 169500000 374.0
OX637759.1 169500000 170000000 374.0
OX637759.1 170000000 170500000 374.0
OX637759.1 170500000 171000000 374.0
OX637759.1 171000000 171500000 374.0
OX637759.1 171500000 172000000 374.0
OX637759.1 172000000 172500000 374.0
OX637759.1 172500000 173000000 374.0
OX637759.1 173000000 173500000 374.38195
OX637759.1 173500000 174000000 375.0
OX637759.1 174000000 174500000 375.0
OX637759.1 174500000 175000000 375.0
OX637759.1 175000000 175500000 375.0
OX637759.1 175500000 176000000 375.0
OX637759.1 176000000 176500000 375.0
OX637759.1 176500000 177000000 374.24593
OX637759.1 177000000 177500000 374.79768
OX637759.1 177500000 178000000 375.0
OX637759.1 178000000 178500000 375.0
OX637759.1 178500000 179000000 375.0
OX637759.1 179000000 179500000 375.0
OX637759.1 179500000 180000000 375.0
OX637759.1 180000000 180500000 375.0
OX637759.1 180500000 181000000 375.0
OX637759.1 181000000 181500000 375.0
OX637759.1 181500000 182000000 375.0
OX637759.1 182000000 182500000 375.0
OX637759.1 182500000 183000000 375.0
OX637759.1 183000000 183500000 375.0
OX637759.1 183500000 184000000 375.0
OX637759.1 184000000 184500000 374.69282
OX637759.1 184500000 185000000 374.0
OX637759.1 185000000 185500000 373.97943
OX637759.1 185500000 186000000 373.0
OX637759.1 186000000 186500000 373.0
OX637759.1 186500000 187000000 373.0
OX637759.1 187000000 187500000 373.68156
OX637759.1 187500000 188000000 374.21995
OX637759.1 188000000 188500000 375.0
OX637759.1 188500000 189000000 375.0
OX637759.1 189000000 189500000 375.0
OX637759.1 189500000 190000000 375.0
OX637759.1 190000000 190500000 375.0
OX637759.1 190500000 191000000 375.0
OX637759.1 191000000 191500000 375.0
OX637759.1 191500000 192000000 375.0
OX637759.1 192000000 192500000 375.0
OX637759.1 192500000 193000000 375.0
OX637759.1 193000000 193500000 375.0
OX637759.1 193500000 194000000 375.0
OX637759.1 194000000 194500000 375.0
OX637759.1 194500000 195000000 375.0
OX637759.1 195000000 195500000 375.0
OX637759.1 195500000 196000000 375.0
OX637759.1 196000000 196500000 375.0
OX637759.1 196500000 197000000 375.47278
OX637759.1 197000000 197500000 376.3886
OX637759.1 197500000 198000000 377.0
OX637759.1 198000000 198500000 377.0
OX637759.1 198500000 199000000 377.0
OX637759.1 199000000 199500000 377.0
OX637759.1 199500000 200000000 377.0
OX637759.1 200000000 200500000 377.0
OX637759.1 200500000 201000000 377.0
OX637759.1 201000000 201500000 377.0
OX637759.1 201500000 202000000 377.0
OX637759.1 202000000 202500000 377.0
OX637759.1 202500000 203000000 377.0
OX637759.1 203000000 203500000 377.00037
OX637759.1 203500000 204000000 377.0
OX637759.1 204000000 204500000 377.0
OX637759.1 204500000 205000000 376.86466
OX637759.1 205000000 205500000 376.0
OX637759.1 205500000 206000000 376.0
OX637759.1 206000000 206500000 376.0
OX637759.1 206500000 207000000 376.0
OX637759.1 207000000 207500000 376.0
OX637759.1 207500000 208000000 376.0
OX637759.1 208000000 208500000 376.0
OX637759.1 208500000 209000000 376.0
OX637759.1 209000000 209500000 376.0
OX637759.1 209500000 210000000 376.00025
OX637759.1 210000000 210500000 376.0
OX637759.1 210500000 211000000 376.0
OX637759.1 211000000 211500000 376.0
OX637759.1 211500000 212000000 376.0
OX637759.1 212000000 212500000 376.0
OX637759.1 212500000 213000000 376.0
OX637759.1 213000000 213500000 376.0
OX637759.1 213500000 214000000 376.0
OX637759.1 214000000 214500000 376.0
OX637759.1 214500000 215000000 376.0
OX637759.1 215000000 215500000 376.0
OX637759.1 215500000 216000000 376.0
OX637759.1 216000000 216500000 376.0
OX637759.1 216500000 217000000 376.0
OX637759.1 217000000 217500000 376.0
OX637759.1 217500000 218000000 376.0
OX637759.1 218000000 218500000 376.0
OX637759.1 218500000 219000000 376.0
OX637759.1 219000000 219500000 376.0
OX637759.1 219500000 220000000 376.0
OX637759.1 220000000 220500000 376.0
OX637759.1 220500000 221000000 375.63541
OX637759.1 221000000 221500000 375.0
OX637759.1 221500000 222000000 375.0
OX637759.1 222000000 222500000 374.96434
OX637759.1 222500000 223000000 374.0
OX637759.1 223000000 223500000 374.0
OX637759.1 223500000 224000000 374.0
OX637759.1 224000000 224500000 374.0
OX637759.1 224500000 225000000 374.0
OX637759.1 225000000 225500000 374.0
OX637759.1 225500000 226000000 374.0
OX637759.1 226000000 226500000 374.0
OX637759.1 226500000 227000000 374.0
OX637759.1 227000000 227500000 374.0
OX637759.1 227500000 228000000 374.0
OX637759.1 228000000 228500000 374.0
OX637759.1 228500000 229000000 374.0
OX637759.1 229000000 229500000 374.0
OX637759.1 229500000 230000000 374.0
OX637759.1 230000000 230500000 374.0
OX637759.1 230500000 231000000 374.0
OX637759.1 231000000 231500000 374.0
OX637759.1 231500000 232000000 374.0
OX637759.1 232000000 232500000 374.0
OX637759.1 232500000 233000000 374.0
OX637759.1 233000000 233500000 374.0
OX637759.1 233500000 234000000 374.0
OX637759.1 234000000 234500000 374.0
OX637759.1 234500000 235000000 374.0
OX637759.1 235000000 235500000 374.0
OX637759.1 235500000 236000000 373.71981
OX637759.1 236000000 236500000 373.0
OX637759.1 236500000 237000000 373.0
OX637759.1 237000000 237500000 373.0
OX637759.1 237500000 238000000 373.0
OX637759.1 238000000 238500000 373.0
OX637759.1 238500000 239000000 373.00047
OX637759.1 239000000 239500000 373.0
OX637759.1 239500000 240000000 373.30928
OX637759.1 240000000 240500000 374.0
OX637759.1 240500000 241000000 374.0
OX637759.1 241000000 241500000 374.0
OX637759.1 241500000 242000000 374.0
OX637759.1 242000000 242500000 374.0
OX637759.1 242500000 243000000 374.0
OX637759.1 243000000 243500000 374.84996
OX637759.1 243500000 244000000 375.96757
OX637759.1 244000000 244500000 376.0
OX637759.1 244500000 245000000 376.0
OX637759.1 245000000 245500000 376.0002
OX637759.1 245500000 246000000 376.0
OX637759.1 246000000 246500000 376.0
OX637759.1 246500000 247000000 376.0
OX637759.1 247000000 247500000 376.0
OX637759.1 247500000 248000000 376.0
OX637759.1 248000000 248500000 376.0
OX637759.1 248500000 249000000 375.33523
OX637759.1 249000000 249500000 375.0
OX637759.1 249500000 250000000 375.34046
OX637759.1 250000000 250500000 376.0
OX637759.1 250500000 251000000 376.0
OX637759.1 251000000 251500000 376.00086
OX637759.1 251500000 252000000 376.0
OX637759.1 252000000 252500000 376.0
OX637759.1 252500000 253000000 376.0
OX637759.1 253000000 253500000 376.0
OX637759.1 253500000 254000000 376.0
OX637759.1 254000000 254500000 376.0
OX637759.1 254500000 255000000 376.0
OX637759.1 255000000 255500000 376.0
OX637759.1 255500000 256000000 376.0
OX637759.1 256000000 256500000 376.0
OX637759.1 256500000 257000000 376.0
OX637759.1 257000000 257500000 376.0
OX637759.1 257500000 258000000 376.0
OX637759.1 258000000 258500000 375.40455
OX637759.1 258500000 259000000 375.0
OX637759.1 259000000 259500000 375.0
OX637759.1 259500000 260000000 375.0
OX637759.1 260000000 260500000 375.0
OX637759.1 260500000 261000000 375.0
OX637759.1 261000000 261500000 375.0
OX637759.1 261500000 262000000 375.0
OX637759.1 262000000 262500000 375.0
OX637759.1 262500000 263000000 375.0
OX637759.1 263000000 263500000 375.0
OX637759.1 263500000 264000000 375.0
OX637759.1 264000000 264500000 375.0
OX637759.1 264500000 265000000 375.0
OX637759.1 265000000 265500000 375.0
OX637759.1 265500000 266000000 375.0
OX637759.1 266000000 266500000 375.0
OX637759.1 266500000 267000000 375.0
OX637759.1 267000000 267500000 375.0
OX637759.1 267500000 268000000 375.0
OX637759.1 268000000 268500000 375.0
OX637759.1 268500000 269000000 375.0
OX637759.1 269000000 269500000 375.0
OX637759.1 269500000 270000000 375.0
OX637759.1 270000000 270500000 375.0
OX637759.1 270500000 271000000 375.0
OX637759.1 271000000 271500000 375.0
OX637759.1 271500000 272000000 375.0
OX637759.1 272000000 272500000 375.0
OX637759.1 272500000 273000000 375.0
OX637759.1 273000000 273500000 374.25776
OX637759.1 273500000 274000000 374.0
OX637759.1 274000000 274500000 374.0
OX637759.1 274500000 275000000 374.0
OX637759.1 275000000 275500000 373.50022
OX637759.1 275500000 276000000 373.00097
OX637759.1 276000000 276500000 373.0
OX637759.1 276500000 277000000 373.0
OX637759.1 277000000 277500000 373.0
OX637759.1 277500000 278000000 373.0
OX637759.1 278000000 278500000 372.44554
OX637759.1 278500000 279000000 372.0
OX637759.1 279000000 279500000 372.0
OX637759.1 279500000 280000000 372.0
OX637759.1 280000000 280500000 372.0
OX637759.1 280500000 281000000 372.0
OX637759.1 281000000 281500000 372.0
OX637759.1 281500000 282000000 372.0
OX637759.1 282000000 282500000 372.0
OX637759.1 282500000 283000000 372.0
OX637759.1 283000000 283500000 372.0
OX637759.1 283500000 284000000 372.0
OX637759.1 284000000 284500000 372.0
OX637759.1 284500000 285000000 371.96964
OX637759.1 285000000 285500000 370.27581
OX637759.1 285500000 286000000 370.0
OX637759.1 286000000 286500000 370.0
OX637759.1 286500000 287000000 370.0
OX637759.1 287000000 287500000 370.0
OX637759.1 287500000 288000000 370.0
OX637759.1 288000000 288500000 370.0
OX637759.1 288500000 289000000 370.0
OX637759.1 289000000 289500000 369.06171
OX637759.1 289500000 290000000 369.0
OX637759.1 290000000 290500000 369.0
OX637759.1 290500000 291000000 369.0
OX637759.1 291000000 291500000 369.0
OX637759.1 291500000 292000000 369.0
OX637759.1 292000000 292500000 369.0
OX637759.1 292500000 293000000 369.0
OX637759.1 293000000 293500000 369.43081
OX637759.1 293500000 294000000 370.0
OX637759.1 294000000 294500000 370.16532
OX637759.1 294500000 295000000 371.06316
OX637759.1 295000000 295500000 372.82939
OX637759.1 295500000 296000000 373.0
OX637759.1 296000000 296500000 372.75757
OX637759.1 296500000 297000000 372.0
OX637759.1 297000000 297500000 372.0
OX637759.1 297500000 298000000 372.17138
OX637759.1 298000000 298500000 373.0
OX637759.1 298500000 299000000 373.0
OX637759.1 299000000 299500000 373.00031
OX637759.1 299500000 300000000 373.0
OX637759.1 300000000 300500000 373.0
OX637759.1 300500000 301000000 373.0
OX637759.1 301000000 301500000 373.43142
OX637759.1 301500000 302000000 374.0
OX637759.1 302000000 302500000 374.0
OX637759.1 302500000 303000000 374.0
OX637759.1 303000000 303500000 374.0
OX637759.1 303500000 304000000 374.0
OX637759.1 304000000 304500000 374.0
OX637759.1 304500000 305000000 373.3907
OX637759.1 305000000 305500000 373.0
OX637759.1 305500000 306000000 373.0
OX637759.1 306000000 306500000 373.0
OX637759.1 306500000 307000000 373.0
OX637759.1 307000000 307500000 373.0
OX637759.1 307500000 308000000 373.0
OX637759.1 308000000 308500000 372.06426
OX637759.1 308500000 309000000 372.0
OX637759.1 309000000 309500000 372.0
OX637759.1 309500000 310000000 372.0
OX637759.1 310000000 310500000 372.0
OX637759.1 310500000 311000000 372.0
OX637759.1 311000000 311500000 372.0
OX637759.1 311500000 312000000 372.0
OX637759.1 312000000 312500000 372.0
OX637759.1 312500000 313000000 372.0
OX637759.1 313000000 313500000 372.0
OX637759.1 313500000 314000000 372.37029
OX637759.1 314000000 314500000 372.32256
OX637759.1 314500000 315000000 372.0
OX637759.1 315000000 315500000 372.02051
OX637759.1 315500000 316000000 373.0
OX637759.1 316000000 316500000 373.0
OX637759.1 316500000 317000000 373.0
OX637759.1 317000000 317500000 373.0
OX637759.1 317500000 318000000 372.87969
OX637759.1 318000000 318500000 372.0
OX637759.1 318500000 319000000 371.31926
OX637759.1 319000000 319500000 371.0
OX637759.1 319500000 320000000 371.0
OX637759.1 320000000 320500000 371.0
OX637759.1 320500000 321000000 371.0
OX637759.1 321000000 321500000 371.0
OX637759.1 321500000 322000000 370.12348
OX637759.1 322000000 322500000 370.0
OX637759.1 322500000 323000000 370.0
OX637759.1 323000000 323500000 370.0
OX637759.1 323500000 324000000 370.0
OX637759.1 324000000 324500000 370.17939
OX637759.1 324500000 325000000 370.98841
OX637759.1 325000000 325500000 371.00034
OX637759.1 325500000 326000000 371.0
OX637759.1 326000000 326500000 370.00885
OX637759.1 326500000 327000000 370.0
OX637759.1 327000000 327500000 370.00023
OX637759.1 327500000 328000000 370.0
OX637759.1 328000000 328500000 369.06095
OX637759.1 328500000 329000000 369.0
OX637759.1 329000000 329500000 369.0
OX637759.1 329500000 330000000 368.80076
OX637759.1 330000000 330500000 367.04887
OX637759.1 330500000 331000000 367.0
OX637759.1 331000000 331500000 367.0
OX637759.1 331500000 332000000 367.0
OX637759.1 332000000 332500000 367.0
OX637759.1 332500000 333000000 367.0
OX637759.1 333000000 333500000 367.0
OX637759.1 333500000 334000000 367.0
OX637759.1 334000000 334500000 367.0
OX637759.1 334500000 335000000 366.09219
OX637759.1 335000000 335500000 366.0
OX637759.1 335500000 336000000 364.72612
OX637759.1 336000000 336500000 364.0
OX637759.1 336500000 337000000 364.0
OX637759.1 337000000 337500000 364.00032
OX637759.1 337500000 338000000 364.0
OX637759.1 338000000 338500000 364.0
OX637759.1 338500000 339000000 364.0
OX637759.1 339000000 339500000 364.0
OX637759.1 339500000 340000000 364.0
OX637759.1 340000000 340500000 363.0489
OX637759.1 340500000 341000000 363.0
OX637759.1 341000000 341500000 363.0
OX637759.1 341500000 342000000 363.0
OX637759.1 342000000 342500000 362.35319
OX637759.1 342500000 343000000 361.96244
OX637759.1 343000000 343500000 361.00034
OX637759.1 343500000 344000000 361.0
OX637759.1 344000000 344500000 361.0
OX637759.1 344500000 345000000 361.00016
OX637759.1 345000000 345500000 361.0
OX637759.1 345500000 346000000 360.16066
OX637759.1 346000000 346500000 360.0
OX637759.1 346500000 347000000 360.0
OX637759.1 347000000 347500000 359.71871
OX637759.1 347500000 348000000 360.0
OX637759.1 348000000 348500000 359.06526
OX637759.1 348500000 349000000 358.0
OX637759.1 349000000 349500000 358.0
OX637759.1 349500000 350000000 358.0
OX637759.1 350000000 350500000 358.0
OX637759.1 350500000 351000000 358.0
OX637759.1 351000000 351500000 358.0
OX637759.1 351500000 352000000 358.0
OX637759.1 352000000 352500000 358.0
OX637759.1 352500000 353000000 357.47178
OX637759.1 353000000 353500000 357.0
OX637759.1 353500000 354000000 356.91664
OX637759.1 354000000 354500000 356.0
OX637759.1 354500000 355000000 356.0
OX637759.1 355000000 355500000 356.0
OX637759.1 355500000 356000000 356.0
OX637759.1 356000000 356500000 356.0
OX637759.1 356500000 357000000 355.3873
OX637759.1 357000000 357500000 355.00073
OX637759.1 357500000 358000000 355.0
OX637759.1 358000000 358500000 355.0
OX637759.1 358500000 359000000 353.43693
OX637759.1 359000000 359500000 353.0
OX637759.1 359500000 360000000 352.94065
OX637759.1 360000000 360500000 352.0
OX637759.1 360500000 361000000 351.37434
OX637759.1 361000000 361500000 349.58634
OX637759.1 361500000 362000000 348.75122
OX637759.1 362000000 362500000 348.0
OX637759.1 362500000 363000000 348.00031
OX637759.1 363000000 363500000 347.29083
OX637759.1 363500000 364000000 347.0
OX637759.1 364000000 364500000 344.87632
OX637759.1 364500000 365000000 343.0
OX637759.1 365000000 365500000 342.51271
OX637759.1 365500000 366000000 342.0
OX637759.1 366000000 366500000 340.8405
OX637759.1 366500000 367000000 338.91152
OX637759.1 367000000 367500000 338.0
OX637759.1 367500000 368000000 338.0008
OX637759.1 368000000 368500000 338.76055
OX637759.1 368500000 369000000 339.0
OX637759.1 369000000 369500000 339.0
OX637759.1 369500000 370000000 337.91274
OX637759.1 370000000 370500000 336.04453
OX637759.1 370500000 371000000 335.85685
OX637759.1 371000000 371500000 335.0
OX637759.1 371500000 372000000 335.0
OX637759.1 372000000 372500000 333.49983
OX637759.1 372500000 373000000 332.26485
OX637759.1 373000000 373500000 330.0
OX637759.1 373500000 374000000 329.27152
OX637759.1 374000000 374500000 329.58829
OX637759.1 374500000 375000000 328.10658
OX637759.1 375000000 375500000 327.56813
OX637759.1 375500000 376000000 327.0
OX637759.1 376000000 376500000 327.20869
OX637759.1 376500000 377000000 327.0
OX637759.1 377000000 377500000 327.0
OX637759.1 377500000 378000000 326.06136
OX637759.1 378000000 378500000 326.0
OX637759.1 378500000 379000000 326.0
OX637759.1 379000000 379500000 325.1159
OX637759.1 379500000 380000000 324.19975
OX637759.1 380000000 380500000 319.92889
OX637759.1 380500000 381000000 319.0
OX637759.1 381000000 381500000 317.69358
OX637759.1 381500000 382000000 316.80547
OX637759.1 382000000 382500000 313.95955
OX637759.1 382500000 383000000 312.05267
OX637759.1 383000000 383500000 312.0
OX637759.1 383500000 384000000 312.0
OX637759.1 384000000 384500000 311.86672
OX637759.1 384500000 385000000 310.08571
OX637759.1 385000000 385500000 308.72473
OX637759.1 385500000 386000000 307.4454
OX637759.1 386000000 386500000 307.14021
OX637759.1 386500000 387000000 307.0
OX637759.1 387000000 387500000 306.33177
OX637759.1 387500000 388000000 306.001
OX637759.1 388000000 388500000 306.0
OX637759.1 388500000 389000000 305.2308
OX637759.1 389000000 389500000 305.0
OX637759.1 389500000 390000000 305.0006
OX637759.1 390000000 390500000 305.00147
OX637759.1 390500000 391000000 303.92424
OX637759.1 391000000 391500000 300.72775
OX637759.1 391500000 392000000 298.74417
OX637759.1 392000000 392500000 297.0
OX637759.1 392500000 393000000 297.0
OX637759.1 393000000 393500000 297.0
OX637759.1 393500000 394000000 297.0
OX637759.1 394000000 394500000 297.0
OX637759.1 394500000 395000000 297.00021
OX637759.1 395000000 395500000 296.09318
OX637759.1 395500000 396000000 293.59623
OX637759.1 396000000 396500000 292.24856
OX637759.1 396500000 397000000 291.77019
OX637759.1 397000000 397500000 291.0
OX637759.1 397500000 398000000 290.24123
OX637759.1 398000000 398500000 289.23911
OX637759.1 398500000 399000000 287.54631
OX637759.1 399000000 399500000 287.00094
OX637759.1 399500000 400000000 287.0
OX637759.1 400000000 400500000 286.49612
OX637759.1 400500000 401000000 285.79479
OX637759.1 401000000 401500000 283.07594
OX637759.1 401500000 402000000 282.0002
OX637759.1 402000000 402500000 281.00293
OX637759.1 402500000 403000000 279.93338
OX637759.1 403000000 403500000 278.0
OX637759.1 403500000 404000000 277.71995
OX637759.1 404000000 404500000 278.0
OX637759.1 404500000 405000000 278.0
OX637759.1 405000000 405500000 277.96926
OX637759.1 405500000 406000000 275.72948
OX637759.1 406000000 406500000 272.32997
OX637759.1 406500000 407000000 269.73212
OX637759.1 407000000 407500000 268.54757
OX637759.1 407500000 408000000 266.25562
OX637759.1 408000000 408500000 263.68003
OX637759.1 408500000 409000000 262.0
OX637759.1 409000000 409500000 262.00033
OX637759.1 409500000 410000000 262.0
OX637759.1 410000000 410500000 261.79288
OX637759.1 410500000 411000000 259.6996
OX637759.1 411000000 411500000 257.85572
OX637759.1 411500000 412000000 255.0
OX637759.1 412000000 412500000 254.16497
OX637759.1 412500000 413000000 253.46908
OX637759.1 413000000 413500000 251.49531
OX637759.1 413500000 414000000 247.75162
OX637759.1 414000000 414500000 246.69961
OX637759.1 414500000 415000000 244.51344
OX637759.1 415000000 415500000 240.77942
OX637759.1 415500000 416000000 238.03946
OX637759.1 416000000 416500000 236.64308
OX637759.1 416500000 417000000 235.76823
OX637759.1 417000000 417500000 233.91531
OX637759.1 417500000 418000000 231.01693
OX637759.1 418000000 418500000 227.9054
OX637759.1 418500000 419000000 224.40302
OX637759.1 419000000 419500000 219.772
OX637759.1 419500000 420000000 217.62552
OX637759.1 420000000 420500000 215.41764
OX637759.1 420500000 421000000 210.60835
OX637759.1 421000000 421500000 207.83324
OX637759.1 421500000 422000000 207.0
OX637759.1 422000000 422500000 204.92134
OX637759.1 422500000 423000000 198.44251
OX637759.1 423000000 423500000 192.37843
OX637759.1 423500000 424000000 189.34221
OX637759.1 424000000 424500000 188.82217
OX637759.1 424500000 425000000 187.0369
OX637759.1 425000000 425500000 185.55088
OX637759.1 425500000 426000000 184.19
OX637759.1 426000000 426500000 181.9054
OX637759.1 426500000 427000000 177.79871
OX637759.1 427000000 427500000 168.16763
OX637759.1 427500000 428000000 161.62138
OX637759.1 428000000 428500000 154.32059
OX637759.1 428500000 429000000 147.1308
OX637759.1 429000000 429500000 141.98197
OX637759.1 429500000 430000000 137.67927
OX637759.1 430000000 430500000 132.03416
OX637759.1 430500000 431000000 125.43425
OX637759.1 431000000 431500000 120.67568
OX637759.1 431500000 432000000 117.73424
OX637759.1 432000000 432500000 110.24978
OX637759.1 432500000 433000000 100.64803
OX637759.1 433000000 433500000 89.92489
OX637759.1 433500000 434000000 82.9781
OX637759.1 434000000 434500000 77.12919
OX637759.1 434500000 435000000 66.21459
OX637759.1 435000000 435500000 55.01537
OX637759.1 435500000 436000000 50.01228
OX637759.1 436000000 436500000 44.46048
OX637759.1 436500000 437000000 39.08545
OX637759.1 437000000 437500000 30.69162
OX637759.1 437500000 438000000 28.03981
OX637759.1 438000000 438500000 21.32815
OX637759.1 438500000 439000000 16.96986
OX637759.1 439000000 439500000 7.52373
OX637759.1 439500000 439685826 0.37781
