OX637739.1 0 500000 0.0
OX637739.1 500000 1000000 0.0
OX637739.1 1000000 1500000 1.85307
OX637739.1 1500000 2000000 4.0
OX637739.1 2000000 2500000 4.0
OX637739.1 2500000 3000000 4.0
OX637739.1 3000000 3500000 4.31805
OX637739.1 3500000 4000000 10.43149
OX637739.1 4000000 4500000 11.38425
OX637739.1 4500000 5000000 12.0
OX637739.1 5000000 5500000 15.37273
OX637739.1 5500000 6000000 17.0
OX637739.1 6000000 6500000 17.41461
OX637739.1 6500000 7000000 20.70432
OX637739.1 7000000 7500000 24.51507
OX637739.1 7500000 8000000 26.61915
OX637739.1 8000000 8500000 29.89841
OX637739.1 8500000 9000000 30.91201
OX637739.1 9000000 9500000 31.0
OX637739.1 9500000 10000000 31.0
OX637739.1 10000000 10500000 31.5366
OX637739.1 10500000 11000000 33.32148
OX637739.1 11000000 11500000 34.0
OX637739.1 11500000 12000000 34.57651
OX637739.1 12000000 12500000 35.46748
OX637739.1 12500000 13000000 36.085
OX637739.1 13000000 13500000 38.35953
OX637739.1 13500000 14000000 39.47795
OX637739.1 14000000 14500000 40.13424
OX637739.1 14500000 15000000 41.0
OX637739.1 15000000 15500000 41.19763
OX637739.1 15500000 16000000 42.0
OX637739.1 16000000 16500000 42.49765
OX637739.1 16500000 17000000 49.00082
OX637739.1 17000000 17500000 50.92527
OX637739.1 17500000 18000000 51.0
OX637739.1 18000000 18500000 51.0
OX637739.1 18500000 19000000 51.57407
OX637739.1 19000000 19500000 54.99439
OX637739.1 19500000 20000000 55.0
OX637739.1 20000000 20500000 55.327
OX637739.1 20500000 21000000 56.0
OX637739.1 21000000 21500000 56.0
OX637739.1 21500000 22000000 56.0
OX637739.1 22000000 22500000 56.39694
OX637739.1 22500000 23000000 58.0
OX637739.1 23000000 23500000 58.0
OX637739.1 23500000 24000000 58.16
OX637739.1 24000000 24500000 59.0
OX637739.1 24500000 25000000 59.0
OX637739.1 25000000 25500000 59.97492
OX637739.1 25500000 26000000 60.0
OX637739.1 26000000 26500000 60.52593
OX637739.1 26500000 27000000 61.0
OX637739.1 27000000 27500000 62.57604
OX637739.1 27500000 28000000 63.0
OX637739.1 28000000 28500000 63.0
OX637739.1 28500000 29000000 63.96417
OX637739.1 29000000 29500000 64.22332
OX637739.1 29500000 30000000 65.0
OX637739.1 30000000 30500000 65.0
OX637739.1 30500000 31000000 65.0
OX637739.1 31000000 31500000 65.0
OX637739.1 31500000 32000000 65.0
OX637739.1 32000000 32500000 65.23925
OX637739.1 32500000 33000000 66.75407
OX637739.1 33000000 33500000 67.0
OX637739.1 33500000 34000000 67.0
OX637739.1 34000000 34500000 67.99494
OX637739.1 34500000 35000000 68.28114
OX637739.1 35000000 35500000 69.0
OX637739.1 35500000 36000000 69.58697
OX637739.1 36000000 36500000 71.71284
OX637739.1 36500000 37000000 72.0
OX637739.1 37000000 37500000 72.0
OX637739.1 37500000 38000000 72.0
OX637739.1 38000000 38500000 72.0
OX637739.1 38500000 39000000 72.0
OX637739.1 39000000 39500000 72.78883
OX637739.1 39500000 40000000 73.0
OX637739.1 40000000 40500000 73.0
OX637739.1 40500000 41000000 73.0
OX637739.1 41000000 41500000 73.0
OX637739.1 41500000 42000000 73.0
OX637739.1 42000000 42500000 73.0
OX637739.1 42500000 43000000 73.0
OX637739.1 43000000 43500000 73.0
OX637739.1 43500000 44000000 73.0
OX637739.1 44000000 44500000 73.0
OX637739.1 44500000 45000000 73.0
OX637739.1 45000000 45500000 73.0
OX637739.1 45500000 46000000 73.0
OX637739.1 46000000 46500000 73.0
OX637739.1 46500000 47000000 73.0
OX637739.1 47000000 47500000 73.0
OX637739.1 47500000 48000000 73.0
OX637739.1 48000000 48500000 73.0
OX637739.1 48500000 49000000 73.0
OX637739.1 49000000 49500000 73.0
OX637739.1 49500000 50000000 73.0
OX637739.1 50000000 50500000 73.0
OX637739.1 50500000 51000000 73.0
OX637739.1 51000000 51500000 73.0
OX637739.1 51500000 52000000 73.0
OX637739.1 52000000 52500000 73.0
OX637739.1 52500000 53000000 73.0
OX637739.1 53000000 53500000 73.05707
OX637739.1 53500000 54000000 74.0
OX637739.1 54000000 54500000 74.0
OX637739.1 54500000 55000000 74.0
OX637739.1 55000000 55500000 74.0
OX637739.1 55500000 56000000 74.0
OX637739.1 56000000 56500000 74.0
OX637739.1 56500000 57000000 74.0
OX637739.1 57000000 57500000 74.0
OX637739.1 57500000 58000000 74.0
OX637739.1 58000000 58500000 74.0
OX637739.1 58500000 59000000 74.66067
OX637739.1 59000000 59500000 75.0
OX637739.1 59500000 60000000 75.0
OX637739.1 60000000 60500000 75.0
OX637739.1 60500000 61000000 75.0
OX637739.1 61000000 61500000 75.0
OX637739.1 61500000 62000000 75.0
OX637739.1 62000000 62500000 75.0
OX637739.1 62500000 63000000 75.0
OX637739.1 63000000 63500000 75.0
OX637739.1 63500000 64000000 75.0
OX637739.1 64000000 64500000 75.0
OX637739.1 64500000 65000000 75.0
OX637739.1 65000000 65500000 75.07066
OX637739.1 65500000 66000000 76.91173
OX637739.1 66000000 66500000 77.0
OX637739.1 66500000 67000000 77.0
OX637739.1 67000000 67500000 77.0
OX637739.1 67500000 68000000 77.0
OX637739.1 68000000 68500000 77.0
OX637739.1 68500000 69000000 77.0
OX637739.1 69000000 69500000 77.0
OX637739.1 69500000 70000000 77.0
OX637739.1 70000000 70500000 77.0
OX637739.1 70500000 71000000 77.0
OX637739.1 71000000 71500000 77.0
OX637739.1 71500000 72000000 77.0
OX637739.1 72000000 72500000 77.22311
OX637739.1 72500000 73000000 78.0
OX637739.1 73000000 73500000 78.0
OX637739.1 73500000 74000000 78.0
OX637739.1 74000000 74500000 78.0
OX637739.1 74500000 75000000 78.0
OX637739.1 75000000 75500000 78.0
OX637739.1 75500000 76000000 78.0
OX637739.1 76000000 76500000 78.0
OX637739.1 76500000 77000000 78.0
OX637739.1 77000000 77500000 78.0
OX637739.1 77500000 78000000 78.0
OX637739.1 78000000 78500000 78.0
OX637739.1 78500000 79000000 78.0
OX637739.1 79000000 79500000 78.0
OX637739.1 79500000 80000000 78.0
OX637739.1 80000000 80500000 78.0
OX637739.1 80500000 81000000 78.0
OX637739.1 81000000 81500000 78.0
OX637739.1 81500000 82000000 78.0
OX637739.1 82000000 82500000 78.0
OX637739.1 82500000 83000000 78.0
OX637739.1 83000000 83500000 78.0
OX637739.1 83500000 84000000 78.0
OX637739.1 84000000 84500000 78.0
OX637739.1 84500000 85000000 78.0
OX637739.1 85000000 85500000 78.0
OX637739.1 85500000 86000000 78.0
OX637739.1 86000000 86500000 78.0
OX637739.1 86500000 87000000 78.0
OX637739.1 87000000 87500000 78.0
OX637739.1 87500000 88000000 78.0
OX637739.1 88000000 88500000 78.0
OX637739.1 88500000 89000000 78.0
OX637739.1 89000000 89500000 78.0
OX637739.1 89500000 90000000 78.0
OX637739.1 90000000 90500000 78.0
OX637739.1 90500000 91000000 78.0
OX637739.1 91000000 91500000 78.0
OX637739.1 91500000 92000000 78.0
OX637739.1 92000000 92500000 78.0
OX637739.1 92500000 93000000 78.0
OX637739.1 93000000 93500000 78.0
OX637739.1 93500000 94000000 78.0
OX637739.1 94000000 94500000 78.0
OX637739.1 94500000 95000000 78.0
OX637739.1 95000000 95500000 78.0
OX637739.1 95500000 96000000 78.0
OX637739.1 96000000 96500000 78.0
OX637739.1 96500000 97000000 78.0
OX637739.1 97000000 97500000 78.0
OX637739.1 97500000 98000000 78.0
OX637739.1 98000000 98500000 78.0
OX637739.1 98500000 99000000 78.0
OX637739.1 99000000 99500000 78.0
OX637739.1 99500000 100000000 78.0
OX637739.1 100000000 100500000 78.74166
OX637739.1 100500000 101000000 79.0
OX637739.1 101000000 101500000 79.0
OX637739.1 101500000 102000000 79.0
OX637739.1 102000000 102500000 79.0
OX637739.1 102500000 103000000 79.0
OX637739.1 103000000 103500000 79.0
OX637739.1 103500000 104000000 79.0
OX637739.1 104000000 104500000 79.0
OX637739.1 104500000 105000000 79.0
OX637739.1 105000000 105500000 79.0
OX637739.1 105500000 106000000 79.0
OX637739.1 106000000 106500000 79.0
OX637739.1 106500000 107000000 79.0
OX637739.1 107000000 107500000 79.0
OX637739.1 107500000 108000000 79.0
OX637739.1 108000000 108500000 79.0
OX637739.1 108500000 109000000 79.0
OX637739.1 109000000 109500000 79.0
OX637739.1 109500000 110000000 79.0
OX637739.1 110000000 110500000 79.0
OX637739.1 110500000 111000000 79.0
OX637739.1 111000000 111500000 79.0
OX637739.1 111500000 112000000 79.0
OX637739.1 112000000 112500000 79.0
OX637739.1 112500000 113000000 79.0
OX637739.1 113000000 113500000 79.0
OX637739.1 113500000 114000000 79.0
OX637739.1 114000000 114500000 79.0
OX637739.1 114500000 115000000 79.0
OX637739.1 115000000 115500000 79.0
OX637739.1 115500000 116000000 79.0
OX637739.1 116000000 116500000 79.0
OX637739.1 116500000 117000000 79.0
OX637739.1 117000000 117500000 79.0
OX637739.1 117500000 118000000 79.0
OX637739.1 118000000 118500000 79.0
OX637739.1 118500000 119000000 79.0
OX637739.1 119000000 119500000 79.0
OX637739.1 119500000 120000000 79.0
OX637739.1 120000000 120500000 79.0
OX637739.1 120500000 121000000 79.0
OX637739.1 121000000 121500000 79.0
OX637739.1 121500000 122000000 79.0
OX637739.1 122000000 122500000 79.0
OX637739.1 122500000 123000000 79.0
OX637739.1 123000000 123500000 79.0
OX637739.1 123500000 124000000 79.0
OX637739.1 124000000 124500000 79.0
OX637739.1 124500000 125000000 79.0
OX637739.1 125000000 125500000 79.0
OX637739.1 125500000 126000000 79.0
OX637739.1 126000000 126500000 79.0
OX637739.1 126500000 127000000 79.0
OX637739.1 127000000 127500000 79.0
OX637739.1 127500000 128000000 79.0
OX637739.1 128000000 128500000 79.0
OX637739.1 128500000 129000000 79.0
OX637739.1 129000000 129500000 79.0
OX637739.1 129500000 130000000 79.0
OX637739.1 130000000 130500000 79.0
OX637739.1 130500000 131000000 79.0
OX637739.1 131000000 131500000 79.0
OX637739.1 131500000 132000000 79.0
OX637739.1 132000000 132500000 79.0
OX637739.1 132500000 133000000 79.0
OX637739.1 133000000 133500000 79.60852
OX637739.1 133500000 134000000 80.0
OX637739.1 134000000 134500000 80.0
OX637739.1 134500000 135000000 80.0
OX637739.1 135000000 135500000 80.0
OX637739.1 135500000 136000000 80.0
OX637739.1 136000000 136500000 80.0
OX637739.1 136500000 137000000 80.0
OX637739.1 137000000 137500000 80.0
OX637739.1 137500000 138000000 80.0
OX637739.1 138000000 138500000 80.0
OX637739.1 138500000 139000000 80.0
OX637739.1 139000000 139500000 80.0
OX637739.1 139500000 140000000 80.0
OX637739.1 140000000 140500000 80.0
OX637739.1 140500000 141000000 80.0
OX637739.1 141000000 141500000 80.0
OX637739.1 141500000 142000000 80.0
OX637739.1 142000000 142500000 80.0
OX637739.1 142500000 143000000 80.0
OX637739.1 143000000 143500000 80.0
OX637739.1 143500000 144000000 80.0
OX637739.1 144000000 144500000 80.0
OX637739.1 144500000 145000000 80.0
OX637739.1 145000000 145500000 80.0
OX637739.1 145500000 146000000 80.0
OX637739.1 146000000 146500000 80.0
OX637739.1 146500000 147000000 80.0
OX637739.1 147000000 147500000 80.0
OX637739.1 147500000 148000000 80.0
OX637739.1 148000000 148500000 80.0
OX637739.1 148500000 149000000 80.0
OX637739.1 149000000 149500000 80.0
OX637739.1 149500000 150000000 80.0
OX637739.1 150000000 150500000 80.0
OX637739.1 150500000 151000000 80.0
OX637739.1 151000000 151500000 80.0
OX637739.1 151500000 152000000 80.0
OX637739.1 152000000 152500000 80.0
OX637739.1 152500000 153000000 80.0
OX637739.1 153000000 153500000 80.0
OX637739.1 153500000 154000000 80.0
OX637739.1 154000000 154500000 80.0
OX637739.1 154500000 155000000 80.0
OX637739.1 155000000 155500000 80.0
OX637739.1 155500000 156000000 80.0
OX637739.1 156000000 156500000 80.0
OX637739.1 156500000 157000000 80.0
OX637739.1 157000000 157500000 80.0
OX637739.1 157500000 158000000 80.0
OX637739.1 158000000 158500000 80.0
OX637739.1 158500000 159000000 80.0
OX637739.1 159000000 159500000 80.0
OX637739.1 159500000 160000000 80.0
OX637739.1 160000000 160500000 80.0
OX637739.1 160500000 161000000 80.0
OX637739.1 161000000 161500000 80.0
OX637739.1 161500000 162000000 80.0
OX637739.1 162000000 162500000 80.0
OX637739.1 162500000 163000000 80.0
OX637739.1 163000000 163500000 80.0
OX637739.1 163500000 164000000 80.0
OX637739.1 164000000 164500000 80.0
OX637739.1 164500000 165000000 80.0
OX637739.1 165000000 165500000 80.0
OX637739.1 165500000 166000000 80.85526
OX637739.1 166000000 166500000 81.0
OX637739.1 166500000 167000000 81.0
OX637739.1 167000000 167500000 81.0
OX637739.1 167500000 168000000 81.0
OX637739.1 168000000 168500000 81.0
OX637739.1 168500000 169000000 81.0
OX637739.1 169000000 169500000 81.0
OX637739.1 169500000 170000000 81.0
OX637739.1 170000000 170500000 81.0
OX637739.1 170500000 171000000 81.0
OX637739.1 171000000 171500000 81.0
OX637739.1 171500000 172000000 81.0
OX637739.1 172000000 172500000 81.0
OX637739.1 172500000 173000000 81.0
OX637739.1 173000000 173500000 81.0
OX637739.1 173500000 174000000 81.0
OX637739.1 174000000 174500000 81.0
OX637739.1 174500000 175000000 81.0
OX637739.1 175000000 175500000 81.0
OX637739.1 175500000 176000000 81.0
OX637739.1 176000000 176500000 81.0
OX637739.1 176500000 177000000 81.0
OX637739.1 177000000 177500000 81.0
OX637739.1 177500000 178000000 81.0
OX637739.1 178000000 178500000 81.0
OX637739.1 178500000 179000000 81.0
OX637739.1 179000000 179500000 81.0
OX637739.1 179500000 180000000 81.11798
OX637739.1 180000000 180500000 82.0
OX637739.1 180500000 181000000 82.0
OX637739.1 181000000 181500000 82.0
OX637739.1 181500000 182000000 82.0
OX637739.1 182000000 182500000 82.0
OX637739.1 182500000 183000000 82.0
OX637739.1 183000000 183500000 82.0
OX637739.1 183500000 184000000 82.0
OX637739.1 184000000 184500000 82.0
OX637739.1 184500000 185000000 82.0
OX637739.1 185000000 185500000 82.0
OX637739.1 185500000 186000000 82.0
OX637739.1 186000000 186500000 82.0
OX637739.1 186500000 187000000 82.0
OX637739.1 187000000 187500000 82.0
OX637739.1 187500000 188000000 82.0
OX637739.1 188000000 188500000 82.0
OX637739.1 188500000 189000000 82.0
OX637739.1 189000000 189500000 82.0
OX637739.1 189500000 190000000 82.0
OX637739.1 190000000 190500000 82.0
OX637739.1 190500000 191000000 82.0
OX637739.1 191000000 191500000 82.0
OX637739.1 191500000 192000000 82.0
OX637739.1 192000000 192500000 82.0
OX637739.1 192500000 193000000 82.0
OX637739.1 193000000 193500000 82.0
OX637739.1 193500000 194000000 82.0
OX637739.1 194000000 194500000 82.0
OX637739.1 194500000 195000000 82.0
OX637739.1 195000000 195500000 82.0
OX637739.1 195500000 196000000 82.0
OX637739.1 196000000 196500000 82.0
OX637739.1 196500000 197000000 82.0
OX637739.1 197000000 197500000 82.0
OX637739.1 197500000 198000000 82.0
OX637739.1 198000000 198500000 82.9301
OX637739.1 198500000 199000000 83.0
OX637739.1 199000000 199500000 83.0
OX637739.1 199500000 200000000 83.0
OX637739.1 200000000 200500000 83.0
OX637739.1 200500000 201000000 83.0
OX637739.1 201000000 201500000 83.0
OX637739.1 201500000 202000000 83.0
OX637739.1 202000000 202500000 83.0
OX637739.1 202500000 203000000 83.0
OX637739.1 203000000 203500000 83.0
OX637739.1 203500000 204000000 83.0
OX637739.1 204000000 204500000 83.0
OX637739.1 204500000 205000000 83.0
OX637739.1 205000000 205500000 83.0
OX637739.1 205500000 206000000 83.0
OX637739.1 206000000 206500000 83.0
OX637739.1 206500000 207000000 83.0
OX637739.1 207000000 207500000 83.8605
OX637739.1 207500000 208000000 84.0
OX637739.1 208000000 208500000 84.0
OX637739.1 208500000 209000000 84.0
OX637739.1 209000000 209500000 84.0
OX637739.1 209500000 210000000 84.0
OX637739.1 210000000 210500000 84.0
OX637739.1 210500000 211000000 84.0
OX637739.1 211000000 211500000 84.0
OX637739.1 211500000 212000000 84.0
OX637739.1 212000000 212500000 84.0
OX637739.1 212500000 213000000 84.4689
OX637739.1 213000000 213500000 85.0
OX637739.1 213500000 214000000 85.0
OX637739.1 214000000 214500000 85.0
OX637739.1 214500000 215000000 85.0
OX637739.1 215000000 215500000 85.0
OX637739.1 215500000 216000000 85.0
OX637739.1 216000000 216500000 85.0
OX637739.1 216500000 217000000 85.0
OX637739.1 217000000 217500000 85.0
OX637739.1 217500000 218000000 85.0
OX637739.1 218000000 218500000 85.0
OX637739.1 218500000 219000000 85.35987
OX637739.1 219000000 219500000 86.0
OX637739.1 219500000 220000000 86.0
OX637739.1 220000000 220500000 86.0
OX637739.1 220500000 221000000 85.56929
OX637739.1 221000000 221500000 85.0
OX637739.1 221500000 222000000 85.0
OX637739.1 222000000 222500000 85.65732
OX637739.1 222500000 223000000 86.0
OX637739.1 223000000 223500000 86.0
OX637739.1 223500000 224000000 86.0
OX637739.1 224000000 224500000 86.0
OX637739.1 224500000 225000000 86.0
OX637739.1 225000000 225500000 86.0
OX637739.1 225500000 226000000 86.0
OX637739.1 226000000 226500000 86.0
OX637739.1 226500000 227000000 86.0
OX637739.1 227000000 227500000 86.0
OX637739.1 227500000 228000000 86.0
OX637739.1 228000000 228500000 86.66436
OX637739.1 228500000 229000000 87.0
OX637739.1 229000000 229500000 87.0
OX637739.1 229500000 230000000 87.0
OX637739.1 230000000 230500000 87.0
OX637739.1 230500000 231000000 87.0
OX637739.1 231000000 231500000 87.0
OX637739.1 231500000 232000000 87.0
OX637739.1 232000000 232500000 87.0
OX637739.1 232500000 233000000 87.0
OX637739.1 233000000 233500000 87.0
OX637739.1 233500000 234000000 87.0
OX637739.1 234000000 234500000 87.0
OX637739.1 234500000 235000000 87.0
OX637739.1 235000000 235500000 87.0
OX637739.1 235500000 236000000 87.0
OX637739.1 236000000 236500000 87.0
OX637739.1 236500000 237000000 87.0
OX637739.1 237000000 237500000 87.0
OX637739.1 237500000 238000000 87.0
OX637739.1 238000000 238500000 87.0
OX637739.1 238500000 239000000 87.0
OX637739.1 239000000 239500000 87.0
OX637739.1 239500000 240000000 87.0
OX637739.1 240000000 240500000 87.0
OX637739.1 240500000 241000000 87.0
OX637739.1 241000000 241500000 87.0
OX637739.1 241500000 242000000 87.0
OX637739.1 242000000 242500000 87.0
OX637739.1 242500000 243000000 87.0
OX637739.1 243000000 243500000 87.0
OX637739.1 243500000 244000000 87.0
OX637739.1 244000000 244500000 87.0
OX637739.1 244500000 245000000 87.0
OX637739.1 245000000 245500000 87.0
OX637739.1 245500000 246000000 87.0
OX637739.1 246000000 246500000 87.0
OX637739.1 246500000 247000000 87.0
OX637739.1 247000000 247500000 87.0
OX637739.1 247500000 248000000 87.0
OX637739.1 248000000 248500000 87.0
OX637739.1 248500000 249000000 87.0
OX637739.1 249000000 249500000 87.0
OX637739.1 249500000 250000000 87.0
OX637739.1 250000000 250500000 87.0
OX637739.1 250500000 251000000 87.0
OX637739.1 251000000 251500000 87.0
OX637739.1 251500000 252000000 87.0
OX637739.1 252000000 252500000 87.0
OX637739.1 252500000 253000000 87.0
OX637739.1 253000000 253500000 87.0
OX637739.1 253500000 254000000 87.0
OX637739.1 254000000 254500000 87.0
OX637739.1 254500000 255000000 87.0
OX637739.1 255000000 255500000 87.0
OX637739.1 255500000 256000000 87.0
OX637739.1 256000000 256500000 87.0
OX637739.1 256500000 257000000 87.0
OX637739.1 257000000 257500000 87.0
OX637739.1 257500000 258000000 87.0
OX637739.1 258000000 258500000 87.0
OX637739.1 258500000 259000000 87.0
OX637739.1 259000000 259500000 87.0
OX637739.1 259500000 260000000 87.0
OX637739.1 260000000 260500000 87.0
OX637739.1 260500000 261000000 87.0
OX637739.1 261000000 261500000 87.34735
OX637739.1 261500000 262000000 87.0
OX637739.1 262000000 262500000 87.0
OX637739.1 262500000 263000000 87.0
OX637739.1 263000000 263500000 87.0
OX637739.1 263500000 264000000 87.0
OX637739.1 264000000 264500000 87.0
OX637739.1 264500000 265000000 87.0
OX637739.1 265000000 265500000 87.0
OX637739.1 265500000 266000000 87.0
OX637739.1 266000000 266500000 87.0
OX637739.1 266500000 267000000 87.0
OX637739.1 267000000 267500000 87.24644
OX637739.1 267500000 268000000 88.0
OX637739.1 268000000 268500000 88.0
OX637739.1 268500000 269000000 88.0
OX637739.1 269000000 269500000 88.0
OX637739.1 269500000 270000000 88.0
OX637739.1 270000000 270500000 88.0
OX637739.1 270500000 271000000 88.0
OX637739.1 271000000 271500000 88.0
OX637739.1 271500000 272000000 88.0
OX637739.1 272000000 272500000 88.0
OX637739.1 272500000 273000000 88.0
OX637739.1 273000000 273500000 88.0
OX637739.1 273500000 274000000 88.0
OX637739.1 274000000 274500000 88.0
OX637739.1 274500000 275000000 88.0
OX637739.1 275000000 275500000 88.0
OX637739.1 275500000 276000000 88.0
OX637739.1 276000000 276500000 88.0
OX637739.1 276500000 277000000 88.0
OX637739.1 277000000 277500000 88.0
OX637739.1 277500000 278000000 88.0
OX637739.1 278000000 278500000 88.0
OX637739.1 278500000 279000000 88.0
OX637739.1 279000000 279500000 88.46718
OX637739.1 279500000 280000000 89.0
OX637739.1 280000000 280500000 89.0
OX637739.1 280500000 281000000 89.0
OX637739.1 281000000 281500000 89.0
OX637739.1 281500000 282000000 89.0
OX637739.1 282000000 282500000 89.0
OX637739.1 282500000 283000000 89.0
OX637739.1 283000000 283500000 89.0
OX637739.1 283500000 284000000 89.0
OX637739.1 284000000 284500000 89.0
OX637739.1 284500000 285000000 89.0
OX637739.1 285000000 285500000 89.0
OX637739.1 285500000 286000000 89.0
OX637739.1 286000000 286500000 89.0
OX637739.1 286500000 287000000 89.0
OX637739.1 287000000 287500000 89.0
OX637739.1 287500000 288000000 89.0
OX637739.1 288000000 288500000 89.0
OX637739.1 288500000 289000000 89.0
OX637739.1 289000000 289500000 89.0
OX637739.1 289500000 290000000 89.0
OX637739.1 290000000 290500000 89.0
OX637739.1 290500000 291000000 89.0
OX637739.1 291000000 291500000 89.0
OX637739.1 291500000 292000000 89.0
OX637739.1 292000000 292500000 89.0
OX637739.1 292500000 293000000 89.0
OX637739.1 293000000 293500000 89.0
OX637739.1 293500000 294000000 89.0
OX637739.1 294000000 294500000 89.0
OX637739.1 294500000 295000000 89.0
OX637739.1 295000000 295500000 89.0
OX637739.1 295500000 296000000 89.0
OX637739.1 296000000 296500000 89.0
OX637739.1 296500000 297000000 89.0
OX637739.1 297000000 297500000 89.0
OX637739.1 297500000 298000000 89.0
OX637739.1 298000000 298500000 89.0
OX637739.1 298500000 299000000 89.0
OX637739.1 299000000 299500000 89.0
OX637739.1 299500000 300000000 89.76802
OX637739.1 300000000 300500000 90.0
OX637739.1 300500000 301000000 90.0
OX637739.1 301000000 301500000 90.0
OX637739.1 301500000 302000000 90.0
OX637739.1 302000000 302500000 90.0
OX637739.1 302500000 303000000 90.0
OX637739.1 303000000 303500000 90.0
OX637739.1 303500000 304000000 90.0
OX637739.1 304000000 304500000 90.0
OX637739.1 304500000 305000000 90.1944
OX637739.1 305000000 305500000 91.35864
OX637739.1 305500000 306000000 92.0
OX637739.1 306000000 306500000 92.0
OX637739.1 306500000 307000000 92.6186
OX637739.1 307000000 307500000 93.0
OX637739.1 307500000 308000000 93.0
OX637739.1 308000000 308500000 93.0
OX637739.1 308500000 309000000 93.0
OX637739.1 309000000 309500000 93.0
OX637739.1 309500000 310000000 93.0
OX637739.1 310000000 310500000 93.0
OX637739.1 310500000 311000000 93.0
OX637739.1 311000000 311500000 93.0
OX637739.1 311500000 312000000 93.0
OX637739.1 312000000 312500000 93.0
OX637739.1 312500000 313000000 93.0
OX637739.1 313000000 313500000 93.0
OX637739.1 313500000 314000000 93.0
OX637739.1 314000000 314500000 93.0
OX637739.1 314500000 315000000 93.0
OX637739.1 315000000 315500000 93.0
OX637739.1 315500000 316000000 93.0
OX637739.1 316000000 316500000 93.00671
OX637739.1 316500000 317000000 94.0
OX637739.1 317000000 317500000 94.0
OX637739.1 317500000 318000000 94.0
OX637739.1 318000000 318500000 94.0
OX637739.1 318500000 319000000 94.0
OX637739.1 319000000 319500000 94.59653
OX637739.1 319500000 320000000 95.0
OX637739.1 320000000 320500000 95.0
OX637739.1 320500000 321000000 95.0
OX637739.1 321000000 321500000 95.0
OX637739.1 321500000 322000000 95.0
OX637739.1 322000000 322500000 95.0
OX637739.1 322500000 323000000 95.0
OX637739.1 323000000 323500000 95.0
OX637739.1 323500000 324000000 95.0
OX637739.1 324000000 324500000 95.56344
OX637739.1 324500000 325000000 96.0
OX637739.1 325000000 325500000 96.09094
OX637739.1 325500000 326000000 97.0
OX637739.1 326000000 326500000 97.0
OX637739.1 326500000 327000000 97.0
OX637739.1 327000000 327500000 97.0
OX637739.1 327500000 328000000 97.0
OX637739.1 328000000 328500000 97.0
OX637739.1 328500000 329000000 97.0
OX637739.1 329000000 329500000 97.0
OX637739.1 329500000 330000000 97.0
OX637739.1 330000000 330500000 97.0
OX637739.1 330500000 331000000 97.0
OX637739.1 331000000 331500000 97.0
OX637739.1 331500000 332000000 97.0
OX637739.1 332000000 332500000 97.0
OX637739.1 332500000 333000000 97.0
OX637739.1 333000000 333500000 97.0
OX637739.1 333500000 334000000 97.0
OX637739.1 334000000 334500000 97.0
OX637739.1 334500000 335000000 97.99699
OX637739.1 335000000 335500000 98.0
OX637739.1 335500000 336000000 98.0
OX637739.1 336000000 336500000 98.0
OX637739.1 336500000 337000000 98.0
OX637739.1 337000000 337500000 98.0
OX637739.1 337500000 338000000 98.58192
OX637739.1 338000000 338500000 99.0
OX637739.1 338500000 339000000 99.0
OX637739.1 339000000 339500000 99.0
OX637739.1 339500000 340000000 99.0
OX637739.1 340000000 340500000 99.0
OX637739.1 340500000 341000000 99.0
OX637739.1 341000000 341500000 99.0
OX637739.1 341500000 342000000 99.0
OX637739.1 342000000 342500000 99.0
OX637739.1 342500000 343000000 99.0
OX637739.1 343000000 343500000 99.0
OX637739.1 343500000 344000000 99.0
OX637739.1 344000000 344500000 99.0
OX637739.1 344500000 345000000 99.0
OX637739.1 345000000 345500000 99.0
OX637739.1 345500000 346000000 99.0
OX637739.1 346000000 346500000 99.60569
OX637739.1 346500000 347000000 100.0
OX637739.1 347000000 347500000 100.0
OX637739.1 347500000 348000000 100.0
OX637739.1 348000000 348500000 100.0
OX637739.1 348500000 349000000 100.0
OX637739.1 349000000 349500000 100.0
OX637739.1 349500000 350000000 100.60364
OX637739.1 350000000 350500000 102.0
OX637739.1 350500000 351000000 102.0
OX637739.1 351000000 351500000 102.36257
OX637739.1 351500000 352000000 103.0
OX637739.1 352000000 352500000 103.0
OX637739.1 352500000 353000000 103.0
OX637739.1 353000000 353500000 103.0
OX637739.1 353500000 354000000 103.0
OX637739.1 354000000 354500000 103.0
OX637739.1 354500000 355000000 103.50773
OX637739.1 355000000 355500000 104.73388
OX637739.1 355500000 356000000 105.44835
OX637739.1 356000000 356500000 106.0
OX637739.1 356500000 357000000 106.0
OX637739.1 357000000 357500000 106.0
OX637739.1 357500000 358000000 106.0
OX637739.1 358000000 358500000 106.0
OX637739.1 358500000 359000000 106.0
OX637739.1 359000000 359500000 106.0
OX637739.1 359500000 360000000 106.0
OX637739.1 360000000 360500000 106.0
OX637739.1 360500000 361000000 106.0
OX637739.1 361000000 361500000 106.49613
OX637739.1 361500000 362000000 106.5353
OX637739.1 362000000 362500000 106.0
OX637739.1 362500000 363000000 106.0
OX637739.1 363000000 363500000 106.0
OX637739.1 363500000 364000000 106.0
OX637739.1 364000000 364500000 106.99494
OX637739.1 364500000 365000000 107.0
OX637739.1 365000000 365500000 107.0
OX637739.1 365500000 366000000 107.0
OX637739.1 366000000 366500000 107.0
OX637739.1 366500000 367000000 107.0
OX637739.1 367000000 367500000 107.0
OX637739.1 367500000 368000000 107.0
OX637739.1 368000000 368500000 107.0
OX637739.1 368500000 369000000 107.0
OX637739.1 369000000 369500000 107.0
OX637739.1 369500000 370000000 107.0
OX637739.1 370000000 370500000 107.0
OX637739.1 370500000 371000000 107.0
OX637739.1 371000000 371500000 107.0
OX637739.1 371500000 372000000 107.0
OX637739.1 372000000 372500000 107.0
OX637739.1 372500000 373000000 107.0
OX637739.1 373000000 373500000 107.0
OX637739.1 373500000 374000000 107.0
OX637739.1 374000000 374500000 107.0
OX637739.1 374500000 375000000 107.0
OX637739.1 375000000 375500000 107.0
OX637739.1 375500000 376000000 107.0
OX637739.1 376000000 376500000 107.0
OX637739.1 376500000 377000000 107.0
OX637739.1 377000000 377500000 107.0
OX637739.1 377500000 378000000 107.0
OX637739.1 378000000 378500000 107.0
OX637739.1 378500000 379000000 107.0
OX637739.1 379000000 379500000 107.0
OX637739.1 379500000 380000000 107.0
OX637739.1 380000000 380500000 107.0
OX637739.1 380500000 381000000 107.0
OX637739.1 381000000 381500000 107.0
OX637739.1 381500000 382000000 107.0
OX637739.1 382000000 382500000 107.0
OX637739.1 382500000 383000000 107.0
OX637739.1 383000000 383500000 107.0
OX637739.1 383500000 384000000 107.0
OX637739.1 384000000 384500000 107.99559
OX637739.1 384500000 385000000 108.0
OX637739.1 385000000 385500000 108.0
OX637739.1 385500000 386000000 108.0
OX637739.1 386000000 386500000 108.0
OX637739.1 386500000 387000000 108.0
OX637739.1 387000000 387500000 108.0
OX637739.1 387500000 388000000 108.0
OX637739.1 388000000 388500000 108.0
OX637739.1 388500000 389000000 108.0
OX637739.1 389000000 389500000 108.0
OX637739.1 389500000 390000000 108.0
OX637739.1 390000000 390500000 108.0
OX637739.1 390500000 391000000 108.0
OX637739.1 391000000 391500000 108.0
OX637739.1 391500000 392000000 108.0
OX637739.1 392000000 392500000 108.0
OX637739.1 392500000 393000000 108.0
OX637739.1 393000000 393500000 108.0
OX637739.1 393500000 394000000 108.0
OX637739.1 394000000 394500000 108.0
OX637739.1 394500000 395000000 108.0
OX637739.1 395000000 395500000 108.0
OX637739.1 395500000 396000000 108.0
OX637739.1 396000000 396500000 108.0
OX637739.1 396500000 397000000 108.0
OX637739.1 397000000 397500000 108.0
OX637739.1 397500000 398000000 108.0
OX637739.1 398000000 398500000 108.0
OX637739.1 398500000 399000000 108.0
OX637739.1 399000000 399500000 108.0
OX637739.1 399500000 400000000 108.0
OX637739.1 400000000 400500000 108.0
OX637739.1 400500000 401000000 108.0
OX637739.1 401000000 401500000 108.0
OX637739.1 401500000 402000000 108.0
OX637739.1 402000000 402500000 108.10316
OX637739.1 402500000 403000000 109.0
OX637739.1 403000000 403500000 109.0
OX637739.1 403500000 404000000 109.0
OX637739.1 404000000 404500000 109.0
OX637739.1 404500000 405000000 109.0
OX637739.1 405000000 405500000 109.0
OX637739.1 405500000 406000000 109.0
OX637739.1 406000000 406500000 109.19634
OX637739.1 406500000 407000000 109.0
OX637739.1 407000000 407500000 109.0
OX637739.1 407500000 408000000 109.0
OX637739.1 408000000 408500000 109.0
OX637739.1 408500000 409000000 109.3648
OX637739.1 409000000 409500000 109.22488
OX637739.1 409500000 410000000 109.0
OX637739.1 410000000 410500000 109.0
OX637739.1 410500000 411000000 109.0
OX637739.1 411000000 411500000 109.0
OX637739.1 411500000 412000000 109.0
OX637739.1 412000000 412500000 109.0
OX637739.1 412500000 413000000 109.0
OX637739.1 413000000 413500000 109.0
OX637739.1 413500000 414000000 109.0
OX637739.1 414000000 414500000 109.0
OX637739.1 414500000 415000000 109.0
OX637739.1 415000000 415500000 109.0
OX637739.1 415500000 416000000 109.0
OX637739.1 416000000 416500000 109.0
OX637739.1 416500000 417000000 109.0
OX637739.1 417000000 417500000 109.0
OX637739.1 417500000 418000000 109.0
OX637739.1 418000000 418500000 108.92743
OX637739.1 418500000 419000000 108.0
OX637739.1 419000000 419500000 108.0
OX637739.1 419500000 420000000 108.0
OX637739.1 420000000 420500000 108.0
OX637739.1 420500000 421000000 108.0
OX637739.1 421000000 421500000 108.0
OX637739.1 421500000 422000000 108.0
OX637739.1 422000000 422500000 108.0
OX637739.1 422500000 423000000 108.0
OX637739.1 423000000 423500000 108.0
OX637739.1 423500000 424000000 108.0
OX637739.1 424000000 424500000 108.0
OX637739.1 424500000 425000000 108.0
OX637739.1 425000000 425500000 108.0
OX637739.1 425500000 426000000 108.0
OX637739.1 426000000 426500000 108.0
OX637739.1 426500000 427000000 108.0
OX637739.1 427000000 427500000 108.0
OX637739.1 427500000 428000000 108.0
OX637739.1 428000000 428500000 108.0
OX637739.1 428500000 429000000 108.0
OX637739.1 429000000 429500000 108.0
OX637739.1 429500000 430000000 108.0
OX637739.1 430000000 430500000 108.0
OX637739.1 430500000 431000000 108.0
OX637739.1 431000000 431500000 108.0
OX637739.1 431500000 432000000 108.0
OX637739.1 432000000 432500000 108.0
OX637739.1 432500000 433000000 108.0
OX637739.1 433000000 433500000 108.0
OX637739.1 433500000 434000000 108.0
OX637739.1 434000000 434500000 107.12891
OX637739.1 434500000 435000000 107.0
OX637739.1 435000000 435500000 107.0
OX637739.1 435500000 436000000 107.0
OX637739.1 436000000 436500000 107.0
OX637739.1 436500000 437000000 107.0
OX637739.1 437000000 437500000 107.0
OX637739.1 437500000 438000000 107.0
OX637739.1 438000000 438500000 107.0
OX637739.1 438500000 439000000 107.0
OX637739.1 439000000 439500000 107.0
OX637739.1 439500000 440000000 107.0
OX637739.1 440000000 440500000 107.0
OX637739.1 440500000 441000000 107.0
OX637739.1 441000000 441500000 107.0
OX637739.1 441500000 442000000 107.0
OX637739.1 442000000 442500000 107.0
OX637739.1 442500000 443000000 106.03415
OX637739.1 443000000 443500000 106.0
OX637739.1 443500000 444000000 106.0
OX637739.1 444000000 444500000 105.26381
OX637739.1 444500000 445000000 104.0
OX637739.1 445000000 445500000 104.0
OX637739.1 445500000 446000000 104.0
OX637739.1 446000000 446500000 104.0
OX637739.1 446500000 447000000 104.0
OX637739.1 447000000 447500000 104.0
OX637739.1 447500000 448000000 104.0
OX637739.1 448000000 448500000 104.0
OX637739.1 448500000 449000000 104.0
OX637739.1 449000000 449500000 104.0
OX637739.1 449500000 450000000 104.0
OX637739.1 450000000 450500000 104.0
OX637739.1 450500000 451000000 104.0
OX637739.1 451000000 451500000 104.0
OX637739.1 451500000 452000000 104.0
OX637739.1 452000000 452500000 104.0
OX637739.1 452500000 453000000 104.0
OX637739.1 453000000 453500000 104.0
OX637739.1 453500000 454000000 104.0
OX637739.1 454000000 454500000 104.0
OX637739.1 454500000 455000000 104.0
OX637739.1 455000000 455500000 104.0
OX637739.1 455500000 456000000 104.0
OX637739.1 456000000 456500000 104.0
OX637739.1 456500000 457000000 104.0
OX637739.1 457000000 457500000 104.0
OX637739.1 457500000 458000000 104.0
OX637739.1 458000000 458500000 104.0
OX637739.1 458500000 459000000 104.0
OX637739.1 459000000 459500000 103.76265
OX637739.1 459500000 460000000 103.0
OX637739.1 460000000 460500000 103.0
OX637739.1 460500000 461000000 103.0
OX637739.1 461000000 461500000 103.0
OX637739.1 461500000 462000000 103.0
OX637739.1 462000000 462500000 103.0
OX637739.1 462500000 463000000 102.67474
OX637739.1 463000000 463500000 102.0
OX637739.1 463500000 464000000 102.0
OX637739.1 464000000 464500000 102.0
OX637739.1 464500000 465000000 102.0
OX637739.1 465000000 465500000 102.0
OX637739.1 465500000 466000000 102.0
OX637739.1 466000000 466500000 102.0
OX637739.1 466500000 467000000 101.05456
OX637739.1 467000000 467500000 101.0
OX637739.1 467500000 468000000 101.0
OX637739.1 468000000 468500000 101.0
OX637739.1 468500000 469000000 101.0
OX637739.1 469000000 469500000 101.0
OX637739.1 469500000 470000000 101.0
OX637739.1 470000000 470500000 101.0
OX637739.1 470500000 471000000 101.0
OX637739.1 471000000 471500000 101.0
OX637739.1 471500000 472000000 101.0
OX637739.1 472000000 472500000 101.0
OX637739.1 472500000 473000000 101.0
OX637739.1 473000000 473500000 101.0
OX637739.1 473500000 474000000 101.0
OX637739.1 474000000 474500000 101.0
OX637739.1 474500000 475000000 101.0
OX637739.1 475000000 475500000 100.89117
OX637739.1 475500000 476000000 99.46733
OX637739.1 476000000 476500000 99.0
OX637739.1 476500000 477000000 99.0
OX637739.1 477000000 477500000 99.0
OX637739.1 477500000 478000000 99.0
OX637739.1 478000000 478500000 99.0
OX637739.1 478500000 479000000 99.0
OX637739.1 479000000 479500000 99.0
OX637739.1 479500000 480000000 99.0
OX637739.1 480000000 480500000 99.0
OX637739.1 480500000 481000000 99.0
OX637739.1 481000000 481500000 99.0
OX637739.1 481500000 482000000 99.0
OX637739.1 482000000 482500000 99.0
OX637739.1 482500000 483000000 99.0
OX637739.1 483000000 483500000 99.0
OX637739.1 483500000 484000000 99.0
OX637739.1 484000000 484500000 99.0
OX637739.1 484500000 485000000 99.0
OX637739.1 485000000 485500000 98.47234
OX637739.1 485500000 486000000 98.0
OX637739.1 486000000 486500000 98.0
OX637739.1 486500000 487000000 98.0
OX637739.1 487000000 487500000 98.0
OX637739.1 487500000 488000000 98.0
OX637739.1 488000000 488500000 98.0
OX637739.1 488500000 489000000 98.0
OX637739.1 489000000 489500000 98.0
OX637739.1 489500000 490000000 97.99137
OX637739.1 490000000 490500000 97.0
OX637739.1 490500000 491000000 97.0
OX637739.1 491000000 491500000 97.0
OX637739.1 491500000 492000000 97.0
OX637739.1 492000000 492500000 97.0
OX637739.1 492500000 493000000 96.62925
OX637739.1 493000000 493500000 96.0
OX637739.1 493500000 494000000 96.0
OX637739.1 494000000 494500000 96.0
OX637739.1 494500000 495000000 96.0
OX637739.1 495000000 495500000 96.0
OX637739.1 495500000 496000000 96.0
OX637739.1 496000000 496500000 95.77753
OX637739.1 496500000 497000000 95.0
OX637739.1 497000000 497500000 95.0
OX637739.1 497500000 498000000 94.63616
OX637739.1 498000000 498500000 93.31033
OX637739.1 498500000 499000000 93.0
OX637739.1 499000000 499500000 93.0
OX637739.1 499500000 500000000 93.0
OX637739.1 500000000 500500000 93.0
OX637739.1 500500000 501000000 93.0
OX637739.1 501000000 501500000 92.44622
OX637739.1 501500000 502000000 92.0
OX637739.1 502000000 502500000 92.0
OX637739.1 502500000 503000000 91.4386
OX637739.1 503000000 503500000 90.8016
OX637739.1 503500000 504000000 90.0
OX637739.1 504000000 504500000 90.0
OX637739.1 504500000 505000000 89.69126
OX637739.1 505000000 505500000 89.0
OX637739.1 505500000 506000000 89.0
OX637739.1 506000000 506500000 89.0
OX637739.1 506500000 507000000 89.0
OX637739.1 507000000 507500000 89.0
OX637739.1 507500000 508000000 89.0
OX637739.1 508000000 508500000 89.0
OX637739.1 508500000 509000000 87.71002
OX637739.1 509000000 509500000 87.0
OX637739.1 509500000 510000000 87.0
OX637739.1 510000000 510500000 87.0
OX637739.1 510500000 511000000 87.0
OX637739.1 511000000 511500000 86.21293
OX637739.1 511500000 512000000 85.19709
OX637739.1 512000000 512500000 85.0
OX637739.1 512500000 513000000 85.0
OX637739.1 513000000 513500000 85.0
OX637739.1 513500000 514000000 85.0
OX637739.1 514000000 514500000 85.0
OX637739.1 514500000 515000000 84.43466
OX637739.1 515000000 515500000 82.94155
OX637739.1 515500000 516000000 81.65638
OX637739.1 516000000 516500000 81.0
OX637739.1 516500000 517000000 79.6465
OX637739.1 517000000 517500000 77.74202
OX637739.1 517500000 518000000 77.0
OX637739.1 518000000 518500000 76.59284
OX637739.1 518500000 519000000 75.70166
OX637739.1 519000000 519500000 75.0
OX637739.1 519500000 520000000 74.20496
OX637739.1 520000000 520500000 74.0
OX637739.1 520500000 521000000 73.63444
OX637739.1 521000000 521500000 73.0
OX637739.1 521500000 522000000 73.0
OX637739.1 522000000 522500000 72.10415
OX637739.1 522500000 523000000 71.48019
OX637739.1 523000000 523500000 70.0
OX637739.1 523500000 524000000 70.0
OX637739.1 524000000 524500000 70.0
OX637739.1 524500000 525000000 69.74968
OX637739.1 525000000 525500000 69.0
OX637739.1 525500000 526000000 69.0
OX637739.1 526000000 526500000 69.0
OX637739.1 526500000 527000000 69.0
OX637739.1 527000000 527500000 68.8983
OX637739.1 527500000 528000000 68.0
OX637739.1 528000000 528500000 68.0
OX637739.1 528500000 529000000 68.0
OX637739.1 529000000 529500000 68.0
OX637739.1 529500000 530000000 68.0
OX637739.1 530000000 530500000 67.81358
OX637739.1 530500000 531000000 66.10831
OX637739.1 531000000 531500000 65.0
OX637739.1 531500000 532000000 65.0
OX637739.1 532000000 532500000 65.0
OX637739.1 532500000 533000000 65.0
OX637739.1 533000000 533500000 65.0
OX637739.1 533500000 534000000 65.0
OX637739.1 534000000 534500000 64.93332
OX637739.1 534500000 535000000 63.79082
OX637739.1 535000000 535500000 63.0
OX637739.1 535500000 536000000 60.24785
OX637739.1 536000000 536500000 54.00587
OX637739.1 536500000 537000000 54.0
OX637739.1 537000000 537500000 53.60324
OX637739.1 537500000 538000000 53.0
OX637739.1 538000000 538500000 52.47013
OX637739.1 538500000 539000000 51.0
OX637739.1 539000000 539500000 51.0
OX637739.1 539500000 540000000 50.29514
OX637739.1 540000000 540500000 50.0
OX637739.1 540500000 541000000 49.68786
OX637739.1 541000000 541500000 48.0
OX637739.1 541500000 542000000 47.71711
OX637739.1 542000000 542500000 46.90287
OX637739.1 542500000 543000000 43.88034
OX637739.1 543000000 543500000 40.44426
OX637739.1 543500000 544000000 38.80363
OX637739.1 544000000 544500000 37.35039
OX637739.1 544500000 545000000 35.26709
OX637739.1 545000000 545500000 33.20002
OX637739.1 545500000 546000000 33.0
OX637739.1 546000000 546500000 32.21642
OX637739.1 546500000 547000000 29.05355
OX637739.1 547000000 547500000 26.86078
OX637739.1 547500000 548000000 23.49712
OX637739.1 548000000 548500000 22.0
OX637739.1 548500000 549000000 22.0
OX637739.1 549000000 549500000 20.13794
OX637739.1 549500000 550000000 19.18046
OX637739.1 550000000 550500000 17.54299
OX637739.1 550500000 551000000 11.92018
OX637739.1 551000000 551500000 9.65764
OX637739.1 551500000 552000000 7.7166
OX637739.1 552000000 552500000 1.49936
OX637739.1 552500000 552998710 0.0
OX637746.1 0 500000 0.63785
OX637746.1 500000 1000000 3.80616
OX637746.1 1000000 1500000 5.90153
OX637746.1 1500000 2000000 7.0
OX637746.1 2000000 2500000 9.79456
OX637746.1 2500000 3000000 12.17106
OX637746.1 3000000 3500000 13.81166
OX637746.1 3500000 4000000 15.54684
OX637746.1 4000000 4500000 17.0
OX637746.1 4500000 5000000 17.0
OX637746.1 5000000 5500000 17.0
OX637746.1 5500000 6000000 18.52359
OX637746.1 6000000 6500000 19.0
OX637746.1 6500000 7000000 19.0
OX637746.1 7000000 7500000 19.71712
OX637746.1 7500000 8000000 20.88989
OX637746.1 8000000 8500000 21.64041
OX637746.1 8500000 9000000 22.62748
OX637746.1 9000000 9500000 28.93832
OX637746.1 9500000 10000000 30.39343
OX637746.1 10000000 10500000 32.02903
OX637746.1 10500000 11000000 33.0
OX637746.1 11000000 11500000 35.11228
OX637746.1 11500000 12000000 36.52923
OX637746.1 12000000 12500000 38.98748
OX637746.1 12500000 13000000 39.72996
OX637746.1 13000000 13500000 41.02496
OX637746.1 13500000 14000000 42.94753
OX637746.1 14000000 14500000 44.0
OX637746.1 14500000 15000000 44.76871
OX637746.1 15000000 15500000 47.11272
OX637746.1 15500000 16000000 48.0
OX637746.1 16000000 16500000 48.56409
OX637746.1 16500000 17000000 49.0
OX637746.1 17000000 17500000 49.72042
OX637746.1 17500000 18000000 50.77888
OX637746.1 18000000 18500000 51.13809
OX637746.1 18500000 19000000 52.00024
OX637746.1 19000000 19500000 53.28591
OX637746.1 19500000 20000000 54.0
OX637746.1 20000000 20500000 54.0
OX637746.1 20500000 21000000 54.0
OX637746.1 21000000 21500000 54.67152
OX637746.1 21500000 22000000 55.0
OX637746.1 22000000 22500000 55.0
OX637746.1 22500000 23000000 55.0
OX637746.1 23000000 23500000 55.49389
OX637746.1 23500000 24000000 56.0
OX637746.1 24000000 24500000 56.7458
OX637746.1 24500000 25000000 57.85275
OX637746.1 25000000 25500000 57.1129
OX637746.1 25500000 26000000 57.0
OX637746.1 26000000 26500000 57.0
OX637746.1 26500000 27000000 57.0
OX637746.1 27000000 27500000 57.0
OX637746.1 27500000 28000000 57.0
OX637746.1 28000000 28500000 57.0
OX637746.1 28500000 29000000 57.0
OX637746.1 29000000 29500000 57.0
OX637746.1 29500000 30000000 57.0
OX637746.1 30000000 30500000 57.0
OX637746.1 30500000 31000000 57.55243
OX637746.1 31000000 31500000 58.0
OX637746.1 31500000 32000000 58.0
OX637746.1 32000000 32500000 58.0
OX637746.1 32500000 33000000 58.0
OX637746.1 33000000 33500000 58.0
OX637746.1 33500000 34000000 58.0
OX637746.1 34000000 34500000 58.0
OX637746.1 34500000 35000000 58.0
OX637746.1 35000000 35500000 58.0
OX637746.1 35500000 36000000 58.0
OX637746.1 36000000 36500000 58.0
OX637746.1 36500000 37000000 58.0
OX637746.1 37000000 37500000 58.0
OX637746.1 37500000 38000000 58.0
OX637746.1 38000000 38500000 58.76691
OX637746.1 38500000 39000000 59.0
OX637746.1 39000000 39500000 60.73413
OX637746.1 39500000 40000000 62.0
OX637746.1 40000000 40500000 62.0
OX637746.1 40500000 41000000 62.0
OX637746.1 41000000 41500000 62.0
OX637746.1 41500000 42000000 62.0
OX637746.1 42000000 42500000 62.0
OX637746.1 42500000 43000000 62.0
OX637746.1 43000000 43500000 62.59298
OX637746.1 43500000 44000000 62.0
OX637746.1 44000000 44500000 62.0
OX637746.1 44500000 45000000 62.0
OX637746.1 45000000 45500000 62.0
OX637746.1 45500000 46000000 62.0
OX637746.1 46000000 46500000 62.0
OX637746.1 46500000 47000000 62.0
OX637746.1 47000000 47500000 62.0
OX637746.1 47500000 48000000 62.23317
OX637746.1 48000000 48500000 65.9012
OX637746.1 48500000 49000000 66.0
OX637746.1 49000000 49500000 66.0
OX637746.1 49500000 50000000 66.0
OX637746.1 50000000 50500000 66.0
OX637746.1 50500000 51000000 66.0
OX637746.1 51000000 51500000 66.61592
OX637746.1 51500000 52000000 68.4539
OX637746.1 52000000 52500000 69.4832
OX637746.1 52500000 53000000 70.73107
OX637746.1 53000000 53500000 71.80218
OX637746.1 53500000 54000000 73.98678
OX637746.1 54000000 54500000 74.44429
OX637746.1 54500000 55000000 75.0
OX637746.1 55000000 55500000 75.72823
OX637746.1 55500000 56000000 76.00436
OX637746.1 56000000 56500000 79.82947
OX637746.1 56500000 57000000 81.0
OX637746.1 57000000 57500000 81.0
OX637746.1 57500000 58000000 81.0
OX637746.1 58000000 58500000 81.0
OX637746.1 58500000 59000000 81.0
OX637746.1 59000000 59500000 81.51891
OX637746.1 59500000 60000000 82.0
OX637746.1 60000000 60500000 82.0
OX637746.1 60500000 61000000 82.0
OX637746.1 61000000 61500000 82.0
OX637746.1 61500000 62000000 82.35772
OX637746.1 62000000 62500000 84.0
OX637746.1 62500000 63000000 84.0
OX637746.1 63000000 63500000 84.0
OX637746.1 63500000 64000000 84.10149
OX637746.1 64000000 64500000 85.0
OX637746.1 64500000 65000000 85.0
OX637746.1 65000000 65500000 85.0
OX637746.1 65500000 66000000 85.0
OX637746.1 66000000 66500000 85.0
OX637746.1 66500000 67000000 85.0
OX637746.1 67000000 67500000 85.0
OX637746.1 67500000 68000000 85.0
OX637746.1 68000000 68500000 85.0
OX637746.1 68500000 69000000 85.0
OX637746.1 69000000 69500000 85.0
OX637746.1 69500000 70000000 85.0
OX637746.1 70000000 70500000 85.0
OX637746.1 70500000 71000000 85.0
OX637746.1 71000000 71500000 85.0
OX637746.1 71500000 72000000 85.6911
OX637746.1 72000000 72500000 86.0
OX637746.1 72500000 73000000 86.95892
OX637746.1 73000000 73500000 87.0
OX637746.1 73500000 74000000 87.0
OX637746.1 74000000 74500000 87.0
OX637746.1 74500000 75000000 87.0
OX637746.1 75000000 75500000 87.0
OX637746.1 75500000 76000000 87.98432
OX637746.1 76000000 76500000 88.0
OX637746.1 76500000 77000000 88.0
OX637746.1 77000000 77500000 88.0
OX637746.1 77500000 78000000 88.0
OX637746.1 78000000 78500000 88.0
OX637746.1 78500000 79000000 88.0
OX637746.1 79000000 79500000 88.0
OX637746.1 79500000 80000000 88.0
OX637746.1 80000000 80500000 88.0
OX637746.1 80500000 81000000 88.0
OX637746.1 81000000 81500000 88.0
OX637746.1 81500000 82000000 88.0
OX637746.1 82000000 82500000 88.0
OX637746.1 82500000 83000000 88.0
OX637746.1 83000000 83500000 88.0
OX637746.1 83500000 84000000 88.0
OX637746.1 84000000 84500000 88.0
OX637746.1 84500000 85000000 88.0
OX637746.1 85000000 85500000 88.0
OX637746.1 85500000 86000000 88.0
OX637746.1 86000000 86500000 88.0
OX637746.1 86500000 87000000 88.0
OX637746.1 87000000 87500000 88.0
OX637746.1 87500000 88000000 88.0
OX637746.1 88000000 88500000 88.0
OX637746.1 88500000 89000000 88.0
OX637746.1 89000000 89500000 88.0
OX637746.1 89500000 90000000 88.93007
OX637746.1 90000000 90500000 89.0
OX637746.1 90500000 91000000 89.0
OX637746.1 91000000 91500000 89.0
OX637746.1 91500000 92000000 89.0
OX637746.1 92000000 92500000 89.0
OX637746.1 92500000 93000000 89.0
OX637746.1 93000000 93500000 89.0
OX637746.1 93500000 94000000 89.40294
OX637746.1 94000000 94500000 90.0
OX637746.1 94500000 95000000 90.0
OX637746.1 95000000 95500000 90.0
OX637746.1 95500000 96000000 90.0
OX637746.1 96000000 96500000 90.0
OX637746.1 96500000 97000000 90.0
OX637746.1 97000000 97500000 90.0
OX637746.1 97500000 98000000 90.0
OX637746.1 98000000 98500000 90.0
OX637746.1 98500000 99000000 90.0
OX637746.1 99000000 99500000 90.0
OX637746.1 99500000 100000000 90.0
OX637746.1 100000000 100500000 90.0
OX637746.1 100500000 101000000 90.0
OX637746.1 101000000 101500000 90.0
OX637746.1 101500000 102000000 90.0
OX637746.1 102000000 102500000 90.0
OX637746.1 102500000 103000000 90.0
OX637746.1 103000000 103500000 90.0
OX637746.1 103500000 104000000 90.0
OX637746.1 104000000 104500000 90.0
OX637746.1 104500000 105000000 90.0
OX637746.1 105000000 105500000 90.0
OX637746.1 105500000 106000000 90.0
OX637746.1 106000000 106500000 90.0
OX637746.1 106500000 107000000 90.0
OX637746.1 107000000 107500000 90.0
OX637746.1 107500000 108000000 90.0
OX637746.1 108000000 108500000 90.0
OX637746.1 108500000 109000000 90.0
OX637746.1 109000000 109500000 90.0
OX637746.1 109500000 110000000 90.0
OX637746.1 110000000 110500000 90.0
OX637746.1 110500000 111000000 90.0
OX637746.1 111000000 111500000 90.0
OX637746.1 111500000 112000000 90.0
OX637746.1 112000000 112500000 90.0
OX637746.1 112500000 113000000 90.0
OX637746.1 113000000 113500000 90.0
OX637746.1 113500000 114000000 90.0
OX637746.1 114000000 114500000 90.0
OX637746.1 114500000 115000000 90.0
OX637746.1 115000000 115500000 90.0
OX637746.1 115500000 116000000 90.0
OX637746.1 116000000 116500000 90.0
OX637746.1 116500000 117000000 90.0
OX637746.1 117000000 117500000 90.0
OX637746.1 117500000 118000000 90.0
OX637746.1 118000000 118500000 90.0
OX637746.1 118500000 119000000 90.0
OX637746.1 119000000 119500000 90.0
OX637746.1 119500000 120000000 90.0
OX637746.1 120000000 120500000 90.0
OX637746.1 120500000 121000000 90.0
OX637746.1 121000000 121500000 90.0
OX637746.1 121500000 122000000 89.3768
OX637746.1 122000000 122500000 89.0
OX637746.1 122500000 123000000 89.0
OX637746.1 123000000 123500000 89.0
OX637746.1 123500000 124000000 89.0
OX637746.1 124000000 124500000 89.0
OX637746.1 124500000 125000000 89.0
OX637746.1 125000000 125500000 89.0
OX637746.1 125500000 126000000 89.0
OX637746.1 126000000 126500000 89.0
OX637746.1 126500000 127000000 89.0
OX637746.1 127000000 127500000 89.0
OX637746.1 127500000 128000000 89.0
OX637746.1 128000000 128500000 89.0
OX637746.1 128500000 129000000 89.0
OX637746.1 129000000 129500000 89.0
OX637746.1 129500000 130000000 89.0
OX637746.1 130000000 130500000 89.0
OX637746.1 130500000 131000000 89.0
OX637746.1 131000000 131500000 89.0
OX637746.1 131500000 132000000 89.0
OX637746.1 132000000 132500000 89.0
OX637746.1 132500000 133000000 88.90957
OX637746.1 133000000 133500000 88.0
OX637746.1 133500000 134000000 88.0
OX637746.1 134000000 134500000 88.0
OX637746.1 134500000 135000000 88.0
OX637746.1 135000000 135500000 88.0
OX637746.1 135500000 136000000 88.0
OX637746.1 136000000 136500000 88.0
OX637746.1 136500000 137000000 88.0
OX637746.1 137000000 137500000 88.0
OX637746.1 137500000 138000000 88.0
OX637746.1 138000000 138500000 88.0
OX637746.1 138500000 139000000 88.0
OX637746.1 139000000 139500000 88.0
OX637746.1 139500000 140000000 88.0
OX637746.1 140000000 140500000 88.0
OX637746.1 140500000 141000000 88.0
OX637746.1 141000000 141500000 88.0
OX637746.1 141500000 142000000 88.0
OX637746.1 142000000 142500000 88.0
OX637746.1 142500000 143000000 88.0
OX637746.1 143000000 143500000 88.0
OX637746.1 143500000 144000000 88.0
OX637746.1 144000000 144500000 88.0
OX637746.1 144500000 145000000 88.0
OX637746.1 145000000 145500000 88.0
OX637746.1 145500000 146000000 88.0
OX637746.1 146000000 146500000 88.0
OX637746.1 146500000 147000000 88.0
OX637746.1 147000000 147500000 88.0
OX637746.1 147500000 148000000 88.0
OX637746.1 148000000 148500000 88.0
OX637746.1 148500000 149000000 88.0
OX637746.1 149000000 149500000 88.0
OX637746.1 149500000 150000000 88.0
OX637746.1 150000000 150500000 88.0
OX637746.1 150500000 151000000 88.0
OX637746.1 151000000 151500000 88.0
OX637746.1 151500000 152000000 88.0
OX637746.1 152000000 152500000 88.0
OX637746.1 152500000 153000000 88.0
OX637746.1 153000000 153500000 88.0
OX637746.1 153500000 154000000 88.0
OX637746.1 154000000 154500000 88.0
OX637746.1 154500000 155000000 88.0
OX637746.1 155000000 155500000 88.0
OX637746.1 155500000 156000000 88.0
OX637746.1 156000000 156500000 88.0
OX637746.1 156500000 157000000 88.0
OX637746.1 157000000 157500000 88.0
OX637746.1 157500000 158000000 88.0
OX637746.1 158000000 158500000 88.0
OX637746.1 158500000 159000000 88.0
OX637746.1 159000000 159500000 88.0
OX637746.1 159500000 160000000 88.0
OX637746.1 160000000 160500000 88.0
OX637746.1 160500000 161000000 88.0
OX637746.1 161000000 161500000 88.0
OX637746.1 161500000 162000000 88.0
OX637746.1 162000000 162500000 88.0
OX637746.1 162500000 163000000 88.0
OX637746.1 163000000 163500000 88.0
OX637746.1 163500000 164000000 88.0
OX637746.1 164000000 164500000 88.0
OX637746.1 164500000 165000000 88.0
OX637746.1 165000000 165500000 88.0
OX637746.1 165500000 166000000 88.0
OX637746.1 166000000 166500000 88.0
OX637746.1 166500000 167000000 88.0
OX637746.1 167000000 167500000 88.0
OX637746.1 167500000 168000000 88.0
OX637746.1 168000000 168500000 88.0
OX637746.1 168500000 169000000 88.0
OX637746.1 169000000 169500000 88.0
OX637746.1 169500000 170000000 88.0
OX637746.1 170000000 170500000 88.0
OX637746.1 170500000 171000000 88.0
OX637746.1 171000000 171500000 88.0
OX637746.1 171500000 172000000 88.0
OX637746.1 172000000 172500000 88.0
OX637746.1 172500000 173000000 88.0
OX637746.1 173000000 173500000 88.0
OX637746.1 173500000 174000000 88.0
OX637746.1 174000000 174500000 88.0
OX637746.1 174500000 175000000 88.0
OX637746.1 175000000 175500000 88.0
OX637746.1 175500000 176000000 88.0
OX637746.1 176000000 176500000 88.0
OX637746.1 176500000 177000000 88.0
OX637746.1 177000000 177500000 88.0
OX637746.1 177500000 178000000 88.0
OX637746.1 178000000 178500000 88.0
OX637746.1 178500000 179000000 88.0
OX637746.1 179000000 179500000 88.0
OX637746.1 179500000 180000000 88.0
OX637746.1 180000000 180500000 88.0
OX637746.1 180500000 181000000 88.0
OX637746.1 181000000 181500000 88.0
OX637746.1 181500000 182000000 88.0
OX637746.1 182000000 182500000 88.0
OX637746.1 182500000 183000000 88.0
OX637746.1 183000000 183500000 88.0
OX637746.1 183500000 184000000 88.0
OX637746.1 184000000 184500000 88.0
OX637746.1 184500000 185000000 88.0
OX637746.1 185000000 185500000 88.0
OX637746.1 185500000 186000000 88.0
OX637746.1 186000000 186500000 88.0
OX637746.1 186500000 187000000 88.0
OX637746.1 187000000 187500000 88.0
OX637746.1 187500000 188000000 88.0
OX637746.1 188000000 188500000 88.0
OX637746.1 188500000 189000000 88.0
OX637746.1 189000000 189500000 88.0
OX637746.1 189500000 190000000 88.0
OX637746.1 190000000 190500000 88.0
OX637746.1 190500000 191000000 88.0
OX637746.1 191000000 191500000 88.0
OX637746.1 191500000 192000000 88.0
OX637746.1 192000000 192500000 88.0
OX637746.1 192500000 193000000 88.0
OX637746.1 193000000 193500000 88.0
OX637746.1 193500000 194000000 88.0
OX637746.1 194000000 194500000 88.0
OX637746.1 194500000 195000000 88.0
OX637746.1 195000000 195500000 88.0
OX637746.1 195500000 196000000 88.0
OX637746.1 196000000 196500000 88.0
OX637746.1 196500000 197000000 88.0
OX637746.1 197000000 197500000 88.0
OX637746.1 197500000 198000000 88.0
OX637746.1 198000000 198500000 88.0
OX637746.1 198500000 199000000 88.0
OX637746.1 199000000 199500000 88.0
OX637746.1 199500000 200000000 88.0
OX637746.1 200000000 200500000 88.0
OX637746.1 200500000 201000000 88.0
OX637746.1 201000000 201500000 88.0
OX637746.1 201500000 202000000 88.0
OX637746.1 202000000 202500000 88.0
OX637746.1 202500000 203000000 88.0
OX637746.1 203000000 203500000 88.0
OX637746.1 203500000 204000000 88.0
OX637746.1 204000000 204500000 88.0
OX637746.1 204500000 205000000 88.0
OX637746.1 205000000 205500000 88.0
OX637746.1 205500000 206000000 88.0
OX637746.1 206000000 206500000 88.0
OX637746.1 206500000 207000000 88.0
OX637746.1 207000000 207500000 88.0
OX637746.1 207500000 208000000 88.0
OX637746.1 208000000 208500000 88.0
OX637746.1 208500000 209000000 88.0
OX637746.1 209000000 209500000 88.0
OX637746.1 209500000 210000000 88.0
OX637746.1 210000000 210500000 88.0
OX637746.1 210500000 211000000 88.0
OX637746.1 211000000 211500000 88.0
OX637746.1 211500000 212000000 88.0
OX637746.1 212000000 212500000 88.0
OX637746.1 212500000 213000000 88.0
OX637746.1 213000000 213500000 88.0
OX637746.1 213500000 214000000 88.0
OX637746.1 214000000 214500000 88.0
OX637746.1 214500000 215000000 88.0
OX637746.1 215000000 215500000 88.0
OX637746.1 215500000 216000000 88.0
OX637746.1 216000000 216500000 88.0
OX637746.1 216500000 217000000 88.0
OX637746.1 217000000 217500000 88.0
OX637746.1 217500000 218000000 88.0
OX637746.1 218000000 218500000 88.0
OX637746.1 218500000 219000000 88.0
OX637746.1 219000000 219500000 88.0
OX637746.1 219500000 220000000 88.0
OX637746.1 220000000 220500000 88.0
OX637746.1 220500000 221000000 88.0
OX637746.1 221000000 221500000 88.0
OX637746.1 221500000 222000000 88.0
OX637746.1 222000000 222500000 88.0
OX637746.1 222500000 223000000 88.0
OX637746.1 223000000 223500000 88.0
OX637746.1 223500000 224000000 88.0
OX637746.1 224000000 224500000 88.0
OX637746.1 224500000 225000000 88.0
OX637746.1 225000000 225500000 88.0
OX637746.1 225500000 226000000 88.0
OX637746.1 226000000 226500000 88.0
OX637746.1 226500000 227000000 88.0
OX637746.1 227000000 227500000 88.0
OX637746.1 227500000 228000000 88.0
OX637746.1 228000000 228500000 88.0
OX637746.1 228500000 229000000 88.0
OX637746.1 229000000 229500000 88.0
OX637746.1 229500000 230000000 88.0
OX637746.1 230000000 230500000 88.0
OX637746.1 230500000 231000000 88.0
OX637746.1 231000000 231500000 88.0
OX637746.1 231500000 232000000 88.0
OX637746.1 232000000 232500000 88.0
OX637746.1 232500000 233000000 88.0
OX637746.1 233000000 233500000 88.0
OX637746.1 233500000 234000000 88.0
OX637746.1 234000000 234500000 88.0
OX637746.1 234500000 235000000 88.0
OX637746.1 235000000 235500000 88.0
OX637746.1 235500000 236000000 88.0
OX637746.1 236000000 236500000 88.0
OX637746.1 236500000 237000000 88.0
OX637746.1 237000000 237500000 88.0
OX637746.1 237500000 238000000 88.0
OX637746.1 238000000 238500000 88.0
OX637746.1 238500000 239000000 88.0
OX637746.1 239000000 239500000 88.0
OX637746.1 239500000 240000000 88.0
OX637746.1 240000000 240500000 88.0
OX637746.1 240500000 241000000 88.0
OX637746.1 241000000 241500000 88.0
OX637746.1 241500000 242000000 88.0
OX637746.1 242000000 242500000 88.0
OX637746.1 242500000 243000000 88.0
OX637746.1 243000000 243500000 88.0
OX637746.1 243500000 244000000 88.0
OX637746.1 244000000 244500000 88.0
OX637746.1 244500000 245000000 88.0
OX637746.1 245000000 245500000 88.0
OX637746.1 245500000 246000000 88.0
OX637746.1 246000000 246500000 88.0
OX637746.1 246500000 247000000 88.0
OX637746.1 247000000 247500000 88.0
OX637746.1 247500000 248000000 88.0
OX637746.1 248000000 248500000 88.0
OX637746.1 248500000 249000000 88.0
OX637746.1 249000000 249500000 88.0
OX637746.1 249500000 250000000 88.0
OX637746.1 250000000 250500000 88.0
OX637746.1 250500000 251000000 88.0
OX637746.1 251000000 251500000 88.0
OX637746.1 251500000 252000000 88.0
OX637746.1 252000000 252500000 88.0
OX637746.1 252500000 253000000 88.0
OX637746.1 253000000 253500000 88.0
OX637746.1 253500000 254000000 88.0
OX637746.1 254000000 254500000 88.0
OX637746.1 254500000 255000000 88.0
OX637746.1 255000000 255500000 88.0
OX637746.1 255500000 256000000 88.0
OX637746.1 256000000 256500000 88.0
OX637746.1 256500000 257000000 88.0
OX637746.1 257000000 257500000 88.0
OX637746.1 257500000 258000000 88.0
OX637746.1 258000000 258500000 88.0
OX637746.1 258500000 259000000 88.0
OX637746.1 259000000 259500000 88.0
OX637746.1 259500000 260000000 88.0
OX637746.1 260000000 260500000 88.0
OX637746.1 260500000 261000000 88.0
OX637746.1 261000000 261500000 88.0
OX637746.1 261500000 262000000 88.0
OX637746.1 262000000 262500000 88.0
OX637746.1 262500000 263000000 88.0
OX637746.1 263000000 263500000 88.0
OX637746.1 263500000 264000000 88.0
OX637746.1 264000000 264500000 88.0
OX637746.1 264500000 265000000 88.0
OX637746.1 265000000 265500000 88.0
OX637746.1 265500000 266000000 88.0
OX637746.1 266000000 266500000 88.0
OX637746.1 266500000 267000000 88.0
OX637746.1 267000000 267500000 88.0
OX637746.1 267500000 268000000 88.0
OX637746.1 268000000 268500000 88.0
OX637746.1 268500000 269000000 88.0
OX637746.1 269000000 269500000 88.0
OX637746.1 269500000 270000000 88.0
OX637746.1 270000000 270500000 88.0
OX637746.1 270500000 271000000 88.0
OX637746.1 271000000 271500000 88.0
OX637746.1 271500000 272000000 88.0
OX637746.1 272000000 272500000 88.0
OX637746.1 272500000 273000000 88.0
OX637746.1 273000000 273500000 88.0
OX637746.1 273500000 274000000 88.0
OX637746.1 274000000 274500000 88.0
OX637746.1 274500000 275000000 88.0
OX637746.1 275000000 275500000 88.0
OX637746.1 275500000 276000000 88.0
OX637746.1 276000000 276500000 88.0
OX637746.1 276500000 277000000 88.0
OX637746.1 277000000 277500000 88.0
OX637746.1 277500000 278000000 88.0
OX637746.1 278000000 278500000 88.0
OX637746.1 278500000 279000000 88.0
OX637746.1 279000000 279500000 88.0
OX637746.1 279500000 280000000 88.0
OX637746.1 280000000 280500000 88.0
OX637746.1 280500000 281000000 88.0
OX637746.1 281000000 281500000 88.0
OX637746.1 281500000 282000000 88.0
OX637746.1 282000000 282500000 88.0
OX637746.1 282500000 283000000 88.0
OX637746.1 283000000 283500000 88.0
OX637746.1 283500000 284000000 88.0
OX637746.1 284000000 284500000 88.0
OX637746.1 284500000 285000000 88.0
OX637746.1 285000000 285500000 88.0
OX637746.1 285500000 286000000 88.0
OX637746.1 286000000 286500000 88.0
OX637746.1 286500000 287000000 88.0
OX637746.1 287000000 287500000 88.0
OX637746.1 287500000 288000000 88.0
OX637746.1 288000000 288500000 88.0
OX637746.1 288500000 289000000 88.0
OX637746.1 289000000 289500000 88.0
OX637746.1 289500000 290000000 88.0
OX637746.1 290000000 290500000 88.0
OX637746.1 290500000 291000000 88.0
OX637746.1 291000000 291500000 88.0
OX637746.1 291500000 292000000 88.0
OX637746.1 292000000 292500000 88.0
OX637746.1 292500000 293000000 88.0
OX637746.1 293000000 293500000 88.0
OX637746.1 293500000 294000000 88.0
OX637746.1 294000000 294500000 88.0
OX637746.1 294500000 295000000 88.0
OX637746.1 295000000 295500000 88.0
OX637746.1 295500000 296000000 88.0
OX637746.1 296000000 296500000 88.0
OX637746.1 296500000 297000000 88.0
OX637746.1 297000000 297500000 88.0
OX637746.1 297500000 298000000 88.0
OX637746.1 298000000 298500000 88.0
OX637746.1 298500000 299000000 88.0
OX637746.1 299000000 299500000 88.0
OX637746.1 299500000 300000000 88.0
OX637746.1 300000000 300500000 88.0
OX637746.1 300500000 301000000 88.0
OX637746.1 301000000 301500000 88.0
OX637746.1 301500000 302000000 88.0
OX637746.1 302000000 302500000 88.0
OX637746.1 302500000 303000000 88.0
OX637746.1 303000000 303500000 88.0
OX637746.1 303500000 304000000 88.0
OX637746.1 304000000 304500000 88.0
OX637746.1 304500000 305000000 88.0
OX637746.1 305000000 305500000 88.0
OX637746.1 305500000 306000000 88.0
OX637746.1 306000000 306500000 87.50507
OX637746.1 306500000 307000000 87.0
OX637746.1 307000000 307500000 87.0
OX637746.1 307500000 308000000 87.0
OX637746.1 308000000 308500000 87.0
OX637746.1 308500000 309000000 87.0
OX637746.1 309000000 309500000 87.0
OX637746.1 309500000 310000000 87.0
OX637746.1 310000000 310500000 87.0
OX637746.1 310500000 311000000 87.0
OX637746.1 311000000 311500000 87.0
OX637746.1 311500000 312000000 87.0
OX637746.1 312000000 312500000 87.0
OX637746.1 312500000 313000000 87.0
OX637746.1 313000000 313500000 87.0
OX637746.1 313500000 314000000 87.0
OX637746.1 314000000 314500000 87.0
OX637746.1 314500000 315000000 87.0
OX637746.1 315000000 315500000 87.0
OX637746.1 315500000 316000000 87.0
OX637746.1 316000000 316500000 87.0
OX637746.1 316500000 317000000 87.0
OX637746.1 317000000 317500000 87.0
OX637746.1 317500000 318000000 87.0
OX637746.1 318000000 318500000 87.0
OX637746.1 318500000 319000000 87.0
OX637746.1 319000000 319500000 87.0
OX637746.1 319500000 320000000 87.0
OX637746.1 320000000 320500000 87.0
OX637746.1 320500000 321000000 87.0
OX637746.1 321000000 321500000 87.0
OX637746.1 321500000 322000000 87.0
OX637746.1 322000000 322500000 87.0
OX637746.1 322500000 323000000 87.0
OX637746.1 323000000 323500000 87.0
OX637746.1 323500000 324000000 87.0
OX637746.1 324000000 324500000 87.0
OX637746.1 324500000 325000000 87.0
OX637746.1 325000000 325500000 87.0
OX637746.1 325500000 326000000 87.0
OX637746.1 326000000 326500000 87.0
OX637746.1 326500000 327000000 87.0
OX637746.1 327000000 327500000 87.0
OX637746.1 327500000 328000000 87.0
OX637746.1 328000000 328500000 87.0
OX637746.1 328500000 329000000 87.0
OX637746.1 329000000 329500000 87.0
OX637746.1 329500000 330000000 87.0
OX637746.1 330000000 330500000 87.0
OX637746.1 330500000 331000000 87.0
OX637746.1 331000000 331500000 87.0
OX637746.1 331500000 332000000 87.0
OX637746.1 332000000 332500000 87.0
OX637746.1 332500000 333000000 87.0
OX637746.1 333000000 333500000 87.0
OX637746.1 333500000 334000000 86.16431
OX637746.1 334000000 334500000 86.0
OX637746.1 334500000 335000000 86.0
OX637746.1 335000000 335500000 86.0
OX637746.1 335500000 336000000 86.0
OX637746.1 336000000 336500000 86.0
OX637746.1 336500000 337000000 86.0
OX637746.1 337000000 337500000 86.0
OX637746.1 337500000 338000000 86.0
OX637746.1 338000000 338500000 86.0
OX637746.1 338500000 339000000 86.0
OX637746.1 339000000 339500000 86.0
OX637746.1 339500000 340000000 86.0
OX637746.1 340000000 340500000 86.0
OX637746.1 340500000 341000000 86.0
OX637746.1 341000000 341500000 86.0
OX637746.1 341500000 342000000 86.0
OX637746.1 342000000 342500000 86.0
OX637746.1 342500000 343000000 86.0
OX637746.1 343000000 343500000 86.0
OX637746.1 343500000 344000000 86.0
OX637746.1 344000000 344500000 86.0
OX637746.1 344500000 345000000 86.0
OX637746.1 345000000 345500000 86.0
OX637746.1 345500000 346000000 86.0
OX637746.1 346000000 346500000 86.0
OX637746.1 346500000 347000000 86.0
OX637746.1 347000000 347500000 86.0
OX637746.1 347500000 348000000 86.0
OX637746.1 348000000 348500000 86.0
OX637746.1 348500000 349000000 86.0
OX637746.1 349000000 349500000 86.0
OX637746.1 349500000 350000000 86.0
OX637746.1 350000000 350500000 86.0
OX637746.1 350500000 351000000 86.0
OX637746.1 351000000 351500000 86.0
OX637746.1 351500000 352000000 86.0
OX637746.1 352000000 352500000 86.0
OX637746.1 352500000 353000000 86.0
OX637746.1 353000000 353500000 86.0
OX637746.1 353500000 354000000 86.0
OX637746.1 354000000 354500000 86.0
OX637746.1 354500000 355000000 86.0
OX637746.1 355000000 355500000 86.0
OX637746.1 355500000 356000000 86.0
OX637746.1 356000000 356500000 86.0
OX637746.1 356500000 357000000 86.0
OX637746.1 357000000 357500000 86.0
OX637746.1 357500000 358000000 86.0
OX637746.1 358000000 358500000 86.0
OX637746.1 358500000 359000000 86.0
OX637746.1 359000000 359500000 86.0
OX637746.1 359500000 360000000 86.0
OX637746.1 360000000 360500000 86.0
OX637746.1 360500000 361000000 86.0
OX637746.1 361000000 361500000 86.0
OX637746.1 361500000 362000000 86.0
OX637746.1 362000000 362500000 86.0
OX637746.1 362500000 363000000 86.0
OX637746.1 363000000 363500000 86.0
OX637746.1 363500000 364000000 86.0
OX637746.1 364000000 364500000 86.0
OX637746.1 364500000 365000000 86.0
OX637746.1 365000000 365500000 86.0
OX637746.1 365500000 366000000 86.0
OX637746.1 366000000 366500000 86.0
OX637746.1 366500000 367000000 86.0
OX637746.1 367000000 367500000 86.0
OX637746.1 367500000 368000000 86.0
OX637746.1 368000000 368500000 86.0
OX637746.1 368500000 369000000 86.0
OX637746.1 369000000 369500000 86.0
OX637746.1 369500000 370000000 86.0
OX637746.1 370000000 370500000 86.0
OX637746.1 370500000 371000000 86.0
OX637746.1 371000000 371500000 86.0
OX637746.1 371500000 372000000 86.0
OX637746.1 372000000 372500000 86.0
OX637746.1 372500000 373000000 86.0
OX637746.1 373000000 373500000 86.0
OX637746.1 373500000 374000000 86.0
OX637746.1 374000000 374500000 86.0
OX637746.1 374500000 375000000 86.0
OX637746.1 375000000 375500000 86.0
OX637746.1 375500000 376000000 86.0
OX637746.1 376000000 376500000 86.0
OX637746.1 376500000 377000000 86.0
OX637746.1 377000000 377500000 86.0
OX637746.1 377500000 378000000 86.0
OX637746.1 378000000 378500000 86.0
OX637746.1 378500000 379000000 86.0
OX637746.1 379000000 379500000 86.0
OX637746.1 379500000 380000000 86.0
OX637746.1 380000000 380500000 86.0
OX637746.1 380500000 381000000 86.0
OX637746.1 381000000 381500000 86.0
OX637746.1 381500000 382000000 86.0
OX637746.1 382000000 382500000 86.0
OX637746.1 382500000 383000000 86.0
OX637746.1 383000000 383500000 85.69083
OX637746.1 383500000 384000000 85.0
OX637746.1 384000000 384500000 85.0
OX637746.1 384500000 385000000 85.0
OX637746.1 385000000 385500000 85.0
OX637746.1 385500000 386000000 85.0
OX637746.1 386000000 386500000 85.0
OX637746.1 386500000 387000000 85.0
OX637746.1 387000000 387500000 85.0
OX637746.1 387500000 388000000 85.0
OX637746.1 388000000 388500000 85.0
OX637746.1 388500000 389000000 85.0
OX637746.1 389000000 389500000 85.0
OX637746.1 389500000 390000000 85.0
OX637746.1 390000000 390500000 85.0
OX637746.1 390500000 391000000 85.0
OX637746.1 391000000 391500000 85.0
OX637746.1 391500000 392000000 85.0
OX637746.1 392000000 392500000 85.0
OX637746.1 392500000 393000000 85.0
OX637746.1 393000000 393500000 85.0
OX637746.1 393500000 394000000 85.0
OX637746.1 394000000 394500000 85.0
OX637746.1 394500000 395000000 84.98985
OX637746.1 395000000 395500000 84.0
OX637746.1 395500000 396000000 84.0
OX637746.1 396000000 396500000 84.0
OX637746.1 396500000 397000000 84.0
OX637746.1 397000000 397500000 84.0
OX637746.1 397500000 398000000 84.0
OX637746.1 398000000 398500000 84.0
OX637746.1 398500000 399000000 84.0
OX637746.1 399000000 399500000 84.0
OX637746.1 399500000 400000000 84.0
OX637746.1 400000000 400500000 84.0
OX637746.1 400500000 401000000 84.0
OX637746.1 401000000 401500000 84.0
OX637746.1 401500000 402000000 84.0
OX637746.1 402000000 402500000 84.0
OX637746.1 402500000 403000000 84.0
OX637746.1 403000000 403500000 84.0
OX637746.1 403500000 404000000 84.0
OX637746.1 404000000 404500000 84.0
OX637746.1 404500000 405000000 84.0
OX637746.1 405000000 405500000 84.0
OX637746.1 405500000 406000000 84.0
OX637746.1 406000000 406500000 84.0
OX637746.1 406500000 407000000 84.0
OX637746.1 407000000 407500000 84.0
OX637746.1 407500000 408000000 84.0
OX637746.1 408000000 408500000 84.0
OX637746.1 408500000 409000000 84.0
OX637746.1 409000000 409500000 84.0
OX637746.1 409500000 410000000 84.0
OX637746.1 410000000 410500000 84.0
OX637746.1 410500000 411000000 84.0
OX637746.1 411000000 411500000 84.0
OX637746.1 411500000 412000000 84.0
OX637746.1 412000000 412500000 84.0
OX637746.1 412500000 413000000 84.0
OX637746.1 413000000 413500000 84.0
OX637746.1 413500000 414000000 84.0
OX637746.1 414000000 414500000 84.0
OX637746.1 414500000 415000000 84.0
OX637746.1 415000000 415500000 84.0
OX637746.1 415500000 416000000 84.0
OX637746.1 416000000 416500000 84.0
OX637746.1 416500000 417000000 84.0
OX637746.1 417000000 417500000 84.0
OX637746.1 417500000 418000000 84.0
OX637746.1 418000000 418500000 84.0
OX637746.1 418500000 419000000 84.0
OX637746.1 419000000 419500000 84.0
OX637746.1 419500000 420000000 84.0
OX637746.1 420000000 420500000 84.0
OX637746.1 420500000 421000000 84.0
OX637746.1 421000000 421500000 83.58002
OX637746.1 421500000 422000000 83.0
OX637746.1 422000000 422500000 83.0
OX637746.1 422500000 423000000 82.66356
OX637746.1 423000000 423500000 82.0
OX637746.1 423500000 424000000 82.0
OX637746.1 424000000 424500000 82.0
OX637746.1 424500000 425000000 82.0
OX637746.1 425000000 425500000 82.0
OX637746.1 425500000 426000000 82.0
OX637746.1 426000000 426500000 82.0
OX637746.1 426500000 427000000 82.0
OX637746.1 427000000 427500000 81.06223
OX637746.1 427500000 428000000 81.0
OX637746.1 428000000 428500000 81.0
OX637746.1 428500000 429000000 80.86988
OX637746.1 429000000 429500000 80.0
OX637746.1 429500000 430000000 80.0
OX637746.1 430000000 430500000 80.0
OX637746.1 430500000 431000000 79.28934
OX637746.1 431000000 431500000 79.0
OX637746.1 431500000 432000000 79.0
OX637746.1 432000000 432500000 79.0
OX637746.1 432500000 433000000 79.0
OX637746.1 433000000 433500000 79.0
OX637746.1 433500000 434000000 79.0
OX637746.1 434000000 434500000 79.0
OX637746.1 434500000 435000000 79.0
OX637746.1 435000000 435500000 79.0
OX637746.1 435500000 436000000 79.0
OX637746.1 436000000 436500000 79.0
OX637746.1 436500000 437000000 79.0
OX637746.1 437000000 437500000 79.0
OX637746.1 437500000 438000000 78.48639
OX637746.1 438000000 438500000 78.0
OX637746.1 438500000 439000000 78.0
OX637746.1 439000000 439500000 78.0
OX637746.1 439500000 440000000 78.0
OX637746.1 440000000 440500000 78.0
OX637746.1 440500000 441000000 77.61586
OX637746.1 441000000 441500000 76.04931
OX637746.1 441500000 442000000 75.0
OX637746.1 442000000 442500000 75.0
OX637746.1 442500000 443000000 75.0
OX637746.1 443000000 443500000 75.0
OX637746.1 443500000 444000000 73.44716
OX637746.1 444000000 444500000 72.0
OX637746.1 444500000 445000000 71.56542
OX637746.1 445000000 445500000 71.0
OX637746.1 445500000 446000000 71.0
OX637746.1 446000000 446500000 70.24214
OX637746.1 446500000 447000000 70.0
OX637746.1 447000000 447500000 69.36241
OX637746.1 447500000 448000000 68.71143
OX637746.1 448000000 448500000 68.0
OX637746.1 448500000 449000000 68.0
OX637746.1 449000000 449500000 68.0
OX637746.1 449500000 450000000 67.21897
OX637746.1 450000000 450500000 67.0
OX637746.1 450500000 451000000 67.0
OX637746.1 451000000 451500000 67.0
OX637746.1 451500000 452000000 65.35663
OX637746.1 452000000 452500000 64.0
OX637746.1 452500000 453000000 63.00744
OX637746.1 453000000 453500000 63.0
OX637746.1 453500000 454000000 62.92284
OX637746.1 454000000 454500000 62.0
OX637746.1 454500000 455000000 62.0
OX637746.1 455000000 455500000 62.0
OX637746.1 455500000 456000000 62.0
OX637746.1 456000000 456500000 62.0
OX637746.1 456500000 457000000 61.19974
OX637746.1 457000000 457500000 59.86065
OX637746.1 457500000 458000000 57.87193
OX637746.1 458000000 458500000 56.9796
OX637746.1 458500000 459000000 55.31371
OX637746.1 459000000 459500000 49.93174
OX637746.1 459500000 460000000 38.51592
OX637746.1 460000000 460500000 38.0
OX637746.1 460500000 461000000 37.72943
OX637746.1 461000000 461500000 36.39995
OX637746.1 461500000 462000000 33.58108
OX637746.1 462000000 462500000 31.83387
OX637746.1 462500000 463000000 30.94873
OX637746.1 463000000 463500000 29.16191
OX637746.1 463500000 464000000 27.62016
OX637746.1 464000000 464500000 25.94113
OX637746.1 464500000 465000000 24.0
OX637746.1 465000000 465500000 21.59721
OX637746.1 465500000 466000000 18.90523
OX637746.1 466000000 466500000 14.80322
OX637746.1 466500000 467000000 13.36926
OX637746.1 467000000 467500000 13.0
OX637746.1 467500000 468000000 12.74318
OX637746.1 468000000 468500000 12.0
OX637746.1 468500000 469000000 10.90315
OX637746.1 469000000 469500000 8.4692
OX637746.1 469500000 470000000 6.42492
OX637746.1 470000000 470500000 5.0
OX637746.1 470500000 471000000 5.0
OX637746.1 471000000 471500000 4.41041
OX637746.1 471500000 472000000 3.0
OX637746.1 472000000 472500000 3.0
OX637746.1 472500000 473000000 2.59577
OX637746.1 473000000 473455622 1.48515
OX637753.1 0 500000 0.0
OX637753.1 500000 1000000 1.66267
OX637753.1 1000000 1500000 3.0
OX637753.1 1500000 2000000 5.27961
OX637753.1 2000000 2500000 8.0124
OX637753.1 2500000 3000000 14.50254
OX637753.1 3000000 3500000 19.09142
OX637753.1 3500000 4000000 20.71783
OX637753.1 4000000 4500000 22.94667
OX637753.1 4500000 5000000 27.12962
OX637753.1 5000000 5500000 30.07061
OX637753.1 5500000 6000000 34.01706
OX637753.1 6000000 6500000 37.10322
OX637753.1 6500000 7000000 39.41998
OX637753.1 7000000 7500000 44.69494
OX637753.1 7500000 8000000 47.96372
OX637753.1 8000000 8500000 49.83013
OX637753.1 8500000 9000000 53.03888
OX637753.1 9000000 9500000 58.71081
OX637753.1 9500000 10000000 60.45928
OX637753.1 10000000 10500000 63.49427
OX637753.1 10500000 11000000 68.71391
OX637753.1 11000000 11500000 73.63
OX637753.1 11500000 12000000 78.19855
OX637753.1 12000000 12500000 80.63803
OX637753.1 12500000 13000000 83.38911
OX637753.1 13000000 13500000 84.8592
OX637753.1 13500000 14000000 85.20483
OX637753.1 14000000 14500000 86.70064
OX637753.1 14500000 15000000 88.0
OX637753.1 15000000 15500000 90.14541
OX637753.1 15500000 16000000 93.0
OX637753.1 16000000 16500000 93.51163
OX637753.1 16500000 17000000 94.0
OX637753.1 17000000 17500000 95.01582
OX637753.1 17500000 18000000 96.0
OX637753.1 18000000 18500000 96.83596
OX637753.1 18500000 19000000 97.0
OX637753.1 19000000 19500000 97.0
OX637753.1 19500000 20000000 97.96268
OX637753.1 20000000 20500000 99.0
OX637753.1 20500000 21000000 99.0
OX637753.1 21000000 21500000 99.0
OX637753.1 21500000 22000000 99.0
OX637753.1 22000000 22500000 99.0
OX637753.1 22500000 23000000 99.0
OX637753.1 23000000 23500000 99.86752
OX637753.1 23500000 24000000 100.0
OX637753.1 24000000 24500000 100.0
OX637753.1 24500000 25000000 100.0
OX637753.1 25000000 25500000 100.0
OX637753.1 25500000 26000000 100.0
OX637753.1 26000000 26500000 100.72473
OX637753.1 26500000 27000000 103.0
OX637753.1 27000000 27500000 103.0
OX637753.1 27500000 28000000 103.0
OX637753.1 28000000 28500000 103.84097
OX637753.1 28500000 29000000 104.50204
OX637753.1 29000000 29500000 105.0
OX637753.1 29500000 30000000 105.0
OX637753.1 30000000 30500000 105.0
OX637753.1 30500000 31000000 105.0
OX637753.1 31000000 31500000 105.0
OX637753.1 31500000 32000000 105.0
OX637753.1 32000000 32500000 105.44847
OX637753.1 32500000 33000000 106.0
OX637753.1 33000000 33500000 106.09277
OX637753.1 33500000 34000000 107.0
OX637753.1 34000000 34500000 107.0
OX637753.1 34500000 35000000 107.0
OX637753.1 35000000 35500000 107.0
OX637753.1 35500000 36000000 107.0
OX637753.1 36000000 36500000 107.0
OX637753.1 36500000 37000000 107.0
OX637753.1 37000000 37500000 107.0
OX637753.1 37500000 38000000 107.0
OX637753.1 38000000 38500000 107.0
OX637753.1 38500000 39000000 107.0
OX637753.1 39000000 39500000 107.0
OX637753.1 39500000 40000000 107.72017
OX637753.1 40000000 40500000 108.0
OX637753.1 40500000 41000000 108.0
OX637753.1 41000000 41500000 108.25846
OX637753.1 41500000 42000000 109.0
OX637753.1 42000000 42500000 109.0
OX637753.1 42500000 43000000 109.0
OX637753.1 43000000 43500000 109.0
OX637753.1 43500000 44000000 109.0
OX637753.1 44000000 44500000 109.0
OX637753.1 44500000 45000000 109.0
OX637753.1 45000000 45500000 109.0
OX637753.1 45500000 46000000 109.0
OX637753.1 46000000 46500000 109.0
OX637753.1 46500000 47000000 109.0
OX637753.1 47000000 47500000 109.0
OX637753.1 47500000 48000000 109.0
OX637753.1 48000000 48500000 109.0
OX637753.1 48500000 49000000 109.0
OX637753.1 49000000 49500000 109.28068
OX637753.1 49500000 50000000 110.0
OX637753.1 50000000 50500000 110.89055
OX637753.1 50500000 51000000 112.0
OX637753.1 51000000 51500000 112.98587
OX637753.1 51500000 52000000 113.0
OX637753.1 52000000 52500000 113.0
OX637753.1 52500000 53000000 113.0
OX637753.1 53000000 53500000 113.0
OX637753.1 53500000 54000000 113.0
OX637753.1 54000000 54500000 113.0
OX637753.1 54500000 55000000 113.0
OX637753.1 55000000 55500000 113.0
OX637753.1 55500000 56000000 113.0
OX637753.1 56000000 56500000 113.0
OX637753.1 56500000 57000000 113.0
OX637753.1 57000000 57500000 113.0
OX637753.1 57500000 58000000 113.0
OX637753.1 58000000 58500000 113.0
OX637753.1 58500000 59000000 113.0
OX637753.1 59000000 59500000 113.0
OX637753.1 59500000 60000000 113.0
OX637753.1 60000000 60500000 113.0
OX637753.1 60500000 61000000 113.0
OX637753.1 61000000 61500000 113.0
OX637753.1 61500000 62000000 113.0
OX637753.1 62000000 62500000 113.0
OX637753.1 62500000 63000000 113.0
OX637753.1 63000000 63500000 113.0
OX637753.1 63500000 64000000 113.0
OX637753.1 64000000 64500000 113.0
OX637753.1 64500000 65000000 113.54708
OX637753.1 65000000 65500000 114.0
OX637753.1 65500000 66000000 114.0
OX637753.1 66000000 66500000 114.0
OX637753.1 66500000 67000000 114.0
OX637753.1 67000000 67500000 114.0
OX637753.1 67500000 68000000 114.0
OX637753.1 68000000 68500000 114.0
OX637753.1 68500000 69000000 114.0
OX637753.1 69000000 69500000 114.0
OX637753.1 69500000 70000000 114.0
OX637753.1 70000000 70500000 114.0
OX637753.1 70500000 71000000 114.0
OX637753.1 71000000 71500000 114.18577
OX637753.1 71500000 72000000 115.0
OX637753.1 72000000 72500000 115.0
OX637753.1 72500000 73000000 115.0
OX637753.1 73000000 73500000 115.0
OX637753.1 73500000 74000000 115.0
OX637753.1 74000000 74500000 115.0
OX637753.1 74500000 75000000 115.0
OX637753.1 75000000 75500000 115.0
OX637753.1 75500000 76000000 115.0
OX637753.1 76000000 76500000 115.0
OX637753.1 76500000 77000000 115.0
OX637753.1 77000000 77500000 115.0
OX637753.1 77500000 78000000 115.0
OX637753.1 78000000 78500000 115.0
OX637753.1 78500000 79000000 115.0
OX637753.1 79000000 79500000 115.0
OX637753.1 79500000 80000000 115.0
OX637753.1 80000000 80500000 115.0
OX637753.1 80500000 81000000 115.0
OX637753.1 81000000 81500000 115.0
OX637753.1 81500000 82000000 115.0
OX637753.1 82000000 82500000 115.0
OX637753.1 82500000 83000000 115.0
OX637753.1 83000000 83500000 115.0
OX637753.1 83500000 84000000 115.0
OX637753.1 84000000 84500000 115.0
OX637753.1 84500000 85000000 115.0
OX637753.1 85000000 85500000 115.0
OX637753.1 85500000 86000000 115.0
OX637753.1 86000000 86500000 115.0
OX637753.1 86500000 87000000 115.0
OX637753.1 87000000 87500000 115.0
OX637753.1 87500000 88000000 115.0
OX637753.1 88000000 88500000 115.0
OX637753.1 88500000 89000000 115.0
OX637753.1 89000000 89500000 115.0
OX637753.1 89500000 90000000 115.0
OX637753.1 90000000 90500000 115.0
OX637753.1 90500000 91000000 115.0
OX637753.1 91000000 91500000 115.0
OX637753.1 91500000 92000000 115.0
OX637753.1 92000000 92500000 115.0
OX637753.1 92500000 93000000 115.0
OX637753.1 93000000 93500000 115.0
OX637753.1 93500000 94000000 115.0
OX637753.1 94000000 94500000 115.0
OX637753.1 94500000 95000000 115.0
OX637753.1 95000000 95500000 115.0
OX637753.1 95500000 96000000 115.0
OX637753.1 96000000 96500000 115.0
OX637753.1 96500000 97000000 115.0
OX637753.1 97000000 97500000 115.0
OX637753.1 97500000 98000000 115.0
OX637753.1 98000000 98500000 115.0
OX637753.1 98500000 99000000 115.0
OX637753.1 99000000 99500000 115.0
OX637753.1 99500000 100000000 115.0
OX637753.1 100000000 100500000 115.0
OX637753.1 100500000 101000000 115.0
OX637753.1 101000000 101500000 115.0
OX637753.1 101500000 102000000 115.0
OX637753.1 102000000 102500000 115.0
OX637753.1 102500000 103000000 115.0
OX637753.1 103000000 103500000 115.0
OX637753.1 103500000 104000000 115.0
OX637753.1 104000000 104500000 115.0
OX637753.1 104500000 105000000 115.18858
OX637753.1 105000000 105500000 116.0
OX637753.1 105500000 106000000 116.0
OX637753.1 106000000 106500000 116.57931
OX637753.1 106500000 107000000 117.0
OX637753.1 107000000 107500000 117.0
OX637753.1 107500000 108000000 117.00818
OX637753.1 108000000 108500000 118.0
OX637753.1 108500000 109000000 118.0
OX637753.1 109000000 109500000 118.0
OX637753.1 109500000 110000000 118.0
OX637753.1 110000000 110500000 118.0
OX637753.1 110500000 111000000 118.0
OX637753.1 111000000 111500000 118.0
OX637753.1 111500000 112000000 118.0
OX637753.1 112000000 112500000 118.0
OX637753.1 112500000 113000000 118.0
OX637753.1 113000000 113500000 118.0
OX637753.1 113500000 114000000 118.0
OX637753.1 114000000 114500000 118.0
OX637753.1 114500000 115000000 118.0
OX637753.1 115000000 115500000 118.0
OX637753.1 115500000 116000000 118.0
OX637753.1 116000000 116500000 118.0
OX637753.1 116500000 117000000 118.0
OX637753.1 117000000 117500000 118.0
OX637753.1 117500000 118000000 118.0
OX637753.1 118000000 118500000 118.0
OX637753.1 118500000 119000000 118.0
OX637753.1 119000000 119500000 118.0
OX637753.1 119500000 120000000 118.0
OX637753.1 120000000 120500000 118.0
OX637753.1 120500000 121000000 118.0
OX637753.1 121000000 121500000 118.0
OX637753.1 121500000 122000000 118.0
OX637753.1 122000000 122500000 118.0
OX637753.1 122500000 123000000 118.0
OX637753.1 123000000 123500000 118.0
OX637753.1 123500000 124000000 118.0
OX637753.1 124000000 124500000 118.0
OX637753.1 124500000 125000000 118.0
OX637753.1 125000000 125500000 118.0
OX637753.1 125500000 126000000 118.0
OX637753.1 126000000 126500000 118.0
OX637753.1 126500000 127000000 118.0
OX637753.1 127000000 127500000 118.0
OX637753.1 127500000 128000000 118.0
OX637753.1 128000000 128500000 118.0
OX637753.1 128500000 129000000 118.0
OX637753.1 129000000 129500000 118.0
OX637753.1 129500000 130000000 118.0
OX637753.1 130000000 130500000 118.0
OX637753.1 130500000 131000000 118.0
OX637753.1 131000000 131500000 118.0
OX637753.1 131500000 132000000 118.0
OX637753.1 132000000 132500000 118.0
OX637753.1 132500000 133000000 118.0
OX637753.1 133000000 133500000 118.0
OX637753.1 133500000 134000000 118.0
OX637753.1 134000000 134500000 118.0
OX637753.1 134500000 135000000 118.0
OX637753.1 135000000 135500000 118.0
OX637753.1 135500000 136000000 118.0
OX637753.1 136000000 136500000 118.0
OX637753.1 136500000 137000000 118.0
OX637753.1 137000000 137500000 118.0
OX637753.1 137500000 138000000 118.0
OX637753.1 138000000 138500000 118.0
OX637753.1 138500000 139000000 118.0
OX637753.1 139000000 139500000 118.0
OX637753.1 139500000 140000000 118.0
OX637753.1 140000000 140500000 118.0
OX637753.1 140500000 141000000 118.0
OX637753.1 141000000 141500000 118.0
OX637753.1 141500000 142000000 118.0
OX637753.1 142000000 142500000 118.0
OX637753.1 142500000 143000000 118.0
OX637753.1 143000000 143500000 118.0
OX637753.1 143500000 144000000 118.99991
OX637753.1 144000000 144500000 119.0
OX637753.1 144500000 145000000 119.0
OX637753.1 145000000 145500000 119.0
OX637753.1 145500000 146000000 119.0
OX637753.1 146000000 146500000 119.0
OX637753.1 146500000 147000000 119.0
OX637753.1 147000000 147500000 119.0
OX637753.1 147500000 148000000 119.0
OX637753.1 148000000 148500000 119.0
OX637753.1 148500000 149000000 119.0
OX637753.1 149000000 149500000 119.0
OX637753.1 149500000 150000000 119.0
OX637753.1 150000000 150500000 119.0
OX637753.1 150500000 151000000 119.0
OX637753.1 151000000 151500000 119.0
OX637753.1 151500000 152000000 119.0
OX637753.1 152000000 152500000 119.0
OX637753.1 152500000 153000000 119.0
OX637753.1 153000000 153500000 119.0
OX637753.1 153500000 154000000 119.0
OX637753.1 154000000 154500000 119.0
OX637753.1 154500000 155000000 119.0
OX637753.1 155000000 155500000 119.0
OX637753.1 155500000 156000000 119.0
OX637753.1 156000000 156500000 119.0
OX637753.1 156500000 157000000 119.0
OX637753.1 157000000 157500000 119.0
OX637753.1 157500000 158000000 119.0
OX637753.1 158000000 158500000 119.0
OX637753.1 158500000 159000000 119.0
OX637753.1 159000000 159500000 119.0
OX637753.1 159500000 160000000 119.0
OX637753.1 160000000 160500000 119.0
OX637753.1 160500000 161000000 119.0
OX637753.1 161000000 161500000 119.0
OX637753.1 161500000 162000000 119.11382
OX637753.1 162000000 162500000 120.0
OX637753.1 162500000 163000000 120.0
OX637753.1 163000000 163500000 120.0
OX637753.1 163500000 164000000 120.0
OX637753.1 164000000 164500000 120.0
OX637753.1 164500000 165000000 120.0
OX637753.1 165000000 165500000 120.0
OX637753.1 165500000 166000000 120.0
OX637753.1 166000000 166500000 120.0
OX637753.1 166500000 167000000 120.0
OX637753.1 167000000 167500000 120.0
OX637753.1 167500000 168000000 120.0
OX637753.1 168000000 168500000 120.0
OX637753.1 168500000 169000000 120.0
OX637753.1 169000000 169500000 120.0
OX637753.1 169500000 170000000 120.0
OX637753.1 170000000 170500000 120.0
OX637753.1 170500000 171000000 120.0
OX637753.1 171000000 171500000 120.0
OX637753.1 171500000 172000000 120.0
OX637753.1 172000000 172500000 120.0
OX637753.1 172500000 173000000 120.0
OX637753.1 173000000 173500000 120.0
OX637753.1 173500000 174000000 120.0
OX637753.1 174000000 174500000 120.0
OX637753.1 174500000 175000000 120.0
OX637753.1 175000000 175500000 120.0
OX637753.1 175500000 176000000 120.0
OX637753.1 176000000 176500000 120.0
OX637753.1 176500000 177000000 120.0
OX637753.1 177000000 177500000 120.0
OX637753.1 177500000 178000000 120.0
OX637753.1 178000000 178500000 120.0
OX637753.1 178500000 179000000 120.0
OX637753.1 179000000 179500000 120.0
OX637753.1 179500000 180000000 120.0
OX637753.1 180000000 180500000 120.0
OX637753.1 180500000 181000000 120.0
OX637753.1 181000000 181500000 120.0
OX637753.1 181500000 182000000 120.0
OX637753.1 182000000 182500000 120.0
OX637753.1 182500000 183000000 120.0
OX637753.1 183000000 183500000 120.0
OX637753.1 183500000 184000000 120.0
OX637753.1 184000000 184500000 120.0
OX637753.1 184500000 185000000 120.0
OX637753.1 185000000 185500000 120.0
OX637753.1 185500000 186000000 120.0
OX637753.1 186000000 186500000 120.02607
OX637753.1 186500000 187000000 120.0
OX637753.1 187000000 187500000 120.0
OX637753.1 187500000 188000000 120.0
OX637753.1 188000000 188500000 120.17237
OX637753.1 188500000 189000000 121.0
OX637753.1 189000000 189500000 121.0
OX637753.1 189500000 190000000 121.0
OX637753.1 190000000 190500000 121.0
OX637753.1 190500000 191000000 121.0
OX637753.1 191000000 191500000 121.0
OX637753.1 191500000 192000000 121.0
OX637753.1 192000000 192500000 121.0
OX637753.1 192500000 193000000 121.0
OX637753.1 193000000 193500000 121.0
OX637753.1 193500000 194000000 121.0
OX637753.1 194000000 194500000 121.0
OX637753.1 194500000 195000000 121.0
OX637753.1 195000000 195500000 121.0
OX637753.1 195500000 196000000 121.44187
OX637753.1 196000000 196500000 122.0
OX637753.1 196500000 197000000 122.0
OX637753.1 197000000 197500000 122.0
OX637753.1 197500000 198000000 122.0
OX637753.1 198000000 198500000 122.0
OX637753.1 198500000 199000000 122.0
OX637753.1 199000000 199500000 121.62142
OX637753.1 199500000 200000000 121.0
OX637753.1 200000000 200500000 121.0
OX637753.1 200500000 201000000 121.0
OX637753.1 201000000 201500000 121.0
OX637753.1 201500000 202000000 121.0
OX637753.1 202000000 202500000 121.0
OX637753.1 202500000 203000000 121.0
OX637753.1 203000000 203500000 121.0
OX637753.1 203500000 204000000 121.0
OX637753.1 204000000 204500000 121.0
OX637753.1 204500000 205000000 121.0
OX637753.1 205000000 205500000 121.0
OX637753.1 205500000 206000000 121.0
OX637753.1 206000000 206500000 121.0
OX637753.1 206500000 207000000 121.0
OX637753.1 207000000 207500000 121.0
OX637753.1 207500000 208000000 121.0
OX637753.1 208000000 208500000 121.0
OX637753.1 208500000 209000000 121.0
OX637753.1 209000000 209500000 121.0
OX637753.1 209500000 210000000 121.37508
OX637753.1 210000000 210500000 122.0
OX637753.1 210500000 211000000 122.0
OX637753.1 211000000 211500000 122.0
OX637753.1 211500000 212000000 122.0
OX637753.1 212000000 212500000 122.0
OX637753.1 212500000 213000000 122.0
OX637753.1 213000000 213500000 122.0
OX637753.1 213500000 214000000 122.0
OX637753.1 214000000 214500000 122.0
OX637753.1 214500000 215000000 122.0
OX637753.1 215000000 215500000 122.0
OX637753.1 215500000 216000000 122.0
OX637753.1 216000000 216500000 122.0
OX637753.1 216500000 217000000 122.0
OX637753.1 217000000 217500000 122.0
OX637753.1 217500000 218000000 122.0
OX637753.1 218000000 218500000 122.0
OX637753.1 218500000 219000000 122.0
OX637753.1 219000000 219500000 122.0
OX637753.1 219500000 220000000 122.0
OX637753.1 220000000 220500000 122.0
OX637753.1 220500000 221000000 122.0
OX637753.1 221000000 221500000 122.0
OX637753.1 221500000 222000000 122.0
OX637753.1 222000000 222500000 122.0
OX637753.1 222500000 223000000 122.0
OX637753.1 223000000 223500000 122.0
OX637753.1 223500000 224000000 122.59299
OX637753.1 224000000 224500000 123.0
OX637753.1 224500000 225000000 123.0
OX637753.1 225000000 225500000 123.0
OX637753.1 225500000 226000000 123.0
OX637753.1 226000000 226500000 123.0
OX637753.1 226500000 227000000 123.0
OX637753.1 227000000 227500000 123.0
OX637753.1 227500000 228000000 123.0
OX637753.1 228000000 228500000 123.0
OX637753.1 228500000 229000000 123.0
OX637753.1 229000000 229500000 123.0
OX637753.1 229500000 230000000 123.0
OX637753.1 230000000 230500000 123.0
OX637753.1 230500000 231000000 123.0
OX637753.1 231000000 231500000 123.0
OX637753.1 231500000 232000000 123.0
OX637753.1 232000000 232500000 123.0
OX637753.1 232500000 233000000 123.0
OX637753.1 233000000 233500000 123.0
OX637753.1 233500000 234000000 123.0
OX637753.1 234000000 234500000 123.0
OX637753.1 234500000 235000000 123.0
OX637753.1 235000000 235500000 123.0
OX637753.1 235500000 236000000 123.0
OX637753.1 236000000 236500000 123.0
OX637753.1 236500000 237000000 123.0
OX637753.1 237000000 237500000 123.0
OX637753.1 237500000 238000000 123.0
OX637753.1 238000000 238500000 123.0
OX637753.1 238500000 239000000 123.0
OX637753.1 239000000 239500000 123.0
OX637753.1 239500000 240000000 123.0
OX637753.1 240000000 240500000 123.0
OX637753.1 240500000 241000000 123.0
OX637753.1 241000000 241500000 123.0
OX637753.1 241500000 242000000 123.0
OX637753.1 242000000 242500000 123.0
OX637753.1 242500000 243000000 123.0
OX637753.1 243000000 243500000 123.0
OX637753.1 243500000 244000000 123.0
OX637753.1 244000000 244500000 123.0
OX637753.1 244500000 245000000 123.0
OX637753.1 245000000 245500000 123.29282
OX637753.1 245500000 246000000 124.0
OX637753.1 246000000 246500000 124.0
OX637753.1 246500000 247000000 124.0
OX637753.1 247000000 247500000 124.0
OX637753.1 247500000 248000000 124.0
OX637753.1 248000000 248500000 124.0
OX637753.1 248500000 249000000 124.0
OX637753.1 249000000 249500000 124.0
OX637753.1 249500000 250000000 124.0
OX637753.1 250000000 250500000 124.0
OX637753.1 250500000 251000000 124.0
OX637753.1 251000000 251500000 124.0
OX637753.1 251500000 252000000 124.0
OX637753.1 252000000 252500000 124.51863
OX637753.1 252500000 253000000 125.0
OX637753.1 253000000 253500000 125.0
OX637753.1 253500000 254000000 125.0
OX637753.1 254000000 254500000 125.0
OX637753.1 254500000 255000000 125.0
OX637753.1 255000000 255500000 125.0
OX637753.1 255500000 256000000 125.0
OX637753.1 256000000 256500000 124.99527
OX637753.1 256500000 257000000 124.0
OX637753.1 257000000 257500000 124.0
OX637753.1 257500000 258000000 124.0
OX637753.1 258000000 258500000 124.0
OX637753.1 258500000 259000000 124.0
OX637753.1 259000000 259500000 124.0
OX637753.1 259500000 260000000 124.0
OX637753.1 260000000 260500000 124.0
OX637753.1 260500000 261000000 124.0
OX637753.1 261000000 261500000 124.0
OX637753.1 261500000 262000000 124.0
OX637753.1 262000000 262500000 124.0
OX637753.1 262500000 263000000 124.0
OX637753.1 263000000 263500000 124.0
OX637753.1 263500000 264000000 124.0
OX637753.1 264000000 264500000 124.0
OX637753.1 264500000 265000000 124.0
OX637753.1 265000000 265500000 124.0
OX637753.1 265500000 266000000 124.0
OX637753.1 266000000 266500000 124.0
OX637753.1 266500000 267000000 124.0
OX637753.1 267000000 267500000 124.0
OX637753.1 267500000 268000000 124.0
OX637753.1 268000000 268500000 124.0
OX637753.1 268500000 269000000 124.0
OX637753.1 269000000 269500000 124.0
OX637753.1 269500000 270000000 124.0
OX637753.1 270000000 270500000 124.0
OX637753.1 270500000 271000000 124.0
OX637753.1 271000000 271500000 124.0
OX637753.1 271500000 272000000 124.0
OX637753.1 272000000 272500000 124.0
OX637753.1 272500000 273000000 124.0
OX637753.1 273000000 273500000 124.0
OX637753.1 273500000 274000000 124.0
OX637753.1 274000000 274500000 124.0
OX637753.1 274500000 275000000 124.0
OX637753.1 275000000 275500000 123.65584
OX637753.1 275500000 276000000 123.0
OX637753.1 276000000 276500000 123.0
OX637753.1 276500000 277000000 123.0
OX637753.1 277000000 277500000 123.0
OX637753.1 277500000 278000000 123.0
OX637753.1 278000000 278500000 123.0
OX637753.1 278500000 279000000 123.0
OX637753.1 279000000 279500000 123.0
OX637753.1 279500000 280000000 123.0
OX637753.1 280000000 280500000 123.0
OX637753.1 280500000 281000000 123.0
OX637753.1 281000000 281500000 123.0
OX637753.1 281500000 282000000 123.0
OX637753.1 282000000 282500000 123.0
OX637753.1 282500000 283000000 123.0
OX637753.1 283000000 283500000 123.0
OX637753.1 283500000 284000000 123.42102
OX637753.1 284000000 284500000 124.0
OX637753.1 284500000 285000000 124.0
OX637753.1 285000000 285500000 124.0
OX637753.1 285500000 286000000 124.0
OX637753.1 286000000 286500000 124.0
OX637753.1 286500000 287000000 124.0
OX637753.1 287000000 287500000 124.0
OX637753.1 287500000 288000000 124.0
OX637753.1 288000000 288500000 124.0
OX637753.1 288500000 289000000 124.0
OX637753.1 289000000 289500000 124.0
OX637753.1 289500000 290000000 124.0
OX637753.1 290000000 290500000 124.0
OX637753.1 290500000 291000000 124.0
OX637753.1 291000000 291500000 124.0
OX637753.1 291500000 292000000 124.0
OX637753.1 292000000 292500000 124.0
OX637753.1 292500000 293000000 124.0
OX637753.1 293000000 293500000 124.32325
OX637753.1 293500000 294000000 125.0
OX637753.1 294000000 294500000 125.0
OX637753.1 294500000 295000000 125.0
OX637753.1 295000000 295500000 125.0
OX637753.1 295500000 296000000 125.53831
OX637753.1 296000000 296500000 125.03458
OX637753.1 296500000 297000000 125.0
OX637753.1 297000000 297500000 125.0
OX637753.1 297500000 298000000 125.0
OX637753.1 298000000 298500000 124.06963
OX637753.1 298500000 299000000 124.0
OX637753.1 299000000 299500000 124.0
OX637753.1 299500000 300000000 124.0
OX637753.1 300000000 300500000 124.0
OX637753.1 300500000 301000000 124.0
OX637753.1 301000000 301500000 124.0
OX637753.1 301500000 302000000 124.0
OX637753.1 302000000 302500000 124.22042
OX637753.1 302500000 303000000 125.0
OX637753.1 303000000 303500000 125.0
OX637753.1 303500000 304000000 125.0
OX637753.1 304000000 304500000 125.0
OX637753.1 304500000 305000000 125.0
OX637753.1 305000000 305500000 125.0
OX637753.1 305500000 306000000 125.0
OX637753.1 306000000 306500000 125.0
OX637753.1 306500000 307000000 125.0
OX637753.1 307000000 307500000 125.0
OX637753.1 307500000 308000000 125.0
OX637753.1 308000000 308500000 125.0
OX637753.1 308500000 309000000 125.0
OX637753.1 309000000 309500000 125.0
OX637753.1 309500000 310000000 125.0
OX637753.1 310000000 310500000 125.0
OX637753.1 310500000 311000000 125.0
OX637753.1 311000000 311500000 125.0
OX637753.1 311500000 312000000 125.0
OX637753.1 312000000 312500000 125.0
OX637753.1 312500000 313000000 125.0
OX637753.1 313000000 313500000 125.0
OX637753.1 313500000 314000000 125.0
OX637753.1 314000000 314500000 125.0
OX637753.1 314500000 315000000 125.0
OX637753.1 315000000 315500000 125.0
OX637753.1 315500000 316000000 125.0
OX637753.1 316000000 316500000 125.0
OX637753.1 316500000 317000000 125.0
OX637753.1 317000000 317500000 125.0
OX637753.1 317500000 318000000 125.0
OX637753.1 318000000 318500000 125.0
OX637753.1 318500000 319000000 125.0
OX637753.1 319000000 319500000 125.0
OX637753.1 319500000 320000000 125.0
OX637753.1 320000000 320500000 125.0
OX637753.1 320500000 321000000 125.0
OX637753.1 321000000 321500000 125.0
OX637753.1 321500000 322000000 125.0
OX637753.1 322000000 322500000 125.0
OX637753.1 322500000 323000000 125.0
OX637753.1 323000000 323500000 125.0
OX637753.1 323500000 324000000 125.0
OX637753.1 324000000 324500000 125.0
OX637753.1 324500000 325000000 125.0
OX637753.1 325000000 325500000 125.0
OX637753.1 325500000 326000000 125.0
OX637753.1 326000000 326500000 125.0
OX637753.1 326500000 327000000 125.0
OX637753.1 327000000 327500000 125.0
OX637753.1 327500000 328000000 125.0
OX637753.1 328000000 328500000 125.0
OX637753.1 328500000 329000000 125.0
OX637753.1 329000000 329500000 125.0
OX637753.1 329500000 330000000 125.0
OX637753.1 330000000 330500000 125.0
OX637753.1 330500000 331000000 125.0
OX637753.1 331000000 331500000 125.0
OX637753.1 331500000 332000000 125.0
OX637753.1 332000000 332500000 125.0
OX637753.1 332500000 333000000 125.0
OX637753.1 333000000 333500000 125.0
OX637753.1 333500000 334000000 125.33041
OX637753.1 334000000 334500000 125.69029
OX637753.1 334500000 335000000 125.0
OX637753.1 335000000 335500000 125.0
OX637753.1 335500000 336000000 125.0
OX637753.1 336000000 336500000 125.0
OX637753.1 336500000 337000000 125.0
OX637753.1 337000000 337500000 125.0
OX637753.1 337500000 338000000 125.33016
OX637753.1 338000000 338500000 125.04444
OX637753.1 338500000 339000000 125.0
OX637753.1 339000000 339500000 125.0
OX637753.1 339500000 340000000 125.0
OX637753.1 340000000 340500000 125.0
OX637753.1 340500000 341000000 125.53549
OX637753.1 341000000 341500000 125.0
OX637753.1 341500000 342000000 125.0
OX637753.1 342000000 342500000 125.0
OX637753.1 342500000 343000000 125.0
OX637753.1 343000000 343500000 125.0
OX637753.1 343500000 344000000 125.0
OX637753.1 344000000 344500000 125.0
OX637753.1 344500000 345000000 125.0
OX637753.1 345000000 345500000 125.05407
OX637753.1 345500000 346000000 126.0
OX637753.1 346000000 346500000 126.0
OX637753.1 346500000 347000000 126.0
OX637753.1 347000000 347500000 126.0
OX637753.1 347500000 348000000 126.0
OX637753.1 348000000 348500000 126.0
OX637753.1 348500000 349000000 126.0
OX637753.1 349000000 349500000 126.0
OX637753.1 349500000 350000000 126.0
OX637753.1 350000000 350500000 126.0
OX637753.1 350500000 351000000 126.0
OX637753.1 351000000 351500000 126.0
OX637753.1 351500000 352000000 126.0
OX637753.1 352000000 352500000 126.0
OX637753.1 352500000 353000000 126.0
OX637753.1 353000000 353500000 126.0
OX637753.1 353500000 354000000 126.0
OX637753.1 354000000 354500000 126.0
OX637753.1 354500000 355000000 126.0
OX637753.1 355000000 355500000 126.0
OX637753.1 355500000 356000000 126.0
OX637753.1 356000000 356500000 126.0
OX637753.1 356500000 357000000 126.0
OX637753.1 357000000 357500000 126.0
OX637753.1 357500000 358000000 126.0
OX637753.1 358000000 358500000 126.0
OX637753.1 358500000 359000000 126.0
OX637753.1 359000000 359500000 126.0
OX637753.1 359500000 360000000 126.0
OX637753.1 360000000 360500000 126.0
OX637753.1 360500000 361000000 126.0
OX637753.1 361000000 361500000 126.0
OX637753.1 361500000 362000000 126.0
OX637753.1 362000000 362500000 126.0
OX637753.1 362500000 363000000 126.0
OX637753.1 363000000 363500000 126.0
OX637753.1 363500000 364000000 126.0
OX637753.1 364000000 364500000 126.0
OX637753.1 364500000 365000000 126.0
OX637753.1 365000000 365500000 126.0
OX637753.1 365500000 366000000 126.0
OX637753.1 366000000 366500000 126.0
OX637753.1 366500000 367000000 126.0
OX637753.1 367000000 367500000 126.0
OX637753.1 367500000 368000000 126.0
OX637753.1 368000000 368500000 126.0
OX637753.1 368500000 369000000 126.0
OX637753.1 369000000 369500000 126.0
OX637753.1 369500000 370000000 126.0
OX637753.1 370000000 370500000 126.0
OX637753.1 370500000 371000000 126.0
OX637753.1 371000000 371500000 126.0
OX637753.1 371500000 372000000 126.0
OX637753.1 372000000 372500000 126.0
OX637753.1 372500000 373000000 126.0
OX637753.1 373000000 373500000 126.0
OX637753.1 373500000 374000000 126.0
OX637753.1 374000000 374500000 126.0
OX637753.1 374500000 375000000 126.0
OX637753.1 375000000 375500000 126.0
OX637753.1 375500000 376000000 125.10384
OX637753.1 376000000 376500000 125.0
OX637753.1 376500000 377000000 125.0
OX637753.1 377000000 377500000 125.0
OX637753.1 377500000 378000000 125.0
OX637753.1 378000000 378500000 125.0
OX637753.1 378500000 379000000 125.0
OX637753.1 379000000 379500000 125.0
OX637753.1 379500000 380000000 125.0
OX637753.1 380000000 380500000 125.0
OX637753.1 380500000 381000000 125.0
OX637753.1 381000000 381500000 125.0
OX637753.1 381500000 382000000 125.0
OX637753.1 382000000 382500000 125.0
OX637753.1 382500000 383000000 125.0
OX637753.1 383000000 383500000 125.0
OX637753.1 383500000 384000000 125.0
OX637753.1 384000000 384500000 125.0
OX637753.1 384500000 385000000 125.0
OX637753.1 385000000 385500000 125.0
OX637753.1 385500000 386000000 125.0
OX637753.1 386000000 386500000 125.0
OX637753.1 386500000 387000000 125.0
OX637753.1 387000000 387500000 125.0
OX637753.1 387500000 388000000 125.0
OX637753.1 388000000 388500000 125.0
OX637753.1 388500000 389000000 125.0
OX637753.1 389000000 389500000 125.0
OX637753.1 389500000 390000000 125.0
OX637753.1 390000000 390500000 125.0
OX637753.1 390500000 391000000 125.0
OX637753.1 391000000 391500000 125.0
OX637753.1 391500000 392000000 125.0
OX637753.1 392000000 392500000 125.0
OX637753.1 392500000 393000000 125.0
OX637753.1 393000000 393500000 125.0
OX637753.1 393500000 394000000 125.0
OX637753.1 394000000 394500000 125.0
OX637753.1 394500000 395000000 125.0
OX637753.1 395000000 395500000 125.0
OX637753.1 395500000 396000000 125.0
OX637753.1 396000000 396500000 125.0
OX637753.1 396500000 397000000 125.0
OX637753.1 397000000 397500000 125.0
OX637753.1 397500000 398000000 125.0
OX637753.1 398000000 398500000 125.0
OX637753.1 398500000 399000000 125.0
OX637753.1 399000000 399500000 125.0
OX637753.1 399500000 400000000 125.0
OX637753.1 400000000 400500000 125.20656
OX637753.1 400500000 401000000 126.0
OX637753.1 401000000 401500000 126.0
OX637753.1 401500000 402000000 126.0
OX637753.1 402000000 402500000 126.0
OX637753.1 402500000 403000000 126.0
OX637753.1 403000000 403500000 126.0376
OX637753.1 403500000 404000000 126.03218
OX637753.1 404000000 404500000 126.0
OX637753.1 404500000 405000000 126.0
OX637753.1 405000000 405500000 126.0
OX637753.1 405500000 406000000 126.0
OX637753.1 406000000 406500000 126.0
OX637753.1 406500000 407000000 126.33021
OX637753.1 407000000 407500000 126.0
OX637753.1 407500000 408000000 126.0
OX637753.1 408000000 408500000 126.0
OX637753.1 408500000 409000000 126.0
OX637753.1 409000000 409500000 126.0
OX637753.1 409500000 410000000 126.0
OX637753.1 410000000 410500000 126.0
OX637753.1 410500000 411000000 126.0
OX637753.1 411000000 411500000 126.0
OX637753.1 411500000 412000000 126.0
OX637753.1 412000000 412500000 126.0
OX637753.1 412500000 413000000 126.0
OX637753.1 413000000 413500000 126.0
OX637753.1 413500000 414000000 126.0
OX637753.1 414000000 414500000 126.0
OX637753.1 414500000 415000000 126.0
OX637753.1 415000000 415500000 126.0
OX637753.1 415500000 416000000 126.0
OX637753.1 416000000 416500000 126.0
OX637753.1 416500000 417000000 126.0
OX637753.1 417000000 417500000 126.0
OX637753.1 417500000 418000000 126.0
OX637753.1 418000000 418500000 126.0
OX637753.1 418500000 419000000 125.27674
OX637753.1 419000000 419500000 125.0
OX637753.1 419500000 420000000 125.0
OX637753.1 420000000 420500000 124.2242
OX637753.1 420500000 421000000 124.0
OX637753.1 421000000 421500000 124.0
OX637753.1 421500000 422000000 124.0
OX637753.1 422000000 422500000 124.0
OX637753.1 422500000 423000000 124.0
OX637753.1 423000000 423500000 124.0
OX637753.1 423500000 424000000 124.0
OX637753.1 424000000 424500000 124.0
OX637753.1 424500000 425000000 124.0
OX637753.1 425000000 425500000 123.40102
OX637753.1 425500000 426000000 123.0
OX637753.1 426000000 426500000 123.0
OX637753.1 426500000 427000000 123.0
OX637753.1 427000000 427500000 123.0
OX637753.1 427500000 428000000 123.0
OX637753.1 428000000 428500000 121.71412
OX637753.1 428500000 429000000 121.0
OX637753.1 429000000 429500000 121.0
OX637753.1 429500000 430000000 121.0
OX637753.1 430000000 430500000 121.0
OX637753.1 430500000 431000000 121.0
OX637753.1 431000000 431500000 121.0
OX637753.1 431500000 432000000 121.0
OX637753.1 432000000 432500000 121.0
OX637753.1 432500000 433000000 121.0
OX637753.1 433000000 433500000 121.0
OX637753.1 433500000 434000000 121.0
OX637753.1 434000000 434500000 121.0
OX637753.1 434500000 435000000 119.88338
OX637753.1 435000000 435500000 118.23965
OX637753.1 435500000 436000000 118.0
OX637753.1 436000000 436500000 118.0
OX637753.1 436500000 437000000 118.0
OX637753.1 437000000 437500000 118.0
OX637753.1 437500000 438000000 118.0
OX637753.1 438000000 438500000 118.0
OX637753.1 438500000 439000000 118.0
OX637753.1 439000000 439500000 118.0
OX637753.1 439500000 440000000 118.0
OX637753.1 440000000 440500000 118.0
OX637753.1 440500000 441000000 118.0
OX637753.1 441000000 441500000 118.0
OX637753.1 441500000 442000000 118.0
OX637753.1 442000000 442500000 118.0
OX637753.1 442500000 443000000 118.0
OX637753.1 443000000 443500000 118.0
OX637753.1 443500000 444000000 118.0
OX637753.1 444000000 444500000 118.0
OX637753.1 444500000 445000000 118.0
OX637753.1 445000000 445500000 118.0
OX637753.1 445500000 446000000 118.0
OX637753.1 446000000 446500000 118.0
OX637753.1 446500000 447000000 118.0
OX637753.1 447000000 447500000 118.0
OX637753.1 447500000 448000000 118.0
OX637753.1 448000000 448500000 118.0
OX637753.1 448500000 449000000 117.2828
OX637753.1 449000000 449500000 117.0
OX637753.1 449500000 450000000 117.0
OX637753.1 450000000 450500000 117.0
OX637753.1 450500000 451000000 117.0
OX637753.1 451000000 451500000 116.61219
OX637753.1 451500000 452000000 116.0
OX637753.1 452000000 452500000 116.0
OX637753.1 452500000 453000000 116.0
OX637753.1 453000000 453500000 116.0
OX637753.1 453500000 454000000 116.0
OX637753.1 454000000 454500000 116.0
OX637753.1 454500000 455000000 115.56549
OX637753.1 455000000 455500000 115.0
OX637753.1 455500000 456000000 115.0
OX637753.1 456000000 456500000 115.0
OX637753.1 456500000 457000000 115.0
OX637753.1 457000000 457500000 115.0
OX637753.1 457500000 458000000 115.0
OX637753.1 458000000 458500000 114.19581
OX637753.1 458500000 459000000 113.05258
OX637753.1 459000000 459500000 113.0
OX637753.1 459500000 460000000 112.04373
OX637753.1 460000000 460500000 111.0
OX637753.1 460500000 461000000 110.22842
OX637753.1 461000000 461500000 110.0
OX637753.1 461500000 462000000 110.0
OX637753.1 462000000 462500000 110.0
OX637753.1 462500000 463000000 110.0
OX637753.1 463000000 463500000 110.0
OX637753.1 463500000 464000000 110.0
OX637753.1 464000000 464500000 110.0
OX637753.1 464500000 465000000 110.0
OX637753.1 465000000 465500000 110.0
OX637753.1 465500000 466000000 110.0
OX637753.1 466000000 466500000 110.0
OX637753.1 466500000 467000000 108.64496
OX637753.1 467000000 467500000 108.0
OX637753.1 467500000 468000000 108.0
OX637753.1 468000000 468500000 108.0
OX637753.1 468500000 469000000 108.0
OX637753.1 469000000 469500000 108.03644
OX637753.1 469500000 470000000 107.0
OX637753.1 470000000 470500000 106.35605
OX637753.1 470500000 471000000 104.73385
OX637753.1 471000000 471500000 103.09774
OX637753.1 471500000 472000000 101.08496
OX637753.1 472000000 472500000 99.78577
OX637753.1 472500000 473000000 97.54076
OX637753.1 473000000 473500000 96.18041
OX637753.1 473500000 474000000 95.88806
OX637753.1 474000000 474500000 95.0
OX637753.1 474500000 475000000 94.65914
OX637753.1 475000000 475500000 93.83004
OX637753.1 475500000 476000000 90.79017
OX637753.1 476000000 476500000 89.89808
OX637753.1 476500000 477000000 86.9605
OX637753.1 477000000 477500000 85.0
OX637753.1 477500000 478000000 83.91195
OX637753.1 478000000 478500000 82.97347
OX637753.1 478500000 479000000 81.38008
OX637753.1 479000000 479500000 79.62132
OX637753.1 479500000 480000000 77.0
OX637753.1 480000000 480500000 77.0
OX637753.1 480500000 481000000 76.12715
OX637753.1 481000000 481500000 72.20571
OX637753.1 481500000 482000000 67.71277
OX637753.1 482000000 482500000 64.32259
OX637753.1 482500000 483000000 59.13081
OX637753.1 483000000 483500000 51.74643
OX637753.1 483500000 484000000 46.40609
OX637753.1 484000000 484500000 41.85986
OX637753.1 484500000 485000000 37.50154
OX637753.1 485000000 485500000 34.81542
OX637753.1 485500000 486000000 31.42865
OX637753.1 486000000 486500000 25.90065
OX637753.1 486500000 487000000 20.49377
OX637753.1 487000000 487500000 17.15012
OX637753.1 487500000 488000000 14.85196
OX637753.1 488000000 488500000 10.99234
OX637753.1 488500000 489000000 3.41844
OX637753.1 489000000 489061466 0.0
OX637740.1 0 500000 0.0
OX637740.1 500000 1000000 0.0
OX637740.1 1000000 1500000 0.11294
OX637740.1 1500000 2000000 1.0
OX637740.1 2000000 2500000 1.0
OX637740.1 2500000 3000000 2.59595
OX637740.1 3000000 3500000 5.45541
OX637740.1 3500000 4000000 8.27202
OX637740.1 4000000 4500000 12.66429
OX637740.1 4500000 5000000 14.5142
OX637740.1 5000000 5500000 17.5055
OX637740.1 5500000 6000000 19.94076
OX637740.1 6000000 6500000 23.60464
OX637740.1 6500000 7000000 27.49861
OX637740.1 7000000 7500000 29.0
OX637740.1 7500000 8000000 29.0
OX637740.1 8000000 8500000 29.28609
OX637740.1 8500000 9000000 30.0
OX637740.1 9000000 9500000 30.0
OX637740.1 9500000 10000000 33.6075
OX637740.1 10000000 10500000 37.0
OX637740.1 10500000 11000000 37.0
OX637740.1 11000000 11500000 37.71243
OX637740.1 11500000 12000000 38.0
OX637740.1 12000000 12500000 38.0
OX637740.1 12500000 13000000 38.09954
OX637740.1 13000000 13500000 39.19725
OX637740.1 13500000 14000000 40.57891
OX637740.1 14000000 14500000 42.00859
OX637740.1 14500000 15000000 43.0
OX637740.1 15000000 15500000 43.33212
OX637740.1 15500000 16000000 49.18948
OX637740.1 16000000 16500000 50.0
OX637740.1 16500000 17000000 50.0
OX637740.1 17000000 17500000 50.0
OX637740.1 17500000 18000000 50.0
OX637740.1 18000000 18500000 51.57827
OX637740.1 18500000 19000000 52.84014
OX637740.1 19000000 19500000 53.81859
OX637740.1 19500000 20000000 55.58941
OX637740.1 20000000 20500000 56.0
OX637740.1 20500000 21000000 56.0446
OX637740.1 21000000 21500000 57.0
OX637740.1 21500000 22000000 57.0
OX637740.1 22000000 22500000 57.0
OX637740.1 22500000 23000000 57.0
OX637740.1 23000000 23500000 57.36371
OX637740.1 23500000 24000000 60.0
OX637740.1 24000000 24500000 60.0
OX637740.1 24500000 25000000 60.7218
OX637740.1 25000000 25500000 61.0
OX637740.1 25500000 26000000 61.0
OX637740.1 26000000 26500000 61.0
OX637740.1 26500000 27000000 61.99231
OX637740.1 27000000 27500000 62.0
OX637740.1 27500000 28000000 62.58447
OX637740.1 28000000 28500000 64.0
OX637740.1 28500000 29000000 64.0
OX637740.1 29000000 29500000 64.0634
OX637740.1 29500000 30000000 65.76416
OX637740.1 30000000 30500000 66.0
OX637740.1 30500000 31000000 66.0
OX637740.1 31000000 31500000 66.74624
OX637740.1 31500000 32000000 67.9252
OX637740.1 32000000 32500000 68.0
OX637740.1 32500000 33000000 68.75281
OX637740.1 33000000 33500000 69.0
OX637740.1 33500000 34000000 69.0
OX637740.1 34000000 34500000 69.627
OX637740.1 34500000 35000000 70.0
OX637740.1 35000000 35500000 70.0
OX637740.1 35500000 36000000 70.0
OX637740.1 36000000 36500000 70.0
OX637740.1 36500000 37000000 70.0
OX637740.1 37000000 37500000 70.0
OX637740.1 37500000 38000000 70.0
OX637740.1 38000000 38500000 70.0
OX637740.1 38500000 39000000 70.0
OX637740.1 39000000 39500000 70.51132
OX637740.1 39500000 40000000 71.0
OX637740.1 40000000 40500000 71.95425
OX637740.1 40500000 41000000 72.0
OX637740.1 41000000 41500000 72.0
OX637740.1 41500000 42000000 72.0
OX637740.1 42000000 42500000 72.0
OX637740.1 42500000 43000000 72.0
OX637740.1 43000000 43500000 72.0
OX637740.1 43500000 44000000 72.68558
OX637740.1 44000000 44500000 73.0
OX637740.1 44500000 45000000 73.0
OX637740.1 45000000 45500000 73.0
OX637740.1 45500000 46000000 73.0
OX637740.1 46000000 46500000 73.0
OX637740.1 46500000 47000000 73.93064
OX637740.1 47000000 47500000 74.45664
OX637740.1 47500000 48000000 75.0
OX637740.1 48000000 48500000 75.0
OX637740.1 48500000 49000000 75.0
OX637740.1 49000000 49500000 75.02364
OX637740.1 49500000 50000000 76.0
OX637740.1 50000000 50500000 76.96534
OX637740.1 50500000 51000000 77.0156
OX637740.1 51000000 51500000 78.0
OX637740.1 51500000 52000000 78.0
OX637740.1 52000000 52500000 78.0
OX637740.1 52500000 53000000 78.0
OX637740.1 53000000 53500000 78.0
OX637740.1 53500000 54000000 78.0
OX637740.1 54000000 54500000 78.0
OX637740.1 54500000 55000000 78.41976
OX637740.1 55000000 55500000 79.2568
OX637740.1 55500000 56000000 80.0
OX637740.1 56000000 56500000 80.06665
OX637740.1 56500000 57000000 81.0
OX637740.1 57000000 57500000 81.0
OX637740.1 57500000 58000000 81.0
OX637740.1 58000000 58500000 81.0
OX637740.1 58500000 59000000 81.0
OX637740.1 59000000 59500000 81.0
OX637740.1 59500000 60000000 81.0
OX637740.1 60000000 60500000 81.0
OX637740.1 60500000 61000000 81.0
OX637740.1 61000000 61500000 81.0
OX637740.1 61500000 62000000 81.0
OX637740.1 62000000 62500000 81.0
OX637740.1 62500000 63000000 81.0
OX637740.1 63000000 63500000 81.0
OX637740.1 63500000 64000000 81.0
OX637740.1 64000000 64500000 81.0
OX637740.1 64500000 65000000 81.0
OX637740.1 65000000 65500000 81.0
OX637740.1 65500000 66000000 81.0
OX637740.1 66000000 66500000 81.45454
OX637740.1 66500000 67000000 82.0
OX637740.1 67000000 67500000 82.0
OX637740.1 67500000 68000000 82.0
OX637740.1 68000000 68500000 82.0
OX637740.1 68500000 69000000 82.50466
OX637740.1 69000000 69500000 83.66049
OX637740.1 69500000 70000000 84.0
OX637740.1 70000000 70500000 84.0
OX637740.1 70500000 71000000 84.0
OX637740.1 71000000 71500000 84.8913
OX637740.1 71500000 72000000 85.26763
OX637740.1 72000000 72500000 86.0
OX637740.1 72500000 73000000 86.04909
OX637740.1 73000000 73500000 87.0
OX637740.1 73500000 74000000 87.0
OX637740.1 74000000 74500000 87.0
OX637740.1 74500000 75000000 87.0
OX637740.1 75000000 75500000 87.0
OX637740.1 75500000 76000000 87.0
OX637740.1 76000000 76500000 87.0
OX637740.1 76500000 77000000 87.0
OX637740.1 77000000 77500000 87.0
OX637740.1 77500000 78000000 87.0
OX637740.1 78000000 78500000 87.39945
OX637740.1 78500000 79000000 88.0
OX637740.1 79000000 79500000 88.0
OX637740.1 79500000 80000000 88.0
OX637740.1 80000000 80500000 88.0
OX637740.1 80500000 81000000 88.0
OX637740.1 81000000 81500000 88.0
OX637740.1 81500000 82000000 88.0
OX637740.1 82000000 82500000 88.0
OX637740.1 82500000 83000000 88.0
OX637740.1 83000000 83500000 88.0
OX637740.1 83500000 84000000 88.0
OX637740.1 84000000 84500000 88.0
OX637740.1 84500000 85000000 88.0
OX637740.1 85000000 85500000 88.0
OX637740.1 85500000 86000000 88.0
OX637740.1 86000000 86500000 88.0
OX637740.1 86500000 87000000 88.0
OX637740.1 87000000 87500000 88.0
OX637740.1 87500000 88000000 88.0
OX637740.1 88000000 88500000 88.0
OX637740.1 88500000 89000000 88.0
OX637740.1 89000000 89500000 88.0
OX637740.1 89500000 90000000 88.0
OX637740.1 90000000 90500000 88.0
OX637740.1 90500000 91000000 88.0
OX637740.1 91000000 91500000 88.0
OX637740.1 91500000 92000000 88.0
OX637740.1 92000000 92500000 88.0
OX637740.1 92500000 93000000 88.0
OX637740.1 93000000 93500000 88.0
OX637740.1 93500000 94000000 88.0
OX637740.1 94000000 94500000 88.0
OX637740.1 94500000 95000000 88.0
OX637740.1 95000000 95500000 88.0
OX637740.1 95500000 96000000 88.0
OX637740.1 96000000 96500000 88.0
OX637740.1 96500000 97000000 88.0
OX637740.1 97000000 97500000 88.0
OX637740.1 97500000 98000000 88.0
OX637740.1 98000000 98500000 88.0
OX637740.1 98500000 99000000 88.0
OX637740.1 99000000 99500000 88.0
OX637740.1 99500000 100000000 88.0
OX637740.1 100000000 100500000 88.0
OX637740.1 100500000 101000000 88.0
OX637740.1 101000000 101500000 88.0
OX637740.1 101500000 102000000 88.12796
OX637740.1 102000000 102500000 89.0
OX637740.1 102500000 103000000 89.0
OX637740.1 103000000 103500000 89.0
OX637740.1 103500000 104000000 89.0
OX637740.1 104000000 104500000 89.0
OX637740.1 104500000 105000000 89.0
OX637740.1 105000000 105500000 89.0
OX637740.1 105500000 106000000 89.0
OX637740.1 106000000 106500000 89.0
OX637740.1 106500000 107000000 89.0
OX637740.1 107000000 107500000 89.80495
OX637740.1 107500000 108000000 90.0
OX637740.1 108000000 108500000 90.0
OX637740.1 108500000 109000000 90.0
OX637740.1 109000000 109500000 90.0
OX637740.1 109500000 110000000 90.0
OX637740.1 110000000 110500000 90.26546
OX637740.1 110500000 111000000 91.0
OX637740.1 111000000 111500000 91.0
OX637740.1 111500000 112000000 91.0
OX637740.1 112000000 112500000 91.0
OX637740.1 112500000 113000000 91.0
OX637740.1 113000000 113500000 91.0
OX637740.1 113500000 114000000 91.0
OX637740.1 114000000 114500000 91.0
OX637740.1 114500000 115000000 91.0
OX637740.1 115000000 115500000 91.0
OX637740.1 115500000 116000000 91.0
OX637740.1 116000000 116500000 91.0
OX637740.1 116500000 117000000 91.0
OX637740.1 117000000 117500000 91.0
OX637740.1 117500000 118000000 91.0
OX637740.1 118000000 118500000 91.0
OX637740.1 118500000 119000000 91.0
OX637740.1 119000000 119500000 91.0
OX637740.1 119500000 120000000 91.0
OX637740.1 120000000 120500000 91.0
OX637740.1 120500000 121000000 91.0
OX637740.1 121000000 121500000 91.0
OX637740.1 121500000 122000000 91.0
OX637740.1 122000000 122500000 91.0
OX637740.1 122500000 123000000 91.0
OX637740.1 123000000 123500000 91.0
OX637740.1 123500000 124000000 91.0
OX637740.1 124000000 124500000 91.0
OX637740.1 124500000 125000000 91.0
OX637740.1 125000000 125500000 91.0
OX637740.1 125500000 126000000 91.0
OX637740.1 126000000 126500000 91.0
OX637740.1 126500000 127000000 91.0
OX637740.1 127000000 127500000 91.0
OX637740.1 127500000 128000000 91.0
OX637740.1 128000000 128500000 91.0
OX637740.1 128500000 129000000 91.0
OX637740.1 129000000 129500000 91.0
OX637740.1 129500000 130000000 91.0
OX637740.1 130000000 130500000 91.0
OX637740.1 130500000 131000000 91.0
OX637740.1 131000000 131500000 91.0
OX637740.1 131500000 132000000 91.0
OX637740.1 132000000 132500000 91.0
OX637740.1 132500000 133000000 91.0
OX637740.1 133000000 133500000 91.0
OX637740.1 133500000 134000000 91.1742
OX637740.1 134000000 134500000 92.0
OX637740.1 134500000 135000000 92.0
OX637740.1 135000000 135500000 92.0
OX637740.1 135500000 136000000 92.0
OX637740.1 136000000 136500000 92.0
OX637740.1 136500000 137000000 92.0
OX637740.1 137000000 137500000 92.0
OX637740.1 137500000 138000000 92.0
OX637740.1 138000000 138500000 92.0
OX637740.1 138500000 139000000 92.0
OX637740.1 139000000 139500000 92.0
OX637740.1 139500000 140000000 92.0
OX637740.1 140000000 140500000 92.0
OX637740.1 140500000 141000000 92.0
OX637740.1 141000000 141500000 92.0
OX637740.1 141500000 142000000 92.0
OX637740.1 142000000 142500000 92.0
OX637740.1 142500000 143000000 92.0
OX637740.1 143000000 143500000 92.0
OX637740.1 143500000 144000000 92.0
OX637740.1 144000000 144500000 92.0
OX637740.1 144500000 145000000 92.0
OX637740.1 145000000 145500000 92.0
OX637740.1 145500000 146000000 92.0
OX637740.1 146000000 146500000 92.0
OX637740.1 146500000 147000000 92.0
OX637740.1 147000000 147500000 92.0
OX637740.1 147500000 148000000 92.0
OX637740.1 148000000 148500000 92.0
OX637740.1 148500000 149000000 92.0
OX637740.1 149000000 149500000 92.0
OX637740.1 149500000 150000000 92.0
OX637740.1 150000000 150500000 92.0
OX637740.1 150500000 151000000 92.0
OX637740.1 151000000 151500000 92.0
OX637740.1 151500000 152000000 92.0
OX637740.1 152000000 152500000 92.0
OX637740.1 152500000 153000000 92.0
OX637740.1 153000000 153500000 92.0
OX637740.1 153500000 154000000 92.0
OX637740.1 154000000 154500000 92.0
OX637740.1 154500000 155000000 92.0
OX637740.1 155000000 155500000 92.0
OX637740.1 155500000 156000000 92.0
OX637740.1 156000000 156500000 92.0
OX637740.1 156500000 157000000 92.0
OX637740.1 157000000 157500000 92.0
OX637740.1 157500000 158000000 92.0
OX637740.1 158000000 158500000 92.0
OX637740.1 158500000 159000000 92.0
OX637740.1 159000000 159500000 92.0
OX637740.1 159500000 160000000 92.0
OX637740.1 160000000 160500000 92.0
OX637740.1 160500000 161000000 92.0
OX637740.1 161000000 161500000 92.0
OX637740.1 161500000 162000000 92.0
OX637740.1 162000000 162500000 92.0
OX637740.1 162500000 163000000 92.0
OX637740.1 163000000 163500000 92.0
OX637740.1 163500000 164000000 92.0
OX637740.1 164000000 164500000 92.0
OX637740.1 164500000 165000000 92.0
OX637740.1 165000000 165500000 92.0
OX637740.1 165500000 166000000 92.0
OX637740.1 166000000 166500000 92.0
OX637740.1 166500000 167000000 92.0
OX637740.1 167000000 167500000 92.0
OX637740.1 167500000 168000000 92.0
OX637740.1 168000000 168500000 92.0
OX637740.1 168500000 169000000 92.0
OX637740.1 169000000 169500000 92.0
OX637740.1 169500000 170000000 92.0
OX637740.1 170000000 170500000 92.0
OX637740.1 170500000 171000000 92.0
OX637740.1 171000000 171500000 92.0
OX637740.1 171500000 172000000 92.0
OX637740.1 172000000 172500000 92.0
OX637740.1 172500000 173000000 92.0
OX637740.1 173000000 173500000 92.0
OX637740.1 173500000 174000000 92.0
OX637740.1 174000000 174500000 92.0
OX637740.1 174500000 175000000 92.0
OX637740.1 175000000 175500000 92.0
OX637740.1 175500000 176000000 92.0
OX637740.1 176000000 176500000 92.0
OX637740.1 176500000 177000000 92.0
OX637740.1 177000000 177500000 92.0
OX637740.1 177500000 178000000 92.0
OX637740.1 178000000 178500000 92.0
OX637740.1 178500000 179000000 92.0
OX637740.1 179000000 179500000 92.0
OX637740.1 179500000 180000000 92.0
OX637740.1 180000000 180500000 92.0
OX637740.1 180500000 181000000 92.0
OX637740.1 181000000 181500000 92.0
OX637740.1 181500000 182000000 92.0
OX637740.1 182000000 182500000 92.85836
OX637740.1 182500000 183000000 93.0
OX637740.1 183000000 183500000 93.0
OX637740.1 183500000 184000000 93.0
OX637740.1 184000000 184500000 93.0
OX637740.1 184500000 185000000 93.0
OX637740.1 185000000 185500000 93.0
OX637740.1 185500000 186000000 93.0
OX637740.1 186000000 186500000 93.0
OX637740.1 186500000 187000000 93.0
OX637740.1 187000000 187500000 93.0
OX637740.1 187500000 188000000 93.0
OX637740.1 188000000 188500000 93.0
OX637740.1 188500000 189000000 93.0
OX637740.1 189000000 189500000 93.0
OX637740.1 189500000 190000000 93.0
OX637740.1 190000000 190500000 93.0
OX637740.1 190500000 191000000 93.0
OX637740.1 191000000 191500000 93.0
OX637740.1 191500000 192000000 93.0
OX637740.1 192000000 192500000 93.0
OX637740.1 192500000 193000000 93.0
OX637740.1 193000000 193500000 93.0
OX637740.1 193500000 194000000 93.0
OX637740.1 194000000 194500000 92.68515
OX637740.1 194500000 195000000 92.0
OX637740.1 195000000 195500000 92.0
OX637740.1 195500000 196000000 92.0
OX637740.1 196000000 196500000 92.0
OX637740.1 196500000 197000000 92.0
OX637740.1 197000000 197500000 92.0
OX637740.1 197500000 198000000 92.0
OX637740.1 198000000 198500000 92.0
OX637740.1 198500000 199000000 92.0
OX637740.1 199000000 199500000 92.0
OX637740.1 199500000 200000000 92.0
OX637740.1 200000000 200500000 92.0
OX637740.1 200500000 201000000 92.0
OX637740.1 201000000 201500000 92.0
OX637740.1 201500000 202000000 92.0
OX637740.1 202000000 202500000 92.0
OX637740.1 202500000 203000000 92.0
OX637740.1 203000000 203500000 92.0
OX637740.1 203500000 204000000 92.0
OX637740.1 204000000 204500000 92.0
OX637740.1 204500000 205000000 92.0
OX637740.1 205000000 205500000 92.0
OX637740.1 205500000 206000000 92.0
OX637740.1 206000000 206500000 92.0
OX637740.1 206500000 207000000 92.0
OX637740.1 207000000 207500000 92.0
OX637740.1 207500000 208000000 92.0
OX637740.1 208000000 208500000 92.0
OX637740.1 208500000 209000000 92.0
OX637740.1 209000000 209500000 92.0
OX637740.1 209500000 210000000 92.0
OX637740.1 210000000 210500000 92.0
OX637740.1 210500000 211000000 92.0
OX637740.1 211000000 211500000 92.0
OX637740.1 211500000 212000000 92.0
OX637740.1 212000000 212500000 92.0
OX637740.1 212500000 213000000 92.0
OX637740.1 213000000 213500000 92.0
OX637740.1 213500000 214000000 92.0
OX637740.1 214000000 214500000 92.0
OX637740.1 214500000 215000000 92.0
OX637740.1 215000000 215500000 92.0
OX637740.1 215500000 216000000 92.0
OX637740.1 216000000 216500000 92.0
OX637740.1 216500000 217000000 92.0
OX637740.1 217000000 217500000 92.0
OX637740.1 217500000 218000000 92.0
OX637740.1 218000000 218500000 92.0
OX637740.1 218500000 219000000 92.0
OX637740.1 219000000 219500000 92.0
OX637740.1 219500000 220000000 91.3514
OX637740.1 220000000 220500000 91.0
OX637740.1 220500000 221000000 91.0
OX637740.1 221000000 221500000 91.0
OX637740.1 221500000 222000000 91.0
OX637740.1 222000000 222500000 91.0
OX637740.1 222500000 223000000 91.0
OX637740.1 223000000 223500000 91.0
OX637740.1 223500000 224000000 91.0
OX637740.1 224000000 224500000 91.0
OX637740.1 224500000 225000000 91.0
OX637740.1 225000000 225500000 91.0
OX637740.1 225500000 226000000 91.0
OX637740.1 226000000 226500000 91.0
OX637740.1 226500000 227000000 91.0
OX637740.1 227000000 227500000 91.0
OX637740.1 227500000 228000000 91.0
OX637740.1 228000000 228500000 91.0
OX637740.1 228500000 229000000 91.0
OX637740.1 229000000 229500000 91.0
OX637740.1 229500000 230000000 91.0
OX637740.1 230000000 230500000 91.0
OX637740.1 230500000 231000000 91.0
OX637740.1 231000000 231500000 91.0
OX637740.1 231500000 232000000 91.0
OX637740.1 232000000 232500000 91.42176
OX637740.1 232500000 233000000 92.0126
OX637740.1 233000000 233500000 93.0
OX637740.1 233500000 234000000 93.0
OX637740.1 234000000 234500000 93.0
OX637740.1 234500000 235000000 93.0
OX637740.1 235000000 235500000 93.0
OX637740.1 235500000 236000000 93.0
OX637740.1 236000000 236500000 93.0
OX637740.1 236500000 237000000 93.0
OX637740.1 237000000 237500000 93.0
OX637740.1 237500000 238000000 93.0
OX637740.1 238000000 238500000 93.0
OX637740.1 238500000 239000000 93.0
OX637740.1 239000000 239500000 93.0
OX637740.1 239500000 240000000 93.0
OX637740.1 240000000 240500000 93.0
OX637740.1 240500000 241000000 93.0
OX637740.1 241000000 241500000 93.0
OX637740.1 241500000 242000000 93.0
OX637740.1 242000000 242500000 93.0
OX637740.1 242500000 243000000 93.11949
OX637740.1 243000000 243500000 94.0
OX637740.1 243500000 244000000 94.0
OX637740.1 244000000 244500000 94.0
OX637740.1 244500000 245000000 94.0
OX637740.1 245000000 245500000 94.0
OX637740.1 245500000 246000000 94.0
OX637740.1 246000000 246500000 94.0
OX637740.1 246500000 247000000 94.0
OX637740.1 247000000 247500000 94.72424
OX637740.1 247500000 248000000 95.0
OX637740.1 248000000 248500000 95.0
OX637740.1 248500000 249000000 95.0
OX637740.1 249000000 249500000 95.0
OX637740.1 249500000 250000000 95.0
OX637740.1 250000000 250500000 95.81793
OX637740.1 250500000 251000000 96.0
OX637740.1 251000000 251500000 96.0
OX637740.1 251500000 252000000 96.77009
OX637740.1 252000000 252500000 97.0
OX637740.1 252500000 253000000 97.0
OX637740.1 253000000 253500000 97.0
OX637740.1 253500000 254000000 97.0
OX637740.1 254000000 254500000 97.0
OX637740.1 254500000 255000000 97.0
OX637740.1 255000000 255500000 97.0
OX637740.1 255500000 256000000 97.0
OX637740.1 256000000 256500000 97.0
OX637740.1 256500000 257000000 96.51323
OX637740.1 257000000 257500000 96.0
OX637740.1 257500000 258000000 96.0
OX637740.1 258000000 258500000 96.0
OX637740.1 258500000 259000000 96.0
OX637740.1 259000000 259500000 96.0
OX637740.1 259500000 260000000 96.0
OX637740.1 260000000 260500000 96.0
OX637740.1 260500000 261000000 96.0
OX637740.1 261000000 261500000 96.0
OX637740.1 261500000 262000000 96.0
OX637740.1 262000000 262500000 96.0
OX637740.1 262500000 263000000 96.0
OX637740.1 263000000 263500000 96.0
OX637740.1 263500000 264000000 96.0
OX637740.1 264000000 264500000 96.0
OX637740.1 264500000 265000000 96.0
OX637740.1 265000000 265500000 96.0
OX637740.1 265500000 266000000 96.0
OX637740.1 266000000 266500000 96.0
OX637740.1 266500000 267000000 96.0
OX637740.1 267000000 267500000 96.0
OX637740.1 267500000 268000000 96.0
OX637740.1 268000000 268500000 96.0
OX637740.1 268500000 269000000 96.0
OX637740.1 269000000 269500000 96.0
OX637740.1 269500000 270000000 96.0
OX637740.1 270000000 270500000 96.0
OX637740.1 270500000 271000000 96.0
OX637740.1 271000000 271500000 96.0
OX637740.1 271500000 272000000 96.0
OX637740.1 272000000 272500000 96.0
OX637740.1 272500000 273000000 96.0
OX637740.1 273000000 273500000 96.0
OX637740.1 273500000 274000000 96.0
OX637740.1 274000000 274500000 96.0
OX637740.1 274500000 275000000 96.0
OX637740.1 275000000 275500000 96.0
OX637740.1 275500000 276000000 96.0
OX637740.1 276000000 276500000 95.80362
OX637740.1 276500000 277000000 96.0
OX637740.1 277000000 277500000 96.0
OX637740.1 277500000 278000000 96.0
OX637740.1 278000000 278500000 96.0
OX637740.1 278500000 279000000 96.0
OX637740.1 279000000 279500000 96.0
OX637740.1 279500000 280000000 96.0
OX637740.1 280000000 280500000 96.0
OX637740.1 280500000 281000000 96.0
OX637740.1 281000000 281500000 96.0
OX637740.1 281500000 282000000 96.0
OX637740.1 282000000 282500000 96.0
OX637740.1 282500000 283000000 96.0
OX637740.1 283000000 283500000 96.0
OX637740.1 283500000 284000000 96.0
OX637740.1 284000000 284500000 96.0
OX637740.1 284500000 285000000 96.0
OX637740.1 285000000 285500000 96.0
OX637740.1 285500000 286000000 96.0
OX637740.1 286000000 286500000 96.0
OX637740.1 286500000 287000000 96.0
OX637740.1 287000000 287500000 96.0
OX637740.1 287500000 288000000 96.0
OX637740.1 288000000 288500000 96.0
OX637740.1 288500000 289000000 96.0
OX637740.1 289000000 289500000 96.0
OX637740.1 289500000 290000000 96.0
OX637740.1 290000000 290500000 96.0
OX637740.1 290500000 291000000 96.0
OX637740.1 291000000 291500000 96.0
OX637740.1 291500000 292000000 96.0
OX637740.1 292000000 292500000 96.0
OX637740.1 292500000 293000000 96.0
OX637740.1 293000000 293500000 96.0
OX637740.1 293500000 294000000 96.0
OX637740.1 294000000 294500000 96.0
OX637740.1 294500000 295000000 96.0
OX637740.1 295000000 295500000 96.0
OX637740.1 295500000 296000000 96.0
OX637740.1 296000000 296500000 96.0
OX637740.1 296500000 297000000 96.0
OX637740.1 297000000 297500000 96.0
OX637740.1 297500000 298000000 96.0
OX637740.1 298000000 298500000 96.0
OX637740.1 298500000 299000000 96.0
OX637740.1 299000000 299500000 96.0
OX637740.1 299500000 300000000 96.0
OX637740.1 300000000 300500000 96.0
OX637740.1 300500000 301000000 96.0
OX637740.1 301000000 301500000 96.0
OX637740.1 301500000 302000000 96.0
OX637740.1 302000000 302500000 96.0
OX637740.1 302500000 303000000 96.0
OX637740.1 303000000 303500000 96.0
OX637740.1 303500000 304000000 96.0
OX637740.1 304000000 304500000 96.0
OX637740.1 304500000 305000000 96.0
OX637740.1 305000000 305500000 96.0
OX637740.1 305500000 306000000 96.0
OX637740.1 306000000 306500000 96.0
OX637740.1 306500000 307000000 96.0
OX637740.1 307000000 307500000 96.0
OX637740.1 307500000 308000000 95.48275
OX637740.1 308000000 308500000 95.0
OX637740.1 308500000 309000000 95.0
OX637740.1 309000000 309500000 95.0
OX637740.1 309500000 310000000 95.0
OX637740.1 310000000 310500000 95.0
OX637740.1 310500000 311000000 95.0
OX637740.1 311000000 311500000 95.0
OX637740.1 311500000 312000000 95.0
OX637740.1 312000000 312500000 95.0
OX637740.1 312500000 313000000 95.0
OX637740.1 313000000 313500000 95.0
OX637740.1 313500000 314000000 95.3842
OX637740.1 314000000 314500000 96.0
OX637740.1 314500000 315000000 96.0
OX637740.1 315000000 315500000 95.64652
OX637740.1 315500000 316000000 95.0
OX637740.1 316000000 316500000 95.0
OX637740.1 316500000 317000000 95.0
OX637740.1 317000000 317500000 95.0
OX637740.1 317500000 318000000 95.0
OX637740.1 318000000 318500000 95.0
OX637740.1 318500000 319000000 95.0
OX637740.1 319000000 319500000 94.24785
OX637740.1 319500000 320000000 94.0
OX637740.1 320000000 320500000 94.0
OX637740.1 320500000 321000000 94.0
OX637740.1 321000000 321500000 94.0
OX637740.1 321500000 322000000 94.0
OX637740.1 322000000 322500000 94.0
OX637740.1 322500000 323000000 94.0
OX637740.1 323000000 323500000 94.0
OX637740.1 323500000 324000000 94.59846
OX637740.1 324000000 324500000 95.0
OX637740.1 324500000 325000000 95.0
OX637740.1 325000000 325500000 95.0
OX637740.1 325500000 326000000 95.0
OX637740.1 326000000 326500000 95.0
OX637740.1 326500000 327000000 95.0
OX637740.1 327000000 327500000 95.0
OX637740.1 327500000 328000000 95.0
OX637740.1 328000000 328500000 95.0
OX637740.1 328500000 329000000 95.0
OX637740.1 329000000 329500000 95.0
OX637740.1 329500000 330000000 95.0
OX637740.1 330000000 330500000 95.0
OX637740.1 330500000 331000000 94.48335
OX637740.1 331000000 331500000 94.0
OX637740.1 331500000 332000000 94.0
OX637740.1 332000000 332500000 94.0
OX637740.1 332500000 333000000 94.0
OX637740.1 333000000 333500000 94.0
OX637740.1 333500000 334000000 94.0
OX637740.1 334000000 334500000 94.0
OX637740.1 334500000 335000000 94.0
OX637740.1 335000000 335500000 94.0
OX637740.1 335500000 336000000 94.0
OX637740.1 336000000 336500000 94.0
OX637740.1 336500000 337000000 94.0
OX637740.1 337000000 337500000 94.0
OX637740.1 337500000 338000000 94.0
OX637740.1 338000000 338500000 94.0
OX637740.1 338500000 339000000 94.0
OX637740.1 339000000 339500000 94.0
OX637740.1 339500000 340000000 94.0
OX637740.1 340000000 340500000 94.0
OX637740.1 340500000 341000000 94.76983
OX637740.1 341000000 341500000 95.0
OX637740.1 341500000 342000000 95.0
OX637740.1 342000000 342500000 95.0
OX637740.1 342500000 343000000 95.0
OX637740.1 343000000 343500000 95.0
OX637740.1 343500000 344000000 95.0
OX637740.1 344000000 344500000 95.0
OX637740.1 344500000 345000000 95.0
OX637740.1 345000000 345500000 95.0
OX637740.1 345500000 346000000 95.0
OX637740.1 346000000 346500000 95.0
OX637740.1 346500000 347000000 95.0
OX637740.1 347000000 347500000 95.0
OX637740.1 347500000 348000000 95.0
OX637740.1 348000000 348500000 95.0
OX637740.1 348500000 349000000 95.0
OX637740.1 349000000 349500000 95.0
OX637740.1 349500000 350000000 95.0
OX637740.1 350000000 350500000 95.0
OX637740.1 350500000 351000000 95.0
OX637740.1 351000000 351500000 94.772
OX637740.1 351500000 352000000 94.0
OX637740.1 352000000 352500000 94.0
OX637740.1 352500000 353000000 94.0
OX637740.1 353000000 353500000 94.0
OX637740.1 353500000 354000000 94.0
OX637740.1 354000000 354500000 94.0
OX637740.1 354500000 355000000 94.0
OX637740.1 355000000 355500000 94.0
OX637740.1 355500000 356000000 94.0
OX637740.1 356000000 356500000 94.0
OX637740.1 356500000 357000000 93.48466
OX637740.1 357000000 357500000 93.0
OX637740.1 357500000 358000000 93.0
OX637740.1 358000000 358500000 93.0
OX637740.1 358500000 359000000 93.0
OX637740.1 359000000 359500000 93.0
OX637740.1 359500000 360000000 93.0
OX637740.1 360000000 360500000 93.0
OX637740.1 360500000 361000000 93.0
OX637740.1 361000000 361500000 93.0
OX637740.1 361500000 362000000 93.0
OX637740.1 362000000 362500000 93.0
OX637740.1 362500000 363000000 93.0
OX637740.1 363000000 363500000 93.0
OX637740.1 363500000 364000000 93.0
OX637740.1 364000000 364500000 93.0
OX637740.1 364500000 365000000 93.0
OX637740.1 365000000 365500000 93.0
OX637740.1 365500000 366000000 93.0
OX637740.1 366000000 366500000 93.0
OX637740.1 366500000 367000000 93.0
OX637740.1 367000000 367500000 93.0
OX637740.1 367500000 368000000 93.0
OX637740.1 368000000 368500000 93.0
OX637740.1 368500000 369000000 93.0
OX637740.1 369000000 369500000 93.0
OX637740.1 369500000 370000000 93.0
OX637740.1 370000000 370500000 93.0
OX637740.1 370500000 371000000 93.0
OX637740.1 371000000 371500000 93.0
OX637740.1 371500000 372000000 93.0
OX637740.1 372000000 372500000 93.0
OX637740.1 372500000 373000000 93.0
OX637740.1 373000000 373500000 93.0
OX637740.1 373500000 374000000 93.0
OX637740.1 374000000 374500000 93.0
OX637740.1 374500000 375000000 93.0
OX637740.1 375000000 375500000 93.0
OX637740.1 375500000 376000000 93.0
OX637740.1 376000000 376500000 93.0
OX637740.1 376500000 377000000 93.0
OX637740.1 377000000 377500000 93.0
OX637740.1 377500000 378000000 93.0
OX637740.1 378000000 378500000 93.0
OX637740.1 378500000 379000000 93.0
OX637740.1 379000000 379500000 93.0
OX637740.1 379500000 380000000 93.0
OX637740.1 380000000 380500000 93.0
OX637740.1 380500000 381000000 93.0
OX637740.1 381000000 381500000 92.00898
OX637740.1 381500000 382000000 92.0
OX637740.1 382000000 382500000 92.0
OX637740.1 382500000 383000000 92.0
OX637740.1 383000000 383500000 92.0
OX637740.1 383500000 384000000 92.0
OX637740.1 384000000 384500000 92.0
OX637740.1 384500000 385000000 92.0
OX637740.1 385000000 385500000 92.0
OX637740.1 385500000 386000000 92.0
OX637740.1 386000000 386500000 92.0
OX637740.1 386500000 387000000 92.0
OX637740.1 387000000 387500000 92.0
OX637740.1 387500000 388000000 92.0
OX637740.1 388000000 388500000 92.0
OX637740.1 388500000 389000000 92.0
OX637740.1 389000000 389500000 92.0
OX637740.1 389500000 390000000 92.0
OX637740.1 390000000 390500000 92.0
OX637740.1 390500000 391000000 92.0
OX637740.1 391000000 391500000 92.0
OX637740.1 391500000 392000000 92.0
OX637740.1 392000000 392500000 92.0
OX637740.1 392500000 393000000 92.0
OX637740.1 393000000 393500000 92.0
OX637740.1 393500000 394000000 92.0
OX637740.1 394000000 394500000 92.0
OX637740.1 394500000 395000000 92.0
OX637740.1 395000000 395500000 92.0
OX637740.1 395500000 396000000 92.0
OX637740.1 396000000 396500000 92.0
OX637740.1 396500000 397000000 92.0
OX637740.1 397000000 397500000 92.0
OX637740.1 397500000 398000000 92.0
OX637740.1 398000000 398500000 92.0
OX637740.1 398500000 399000000 92.0
OX637740.1 399000000 399500000 91.75068
OX637740.1 399500000 400000000 91.0
OX637740.1 400000000 400500000 91.0
OX637740.1 400500000 401000000 91.0
OX637740.1 401000000 401500000 91.0
OX637740.1 401500000 402000000 90.08248
OX637740.1 402000000 402500000 90.89351
OX637740.1 402500000 403000000 91.0
OX637740.1 403000000 403500000 91.0
OX637740.1 403500000 404000000 91.0
OX637740.1 404000000 404500000 91.0
OX637740.1 404500000 405000000 91.0
OX637740.1 405000000 405500000 91.0
OX637740.1 405500000 406000000 91.0
OX637740.1 406000000 406500000 91.0
OX637740.1 406500000 407000000 91.0
OX637740.1 407000000 407500000 90.62778
OX637740.1 407500000 408000000 90.0
OX637740.1 408000000 408500000 90.0
OX637740.1 408500000 409000000 89.40646
OX637740.1 409000000 409500000 89.0
OX637740.1 409500000 410000000 88.23577
OX637740.1 410000000 410500000 88.0
OX637740.1 410500000 411000000 88.0
OX637740.1 411000000 411500000 88.0
OX637740.1 411500000 412000000 88.0
OX637740.1 412000000 412500000 88.0
OX637740.1 412500000 413000000 88.0
OX637740.1 413000000 413500000 88.0
OX637740.1 413500000 414000000 88.0
OX637740.1 414000000 414500000 88.0
OX637740.1 414500000 415000000 88.0
OX637740.1 415000000 415500000 88.0
OX637740.1 415500000 416000000 87.94434
OX637740.1 416000000 416500000 87.0
OX637740.1 416500000 417000000 87.0
OX637740.1 417000000 417500000 87.0
OX637740.1 417500000 418000000 87.0
OX637740.1 418000000 418500000 87.0
OX637740.1 418500000 419000000 87.0
OX637740.1 419000000 419500000 87.0
OX637740.1 419500000 420000000 87.0
OX637740.1 420000000 420500000 87.0
OX637740.1 420500000 421000000 87.0
OX637740.1 421000000 421500000 87.0
OX637740.1 421500000 422000000 87.0
OX637740.1 422000000 422500000 87.0
OX637740.1 422500000 423000000 86.50197
OX637740.1 423000000 423500000 84.0
OX637740.1 423500000 424000000 84.00018
OX637740.1 424000000 424500000 84.0
OX637740.1 424500000 425000000 84.0
OX637740.1 425000000 425500000 84.0
OX637740.1 425500000 426000000 84.0
OX637740.1 426000000 426500000 84.0
OX637740.1 426500000 427000000 84.0
OX637740.1 427000000 427500000 84.0
OX637740.1 427500000 428000000 84.0
OX637740.1 428000000 428500000 84.0
OX637740.1 428500000 429000000 84.0
OX637740.1 429000000 429500000 84.0
OX637740.1 429500000 430000000 84.0
OX637740.1 430000000 430500000 84.0
OX637740.1 430500000 431000000 83.41902
OX637740.1 431000000 431500000 83.45635
OX637740.1 431500000 432000000 83.0
OX637740.1 432000000 432500000 83.0
OX637740.1 432500000 433000000 83.0
OX637740.1 433000000 433500000 82.54095
OX637740.1 433500000 434000000 82.0
OX637740.1 434000000 434500000 82.0
OX637740.1 434500000 435000000 82.0
OX637740.1 435000000 435500000 82.0
OX637740.1 435500000 436000000 82.0
OX637740.1 436000000 436500000 82.0
OX637740.1 436500000 437000000 82.0
OX637740.1 437000000 437500000 82.0
OX637740.1 437500000 438000000 82.0
OX637740.1 438000000 438500000 82.5454
OX637740.1 438500000 439000000 83.0
OX637740.1 439000000 439500000 82.03321
OX637740.1 439500000 440000000 81.45104
OX637740.1 440000000 440500000 80.15612
OX637740.1 440500000 441000000 80.0
OX637740.1 441000000 441500000 80.0
OX637740.1 441500000 442000000 80.53018
OX637740.1 442000000 442500000 80.25472
OX637740.1 442500000 443000000 79.0
OX637740.1 443000000 443500000 79.0
OX637740.1 443500000 444000000 79.0
OX637740.1 444000000 444500000 78.90342
OX637740.1 444500000 445000000 78.0
OX637740.1 445000000 445500000 77.8216
OX637740.1 445500000 446000000 77.0
OX637740.1 446000000 446500000 77.0
OX637740.1 446500000 447000000 77.78489
OX637740.1 447000000 447500000 77.0
OX637740.1 447500000 448000000 77.0
OX637740.1 448000000 448500000 76.20644
OX637740.1 448500000 449000000 75.0
OX637740.1 449000000 449500000 75.0
OX637740.1 449500000 450000000 75.0
OX637740.1 450000000 450500000 75.0
OX637740.1 450500000 451000000 75.0
OX637740.1 451000000 451500000 75.0
OX637740.1 451500000 452000000 75.0
OX637740.1 452000000 452500000 75.0
OX637740.1 452500000 453000000 75.0
OX637740.1 453000000 453500000 74.92043
OX637740.1 453500000 454000000 74.0
OX637740.1 454000000 454500000 73.78717
OX637740.1 454500000 455000000 72.91506
OX637740.1 455000000 455500000 71.64548
OX637740.1 455500000 456000000 71.0
OX637740.1 456000000 456500000 71.0
OX637740.1 456500000 457000000 71.0
OX637740.1 457000000 457500000 71.43542
OX637740.1 457500000 458000000 71.0
OX637740.1 458000000 458500000 71.0
OX637740.1 458500000 459000000 71.0
OX637740.1 459000000 459500000 71.0
OX637740.1 459500000 460000000 69.3331
OX637740.1 460000000 460500000 69.0
OX637740.1 460500000 461000000 69.0
OX637740.1 461000000 461500000 68.32889
OX637740.1 461500000 462000000 66.51913
OX637740.1 462000000 462500000 65.98524
OX637740.1 462500000 463000000 65.0
OX637740.1 463000000 463500000 64.70334
OX637740.1 463500000 464000000 64.0
OX637740.1 464000000 464500000 63.30463
OX637740.1 464500000 465000000 62.36861
OX637740.1 465000000 465500000 61.57729
OX637740.1 465500000 466000000 59.94405
OX637740.1 466000000 466500000 57.49549
OX637740.1 466500000 467000000 56.68901
OX637740.1 467000000 467500000 54.45565
OX637740.1 467500000 468000000 53.0
OX637740.1 468000000 468500000 53.0
OX637740.1 468500000 469000000 53.0
OX637740.1 469000000 469500000 53.0
OX637740.1 469500000 470000000 52.96222
OX637740.1 470000000 470500000 52.0
OX637740.1 470500000 471000000 52.0
OX637740.1 471000000 471500000 52.0
OX637740.1 471500000 472000000 51.31562
OX637740.1 472000000 472500000 50.93547
OX637740.1 472500000 473000000 49.74549
OX637740.1 473000000 473500000 47.51295
OX637740.1 473500000 474000000 46.4696
OX637740.1 474000000 474500000 44.71268
OX637740.1 474500000 475000000 42.08163
OX637740.1 475000000 475500000 39.46497
OX637740.1 475500000 476000000 39.0
OX637740.1 476000000 476500000 38.93523
OX637740.1 476500000 477000000 38.0
OX637740.1 477000000 477500000 37.02572
OX637740.1 477500000 478000000 32.83156
OX637740.1 478000000 478500000 28.52491
OX637740.1 478500000 479000000 27.81537
OX637740.1 479000000 479500000 25.84241
OX637740.1 479500000 480000000 22.01434
OX637740.1 480000000 480500000 16.42301
OX637740.1 480500000 481000000 13.12809
OX637740.1 481000000 481500000 12.81927
OX637740.1 481500000 482000000 11.20978
OX637740.1 482000000 482500000 5.79871
OX637740.1 482500000 482982197 0.79745
OX637747.1 0 500000 0.0
OX637747.1 500000 1000000 0.0
OX637747.1 1000000 1500000 0.0
OX637747.1 1500000 2000000 0.67552
OX637747.1 2000000 2500000 3.14755
OX637747.1 2500000 3000000 5.99989
OX637747.1 3000000 3500000 9.35199
OX637747.1 3500000 4000000 11.77284
OX637747.1 4000000 4500000 28.40516
OX637747.1 4500000 5000000 32.08081
OX637747.1 5000000 5500000 35.0
OX637747.1 5500000 6000000 36.11319
OX637747.1 6000000 6500000 37.79275
OX637747.1 6500000 7000000 38.77775
OX637747.1 7000000 7500000 40.69912
OX637747.1 7500000 8000000 42.12861
OX637747.1 8000000 8500000 45.84011
OX637747.1 8500000 9000000 47.8704
OX637747.1 9000000 9500000 50.91139
OX637747.1 9500000 10000000 58.23932
OX637747.1 10000000 10500000 60.4948
OX637747.1 10500000 11000000 63.38553
OX637747.1 11000000 11500000 64.0
OX637747.1 11500000 12000000 65.32926
OX637747.1 12000000 12500000 67.0
OX637747.1 12500000 13000000 67.25263
OX637747.1 13000000 13500000 69.81053
OX637747.1 13500000 14000000 70.0
OX637747.1 14000000 14500000 71.07782
OX637747.1 14500000 15000000 73.18253
OX637747.1 15000000 15500000 75.61059
OX637747.1 15500000 16000000 77.00314
OX637747.1 16000000 16500000 78.29721
OX637747.1 16500000 17000000 79.0
OX637747.1 17000000 17500000 79.0
OX637747.1 17500000 18000000 79.0
OX637747.1 18000000 18500000 79.31959
OX637747.1 18500000 19000000 80.88019
OX637747.1 19000000 19500000 81.48575
OX637747.1 19500000 20000000 82.00833
OX637747.1 20000000 20500000 84.0
OX637747.1 20500000 21000000 84.79702
OX637747.1 21000000 21500000 85.57652
OX637747.1 21500000 22000000 87.0
OX637747.1 22000000 22500000 87.91501
OX637747.1 22500000 23000000 88.33469
OX637747.1 23000000 23500000 89.0
OX637747.1 23500000 24000000 89.0
OX637747.1 24000000 24500000 89.0
OX637747.1 24500000 25000000 89.57211
OX637747.1 25000000 25500000 90.05413
OX637747.1 25500000 26000000 91.0
OX637747.1 26000000 26500000 91.0
OX637747.1 26500000 27000000 91.0
OX637747.1 27000000 27500000 91.3641
OX637747.1 27500000 28000000 92.0
OX637747.1 28000000 28500000 92.0
OX637747.1 28500000 29000000 92.81585
OX637747.1 29000000 29500000 93.81655
OX637747.1 29500000 30000000 94.0
OX637747.1 30000000 30500000 94.0
OX637747.1 30500000 31000000 94.0
OX637747.1 31000000 31500000 94.0
OX637747.1 31500000 32000000 94.0
OX637747.1 32000000 32500000 94.0
OX637747.1 32500000 33000000 94.0
OX637747.1 33000000 33500000 94.0
OX637747.1 33500000 34000000 94.0
OX637747.1 34000000 34500000 94.0
OX637747.1 34500000 35000000 94.0
OX637747.1 35000000 35500000 94.0
OX637747.1 35500000 36000000 94.0
OX637747.1 36000000 36500000 94.0
OX637747.1 36500000 37000000 94.17414
OX637747.1 37000000 37500000 95.0
OX637747.1 37500000 38000000 95.0
OX637747.1 38000000 38500000 95.0
OX637747.1 38500000 39000000 95.0
OX637747.1 39000000 39500000 95.0
OX637747.1 39500000 40000000 95.0
OX637747.1 40000000 40500000 95.0
OX637747.1 40500000 41000000 95.0
OX637747.1 41000000 41500000 95.0
OX637747.1 41500000 42000000 95.0
OX637747.1 42000000 42500000 95.97878
OX637747.1 42500000 43000000 96.0
OX637747.1 43000000 43500000 96.0
OX637747.1 43500000 44000000 96.0
OX637747.1 44000000 44500000 96.0
OX637747.1 44500000 45000000 96.27011
OX637747.1 45000000 45500000 97.09503
OX637747.1 45500000 46000000 98.0
OX637747.1 46000000 46500000 98.0
OX637747.1 46500000 47000000 98.0
OX637747.1 47000000 47500000 98.0
OX637747.1 47500000 48000000 98.0
OX637747.1 48000000 48500000 98.0
OX637747.1 48500000 49000000 98.0
OX637747.1 49000000 49500000 98.0
OX637747.1 49500000 50000000 98.0
OX637747.1 50000000 50500000 98.0
OX637747.1 50500000 51000000 98.0
OX637747.1 51000000 51500000 98.0
OX637747.1 51500000 52000000 98.0
OX637747.1 52000000 52500000 98.0
OX637747.1 52500000 53000000 98.0
OX637747.1 53000000 53500000 98.0
OX637747.1 53500000 54000000 98.0
OX637747.1 54000000 54500000 98.0
OX637747.1 54500000 55000000 98.0
OX637747.1 55000000 55500000 98.0
OX637747.1 55500000 56000000 98.0
OX637747.1 56000000 56500000 98.0
OX637747.1 56500000 57000000 98.0
OX637747.1 57000000 57500000 98.0
OX637747.1 57500000 58000000 98.0
OX637747.1 58000000 58500000 98.0
OX637747.1 58500000 59000000 98.0
OX637747.1 59000000 59500000 98.70098
OX637747.1 59500000 60000000 99.0
OX637747.1 60000000 60500000 99.0
OX637747.1 60500000 61000000 99.0
OX637747.1 61000000 61500000 99.0
OX637747.1 61500000 62000000 99.0
OX637747.1 62000000 62500000 99.0
OX637747.1 62500000 63000000 99.0
OX637747.1 63000000 63500000 99.0
OX637747.1 63500000 64000000 99.0
OX637747.1 64000000 64500000 99.0
OX637747.1 64500000 65000000 99.0
OX637747.1 65000000 65500000 99.0
OX637747.1 65500000 66000000 99.0
OX637747.1 66000000 66500000 99.0
OX637747.1 66500000 67000000 99.0
OX637747.1 67000000 67500000 99.0
OX637747.1 67500000 68000000 99.0
OX637747.1 68000000 68500000 99.0
OX637747.1 68500000 69000000 99.0
OX637747.1 69000000 69500000 99.0
OX637747.1 69500000 70000000 99.0
OX637747.1 70000000 70500000 99.0
OX637747.1 70500000 71000000 99.0
OX637747.1 71000000 71500000 99.0
OX637747.1 71500000 72000000 99.0
OX637747.1 72000000 72500000 99.0
OX637747.1 72500000 73000000 99.0
OX637747.1 73000000 73500000 99.0
OX637747.1 73500000 74000000 99.0
OX637747.1 74000000 74500000 99.0
OX637747.1 74500000 75000000 99.0
OX637747.1 75000000 75500000 99.0
OX637747.1 75500000 76000000 99.0
OX637747.1 76000000 76500000 99.0
OX637747.1 76500000 77000000 99.0
OX637747.1 77000000 77500000 99.0
OX637747.1 77500000 78000000 99.0
OX637747.1 78000000 78500000 99.0
OX637747.1 78500000 79000000 99.0
OX637747.1 79000000 79500000 99.0
OX637747.1 79500000 80000000 99.0
OX637747.1 80000000 80500000 99.0
OX637747.1 80500000 81000000 99.0
OX637747.1 81000000 81500000 99.0
OX637747.1 81500000 82000000 99.0
OX637747.1 82000000 82500000 99.0
OX637747.1 82500000 83000000 99.0
OX637747.1 83000000 83500000 99.0
OX637747.1 83500000 84000000 99.0
OX637747.1 84000000 84500000 99.0
OX637747.1 84500000 85000000 99.0
OX637747.1 85000000 85500000 99.0
OX637747.1 85500000 86000000 99.0
OX637747.1 86000000 86500000 99.0
OX637747.1 86500000 87000000 99.0
OX637747.1 87000000 87500000 99.0
OX637747.1 87500000 88000000 99.0
OX637747.1 88000000 88500000 99.0
OX637747.1 88500000 89000000 99.0
OX637747.1 89000000 89500000 99.0
OX637747.1 89500000 90000000 99.0
OX637747.1 90000000 90500000 99.0
OX637747.1 90500000 91000000 99.0
OX637747.1 91000000 91500000 99.0
OX637747.1 91500000 92000000 99.0
OX637747.1 92000000 92500000 99.0
OX637747.1 92500000 93000000 99.0
OX637747.1 93000000 93500000 99.0
OX637747.1 93500000 94000000 99.0
OX637747.1 94000000 94500000 99.0
OX637747.1 94500000 95000000 99.0
OX637747.1 95000000 95500000 99.0
OX637747.1 95500000 96000000 99.0
OX637747.1 96000000 96500000 99.0
OX637747.1 96500000 97000000 99.0
OX637747.1 97000000 97500000 99.0
OX637747.1 97500000 98000000 99.0
OX637747.1 98000000 98500000 99.0
OX637747.1 98500000 99000000 99.0
OX637747.1 99000000 99500000 99.0
OX637747.1 99500000 100000000 99.0
OX637747.1 100000000 100500000 99.0
OX637747.1 100500000 101000000 99.0
OX637747.1 101000000 101500000 99.0
OX637747.1 101500000 102000000 99.0
OX637747.1 102000000 102500000 99.0
OX637747.1 102500000 103000000 99.0
OX637747.1 103000000 103500000 99.0
OX637747.1 103500000 104000000 99.0
OX637747.1 104000000 104500000 99.0
OX637747.1 104500000 105000000 99.0
OX637747.1 105000000 105500000 99.0
OX637747.1 105500000 106000000 99.0
OX637747.1 106000000 106500000 99.0
OX637747.1 106500000 107000000 99.0
OX637747.1 107000000 107500000 99.0
OX637747.1 107500000 108000000 99.0
OX637747.1 108000000 108500000 99.0
OX637747.1 108500000 109000000 99.0
OX637747.1 109000000 109500000 99.0
OX637747.1 109500000 110000000 99.0
OX637747.1 110000000 110500000 99.0
OX637747.1 110500000 111000000 99.0
OX637747.1 111000000 111500000 99.0
OX637747.1 111500000 112000000 99.0
OX637747.1 112000000 112500000 99.0
OX637747.1 112500000 113000000 99.0
OX637747.1 113000000 113500000 99.0
OX637747.1 113500000 114000000 99.0
OX637747.1 114000000 114500000 99.0
OX637747.1 114500000 115000000 99.0
OX637747.1 115000000 115500000 99.0
OX637747.1 115500000 116000000 99.0
OX637747.1 116000000 116500000 99.0
OX637747.1 116500000 117000000 99.0
OX637747.1 117000000 117500000 99.0
OX637747.1 117500000 118000000 99.0
OX637747.1 118000000 118500000 99.0
OX637747.1 118500000 119000000 99.0
OX637747.1 119000000 119500000 99.0
OX637747.1 119500000 120000000 99.0
OX637747.1 120000000 120500000 99.0
OX637747.1 120500000 121000000 99.0
OX637747.1 121000000 121500000 99.0
OX637747.1 121500000 122000000 99.0
OX637747.1 122000000 122500000 99.0
OX637747.1 122500000 123000000 99.0
OX637747.1 123000000 123500000 99.0
OX637747.1 123500000 124000000 99.0
OX637747.1 124000000 124500000 99.0
OX637747.1 124500000 125000000 99.0
OX637747.1 125000000 125500000 99.0
OX637747.1 125500000 126000000 99.0
OX637747.1 126000000 126500000 99.0
OX637747.1 126500000 127000000 99.0
OX637747.1 127000000 127500000 99.0
OX637747.1 127500000 128000000 99.0
OX637747.1 128000000 128500000 99.0
OX637747.1 128500000 129000000 99.0
OX637747.1 129000000 129500000 99.0
OX637747.1 129500000 130000000 99.0
OX637747.1 130000000 130500000 99.0
OX637747.1 130500000 131000000 99.0
OX637747.1 131000000 131500000 99.0
OX637747.1 131500000 132000000 99.0
OX637747.1 132000000 132500000 99.0
OX637747.1 132500000 133000000 99.0
OX637747.1 133000000 133500000 99.0
OX637747.1 133500000 134000000 99.0
OX637747.1 134000000 134500000 99.0
OX637747.1 134500000 135000000 99.0
OX637747.1 135000000 135500000 99.0
OX637747.1 135500000 136000000 99.0
OX637747.1 136000000 136500000 99.0
OX637747.1 136500000 137000000 99.0
OX637747.1 137000000 137500000 99.0
OX637747.1 137500000 138000000 99.0
OX637747.1 138000000 138500000 99.0
OX637747.1 138500000 139000000 99.0
OX637747.1 139000000 139500000 99.0
OX637747.1 139500000 140000000 99.0
OX637747.1 140000000 140500000 99.0
OX637747.1 140500000 141000000 99.0
OX637747.1 141000000 141500000 99.0
OX637747.1 141500000 142000000 99.0
OX637747.1 142000000 142500000 99.0
OX637747.1 142500000 143000000 99.0
OX637747.1 143000000 143500000 99.0
OX637747.1 143500000 144000000 99.0
OX637747.1 144000000 144500000 99.0
OX637747.1 144500000 145000000 99.0
OX637747.1 145000000 145500000 99.0
OX637747.1 145500000 146000000 99.0
OX637747.1 146000000 146500000 99.0
OX637747.1 146500000 147000000 99.0
OX637747.1 147000000 147500000 99.0
OX637747.1 147500000 148000000 99.0
OX637747.1 148000000 148500000 99.0
OX637747.1 148500000 149000000 99.0
OX637747.1 149000000 149500000 99.0
OX637747.1 149500000 150000000 99.0
OX637747.1 150000000 150500000 99.0
OX637747.1 150500000 151000000 99.0
OX637747.1 151000000 151500000 99.0
OX637747.1 151500000 152000000 99.0
OX637747.1 152000000 152500000 99.0
OX637747.1 152500000 153000000 99.0
OX637747.1 153000000 153500000 99.0
OX637747.1 153500000 154000000 99.0
OX637747.1 154000000 154500000 99.0
OX637747.1 154500000 155000000 99.0
OX637747.1 155000000 155500000 99.0
OX637747.1 155500000 156000000 99.0
OX637747.1 156000000 156500000 99.0
OX637747.1 156500000 157000000 99.0
OX637747.1 157000000 157500000 99.0
OX637747.1 157500000 158000000 99.0
OX637747.1 158000000 158500000 99.0
OX637747.1 158500000 159000000 99.0
OX637747.1 159000000 159500000 99.0
OX637747.1 159500000 160000000 99.0
OX637747.1 160000000 160500000 99.0
OX637747.1 160500000 161000000 99.0
OX637747.1 161000000 161500000 99.0
OX637747.1 161500000 162000000 99.0358
OX637747.1 162000000 162500000 100.31524
OX637747.1 162500000 163000000 101.0
OX637747.1 163000000 163500000 101.0
OX637747.1 163500000 164000000 101.0
OX637747.1 164000000 164500000 101.0
OX637747.1 164500000 165000000 101.0
OX637747.1 165000000 165500000 101.0
OX637747.1 165500000 166000000 101.0
OX637747.1 166000000 166500000 101.0
OX637747.1 166500000 167000000 101.0
OX637747.1 167000000 167500000 101.0
OX637747.1 167500000 168000000 101.0
OX637747.1 168000000 168500000 101.0
OX637747.1 168500000 169000000 101.0
OX637747.1 169000000 169500000 101.0
OX637747.1 169500000 170000000 101.0
OX637747.1 170000000 170500000 101.0
OX637747.1 170500000 171000000 101.0
OX637747.1 171000000 171500000 101.0
OX637747.1 171500000 172000000 101.0
OX637747.1 172000000 172500000 101.0
OX637747.1 172500000 173000000 101.0
OX637747.1 173000000 173500000 101.0
OX637747.1 173500000 174000000 101.0
OX637747.1 174000000 174500000 101.0
OX637747.1 174500000 175000000 101.0
OX637747.1 175000000 175500000 101.0
OX637747.1 175500000 176000000 101.0
OX637747.1 176000000 176500000 101.0
OX637747.1 176500000 177000000 101.0
OX637747.1 177000000 177500000 101.0
OX637747.1 177500000 178000000 101.0
OX637747.1 178000000 178500000 101.0
OX637747.1 178500000 179000000 101.0
OX637747.1 179000000 179500000 101.0
OX637747.1 179500000 180000000 101.0
OX637747.1 180000000 180500000 101.0
OX637747.1 180500000 181000000 101.0
OX637747.1 181000000 181500000 101.0
OX637747.1 181500000 182000000 101.0
OX637747.1 182000000 182500000 101.0
OX637747.1 182500000 183000000 101.0
OX637747.1 183000000 183500000 101.0
OX637747.1 183500000 184000000 101.0
OX637747.1 184000000 184500000 101.0
OX637747.1 184500000 185000000 101.0
OX637747.1 185000000 185500000 101.0
OX637747.1 185500000 186000000 101.0
OX637747.1 186000000 186500000 101.0
OX637747.1 186500000 187000000 101.0
OX637747.1 187000000 187500000 101.0
OX637747.1 187500000 188000000 101.0
OX637747.1 188000000 188500000 101.0
OX637747.1 188500000 189000000 101.0
OX637747.1 189000000 189500000 101.0
OX637747.1 189500000 190000000 101.0
OX637747.1 190000000 190500000 101.0
OX637747.1 190500000 191000000 101.0
OX637747.1 191000000 191500000 101.0
OX637747.1 191500000 192000000 101.0
OX637747.1 192000000 192500000 101.0
OX637747.1 192500000 193000000 101.0
OX637747.1 193000000 193500000 101.0
OX637747.1 193500000 194000000 101.0
OX637747.1 194000000 194500000 101.0
OX637747.1 194500000 195000000 101.0
OX637747.1 195000000 195500000 101.0
OX637747.1 195500000 196000000 101.0
OX637747.1 196000000 196500000 101.0
OX637747.1 196500000 197000000 101.0
OX637747.1 197000000 197500000 101.0
OX637747.1 197500000 198000000 101.0
OX637747.1 198000000 198500000 101.0
OX637747.1 198500000 199000000 101.0
OX637747.1 199000000 199500000 101.0
OX637747.1 199500000 200000000 101.0
OX637747.1 200000000 200500000 101.0
OX637747.1 200500000 201000000 101.0
OX637747.1 201000000 201500000 101.0
OX637747.1 201500000 202000000 101.0
OX637747.1 202000000 202500000 101.0
OX637747.1 202500000 203000000 101.0
OX637747.1 203000000 203500000 101.0
OX637747.1 203500000 204000000 101.0
OX637747.1 204000000 204500000 101.0
OX637747.1 204500000 205000000 101.0
OX637747.1 205000000 205500000 101.0
OX637747.1 205500000 206000000 101.0
OX637747.1 206000000 206500000 101.0
OX637747.1 206500000 207000000 101.0
OX637747.1 207000000 207500000 101.0
OX637747.1 207500000 208000000 101.0
OX637747.1 208000000 208500000 101.0
OX637747.1 208500000 209000000 101.0
OX637747.1 209000000 209500000 101.0
OX637747.1 209500000 210000000 101.0
OX637747.1 210000000 210500000 101.0
OX637747.1 210500000 211000000 101.0
OX637747.1 211000000 211500000 101.0
OX637747.1 211500000 212000000 101.0
OX637747.1 212000000 212500000 101.0
OX637747.1 212500000 213000000 101.0
OX637747.1 213000000 213500000 101.0
OX637747.1 213500000 214000000 101.0
OX637747.1 214000000 214500000 101.0
OX637747.1 214500000 215000000 101.0
OX637747.1 215000000 215500000 101.0
OX637747.1 215500000 216000000 101.0
OX637747.1 216000000 216500000 101.0
OX637747.1 216500000 217000000 101.0
OX637747.1 217000000 217500000 101.0
OX637747.1 217500000 218000000 101.0
OX637747.1 218000000 218500000 101.0
OX637747.1 218500000 219000000 101.0
OX637747.1 219000000 219500000 101.0
OX637747.1 219500000 220000000 101.0
OX637747.1 220000000 220500000 101.0
OX637747.1 220500000 221000000 101.0
OX637747.1 221000000 221500000 101.0
OX637747.1 221500000 222000000 101.0
OX637747.1 222000000 222500000 101.0
OX637747.1 222500000 223000000 101.0
OX637747.1 223000000 223500000 101.0
OX637747.1 223500000 224000000 101.0
OX637747.1 224000000 224500000 101.0
OX637747.1 224500000 225000000 101.0
OX637747.1 225000000 225500000 101.0
OX637747.1 225500000 226000000 101.0
OX637747.1 226000000 226500000 101.0
OX637747.1 226500000 227000000 101.0
OX637747.1 227000000 227500000 101.0
OX637747.1 227500000 228000000 101.0
OX637747.1 228000000 228500000 101.0
OX637747.1 228500000 229000000 101.0
OX637747.1 229000000 229500000 101.0
OX637747.1 229500000 230000000 101.0
OX637747.1 230000000 230500000 101.0
OX637747.1 230500000 231000000 101.0
OX637747.1 231000000 231500000 101.0
OX637747.1 231500000 232000000 101.0
OX637747.1 232000000 232500000 101.0
OX637747.1 232500000 233000000 101.0
OX637747.1 233000000 233500000 101.0
OX637747.1 233500000 234000000 101.0
OX637747.1 234000000 234500000 101.0
OX637747.1 234500000 235000000 101.0
OX637747.1 235000000 235500000 101.0
OX637747.1 235500000 236000000 101.0
OX637747.1 236000000 236500000 101.0
OX637747.1 236500000 237000000 101.0
OX637747.1 237000000 237500000 101.0
OX637747.1 237500000 238000000 101.0
OX637747.1 238000000 238500000 101.0
OX637747.1 238500000 239000000 101.0
OX637747.1 239000000 239500000 101.0
OX637747.1 239500000 240000000 101.0
OX637747.1 240000000 240500000 101.0
OX637747.1 240500000 241000000 101.0
OX637747.1 241000000 241500000 101.0
OX637747.1 241500000 242000000 101.0
OX637747.1 242000000 242500000 101.0
OX637747.1 242500000 243000000 101.0
OX637747.1 243000000 243500000 101.0
OX637747.1 243500000 244000000 101.0
OX637747.1 244000000 244500000 101.0
OX637747.1 244500000 245000000 101.0
OX637747.1 245000000 245500000 101.0
OX637747.1 245500000 246000000 101.0
OX637747.1 246000000 246500000 101.0
OX637747.1 246500000 247000000 101.0
OX637747.1 247000000 247500000 101.0
OX637747.1 247500000 248000000 101.0
OX637747.1 248000000 248500000 101.0
OX637747.1 248500000 249000000 101.0
OX637747.1 249000000 249500000 101.0
OX637747.1 249500000 250000000 101.0
OX637747.1 250000000 250500000 101.0
OX637747.1 250500000 251000000 101.0
OX637747.1 251000000 251500000 101.0
OX637747.1 251500000 252000000 101.0
OX637747.1 252000000 252500000 101.0
OX637747.1 252500000 253000000 101.0
OX637747.1 253000000 253500000 101.0
OX637747.1 253500000 254000000 101.0
OX637747.1 254000000 254500000 101.0
OX637747.1 254500000 255000000 101.0
OX637747.1 255000000 255500000 101.0
OX637747.1 255500000 256000000 101.0
OX637747.1 256000000 256500000 101.0
OX637747.1 256500000 257000000 101.0
OX637747.1 257000000 257500000 101.0
OX637747.1 257500000 258000000 101.0
OX637747.1 258000000 258500000 101.0
OX637747.1 258500000 259000000 101.0
OX637747.1 259000000 259500000 101.0
OX637747.1 259500000 260000000 101.0
OX637747.1 260000000 260500000 101.0
OX637747.1 260500000 261000000 101.0
OX637747.1 261000000 261500000 101.0
OX637747.1 261500000 262000000 101.0
OX637747.1 262000000 262500000 101.0
OX637747.1 262500000 263000000 101.0
OX637747.1 263000000 263500000 101.0
OX637747.1 263500000 264000000 101.0
OX637747.1 264000000 264500000 101.0
OX637747.1 264500000 265000000 101.0
OX637747.1 265000000 265500000 101.0
OX637747.1 265500000 266000000 101.0
OX637747.1 266000000 266500000 101.0
OX637747.1 266500000 267000000 101.0
OX637747.1 267000000 267500000 101.0
OX637747.1 267500000 268000000 101.0
OX637747.1 268000000 268500000 101.0
OX637747.1 268500000 269000000 101.0
OX637747.1 269000000 269500000 101.0
OX637747.1 269500000 270000000 101.0
OX637747.1 270000000 270500000 101.0
OX637747.1 270500000 271000000 101.0
OX637747.1 271000000 271500000 101.0
OX637747.1 271500000 272000000 101.0
OX637747.1 272000000 272500000 101.0
OX637747.1 272500000 273000000 101.0
OX637747.1 273000000 273500000 101.0
OX637747.1 273500000 274000000 101.0
OX637747.1 274000000 274500000 101.0
OX637747.1 274500000 275000000 101.0
OX637747.1 275000000 275500000 101.0
OX637747.1 275500000 276000000 101.0
OX637747.1 276000000 276500000 101.0
OX637747.1 276500000 277000000 101.0
OX637747.1 277000000 277500000 101.0
OX637747.1 277500000 278000000 101.0
OX637747.1 278000000 278500000 101.0
OX637747.1 278500000 279000000 101.0
OX637747.1 279000000 279500000 101.0
OX637747.1 279500000 280000000 101.0
OX637747.1 280000000 280500000 101.0
OX637747.1 280500000 281000000 101.0
OX637747.1 281000000 281500000 101.0
OX637747.1 281500000 282000000 101.0
OX637747.1 282000000 282500000 101.0
OX637747.1 282500000 283000000 101.0
OX637747.1 283000000 283500000 101.0
OX637747.1 283500000 284000000 101.0
OX637747.1 284000000 284500000 101.0
OX637747.1 284500000 285000000 101.0
OX637747.1 285000000 285500000 101.0
OX637747.1 285500000 286000000 101.0
OX637747.1 286000000 286500000 101.0
OX637747.1 286500000 287000000 101.0
OX637747.1 287000000 287500000 101.0
OX637747.1 287500000 288000000 101.0
OX637747.1 288000000 288500000 101.0
OX637747.1 288500000 289000000 101.0
OX637747.1 289000000 289500000 101.0
OX637747.1 289500000 290000000 101.0
OX637747.1 290000000 290500000 101.0
OX637747.1 290500000 291000000 101.0
OX637747.1 291000000 291500000 101.0
OX637747.1 291500000 292000000 101.0
OX637747.1 292000000 292500000 101.0
OX637747.1 292500000 293000000 101.0
OX637747.1 293000000 293500000 101.0
OX637747.1 293500000 294000000 101.0
OX637747.1 294000000 294500000 101.0
OX637747.1 294500000 295000000 101.0
OX637747.1 295000000 295500000 101.0
OX637747.1 295500000 296000000 101.0
OX637747.1 296000000 296500000 101.0
OX637747.1 296500000 297000000 101.0
OX637747.1 297000000 297500000 101.0
OX637747.1 297500000 298000000 101.0
OX637747.1 298000000 298500000 101.0
OX637747.1 298500000 299000000 101.0
OX637747.1 299000000 299500000 101.0
OX637747.1 299500000 300000000 101.0
OX637747.1 300000000 300500000 101.0
OX637747.1 300500000 301000000 101.0
OX637747.1 301000000 301500000 101.0
OX637747.1 301500000 302000000 101.0
OX637747.1 302000000 302500000 101.0
OX637747.1 302500000 303000000 101.0
OX637747.1 303000000 303500000 101.0
OX637747.1 303500000 304000000 101.0
OX637747.1 304000000 304500000 101.0
OX637747.1 304500000 305000000 101.0
OX637747.1 305000000 305500000 101.0
OX637747.1 305500000 306000000 101.0
OX637747.1 306000000 306500000 101.0
OX637747.1 306500000 307000000 101.0
OX637747.1 307000000 307500000 101.0
OX637747.1 307500000 308000000 101.0
OX637747.1 308000000 308500000 101.0
OX637747.1 308500000 309000000 101.0
OX637747.1 309000000 309500000 101.0
OX637747.1 309500000 310000000 101.0
OX637747.1 310000000 310500000 101.0
OX637747.1 310500000 311000000 101.0
OX637747.1 311000000 311500000 101.0
OX637747.1 311500000 312000000 101.0
OX637747.1 312000000 312500000 101.0
OX637747.1 312500000 313000000 101.0
OX637747.1 313000000 313500000 101.0
OX637747.1 313500000 314000000 101.0
OX637747.1 314000000 314500000 101.0
OX637747.1 314500000 315000000 101.0
OX637747.1 315000000 315500000 101.0
OX637747.1 315500000 316000000 101.0
OX637747.1 316000000 316500000 101.0
OX637747.1 316500000 317000000 101.0
OX637747.1 317000000 317500000 101.0
OX637747.1 317500000 318000000 101.0
OX637747.1 318000000 318500000 101.0
OX637747.1 318500000 319000000 101.0
OX637747.1 319000000 319500000 101.0
OX637747.1 319500000 320000000 101.0
OX637747.1 320000000 320500000 101.0
OX637747.1 320500000 321000000 101.0
OX637747.1 321000000 321500000 101.0
OX637747.1 321500000 322000000 101.0
OX637747.1 322000000 322500000 101.0
OX637747.1 322500000 323000000 101.0
OX637747.1 323000000 323500000 101.0
OX637747.1 323500000 324000000 101.0
OX637747.1 324000000 324500000 101.0
OX637747.1 324500000 325000000 101.0
OX637747.1 325000000 325500000 101.0
OX637747.1 325500000 326000000 101.0
OX637747.1 326000000 326500000 101.0
OX637747.1 326500000 327000000 101.0
OX637747.1 327000000 327500000 101.0
OX637747.1 327500000 328000000 101.0
OX637747.1 328000000 328500000 101.0
OX637747.1 328500000 329000000 101.0
OX637747.1 329000000 329500000 101.0
OX637747.1 329500000 330000000 101.0
OX637747.1 330000000 330500000 101.0
OX637747.1 330500000 331000000 101.0
OX637747.1 331000000 331500000 101.0
OX637747.1 331500000 332000000 101.0
OX637747.1 332000000 332500000 101.0
OX637747.1 332500000 333000000 101.0
OX637747.1 333000000 333500000 101.0
OX637747.1 333500000 334000000 101.0
OX637747.1 334000000 334500000 101.0
OX637747.1 334500000 335000000 101.0
OX637747.1 335000000 335500000 101.0
OX637747.1 335500000 336000000 101.0
OX637747.1 336000000 336500000 101.0
OX637747.1 336500000 337000000 101.0
OX637747.1 337000000 337500000 101.0
OX637747.1 337500000 338000000 101.0
OX637747.1 338000000 338500000 101.0
OX637747.1 338500000 339000000 101.0
OX637747.1 339000000 339500000 101.0
OX637747.1 339500000 340000000 101.0
OX637747.1 340000000 340500000 101.0
OX637747.1 340500000 341000000 101.0
OX637747.1 341000000 341500000 101.0
OX637747.1 341500000 342000000 101.0
OX637747.1 342000000 342500000 101.0
OX637747.1 342500000 343000000 101.0
OX637747.1 343000000 343500000 101.0
OX637747.1 343500000 344000000 101.0
OX637747.1 344000000 344500000 101.0
OX637747.1 344500000 345000000 101.0
OX637747.1 345000000 345500000 101.0
OX637747.1 345500000 346000000 101.0
OX637747.1 346000000 346500000 101.0
OX637747.1 346500000 347000000 101.0
OX637747.1 347000000 347500000 101.0
OX637747.1 347500000 348000000 101.0
OX637747.1 348000000 348500000 101.0
OX637747.1 348500000 349000000 101.0
OX637747.1 349000000 349500000 101.0
OX637747.1 349500000 350000000 101.0
OX637747.1 350000000 350500000 101.0
OX637747.1 350500000 351000000 101.0
OX637747.1 351000000 351500000 101.0
OX637747.1 351500000 352000000 101.0
OX637747.1 352000000 352500000 101.0
OX637747.1 352500000 353000000 101.0
OX637747.1 353000000 353500000 101.0
OX637747.1 353500000 354000000 101.0
OX637747.1 354000000 354500000 101.0
OX637747.1 354500000 355000000 101.0
OX637747.1 355000000 355500000 101.0
OX637747.1 355500000 356000000 101.0
OX637747.1 356000000 356500000 101.0
OX637747.1 356500000 357000000 101.0
OX637747.1 357000000 357500000 101.0
OX637747.1 357500000 358000000 101.0
OX637747.1 358000000 358500000 101.0
OX637747.1 358500000 359000000 101.0
OX637747.1 359000000 359500000 101.0
OX637747.1 359500000 360000000 101.0
OX637747.1 360000000 360500000 101.0
OX637747.1 360500000 361000000 101.0
OX637747.1 361000000 361500000 101.0
OX637747.1 361500000 362000000 101.0
OX637747.1 362000000 362500000 101.0
OX637747.1 362500000 363000000 101.0
OX637747.1 363000000 363500000 101.0
OX637747.1 363500000 364000000 101.0
OX637747.1 364000000 364500000 101.0
OX637747.1 364500000 365000000 101.0
OX637747.1 365000000 365500000 101.0
OX637747.1 365500000 366000000 101.0
OX637747.1 366000000 366500000 101.0
OX637747.1 366500000 367000000 101.0
OX637747.1 367000000 367500000 101.0
OX637747.1 367500000 368000000 101.0
OX637747.1 368000000 368500000 101.0
OX637747.1 368500000 369000000 101.0
OX637747.1 369000000 369500000 101.0
OX637747.1 369500000 370000000 101.0
OX637747.1 370000000 370500000 101.0
OX637747.1 370500000 371000000 101.0
OX637747.1 371000000 371500000 101.0
OX637747.1 371500000 372000000 101.0
OX637747.1 372000000 372500000 101.0
OX637747.1 372500000 373000000 101.0
OX637747.1 373000000 373500000 101.0
OX637747.1 373500000 374000000 101.0
OX637747.1 374000000 374500000 101.0
OX637747.1 374500000 375000000 101.0
OX637747.1 375000000 375500000 101.0
OX637747.1 375500000 376000000 101.0
OX637747.1 376000000 376500000 101.0
OX637747.1 376500000 377000000 101.0
OX637747.1 377000000 377500000 101.0
OX637747.1 377500000 378000000 101.0
OX637747.1 378000000 378500000 101.0
OX637747.1 378500000 379000000 101.0
OX637747.1 379000000 379500000 101.0
OX637747.1 379500000 380000000 101.0
OX637747.1 380000000 380500000 101.0
OX637747.1 380500000 381000000 101.0
OX637747.1 381000000 381500000 101.0
OX637747.1 381500000 382000000 101.0
OX637747.1 382000000 382500000 100.76905
OX637747.1 382500000 383000000 100.0
OX637747.1 383000000 383500000 100.0
OX637747.1 383500000 384000000 100.0
OX637747.1 384000000 384500000 100.0
OX637747.1 384500000 385000000 100.0
OX637747.1 385000000 385500000 100.0
OX637747.1 385500000 386000000 100.0
OX637747.1 386000000 386500000 100.0
OX637747.1 386500000 387000000 100.0
OX637747.1 387000000 387500000 100.0
OX637747.1 387500000 388000000 100.0
OX637747.1 388000000 388500000 100.0
OX637747.1 388500000 389000000 100.0
OX637747.1 389000000 389500000 100.0
OX637747.1 389500000 390000000 100.0
OX637747.1 390000000 390500000 100.0
OX637747.1 390500000 391000000 100.0
OX637747.1 391000000 391500000 100.0
OX637747.1 391500000 392000000 100.0
OX637747.1 392000000 392500000 100.0
OX637747.1 392500000 393000000 100.0
OX637747.1 393000000 393500000 100.0
OX637747.1 393500000 394000000 100.0
OX637747.1 394000000 394500000 100.0
OX637747.1 394500000 395000000 100.0
OX637747.1 395000000 395500000 100.0
OX637747.1 395500000 396000000 100.0
OX637747.1 396000000 396500000 100.0
OX637747.1 396500000 397000000 100.0
OX637747.1 397000000 397500000 100.0
OX637747.1 397500000 398000000 100.0
OX637747.1 398000000 398500000 100.0
OX637747.1 398500000 399000000 100.0
OX637747.1 399000000 399500000 100.0
OX637747.1 399500000 400000000 100.0
OX637747.1 400000000 400500000 100.0
OX637747.1 400500000 401000000 100.0
OX637747.1 401000000 401500000 100.0
OX637747.1 401500000 402000000 100.0
OX637747.1 402000000 402500000 100.0
OX637747.1 402500000 403000000 100.0
OX637747.1 403000000 403500000 100.0
OX637747.1 403500000 404000000 100.0
OX637747.1 404000000 404500000 100.0
OX637747.1 404500000 405000000 100.0
OX637747.1 405000000 405500000 100.0
OX637747.1 405500000 406000000 100.0
OX637747.1 406000000 406500000 100.0
OX637747.1 406500000 407000000 100.0
OX637747.1 407000000 407500000 100.0
OX637747.1 407500000 408000000 100.0
OX637747.1 408000000 408500000 100.0
OX637747.1 408500000 409000000 100.0
OX637747.1 409000000 409500000 100.0
OX637747.1 409500000 410000000 100.0
OX637747.1 410000000 410500000 100.0
OX637747.1 410500000 411000000 100.0
OX637747.1 411000000 411500000 100.0
OX637747.1 411500000 412000000 100.0
OX637747.1 412000000 412500000 100.0
OX637747.1 412500000 413000000 100.0
OX637747.1 413000000 413500000 100.0
OX637747.1 413500000 414000000 100.0
OX637747.1 414000000 414500000 100.0
OX637747.1 414500000 415000000 100.0
OX637747.1 415000000 415500000 100.0
OX637747.1 415500000 416000000 100.0
OX637747.1 416000000 416500000 100.0
OX637747.1 416500000 417000000 100.0
OX637747.1 417000000 417500000 100.0
OX637747.1 417500000 418000000 100.0
OX637747.1 418000000 418500000 100.0
OX637747.1 418500000 419000000 100.0
OX637747.1 419000000 419500000 100.0
OX637747.1 419500000 420000000 100.0
OX637747.1 420000000 420500000 100.0
OX637747.1 420500000 421000000 100.0
OX637747.1 421000000 421500000 100.0
OX637747.1 421500000 422000000 100.0
OX637747.1 422000000 422500000 100.0
OX637747.1 422500000 423000000 100.0
OX637747.1 423000000 423500000 100.0
OX637747.1 423500000 424000000 100.0
OX637747.1 424000000 424500000 100.0
OX637747.1 424500000 425000000 100.0
OX637747.1 425000000 425500000 100.0
OX637747.1 425500000 426000000 100.0
OX637747.1 426000000 426500000 100.0
OX637747.1 426500000 427000000 100.0
OX637747.1 427000000 427500000 100.0
OX637747.1 427500000 428000000 100.0
OX637747.1 428000000 428500000 100.0
OX637747.1 428500000 429000000 100.0
OX637747.1 429000000 429500000 100.0
OX637747.1 429500000 430000000 100.0
OX637747.1 430000000 430500000 100.0
OX637747.1 430500000 431000000 100.0
OX637747.1 431000000 431500000 100.0
OX637747.1 431500000 432000000 100.0
OX637747.1 432000000 432500000 100.0
OX637747.1 432500000 433000000 100.0
OX637747.1 433000000 433500000 100.0
OX637747.1 433500000 434000000 100.0
OX637747.1 434000000 434500000 100.0
OX637747.1 434500000 435000000 100.0
OX637747.1 435000000 435500000 100.0
OX637747.1 435500000 436000000 100.0
OX637747.1 436000000 436500000 100.0
OX637747.1 436500000 437000000 100.0
OX637747.1 437000000 437500000 100.0
OX637747.1 437500000 438000000 100.0
OX637747.1 438000000 438500000 100.0
OX637747.1 438500000 439000000 100.0
OX637747.1 439000000 439500000 100.0
OX637747.1 439500000 440000000 100.0
OX637747.1 440000000 440500000 100.0
OX637747.1 440500000 441000000 100.0
OX637747.1 441000000 441500000 100.0
OX637747.1 441500000 442000000 100.0
OX637747.1 442000000 442500000 100.0
OX637747.1 442500000 443000000 100.0
OX637747.1 443000000 443500000 100.0
OX637747.1 443500000 444000000 100.0
OX637747.1 444000000 444500000 100.0
OX637747.1 444500000 445000000 100.0
OX637747.1 445000000 445500000 100.0
OX637747.1 445500000 446000000 100.0
OX637747.1 446000000 446500000 100.0
OX637747.1 446500000 447000000 100.0
OX637747.1 447000000 447500000 99.3683
OX637747.1 447500000 448000000 99.0
OX637747.1 448000000 448500000 99.0
OX637747.1 448500000 449000000 99.0
OX637747.1 449000000 449500000 99.0
OX637747.1 449500000 450000000 99.0
OX637747.1 450000000 450500000 99.0
OX637747.1 450500000 451000000 99.0
OX637747.1 451000000 451500000 99.0
OX637747.1 451500000 452000000 99.0
OX637747.1 452000000 452500000 99.0
OX637747.1 452500000 453000000 99.0
OX637747.1 453000000 453500000 99.0
OX637747.1 453500000 454000000 99.49738
OX637747.1 454000000 454500000 100.0
OX637747.1 454500000 455000000 100.0
OX637747.1 455000000 455500000 100.0
OX637747.1 455500000 456000000 99.41493
OX637747.1 456000000 456500000 99.0
OX637747.1 456500000 457000000 99.0
OX637747.1 457000000 457500000 99.0
OX637747.1 457500000 458000000 99.0
OX637747.1 458000000 458500000 99.0
OX637747.1 458500000 459000000 99.0
OX637747.1 459000000 459500000 99.0
OX637747.1 459500000 460000000 99.0
OX637747.1 460000000 460500000 99.0
OX637747.1 460500000 461000000 99.0
OX637747.1 461000000 461500000 99.0
OX637747.1 461500000 462000000 99.0
OX637747.1 462000000 462500000 99.0
OX637747.1 462500000 463000000 99.0
OX637747.1 463000000 463500000 99.0
OX637747.1 463500000 464000000 99.0
OX637747.1 464000000 464500000 99.0
OX637747.1 464500000 465000000 99.0
OX637747.1 465000000 465500000 99.0
OX637747.1 465500000 466000000 99.0
OX637747.1 466000000 466500000 99.0
OX637747.1 466500000 467000000 99.0
OX637747.1 467000000 467500000 99.0
OX637747.1 467500000 468000000 99.0
OX637747.1 468000000 468500000 99.0
OX637747.1 468500000 469000000 99.0
OX637747.1 469000000 469500000 99.0
OX637747.1 469500000 470000000 99.0
OX637747.1 470000000 470500000 99.0
OX637747.1 470500000 471000000 99.0
OX637747.1 471000000 471500000 99.0
OX637747.1 471500000 472000000 99.0
OX637747.1 472000000 472500000 99.0
OX637747.1 472500000 473000000 99.0
OX637747.1 473000000 473500000 99.0
OX637747.1 473500000 474000000 99.0
OX637747.1 474000000 474500000 99.0
OX637747.1 474500000 475000000 99.0
OX637747.1 475000000 475500000 99.0
OX637747.1 475500000 476000000 99.0
OX637747.1 476000000 476500000 99.0
OX637747.1 476500000 477000000 99.0
OX637747.1 477000000 477500000 99.0
OX637747.1 477500000 478000000 99.0
OX637747.1 478000000 478500000 99.0
OX637747.1 478500000 479000000 99.0
OX637747.1 479000000 479500000 99.0
OX637747.1 479500000 480000000 99.0
OX637747.1 480000000 480500000 99.0
OX637747.1 480500000 481000000 99.0
OX637747.1 481000000 481500000 99.0
OX637747.1 481500000 482000000 99.0
OX637747.1 482000000 482500000 99.0
OX637747.1 482500000 483000000 99.0
OX637747.1 483000000 483500000 99.0
OX637747.1 483500000 484000000 99.0
OX637747.1 484000000 484500000 98.90366
OX637747.1 484500000 485000000 98.0
OX637747.1 485000000 485500000 98.0
OX637747.1 485500000 486000000 98.0
OX637747.1 486000000 486500000 98.0
OX637747.1 486500000 487000000 98.0
OX637747.1 487000000 487500000 98.0
OX637747.1 487500000 488000000 98.0
OX637747.1 488000000 488500000 98.0
OX637747.1 488500000 489000000 98.0
OX637747.1 489000000 489500000 98.0
OX637747.1 489500000 490000000 98.0
OX637747.1 490000000 490500000 98.0
OX637747.1 490500000 491000000 98.0
OX637747.1 491000000 491500000 98.0
OX637747.1 491500000 492000000 98.0
OX637747.1 492000000 492500000 98.0
OX637747.1 492500000 493000000 98.0
OX637747.1 493000000 493500000 98.0
OX637747.1 493500000 494000000 98.0
OX637747.1 494000000 494500000 98.0
OX637747.1 494500000 495000000 98.0
OX637747.1 495000000 495500000 98.0
OX637747.1 495500000 496000000 98.0
OX637747.1 496000000 496500000 98.0
OX637747.1 496500000 497000000 98.0
OX637747.1 497000000 497500000 98.0
OX637747.1 497500000 498000000 98.0
OX637747.1 498000000 498500000 98.0
OX637747.1 498500000 499000000 98.0
OX637747.1 499000000 499500000 97.70222
OX637747.1 499500000 500000000 97.0
OX637747.1 500000000 500500000 97.0
OX637747.1 500500000 501000000 97.0
OX637747.1 501000000 501500000 97.0
OX637747.1 501500000 502000000 97.0
OX637747.1 502000000 502500000 97.0
OX637747.1 502500000 503000000 97.0
OX637747.1 503000000 503500000 97.0
OX637747.1 503500000 504000000 97.0
OX637747.1 504000000 504500000 97.0
OX637747.1 504500000 505000000 97.0
OX637747.1 505000000 505500000 97.0
OX637747.1 505500000 506000000 97.0
OX637747.1 506000000 506500000 97.0
OX637747.1 506500000 507000000 97.0
OX637747.1 507000000 507500000 97.0
OX637747.1 507500000 508000000 97.0
OX637747.1 508000000 508500000 97.0
OX637747.1 508500000 509000000 96.21132
OX637747.1 509000000 509500000 96.0
OX637747.1 509500000 510000000 96.0
OX637747.1 510000000 510500000 96.0
OX637747.1 510500000 511000000 96.0
OX637747.1 511000000 511500000 96.0
OX637747.1 511500000 512000000 96.0
OX637747.1 512000000 512500000 96.0
OX637747.1 512500000 513000000 96.0
OX637747.1 513000000 513500000 96.0
OX637747.1 513500000 514000000 96.0
OX637747.1 514000000 514500000 96.0
OX637747.1 514500000 515000000 96.0
OX637747.1 515000000 515500000 96.0
OX637747.1 515500000 516000000 96.0
OX637747.1 516000000 516500000 96.0
OX637747.1 516500000 517000000 96.0
OX637747.1 517000000 517500000 96.0
OX637747.1 517500000 518000000 96.0
OX637747.1 518000000 518500000 96.0
OX637747.1 518500000 519000000 96.0
OX637747.1 519000000 519500000 95.99171
OX637747.1 519500000 520000000 94.42702
OX637747.1 520000000 520500000 94.0
OX637747.1 520500000 521000000 94.0
OX637747.1 521000000 521500000 94.0
OX637747.1 521500000 522000000 94.0
OX637747.1 522000000 522500000 93.27793
OX637747.1 522500000 523000000 91.0
OX637747.1 523000000 523500000 91.0
OX637747.1 523500000 524000000 91.0
OX637747.1 524000000 524500000 91.0
OX637747.1 524500000 525000000 91.0
OX637747.1 525000000 525500000 91.0
OX637747.1 525500000 526000000 91.0
OX637747.1 526000000 526500000 91.0
OX637747.1 526500000 527000000 91.0
OX637747.1 527000000 527500000 91.0
OX637747.1 527500000 528000000 91.0
OX637747.1 528000000 528500000 91.0
OX637747.1 528500000 529000000 91.0
OX637747.1 529000000 529500000 91.0
OX637747.1 529500000 530000000 91.0
OX637747.1 530000000 530500000 91.0
OX637747.1 530500000 531000000 91.0
OX637747.1 531000000 531500000 91.0
OX637747.1 531500000 532000000 91.0
OX637747.1 532000000 532500000 91.0
OX637747.1 532500000 533000000 91.0
OX637747.1 533000000 533500000 91.0
OX637747.1 533500000 534000000 91.0
OX637747.1 534000000 534500000 91.0
OX637747.1 534500000 535000000 91.0
OX637747.1 535000000 535500000 91.0
OX637747.1 535500000 536000000 91.0
OX637747.1 536000000 536500000 91.0
OX637747.1 536500000 537000000 90.03536
OX637747.1 537000000 537500000 90.0
OX637747.1 537500000 538000000 90.0
OX637747.1 538000000 538500000 90.0
OX637747.1 538500000 539000000 90.0
OX637747.1 539000000 539500000 89.15426
OX637747.1 539500000 540000000 89.0
OX637747.1 540000000 540500000 89.0
OX637747.1 540500000 541000000 88.71042
OX637747.1 541000000 541500000 88.0
OX637747.1 541500000 542000000 88.0
OX637747.1 542000000 542500000 88.0
OX637747.1 542500000 543000000 87.49165
OX637747.1 543000000 543500000 87.0
OX637747.1 543500000 544000000 86.25937
OX637747.1 544000000 544500000 85.0
OX637747.1 544500000 545000000 85.0
OX637747.1 545000000 545500000 85.0
OX637747.1 545500000 546000000 85.0
OX637747.1 546000000 546500000 85.0
OX637747.1 546500000 547000000 84.65385
OX637747.1 547000000 547500000 83.0
OX637747.1 547500000 548000000 83.0
OX637747.1 548000000 548500000 82.04479
OX637747.1 548500000 549000000 82.0
OX637747.1 549000000 549500000 81.60527
OX637747.1 549500000 550000000 81.0
OX637747.1 550000000 550500000 81.0
OX637747.1 550500000 551000000 81.0
OX637747.1 551000000 551500000 81.0
OX637747.1 551500000 552000000 80.12131
OX637747.1 552000000 552500000 80.0
OX637747.1 552500000 553000000 80.0
OX637747.1 553000000 553500000 79.49584
OX637747.1 553500000 554000000 79.0
OX637747.1 554000000 554500000 77.97883
OX637747.1 554500000 555000000 76.76703
OX637747.1 555000000 555500000 75.47685
OX637747.1 555500000 556000000 75.0
OX637747.1 556000000 556500000 75.0
OX637747.1 556500000 557000000 73.75866
OX637747.1 557000000 557500000 73.0
OX637747.1 557500000 558000000 73.0
OX637747.1 558000000 558500000 72.76144
OX637747.1 558500000 559000000 70.39175
OX637747.1 559000000 559500000 70.0
OX637747.1 559500000 560000000 70.0
OX637747.1 560000000 560500000 69.74245
OX637747.1 560500000 561000000 67.67891
OX637747.1 561000000 561500000 66.67677
OX637747.1 561500000 562000000 64.04847
OX637747.1 562000000 562500000 61.49977
OX637747.1 562500000 563000000 59.96525
OX637747.1 563000000 563500000 56.68977
OX637747.1 563500000 564000000 54.52365
OX637747.1 564000000 564500000 51.67485
OX637747.1 564500000 565000000 51.0
OX637747.1 565000000 565500000 51.0
OX637747.1 565500000 566000000 51.0
OX637747.1 566000000 566500000 51.0
OX637747.1 566500000 567000000 51.0
OX637747.1 567000000 567500000 51.0
OX637747.1 567500000 568000000 51.0
OX637747.1 568000000 568500000 51.0
OX637747.1 568500000 569000000 51.0
OX637747.1 569000000 569500000 51.0
OX637747.1 569500000 570000000 51.0
OX637747.1 570000000 570500000 51.0
OX637747.1 570500000 571000000 51.0
OX637747.1 571000000 571500000 51.0
OX637747.1 571500000 572000000 51.0
OX637747.1 572000000 572500000 51.0
OX637747.1 572500000 573000000 51.0
OX637747.1 573000000 573500000 51.0
OX637747.1 573500000 574000000 50.44907
OX637747.1 574000000 574500000 50.0
OX637747.1 574500000 575000000 50.0
OX637747.1 575000000 575500000 50.0
OX637747.1 575500000 576000000 50.0
OX637747.1 576000000 576500000 50.0
OX637747.1 576500000 577000000 50.0
OX637747.1 577000000 577500000 48.34591
OX637747.1 577500000 578000000 48.0
OX637747.1 578000000 578500000 48.0
OX637747.1 578500000 579000000 48.0
OX637747.1 579000000 579500000 47.96982
OX637747.1 579500000 580000000 47.0
OX637747.1 580000000 580500000 46.40179
OX637747.1 580500000 581000000 45.22756
OX637747.1 581000000 581500000 45.0
OX637747.1 581500000 582000000 44.13812
OX637747.1 582000000 582500000 43.0
OX637747.1 582500000 583000000 43.0
OX637747.1 583000000 583500000 40.71798
OX637747.1 583500000 584000000 38.09562
OX637747.1 584000000 584500000 35.39264
OX637747.1 584500000 585000000 28.72614
OX637747.1 585000000 585500000 24.13333
OX637747.1 585500000 586000000 24.0
OX637747.1 586000000 586500000 24.0
OX637747.1 586500000 587000000 22.06997
OX637747.1 587000000 587500000 20.0
OX637747.1 587500000 588000000 19.45167
OX637747.1 588000000 588500000 9.39274
OX637747.1 588500000 589000000 3.4945
OX637747.1 589000000 589500000 3.0
OX637747.1 589500000 590000000 2.91456
OX637747.1 590000000 590011947 0.72822
OX637754.1 0 500000 0.05325
OX637754.1 500000 1000000 2.27665
OX637754.1 1000000 1500000 16.76048
OX637754.1 1500000 2000000 25.83168
OX637754.1 2000000 2500000 27.42841
OX637754.1 2500000 3000000 31.47789
OX637754.1 3000000 3500000 34.49248
OX637754.1 3500000 4000000 40.3606
OX637754.1 4000000 4500000 43.18757
OX637754.1 4500000 5000000 44.6224
OX637754.1 5000000 5500000 46.60257
OX637754.1 5500000 6000000 48.45123
OX637754.1 6000000 6500000 51.19194
OX637754.1 6500000 7000000 54.08533
OX637754.1 7000000 7500000 56.73718
OX637754.1 7500000 8000000 58.38087
OX637754.1 8000000 8500000 60.36211
OX637754.1 8500000 9000000 62.0
OX637754.1 9000000 9500000 63.76627
OX637754.1 9500000 10000000 66.0
OX637754.1 10000000 10500000 66.0
OX637754.1 10500000 11000000 66.0
OX637754.1 11000000 11500000 66.18571
OX637754.1 11500000 12000000 67.0
OX637754.1 12000000 12500000 67.13365
OX637754.1 12500000 13000000 68.77392
OX637754.1 13000000 13500000 69.0
OX637754.1 13500000 14000000 69.0
OX637754.1 14000000 14500000 69.22554
OX637754.1 14500000 15000000 70.48707
OX637754.1 15000000 15500000 71.0
OX637754.1 15500000 16000000 72.94035
OX637754.1 16000000 16500000 73.0
OX637754.1 16500000 17000000 73.0
OX637754.1 17000000 17500000 73.0
OX637754.1 17500000 18000000 73.72272
OX637754.1 18000000 18500000 74.0
OX637754.1 18500000 19000000 74.65898
OX637754.1 19000000 19500000 75.0
OX637754.1 19500000 20000000 75.2119
OX637754.1 20000000 20500000 76.0
OX637754.1 20500000 21000000 76.0
OX637754.1 21000000 21500000 76.0
OX637754.1 21500000 22000000 76.0
OX637754.1 22000000 22500000 76.0
OX637754.1 22500000 23000000 76.37692
OX637754.1 23000000 23500000 78.15285
OX637754.1 23500000 24000000 79.99733
OX637754.1 24000000 24500000 80.18505
OX637754.1 24500000 25000000 81.17139
OX637754.1 25000000 25500000 82.49607
OX637754.1 25500000 26000000 83.0
OX637754.1 26000000 26500000 83.0
OX637754.1 26500000 27000000 83.0
OX637754.1 27000000 27500000 83.0
OX637754.1 27500000 28000000 83.0
OX637754.1 28000000 28500000 83.0
OX637754.1 28500000 29000000 84.12836
OX637754.1 29000000 29500000 85.0
OX637754.1 29500000 30000000 85.0
OX637754.1 30000000 30500000 85.0
OX637754.1 30500000 31000000 85.0
OX637754.1 31000000 31500000 85.0
OX637754.1 31500000 32000000 85.12073
OX637754.1 32000000 32500000 86.0
OX637754.1 32500000 33000000 86.0
OX637754.1 33000000 33500000 86.0
OX637754.1 33500000 34000000 86.0
OX637754.1 34000000 34500000 86.06459
OX637754.1 34500000 35000000 87.0
OX637754.1 35000000 35500000 87.0
OX637754.1 35500000 36000000 87.0
OX637754.1 36000000 36500000 87.0
OX637754.1 36500000 37000000 87.2056
OX637754.1 37000000 37500000 88.0
OX637754.1 37500000 38000000 88.0
OX637754.1 38000000 38500000 88.0
OX637754.1 38500000 39000000 88.0
OX637754.1 39000000 39500000 88.0
OX637754.1 39500000 40000000 88.0
OX637754.1 40000000 40500000 88.08331
OX637754.1 40500000 41000000 89.0
OX637754.1 41000000 41500000 89.0
OX637754.1 41500000 42000000 89.0
OX637754.1 42000000 42500000 89.70854
OX637754.1 42500000 43000000 90.0
OX637754.1 43000000 43500000 90.0
OX637754.1 43500000 44000000 90.0
OX637754.1 44000000 44500000 90.0
OX637754.1 44500000 45000000 90.0
OX637754.1 45000000 45500000 90.0
OX637754.1 45500000 46000000 90.70324
OX637754.1 46000000 46500000 91.0
OX637754.1 46500000 47000000 91.0
OX637754.1 47000000 47500000 91.0
OX637754.1 47500000 48000000 91.0
OX637754.1 48000000 48500000 91.0
OX637754.1 48500000 49000000 91.0
OX637754.1 49000000 49500000 91.99163
OX637754.1 49500000 50000000 92.0
OX637754.1 50000000 50500000 92.0
OX637754.1 50500000 51000000 92.0
OX637754.1 51000000 51500000 92.0
OX637754.1 51500000 52000000 92.0
OX637754.1 52000000 52500000 92.0
OX637754.1 52500000 53000000 92.0
OX637754.1 53000000 53500000 92.75831
OX637754.1 53500000 54000000 93.0
OX637754.1 54000000 54500000 93.643
OX637754.1 54500000 55000000 94.0
OX637754.1 55000000 55500000 94.0
OX637754.1 55500000 56000000 94.33524
OX637754.1 56000000 56500000 95.0
OX637754.1 56500000 57000000 95.0
OX637754.1 57000000 57500000 95.22787
OX637754.1 57500000 58000000 96.0
OX637754.1 58000000 58500000 96.0
OX637754.1 58500000 59000000 96.0
OX637754.1 59000000 59500000 96.0
OX637754.1 59500000 60000000 96.0
OX637754.1 60000000 60500000 96.0
OX637754.1 60500000 61000000 96.0
OX637754.1 61000000 61500000 96.0
OX637754.1 61500000 62000000 96.00022
OX637754.1 62000000 62500000 96.0
OX637754.1 62500000 63000000 96.0
OX637754.1 63000000 63500000 96.0
OX637754.1 63500000 64000000 96.0
OX637754.1 64000000 64500000 96.7677
OX637754.1 64500000 65000000 97.0
OX637754.1 65000000 65500000 97.0
OX637754.1 65500000 66000000 97.0
OX637754.1 66000000 66500000 97.0
OX637754.1 66500000 67000000 97.0
OX637754.1 67000000 67500000 97.0
OX637754.1 67500000 68000000 97.0
OX637754.1 68000000 68500000 97.0
OX637754.1 68500000 69000000 97.0
OX637754.1 69000000 69500000 97.0
OX637754.1 69500000 70000000 97.0
OX637754.1 70000000 70500000 97.0
OX637754.1 70500000 71000000 97.0
OX637754.1 71000000 71500000 97.22153
OX637754.1 71500000 72000000 98.0
OX637754.1 72000000 72500000 98.0
OX637754.1 72500000 73000000 98.0
OX637754.1 73000000 73500000 98.0
OX637754.1 73500000 74000000 98.0
OX637754.1 74000000 74500000 98.0
OX637754.1 74500000 75000000 98.0
OX637754.1 75000000 75500000 98.0
OX637754.1 75500000 76000000 98.0
OX637754.1 76000000 76500000 98.0
OX637754.1 76500000 77000000 98.0
OX637754.1 77000000 77500000 98.0
OX637754.1 77500000 78000000 98.0
OX637754.1 78000000 78500000 98.0
OX637754.1 78500000 79000000 98.0
OX637754.1 79000000 79500000 98.0
OX637754.1 79500000 80000000 98.57753
OX637754.1 80000000 80500000 99.0
OX637754.1 80500000 81000000 99.0
OX637754.1 81000000 81500000 99.0
OX637754.1 81500000 82000000 99.0
OX637754.1 82000000 82500000 99.0
OX637754.1 82500000 83000000 99.0
OX637754.1 83000000 83500000 99.0
OX637754.1 83500000 84000000 99.0
OX637754.1 84000000 84500000 99.0308
OX637754.1 84500000 85000000 100.0
OX637754.1 85000000 85500000 100.0
OX637754.1 85500000 86000000 100.0
OX637754.1 86000000 86500000 100.0
OX637754.1 86500000 87000000 100.0
OX637754.1 87000000 87500000 100.0
OX637754.1 87500000 88000000 100.0
OX637754.1 88000000 88500000 100.0
OX637754.1 88500000 89000000 100.0
OX637754.1 89000000 89500000 100.0
OX637754.1 89500000 90000000 100.0
OX637754.1 90000000 90500000 100.87314
OX637754.1 90500000 91000000 101.0
OX637754.1 91000000 91500000 101.0
OX637754.1 91500000 92000000 101.0
OX637754.1 92000000 92500000 101.0
OX637754.1 92500000 93000000 101.0
OX637754.1 93000000 93500000 101.0
OX637754.1 93500000 94000000 101.0
OX637754.1 94000000 94500000 101.0
OX637754.1 94500000 95000000 101.0
OX637754.1 95000000 95500000 101.0
OX637754.1 95500000 96000000 101.0
OX637754.1 96000000 96500000 101.0
OX637754.1 96500000 97000000 101.0
OX637754.1 97000000 97500000 101.0
OX637754.1 97500000 98000000 101.0
OX637754.1 98000000 98500000 101.0
OX637754.1 98500000 99000000 101.0
OX637754.1 99000000 99500000 101.0
OX637754.1 99500000 100000000 101.0
OX637754.1 100000000 100500000 101.0
OX637754.1 100500000 101000000 101.0
OX637754.1 101000000 101500000 101.0
OX637754.1 101500000 102000000 101.0
OX637754.1 102000000 102500000 101.0
OX637754.1 102500000 103000000 101.0
OX637754.1 103000000 103500000 101.0
OX637754.1 103500000 104000000 101.0
OX637754.1 104000000 104500000 101.0
OX637754.1 104500000 105000000 101.0
OX637754.1 105000000 105500000 101.0
OX637754.1 105500000 106000000 101.0
OX637754.1 106000000 106500000 101.0
OX637754.1 106500000 107000000 101.0
OX637754.1 107000000 107500000 101.0
OX637754.1 107500000 108000000 101.0
OX637754.1 108000000 108500000 101.0
OX637754.1 108500000 109000000 101.0
OX637754.1 109000000 109500000 101.0
OX637754.1 109500000 110000000 101.0
OX637754.1 110000000 110500000 101.0
OX637754.1 110500000 111000000 101.0
OX637754.1 111000000 111500000 101.0
OX637754.1 111500000 112000000 101.0
OX637754.1 112000000 112500000 101.0
OX637754.1 112500000 113000000 101.0
OX637754.1 113000000 113500000 101.0
OX637754.1 113500000 114000000 101.0
OX637754.1 114000000 114500000 101.0
OX637754.1 114500000 115000000 101.0
OX637754.1 115000000 115500000 101.0
OX637754.1 115500000 116000000 101.0
OX637754.1 116000000 116500000 101.0
OX637754.1 116500000 117000000 101.0
OX637754.1 117000000 117500000 101.0
OX637754.1 117500000 118000000 101.0
OX637754.1 118000000 118500000 101.0
OX637754.1 118500000 119000000 101.0
OX637754.1 119000000 119500000 101.0
OX637754.1 119500000 120000000 101.0
OX637754.1 120000000 120500000 101.0
OX637754.1 120500000 121000000 101.0
OX637754.1 121000000 121500000 101.0
OX637754.1 121500000 122000000 101.0
OX637754.1 122000000 122500000 101.0
OX637754.1 122500000 123000000 101.0
OX637754.1 123000000 123500000 101.0
OX637754.1 123500000 124000000 101.0
OX637754.1 124000000 124500000 101.0
OX637754.1 124500000 125000000 101.0
OX637754.1 125000000 125500000 101.0
OX637754.1 125500000 126000000 101.0
OX637754.1 126000000 126500000 101.0
OX637754.1 126500000 127000000 101.0
OX637754.1 127000000 127500000 101.0
OX637754.1 127500000 128000000 101.0
OX637754.1 128000000 128500000 101.0
OX637754.1 128500000 129000000 101.0
OX637754.1 129000000 129500000 101.0
OX637754.1 129500000 130000000 101.0
OX637754.1 130000000 130500000 101.0
OX637754.1 130500000 131000000 101.0
OX637754.1 131000000 131500000 101.0
OX637754.1 131500000 132000000 101.0
OX637754.1 132000000 132500000 101.0
OX637754.1 132500000 133000000 101.0
OX637754.1 133000000 133500000 101.0
OX637754.1 133500000 134000000 101.0
OX637754.1 134000000 134500000 101.0
OX637754.1 134500000 135000000 101.0
OX637754.1 135000000 135500000 101.0
OX637754.1 135500000 136000000 101.0
OX637754.1 136000000 136500000 101.0
OX637754.1 136500000 137000000 101.0
OX637754.1 137000000 137500000 101.0
OX637754.1 137500000 138000000 101.0
OX637754.1 138000000 138500000 101.0
OX637754.1 138500000 139000000 101.0
OX637754.1 139000000 139500000 101.0
OX637754.1 139500000 140000000 101.61059
OX637754.1 140000000 140500000 102.0
OX637754.1 140500000 141000000 102.0
OX637754.1 141000000 141500000 102.0
OX637754.1 141500000 142000000 102.0
OX637754.1 142000000 142500000 102.0
OX637754.1 142500000 143000000 102.0
OX637754.1 143000000 143500000 102.0
OX637754.1 143500000 144000000 102.0
OX637754.1 144000000 144500000 102.0
OX637754.1 144500000 145000000 102.0
OX637754.1 145000000 145500000 102.0
OX637754.1 145500000 146000000 102.0
OX637754.1 146000000 146500000 102.0
OX637754.1 146500000 147000000 102.0
OX637754.1 147000000 147500000 102.0
OX637754.1 147500000 148000000 102.0
OX637754.1 148000000 148500000 102.0
OX637754.1 148500000 149000000 102.0
OX637754.1 149000000 149500000 102.0
OX637754.1 149500000 150000000 102.0
OX637754.1 150000000 150500000 102.0
OX637754.1 150500000 151000000 102.0
OX637754.1 151000000 151500000 102.0
OX637754.1 151500000 152000000 102.0
OX637754.1 152000000 152500000 102.0
OX637754.1 152500000 153000000 102.0
OX637754.1 153000000 153500000 102.0
OX637754.1 153500000 154000000 102.0
OX637754.1 154000000 154500000 102.0
OX637754.1 154500000 155000000 102.00016
OX637754.1 155000000 155500000 102.0
OX637754.1 155500000 156000000 102.0
OX637754.1 156000000 156500000 102.0
OX637754.1 156500000 157000000 102.0
OX637754.1 157000000 157500000 102.0
OX637754.1 157500000 158000000 102.0
OX637754.1 158000000 158500000 102.0
OX637754.1 158500000 159000000 102.0
OX637754.1 159000000 159500000 102.0
OX637754.1 159500000 160000000 102.0
OX637754.1 160000000 160500000 102.0
OX637754.1 160500000 161000000 102.0
OX637754.1 161000000 161500000 102.0
OX637754.1 161500000 162000000 102.0
OX637754.1 162000000 162500000 102.0
OX637754.1 162500000 163000000 102.0
OX637754.1 163000000 163500000 102.0
OX637754.1 163500000 164000000 102.0
OX637754.1 164000000 164500000 102.0
OX637754.1 164500000 165000000 102.0
OX637754.1 165000000 165500000 102.0
OX637754.1 165500000 166000000 102.0
OX637754.1 166000000 166500000 102.0
OX637754.1 166500000 167000000 102.0
OX637754.1 167000000 167500000 102.0
OX637754.1 167500000 168000000 102.0
OX637754.1 168000000 168500000 102.0
OX637754.1 168500000 169000000 102.0
OX637754.1 169000000 169500000 102.0
OX637754.1 169500000 170000000 102.0
OX637754.1 170000000 170500000 102.06334
OX637754.1 170500000 171000000 103.0
OX637754.1 171000000 171500000 103.0
OX637754.1 171500000 172000000 103.0
OX637754.1 172000000 172500000 103.0
OX637754.1 172500000 173000000 103.0
OX637754.1 173000000 173500000 103.0
OX637754.1 173500000 174000000 103.0
OX637754.1 174000000 174500000 103.0
OX637754.1 174500000 175000000 103.0
OX637754.1 175000000 175500000 103.0
OX637754.1 175500000 176000000 103.0
OX637754.1 176000000 176500000 103.0
OX637754.1 176500000 177000000 103.0
OX637754.1 177000000 177500000 103.0
OX637754.1 177500000 178000000 103.0
OX637754.1 178000000 178500000 103.0
OX637754.1 178500000 179000000 103.01301
OX637754.1 179000000 179500000 103.0
OX637754.1 179500000 180000000 103.0
OX637754.1 180000000 180500000 103.0
OX637754.1 180500000 181000000 103.0
OX637754.1 181000000 181500000 103.0
OX637754.1 181500000 182000000 103.0
OX637754.1 182000000 182500000 103.0
OX637754.1 182500000 183000000 103.0
OX637754.1 183000000 183500000 103.0
OX637754.1 183500000 184000000 103.0
OX637754.1 184000000 184500000 103.0
OX637754.1 184500000 185000000 103.0
OX637754.1 185000000 185500000 103.0
OX637754.1 185500000 186000000 103.0
OX637754.1 186000000 186500000 103.0
OX637754.1 186500000 187000000 103.0
OX637754.1 187000000 187500000 103.0
OX637754.1 187500000 188000000 103.0
OX637754.1 188000000 188500000 103.0
OX637754.1 188500000 189000000 103.0
OX637754.1 189000000 189500000 103.0
OX637754.1 189500000 190000000 103.0
OX637754.1 190000000 190500000 103.0
OX637754.1 190500000 191000000 103.0
OX637754.1 191000000 191500000 103.0
OX637754.1 191500000 192000000 103.0
OX637754.1 192000000 192500000 103.0
OX637754.1 192500000 193000000 103.0
OX637754.1 193000000 193500000 103.0
OX637754.1 193500000 194000000 103.0
OX637754.1 194000000 194500000 103.0
OX637754.1 194500000 195000000 103.0
OX637754.1 195000000 195500000 103.0
OX637754.1 195500000 196000000 103.0
OX637754.1 196000000 196500000 103.0
OX637754.1 196500000 197000000 103.0
OX637754.1 197000000 197500000 103.0
OX637754.1 197500000 198000000 103.0
OX637754.1 198000000 198500000 103.0
OX637754.1 198500000 199000000 103.0
OX637754.1 199000000 199500000 103.0
OX637754.1 199500000 200000000 103.0
OX637754.1 200000000 200500000 103.0
OX637754.1 200500000 201000000 103.0
OX637754.1 201000000 201500000 103.0
OX637754.1 201500000 202000000 103.0
OX637754.1 202000000 202500000 103.0
OX637754.1 202500000 203000000 103.0
OX637754.1 203000000 203500000 103.0
OX637754.1 203500000 204000000 102.56803
OX637754.1 204000000 204500000 102.0
OX637754.1 204500000 205000000 102.0
OX637754.1 205000000 205500000 102.0
OX637754.1 205500000 206000000 102.0
OX637754.1 206000000 206500000 102.0
OX637754.1 206500000 207000000 102.0
OX637754.1 207000000 207500000 102.0
OX637754.1 207500000 208000000 102.0
OX637754.1 208000000 208500000 102.0
OX637754.1 208500000 209000000 102.0
OX637754.1 209000000 209500000 102.0
OX637754.1 209500000 210000000 102.0
OX637754.1 210000000 210500000 102.0
OX637754.1 210500000 211000000 102.0
OX637754.1 211000000 211500000 102.0
OX637754.1 211500000 212000000 102.0
OX637754.1 212000000 212500000 102.0
OX637754.1 212500000 213000000 102.0
OX637754.1 213000000 213500000 102.0
OX637754.1 213500000 214000000 101.65347
OX637754.1 214000000 214500000 101.0
OX637754.1 214500000 215000000 101.0
OX637754.1 215000000 215500000 101.0
OX637754.1 215500000 216000000 101.0
OX637754.1 216000000 216500000 101.0
OX637754.1 216500000 217000000 101.0
OX637754.1 217000000 217500000 101.0
OX637754.1 217500000 218000000 101.0
OX637754.1 218000000 218500000 101.0
OX637754.1 218500000 219000000 101.0
OX637754.1 219000000 219500000 101.0
OX637754.1 219500000 220000000 101.0
OX637754.1 220000000 220500000 101.0
OX637754.1 220500000 221000000 101.0
OX637754.1 221000000 221500000 101.0
OX637754.1 221500000 222000000 101.0
OX637754.1 222000000 222500000 101.0
OX637754.1 222500000 223000000 101.0
OX637754.1 223000000 223500000 101.0
OX637754.1 223500000 224000000 101.0
OX637754.1 224000000 224500000 101.0
OX637754.1 224500000 225000000 101.63948
OX637754.1 225000000 225500000 102.0
OX637754.1 225500000 226000000 102.0
OX637754.1 226000000 226500000 102.0
OX637754.1 226500000 227000000 102.0
OX637754.1 227000000 227500000 102.0
OX637754.1 227500000 228000000 102.0
OX637754.1 228000000 228500000 102.0
OX637754.1 228500000 229000000 102.0
OX637754.1 229000000 229500000 102.0
OX637754.1 229500000 230000000 102.0
OX637754.1 230000000 230500000 102.0
OX637754.1 230500000 231000000 102.0
OX637754.1 231000000 231500000 102.0
OX637754.1 231500000 232000000 102.0
OX637754.1 232000000 232500000 102.0
OX637754.1 232500000 233000000 101.99054
OX637754.1 233000000 233500000 101.0
OX637754.1 233500000 234000000 101.0
OX637754.1 234000000 234500000 101.0
OX637754.1 234500000 235000000 101.0
OX637754.1 235000000 235500000 101.0
OX637754.1 235500000 236000000 101.0
OX637754.1 236000000 236500000 101.0
OX637754.1 236500000 237000000 101.0
OX637754.1 237000000 237500000 101.0
OX637754.1 237500000 238000000 101.0
OX637754.1 238000000 238500000 101.0
OX637754.1 238500000 239000000 101.0
OX637754.1 239000000 239500000 101.0
OX637754.1 239500000 240000000 101.0
OX637754.1 240000000 240500000 101.0
OX637754.1 240500000 241000000 101.0
OX637754.1 241000000 241500000 101.0
OX637754.1 241500000 242000000 101.0
OX637754.1 242000000 242500000 101.0
OX637754.1 242500000 243000000 101.0
OX637754.1 243000000 243500000 101.0
OX637754.1 243500000 244000000 101.0
OX637754.1 244000000 244500000 100.9042
OX637754.1 244500000 245000000 100.0
OX637754.1 245000000 245500000 100.0
OX637754.1 245500000 246000000 100.0
OX637754.1 246000000 246500000 100.0
OX637754.1 246500000 247000000 100.0
OX637754.1 247000000 247500000 100.0
OX637754.1 247500000 248000000 100.0
OX637754.1 248000000 248500000 100.0
OX637754.1 248500000 249000000 100.0
OX637754.1 249000000 249500000 100.0
OX637754.1 249500000 250000000 100.0
OX637754.1 250000000 250500000 100.0
OX637754.1 250500000 251000000 100.0
OX637754.1 251000000 251500000 100.0
OX637754.1 251500000 252000000 100.0
OX637754.1 252000000 252500000 100.0
OX637754.1 252500000 253000000 100.0
OX637754.1 253000000 253500000 100.0
OX637754.1 253500000 254000000 100.0
OX637754.1 254000000 254500000 100.0
OX637754.1 254500000 255000000 100.0
OX637754.1 255000000 255500000 100.0
OX637754.1 255500000 256000000 100.0
OX637754.1 256000000 256500000 100.0
OX637754.1 256500000 257000000 100.0
OX637754.1 257000000 257500000 100.0
OX637754.1 257500000 258000000 100.0
OX637754.1 258000000 258500000 100.0
OX637754.1 258500000 259000000 100.0
OX637754.1 259000000 259500000 100.0
OX637754.1 259500000 260000000 100.0
OX637754.1 260000000 260500000 100.0
OX637754.1 260500000 261000000 100.0
OX637754.1 261000000 261500000 100.0
OX637754.1 261500000 262000000 100.0
OX637754.1 262000000 262500000 100.0
OX637754.1 262500000 263000000 100.0
OX637754.1 263000000 263500000 100.0
OX637754.1 263500000 264000000 100.0
OX637754.1 264000000 264500000 100.0
OX637754.1 264500000 265000000 100.0
OX637754.1 265000000 265500000 100.0
OX637754.1 265500000 266000000 100.0
OX637754.1 266000000 266500000 100.0
OX637754.1 266500000 267000000 100.0
OX637754.1 267000000 267500000 100.0
OX637754.1 267500000 268000000 100.0
OX637754.1 268000000 268500000 100.0
OX637754.1 268500000 269000000 100.0
OX637754.1 269000000 269500000 100.0
OX637754.1 269500000 270000000 100.0
OX637754.1 270000000 270500000 100.0
OX637754.1 270500000 271000000 100.0
OX637754.1 271000000 271500000 100.0
OX637754.1 271500000 272000000 100.0
OX637754.1 272000000 272500000 100.0
OX637754.1 272500000 273000000 100.0
OX637754.1 273000000 273500000 100.0
OX637754.1 273500000 274000000 100.0
OX637754.1 274000000 274500000 100.0
OX637754.1 274500000 275000000 100.66862
OX637754.1 275000000 275500000 101.0
OX637754.1 275500000 276000000 101.0
OX637754.1 276000000 276500000 101.0
OX637754.1 276500000 277000000 101.0
OX637754.1 277000000 277500000 101.0
OX637754.1 277500000 278000000 101.0
OX637754.1 278000000 278500000 101.0
OX637754.1 278500000 279000000 101.0
OX637754.1 279000000 279500000 101.0
OX637754.1 279500000 280000000 101.0
OX637754.1 280000000 280500000 101.0
OX637754.1 280500000 281000000 101.0
OX637754.1 281000000 281500000 101.0
OX637754.1 281500000 282000000 101.0
OX637754.1 282000000 282500000 101.0
OX637754.1 282500000 283000000 101.0
OX637754.1 283000000 283500000 101.0
OX637754.1 283500000 284000000 101.0
OX637754.1 284000000 284500000 101.0
OX637754.1 284500000 285000000 101.0
OX637754.1 285000000 285500000 101.0
OX637754.1 285500000 286000000 101.0
OX637754.1 286000000 286500000 101.0
OX637754.1 286500000 287000000 101.0
OX637754.1 287000000 287500000 101.0
OX637754.1 287500000 288000000 101.0
OX637754.1 288000000 288500000 101.0
OX637754.1 288500000 289000000 101.0
OX637754.1 289000000 289500000 101.0
OX637754.1 289500000 290000000 101.0
OX637754.1 290000000 290500000 101.0
OX637754.1 290500000 291000000 101.0
OX637754.1 291000000 291500000 101.0
OX637754.1 291500000 292000000 101.0
OX637754.1 292000000 292500000 101.0
OX637754.1 292500000 293000000 101.0
OX637754.1 293000000 293500000 101.0
OX637754.1 293500000 294000000 101.0
OX637754.1 294000000 294500000 101.0
OX637754.1 294500000 295000000 101.0
OX637754.1 295000000 295500000 101.0
OX637754.1 295500000 296000000 101.0
OX637754.1 296000000 296500000 101.0
OX637754.1 296500000 297000000 101.0
OX637754.1 297000000 297500000 101.0
OX637754.1 297500000 298000000 101.0
OX637754.1 298000000 298500000 101.0
OX637754.1 298500000 299000000 101.0
OX637754.1 299000000 299500000 101.0
OX637754.1 299500000 300000000 101.0
OX637754.1 300000000 300500000 101.0
OX637754.1 300500000 301000000 101.0
OX637754.1 301000000 301500000 101.0
OX637754.1 301500000 302000000 101.0
OX637754.1 302000000 302500000 101.0
OX637754.1 302500000 303000000 101.0
OX637754.1 303000000 303500000 101.0
OX637754.1 303500000 304000000 101.0
OX637754.1 304000000 304500000 101.0
OX637754.1 304500000 305000000 101.0
OX637754.1 305000000 305500000 101.0
OX637754.1 305500000 306000000 101.0
OX637754.1 306000000 306500000 101.0
OX637754.1 306500000 307000000 101.0
OX637754.1 307000000 307500000 101.0
OX637754.1 307500000 308000000 101.0
OX637754.1 308000000 308500000 101.0
OX637754.1 308500000 309000000 101.0
OX637754.1 309000000 309500000 101.0
OX637754.1 309500000 310000000 101.0
OX637754.1 310000000 310500000 101.0
OX637754.1 310500000 311000000 101.0
OX637754.1 311000000 311500000 101.0
OX637754.1 311500000 312000000 101.0
OX637754.1 312000000 312500000 101.0
OX637754.1 312500000 313000000 101.0
OX637754.1 313000000 313500000 101.0
OX637754.1 313500000 314000000 101.0
OX637754.1 314000000 314500000 101.0
OX637754.1 314500000 315000000 101.0
OX637754.1 315000000 315500000 101.0
OX637754.1 315500000 316000000 101.0
OX637754.1 316000000 316500000 101.0
OX637754.1 316500000 317000000 101.0
OX637754.1 317000000 317500000 101.0
OX637754.1 317500000 318000000 101.0
OX637754.1 318000000 318500000 101.0
OX637754.1 318500000 319000000 101.0
OX637754.1 319000000 319500000 101.0
OX637754.1 319500000 320000000 101.0
OX637754.1 320000000 320500000 101.0
OX637754.1 320500000 321000000 101.0
OX637754.1 321000000 321500000 101.0
OX637754.1 321500000 322000000 101.0
OX637754.1 322000000 322500000 101.0
OX637754.1 322500000 323000000 101.0
OX637754.1 323000000 323500000 101.0
OX637754.1 323500000 324000000 101.0
OX637754.1 324000000 324500000 101.0
OX637754.1 324500000 325000000 101.0
OX637754.1 325000000 325500000 101.0
OX637754.1 325500000 326000000 101.0
OX637754.1 326000000 326500000 101.0
OX637754.1 326500000 327000000 101.0
OX637754.1 327000000 327500000 101.0
OX637754.1 327500000 328000000 101.0
OX637754.1 328000000 328500000 101.0
OX637754.1 328500000 329000000 101.0
OX637754.1 329000000 329500000 101.0
OX637754.1 329500000 330000000 101.0
OX637754.1 330000000 330500000 101.0
OX637754.1 330500000 331000000 101.0
OX637754.1 331000000 331500000 101.0
OX637754.1 331500000 332000000 101.0
OX637754.1 332000000 332500000 101.0
OX637754.1 332500000 333000000 101.0
OX637754.1 333000000 333500000 101.0
OX637754.1 333500000 334000000 101.0
OX637754.1 334000000 334500000 101.0
OX637754.1 334500000 335000000 101.0
OX637754.1 335000000 335500000 101.0
OX637754.1 335500000 336000000 101.0
OX637754.1 336000000 336500000 101.0
OX637754.1 336500000 337000000 101.0
OX637754.1 337000000 337500000 101.0
OX637754.1 337500000 338000000 101.0
OX637754.1 338000000 338500000 101.0
OX637754.1 338500000 339000000 101.0
OX637754.1 339000000 339500000 101.0
OX637754.1 339500000 340000000 101.0
OX637754.1 340000000 340500000 101.0
OX637754.1 340500000 341000000 101.0
OX637754.1 341000000 341500000 101.0
OX637754.1 341500000 342000000 101.0
OX637754.1 342000000 342500000 101.0
OX637754.1 342500000 343000000 101.0
OX637754.1 343000000 343500000 101.0
OX637754.1 343500000 344000000 101.0
OX637754.1 344000000 344500000 101.0
OX637754.1 344500000 345000000 101.0
OX637754.1 345000000 345500000 101.0
OX637754.1 345500000 346000000 101.0
OX637754.1 346000000 346500000 101.0
OX637754.1 346500000 347000000 101.0
OX637754.1 347000000 347500000 101.0
OX637754.1 347500000 348000000 101.0
OX637754.1 348000000 348500000 101.0
OX637754.1 348500000 349000000 101.0
OX637754.1 349000000 349500000 101.0
OX637754.1 349500000 350000000 101.0
OX637754.1 350000000 350500000 101.0
OX637754.1 350500000 351000000 101.0
OX637754.1 351000000 351500000 101.0
OX637754.1 351500000 352000000 101.0
OX637754.1 352000000 352500000 101.0
OX637754.1 352500000 353000000 101.0
OX637754.1 353000000 353500000 101.0
OX637754.1 353500000 354000000 101.0
OX637754.1 354000000 354500000 101.0
OX637754.1 354500000 355000000 101.0
OX637754.1 355000000 355500000 101.0
OX637754.1 355500000 356000000 101.0
OX637754.1 356000000 356500000 101.0
OX637754.1 356500000 357000000 101.0
OX637754.1 357000000 357500000 101.0
OX637754.1 357500000 358000000 101.0
OX637754.1 358000000 358500000 101.0
OX637754.1 358500000 359000000 101.0
OX637754.1 359000000 359500000 101.0
OX637754.1 359500000 360000000 101.0
OX637754.1 360000000 360500000 101.0
OX637754.1 360500000 361000000 101.0
OX637754.1 361000000 361500000 101.0
OX637754.1 361500000 362000000 101.0
OX637754.1 362000000 362500000 101.0
OX637754.1 362500000 363000000 101.0
OX637754.1 363000000 363500000 101.0
OX637754.1 363500000 364000000 101.0
OX637754.1 364000000 364500000 101.0
OX637754.1 364500000 365000000 101.0
OX637754.1 365000000 365500000 101.0
OX637754.1 365500000 366000000 101.0
OX637754.1 366000000 366500000 101.0
OX637754.1 366500000 367000000 101.0
OX637754.1 367000000 367500000 101.0
OX637754.1 367500000 368000000 101.0
OX637754.1 368000000 368500000 101.0
OX637754.1 368500000 369000000 101.0
OX637754.1 369000000 369500000 101.0
OX637754.1 369500000 370000000 101.0
OX637754.1 370000000 370500000 101.0
OX637754.1 370500000 371000000 101.0
OX637754.1 371000000 371500000 101.0
OX637754.1 371500000 372000000 101.0
OX637754.1 372000000 372500000 101.0
OX637754.1 372500000 373000000 101.0
OX637754.1 373000000 373500000 101.0
OX637754.1 373500000 374000000 101.0
OX637754.1 374000000 374500000 101.0
OX637754.1 374500000 375000000 101.0
OX637754.1 375000000 375500000 101.0
OX637754.1 375500000 376000000 101.0
OX637754.1 376000000 376500000 101.0
OX637754.1 376500000 377000000 101.0
OX637754.1 377000000 377500000 101.0
OX637754.1 377500000 378000000 101.0
OX637754.1 378000000 378500000 101.0
OX637754.1 378500000 379000000 101.0
OX637754.1 379000000 379500000 101.0
OX637754.1 379500000 380000000 101.0
OX637754.1 380000000 380500000 101.0
OX637754.1 380500000 381000000 101.0
OX637754.1 381000000 381500000 101.0
OX637754.1 381500000 382000000 101.0
OX637754.1 382000000 382500000 101.0
OX637754.1 382500000 383000000 101.0
OX637754.1 383000000 383500000 101.0
OX637754.1 383500000 384000000 101.0
OX637754.1 384000000 384500000 101.0
OX637754.1 384500000 385000000 101.0
OX637754.1 385000000 385500000 101.0
OX637754.1 385500000 386000000 101.0
OX637754.1 386000000 386500000 101.0
OX637754.1 386500000 387000000 101.0
OX637754.1 387000000 387500000 101.0
OX637754.1 387500000 388000000 101.0
OX637754.1 388000000 388500000 101.0
OX637754.1 388500000 389000000 101.0
OX637754.1 389000000 389500000 101.0
OX637754.1 389500000 390000000 101.0
OX637754.1 390000000 390500000 101.0
OX637754.1 390500000 391000000 101.0
OX637754.1 391000000 391500000 101.0
OX637754.1 391500000 392000000 101.0
OX637754.1 392000000 392500000 101.0
OX637754.1 392500000 393000000 101.0
OX637754.1 393000000 393500000 101.0
OX637754.1 393500000 394000000 101.0
OX637754.1 394000000 394500000 101.0
OX637754.1 394500000 395000000 101.0
OX637754.1 395000000 395500000 101.0
OX637754.1 395500000 396000000 101.0
OX637754.1 396000000 396500000 101.0
OX637754.1 396500000 397000000 101.0
OX637754.1 397000000 397500000 101.0
OX637754.1 397500000 398000000 101.0
OX637754.1 398000000 398500000 100.98439
OX637754.1 398500000 399000000 100.0
OX637754.1 399000000 399500000 100.0
OX637754.1 399500000 400000000 100.0
OX637754.1 400000000 400500000 100.0
OX637754.1 400500000 401000000 100.0
OX637754.1 401000000 401500000 100.0
OX637754.1 401500000 402000000 100.0
OX637754.1 402000000 402500000 100.0
OX637754.1 402500000 403000000 100.0
OX637754.1 403000000 403500000 100.0
OX637754.1 403500000 404000000 100.0
OX637754.1 404000000 404500000 100.0
OX637754.1 404500000 405000000 100.0
OX637754.1 405000000 405500000 100.0
OX637754.1 405500000 406000000 100.0
OX637754.1 406000000 406500000 100.0
OX637754.1 406500000 407000000 100.0
OX637754.1 407000000 407500000 100.0
OX637754.1 407500000 408000000 100.0
OX637754.1 408000000 408500000 100.0
OX637754.1 408500000 409000000 100.0
OX637754.1 409000000 409500000 100.0
OX637754.1 409500000 410000000 100.0
OX637754.1 410000000 410500000 100.0
OX637754.1 410500000 411000000 100.0
OX637754.1 411000000 411500000 99.7151
OX637754.1 411500000 412000000 99.0
OX637754.1 412000000 412500000 99.0
OX637754.1 412500000 413000000 99.0
OX637754.1 413000000 413500000 99.0
OX637754.1 413500000 414000000 99.0
OX637754.1 414000000 414500000 99.0
OX637754.1 414500000 415000000 99.0
OX637754.1 415000000 415500000 99.0
OX637754.1 415500000 416000000 99.0
OX637754.1 416000000 416500000 99.0
OX637754.1 416500000 417000000 99.0
OX637754.1 417000000 417500000 99.0
OX637754.1 417500000 418000000 99.0
OX637754.1 418000000 418500000 99.0
OX637754.1 418500000 419000000 99.0
OX637754.1 419000000 419500000 99.0
OX637754.1 419500000 420000000 99.0
OX637754.1 420000000 420500000 99.0
OX637754.1 420500000 421000000 99.0
OX637754.1 421000000 421500000 99.0
OX637754.1 421500000 422000000 99.0
OX637754.1 422000000 422500000 99.0
OX637754.1 422500000 423000000 99.0
OX637754.1 423000000 423500000 99.0
OX637754.1 423500000 424000000 99.0
OX637754.1 424000000 424500000 99.0
OX637754.1 424500000 425000000 99.0
OX637754.1 425000000 425500000 99.0
OX637754.1 425500000 426000000 99.0
OX637754.1 426000000 426500000 99.0
OX637754.1 426500000 427000000 99.0
OX637754.1 427000000 427500000 99.0
OX637754.1 427500000 428000000 99.0
OX637754.1 428000000 428500000 99.0
OX637754.1 428500000 429000000 99.0
OX637754.1 429000000 429500000 99.0
OX637754.1 429500000 430000000 99.0
OX637754.1 430000000 430500000 99.0
OX637754.1 430500000 431000000 99.0
OX637754.1 431000000 431500000 99.0
OX637754.1 431500000 432000000 99.0
OX637754.1 432000000 432500000 99.0
OX637754.1 432500000 433000000 99.0
OX637754.1 433000000 433500000 99.0
OX637754.1 433500000 434000000 99.0
OX637754.1 434000000 434500000 98.52887
OX637754.1 434500000 435000000 97.05631
OX637754.1 435000000 435500000 97.0
OX637754.1 435500000 436000000 97.0
OX637754.1 436000000 436500000 97.0
OX637754.1 436500000 437000000 96.6943
OX637754.1 437000000 437500000 96.0
OX637754.1 437500000 438000000 96.0
OX637754.1 438000000 438500000 96.0
OX637754.1 438500000 439000000 96.0
OX637754.1 439000000 439500000 96.0
OX637754.1 439500000 440000000 96.0
OX637754.1 440000000 440500000 96.0
OX637754.1 440500000 441000000 96.0
OX637754.1 441000000 441500000 96.0
OX637754.1 441500000 442000000 96.0
OX637754.1 442000000 442500000 96.0
OX637754.1 442500000 443000000 96.0
OX637754.1 443000000 443500000 96.0
OX637754.1 443500000 444000000 96.0
OX637754.1 444000000 444500000 96.0
OX637754.1 444500000 445000000 96.0
OX637754.1 445000000 445500000 96.0
OX637754.1 445500000 446000000 96.0
OX637754.1 446000000 446500000 96.0
OX637754.1 446500000 447000000 96.0
OX637754.1 447000000 447500000 96.0
OX637754.1 447500000 448000000 96.0
OX637754.1 448000000 448500000 96.0
OX637754.1 448500000 449000000 96.0
OX637754.1 449000000 449500000 96.0
OX637754.1 449500000 450000000 96.0
OX637754.1 450000000 450500000 96.0
OX637754.1 450500000 451000000 96.0
OX637754.1 451000000 451500000 95.14204
OX637754.1 451500000 452000000 95.0
OX637754.1 452000000 452500000 95.0
OX637754.1 452500000 453000000 95.0
OX637754.1 453000000 453500000 95.0
OX637754.1 453500000 454000000 95.0
OX637754.1 454000000 454500000 95.0
OX637754.1 454500000 455000000 95.0
OX637754.1 455000000 455500000 95.0
OX637754.1 455500000 456000000 95.0
OX637754.1 456000000 456500000 95.0
OX637754.1 456500000 457000000 95.0
OX637754.1 457000000 457500000 94.75656
OX637754.1 457500000 458000000 94.0
OX637754.1 458000000 458500000 94.0
OX637754.1 458500000 459000000 93.20574
OX637754.1 459000000 459500000 93.0
OX637754.1 459500000 460000000 93.0
OX637754.1 460000000 460500000 93.0
OX637754.1 460500000 461000000 93.0
OX637754.1 461000000 461500000 93.0
OX637754.1 461500000 462000000 93.0
OX637754.1 462000000 462500000 93.0
OX637754.1 462500000 463000000 93.0
OX637754.1 463000000 463500000 93.0
OX637754.1 463500000 464000000 93.0
OX637754.1 464000000 464500000 93.0
OX637754.1 464500000 465000000 93.0
OX637754.1 465000000 465500000 93.0
OX637754.1 465500000 466000000 93.0
OX637754.1 466000000 466500000 93.0
OX637754.1 466500000 467000000 93.0
OX637754.1 467000000 467500000 93.0
OX637754.1 467500000 468000000 93.0
OX637754.1 468000000 468500000 93.0
OX637754.1 468500000 469000000 92.97257
OX637754.1 469000000 469500000 92.0
OX637754.1 469500000 470000000 92.0
OX637754.1 470000000 470500000 92.0
OX637754.1 470500000 471000000 92.0
OX637754.1 471000000 471500000 91.46375
OX637754.1 471500000 472000000 91.0
OX637754.1 472000000 472500000 91.0
OX637754.1 472500000 473000000 91.0
OX637754.1 473000000 473500000 91.0
OX637754.1 473500000 474000000 91.0
OX637754.1 474000000 474500000 91.0
OX637754.1 474500000 475000000 91.0
OX637754.1 475000000 475500000 91.0
OX637754.1 475500000 476000000 91.0
OX637754.1 476000000 476500000 91.0
OX637754.1 476500000 477000000 91.0
OX637754.1 477000000 477500000 91.0
OX637754.1 477500000 478000000 91.0
OX637754.1 478000000 478500000 91.0
OX637754.1 478500000 479000000 91.0
OX637754.1 479000000 479500000 91.0
OX637754.1 479500000 480000000 91.0
OX637754.1 480000000 480500000 91.0
OX637754.1 480500000 481000000 91.0
OX637754.1 481000000 481500000 91.0
OX637754.1 481500000 482000000 91.0
OX637754.1 482000000 482500000 90.7809
OX637754.1 482500000 483000000 90.0
OX637754.1 483000000 483500000 90.0
OX637754.1 483500000 484000000 90.0
OX637754.1 484000000 484500000 90.0
OX637754.1 484500000 485000000 89.84355
OX637754.1 485000000 485500000 89.0
OX637754.1 485500000 486000000 89.0
OX637754.1 486000000 486500000 88.54242
OX637754.1 486500000 487000000 88.0
OX637754.1 487000000 487500000 88.0
OX637754.1 487500000 488000000 88.0
OX637754.1 488000000 488500000 88.0
OX637754.1 488500000 489000000 88.0
OX637754.1 489000000 489500000 88.0
OX637754.1 489500000 490000000 88.0
OX637754.1 490000000 490500000 87.9271
OX637754.1 490500000 491000000 87.0
OX637754.1 491000000 491500000 87.0
OX637754.1 491500000 492000000 87.0
OX637754.1 492000000 492500000 86.32677
OX637754.1 492500000 493000000 86.0
OX637754.1 493000000 493500000 86.0
OX637754.1 493500000 494000000 86.0
OX637754.1 494000000 494500000 86.0
OX637754.1 494500000 495000000 86.0
OX637754.1 495000000 495500000 86.0
OX637754.1 495500000 496000000 86.0
OX637754.1 496000000 496500000 86.0
OX637754.1 496500000 497000000 86.0
OX637754.1 497000000 497500000 86.0
OX637754.1 497500000 498000000 86.0
OX637754.1 498000000 498500000 86.0
OX637754.1 498500000 499000000 86.0
OX637754.1 499000000 499500000 84.59069
OX637754.1 499500000 500000000 84.0
OX637754.1 500000000 500500000 84.0
OX637754.1 500500000 501000000 84.0
OX637754.1 501000000 501500000 84.0
OX637754.1 501500000 502000000 84.0
OX637754.1 502000000 502500000 84.0
OX637754.1 502500000 503000000 84.0
OX637754.1 503000000 503500000 82.28073
OX637754.1 503500000 504000000 81.61039
OX637754.1 504000000 504500000 81.0
OX637754.1 504500000 505000000 81.0
OX637754.1 505000000 505500000 81.0
OX637754.1 505500000 506000000 80.19756
OX637754.1 506000000 506500000 80.0
OX637754.1 506500000 507000000 80.0
OX637754.1 507000000 507500000 79.85533
OX637754.1 507500000 508000000 77.48895
OX637754.1 508000000 508500000 75.56669
OX637754.1 508500000 509000000 75.0
OX637754.1 509000000 509500000 74.08593
OX637754.1 509500000 510000000 74.0
OX637754.1 510000000 510500000 74.0
OX637754.1 510500000 511000000 73.30198
OX637754.1 511000000 511500000 73.0
OX637754.1 511500000 512000000 73.0
OX637754.1 512000000 512500000 73.0
OX637754.1 512500000 513000000 73.0
OX637754.1 513000000 513500000 73.0
OX637754.1 513500000 514000000 72.63111
OX637754.1 514000000 514500000 72.0
OX637754.1 514500000 515000000 72.0
OX637754.1 515000000 515500000 72.0
OX637754.1 515500000 516000000 72.0
OX637754.1 516000000 516500000 72.0
OX637754.1 516500000 517000000 71.53688
OX637754.1 517000000 517500000 70.0
OX637754.1 517500000 518000000 70.0
OX637754.1 518000000 518500000 70.0
OX637754.1 518500000 519000000 70.0
OX637754.1 519000000 519500000 69.0875
OX637754.1 519500000 520000000 67.74985
OX637754.1 520000000 520500000 66.08727
OX637754.1 520500000 521000000 65.0
OX637754.1 521000000 521500000 64.58264
OX637754.1 521500000 522000000 64.0
OX637754.1 522000000 522500000 63.63559
OX637754.1 522500000 523000000 62.10722
OX637754.1 523000000 523500000 62.0
OX637754.1 523500000 524000000 60.26714
OX637754.1 524000000 524500000 57.0
OX637754.1 524500000 525000000 54.36476
OX637754.1 525000000 525500000 53.30467
OX637754.1 525500000 526000000 52.0
OX637754.1 526000000 526500000 52.0
OX637754.1 526500000 527000000 51.61749
OX637754.1 527000000 527500000 50.99749
OX637754.1 527500000 528000000 47.59245
OX637754.1 528000000 528500000 46.92797
OX637754.1 528500000 529000000 46.0
OX637754.1 529000000 529500000 45.17636
OX637754.1 529500000 530000000 44.27555
OX637754.1 530000000 530500000 44.0
OX637754.1 530500000 531000000 44.0
OX637754.1 531000000 531500000 42.14296
OX637754.1 531500000 532000000 40.0
OX637754.1 532000000 532500000 38.88364
OX637754.1 532500000 533000000 36.21998
OX637754.1 533000000 533500000 31.19977
OX637754.1 533500000 534000000 27.14476
OX637754.1 534000000 534500000 24.72681
OX637754.1 534500000 535000000 23.80931
OX637754.1 535000000 535500000 22.81525
OX637754.1 535500000 536000000 21.55364
OX637754.1 536000000 536500000 14.66137
OX637754.1 536500000 537000000 11.0605
OX637754.1 537000000 537500000 5.69292
OX637754.1 537500000 538000000 0.78664
OX637754.1 538000000 538359201 0.0
OX637741.1 0 500000 0.0
OX637741.1 500000 1000000 0.0
OX637741.1 1000000 1500000 0.0
OX637741.1 1500000 2000000 0.0
OX637741.1 2000000 2500000 0.0
OX637741.1 2500000 3000000 0.59306
OX637741.1 3000000 3500000 1.0
OX637741.1 3500000 4000000 1.0
OX637741.1 4000000 4500000 2.64624
OX637741.1 4500000 5000000 4.0861
OX637741.1 5000000 5500000 5.79201
OX637741.1 5500000 6000000 6.0
OX637741.1 6000000 6500000 6.0
OX637741.1 6500000 7000000 6.59889
OX637741.1 7000000 7500000 10.52814
OX637741.1 7500000 8000000 12.76
OX637741.1 8000000 8500000 17.81552
OX637741.1 8500000 9000000 19.0
OX637741.1 9000000 9500000 20.03941
OX637741.1 9500000 10000000 21.96264
OX637741.1 10000000 10500000 23.39471
OX637741.1 10500000 11000000 24.61952
OX637741.1 11000000 11500000 25.18521
OX637741.1 11500000 12000000 27.06224
OX637741.1 12000000 12500000 28.654
OX637741.1 12500000 13000000 29.96874
OX637741.1 13000000 13500000 32.82842
OX637741.1 13500000 14000000 33.0
OX637741.1 14000000 14500000 33.1331
OX637741.1 14500000 15000000 34.23187
OX637741.1 15000000 15500000 35.0
OX637741.1 15500000 16000000 36.53191
OX637741.1 16000000 16500000 38.01667
OX637741.1 16500000 17000000 39.72682
OX637741.1 17000000 17500000 41.58331
OX637741.1 17500000 18000000 43.0
OX637741.1 18000000 18500000 43.34809
OX637741.1 18500000 19000000 44.0
OX637741.1 19000000 19500000 44.0
OX637741.1 19500000 20000000 44.0
OX637741.1 20000000 20500000 45.20668
OX637741.1 20500000 21000000 46.54812
OX637741.1 21000000 21500000 48.0
OX637741.1 21500000 22000000 48.24757
OX637741.1 22000000 22500000 50.83169
OX637741.1 22500000 23000000 52.60174
OX637741.1 23000000 23500000 53.65621
OX637741.1 23500000 24000000 54.0
OX637741.1 24000000 24500000 54.27543
OX637741.1 24500000 25000000 56.33414
OX637741.1 25000000 25500000 58.28374
OX637741.1 25500000 26000000 59.92003
OX637741.1 26000000 26500000 60.37857
OX637741.1 26500000 27000000 61.30506
OX637741.1 27000000 27500000 62.0
OX637741.1 27500000 28000000 62.0
OX637741.1 28000000 28500000 62.90505
OX637741.1 28500000 29000000 63.0
OX637741.1 29000000 29500000 63.0
OX637741.1 29500000 30000000 63.34139
OX637741.1 30000000 30500000 64.0
OX637741.1 30500000 31000000 64.44615
OX637741.1 31000000 31500000 65.0
OX637741.1 31500000 32000000 65.0
OX637741.1 32000000 32500000 65.0
OX637741.1 32500000 33000000 65.0
OX637741.1 33000000 33500000 65.0
OX637741.1 33500000 34000000 65.0
OX637741.1 34000000 34500000 65.0
OX637741.1 34500000 35000000 65.65279
OX637741.1 35000000 35500000 65.05303
OX637741.1 35500000 36000000 65.0
OX637741.1 36000000 36500000 65.0
OX637741.1 36500000 37000000 65.22265
OX637741.1 37000000 37500000 66.0
OX637741.1 37500000 38000000 66.0
OX637741.1 38000000 38500000 66.0
OX637741.1 38500000 39000000 65.13489
OX637741.1 39000000 39500000 65.0
OX637741.1 39500000 40000000 65.707
OX637741.1 40000000 40500000 66.0
OX637741.1 40500000 41000000 66.0
OX637741.1 41000000 41500000 66.0
OX637741.1 41500000 42000000 66.0
OX637741.1 42000000 42500000 66.0
OX637741.1 42500000 43000000 66.0
OX637741.1 43000000 43500000 66.0
OX637741.1 43500000 44000000 66.0
OX637741.1 44000000 44500000 66.6317
OX637741.1 44500000 45000000 67.0
OX637741.1 45000000 45500000 66.10991
OX637741.1 45500000 46000000 66.0
OX637741.1 46000000 46500000 66.0
OX637741.1 46500000 47000000 66.0
OX637741.1 47000000 47500000 66.0
OX637741.1 47500000 48000000 66.0
OX637741.1 48000000 48500000 66.0
OX637741.1 48500000 49000000 66.0
OX637741.1 49000000 49500000 66.36312
OX637741.1 49500000 50000000 66.32884
OX637741.1 50000000 50500000 66.0
OX637741.1 50500000 51000000 66.67768
OX637741.1 51000000 51500000 67.0
OX637741.1 51500000 52000000 67.0
OX637741.1 52000000 52500000 67.0
OX637741.1 52500000 53000000 67.0
OX637741.1 53000000 53500000 67.0
OX637741.1 53500000 54000000 67.44518
OX637741.1 54000000 54500000 68.0
OX637741.1 54500000 55000000 68.0
OX637741.1 55000000 55500000 68.0
OX637741.1 55500000 56000000 68.30832
OX637741.1 56000000 56500000 69.0
OX637741.1 56500000 57000000 69.0
OX637741.1 57000000 57500000 69.0
OX637741.1 57500000 58000000 69.0
OX637741.1 58000000 58500000 69.0
OX637741.1 58500000 59000000 69.0
OX637741.1 59000000 59500000 69.0
OX637741.1 59500000 60000000 69.64123
OX637741.1 60000000 60500000 70.0
OX637741.1 60500000 61000000 70.0
OX637741.1 61000000 61500000 70.0
OX637741.1 61500000 62000000 70.0
OX637741.1 62000000 62500000 70.6803
OX637741.1 62500000 63000000 71.0
OX637741.1 63000000 63500000 71.0
OX637741.1 63500000 64000000 71.0
OX637741.1 64000000 64500000 71.0
OX637741.1 64500000 65000000 71.0
OX637741.1 65000000 65500000 71.0
OX637741.1 65500000 66000000 71.94218
OX637741.1 66000000 66500000 72.0
OX637741.1 66500000 67000000 72.90924
OX637741.1 67000000 67500000 74.0
OX637741.1 67500000 68000000 74.0
OX637741.1 68000000 68500000 74.0
OX637741.1 68500000 69000000 74.0
OX637741.1 69000000 69500000 74.0
OX637741.1 69500000 70000000 74.0
OX637741.1 70000000 70500000 74.0
OX637741.1 70500000 71000000 75.14848
OX637741.1 71000000 71500000 76.0
OX637741.1 71500000 72000000 76.00038
OX637741.1 72000000 72500000 76.0
OX637741.1 72500000 73000000 76.0
OX637741.1 73000000 73500000 76.0
OX637741.1 73500000 74000000 76.0
OX637741.1 74000000 74500000 76.0
OX637741.1 74500000 75000000 76.0
OX637741.1 75000000 75500000 76.0
OX637741.1 75500000 76000000 76.0
OX637741.1 76000000 76500000 76.0
OX637741.1 76500000 77000000 76.0
OX637741.1 77000000 77500000 76.0
OX637741.1 77500000 78000000 76.0
OX637741.1 78000000 78500000 76.0
OX637741.1 78500000 79000000 76.0
OX637741.1 79000000 79500000 76.0
OX637741.1 79500000 80000000 76.0
OX637741.1 80000000 80500000 76.0
OX637741.1 80500000 81000000 76.0
OX637741.1 81000000 81500000 76.0
OX637741.1 81500000 82000000 76.0
OX637741.1 82000000 82500000 76.0
OX637741.1 82500000 83000000 76.0
OX637741.1 83000000 83500000 76.0
OX637741.1 83500000 84000000 76.0
OX637741.1 84000000 84500000 76.84917
OX637741.1 84500000 85000000 76.08875
OX637741.1 85000000 85500000 76.0
OX637741.1 85500000 86000000 76.0
OX637741.1 86000000 86500000 76.0
OX637741.1 86500000 87000000 76.0
OX637741.1 87000000 87500000 76.0
OX637741.1 87500000 88000000 76.0
OX637741.1 88000000 88500000 76.0
OX637741.1 88500000 89000000 76.0
OX637741.1 89000000 89500000 76.74729
OX637741.1 89500000 90000000 77.0
OX637741.1 90000000 90500000 77.0
OX637741.1 90500000 91000000 77.0
OX637741.1 91000000 91500000 77.0
OX637741.1 91500000 92000000 77.0
OX637741.1 92000000 92500000 77.0
OX637741.1 92500000 93000000 77.0
OX637741.1 93000000 93500000 77.0
OX637741.1 93500000 94000000 77.0
OX637741.1 94000000 94500000 77.0
OX637741.1 94500000 95000000 77.0
OX637741.1 95000000 95500000 78.82779
OX637741.1 95500000 96000000 79.0
OX637741.1 96000000 96500000 79.66735
OX637741.1 96500000 97000000 80.49498
OX637741.1 97000000 97500000 81.0
OX637741.1 97500000 98000000 81.0
OX637741.1 98000000 98500000 81.0
OX637741.1 98500000 99000000 81.34326
OX637741.1 99000000 99500000 82.0
OX637741.1 99500000 100000000 82.0
OX637741.1 100000000 100500000 82.0
OX637741.1 100500000 101000000 82.0
OX637741.1 101000000 101500000 82.0
OX637741.1 101500000 102000000 82.0
OX637741.1 102000000 102500000 82.0
OX637741.1 102500000 103000000 82.0
OX637741.1 103000000 103500000 82.0
OX637741.1 103500000 104000000 82.0
OX637741.1 104000000 104500000 82.40585
OX637741.1 104500000 105000000 83.0
OX637741.1 105000000 105500000 83.0
OX637741.1 105500000 106000000 83.0
OX637741.1 106000000 106500000 83.0
OX637741.1 106500000 107000000 83.0
OX637741.1 107000000 107500000 83.0
OX637741.1 107500000 108000000 83.5859
OX637741.1 108000000 108500000 84.0
OX637741.1 108500000 109000000 84.0
OX637741.1 109000000 109500000 84.0
OX637741.1 109500000 110000000 84.0
OX637741.1 110000000 110500000 84.0
OX637741.1 110500000 111000000 84.22558
OX637741.1 111000000 111500000 85.0
OX637741.1 111500000 112000000 85.0
OX637741.1 112000000 112500000 85.0
OX637741.1 112500000 113000000 85.0
OX637741.1 113000000 113500000 85.0
OX637741.1 113500000 114000000 85.0
OX637741.1 114000000 114500000 84.90775
OX637741.1 114500000 115000000 84.0
OX637741.1 115000000 115500000 84.0
OX637741.1 115500000 116000000 84.0
OX637741.1 116000000 116500000 84.0
OX637741.1 116500000 117000000 84.0
OX637741.1 117000000 117500000 84.0
OX637741.1 117500000 118000000 84.0
OX637741.1 118000000 118500000 84.0
OX637741.1 118500000 119000000 84.81434
OX637741.1 119000000 119500000 85.0
OX637741.1 119500000 120000000 85.0
OX637741.1 120000000 120500000 85.0
OX637741.1 120500000 121000000 85.0
OX637741.1 121000000 121500000 85.0
OX637741.1 121500000 122000000 85.0
OX637741.1 122000000 122500000 85.0
OX637741.1 122500000 123000000 85.0
OX637741.1 123000000 123500000 85.0
OX637741.1 123500000 124000000 85.0
OX637741.1 124000000 124500000 85.0
OX637741.1 124500000 125000000 85.0
OX637741.1 125000000 125500000 85.0
OX637741.1 125500000 126000000 85.0
OX637741.1 126000000 126500000 85.0
OX637741.1 126500000 127000000 85.0
OX637741.1 127000000 127500000 85.0
OX637741.1 127500000 128000000 85.0
OX637741.1 128000000 128500000 85.0
OX637741.1 128500000 129000000 85.29168
OX637741.1 129000000 129500000 86.0
OX637741.1 129500000 130000000 86.0
OX637741.1 130000000 130500000 86.20657
OX637741.1 130500000 131000000 87.0
OX637741.1 131000000 131500000 87.0
OX637741.1 131500000 132000000 87.0
OX637741.1 132000000 132500000 87.0
OX637741.1 132500000 133000000 87.0
OX637741.1 133000000 133500000 87.0
OX637741.1 133500000 134000000 87.0
OX637741.1 134000000 134500000 87.0
OX637741.1 134500000 135000000 87.0
OX637741.1 135000000 135500000 87.0
OX637741.1 135500000 136000000 87.0
OX637741.1 136000000 136500000 87.38592
OX637741.1 136500000 137000000 88.0
OX637741.1 137000000 137500000 88.0
OX637741.1 137500000 138000000 88.0
OX637741.1 138000000 138500000 88.02055
OX637741.1 138500000 139000000 89.0
OX637741.1 139000000 139500000 89.0
OX637741.1 139500000 140000000 89.0
OX637741.1 140000000 140500000 89.0
OX637741.1 140500000 141000000 89.0
OX637741.1 141000000 141500000 89.10858
OX637741.1 141500000 142000000 90.0
OX637741.1 142000000 142500000 90.0
OX637741.1 142500000 143000000 90.0
OX637741.1 143000000 143500000 90.0
OX637741.1 143500000 144000000 90.0
OX637741.1 144000000 144500000 90.0
OX637741.1 144500000 145000000 90.0
OX637741.1 145000000 145500000 90.0
OX637741.1 145500000 146000000 90.0
OX637741.1 146000000 146500000 90.0
OX637741.1 146500000 147000000 90.0
OX637741.1 147000000 147500000 90.0
OX637741.1 147500000 148000000 90.0
OX637741.1 148000000 148500000 90.0
OX637741.1 148500000 149000000 90.0
OX637741.1 149000000 149500000 90.0
OX637741.1 149500000 150000000 90.0
OX637741.1 150000000 150500000 90.0
OX637741.1 150500000 151000000 90.0
OX637741.1 151000000 151500000 90.0
OX637741.1 151500000 152000000 90.0
OX637741.1 152000000 152500000 90.0
OX637741.1 152500000 153000000 90.0
OX637741.1 153000000 153500000 90.0
OX637741.1 153500000 154000000 90.0
OX637741.1 154000000 154500000 90.0
OX637741.1 154500000 155000000 90.0
OX637741.1 155000000 155500000 90.0
OX637741.1 155500000 156000000 90.0
OX637741.1 156000000 156500000 90.0
OX637741.1 156500000 157000000 90.0
OX637741.1 157000000 157500000 90.96536
OX637741.1 157500000 158000000 91.0
OX637741.1 158000000 158500000 91.05389
OX637741.1 158500000 159000000 92.0
OX637741.1 159000000 159500000 92.0
OX637741.1 159500000 160000000 92.0
OX637741.1 160000000 160500000 92.0
OX637741.1 160500000 161000000 92.0
OX637741.1 161000000 161500000 92.0
OX637741.1 161500000 162000000 92.0
OX637741.1 162000000 162500000 92.0
OX637741.1 162500000 163000000 92.0
OX637741.1 163000000 163500000 92.0
OX637741.1 163500000 164000000 92.0
OX637741.1 164000000 164500000 92.0
OX637741.1 164500000 165000000 92.0
OX637741.1 165000000 165500000 92.0
OX637741.1 165500000 166000000 92.0
OX637741.1 166000000 166500000 92.0
OX637741.1 166500000 167000000 92.0
OX637741.1 167000000 167500000 92.0
OX637741.1 167500000 168000000 92.0
OX637741.1 168000000 168500000 92.0
OX637741.1 168500000 169000000 92.0
OX637741.1 169000000 169500000 92.0
OX637741.1 169500000 170000000 92.0
OX637741.1 170000000 170500000 92.0
OX637741.1 170500000 171000000 92.0
OX637741.1 171000000 171500000 92.0
OX637741.1 171500000 172000000 92.0
OX637741.1 172000000 172500000 92.0
OX637741.1 172500000 173000000 92.0
OX637741.1 173000000 173500000 92.0
OX637741.1 173500000 174000000 92.0
OX637741.1 174000000 174500000 92.0
OX637741.1 174500000 175000000 92.0
OX637741.1 175000000 175500000 92.0
OX637741.1 175500000 176000000 92.0
OX637741.1 176000000 176500000 92.0
OX637741.1 176500000 177000000 92.0
OX637741.1 177000000 177500000 92.0
OX637741.1 177500000 178000000 92.0
OX637741.1 178000000 178500000 92.0
OX637741.1 178500000 179000000 92.0
OX637741.1 179000000 179500000 92.0
OX637741.1 179500000 180000000 92.0
OX637741.1 180000000 180500000 92.0
OX637741.1 180500000 181000000 92.0
OX637741.1 181000000 181500000 92.0
OX637741.1 181500000 182000000 92.0
OX637741.1 182000000 182500000 92.0
OX637741.1 182500000 183000000 92.0
OX637741.1 183000000 183500000 92.0
OX637741.1 183500000 184000000 92.0
OX637741.1 184000000 184500000 92.0
OX637741.1 184500000 185000000 92.0
OX637741.1 185000000 185500000 92.0
OX637741.1 185500000 186000000 92.0
OX637741.1 186000000 186500000 92.0
OX637741.1 186500000 187000000 92.0
OX637741.1 187000000 187500000 92.0
OX637741.1 187500000 188000000 92.0
OX637741.1 188000000 188500000 92.0
OX637741.1 188500000 189000000 92.0
OX637741.1 189000000 189500000 92.0
OX637741.1 189500000 190000000 92.0
OX637741.1 190000000 190500000 92.0
OX637741.1 190500000 191000000 92.0
OX637741.1 191000000 191500000 92.0
OX637741.1 191500000 192000000 92.0
OX637741.1 192000000 192500000 92.0
OX637741.1 192500000 193000000 92.0
OX637741.1 193000000 193500000 92.0
OX637741.1 193500000 194000000 92.0
OX637741.1 194000000 194500000 92.0
OX637741.1 194500000 195000000 92.0
OX637741.1 195000000 195500000 92.0
OX637741.1 195500000 196000000 92.0
OX637741.1 196000000 196500000 92.0
OX637741.1 196500000 197000000 92.0
OX637741.1 197000000 197500000 92.0
OX637741.1 197500000 198000000 92.0
OX637741.1 198000000 198500000 92.0
OX637741.1 198500000 199000000 92.0
OX637741.1 199000000 199500000 92.0
OX637741.1 199500000 200000000 92.0
OX637741.1 200000000 200500000 92.0
OX637741.1 200500000 201000000 92.0
OX637741.1 201000000 201500000 92.0
OX637741.1 201500000 202000000 92.0
OX637741.1 202000000 202500000 92.0
OX637741.1 202500000 203000000 92.0
OX637741.1 203000000 203500000 92.0
OX637741.1 203500000 204000000 92.0
OX637741.1 204000000 204500000 92.0
OX637741.1 204500000 205000000 92.0
OX637741.1 205000000 205500000 92.0
OX637741.1 205500000 206000000 92.0
OX637741.1 206000000 206500000 92.0
OX637741.1 206500000 207000000 92.0
OX637741.1 207000000 207500000 92.0
OX637741.1 207500000 208000000 92.0
OX637741.1 208000000 208500000 92.0
OX637741.1 208500000 209000000 92.0
OX637741.1 209000000 209500000 92.0
OX637741.1 209500000 210000000 92.0
OX637741.1 210000000 210500000 92.0
OX637741.1 210500000 211000000 92.0
OX637741.1 211000000 211500000 92.0
OX637741.1 211500000 212000000 92.0
OX637741.1 212000000 212500000 92.0
OX637741.1 212500000 213000000 92.0
OX637741.1 213000000 213500000 92.0
OX637741.1 213500000 214000000 92.0
OX637741.1 214000000 214500000 92.0
OX637741.1 214500000 215000000 92.0
OX637741.1 215000000 215500000 92.0
OX637741.1 215500000 216000000 92.0
OX637741.1 216000000 216500000 92.0
OX637741.1 216500000 217000000 92.0
OX637741.1 217000000 217500000 92.0
OX637741.1 217500000 218000000 92.0
OX637741.1 218000000 218500000 92.0
OX637741.1 218500000 219000000 92.0
OX637741.1 219000000 219500000 92.0
OX637741.1 219500000 220000000 92.0
OX637741.1 220000000 220500000 92.0
OX637741.1 220500000 221000000 92.0
OX637741.1 221000000 221500000 92.0
OX637741.1 221500000 222000000 92.0
OX637741.1 222000000 222500000 92.0
OX637741.1 222500000 223000000 92.0
OX637741.1 223000000 223500000 92.0
OX637741.1 223500000 224000000 92.0
OX637741.1 224000000 224500000 92.0
OX637741.1 224500000 225000000 92.0
OX637741.1 225000000 225500000 92.0
OX637741.1 225500000 226000000 92.0
OX637741.1 226000000 226500000 92.0
OX637741.1 226500000 227000000 92.0
OX637741.1 227000000 227500000 92.0
OX637741.1 227500000 228000000 92.0
OX637741.1 228000000 228500000 92.0
OX637741.1 228500000 229000000 92.0
OX637741.1 229000000 229500000 92.0
OX637741.1 229500000 230000000 92.0
OX637741.1 230000000 230500000 92.0
OX637741.1 230500000 231000000 92.0
OX637741.1 231000000 231500000 92.0
OX637741.1 231500000 232000000 92.0
OX637741.1 232000000 232500000 92.0
OX637741.1 232500000 233000000 92.0
OX637741.1 233000000 233500000 92.0
OX637741.1 233500000 234000000 92.0
OX637741.1 234000000 234500000 92.0
OX637741.1 234500000 235000000 92.0
OX637741.1 235000000 235500000 92.0
OX637741.1 235500000 236000000 92.0
OX637741.1 236000000 236500000 92.0
OX637741.1 236500000 237000000 92.0
OX637741.1 237000000 237500000 92.0
OX637741.1 237500000 238000000 92.0
OX637741.1 238000000 238500000 92.0
OX637741.1 238500000 239000000 92.0
OX637741.1 239000000 239500000 92.0
OX637741.1 239500000 240000000 92.0
OX637741.1 240000000 240500000 92.0
OX637741.1 240500000 241000000 92.0
OX637741.1 241000000 241500000 92.0
OX637741.1 241500000 242000000 92.0
OX637741.1 242000000 242500000 92.0
OX637741.1 242500000 243000000 92.0
OX637741.1 243000000 243500000 92.0
OX637741.1 243500000 244000000 92.0
OX637741.1 244000000 244500000 92.0
OX637741.1 244500000 245000000 92.0
OX637741.1 245000000 245500000 92.0
OX637741.1 245500000 246000000 92.0
OX637741.1 246000000 246500000 92.0
OX637741.1 246500000 247000000 92.0
OX637741.1 247000000 247500000 92.0
OX637741.1 247500000 248000000 92.0
OX637741.1 248000000 248500000 92.0
OX637741.1 248500000 249000000 92.0
OX637741.1 249000000 249500000 92.0
OX637741.1 249500000 250000000 92.0
OX637741.1 250000000 250500000 92.0
OX637741.1 250500000 251000000 92.0
OX637741.1 251000000 251500000 92.0
OX637741.1 251500000 252000000 92.0
OX637741.1 252000000 252500000 92.0
OX637741.1 252500000 253000000 92.0
OX637741.1 253000000 253500000 92.0
OX637741.1 253500000 254000000 92.0
OX637741.1 254000000 254500000 92.0
OX637741.1 254500000 255000000 92.0
OX637741.1 255000000 255500000 92.0
OX637741.1 255500000 256000000 92.0
OX637741.1 256000000 256500000 92.0
OX637741.1 256500000 257000000 91.94502
OX637741.1 257000000 257500000 91.0
OX637741.1 257500000 258000000 91.0
OX637741.1 258000000 258500000 91.0
OX637741.1 258500000 259000000 91.0
OX637741.1 259000000 259500000 91.0
OX637741.1 259500000 260000000 91.0
OX637741.1 260000000 260500000 91.0
OX637741.1 260500000 261000000 91.0
OX637741.1 261000000 261500000 91.0
OX637741.1 261500000 262000000 91.0
OX637741.1 262000000 262500000 91.0
OX637741.1 262500000 263000000 91.0
OX637741.1 263000000 263500000 91.0
OX637741.1 263500000 264000000 91.0
OX637741.1 264000000 264500000 91.0
OX637741.1 264500000 265000000 91.0
OX637741.1 265000000 265500000 91.0
OX637741.1 265500000 266000000 91.0
OX637741.1 266000000 266500000 91.0
OX637741.1 266500000 267000000 91.0
OX637741.1 267000000 267500000 91.0
OX637741.1 267500000 268000000 91.0
OX637741.1 268000000 268500000 91.0
OX637741.1 268500000 269000000 91.0
OX637741.1 269000000 269500000 91.0
OX637741.1 269500000 270000000 91.0
OX637741.1 270000000 270500000 91.0
OX637741.1 270500000 271000000 91.0
OX637741.1 271000000 271500000 91.0
OX637741.1 271500000 272000000 91.0
OX637741.1 272000000 272500000 91.0
OX637741.1 272500000 273000000 91.0
OX637741.1 273000000 273500000 91.0
OX637741.1 273500000 274000000 91.0
OX637741.1 274000000 274500000 91.0
OX637741.1 274500000 275000000 91.0
OX637741.1 275000000 275500000 91.0
OX637741.1 275500000 276000000 91.0
OX637741.1 276000000 276500000 91.0
OX637741.1 276500000 277000000 91.0
OX637741.1 277000000 277500000 91.0
OX637741.1 277500000 278000000 91.0
OX637741.1 278000000 278500000 91.0
OX637741.1 278500000 279000000 91.0
OX637741.1 279000000 279500000 91.0
OX637741.1 279500000 280000000 91.0
OX637741.1 280000000 280500000 91.0
OX637741.1 280500000 281000000 91.0
OX637741.1 281000000 281500000 91.0
OX637741.1 281500000 282000000 91.0
OX637741.1 282000000 282500000 91.0
OX637741.1 282500000 283000000 91.0
OX637741.1 283000000 283500000 91.0
OX637741.1 283500000 284000000 91.0
OX637741.1 284000000 284500000 91.0
OX637741.1 284500000 285000000 91.0
OX637741.1 285000000 285500000 91.0
OX637741.1 285500000 286000000 91.0
OX637741.1 286000000 286500000 91.0
OX637741.1 286500000 287000000 91.0
OX637741.1 287000000 287500000 91.0
OX637741.1 287500000 288000000 91.0
OX637741.1 288000000 288500000 91.0
OX637741.1 288500000 289000000 91.0
OX637741.1 289000000 289500000 91.0
OX637741.1 289500000 290000000 91.0
OX637741.1 290000000 290500000 91.0
OX637741.1 290500000 291000000 91.0
OX637741.1 291000000 291500000 91.0
OX637741.1 291500000 292000000 91.0
OX637741.1 292000000 292500000 91.0
OX637741.1 292500000 293000000 91.0
OX637741.1 293000000 293500000 91.0
OX637741.1 293500000 294000000 91.0
OX637741.1 294000000 294500000 91.0
OX637741.1 294500000 295000000 91.0
OX637741.1 295000000 295500000 91.0
OX637741.1 295500000 296000000 91.0
OX637741.1 296000000 296500000 91.0
OX637741.1 296500000 297000000 91.0
OX637741.1 297000000 297500000 91.0
OX637741.1 297500000 298000000 91.0
OX637741.1 298000000 298500000 91.0
OX637741.1 298500000 299000000 90.09125
OX637741.1 299000000 299500000 90.0
OX637741.1 299500000 300000000 89.7904
OX637741.1 300000000 300500000 89.0
OX637741.1 300500000 301000000 89.0
OX637741.1 301000000 301500000 89.0
OX637741.1 301500000 302000000 89.0
OX637741.1 302000000 302500000 89.0
OX637741.1 302500000 303000000 89.0
OX637741.1 303000000 303500000 89.0
OX637741.1 303500000 304000000 89.0
OX637741.1 304000000 304500000 89.0
OX637741.1 304500000 305000000 89.0
OX637741.1 305000000 305500000 89.0
OX637741.1 305500000 306000000 89.0
OX637741.1 306000000 306500000 89.0
OX637741.1 306500000 307000000 89.0
OX637741.1 307000000 307500000 89.0
OX637741.1 307500000 308000000 89.0
OX637741.1 308000000 308500000 89.0
OX637741.1 308500000 309000000 89.0
OX637741.1 309000000 309500000 89.0
OX637741.1 309500000 310000000 89.0
OX637741.1 310000000 310500000 89.0
OX637741.1 310500000 311000000 89.0
OX637741.1 311000000 311500000 89.0
OX637741.1 311500000 312000000 89.0
OX637741.1 312000000 312500000 89.0
OX637741.1 312500000 313000000 89.0
OX637741.1 313000000 313500000 89.0
OX637741.1 313500000 314000000 89.0
OX637741.1 314000000 314500000 89.0
OX637741.1 314500000 315000000 89.0
OX637741.1 315000000 315500000 89.0
OX637741.1 315500000 316000000 89.0
OX637741.1 316000000 316500000 89.0
OX637741.1 316500000 317000000 89.0
OX637741.1 317000000 317500000 89.0
OX637741.1 317500000 318000000 89.0
OX637741.1 318000000 318500000 89.0
OX637741.1 318500000 319000000 89.0
OX637741.1 319000000 319500000 89.0
OX637741.1 319500000 320000000 89.0
OX637741.1 320000000 320500000 89.0
OX637741.1 320500000 321000000 89.0
OX637741.1 321000000 321500000 89.0
OX637741.1 321500000 322000000 89.0
OX637741.1 322000000 322500000 89.0
OX637741.1 322500000 323000000 88.43335
OX637741.1 323000000 323500000 88.0
OX637741.1 323500000 324000000 88.0
OX637741.1 324000000 324500000 88.0
OX637741.1 324500000 325000000 88.0
OX637741.1 325000000 325500000 88.0
OX637741.1 325500000 326000000 88.0
OX637741.1 326000000 326500000 88.0
OX637741.1 326500000 327000000 88.0
OX637741.1 327000000 327500000 88.0
OX637741.1 327500000 328000000 88.0
OX637741.1 328000000 328500000 88.0
OX637741.1 328500000 329000000 88.0
OX637741.1 329000000 329500000 88.0
OX637741.1 329500000 330000000 88.0
OX637741.1 330000000 330500000 88.0
OX637741.1 330500000 331000000 88.0
OX637741.1 331000000 331500000 88.0
OX637741.1 331500000 332000000 88.0
OX637741.1 332000000 332500000 88.0
OX637741.1 332500000 333000000 88.0
OX637741.1 333000000 333500000 88.0
OX637741.1 333500000 334000000 88.0
OX637741.1 334000000 334500000 88.0
OX637741.1 334500000 335000000 88.0
OX637741.1 335000000 335500000 88.0
OX637741.1 335500000 336000000 88.0
OX637741.1 336000000 336500000 88.0
OX637741.1 336500000 337000000 88.0
OX637741.1 337000000 337500000 88.0
OX637741.1 337500000 338000000 88.0
OX637741.1 338000000 338500000 88.0
OX637741.1 338500000 339000000 88.0
OX637741.1 339000000 339500000 88.0
OX637741.1 339500000 340000000 88.0
OX637741.1 340000000 340500000 88.0
OX637741.1 340500000 341000000 88.0
OX637741.1 341000000 341500000 88.0
OX637741.1 341500000 342000000 88.0
OX637741.1 342000000 342500000 88.0
OX637741.1 342500000 343000000 88.0
OX637741.1 343000000 343500000 88.0
OX637741.1 343500000 344000000 88.0
OX637741.1 344000000 344500000 88.0
OX637741.1 344500000 345000000 87.73965
OX637741.1 345000000 345500000 87.0
OX637741.1 345500000 346000000 87.0
OX637741.1 346000000 346500000 87.0
OX637741.1 346500000 347000000 87.0
OX637741.1 347000000 347500000 87.0
OX637741.1 347500000 348000000 87.0
OX637741.1 348000000 348500000 87.0
OX637741.1 348500000 349000000 87.0
OX637741.1 349000000 349500000 87.0
OX637741.1 349500000 350000000 87.0
OX637741.1 350000000 350500000 87.0
OX637741.1 350500000 351000000 87.0
OX637741.1 351000000 351500000 87.0
OX637741.1 351500000 352000000 87.0
OX637741.1 352000000 352500000 87.0
OX637741.1 352500000 353000000 87.0
OX637741.1 353000000 353500000 87.0
OX637741.1 353500000 354000000 86.0652
OX637741.1 354000000 354500000 85.0
OX637741.1 354500000 355000000 85.0
OX637741.1 355000000 355500000 85.0
OX637741.1 355500000 356000000 85.0
OX637741.1 356000000 356500000 85.0
OX637741.1 356500000 357000000 84.81065
OX637741.1 357000000 357500000 84.0
OX637741.1 357500000 358000000 83.83616
OX637741.1 358000000 358500000 83.0
OX637741.1 358500000 359000000 83.0
OX637741.1 359000000 359500000 83.0
OX637741.1 359500000 360000000 83.0
OX637741.1 360000000 360500000 82.11086
OX637741.1 360500000 361000000 81.14179
OX637741.1 361000000 361500000 81.0
OX637741.1 361500000 362000000 81.0
OX637741.1 362000000 362500000 81.0
OX637741.1 362500000 363000000 81.0
OX637741.1 363000000 363500000 81.0
OX637741.1 363500000 364000000 81.0
OX637741.1 364000000 364500000 81.0
OX637741.1 364500000 365000000 81.0
OX637741.1 365000000 365500000 81.0
OX637741.1 365500000 366000000 81.0
OX637741.1 366000000 366500000 81.0
OX637741.1 366500000 367000000 81.0
OX637741.1 367000000 367500000 81.0
OX637741.1 367500000 368000000 80.76239
OX637741.1 368000000 368500000 80.0
OX637741.1 368500000 369000000 80.0
OX637741.1 369000000 369500000 80.0
OX637741.1 369500000 370000000 80.0
OX637741.1 370000000 370500000 80.0
OX637741.1 370500000 371000000 80.0
OX637741.1 371000000 371500000 80.0
OX637741.1 371500000 372000000 80.0
OX637741.1 372000000 372500000 80.0
OX637741.1 372500000 373000000 80.0
OX637741.1 373000000 373500000 80.0
OX637741.1 373500000 374000000 80.0
OX637741.1 374000000 374500000 80.0
OX637741.1 374500000 375000000 80.0
OX637741.1 375000000 375500000 80.0
OX637741.1 375500000 376000000 80.0
OX637741.1 376000000 376500000 80.0
OX637741.1 376500000 377000000 79.13714
OX637741.1 377000000 377500000 79.0
OX637741.1 377500000 378000000 79.0
OX637741.1 378000000 378500000 79.0
OX637741.1 378500000 379000000 79.0
OX637741.1 379000000 379500000 79.0
OX637741.1 379500000 380000000 79.0
OX637741.1 380000000 380500000 79.0
OX637741.1 380500000 381000000 79.0
OX637741.1 381000000 381500000 77.69173
OX637741.1 381500000 382000000 77.0
OX637741.1 382000000 382500000 77.0
OX637741.1 382500000 383000000 77.0
OX637741.1 383000000 383500000 76.78493
OX637741.1 383500000 384000000 74.14952
OX637741.1 384000000 384500000 74.0
OX637741.1 384500000 385000000 73.66447
OX637741.1 385000000 385500000 73.0
OX637741.1 385500000 386000000 73.0
OX637741.1 386000000 386500000 73.0
OX637741.1 386500000 387000000 73.0
OX637741.1 387000000 387500000 73.0
OX637741.1 387500000 388000000 72.52426
OX637741.1 388000000 388500000 72.0
OX637741.1 388500000 389000000 72.0
OX637741.1 389000000 389500000 72.0
OX637741.1 389500000 390000000 72.0
OX637741.1 390000000 390500000 72.0
OX637741.1 390500000 391000000 72.0
OX637741.1 391000000 391500000 72.0
OX637741.1 391500000 392000000 71.55888
OX637741.1 392000000 392500000 70.19076
OX637741.1 392500000 393000000 69.86012
OX637741.1 393000000 393500000 69.0
OX637741.1 393500000 394000000 69.0
OX637741.1 394000000 394500000 68.55251
OX637741.1 394500000 395000000 68.0
OX637741.1 395000000 395500000 68.0
OX637741.1 395500000 396000000 68.0
OX637741.1 396000000 396500000 68.0
OX637741.1 396500000 397000000 67.0749
OX637741.1 397000000 397500000 67.0
OX637741.1 397500000 398000000 67.0
OX637741.1 398000000 398500000 66.26222
OX637741.1 398500000 399000000 66.0
OX637741.1 399000000 399500000 66.0
OX637741.1 399500000 400000000 66.0
OX637741.1 400000000 400500000 66.0
OX637741.1 400500000 401000000 65.0125
OX637741.1 401000000 401500000 64.0
OX637741.1 401500000 402000000 63.57669
OX637741.1 402000000 402500000 62.05918
OX637741.1 402500000 403000000 62.0
OX637741.1 403000000 403500000 61.82323
OX637741.1 403500000 404000000 61.0
OX637741.1 404000000 404500000 60.0532
OX637741.1 404500000 405000000 57.41865
OX637741.1 405000000 405500000 56.27812
OX637741.1 405500000 406000000 55.14369
OX637741.1 406000000 406500000 55.0
OX637741.1 406500000 407000000 55.0
OX637741.1 407000000 407500000 55.0
OX637741.1 407500000 408000000 55.0
OX637741.1 408000000 408500000 54.21267
OX637741.1 408500000 409000000 53.76897
OX637741.1 409000000 409500000 53.0
OX637741.1 409500000 410000000 53.0
OX637741.1 410000000 410500000 53.0
OX637741.1 410500000 411000000 52.47252
OX637741.1 411000000 411500000 46.87775
OX637741.1 411500000 412000000 44.50693
OX637741.1 412000000 412500000 42.92037
OX637741.1 412500000 413000000 42.0
OX637741.1 413000000 413500000 42.0
OX637741.1 413500000 414000000 40.12718
OX637741.1 414000000 414500000 38.4541
OX637741.1 414500000 415000000 37.02655
OX637741.1 415000000 415500000 34.67636
OX637741.1 415500000 416000000 34.0
OX637741.1 416000000 416500000 34.0
OX637741.1 416500000 417000000 32.72474
OX637741.1 417000000 417500000 31.26901
OX637741.1 417500000 418000000 27.62821
OX637741.1 418000000 418500000 25.6012
OX637741.1 418500000 419000000 24.44196
OX637741.1 419000000 419500000 19.77135
OX637741.1 419500000 420000000 16.60348
OX637741.1 420000000 420500000 13.49893
OX637741.1 420500000 421000000 8.13051
OX637741.1 421000000 421500000 4.19535
OX637741.1 421500000 422000000 1.0
OX637741.1 422000000 422500000 0.80195
OX637741.1 422500000 423000000 0.0
OX637741.1 423000000 423500000 0.0
OX637741.1 423500000 424000000 0.0
OX637741.1 424000000 424500000 0.0
OX637741.1 424500000 424937212 0.0
OX637748.1 0 500000 1.5947
OX637748.1 500000 1000000 2.0
OX637748.1 1000000 1500000 2.38091
OX637748.1 1500000 2000000 6.45275
OX637748.1 2000000 2500000 8.78482
OX637748.1 2500000 3000000 9.03686
OX637748.1 3000000 3500000 13.66053
OX637748.1 3500000 4000000 18.2337
OX637748.1 4000000 4500000 21.19066
OX637748.1 4500000 5000000 23.66624
OX637748.1 5000000 5500000 24.4182
OX637748.1 5500000 6000000 25.50813
OX637748.1 6000000 6500000 26.0
OX637748.1 6500000 7000000 26.0
OX637748.1 7000000 7500000 26.0
OX637748.1 7500000 8000000 26.0
OX637748.1 8000000 8500000 26.05787
OX637748.1 8500000 9000000 27.0
OX637748.1 9000000 9500000 27.0
OX637748.1 9500000 10000000 27.0
OX637748.1 10000000 10500000 27.0
OX637748.1 10500000 11000000 27.0
OX637748.1 11000000 11500000 27.0
OX637748.1 11500000 12000000 27.0
OX637748.1 12000000 12500000 27.0
OX637748.1 12500000 13000000 28.43552
OX637748.1 13000000 13500000 29.0
OX637748.1 13500000 14000000 29.78553
OX637748.1 14000000 14500000 31.34032
OX637748.1 14500000 15000000 32.85144
OX637748.1 15000000 15500000 36.77262
OX637748.1 15500000 16000000 38.0
OX637748.1 16000000 16500000 38.41079
OX637748.1 16500000 17000000 39.0
OX637748.1 17000000 17500000 39.54492
OX637748.1 17500000 18000000 40.49079
OX637748.1 18000000 18500000 41.59016
OX637748.1 18500000 19000000 42.79527
OX637748.1 19000000 19500000 43.93581
OX637748.1 19500000 20000000 44.0
OX637748.1 20000000 20500000 44.0
OX637748.1 20500000 21000000 44.0
OX637748.1 21000000 21500000 44.0
OX637748.1 21500000 22000000 44.79072
OX637748.1 22000000 22500000 46.0
OX637748.1 22500000 23000000 46.0
OX637748.1 23000000 23500000 46.0
OX637748.1 23500000 24000000 46.0
OX637748.1 24000000 24500000 46.0
OX637748.1 24500000 25000000 46.0
OX637748.1 25000000 25500000 46.49231
OX637748.1 25500000 26000000 47.07507
OX637748.1 26000000 26500000 48.0
OX637748.1 26500000 27000000 48.0
OX637748.1 27000000 27500000 48.0
OX637748.1 27500000 28000000 48.47898
OX637748.1 28000000 28500000 49.0
OX637748.1 28500000 29000000 49.0021
OX637748.1 29000000 29500000 50.0
OX637748.1 29500000 30000000 50.0
OX637748.1 30000000 30500000 50.0
OX637748.1 30500000 31000000 50.74043
OX637748.1 31000000 31500000 51.0
OX637748.1 31500000 32000000 51.0
OX637748.1 32000000 32500000 51.0
OX637748.1 32500000 33000000 51.67839
OX637748.1 33000000 33500000 52.0
OX637748.1 33500000 34000000 52.0
OX637748.1 34000000 34500000 52.0
OX637748.1 34500000 35000000 52.0
OX637748.1 35000000 35500000 52.0
OX637748.1 35500000 36000000 52.0
OX637748.1 36000000 36500000 52.0
OX637748.1 36500000 37000000 52.0
OX637748.1 37000000 37500000 52.0
OX637748.1 37500000 38000000 52.0
OX637748.1 38000000 38500000 52.0
OX637748.1 38500000 39000000 52.0
OX637748.1 39000000 39500000 52.0
OX637748.1 39500000 40000000 52.28481
OX637748.1 40000000 40500000 52.0
OX637748.1 40500000 41000000 52.26562
OX637748.1 41000000 41500000 53.17644
OX637748.1 41500000 42000000 53.0
OX637748.1 42000000 42500000 53.0
OX637748.1 42500000 43000000 53.0
OX637748.1 43000000 43500000 53.24399
OX637748.1 43500000 44000000 54.0
OX637748.1 44000000 44500000 54.45146
OX637748.1 44500000 45000000 55.0
OX637748.1 45000000 45500000 55.0
OX637748.1 45500000 46000000 55.0
OX637748.1 46000000 46500000 55.0
OX637748.1 46500000 47000000 55.0
OX637748.1 47000000 47500000 55.0
OX637748.1 47500000 48000000 55.0
OX637748.1 48000000 48500000 55.0
OX637748.1 48500000 49000000 55.0
OX637748.1 49000000 49500000 55.0
OX637748.1 49500000 50000000 55.0
OX637748.1 50000000 50500000 55.0
OX637748.1 50500000 51000000 55.0
OX637748.1 51000000 51500000 55.85846
OX637748.1 51500000 52000000 56.0
OX637748.1 52000000 52500000 56.0
OX637748.1 52500000 53000000 56.0
OX637748.1 53000000 53500000 56.0
OX637748.1 53500000 54000000 56.0
OX637748.1 54000000 54500000 56.0
OX637748.1 54500000 55000000 56.0
OX637748.1 55000000 55500000 56.0
OX637748.1 55500000 56000000 56.0
OX637748.1 56000000 56500000 56.65545
OX637748.1 56500000 57000000 57.0
OX637748.1 57000000 57500000 57.0
OX637748.1 57500000 58000000 57.0
OX637748.1 58000000 58500000 57.0
OX637748.1 58500000 59000000 57.0
OX637748.1 59000000 59500000 57.0
OX637748.1 59500000 60000000 57.0
OX637748.1 60000000 60500000 57.0
OX637748.1 60500000 61000000 57.0
OX637748.1 61000000 61500000 57.0
OX637748.1 61500000 62000000 57.58705
OX637748.1 62000000 62500000 58.0
OX637748.1 62500000 63000000 58.0
OX637748.1 63000000 63500000 58.0
OX637748.1 63500000 64000000 58.0
OX637748.1 64000000 64500000 58.0
OX637748.1 64500000 65000000 58.0
OX637748.1 65000000 65500000 58.0
OX637748.1 65500000 66000000 58.0
OX637748.1 66000000 66500000 58.0
OX637748.1 66500000 67000000 58.0
OX637748.1 67000000 67500000 58.0
OX637748.1 67500000 68000000 58.0
OX637748.1 68000000 68500000 58.40757
OX637748.1 68500000 69000000 59.0
OX637748.1 69000000 69500000 59.0
OX637748.1 69500000 70000000 59.0
OX637748.1 70000000 70500000 59.33555
OX637748.1 70500000 71000000 60.0
OX637748.1 71000000 71500000 59.23848
OX637748.1 71500000 72000000 59.7236
OX637748.1 72000000 72500000 60.0
OX637748.1 72500000 73000000 60.0
OX637748.1 73000000 73500000 60.0
OX637748.1 73500000 74000000 60.0
OX637748.1 74000000 74500000 60.0
OX637748.1 74500000 75000000 60.0
OX637748.1 75000000 75500000 60.0
OX637748.1 75500000 76000000 60.0
OX637748.1 76000000 76500000 60.0
OX637748.1 76500000 77000000 60.0
OX637748.1 77000000 77500000 60.0
OX637748.1 77500000 78000000 60.0
OX637748.1 78000000 78500000 60.0
OX637748.1 78500000 79000000 60.0
OX637748.1 79000000 79500000 60.0
OX637748.1 79500000 80000000 59.36556
OX637748.1 80000000 80500000 59.0
OX637748.1 80500000 81000000 59.0
OX637748.1 81000000 81500000 59.0
OX637748.1 81500000 82000000 59.85725
OX637748.1 82000000 82500000 60.0
OX637748.1 82500000 83000000 60.0
OX637748.1 83000000 83500000 60.0
OX637748.1 83500000 84000000 60.0
OX637748.1 84000000 84500000 60.0
OX637748.1 84500000 85000000 60.0
OX637748.1 85000000 85500000 60.0
OX637748.1 85500000 86000000 60.0
OX637748.1 86000000 86500000 60.0
OX637748.1 86500000 87000000 60.0
OX637748.1 87000000 87500000 60.0
OX637748.1 87500000 88000000 60.0
OX637748.1 88000000 88500000 60.74478
OX637748.1 88500000 89000000 61.0
OX637748.1 89000000 89500000 61.0
OX637748.1 89500000 90000000 61.0
OX637748.1 90000000 90500000 61.0
OX637748.1 90500000 91000000 61.0
OX637748.1 91000000 91500000 61.0
OX637748.1 91500000 92000000 61.0
OX637748.1 92000000 92500000 61.0
OX637748.1 92500000 93000000 61.0
OX637748.1 93000000 93500000 61.0
OX637748.1 93500000 94000000 61.0
OX637748.1 94000000 94500000 61.0
OX637748.1 94500000 95000000 61.0
OX637748.1 95000000 95500000 61.0
OX637748.1 95500000 96000000 61.0
OX637748.1 96000000 96500000 61.0
OX637748.1 96500000 97000000 61.0
OX637748.1 97000000 97500000 61.0
OX637748.1 97500000 98000000 61.0
OX637748.1 98000000 98500000 61.0
OX637748.1 98500000 99000000 61.0
OX637748.1 99000000 99500000 61.0
OX637748.1 99500000 100000000 61.0
OX637748.1 100000000 100500000 61.0
OX637748.1 100500000 101000000 61.0
OX637748.1 101000000 101500000 61.0
OX637748.1 101500000 102000000 61.0
OX637748.1 102000000 102500000 61.0
OX637748.1 102500000 103000000 61.0
OX637748.1 103000000 103500000 61.0
OX637748.1 103500000 104000000 61.0
OX637748.1 104000000 104500000 61.0
OX637748.1 104500000 105000000 61.0
OX637748.1 105000000 105500000 61.0
OX637748.1 105500000 106000000 61.0
OX637748.1 106000000 106500000 61.0
OX637748.1 106500000 107000000 61.0
OX637748.1 107000000 107500000 61.0
OX637748.1 107500000 108000000 61.0
OX637748.1 108000000 108500000 61.0
OX637748.1 108500000 109000000 61.0
OX637748.1 109000000 109500000 61.0
OX637748.1 109500000 110000000 61.0
OX637748.1 110000000 110500000 61.0
OX637748.1 110500000 111000000 61.0
OX637748.1 111000000 111500000 61.0
OX637748.1 111500000 112000000 61.0
OX637748.1 112000000 112500000 61.0
OX637748.1 112500000 113000000 61.0
OX637748.1 113000000 113500000 61.0
OX637748.1 113500000 114000000 61.0
OX637748.1 114000000 114500000 61.0
OX637748.1 114500000 115000000 61.0
OX637748.1 115000000 115500000 61.0
OX637748.1 115500000 116000000 61.0
OX637748.1 116000000 116500000 61.0
OX637748.1 116500000 117000000 61.0
OX637748.1 117000000 117500000 61.0
OX637748.1 117500000 118000000 61.0
OX637748.1 118000000 118500000 61.0
OX637748.1 118500000 119000000 61.0
OX637748.1 119000000 119500000 61.0
OX637748.1 119500000 120000000 61.0
OX637748.1 120000000 120500000 61.0
OX637748.1 120500000 121000000 61.0
OX637748.1 121000000 121500000 61.0
OX637748.1 121500000 122000000 61.0
OX637748.1 122000000 122500000 61.0
OX637748.1 122500000 123000000 61.0
OX637748.1 123000000 123500000 61.0
OX637748.1 123500000 124000000 61.0
OX637748.1 124000000 124500000 61.0
OX637748.1 124500000 125000000 61.0
OX637748.1 125000000 125500000 61.0
OX637748.1 125500000 126000000 61.0
OX637748.1 126000000 126500000 61.0
OX637748.1 126500000 127000000 61.0
OX637748.1 127000000 127500000 61.0
OX637748.1 127500000 128000000 61.0
OX637748.1 128000000 128500000 61.0
OX637748.1 128500000 129000000 61.0
OX637748.1 129000000 129500000 61.0
OX637748.1 129500000 130000000 61.0
OX637748.1 130000000 130500000 61.0
OX637748.1 130500000 131000000 61.0
OX637748.1 131000000 131500000 61.0
OX637748.1 131500000 132000000 61.0
OX637748.1 132000000 132500000 61.0
OX637748.1 132500000 133000000 60.28095
OX637748.1 133000000 133500000 60.0
OX637748.1 133500000 134000000 60.0
OX637748.1 134000000 134500000 60.0
OX637748.1 134500000 135000000 60.0
OX637748.1 135000000 135500000 60.0
OX637748.1 135500000 136000000 60.0
OX637748.1 136000000 136500000 60.0
OX637748.1 136500000 137000000 60.0
OX637748.1 137000000 137500000 60.0
OX637748.1 137500000 138000000 60.0
OX637748.1 138000000 138500000 60.0
OX637748.1 138500000 139000000 60.0
OX637748.1 139000000 139500000 60.0
OX637748.1 139500000 140000000 60.0
OX637748.1 140000000 140500000 60.0
OX637748.1 140500000 141000000 60.0
OX637748.1 141000000 141500000 60.0
OX637748.1 141500000 142000000 60.0
OX637748.1 142000000 142500000 60.0
OX637748.1 142500000 143000000 60.0
OX637748.1 143000000 143500000 60.0
OX637748.1 143500000 144000000 60.0
OX637748.1 144000000 144500000 60.0
OX637748.1 144500000 145000000 60.0
OX637748.1 145000000 145500000 60.0
OX637748.1 145500000 146000000 60.0
OX637748.1 146000000 146500000 60.0
OX637748.1 146500000 147000000 60.0
OX637748.1 147000000 147500000 60.0
OX637748.1 147500000 148000000 60.0
OX637748.1 148000000 148500000 60.0
OX637748.1 148500000 149000000 60.0
OX637748.1 149000000 149500000 60.0
OX637748.1 149500000 150000000 60.0
OX637748.1 150000000 150500000 60.0
OX637748.1 150500000 151000000 60.0
OX637748.1 151000000 151500000 60.0
OX637748.1 151500000 152000000 60.0
OX637748.1 152000000 152500000 60.0
OX637748.1 152500000 153000000 60.0
OX637748.1 153000000 153500000 60.0
OX637748.1 153500000 154000000 60.0
OX637748.1 154000000 154500000 60.0
OX637748.1 154500000 155000000 60.0
OX637748.1 155000000 155500000 60.0
OX637748.1 155500000 156000000 60.0
OX637748.1 156000000 156500000 60.0
OX637748.1 156500000 157000000 60.0
OX637748.1 157000000 157500000 60.36386
OX637748.1 157500000 158000000 61.0
OX637748.1 158000000 158500000 61.0
OX637748.1 158500000 159000000 61.0
OX637748.1 159000000 159500000 61.0
OX637748.1 159500000 160000000 61.0
OX637748.1 160000000 160500000 61.0
OX637748.1 160500000 161000000 61.0
OX637748.1 161000000 161500000 61.0
OX637748.1 161500000 162000000 61.0
OX637748.1 162000000 162500000 61.0
OX637748.1 162500000 163000000 61.0
OX637748.1 163000000 163500000 61.0
OX637748.1 163500000 164000000 61.0
OX637748.1 164000000 164500000 61.0
OX637748.1 164500000 165000000 61.0
OX637748.1 165000000 165500000 61.0
OX637748.1 165500000 166000000 61.0
OX637748.1 166000000 166500000 61.0
OX637748.1 166500000 167000000 61.0
OX637748.1 167000000 167500000 61.0
OX637748.1 167500000 168000000 61.0
OX637748.1 168000000 168500000 61.0
OX637748.1 168500000 169000000 61.0
OX637748.1 169000000 169500000 61.0
OX637748.1 169500000 170000000 61.0
OX637748.1 170000000 170500000 61.0
OX637748.1 170500000 171000000 61.0
OX637748.1 171000000 171500000 61.0
OX637748.1 171500000 172000000 61.0
OX637748.1 172000000 172500000 61.0
OX637748.1 172500000 173000000 61.0
OX637748.1 173000000 173500000 61.0
OX637748.1 173500000 174000000 61.0
OX637748.1 174000000 174500000 61.0
OX637748.1 174500000 175000000 61.0
OX637748.1 175000000 175500000 61.0
OX637748.1 175500000 176000000 61.0
OX637748.1 176000000 176500000 61.0
OX637748.1 176500000 177000000 61.0
OX637748.1 177000000 177500000 61.0
OX637748.1 177500000 178000000 61.0
OX637748.1 178000000 178500000 61.0
OX637748.1 178500000 179000000 61.0
OX637748.1 179000000 179500000 61.0
OX637748.1 179500000 180000000 61.0
OX637748.1 180000000 180500000 61.0
OX637748.1 180500000 181000000 61.0
OX637748.1 181000000 181500000 61.0
OX637748.1 181500000 182000000 61.0
OX637748.1 182000000 182500000 61.0
OX637748.1 182500000 183000000 61.0
OX637748.1 183000000 183500000 61.0
OX637748.1 183500000 184000000 61.0
OX637748.1 184000000 184500000 61.0
OX637748.1 184500000 185000000 61.0
OX637748.1 185000000 185500000 61.0
OX637748.1 185500000 186000000 61.0
OX637748.1 186000000 186500000 61.0
OX637748.1 186500000 187000000 61.0
OX637748.1 187000000 187500000 61.0
OX637748.1 187500000 188000000 61.0
OX637748.1 188000000 188500000 61.0
OX637748.1 188500000 189000000 61.0
OX637748.1 189000000 189500000 61.0
OX637748.1 189500000 190000000 61.0
OX637748.1 190000000 190500000 61.0
OX637748.1 190500000 191000000 61.0
OX637748.1 191000000 191500000 61.0
OX637748.1 191500000 192000000 61.0
OX637748.1 192000000 192500000 61.0
OX637748.1 192500000 193000000 61.0
OX637748.1 193000000 193500000 61.0
OX637748.1 193500000 194000000 61.0
OX637748.1 194000000 194500000 61.0
OX637748.1 194500000 195000000 61.0
OX637748.1 195000000 195500000 61.0
OX637748.1 195500000 196000000 61.0
OX637748.1 196000000 196500000 61.0
OX637748.1 196500000 197000000 61.0
OX637748.1 197000000 197500000 61.0
OX637748.1 197500000 198000000 61.0
OX637748.1 198000000 198500000 61.0
OX637748.1 198500000 199000000 61.0
OX637748.1 199000000 199500000 61.0
OX637748.1 199500000 200000000 61.0
OX637748.1 200000000 200500000 61.0
OX637748.1 200500000 201000000 61.0
OX637748.1 201000000 201500000 61.0
OX637748.1 201500000 202000000 61.0
OX637748.1 202000000 202500000 61.0
OX637748.1 202500000 203000000 61.0
OX637748.1 203000000 203500000 61.0
OX637748.1 203500000 204000000 61.0
OX637748.1 204000000 204500000 61.0
OX637748.1 204500000 205000000 61.0
OX637748.1 205000000 205500000 61.0
OX637748.1 205500000 206000000 61.0
OX637748.1 206000000 206500000 61.0
OX637748.1 206500000 207000000 61.0
OX637748.1 207000000 207500000 61.0
OX637748.1 207500000 208000000 61.0
OX637748.1 208000000 208500000 61.0
OX637748.1 208500000 209000000 61.0
OX637748.1 209000000 209500000 61.0
OX637748.1 209500000 210000000 61.0
OX637748.1 210000000 210500000 61.0
OX637748.1 210500000 211000000 61.0
OX637748.1 211000000 211500000 61.0
OX637748.1 211500000 212000000 61.0
OX637748.1 212000000 212500000 61.0
OX637748.1 212500000 213000000 61.0
OX637748.1 213000000 213500000 61.0
OX637748.1 213500000 214000000 61.0
OX637748.1 214000000 214500000 61.0
OX637748.1 214500000 215000000 61.0
OX637748.1 215000000 215500000 61.0
OX637748.1 215500000 216000000 61.0
OX637748.1 216000000 216500000 61.0
OX637748.1 216500000 217000000 61.0
OX637748.1 217000000 217500000 61.0
OX637748.1 217500000 218000000 61.0
OX637748.1 218000000 218500000 61.0
OX637748.1 218500000 219000000 61.0
OX637748.1 219000000 219500000 61.0
OX637748.1 219500000 220000000 61.0
OX637748.1 220000000 220500000 61.0
OX637748.1 220500000 221000000 61.0
OX637748.1 221000000 221500000 61.0
OX637748.1 221500000 222000000 61.0
OX637748.1 222000000 222500000 61.0
OX637748.1 222500000 223000000 61.0
OX637748.1 223000000 223500000 61.0
OX637748.1 223500000 224000000 61.0
OX637748.1 224000000 224500000 61.0
OX637748.1 224500000 225000000 61.0
OX637748.1 225000000 225500000 61.0
OX637748.1 225500000 226000000 61.0
OX637748.1 226000000 226500000 61.0
OX637748.1 226500000 227000000 61.0
OX637748.1 227000000 227500000 61.0
OX637748.1 227500000 228000000 61.0
OX637748.1 228000000 228500000 61.0
OX637748.1 228500000 229000000 61.0
OX637748.1 229000000 229500000 61.0
OX637748.1 229500000 230000000 61.0
OX637748.1 230000000 230500000 61.0
OX637748.1 230500000 231000000 61.0
OX637748.1 231000000 231500000 61.0
OX637748.1 231500000 232000000 61.0
OX637748.1 232000000 232500000 61.0
OX637748.1 232500000 233000000 61.0
OX637748.1 233000000 233500000 61.0
OX637748.1 233500000 234000000 61.0
OX637748.1 234000000 234500000 61.0
OX637748.1 234500000 235000000 61.0
OX637748.1 235000000 235500000 61.0
OX637748.1 235500000 236000000 61.0
OX637748.1 236000000 236500000 61.0
OX637748.1 236500000 237000000 61.0
OX637748.1 237000000 237500000 61.0
OX637748.1 237500000 238000000 61.0
OX637748.1 238000000 238500000 61.0
OX637748.1 238500000 239000000 61.0
OX637748.1 239000000 239500000 61.0
OX637748.1 239500000 240000000 61.0
OX637748.1 240000000 240500000 61.0
OX637748.1 240500000 241000000 61.0
OX637748.1 241000000 241500000 61.0
OX637748.1 241500000 242000000 61.0
OX637748.1 242000000 242500000 61.0
OX637748.1 242500000 243000000 61.0
OX637748.1 243000000 243500000 61.0
OX637748.1 243500000 244000000 61.0
OX637748.1 244000000 244500000 61.0
OX637748.1 244500000 245000000 61.0
OX637748.1 245000000 245500000 61.0
OX637748.1 245500000 246000000 61.0
OX637748.1 246000000 246500000 61.0
OX637748.1 246500000 247000000 61.0
OX637748.1 247000000 247500000 61.0
OX637748.1 247500000 248000000 61.0
OX637748.1 248000000 248500000 61.0
OX637748.1 248500000 249000000 61.0
OX637748.1 249000000 249500000 61.0
OX637748.1 249500000 250000000 61.0
OX637748.1 250000000 250500000 61.0
OX637748.1 250500000 251000000 61.0
OX637748.1 251000000 251500000 61.0
OX637748.1 251500000 252000000 61.0
OX637748.1 252000000 252500000 61.0
OX637748.1 252500000 253000000 61.0
OX637748.1 253000000 253500000 61.0
OX637748.1 253500000 254000000 61.0
OX637748.1 254000000 254500000 61.0
OX637748.1 254500000 255000000 61.0
OX637748.1 255000000 255500000 61.0
OX637748.1 255500000 256000000 61.0
OX637748.1 256000000 256500000 61.0
OX637748.1 256500000 257000000 61.0
OX637748.1 257000000 257500000 61.0
OX637748.1 257500000 258000000 61.0
OX637748.1 258000000 258500000 61.0
OX637748.1 258500000 259000000 61.0
OX637748.1 259000000 259500000 61.0
OX637748.1 259500000 260000000 61.0
OX637748.1 260000000 260500000 61.0
OX637748.1 260500000 261000000 61.0
OX637748.1 261000000 261500000 61.0
OX637748.1 261500000 262000000 61.0
OX637748.1 262000000 262500000 61.0
OX637748.1 262500000 263000000 61.0
OX637748.1 263000000 263500000 61.0
OX637748.1 263500000 264000000 61.0
OX637748.1 264000000 264500000 61.0
OX637748.1 264500000 265000000 61.0
OX637748.1 265000000 265500000 61.0
OX637748.1 265500000 266000000 61.0
OX637748.1 266000000 266500000 61.0
OX637748.1 266500000 267000000 61.0
OX637748.1 267000000 267500000 61.0
OX637748.1 267500000 268000000 61.0
OX637748.1 268000000 268500000 61.0
OX637748.1 268500000 269000000 61.0
OX637748.1 269000000 269500000 61.0
OX637748.1 269500000 270000000 61.0
OX637748.1 270000000 270500000 61.0
OX637748.1 270500000 271000000 61.0
OX637748.1 271000000 271500000 61.0
OX637748.1 271500000 272000000 61.0
OX637748.1 272000000 272500000 61.0
OX637748.1 272500000 273000000 61.0
OX637748.1 273000000 273500000 61.0
OX637748.1 273500000 274000000 61.0
OX637748.1 274000000 274500000 61.0
OX637748.1 274500000 275000000 61.0
OX637748.1 275000000 275500000 61.0
OX637748.1 275500000 276000000 61.0
OX637748.1 276000000 276500000 61.0
OX637748.1 276500000 277000000 61.0
OX637748.1 277000000 277500000 61.0
OX637748.1 277500000 278000000 61.0
OX637748.1 278000000 278500000 61.0
OX637748.1 278500000 279000000 61.0
OX637748.1 279000000 279500000 61.0
OX637748.1 279500000 280000000 61.0
OX637748.1 280000000 280500000 61.0
OX637748.1 280500000 281000000 61.0
OX637748.1 281000000 281500000 61.0
OX637748.1 281500000 282000000 61.0
OX637748.1 282000000 282500000 61.0
OX637748.1 282500000 283000000 61.0
OX637748.1 283000000 283500000 61.0
OX637748.1 283500000 284000000 61.0
OX637748.1 284000000 284500000 61.0
OX637748.1 284500000 285000000 61.0
OX637748.1 285000000 285500000 61.0
OX637748.1 285500000 286000000 61.0
OX637748.1 286000000 286500000 61.0
OX637748.1 286500000 287000000 61.0
OX637748.1 287000000 287500000 61.0
OX637748.1 287500000 288000000 61.0
OX637748.1 288000000 288500000 61.0
OX637748.1 288500000 289000000 61.0
OX637748.1 289000000 289500000 61.0
OX637748.1 289500000 290000000 61.0
OX637748.1 290000000 290500000 61.0
OX637748.1 290500000 291000000 61.0
OX637748.1 291000000 291500000 61.0
OX637748.1 291500000 292000000 61.0
OX637748.1 292000000 292500000 61.0
OX637748.1 292500000 293000000 61.0
OX637748.1 293000000 293500000 61.0
OX637748.1 293500000 294000000 61.0
OX637748.1 294000000 294500000 61.0
OX637748.1 294500000 295000000 61.0
OX637748.1 295000000 295500000 61.0
OX637748.1 295500000 296000000 61.0
OX637748.1 296000000 296500000 61.0
OX637748.1 296500000 297000000 61.0
OX637748.1 297000000 297500000 61.0
OX637748.1 297500000 298000000 61.0
OX637748.1 298000000 298500000 61.0
OX637748.1 298500000 299000000 61.0
OX637748.1 299000000 299500000 61.0
OX637748.1 299500000 300000000 61.0
OX637748.1 300000000 300500000 61.0
OX637748.1 300500000 301000000 61.0
OX637748.1 301000000 301500000 61.0
OX637748.1 301500000 302000000 61.0
OX637748.1 302000000 302500000 61.0
OX637748.1 302500000 303000000 61.0
OX637748.1 303000000 303500000 61.0
OX637748.1 303500000 304000000 61.0
OX637748.1 304000000 304500000 61.0
OX637748.1 304500000 305000000 61.0
OX637748.1 305000000 305500000 61.0
OX637748.1 305500000 306000000 61.0
OX637748.1 306000000 306500000 61.0
OX637748.1 306500000 307000000 61.0
OX637748.1 307000000 307500000 61.0
OX637748.1 307500000 308000000 61.0
OX637748.1 308000000 308500000 61.0
OX637748.1 308500000 309000000 61.0
OX637748.1 309000000 309500000 61.0
OX637748.1 309500000 310000000 61.0
OX637748.1 310000000 310500000 61.0
OX637748.1 310500000 311000000 61.0
OX637748.1 311000000 311500000 61.0
OX637748.1 311500000 312000000 61.0
OX637748.1 312000000 312500000 61.0
OX637748.1 312500000 313000000 61.0
OX637748.1 313000000 313500000 61.0
OX637748.1 313500000 314000000 61.0
OX637748.1 314000000 314500000 61.0
OX637748.1 314500000 315000000 61.0
OX637748.1 315000000 315500000 61.0
OX637748.1 315500000 316000000 61.0
OX637748.1 316000000 316500000 61.0
OX637748.1 316500000 317000000 61.0
OX637748.1 317000000 317500000 61.0
OX637748.1 317500000 318000000 61.0
OX637748.1 318000000 318500000 61.0
OX637748.1 318500000 319000000 61.0
OX637748.1 319000000 319500000 61.0
OX637748.1 319500000 320000000 61.0
OX637748.1 320000000 320500000 61.0
OX637748.1 320500000 321000000 61.0
OX637748.1 321000000 321500000 61.0
OX637748.1 321500000 322000000 61.0
OX637748.1 322000000 322500000 61.0
OX637748.1 322500000 323000000 61.0
OX637748.1 323000000 323500000 61.0
OX637748.1 323500000 324000000 61.0
OX637748.1 324000000 324500000 61.0
OX637748.1 324500000 325000000 61.0
OX637748.1 325000000 325500000 61.0
OX637748.1 325500000 326000000 61.0
OX637748.1 326000000 326500000 61.0
OX637748.1 326500000 327000000 61.0
OX637748.1 327000000 327500000 61.0
OX637748.1 327500000 328000000 61.0
OX637748.1 328000000 328500000 61.0
OX637748.1 328500000 329000000 61.0
OX637748.1 329000000 329500000 61.0
OX637748.1 329500000 330000000 61.0
OX637748.1 330000000 330500000 61.0
OX637748.1 330500000 331000000 61.0
OX637748.1 331000000 331500000 61.0
OX637748.1 331500000 332000000 61.0
OX637748.1 332000000 332500000 61.0
OX637748.1 332500000 333000000 61.0
OX637748.1 333000000 333500000 61.0
OX637748.1 333500000 334000000 61.0
OX637748.1 334000000 334500000 61.0
OX637748.1 334500000 335000000 61.0
OX637748.1 335000000 335500000 61.0
OX637748.1 335500000 336000000 61.0
OX637748.1 336000000 336500000 61.0
OX637748.1 336500000 337000000 61.0
OX637748.1 337000000 337500000 61.0
OX637748.1 337500000 338000000 61.0
OX637748.1 338000000 338500000 61.0
OX637748.1 338500000 339000000 61.0
OX637748.1 339000000 339500000 61.0
OX637748.1 339500000 340000000 61.0
OX637748.1 340000000 340500000 61.0
OX637748.1 340500000 341000000 61.0
OX637748.1 341000000 341500000 61.0
OX637748.1 341500000 342000000 61.0
OX637748.1 342000000 342500000 61.0
OX637748.1 342500000 343000000 61.0
OX637748.1 343000000 343500000 61.0
OX637748.1 343500000 344000000 61.0
OX637748.1 344000000 344500000 61.0
OX637748.1 344500000 345000000 61.0
OX637748.1 345000000 345500000 61.0
OX637748.1 345500000 346000000 61.0
OX637748.1 346000000 346500000 61.0
OX637748.1 346500000 347000000 61.0
OX637748.1 347000000 347500000 61.0
OX637748.1 347500000 348000000 61.0
OX637748.1 348000000 348500000 61.0
OX637748.1 348500000 349000000 61.0
OX637748.1 349000000 349500000 61.0
OX637748.1 349500000 350000000 61.0
OX637748.1 350000000 350500000 61.0
OX637748.1 350500000 351000000 61.0
OX637748.1 351000000 351500000 61.0
OX637748.1 351500000 352000000 61.0
OX637748.1 352000000 352500000 61.0
OX637748.1 352500000 353000000 61.0
OX637748.1 353000000 353500000 61.0
OX637748.1 353500000 354000000 61.0
OX637748.1 354000000 354500000 61.0
OX637748.1 354500000 355000000 61.0
OX637748.1 355000000 355500000 61.0
OX637748.1 355500000 356000000 61.0
OX637748.1 356000000 356500000 61.0
OX637748.1 356500000 357000000 61.0
OX637748.1 357000000 357500000 61.0
OX637748.1 357500000 358000000 61.0
OX637748.1 358000000 358500000 61.0
OX637748.1 358500000 359000000 61.0
OX637748.1 359000000 359500000 61.0
OX637748.1 359500000 360000000 61.0
OX637748.1 360000000 360500000 61.0
OX637748.1 360500000 361000000 61.0
OX637748.1 361000000 361500000 61.0
OX637748.1 361500000 362000000 61.0
OX637748.1 362000000 362500000 61.0
OX637748.1 362500000 363000000 61.0
OX637748.1 363000000 363500000 61.0
OX637748.1 363500000 364000000 61.0
OX637748.1 364000000 364500000 61.0
OX637748.1 364500000 365000000 61.0
OX637748.1 365000000 365500000 61.0
OX637748.1 365500000 366000000 61.0
OX637748.1 366000000 366500000 61.0
OX637748.1 366500000 367000000 61.0
OX637748.1 367000000 367500000 61.0
OX637748.1 367500000 368000000 61.0
OX637748.1 368000000 368500000 61.0
OX637748.1 368500000 369000000 61.0
OX637748.1 369000000 369500000 61.0
OX637748.1 369500000 370000000 61.0
OX637748.1 370000000 370500000 61.0
OX637748.1 370500000 371000000 61.0
OX637748.1 371000000 371500000 61.0
OX637748.1 371500000 372000000 61.0
OX637748.1 372000000 372500000 61.0
OX637748.1 372500000 373000000 61.0
OX637748.1 373000000 373500000 61.0
OX637748.1 373500000 374000000 61.0
OX637748.1 374000000 374500000 61.0
OX637748.1 374500000 375000000 61.0
OX637748.1 375000000 375500000 61.0
OX637748.1 375500000 376000000 61.0
OX637748.1 376000000 376500000 61.0
OX637748.1 376500000 377000000 61.0
OX637748.1 377000000 377500000 61.0
OX637748.1 377500000 378000000 61.0
OX637748.1 378000000 378500000 61.0
OX637748.1 378500000 379000000 61.0
OX637748.1 379000000 379500000 61.0
OX637748.1 379500000 380000000 61.0
OX637748.1 380000000 380500000 61.0
OX637748.1 380500000 381000000 61.0
OX637748.1 381000000 381500000 61.0
OX637748.1 381500000 382000000 61.0
OX637748.1 382000000 382500000 61.0
OX637748.1 382500000 383000000 61.0
OX637748.1 383000000 383500000 61.0
OX637748.1 383500000 384000000 61.0
OX637748.1 384000000 384500000 61.0
OX637748.1 384500000 385000000 61.0
OX637748.1 385000000 385500000 61.0
OX637748.1 385500000 386000000 61.0
OX637748.1 386000000 386500000 61.0
OX637748.1 386500000 387000000 61.0
OX637748.1 387000000 387500000 61.0
OX637748.1 387500000 388000000 61.0
OX637748.1 388000000 388500000 61.0
OX637748.1 388500000 389000000 61.0
OX637748.1 389000000 389500000 61.0
OX637748.1 389500000 390000000 61.0
OX637748.1 390000000 390500000 61.0
OX637748.1 390500000 391000000 61.0
OX637748.1 391000000 391500000 61.0
OX637748.1 391500000 392000000 61.0
OX637748.1 392000000 392500000 61.0
OX637748.1 392500000 393000000 61.0
OX637748.1 393000000 393500000 61.0
OX637748.1 393500000 394000000 61.0
OX637748.1 394000000 394500000 61.0
OX637748.1 394500000 395000000 61.0
OX637748.1 395000000 395500000 61.0
OX637748.1 395500000 396000000 61.0
OX637748.1 396000000 396500000 61.0
OX637748.1 396500000 397000000 61.0
OX637748.1 397000000 397500000 61.0
OX637748.1 397500000 398000000 61.0
OX637748.1 398000000 398500000 61.0
OX637748.1 398500000 399000000 61.0
OX637748.1 399000000 399500000 61.0
OX637748.1 399500000 400000000 61.0
OX637748.1 400000000 400500000 61.0
OX637748.1 400500000 401000000 61.0
OX637748.1 401000000 401500000 61.0
OX637748.1 401500000 402000000 61.0
OX637748.1 402000000 402500000 61.0
OX637748.1 402500000 403000000 61.0
OX637748.1 403000000 403500000 61.0
OX637748.1 403500000 404000000 61.0
OX637748.1 404000000 404500000 61.0
OX637748.1 404500000 405000000 61.0
OX637748.1 405000000 405500000 61.0
OX637748.1 405500000 406000000 61.0
OX637748.1 406000000 406500000 61.0
OX637748.1 406500000 407000000 61.0
OX637748.1 407000000 407500000 61.0
OX637748.1 407500000 408000000 61.0
OX637748.1 408000000 408500000 61.0
OX637748.1 408500000 409000000 61.0
OX637748.1 409000000 409500000 61.0
OX637748.1 409500000 410000000 61.0
OX637748.1 410000000 410500000 61.0
OX637748.1 410500000 411000000 61.0
OX637748.1 411000000 411500000 61.0
OX637748.1 411500000 412000000 61.0
OX637748.1 412000000 412500000 61.0
OX637748.1 412500000 413000000 61.0
OX637748.1 413000000 413500000 61.0
OX637748.1 413500000 414000000 61.0
OX637748.1 414000000 414500000 61.0
OX637748.1 414500000 415000000 61.0
OX637748.1 415000000 415500000 61.0
OX637748.1 415500000 416000000 61.0
OX637748.1 416000000 416500000 61.0
OX637748.1 416500000 417000000 61.0
OX637748.1 417000000 417500000 61.0
OX637748.1 417500000 418000000 61.0
OX637748.1 418000000 418500000 61.0
OX637748.1 418500000 419000000 61.0
OX637748.1 419000000 419500000 61.0
OX637748.1 419500000 420000000 61.0
OX637748.1 420000000 420500000 61.0
OX637748.1 420500000 421000000 61.0
OX637748.1 421000000 421500000 61.0
OX637748.1 421500000 422000000 61.0
OX637748.1 422000000 422500000 61.0
OX637748.1 422500000 423000000 61.0
OX637748.1 423000000 423500000 61.0
OX637748.1 423500000 424000000 61.0
OX637748.1 424000000 424500000 61.0
OX637748.1 424500000 425000000 61.0
OX637748.1 425000000 425500000 61.0
OX637748.1 425500000 426000000 61.0
OX637748.1 426000000 426500000 61.0
OX637748.1 426500000 427000000 61.0
OX637748.1 427000000 427500000 61.0
OX637748.1 427500000 428000000 61.0
OX637748.1 428000000 428500000 61.0
OX637748.1 428500000 429000000 61.0
OX637748.1 429000000 429500000 61.0
OX637748.1 429500000 430000000 61.0
OX637748.1 430000000 430500000 61.0
OX637748.1 430500000 431000000 61.0
OX637748.1 431000000 431500000 61.0
OX637748.1 431500000 432000000 61.0
OX637748.1 432000000 432500000 61.0
OX637748.1 432500000 433000000 61.0
OX637748.1 433000000 433500000 61.0
OX637748.1 433500000 434000000 61.0
OX637748.1 434000000 434500000 61.0
OX637748.1 434500000 435000000 61.0
OX637748.1 435000000 435500000 61.0
OX637748.1 435500000 436000000 61.0
OX637748.1 436000000 436500000 61.0
OX637748.1 436500000 437000000 61.0
OX637748.1 437000000 437500000 61.0
OX637748.1 437500000 438000000 61.0
OX637748.1 438000000 438500000 61.0
OX637748.1 438500000 439000000 61.0
OX637748.1 439000000 439500000 61.0
OX637748.1 439500000 440000000 61.0
OX637748.1 440000000 440500000 61.0
OX637748.1 440500000 441000000 61.0
OX637748.1 441000000 441500000 61.0
OX637748.1 441500000 442000000 61.0
OX637748.1 442000000 442500000 61.0
OX637748.1 442500000 443000000 61.0
OX637748.1 443000000 443500000 61.0
OX637748.1 443500000 444000000 61.0
OX637748.1 444000000 444500000 61.0
OX637748.1 444500000 445000000 61.0
OX637748.1 445000000 445500000 61.0
OX637748.1 445500000 446000000 61.0
OX637748.1 446000000 446500000 61.0
OX637748.1 446500000 447000000 61.0
OX637748.1 447000000 447500000 61.0
OX637748.1 447500000 448000000 61.0
OX637748.1 448000000 448500000 61.0
OX637748.1 448500000 449000000 61.0
OX637748.1 449000000 449500000 61.0
OX637748.1 449500000 450000000 61.0
OX637748.1 450000000 450500000 61.0
OX637748.1 450500000 451000000 61.0
OX637748.1 451000000 451500000 61.0
OX637748.1 451500000 452000000 61.0
OX637748.1 452000000 452500000 61.0
OX637748.1 452500000 453000000 61.0
OX637748.1 453000000 453500000 61.0
OX637748.1 453500000 454000000 61.0
OX637748.1 454000000 454500000 61.0
OX637748.1 454500000 455000000 60.54647
OX637748.1 455000000 455500000 60.0
OX637748.1 455500000 456000000 60.0
OX637748.1 456000000 456500000 60.0
OX637748.1 456500000 457000000 60.0
OX637748.1 457000000 457500000 60.0
OX637748.1 457500000 458000000 60.0
OX637748.1 458000000 458500000 60.0
OX637748.1 458500000 459000000 60.0
OX637748.1 459000000 459500000 60.0
OX637748.1 459500000 460000000 60.0
OX637748.1 460000000 460500000 60.0
OX637748.1 460500000 461000000 60.0
OX637748.1 461000000 461500000 60.0
OX637748.1 461500000 462000000 60.0
OX637748.1 462000000 462500000 60.0
OX637748.1 462500000 463000000 60.0
OX637748.1 463000000 463500000 60.0
OX637748.1 463500000 464000000 60.0
OX637748.1 464000000 464500000 60.0
OX637748.1 464500000 465000000 60.0
OX637748.1 465000000 465500000 60.0
OX637748.1 465500000 466000000 60.0
OX637748.1 466000000 466500000 60.0
OX637748.1 466500000 467000000 60.0
OX637748.1 467000000 467500000 60.0
OX637748.1 467500000 468000000 60.0
OX637748.1 468000000 468500000 60.0
OX637748.1 468500000 469000000 60.0
OX637748.1 469000000 469500000 60.0
OX637748.1 469500000 470000000 60.0
OX637748.1 470000000 470500000 60.0
OX637748.1 470500000 471000000 60.0
OX637748.1 471000000 471500000 60.0
OX637748.1 471500000 472000000 60.0
OX637748.1 472000000 472500000 60.0
OX637748.1 472500000 473000000 60.0
OX637748.1 473000000 473500000 60.0
OX637748.1 473500000 474000000 60.0
OX637748.1 474000000 474500000 60.0
OX637748.1 474500000 475000000 60.0
OX637748.1 475000000 475500000 60.0
OX637748.1 475500000 476000000 60.0
OX637748.1 476000000 476500000 60.0
OX637748.1 476500000 477000000 60.0
OX637748.1 477000000 477500000 60.0
OX637748.1 477500000 478000000 60.0
OX637748.1 478000000 478500000 60.0
OX637748.1 478500000 479000000 60.0
OX637748.1 479000000 479500000 60.0
OX637748.1 479500000 480000000 60.0
OX637748.1 480000000 480500000 60.0
OX637748.1 480500000 481000000 60.0
OX637748.1 481000000 481500000 60.0
OX637748.1 481500000 482000000 60.0
OX637748.1 482000000 482500000 60.0
OX637748.1 482500000 483000000 60.0
OX637748.1 483000000 483500000 60.0
OX637748.1 483500000 484000000 60.0
OX637748.1 484000000 484500000 60.0
OX637748.1 484500000 485000000 60.0
OX637748.1 485000000 485500000 60.0
OX637748.1 485500000 486000000 60.0
OX637748.1 486000000 486500000 60.0
OX637748.1 486500000 487000000 60.0
OX637748.1 487000000 487500000 60.0
OX637748.1 487500000 488000000 60.0
OX637748.1 488000000 488500000 60.0
OX637748.1 488500000 489000000 60.0
OX637748.1 489000000 489500000 60.0
OX637748.1 489500000 490000000 60.0
OX637748.1 490000000 490500000 60.0
OX637748.1 490500000 491000000 60.0
OX637748.1 491000000 491500000 60.0
OX637748.1 491500000 492000000 60.0
OX637748.1 492000000 492500000 60.0
OX637748.1 492500000 493000000 60.0
OX637748.1 493000000 493500000 60.0
OX637748.1 493500000 494000000 60.0
OX637748.1 494000000 494500000 60.0
OX637748.1 494500000 495000000 60.0
OX637748.1 495000000 495500000 60.0
OX637748.1 495500000 496000000 60.0
OX637748.1 496000000 496500000 60.0
OX637748.1 496500000 497000000 60.0
OX637748.1 497000000 497500000 60.0
OX637748.1 497500000 498000000 60.0
OX637748.1 498000000 498500000 60.0
OX637748.1 498500000 499000000 60.0
OX637748.1 499000000 499500000 60.0
OX637748.1 499500000 500000000 60.0
OX637748.1 500000000 500500000 60.0
OX637748.1 500500000 501000000 60.0
OX637748.1 501000000 501500000 60.0
OX637748.1 501500000 502000000 60.0
OX637748.1 502000000 502500000 60.0
OX637748.1 502500000 503000000 60.0
OX637748.1 503000000 503500000 60.0
OX637748.1 503500000 504000000 60.0
OX637748.1 504000000 504500000 60.0
OX637748.1 504500000 505000000 60.0
OX637748.1 505000000 505500000 60.0
OX637748.1 505500000 506000000 60.0
OX637748.1 506000000 506500000 60.0
OX637748.1 506500000 507000000 60.0
OX637748.1 507000000 507500000 60.0
OX637748.1 507500000 508000000 60.0
OX637748.1 508000000 508500000 60.0
OX637748.1 508500000 509000000 60.0
OX637748.1 509000000 509500000 60.0
OX637748.1 509500000 510000000 60.0
OX637748.1 510000000 510500000 60.0
OX637748.1 510500000 511000000 60.0
OX637748.1 511000000 511500000 60.0
OX637748.1 511500000 512000000 60.0
OX637748.1 512000000 512500000 60.0
OX637748.1 512500000 513000000 60.0
OX637748.1 513000000 513500000 60.0
OX637748.1 513500000 514000000 60.0
OX637748.1 514000000 514500000 60.0
OX637748.1 514500000 515000000 60.0
OX637748.1 515000000 515500000 60.0
OX637748.1 515500000 516000000 60.0
OX637748.1 516000000 516500000 60.0
OX637748.1 516500000 517000000 60.0
OX637748.1 517000000 517500000 60.0
OX637748.1 517500000 518000000 60.0
OX637748.1 518000000 518500000 60.0
OX637748.1 518500000 519000000 60.0
OX637748.1 519000000 519500000 60.0
OX637748.1 519500000 520000000 60.0
OX637748.1 520000000 520500000 60.0
OX637748.1 520500000 521000000 60.0
OX637748.1 521000000 521500000 60.0
OX637748.1 521500000 522000000 60.0
OX637748.1 522000000 522500000 60.0
OX637748.1 522500000 523000000 60.0
OX637748.1 523000000 523500000 60.0
OX637748.1 523500000 524000000 60.0
OX637748.1 524000000 524500000 60.0
OX637748.1 524500000 525000000 60.0
OX637748.1 525000000 525500000 60.0
OX637748.1 525500000 526000000 60.0
OX637748.1 526000000 526500000 60.0
OX637748.1 526500000 527000000 60.0
OX637748.1 527000000 527500000 60.0
OX637748.1 527500000 528000000 60.0
OX637748.1 528000000 528500000 60.0
OX637748.1 528500000 529000000 60.0
OX637748.1 529000000 529500000 60.0
OX637748.1 529500000 530000000 60.0
OX637748.1 530000000 530500000 60.0
OX637748.1 530500000 531000000 60.0
OX637748.1 531000000 531500000 60.0
OX637748.1 531500000 532000000 60.0
OX637748.1 532000000 532500000 60.0
OX637748.1 532500000 533000000 60.0
OX637748.1 533000000 533500000 60.0
OX637748.1 533500000 534000000 60.0
OX637748.1 534000000 534500000 60.0
OX637748.1 534500000 535000000 60.0
OX637748.1 535000000 535500000 60.0
OX637748.1 535500000 536000000 60.0
OX637748.1 536000000 536500000 60.0
OX637748.1 536500000 537000000 60.0
OX637748.1 537000000 537500000 60.0
OX637748.1 537500000 538000000 60.0
OX637748.1 538000000 538500000 60.0
OX637748.1 538500000 539000000 59.44026
OX637748.1 539000000 539500000 59.0
OX637748.1 539500000 540000000 59.0
OX637748.1 540000000 540500000 59.0
OX637748.1 540500000 541000000 59.0
OX637748.1 541000000 541500000 59.0
OX637748.1 541500000 542000000 59.0
OX637748.1 542000000 542500000 59.0
OX637748.1 542500000 543000000 59.0
OX637748.1 543000000 543500000 59.0
OX637748.1 543500000 544000000 58.7963
OX637748.1 544000000 544500000 58.0
OX637748.1 544500000 545000000 58.0
OX637748.1 545000000 545500000 58.0
OX637748.1 545500000 546000000 58.0
OX637748.1 546000000 546500000 58.0
OX637748.1 546500000 547000000 58.0
OX637748.1 547000000 547500000 57.93446
OX637748.1 547500000 548000000 57.0
OX637748.1 548000000 548500000 57.0
OX637748.1 548500000 549000000 57.0
OX637748.1 549000000 549500000 57.0
OX637748.1 549500000 550000000 57.0
OX637748.1 550000000 550500000 57.0
OX637748.1 550500000 551000000 57.0
OX637748.1 551000000 551500000 57.0
OX637748.1 551500000 552000000 57.0
OX637748.1 552000000 552500000 57.0
OX637748.1 552500000 553000000 57.0
OX637748.1 553000000 553500000 56.33781
OX637748.1 553500000 554000000 56.0
OX637748.1 554000000 554500000 56.0
OX637748.1 554500000 555000000 56.0
OX637748.1 555000000 555500000 56.0
OX637748.1 555500000 556000000 56.0
OX637748.1 556000000 556500000 56.0
OX637748.1 556500000 557000000 56.0
OX637748.1 557000000 557500000 56.0
OX637748.1 557500000 558000000 56.0
OX637748.1 558000000 558500000 56.0
OX637748.1 558500000 559000000 56.0
OX637748.1 559000000 559500000 56.0
OX637748.1 559500000 560000000 56.0
OX637748.1 560000000 560500000 56.0
OX637748.1 560500000 561000000 56.0
OX637748.1 561000000 561500000 56.0
OX637748.1 561500000 562000000 56.0
OX637748.1 562000000 562500000 56.0
OX637748.1 562500000 563000000 56.0
OX637748.1 563000000 563500000 56.0
OX637748.1 563500000 564000000 56.0
OX637748.1 564000000 564500000 56.0
OX637748.1 564500000 565000000 56.0
OX637748.1 565000000 565500000 56.0
OX637748.1 565500000 566000000 56.0
OX637748.1 566000000 566500000 56.0
OX637748.1 566500000 567000000 56.0
OX637748.1 567000000 567500000 56.0
OX637748.1 567500000 568000000 56.0
OX637748.1 568000000 568500000 56.0
OX637748.1 568500000 569000000 56.0
OX637748.1 569000000 569500000 56.0
OX637748.1 569500000 570000000 56.0
OX637748.1 570000000 570500000 56.0
OX637748.1 570500000 571000000 56.0
OX637748.1 571000000 571500000 55.49459
OX637748.1 571500000 572000000 55.0
OX637748.1 572000000 572500000 55.0
OX637748.1 572500000 573000000 55.0
OX637748.1 573000000 573500000 55.0
OX637748.1 573500000 574000000 55.0
OX637748.1 574000000 574500000 55.0
OX637748.1 574500000 575000000 55.0
OX637748.1 575000000 575500000 55.0
OX637748.1 575500000 576000000 55.0
OX637748.1 576000000 576500000 55.0
OX637748.1 576500000 577000000 55.0
OX637748.1 577000000 577500000 55.0
OX637748.1 577500000 578000000 55.0
OX637748.1 578000000 578500000 54.10661
OX637748.1 578500000 579000000 54.0
OX637748.1 579000000 579500000 54.0
OX637748.1 579500000 580000000 54.0
OX637748.1 580000000 580500000 54.0
OX637748.1 580500000 581000000 54.0
OX637748.1 581000000 581500000 54.0
OX637748.1 581500000 582000000 54.0
OX637748.1 582000000 582500000 54.0
OX637748.1 582500000 583000000 54.0
OX637748.1 583000000 583500000 54.0
OX637748.1 583500000 584000000 54.0
OX637748.1 584000000 584500000 54.0
OX637748.1 584500000 585000000 54.0
OX637748.1 585000000 585500000 54.0
OX637748.1 585500000 586000000 54.0
OX637748.1 586000000 586500000 54.0
OX637748.1 586500000 587000000 53.19125
OX637748.1 587000000 587500000 53.0
OX637748.1 587500000 588000000 53.0
OX637748.1 588000000 588500000 53.0
OX637748.1 588500000 589000000 52.8552
OX637748.1 589000000 589500000 52.0
OX637748.1 589500000 590000000 52.0
OX637748.1 590000000 590500000 52.0
OX637748.1 590500000 591000000 52.0
OX637748.1 591000000 591500000 52.0
OX637748.1 591500000 592000000 52.0
OX637748.1 592000000 592500000 52.0
OX637748.1 592500000 593000000 52.0
OX637748.1 593000000 593500000 52.0
OX637748.1 593500000 594000000 52.0
OX637748.1 594000000 594500000 52.0
OX637748.1 594500000 595000000 52.0
OX637748.1 595000000 595500000 52.0
OX637748.1 595500000 596000000 52.0
OX637748.1 596000000 596500000 52.0
OX637748.1 596500000 597000000 52.0
OX637748.1 597000000 597500000 52.0
OX637748.1 597500000 598000000 52.0
OX637748.1 598000000 598500000 52.0
OX637748.1 598500000 599000000 51.56173
OX637748.1 599000000 599500000 51.0
OX637748.1 599500000 600000000 51.0
OX637748.1 600000000 600500000 51.0
OX637748.1 600500000 601000000 51.0
OX637748.1 601000000 601500000 51.0
OX637748.1 601500000 602000000 49.94894
OX637748.1 602000000 602500000 49.0
OX637748.1 602500000 603000000 49.0
OX637748.1 603000000 603500000 48.68401
OX637748.1 603500000 604000000 48.0
OX637748.1 604000000 604500000 47.44706
OX637748.1 604500000 605000000 46.70731
OX637748.1 605000000 605500000 46.0
OX637748.1 605500000 606000000 46.0
OX637748.1 606000000 606500000 46.0
OX637748.1 606500000 607000000 46.0
OX637748.1 607000000 607500000 46.0
OX637748.1 607500000 608000000 46.0
OX637748.1 608000000 608500000 46.0
OX637748.1 608500000 609000000 46.0
OX637748.1 609000000 609500000 46.0
OX637748.1 609500000 610000000 45.79795
OX637748.1 610000000 610500000 45.0
OX637748.1 610500000 611000000 45.0
OX637748.1 611000000 611500000 45.0
OX637748.1 611500000 612000000 45.0
OX637748.1 612000000 612500000 45.0
OX637748.1 612500000 613000000 45.0
OX637748.1 613000000 613500000 44.60562
OX637748.1 613500000 614000000 42.03597
OX637748.1 614000000 614500000 40.74753
OX637748.1 614500000 615000000 40.0
OX637748.1 615000000 615500000 40.0
OX637748.1 615500000 616000000 40.0
OX637748.1 616000000 616500000 39.8634
OX637748.1 616500000 617000000 39.0
OX637748.1 617000000 617500000 39.0
OX637748.1 617500000 618000000 39.0
OX637748.1 618000000 618500000 38.36058
OX637748.1 618500000 619000000 37.96944
OX637748.1 619000000 619500000 35.76597
OX637748.1 619500000 620000000 34.21365
OX637748.1 620000000 620500000 34.0
OX637748.1 620500000 621000000 33.48757
OX637748.1 621000000 621500000 33.0
OX637748.1 621500000 622000000 33.0
OX637748.1 622000000 622500000 33.0
OX637748.1 622500000 623000000 33.0
OX637748.1 623000000 623500000 32.56506
OX637748.1 623500000 624000000 30.34788
OX637748.1 624000000 624500000 29.1237
OX637748.1 624500000 625000000 29.0
OX637748.1 625000000 625500000 27.31794
OX637748.1 625500000 626000000 24.71095
OX637748.1 626000000 626500000 24.0
OX637748.1 626500000 627000000 23.66592
OX637748.1 627000000 627500000 22.55487
OX637748.1 627500000 628000000 22.0
OX637748.1 628000000 628500000 22.0
OX637748.1 628500000 629000000 20.75237
OX637748.1 629000000 629500000 20.0
OX637748.1 629500000 630000000 17.21038
OX637748.1 630000000 630500000 14.37148
OX637748.1 630500000 631000000 12.67431
OX637748.1 631000000 631500000 11.62679
OX637748.1 631500000 632000000 8.02647
OX637748.1 632000000 632500000 5.34705
OX637748.1 632500000 633000000 5.0
OX637748.1 633000000 633500000 5.0
OX637748.1 633500000 634000000 5.0
OX637748.1 634000000 634500000 5.0
OX637748.1 634500000 635000000 4.70384
OX637748.1 635000000 635500000 1.10146
OX637748.1 635500000 635500123 0.0
OX637755.1 0 500000 1.0
OX637755.1 500000 1000000 2.76936
OX637755.1 1000000 1500000 4.66823
OX637755.1 1500000 2000000 12.60917
OX637755.1 2000000 2500000 18.0
OX637755.1 2500000 3000000 19.07241
OX637755.1 3000000 3500000 22.99588
OX637755.1 3500000 4000000 25.0
OX637755.1 4000000 4500000 26.24163
OX637755.1 4500000 5000000 27.83947
OX637755.1 5000000 5500000 29.0
OX637755.1 5500000 6000000 29.0
OX637755.1 6000000 6500000 29.21764
OX637755.1 6500000 7000000 30.74019
OX637755.1 7000000 7500000 33.86519
OX637755.1 7500000 8000000 34.0
OX637755.1 8000000 8500000 34.39868
OX637755.1 8500000 9000000 35.97114
OX637755.1 9000000 9500000 37.60454
OX637755.1 9500000 10000000 38.0
OX637755.1 10000000 10500000 38.0
OX637755.1 10500000 11000000 38.24749
OX637755.1 11000000 11500000 40.14302
OX637755.1 11500000 12000000 41.0
OX637755.1 12000000 12500000 41.63741
OX637755.1 12500000 13000000 43.95269
OX637755.1 13000000 13500000 44.0
OX637755.1 13500000 14000000 44.0
OX637755.1 14000000 14500000 46.67613
OX637755.1 14500000 15000000 50.4278
OX637755.1 15000000 15500000 51.0
OX637755.1 15500000 16000000 51.07523
OX637755.1 16000000 16500000 52.0
OX637755.1 16500000 17000000 52.36436
OX637755.1 17000000 17500000 53.41758
OX637755.1 17500000 18000000 54.65228
OX637755.1 18000000 18500000 55.0
OX637755.1 18500000 19000000 55.12792
OX637755.1 19000000 19500000 56.0
OX637755.1 19500000 20000000 56.89231
OX637755.1 20000000 20500000 58.0
OX637755.1 20500000 21000000 58.7328
OX637755.1 21000000 21500000 59.0
OX637755.1 21500000 22000000 59.60787
OX637755.1 22000000 22500000 62.47978
OX637755.1 22500000 23000000 63.0
OX637755.1 23000000 23500000 63.0
OX637755.1 23500000 24000000 63.0
OX637755.1 24000000 24500000 63.42082
OX637755.1 24500000 25000000 64.0
OX637755.1 25000000 25500000 64.0
OX637755.1 25500000 26000000 64.0
OX637755.1 26000000 26500000 64.0
OX637755.1 26500000 27000000 64.0
OX637755.1 27000000 27500000 64.0
OX637755.1 27500000 28000000 64.1246
OX637755.1 28000000 28500000 65.0
OX637755.1 28500000 29000000 65.0
OX637755.1 29000000 29500000 65.0
OX637755.1 29500000 30000000 65.0
OX637755.1 30000000 30500000 65.0
OX637755.1 30500000 31000000 65.0
OX637755.1 31000000 31500000 65.15353
OX637755.1 31500000 32000000 66.0
OX637755.1 32000000 32500000 66.0
OX637755.1 32500000 33000000 66.0
OX637755.1 33000000 33500000 66.87652
OX637755.1 33500000 34000000 67.0
OX637755.1 34000000 34500000 67.0
OX637755.1 34500000 35000000 67.75948
OX637755.1 35000000 35500000 68.0
OX637755.1 35500000 36000000 68.0
OX637755.1 36000000 36500000 68.0
OX637755.1 36500000 37000000 68.0
OX637755.1 37000000 37500000 68.0
OX637755.1 37500000 38000000 68.03859
OX637755.1 38000000 38500000 69.0
OX637755.1 38500000 39000000 69.0
OX637755.1 39000000 39500000 69.51361
OX637755.1 39500000 40000000 70.0
OX637755.1 40000000 40500000 70.0
OX637755.1 40500000 41000000 70.64359
OX637755.1 41000000 41500000 71.01283
OX637755.1 41500000 42000000 72.99519
OX637755.1 42000000 42500000 73.0
OX637755.1 42500000 43000000 73.0
OX637755.1 43000000 43500000 73.06387
OX637755.1 43500000 44000000 74.0
OX637755.1 44000000 44500000 74.0
OX637755.1 44500000 45000000 74.0
OX637755.1 45000000 45500000 74.0
OX637755.1 45500000 46000000 74.0
OX637755.1 46000000 46500000 74.0
OX637755.1 46500000 47000000 74.0
OX637755.1 47000000 47500000 74.06217
OX637755.1 47500000 48000000 75.0
OX637755.1 48000000 48500000 75.0
OX637755.1 48500000 49000000 75.0
OX637755.1 49000000 49500000 75.0
OX637755.1 49500000 50000000 75.0
OX637755.1 50000000 50500000 75.0
OX637755.1 50500000 51000000 75.60921
OX637755.1 51000000 51500000 76.0
OX637755.1 51500000 52000000 76.0
OX637755.1 52000000 52500000 77.4674
OX637755.1 52500000 53000000 78.28351
OX637755.1 53000000 53500000 79.0
OX637755.1 53500000 54000000 79.0
OX637755.1 54000000 54500000 79.0
OX637755.1 54500000 55000000 79.0
OX637755.1 55000000 55500000 80.84889
OX637755.1 55500000 56000000 81.0
OX637755.1 56000000 56500000 81.0
OX637755.1 56500000 57000000 81.0
OX637755.1 57000000 57500000 81.0
OX637755.1 57500000 58000000 81.0
OX637755.1 58000000 58500000 81.0
OX637755.1 58500000 59000000 81.0
OX637755.1 59000000 59500000 81.0
OX637755.1 59500000 60000000 81.0
OX637755.1 60000000 60500000 81.29574
OX637755.1 60500000 61000000 84.00014
OX637755.1 61000000 61500000 85.0
OX637755.1 61500000 62000000 85.0
OX637755.1 62000000 62500000 85.0
OX637755.1 62500000 63000000 85.0
OX637755.1 63000000 63500000 85.0
OX637755.1 63500000 64000000 85.0
OX637755.1 64000000 64500000 85.0
OX637755.1 64500000 65000000 85.0
OX637755.1 65000000 65500000 85.0
OX637755.1 65500000 66000000 85.0
OX637755.1 66000000 66500000 85.0
OX637755.1 66500000 67000000 85.0
OX637755.1 67000000 67500000 85.0
OX637755.1 67500000 68000000 85.0
OX637755.1 68000000 68500000 85.0
OX637755.1 68500000 69000000 85.0
OX637755.1 69000000 69500000 85.0
OX637755.1 69500000 70000000 85.0
OX637755.1 70000000 70500000 85.0
OX637755.1 70500000 71000000 85.9846
OX637755.1 71000000 71500000 86.0
OX637755.1 71500000 72000000 86.0
OX637755.1 72000000 72500000 86.0
OX637755.1 72500000 73000000 86.0
OX637755.1 73000000 73500000 86.0
OX637755.1 73500000 74000000 86.0
OX637755.1 74000000 74500000 86.0
OX637755.1 74500000 75000000 86.0
OX637755.1 75000000 75500000 86.0
OX637755.1 75500000 76000000 86.0
OX637755.1 76000000 76500000 86.0
OX637755.1 76500000 77000000 86.0
OX637755.1 77000000 77500000 86.0
OX637755.1 77500000 78000000 86.0
OX637755.1 78000000 78500000 86.0
OX637755.1 78500000 79000000 86.0
OX637755.1 79000000 79500000 86.0
OX637755.1 79500000 80000000 86.0
OX637755.1 80000000 80500000 86.0
OX637755.1 80500000 81000000 86.0
OX637755.1 81000000 81500000 86.0
OX637755.1 81500000 82000000 86.0
OX637755.1 82000000 82500000 86.0
OX637755.1 82500000 83000000 86.0
OX637755.1 83000000 83500000 86.0
OX637755.1 83500000 84000000 86.0
OX637755.1 84000000 84500000 86.0
OX637755.1 84500000 85000000 86.0
OX637755.1 85000000 85500000 86.8375
OX637755.1 85500000 86000000 87.0
OX637755.1 86000000 86500000 87.0
OX637755.1 86500000 87000000 87.0
OX637755.1 87000000 87500000 87.0
OX637755.1 87500000 88000000 87.0
OX637755.1 88000000 88500000 87.0
OX637755.1 88500000 89000000 87.0
OX637755.1 89000000 89500000 87.0
OX637755.1 89500000 90000000 87.0
OX637755.1 90000000 90500000 87.0
OX637755.1 90500000 91000000 87.0
OX637755.1 91000000 91500000 87.19371
OX637755.1 91500000 92000000 88.08019
OX637755.1 92000000 92500000 89.0
OX637755.1 92500000 93000000 89.0
OX637755.1 93000000 93500000 89.0
OX637755.1 93500000 94000000 89.0
OX637755.1 94000000 94500000 89.0
OX637755.1 94500000 95000000 89.0
OX637755.1 95000000 95500000 89.0
OX637755.1 95500000 96000000 89.0
OX637755.1 96000000 96500000 89.0
OX637755.1 96500000 97000000 89.0
OX637755.1 97000000 97500000 89.0
OX637755.1 97500000 98000000 89.0
OX637755.1 98000000 98500000 89.0
OX637755.1 98500000 99000000 89.0
OX637755.1 99000000 99500000 89.0
OX637755.1 99500000 100000000 89.0
OX637755.1 100000000 100500000 89.0
OX637755.1 100500000 101000000 89.0
OX637755.1 101000000 101500000 89.0
OX637755.1 101500000 102000000 89.0
OX637755.1 102000000 102500000 89.0
OX637755.1 102500000 103000000 89.0
OX637755.1 103000000 103500000 89.0
OX637755.1 103500000 104000000 89.0
OX637755.1 104000000 104500000 89.0
OX637755.1 104500000 105000000 89.0
OX637755.1 105000000 105500000 89.0
OX637755.1 105500000 106000000 89.0
OX637755.1 106000000 106500000 89.0
OX637755.1 106500000 107000000 89.0
OX637755.1 107000000 107500000 89.0
OX637755.1 107500000 108000000 89.0
OX637755.1 108000000 108500000 89.0
OX637755.1 108500000 109000000 89.0
OX637755.1 109000000 109500000 89.0
OX637755.1 109500000 110000000 89.0
OX637755.1 110000000 110500000 89.0
OX637755.1 110500000 111000000 89.0
OX637755.1 111000000 111500000 89.0
OX637755.1 111500000 112000000 89.0
OX637755.1 112000000 112500000 89.0
OX637755.1 112500000 113000000 89.0
OX637755.1 113000000 113500000 89.0
OX637755.1 113500000 114000000 89.0
OX637755.1 114000000 114500000 89.0
OX637755.1 114500000 115000000 89.0
OX637755.1 115000000 115500000 89.0
OX637755.1 115500000 116000000 89.0
OX637755.1 116000000 116500000 89.0
OX637755.1 116500000 117000000 89.0
OX637755.1 117000000 117500000 89.0
OX637755.1 117500000 118000000 89.0
OX637755.1 118000000 118500000 89.0
OX637755.1 118500000 119000000 89.0
OX637755.1 119000000 119500000 89.0
OX637755.1 119500000 120000000 89.0
OX637755.1 120000000 120500000 89.0
OX637755.1 120500000 121000000 89.0
OX637755.1 121000000 121500000 89.0
OX637755.1 121500000 122000000 89.0
OX637755.1 122000000 122500000 89.0
OX637755.1 122500000 123000000 89.0
OX637755.1 123000000 123500000 89.0
OX637755.1 123500000 124000000 89.0
OX637755.1 124000000 124500000 89.0
OX637755.1 124500000 125000000 89.0
OX637755.1 125000000 125500000 89.0
OX637755.1 125500000 126000000 89.0
OX637755.1 126000000 126500000 89.0
OX637755.1 126500000 127000000 89.0
OX637755.1 127000000 127500000 89.0
OX637755.1 127500000 128000000 89.0
OX637755.1 128000000 128500000 89.0
OX637755.1 128500000 129000000 89.0
OX637755.1 129000000 129500000 89.0
OX637755.1 129500000 130000000 89.0
OX637755.1 130000000 130500000 89.0
OX637755.1 130500000 131000000 89.0
OX637755.1 131000000 131500000 89.0
OX637755.1 131500000 132000000 89.0
OX637755.1 132000000 132500000 89.0
OX637755.1 132500000 133000000 89.0
OX637755.1 133000000 133500000 89.0
OX637755.1 133500000 134000000 89.0
OX637755.1 134000000 134500000 89.0
OX637755.1 134500000 135000000 89.0
OX637755.1 135000000 135500000 89.0
OX637755.1 135500000 136000000 89.0
OX637755.1 136000000 136500000 89.0
OX637755.1 136500000 137000000 89.0
OX637755.1 137000000 137500000 89.0
OX637755.1 137500000 138000000 89.0
OX637755.1 138000000 138500000 89.0
OX637755.1 138500000 139000000 89.0
OX637755.1 139000000 139500000 89.0
OX637755.1 139500000 140000000 89.0
OX637755.1 140000000 140500000 89.0
OX637755.1 140500000 141000000 89.0
OX637755.1 141000000 141500000 89.0
OX637755.1 141500000 142000000 89.0
OX637755.1 142000000 142500000 89.0
OX637755.1 142500000 143000000 89.0
OX637755.1 143000000 143500000 89.0
OX637755.1 143500000 144000000 89.0
OX637755.1 144000000 144500000 89.45107
OX637755.1 144500000 145000000 90.0
OX637755.1 145000000 145500000 90.0
OX637755.1 145500000 146000000 90.0
OX637755.1 146000000 146500000 90.0
OX637755.1 146500000 147000000 90.0
OX637755.1 147000000 147500000 90.0
OX637755.1 147500000 148000000 90.0
OX637755.1 148000000 148500000 90.0
OX637755.1 148500000 149000000 90.0
OX637755.1 149000000 149500000 90.0
OX637755.1 149500000 150000000 90.0
OX637755.1 150000000 150500000 90.0
OX637755.1 150500000 151000000 90.0
OX637755.1 151000000 151500000 90.0
OX637755.1 151500000 152000000 90.0
OX637755.1 152000000 152500000 90.0
OX637755.1 152500000 153000000 90.0
OX637755.1 153000000 153500000 90.0
OX637755.1 153500000 154000000 90.0
OX637755.1 154000000 154500000 90.0
OX637755.1 154500000 155000000 90.0
OX637755.1 155000000 155500000 90.0
OX637755.1 155500000 156000000 90.0
OX637755.1 156000000 156500000 90.0
OX637755.1 156500000 157000000 90.0
OX637755.1 157000000 157500000 90.0
OX637755.1 157500000 158000000 90.0
OX637755.1 158000000 158500000 90.0
OX637755.1 158500000 159000000 90.0
OX637755.1 159000000 159500000 90.0
OX637755.1 159500000 160000000 90.0
OX637755.1 160000000 160500000 90.0
OX637755.1 160500000 161000000 90.0
OX637755.1 161000000 161500000 90.0
OX637755.1 161500000 162000000 90.0
OX637755.1 162000000 162500000 90.0
OX637755.1 162500000 163000000 90.0
OX637755.1 163000000 163500000 90.0
OX637755.1 163500000 164000000 90.0
OX637755.1 164000000 164500000 90.0
OX637755.1 164500000 165000000 90.0
OX637755.1 165000000 165500000 90.0
OX637755.1 165500000 166000000 90.0
OX637755.1 166000000 166500000 90.0
OX637755.1 166500000 167000000 90.0
OX637755.1 167000000 167500000 90.0
OX637755.1 167500000 168000000 90.0
OX637755.1 168000000 168500000 90.0
OX637755.1 168500000 169000000 90.0
OX637755.1 169000000 169500000 90.0
OX637755.1 169500000 170000000 90.0
OX637755.1 170000000 170500000 90.0
OX637755.1 170500000 171000000 90.0
OX637755.1 171000000 171500000 90.0
OX637755.1 171500000 172000000 90.0
OX637755.1 172000000 172500000 90.0
OX637755.1 172500000 173000000 90.0
OX637755.1 173000000 173500000 90.0
OX637755.1 173500000 174000000 90.0
OX637755.1 174000000 174500000 90.0
OX637755.1 174500000 175000000 90.0
OX637755.1 175000000 175500000 90.0
OX637755.1 175500000 176000000 90.0
OX637755.1 176000000 176500000 90.0
OX637755.1 176500000 177000000 90.0
OX637755.1 177000000 177500000 90.0
OX637755.1 177500000 178000000 90.0
OX637755.1 178000000 178500000 90.0
OX637755.1 178500000 179000000 90.0
OX637755.1 179000000 179500000 90.0
OX637755.1 179500000 180000000 90.0
OX637755.1 180000000 180500000 90.0
OX637755.1 180500000 181000000 90.0
OX637755.1 181000000 181500000 90.0
OX637755.1 181500000 182000000 90.0
OX637755.1 182000000 182500000 90.0
OX637755.1 182500000 183000000 90.0
OX637755.1 183000000 183500000 90.0
OX637755.1 183500000 184000000 90.0
OX637755.1 184000000 184500000 90.0
OX637755.1 184500000 185000000 90.0
OX637755.1 185000000 185500000 90.0
OX637755.1 185500000 186000000 90.0
OX637755.1 186000000 186500000 90.0
OX637755.1 186500000 187000000 90.0
OX637755.1 187000000 187500000 90.0
OX637755.1 187500000 188000000 90.0
OX637755.1 188000000 188500000 90.0
OX637755.1 188500000 189000000 90.0
OX637755.1 189000000 189500000 90.0
OX637755.1 189500000 190000000 90.0
OX637755.1 190000000 190500000 90.0
OX637755.1 190500000 191000000 90.0
OX637755.1 191000000 191500000 90.0
OX637755.1 191500000 192000000 90.0
OX637755.1 192000000 192500000 90.0
OX637755.1 192500000 193000000 90.0
OX637755.1 193000000 193500000 90.0
OX637755.1 193500000 194000000 90.0
OX637755.1 194000000 194500000 90.0
OX637755.1 194500000 195000000 90.0
OX637755.1 195000000 195500000 90.0
OX637755.1 195500000 196000000 90.0
OX637755.1 196000000 196500000 90.0
OX637755.1 196500000 197000000 90.0
OX637755.1 197000000 197500000 90.0
OX637755.1 197500000 198000000 90.0
OX637755.1 198000000 198500000 90.0
OX637755.1 198500000 199000000 90.0
OX637755.1 199000000 199500000 90.0
OX637755.1 199500000 200000000 90.0
OX637755.1 200000000 200500000 90.0
OX637755.1 200500000 201000000 90.0
OX637755.1 201000000 201500000 90.0
OX637755.1 201500000 202000000 90.0
OX637755.1 202000000 202500000 90.0
OX637755.1 202500000 203000000 90.0
OX637755.1 203000000 203500000 90.0
OX637755.1 203500000 204000000 90.0
OX637755.1 204000000 204500000 90.0
OX637755.1 204500000 205000000 90.0
OX637755.1 205000000 205500000 90.0
OX637755.1 205500000 206000000 90.0
OX637755.1 206000000 206500000 90.0
OX637755.1 206500000 207000000 90.0
OX637755.1 207000000 207500000 90.0
OX637755.1 207500000 208000000 90.0
OX637755.1 208000000 208500000 90.0
OX637755.1 208500000 209000000 90.0
OX637755.1 209000000 209500000 90.0
OX637755.1 209500000 210000000 90.0
OX637755.1 210000000 210500000 90.0
OX637755.1 210500000 211000000 90.0
OX637755.1 211000000 211500000 90.0
OX637755.1 211500000 212000000 90.0
OX637755.1 212000000 212500000 90.0
OX637755.1 212500000 213000000 90.0
OX637755.1 213000000 213500000 90.0
OX637755.1 213500000 214000000 90.0
OX637755.1 214000000 214500000 90.0
OX637755.1 214500000 215000000 90.0
OX637755.1 215000000 215500000 90.0
OX637755.1 215500000 216000000 90.0
OX637755.1 216000000 216500000 90.0
OX637755.1 216500000 217000000 90.0
OX637755.1 217000000 217500000 90.0
OX637755.1 217500000 218000000 90.0
OX637755.1 218000000 218500000 90.0
OX637755.1 218500000 219000000 90.0
OX637755.1 219000000 219500000 90.0
OX637755.1 219500000 220000000 90.0
OX637755.1 220000000 220500000 90.0
OX637755.1 220500000 221000000 90.0
OX637755.1 221000000 221500000 90.0
OX637755.1 221500000 222000000 90.0
OX637755.1 222000000 222500000 90.0
OX637755.1 222500000 223000000 90.0
OX637755.1 223000000 223500000 90.0
OX637755.1 223500000 224000000 90.0
OX637755.1 224000000 224500000 90.0
OX637755.1 224500000 225000000 90.0
OX637755.1 225000000 225500000 90.0
OX637755.1 225500000 226000000 90.61981
OX637755.1 226000000 226500000 91.0
OX637755.1 226500000 227000000 91.0
OX637755.1 227000000 227500000 91.0
OX637755.1 227500000 228000000 91.0
OX637755.1 228000000 228500000 91.0
OX637755.1 228500000 229000000 91.0
OX637755.1 229000000 229500000 91.0
OX637755.1 229500000 230000000 91.0
OX637755.1 230000000 230500000 91.0
OX637755.1 230500000 231000000 91.0
OX637755.1 231000000 231500000 91.0
OX637755.1 231500000 232000000 91.0
OX637755.1 232000000 232500000 91.0
OX637755.1 232500000 233000000 91.0
OX637755.1 233000000 233500000 91.0
OX637755.1 233500000 234000000 91.0
OX637755.1 234000000 234500000 91.0
OX637755.1 234500000 235000000 91.0
OX637755.1 235000000 235500000 91.0
OX637755.1 235500000 236000000 91.0
OX637755.1 236000000 236500000 91.0
OX637755.1 236500000 237000000 91.0
OX637755.1 237000000 237500000 91.0
OX637755.1 237500000 238000000 91.0
OX637755.1 238000000 238500000 91.0
OX637755.1 238500000 239000000 91.0
OX637755.1 239000000 239500000 91.0
OX637755.1 239500000 240000000 91.0
OX637755.1 240000000 240500000 91.0
OX637755.1 240500000 241000000 91.0
OX637755.1 241000000 241500000 91.0
OX637755.1 241500000 242000000 91.0
OX637755.1 242000000 242500000 91.0
OX637755.1 242500000 243000000 91.0
OX637755.1 243000000 243500000 91.0
OX637755.1 243500000 244000000 91.0
OX637755.1 244000000 244500000 91.0
OX637755.1 244500000 245000000 91.0
OX637755.1 245000000 245500000 91.0
OX637755.1 245500000 246000000 91.0
OX637755.1 246000000 246500000 91.0
OX637755.1 246500000 247000000 91.0
OX637755.1 247000000 247500000 91.0
OX637755.1 247500000 248000000 91.0
OX637755.1 248000000 248500000 91.0
OX637755.1 248500000 249000000 91.0
OX637755.1 249000000 249500000 91.0
OX637755.1 249500000 250000000 91.0
OX637755.1 250000000 250500000 91.18091
OX637755.1 250500000 251000000 92.0
OX637755.1 251000000 251500000 92.0
OX637755.1 251500000 252000000 92.0
OX637755.1 252000000 252500000 92.0
OX637755.1 252500000 253000000 92.0
OX637755.1 253000000 253500000 92.0
OX637755.1 253500000 254000000 92.0
OX637755.1 254000000 254500000 92.0
OX637755.1 254500000 255000000 92.0
OX637755.1 255000000 255500000 92.0
OX637755.1 255500000 256000000 92.0
OX637755.1 256000000 256500000 92.0
OX637755.1 256500000 257000000 92.0
OX637755.1 257000000 257500000 92.0
OX637755.1 257500000 258000000 92.0
OX637755.1 258000000 258500000 92.0
OX637755.1 258500000 259000000 92.0
OX637755.1 259000000 259500000 92.0
OX637755.1 259500000 260000000 92.0
OX637755.1 260000000 260500000 92.0
OX637755.1 260500000 261000000 92.0
OX637755.1 261000000 261500000 92.0
OX637755.1 261500000 262000000 92.0
OX637755.1 262000000 262500000 92.0
OX637755.1 262500000 263000000 92.0
OX637755.1 263000000 263500000 92.0
OX637755.1 263500000 264000000 92.0
OX637755.1 264000000 264500000 92.0
OX637755.1 264500000 265000000 92.0
OX637755.1 265000000 265500000 92.0
OX637755.1 265500000 266000000 92.0
OX637755.1 266000000 266500000 92.0
OX637755.1 266500000 267000000 92.0
OX637755.1 267000000 267500000 92.0
OX637755.1 267500000 268000000 92.0
OX637755.1 268000000 268500000 91.38916
OX637755.1 268500000 269000000 91.0
OX637755.1 269000000 269500000 91.0
OX637755.1 269500000 270000000 91.0
OX637755.1 270000000 270500000 91.0
OX637755.1 270500000 271000000 91.0
OX637755.1 271000000 271500000 91.0
OX637755.1 271500000 272000000 91.0
OX637755.1 272000000 272500000 91.0
OX637755.1 272500000 273000000 91.0
OX637755.1 273000000 273500000 91.0
OX637755.1 273500000 274000000 91.0
OX637755.1 274000000 274500000 91.0
OX637755.1 274500000 275000000 91.0
OX637755.1 275000000 275500000 91.0
OX637755.1 275500000 276000000 91.0
OX637755.1 276000000 276500000 91.0
OX637755.1 276500000 277000000 91.0
OX637755.1 277000000 277500000 91.0
OX637755.1 277500000 278000000 91.0
OX637755.1 278000000 278500000 91.0
OX637755.1 278500000 279000000 91.0
OX637755.1 279000000 279500000 91.0
OX637755.1 279500000 280000000 91.0
OX637755.1 280000000 280500000 91.0
OX637755.1 280500000 281000000 91.0
OX637755.1 281000000 281500000 91.0
OX637755.1 281500000 282000000 91.0
OX637755.1 282000000 282500000 91.0
OX637755.1 282500000 283000000 91.0
OX637755.1 283000000 283500000 91.0
OX637755.1 283500000 284000000 90.39404
OX637755.1 284000000 284500000 90.0
OX637755.1 284500000 285000000 90.0
OX637755.1 285000000 285500000 90.0
OX637755.1 285500000 286000000 90.0
OX637755.1 286000000 286500000 90.0
OX637755.1 286500000 287000000 90.0
OX637755.1 287000000 287500000 90.0
OX637755.1 287500000 288000000 90.0
OX637755.1 288000000 288500000 90.0
OX637755.1 288500000 289000000 90.0
OX637755.1 289000000 289500000 90.0
OX637755.1 289500000 290000000 89.35275
OX637755.1 290000000 290500000 89.0
OX637755.1 290500000 291000000 89.0
OX637755.1 291000000 291500000 89.0
OX637755.1 291500000 292000000 89.0
OX637755.1 292000000 292500000 89.0
OX637755.1 292500000 293000000 89.0
OX637755.1 293000000 293500000 89.0
OX637755.1 293500000 294000000 89.0
OX637755.1 294000000 294500000 89.0
OX637755.1 294500000 295000000 89.0
OX637755.1 295000000 295500000 89.0
OX637755.1 295500000 296000000 89.0
OX637755.1 296000000 296500000 89.0
OX637755.1 296500000 297000000 89.0
OX637755.1 297000000 297500000 89.0
OX637755.1 297500000 298000000 89.0
OX637755.1 298000000 298500000 89.0
OX637755.1 298500000 299000000 89.0
OX637755.1 299000000 299500000 89.0
OX637755.1 299500000 300000000 89.0
OX637755.1 300000000 300500000 89.0
OX637755.1 300500000 301000000 89.0
OX637755.1 301000000 301500000 89.0
OX637755.1 301500000 302000000 89.0
OX637755.1 302000000 302500000 89.0
OX637755.1 302500000 303000000 89.0
OX637755.1 303000000 303500000 89.0
OX637755.1 303500000 304000000 89.0
OX637755.1 304000000 304500000 89.0
OX637755.1 304500000 305000000 89.0
OX637755.1 305000000 305500000 89.0
OX637755.1 305500000 306000000 89.0
OX637755.1 306000000 306500000 89.0
OX637755.1 306500000 307000000 89.0
OX637755.1 307000000 307500000 89.0
OX637755.1 307500000 308000000 89.0
OX637755.1 308000000 308500000 89.0
OX637755.1 308500000 309000000 89.0
OX637755.1 309000000 309500000 89.0
OX637755.1 309500000 310000000 89.0
OX637755.1 310000000 310500000 89.0
OX637755.1 310500000 311000000 89.0
OX637755.1 311000000 311500000 89.0
OX637755.1 311500000 312000000 89.0
OX637755.1 312000000 312500000 89.0
OX637755.1 312500000 313000000 89.0
OX637755.1 313000000 313500000 89.0
OX637755.1 313500000 314000000 89.0
OX637755.1 314000000 314500000 89.0
OX637755.1 314500000 315000000 89.0
OX637755.1 315000000 315500000 89.0
OX637755.1 315500000 316000000 89.0
OX637755.1 316000000 316500000 89.0
OX637755.1 316500000 317000000 89.0
OX637755.1 317000000 317500000 89.0
OX637755.1 317500000 318000000 89.0
OX637755.1 318000000 318500000 89.0
OX637755.1 318500000 319000000 89.0
OX637755.1 319000000 319500000 89.0
OX637755.1 319500000 320000000 89.0
OX637755.1 320000000 320500000 89.0
OX637755.1 320500000 321000000 89.0
OX637755.1 321000000 321500000 89.0
OX637755.1 321500000 322000000 89.0
OX637755.1 322000000 322500000 89.0
OX637755.1 322500000 323000000 89.0
OX637755.1 323000000 323500000 89.0
OX637755.1 323500000 324000000 89.0
OX637755.1 324000000 324500000 88.59117
OX637755.1 324500000 325000000 88.0
OX637755.1 325000000 325500000 88.0
OX637755.1 325500000 326000000 88.0
OX637755.1 326000000 326500000 88.0
OX637755.1 326500000 327000000 88.0
OX637755.1 327000000 327500000 88.0
OX637755.1 327500000 328000000 88.0
OX637755.1 328000000 328500000 88.0
OX637755.1 328500000 329000000 88.0
OX637755.1 329000000 329500000 88.0
OX637755.1 329500000 330000000 88.0
OX637755.1 330000000 330500000 88.0
OX637755.1 330500000 331000000 88.0
OX637755.1 331000000 331500000 88.0
OX637755.1 331500000 332000000 88.0
OX637755.1 332000000 332500000 88.0
OX637755.1 332500000 333000000 88.0
OX637755.1 333000000 333500000 88.0
OX637755.1 333500000 334000000 88.0
OX637755.1 334000000 334500000 88.0
OX637755.1 334500000 335000000 88.0
OX637755.1 335000000 335500000 88.0
OX637755.1 335500000 336000000 88.0
OX637755.1 336000000 336500000 88.0
OX637755.1 336500000 337000000 88.0
OX637755.1 337000000 337500000 88.0
OX637755.1 337500000 338000000 88.0
OX637755.1 338000000 338500000 88.0
OX637755.1 338500000 339000000 88.0
OX637755.1 339000000 339500000 88.0
OX637755.1 339500000 340000000 88.0
OX637755.1 340000000 340500000 88.0
OX637755.1 340500000 341000000 88.0
OX637755.1 341000000 341500000 88.0
OX637755.1 341500000 342000000 88.0
OX637755.1 342000000 342500000 88.0
OX637755.1 342500000 343000000 88.0
OX637755.1 343000000 343500000 88.0
OX637755.1 343500000 344000000 88.0
OX637755.1 344000000 344500000 88.0
OX637755.1 344500000 345000000 88.0
OX637755.1 345000000 345500000 88.0
OX637755.1 345500000 346000000 88.0
OX637755.1 346000000 346500000 88.0
OX637755.1 346500000 347000000 88.0
OX637755.1 347000000 347500000 88.0
OX637755.1 347500000 348000000 88.0
OX637755.1 348000000 348500000 88.0
OX637755.1 348500000 349000000 88.0
OX637755.1 349000000 349500000 88.0
OX637755.1 349500000 350000000 88.0
OX637755.1 350000000 350500000 88.0
OX637755.1 350500000 351000000 88.0
OX637755.1 351000000 351500000 88.0
OX637755.1 351500000 352000000 88.0
OX637755.1 352000000 352500000 88.0
OX637755.1 352500000 353000000 88.0
OX637755.1 353000000 353500000 88.0
OX637755.1 353500000 354000000 88.0
OX637755.1 354000000 354500000 88.0
OX637755.1 354500000 355000000 88.0
OX637755.1 355000000 355500000 88.0
OX637755.1 355500000 356000000 88.0
OX637755.1 356000000 356500000 88.0
OX637755.1 356500000 357000000 88.0
OX637755.1 357000000 357500000 88.0
OX637755.1 357500000 358000000 88.0
OX637755.1 358000000 358500000 88.0
OX637755.1 358500000 359000000 88.0
OX637755.1 359000000 359500000 88.0
OX637755.1 359500000 360000000 88.0
OX637755.1 360000000 360500000 88.0
OX637755.1 360500000 361000000 88.0
OX637755.1 361000000 361500000 88.0
OX637755.1 361500000 362000000 88.0
OX637755.1 362000000 362500000 88.0
OX637755.1 362500000 363000000 88.0
OX637755.1 363000000 363500000 88.0
OX637755.1 363500000 364000000 88.0
OX637755.1 364000000 364500000 88.0
OX637755.1 364500000 365000000 88.0
OX637755.1 365000000 365500000 88.81616
OX637755.1 365500000 366000000 89.0
OX637755.1 366000000 366500000 89.0
OX637755.1 366500000 367000000 89.0
OX637755.1 367000000 367500000 89.0
OX637755.1 367500000 368000000 89.0
OX637755.1 368000000 368500000 89.0
OX637755.1 368500000 369000000 89.0
OX637755.1 369000000 369500000 89.0
OX637755.1 369500000 370000000 89.0
OX637755.1 370000000 370500000 89.0
OX637755.1 370500000 371000000 89.0
OX637755.1 371000000 371500000 89.0
OX637755.1 371500000 372000000 89.0
OX637755.1 372000000 372500000 89.0
OX637755.1 372500000 373000000 89.0
OX637755.1 373000000 373500000 89.0
OX637755.1 373500000 374000000 89.0
OX637755.1 374000000 374500000 89.0
OX637755.1 374500000 375000000 89.0
OX637755.1 375000000 375500000 89.0
OX637755.1 375500000 376000000 89.0
OX637755.1 376000000 376500000 89.34392
OX637755.1 376500000 377000000 90.0
OX637755.1 377000000 377500000 90.0
OX637755.1 377500000 378000000 90.0
OX637755.1 378000000 378500000 90.0
OX637755.1 378500000 379000000 90.0
OX637755.1 379000000 379500000 89.379
OX637755.1 379500000 380000000 89.0
OX637755.1 380000000 380500000 88.96508
OX637755.1 380500000 381000000 88.0
OX637755.1 381000000 381500000 88.0
OX637755.1 381500000 382000000 88.0
OX637755.1 382000000 382500000 88.0
OX637755.1 382500000 383000000 88.0
OX637755.1 383000000 383500000 88.0
OX637755.1 383500000 384000000 88.0
OX637755.1 384000000 384500000 88.0
OX637755.1 384500000 385000000 88.0
OX637755.1 385000000 385500000 88.0
OX637755.1 385500000 386000000 88.0
OX637755.1 386000000 386500000 88.0
OX637755.1 386500000 387000000 88.0
OX637755.1 387000000 387500000 88.0
OX637755.1 387500000 388000000 88.0
OX637755.1 388000000 388500000 88.0
OX637755.1 388500000 389000000 88.0
OX637755.1 389000000 389500000 88.0
OX637755.1 389500000 390000000 88.0
OX637755.1 390000000 390500000 88.0
OX637755.1 390500000 391000000 88.0
OX637755.1 391000000 391500000 88.0
OX637755.1 391500000 392000000 88.0
OX637755.1 392000000 392500000 88.0
OX637755.1 392500000 393000000 88.0
OX637755.1 393000000 393500000 88.0
OX637755.1 393500000 394000000 88.0
OX637755.1 394000000 394500000 88.0
OX637755.1 394500000 395000000 88.0
OX637755.1 395000000 395500000 88.0
OX637755.1 395500000 396000000 88.0
OX637755.1 396000000 396500000 88.0
OX637755.1 396500000 397000000 88.0
OX637755.1 397000000 397500000 88.0
OX637755.1 397500000 398000000 88.0
OX637755.1 398000000 398500000 88.0
OX637755.1 398500000 399000000 88.0
OX637755.1 399000000 399500000 88.0
OX637755.1 399500000 400000000 88.0
OX637755.1 400000000 400500000 88.0
OX637755.1 400500000 401000000 87.70564
OX637755.1 401000000 401500000 87.0
OX637755.1 401500000 402000000 87.0
OX637755.1 402000000 402500000 87.0
OX637755.1 402500000 403000000 87.0
OX637755.1 403000000 403500000 87.0
OX637755.1 403500000 404000000 87.0
OX637755.1 404000000 404500000 87.0
OX637755.1 404500000 405000000 87.0
OX637755.1 405000000 405500000 87.0
OX637755.1 405500000 406000000 87.0
OX637755.1 406000000 406500000 87.0
OX637755.1 406500000 407000000 87.0
OX637755.1 407000000 407500000 87.0
OX637755.1 407500000 408000000 87.0
OX637755.1 408000000 408500000 87.0
OX637755.1 408500000 409000000 87.0
OX637755.1 409000000 409500000 87.0
OX637755.1 409500000 410000000 87.0
OX637755.1 410000000 410500000 87.0
OX637755.1 410500000 411000000 87.0
OX637755.1 411000000 411500000 86.88658
OX637755.1 411500000 412000000 86.0
OX637755.1 412000000 412500000 85.74393
OX637755.1 412500000 413000000 84.0
OX637755.1 413000000 413500000 84.0
OX637755.1 413500000 414000000 84.0
OX637755.1 414000000 414500000 84.0
OX637755.1 414500000 415000000 84.0
OX637755.1 415000000 415500000 84.0
OX637755.1 415500000 416000000 84.0
OX637755.1 416000000 416500000 84.0
OX637755.1 416500000 417000000 84.0
OX637755.1 417000000 417500000 84.0
OX637755.1 417500000 418000000 84.0
OX637755.1 418000000 418500000 84.0
OX637755.1 418500000 419000000 84.0
OX637755.1 419000000 419500000 84.0
OX637755.1 419500000 420000000 84.0
OX637755.1 420000000 420500000 84.0
OX637755.1 420500000 421000000 84.0
OX637755.1 421000000 421500000 83.49605
OX637755.1 421500000 422000000 83.0
OX637755.1 422000000 422500000 83.0
OX637755.1 422500000 423000000 83.0
OX637755.1 423000000 423500000 83.0
OX637755.1 423500000 424000000 83.0
OX637755.1 424000000 424500000 82.79597
OX637755.1 424500000 425000000 82.0
OX637755.1 425000000 425500000 82.0
OX637755.1 425500000 426000000 82.0
OX637755.1 426000000 426500000 82.46005
OX637755.1 426500000 427000000 81.07753
OX637755.1 427000000 427500000 81.0
OX637755.1 427500000 428000000 81.0
OX637755.1 428000000 428500000 80.48581
OX637755.1 428500000 429000000 80.0
OX637755.1 429000000 429500000 79.13385
OX637755.1 429500000 430000000 79.0
OX637755.1 430000000 430500000 79.0
OX637755.1 430500000 431000000 78.9456
OX637755.1 431000000 431500000 78.0
OX637755.1 431500000 432000000 78.0
OX637755.1 432000000 432500000 77.05773
OX637755.1 432500000 433000000 77.0
OX637755.1 433000000 433500000 75.96821
OX637755.1 433500000 434000000 75.0
OX637755.1 434000000 434500000 74.61797
OX637755.1 434500000 435000000 74.0
OX637755.1 435000000 435500000 73.32208
OX637755.1 435500000 436000000 73.0
OX637755.1 436000000 436500000 73.0
OX637755.1 436500000 437000000 72.2683
OX637755.1 437000000 437500000 70.14018
OX637755.1 437500000 438000000 67.61977
OX637755.1 438000000 438500000 66.91581
OX637755.1 438500000 439000000 66.0
OX637755.1 439000000 439500000 65.05507
OX637755.1 439500000 440000000 64.58117
OX637755.1 440000000 440500000 61.50027
OX637755.1 440500000 441000000 60.0
OX637755.1 441000000 441500000 59.10717
OX637755.1 441500000 442000000 59.0
OX637755.1 442000000 442500000 59.0
OX637755.1 442500000 443000000 59.0
OX637755.1 443000000 443500000 59.0
OX637755.1 443500000 444000000 59.0
OX637755.1 444000000 444500000 57.58374
OX637755.1 444500000 445000000 55.0
OX637755.1 445000000 445500000 55.0
OX637755.1 445500000 446000000 55.0
OX637755.1 446000000 446500000 54.11296
OX637755.1 446500000 447000000 54.0
OX637755.1 447000000 447500000 54.0
OX637755.1 447500000 448000000 53.03967
OX637755.1 448000000 448500000 52.40883
OX637755.1 448500000 449000000 52.0
OX637755.1 449000000 449500000 51.45964
OX637755.1 449500000 450000000 51.0
OX637755.1 450000000 450500000 49.78297
OX637755.1 450500000 451000000 48.12713
OX637755.1 451000000 451500000 46.93584
OX637755.1 451500000 452000000 45.99365
OX637755.1 452000000 452500000 42.09807
OX637755.1 452500000 453000000 39.24717
OX637755.1 453000000 453500000 39.0
OX637755.1 453500000 454000000 39.0
OX637755.1 454000000 454500000 38.30594
OX637755.1 454500000 455000000 37.17717
OX637755.1 455000000 455500000 35.50805
OX637755.1 455500000 456000000 34.0
OX637755.1 456000000 456500000 34.0
OX637755.1 456500000 457000000 31.92715
OX637755.1 457000000 457500000 30.0
OX637755.1 457500000 458000000 27.53261
OX637755.1 458000000 458500000 24.09377
OX637755.1 458500000 459000000 20.4646
OX637755.1 459000000 459500000 18.0
OX637755.1 459500000 460000000 16.47095
OX637755.1 460000000 460500000 15.00091
OX637755.1 460500000 461000000 14.20031
OX637755.1 461000000 461500000 10.05973
OX637755.1 461500000 462000000 3.46706
OX637755.1 462000000 462500000 1.08218
OX637755.1 462500000 463000000 1.0
OX637755.1 463000000 463025254 1.0
OX637742.1 0 500000 0.53344
OX637742.1 500000 1000000 1.44182
OX637742.1 1000000 1500000 7.81372
OX637742.1 1500000 2000000 11.7371
OX637742.1 2000000 2500000 15.88307
OX637742.1 2500000 3000000 18.89351
OX637742.1 3000000 3500000 20.55066
OX637742.1 3500000 4000000 23.33306
OX637742.1 4000000 4500000 24.40162
OX637742.1 4500000 5000000 26.22986
OX637742.1 5000000 5500000 27.0
OX637742.1 5500000 6000000 27.0
OX637742.1 6000000 6500000 27.0
OX637742.1 6500000 7000000 27.0
OX637742.1 7000000 7500000 27.0
OX637742.1 7500000 8000000 27.0
OX637742.1 8000000 8500000 27.64713
OX637742.1 8500000 9000000 29.16757
OX637742.1 9000000 9500000 30.88479
OX637742.1 9500000 10000000 32.92865
OX637742.1 10000000 10500000 33.0
OX637742.1 10500000 11000000 33.35238
OX637742.1 11000000 11500000 34.0
OX637742.1 11500000 12000000 34.0
OX637742.1 12000000 12500000 34.0
OX637742.1 12500000 13000000 35.75122
OX637742.1 13000000 13500000 37.0
OX637742.1 13500000 14000000 37.0
OX637742.1 14000000 14500000 37.70532
OX637742.1 14500000 15000000 38.0
OX637742.1 15000000 15500000 38.0
OX637742.1 15500000 16000000 38.07314
OX637742.1 16000000 16500000 39.0
OX637742.1 16500000 17000000 39.0
OX637742.1 17000000 17500000 39.0
OX637742.1 17500000 18000000 39.91233
OX637742.1 18000000 18500000 41.18358
OX637742.1 18500000 19000000 42.95548
OX637742.1 19000000 19500000 43.35508
OX637742.1 19500000 20000000 44.98443
OX637742.1 20000000 20500000 46.0
OX637742.1 20500000 21000000 46.0
OX637742.1 21000000 21500000 47.06215
OX637742.1 21500000 22000000 48.0
OX637742.1 22000000 22500000 48.0
OX637742.1 22500000 23000000 48.0
OX637742.1 23000000 23500000 48.0
OX637742.1 23500000 24000000 48.0
OX637742.1 24000000 24500000 48.0
OX637742.1 24500000 25000000 48.81869
OX637742.1 25000000 25500000 49.0
OX637742.1 25500000 26000000 49.0
OX637742.1 26000000 26500000 49.0
OX637742.1 26500000 27000000 49.99152
OX637742.1 27000000 27500000 50.0
OX637742.1 27500000 28000000 50.09612
OX637742.1 28000000 28500000 51.77861
OX637742.1 28500000 29000000 52.0
OX637742.1 29000000 29500000 52.33221
OX637742.1 29500000 30000000 53.0
OX637742.1 30000000 30500000 53.0
OX637742.1 30500000 31000000 53.0
OX637742.1 31000000 31500000 53.0
OX637742.1 31500000 32000000 53.0
OX637742.1 32000000 32500000 53.15418
OX637742.1 32500000 33000000 54.0
OX637742.1 33000000 33500000 54.0
OX637742.1 33500000 34000000 54.0
OX637742.1 34000000 34500000 54.0
OX637742.1 34500000 35000000 54.0
OX637742.1 35000000 35500000 54.10925
OX637742.1 35500000 36000000 55.0
OX637742.1 36000000 36500000 55.0
OX637742.1 36500000 37000000 55.14438
OX637742.1 37000000 37500000 56.78205
OX637742.1 37500000 38000000 57.0
OX637742.1 38000000 38500000 57.0
OX637742.1 38500000 39000000 57.0
OX637742.1 39000000 39500000 57.0
OX637742.1 39500000 40000000 57.0
OX637742.1 40000000 40500000 57.0
OX637742.1 40500000 41000000 57.50618
OX637742.1 41000000 41500000 58.0
OX637742.1 41500000 42000000 58.20057
OX637742.1 42000000 42500000 59.0
OX637742.1 42500000 43000000 59.71163
OX637742.1 43000000 43500000 60.0
OX637742.1 43500000 44000000 60.0
OX637742.1 44000000 44500000 60.0
OX637742.1 44500000 45000000 60.0
OX637742.1 45000000 45500000 60.0
OX637742.1 45500000 46000000 60.0
OX637742.1 46000000 46500000 60.0
OX637742.1 46500000 47000000 60.0
OX637742.1 47000000 47500000 60.81537
OX637742.1 47500000 48000000 61.63972
OX637742.1 48000000 48500000 62.90588
OX637742.1 48500000 49000000 63.0
OX637742.1 49000000 49500000 63.0
OX637742.1 49500000 50000000 63.0
OX637742.1 50000000 50500000 63.0
OX637742.1 50500000 51000000 63.0
OX637742.1 51000000 51500000 63.0
OX637742.1 51500000 52000000 63.65421
OX637742.1 52000000 52500000 64.0
OX637742.1 52500000 53000000 64.0
OX637742.1 53000000 53500000 64.08969
OX637742.1 53500000 54000000 65.0
OX637742.1 54000000 54500000 65.0
OX637742.1 54500000 55000000 65.0
OX637742.1 55000000 55500000 66.17969
OX637742.1 55500000 56000000 67.12486
OX637742.1 56000000 56500000 68.0
OX637742.1 56500000 57000000 68.0
OX637742.1 57000000 57500000 68.08583
OX637742.1 57500000 58000000 69.0
OX637742.1 58000000 58500000 69.8887
OX637742.1 58500000 59000000 70.30939
OX637742.1 59000000 59500000 72.0
OX637742.1 59500000 60000000 72.0
OX637742.1 60000000 60500000 72.0
OX637742.1 60500000 61000000 72.53266
OX637742.1 61000000 61500000 73.0
OX637742.1 61500000 62000000 73.0
OX637742.1 62000000 62500000 73.0
OX637742.1 62500000 63000000 73.0
OX637742.1 63000000 63500000 73.0
OX637742.1 63500000 64000000 73.0
OX637742.1 64000000 64500000 73.63319
OX637742.1 64500000 65000000 74.0
OX637742.1 65000000 65500000 74.0
OX637742.1 65500000 66000000 74.0
OX637742.1 66000000 66500000 74.0
OX637742.1 66500000 67000000 74.0
OX637742.1 67000000 67500000 74.0
OX637742.1 67500000 68000000 74.0
OX637742.1 68000000 68500000 74.0
OX637742.1 68500000 69000000 74.0
OX637742.1 69000000 69500000 74.0
OX637742.1 69500000 70000000 74.0
OX637742.1 70000000 70500000 74.0
OX637742.1 70500000 71000000 74.0
OX637742.1 71000000 71500000 74.0
OX637742.1 71500000 72000000 74.0
OX637742.1 72000000 72500000 74.0
OX637742.1 72500000 73000000 74.0
OX637742.1 73000000 73500000 74.0
OX637742.1 73500000 74000000 74.0
OX637742.1 74000000 74500000 74.0
OX637742.1 74500000 75000000 74.0
OX637742.1 75000000 75500000 74.0
OX637742.1 75500000 76000000 74.41304
OX637742.1 76000000 76500000 75.0
OX637742.1 76500000 77000000 75.0
OX637742.1 77000000 77500000 75.0
OX637742.1 77500000 78000000 75.05619
OX637742.1 78000000 78500000 76.0
OX637742.1 78500000 79000000 76.0
OX637742.1 79000000 79500000 76.0
OX637742.1 79500000 80000000 76.0
OX637742.1 80000000 80500000 76.0
OX637742.1 80500000 81000000 76.0
OX637742.1 81000000 81500000 77.11264
OX637742.1 81500000 82000000 78.0
OX637742.1 82000000 82500000 78.0
OX637742.1 82500000 83000000 78.0
OX637742.1 83000000 83500000 78.0
OX637742.1 83500000 84000000 78.0
OX637742.1 84000000 84500000 78.0
OX637742.1 84500000 85000000 78.0
OX637742.1 85000000 85500000 78.0
OX637742.1 85500000 86000000 78.0
OX637742.1 86000000 86500000 78.0
OX637742.1 86500000 87000000 78.0
OX637742.1 87000000 87500000 78.0
OX637742.1 87500000 88000000 78.0
OX637742.1 88000000 88500000 78.0
OX637742.1 88500000 89000000 78.0
OX637742.1 89000000 89500000 78.0
OX637742.1 89500000 90000000 78.0
OX637742.1 90000000 90500000 78.0
OX637742.1 90500000 91000000 78.0
OX637742.1 91000000 91500000 78.27111
OX637742.1 91500000 92000000 79.0
OX637742.1 92000000 92500000 79.0
OX637742.1 92500000 93000000 79.0
OX637742.1 93000000 93500000 79.0
OX637742.1 93500000 94000000 79.0
OX637742.1 94000000 94500000 79.0
OX637742.1 94500000 95000000 79.0
OX637742.1 95000000 95500000 79.0
OX637742.1 95500000 96000000 79.0
OX637742.1 96000000 96500000 79.0
OX637742.1 96500000 97000000 79.0
OX637742.1 97000000 97500000 79.0
OX637742.1 97500000 98000000 79.0
OX637742.1 98000000 98500000 79.0
OX637742.1 98500000 99000000 79.0
OX637742.1 99000000 99500000 79.0
OX637742.1 99500000 100000000 79.0
OX637742.1 100000000 100500000 79.0
OX637742.1 100500000 101000000 79.0
OX637742.1 101000000 101500000 79.0
OX637742.1 101500000 102000000 79.0
OX637742.1 102000000 102500000 79.64788
OX637742.1 102500000 103000000 80.0
OX637742.1 103000000 103500000 80.0
OX637742.1 103500000 104000000 80.0
OX637742.1 104000000 104500000 80.0
OX637742.1 104500000 105000000 80.0
OX637742.1 105000000 105500000 80.0
OX637742.1 105500000 106000000 80.0
OX637742.1 106000000 106500000 80.0
OX637742.1 106500000 107000000 80.0
OX637742.1 107000000 107500000 80.00018
OX637742.1 107500000 108000000 80.0
OX637742.1 108000000 108500000 80.0
OX637742.1 108500000 109000000 80.0
OX637742.1 109000000 109500000 80.81391
OX637742.1 109500000 110000000 81.0
OX637742.1 110000000 110500000 81.0
OX637742.1 110500000 111000000 81.0
OX637742.1 111000000 111500000 81.0
OX637742.1 111500000 112000000 81.0
OX637742.1 112000000 112500000 81.0
OX637742.1 112500000 113000000 81.0
OX637742.1 113000000 113500000 81.0
OX637742.1 113500000 114000000 81.0
OX637742.1 114000000 114500000 81.0
OX637742.1 114500000 115000000 81.0
OX637742.1 115000000 115500000 81.0
OX637742.1 115500000 116000000 81.0
OX637742.1 116000000 116500000 81.0
OX637742.1 116500000 117000000 81.0
OX637742.1 117000000 117500000 81.0
OX637742.1 117500000 118000000 81.0
OX637742.1 118000000 118500000 81.0
OX637742.1 118500000 119000000 81.0
OX637742.1 119000000 119500000 81.0
OX637742.1 119500000 120000000 81.0
OX637742.1 120000000 120500000 81.0
OX637742.1 120500000 121000000 81.0
OX637742.1 121000000 121500000 81.0
OX637742.1 121500000 122000000 81.0
OX637742.1 122000000 122500000 81.0
OX637742.1 122500000 123000000 81.0
OX637742.1 123000000 123500000 81.0
OX637742.1 123500000 124000000 81.0
OX637742.1 124000000 124500000 81.0
OX637742.1 124500000 125000000 81.0
OX637742.1 125000000 125500000 81.0
OX637742.1 125500000 126000000 81.0
OX637742.1 126000000 126500000 81.0
OX637742.1 126500000 127000000 81.0
OX637742.1 127000000 127500000 81.0
OX637742.1 127500000 128000000 81.0
OX637742.1 128000000 128500000 81.0
OX637742.1 128500000 129000000 81.0
OX637742.1 129000000 129500000 81.0
OX637742.1 129500000 130000000 81.0
OX637742.1 130000000 130500000 81.0
OX637742.1 130500000 131000000 81.0
OX637742.1 131000000 131500000 81.0
OX637742.1 131500000 132000000 81.0
OX637742.1 132000000 132500000 81.49592
OX637742.1 132500000 133000000 82.0
OX637742.1 133000000 133500000 82.0
OX637742.1 133500000 134000000 82.0
OX637742.1 134000000 134500000 82.0
OX637742.1 134500000 135000000 82.0
OX637742.1 135000000 135500000 82.0
OX637742.1 135500000 136000000 82.0
OX637742.1 136000000 136500000 82.0
OX637742.1 136500000 137000000 82.0
OX637742.1 137000000 137500000 82.00022
OX637742.1 137500000 138000000 82.0
OX637742.1 138000000 138500000 82.0
OX637742.1 138500000 139000000 82.0
OX637742.1 139000000 139500000 82.0
OX637742.1 139500000 140000000 82.0
OX637742.1 140000000 140500000 82.0
OX637742.1 140500000 141000000 82.0
OX637742.1 141000000 141500000 82.0
OX637742.1 141500000 142000000 82.0
OX637742.1 142000000 142500000 82.0
OX637742.1 142500000 143000000 82.0
OX637742.1 143000000 143500000 82.0
OX637742.1 143500000 144000000 82.34123
OX637742.1 144000000 144500000 83.0
OX637742.1 144500000 145000000 83.0
OX637742.1 145000000 145500000 83.0
OX637742.1 145500000 146000000 83.0
OX637742.1 146000000 146500000 83.0
OX637742.1 146500000 147000000 83.0
OX637742.1 147000000 147500000 83.0
OX637742.1 147500000 148000000 83.0
OX637742.1 148000000 148500000 83.0
OX637742.1 148500000 149000000 83.0
OX637742.1 149000000 149500000 83.0
OX637742.1 149500000 150000000 83.0
OX637742.1 150000000 150500000 83.0
OX637742.1 150500000 151000000 83.0
OX637742.1 151000000 151500000 83.0
OX637742.1 151500000 152000000 83.0
OX637742.1 152000000 152500000 83.18494
OX637742.1 152500000 153000000 84.0
OX637742.1 153000000 153500000 84.0
OX637742.1 153500000 154000000 84.0
OX637742.1 154000000 154500000 84.0
OX637742.1 154500000 155000000 84.0
OX637742.1 155000000 155500000 84.0
OX637742.1 155500000 156000000 84.0
OX637742.1 156000000 156500000 84.0
OX637742.1 156500000 157000000 84.0
OX637742.1 157000000 157500000 84.0
OX637742.1 157500000 158000000 84.0
OX637742.1 158000000 158500000 84.0
OX637742.1 158500000 159000000 84.0
OX637742.1 159000000 159500000 84.0
OX637742.1 159500000 160000000 84.0
OX637742.1 160000000 160500000 84.0
OX637742.1 160500000 161000000 84.0
OX637742.1 161000000 161500000 84.0
OX637742.1 161500000 162000000 84.0
OX637742.1 162000000 162500000 84.0
OX637742.1 162500000 163000000 84.0
OX637742.1 163000000 163500000 84.0
OX637742.1 163500000 164000000 84.0
OX637742.1 164000000 164500000 84.0
OX637742.1 164500000 165000000 84.0
OX637742.1 165000000 165500000 84.0
OX637742.1 165500000 166000000 84.0
OX637742.1 166000000 166500000 84.0
OX637742.1 166500000 167000000 84.0
OX637742.1 167000000 167500000 84.0
OX637742.1 167500000 168000000 84.0
OX637742.1 168000000 168500000 84.0
OX637742.1 168500000 169000000 84.0
OX637742.1 169000000 169500000 84.0
OX637742.1 169500000 170000000 84.0
OX637742.1 170000000 170500000 84.0
OX637742.1 170500000 171000000 84.0
OX637742.1 171000000 171500000 84.0
OX637742.1 171500000 172000000 84.0
OX637742.1 172000000 172500000 84.0
OX637742.1 172500000 173000000 84.0
OX637742.1 173000000 173500000 84.0
OX637742.1 173500000 174000000 84.0
OX637742.1 174000000 174500000 84.0
OX637742.1 174500000 175000000 84.0
OX637742.1 175000000 175500000 84.0
OX637742.1 175500000 176000000 84.0
OX637742.1 176000000 176500000 84.0
OX637742.1 176500000 177000000 84.0
OX637742.1 177000000 177500000 84.0
OX637742.1 177500000 178000000 84.0
OX637742.1 178000000 178500000 84.0
OX637742.1 178500000 179000000 84.0
OX637742.1 179000000 179500000 84.0
OX637742.1 179500000 180000000 84.0
OX637742.1 180000000 180500000 84.0
OX637742.1 180500000 181000000 84.0
OX637742.1 181000000 181500000 84.0
OX637742.1 181500000 182000000 84.0
OX637742.1 182000000 182500000 84.0
OX637742.1 182500000 183000000 84.0
OX637742.1 183000000 183500000 84.0
OX637742.1 183500000 184000000 84.50554
OX637742.1 184000000 184500000 85.0
OX637742.1 184500000 185000000 85.0
OX637742.1 185000000 185500000 85.0
OX637742.1 185500000 186000000 85.0
OX637742.1 186000000 186500000 85.0
OX637742.1 186500000 187000000 85.0
OX637742.1 187000000 187500000 85.0
OX637742.1 187500000 188000000 85.0
OX637742.1 188000000 188500000 85.0
OX637742.1 188500000 189000000 85.0
OX637742.1 189000000 189500000 85.0
OX637742.1 189500000 190000000 85.0
OX637742.1 190000000 190500000 85.0
OX637742.1 190500000 191000000 85.0
OX637742.1 191000000 191500000 85.0
OX637742.1 191500000 192000000 85.0
OX637742.1 192000000 192500000 85.0
OX637742.1 192500000 193000000 85.0
OX637742.1 193000000 193500000 85.0
OX637742.1 193500000 194000000 85.0
OX637742.1 194000000 194500000 85.0
OX637742.1 194500000 195000000 85.0
OX637742.1 195000000 195500000 85.0
OX637742.1 195500000 196000000 85.0
OX637742.1 196000000 196500000 85.0
OX637742.1 196500000 197000000 85.0
OX637742.1 197000000 197500000 85.0
OX637742.1 197500000 198000000 85.0
OX637742.1 198000000 198500000 85.0
OX637742.1 198500000 199000000 85.0
OX637742.1 199000000 199500000 85.0
OX637742.1 199500000 200000000 85.0
OX637742.1 200000000 200500000 85.0
OX637742.1 200500000 201000000 85.0
OX637742.1 201000000 201500000 85.0
OX637742.1 201500000 202000000 85.0
OX637742.1 202000000 202500000 85.0
OX637742.1 202500000 203000000 85.0
OX637742.1 203000000 203500000 85.0
OX637742.1 203500000 204000000 85.0
OX637742.1 204000000 204500000 85.0
OX637742.1 204500000 205000000 85.0
OX637742.1 205000000 205500000 85.0
OX637742.1 205500000 206000000 85.0
OX637742.1 206000000 206500000 85.0
OX637742.1 206500000 207000000 85.0
OX637742.1 207000000 207500000 85.0
OX637742.1 207500000 208000000 85.0
OX637742.1 208000000 208500000 85.0
OX637742.1 208500000 209000000 85.0
OX637742.1 209000000 209500000 85.0
OX637742.1 209500000 210000000 85.0
OX637742.1 210000000 210500000 85.0
OX637742.1 210500000 211000000 85.0
OX637742.1 211000000 211500000 85.0
OX637742.1 211500000 212000000 85.0
OX637742.1 212000000 212500000 85.0
OX637742.1 212500000 213000000 85.0
OX637742.1 213000000 213500000 85.0
OX637742.1 213500000 214000000 85.0
OX637742.1 214000000 214500000 85.0
OX637742.1 214500000 215000000 85.0
OX637742.1 215000000 215500000 85.0
OX637742.1 215500000 216000000 85.0
OX637742.1 216000000 216500000 85.0
OX637742.1 216500000 217000000 85.0
OX637742.1 217000000 217500000 85.0
OX637742.1 217500000 218000000 85.0
OX637742.1 218000000 218500000 85.0
OX637742.1 218500000 219000000 85.0
OX637742.1 219000000 219500000 85.0
OX637742.1 219500000 220000000 85.0
OX637742.1 220000000 220500000 85.0
OX637742.1 220500000 221000000 85.0
OX637742.1 221000000 221500000 85.0
OX637742.1 221500000 222000000 85.0
OX637742.1 222000000 222500000 85.0
OX637742.1 222500000 223000000 85.0
OX637742.1 223000000 223500000 85.0
OX637742.1 223500000 224000000 85.0
OX637742.1 224000000 224500000 85.0
OX637742.1 224500000 225000000 85.0
OX637742.1 225000000 225500000 85.0
OX637742.1 225500000 226000000 85.0
OX637742.1 226000000 226500000 85.0
OX637742.1 226500000 227000000 85.0
OX637742.1 227000000 227500000 85.50157
OX637742.1 227500000 228000000 85.84706
OX637742.1 228000000 228500000 85.0
OX637742.1 228500000 229000000 85.0
OX637742.1 229000000 229500000 85.3941
OX637742.1 229500000 230000000 86.0
OX637742.1 230000000 230500000 86.0
OX637742.1 230500000 231000000 86.0
OX637742.1 231000000 231500000 86.36854
OX637742.1 231500000 232000000 87.0
OX637742.1 232000000 232500000 87.0
OX637742.1 232500000 233000000 87.25153
OX637742.1 233000000 233500000 88.0
OX637742.1 233500000 234000000 88.0
OX637742.1 234000000 234500000 88.22325
OX637742.1 234500000 235000000 89.0
OX637742.1 235000000 235500000 89.0
OX637742.1 235500000 236000000 89.0
OX637742.1 236000000 236500000 89.0
OX637742.1 236500000 237000000 89.0
OX637742.1 237000000 237500000 89.0
OX637742.1 237500000 238000000 89.0
OX637742.1 238000000 238500000 89.0
OX637742.1 238500000 239000000 89.0
OX637742.1 239000000 239500000 89.0
OX637742.1 239500000 240000000 89.0
OX637742.1 240000000 240500000 89.0
OX637742.1 240500000 241000000 89.0
OX637742.1 241000000 241500000 89.0
OX637742.1 241500000 242000000 89.0
OX637742.1 242000000 242500000 89.0
OX637742.1 242500000 243000000 89.0
OX637742.1 243000000 243500000 89.0
OX637742.1 243500000 244000000 89.0
OX637742.1 244000000 244500000 89.0
OX637742.1 244500000 245000000 89.0
OX637742.1 245000000 245500000 89.0
OX637742.1 245500000 246000000 89.0
OX637742.1 246000000 246500000 89.0
OX637742.1 246500000 247000000 89.0
OX637742.1 247000000 247500000 89.0
OX637742.1 247500000 248000000 89.0
OX637742.1 248000000 248500000 89.0
OX637742.1 248500000 249000000 89.0
OX637742.1 249000000 249500000 89.0
OX637742.1 249500000 250000000 89.0
OX637742.1 250000000 250500000 89.0
OX637742.1 250500000 251000000 89.0
OX637742.1 251000000 251500000 89.0
OX637742.1 251500000 252000000 89.0
OX637742.1 252000000 252500000 89.0
OX637742.1 252500000 253000000 89.0
OX637742.1 253000000 253500000 89.0
OX637742.1 253500000 254000000 89.0
OX637742.1 254000000 254500000 89.0
OX637742.1 254500000 255000000 89.0
OX637742.1 255000000 255500000 89.0
OX637742.1 255500000 256000000 89.0
OX637742.1 256000000 256500000 89.0
OX637742.1 256500000 257000000 89.0
OX637742.1 257000000 257500000 89.0
OX637742.1 257500000 258000000 89.0
OX637742.1 258000000 258500000 89.0
OX637742.1 258500000 259000000 89.0
OX637742.1 259000000 259500000 89.0
OX637742.1 259500000 260000000 89.0
OX637742.1 260000000 260500000 89.0
OX637742.1 260500000 261000000 89.0
OX637742.1 261000000 261500000 89.0
OX637742.1 261500000 262000000 89.0
OX637742.1 262000000 262500000 89.0
OX637742.1 262500000 263000000 89.0
OX637742.1 263000000 263500000 89.0
OX637742.1 263500000 264000000 89.0
OX637742.1 264000000 264500000 89.0
OX637742.1 264500000 265000000 89.0
OX637742.1 265000000 265500000 89.0
OX637742.1 265500000 266000000 89.2638
OX637742.1 266000000 266500000 90.0
OX637742.1 266500000 267000000 90.0
OX637742.1 267000000 267500000 90.0
OX637742.1 267500000 268000000 90.0
OX637742.1 268000000 268500000 90.0
OX637742.1 268500000 269000000 90.0
OX637742.1 269000000 269500000 90.0
OX637742.1 269500000 270000000 90.0
OX637742.1 270000000 270500000 90.0
OX637742.1 270500000 271000000 90.0
OX637742.1 271000000 271500000 90.0
OX637742.1 271500000 272000000 90.0
OX637742.1 272000000 272500000 90.0
OX637742.1 272500000 273000000 90.0
OX637742.1 273000000 273500000 90.0
OX637742.1 273500000 274000000 90.0
OX637742.1 274000000 274500000 90.0
OX637742.1 274500000 275000000 90.0
OX637742.1 275000000 275500000 90.0
OX637742.1 275500000 276000000 90.0
OX637742.1 276000000 276500000 90.0
OX637742.1 276500000 277000000 90.0
OX637742.1 277000000 277500000 90.0
OX637742.1 277500000 278000000 90.0
OX637742.1 278000000 278500000 90.0
OX637742.1 278500000 279000000 90.0
OX637742.1 279000000 279500000 90.0
OX637742.1 279500000 280000000 90.0
OX637742.1 280000000 280500000 90.0
OX637742.1 280500000 281000000 90.0
OX637742.1 281000000 281500000 90.0
OX637742.1 281500000 282000000 90.0
OX637742.1 282000000 282500000 90.0
OX637742.1 282500000 283000000 90.0
OX637742.1 283000000 283500000 90.0
OX637742.1 283500000 284000000 90.0
OX637742.1 284000000 284500000 90.0
OX637742.1 284500000 285000000 90.0
OX637742.1 285000000 285500000 90.0
OX637742.1 285500000 286000000 90.0
OX637742.1 286000000 286500000 90.0
OX637742.1 286500000 287000000 90.0
OX637742.1 287000000 287500000 90.0
OX637742.1 287500000 288000000 90.0
OX637742.1 288000000 288500000 90.0
OX637742.1 288500000 289000000 90.0
OX637742.1 289000000 289500000 90.0
OX637742.1 289500000 290000000 90.0
OX637742.1 290000000 290500000 90.0
OX637742.1 290500000 291000000 90.0
OX637742.1 291000000 291500000 90.0
OX637742.1 291500000 292000000 90.0
OX637742.1 292000000 292500000 90.0
OX637742.1 292500000 293000000 91.88815
OX637742.1 293000000 293500000 92.0
OX637742.1 293500000 294000000 92.0
OX637742.1 294000000 294500000 92.0
OX637742.1 294500000 295000000 92.0
OX637742.1 295000000 295500000 92.0
OX637742.1 295500000 296000000 92.0
OX637742.1 296000000 296500000 92.0
OX637742.1 296500000 297000000 92.0
OX637742.1 297000000 297500000 92.0
OX637742.1 297500000 298000000 92.0
OX637742.1 298000000 298500000 92.0
OX637742.1 298500000 299000000 92.0
OX637742.1 299000000 299500000 92.0
OX637742.1 299500000 300000000 92.0
OX637742.1 300000000 300500000 92.0
OX637742.1 300500000 301000000 92.0
OX637742.1 301000000 301500000 92.0
OX637742.1 301500000 302000000 92.0
OX637742.1 302000000 302500000 92.0
OX637742.1 302500000 303000000 92.0
OX637742.1 303000000 303500000 92.0
OX637742.1 303500000 304000000 92.0
OX637742.1 304000000 304500000 92.0
OX637742.1 304500000 305000000 92.0
OX637742.1 305000000 305500000 92.0
OX637742.1 305500000 306000000 92.0
OX637742.1 306000000 306500000 92.0
OX637742.1 306500000 307000000 92.0
OX637742.1 307000000 307500000 92.0
OX637742.1 307500000 308000000 92.0
OX637742.1 308000000 308500000 92.0
OX637742.1 308500000 309000000 92.0
OX637742.1 309000000 309500000 92.0
OX637742.1 309500000 310000000 92.0
OX637742.1 310000000 310500000 92.0
OX637742.1 310500000 311000000 92.0
OX637742.1 311000000 311500000 92.0
OX637742.1 311500000 312000000 92.0
OX637742.1 312000000 312500000 92.0
OX637742.1 312500000 313000000 92.0
OX637742.1 313000000 313500000 92.0
OX637742.1 313500000 314000000 92.36612
OX637742.1 314000000 314500000 93.0
OX637742.1 314500000 315000000 93.0
OX637742.1 315000000 315500000 93.47641
OX637742.1 315500000 316000000 93.0
OX637742.1 316000000 316500000 93.0
OX637742.1 316500000 317000000 93.0
OX637742.1 317000000 317500000 93.0
OX637742.1 317500000 318000000 93.0
OX637742.1 318000000 318500000 93.0
OX637742.1 318500000 319000000 93.0
OX637742.1 319000000 319500000 93.0
OX637742.1 319500000 320000000 93.0
OX637742.1 320000000 320500000 93.0
OX637742.1 320500000 321000000 93.0
OX637742.1 321000000 321500000 93.0
OX637742.1 321500000 322000000 93.0
OX637742.1 322000000 322500000 93.0
OX637742.1 322500000 323000000 93.0
OX637742.1 323000000 323500000 93.0
OX637742.1 323500000 324000000 93.0
OX637742.1 324000000 324500000 93.0
OX637742.1 324500000 325000000 93.0
OX637742.1 325000000 325500000 93.0
OX637742.1 325500000 326000000 93.0
OX637742.1 326000000 326500000 93.0
OX637742.1 326500000 327000000 93.0
OX637742.1 327000000 327500000 93.0
OX637742.1 327500000 328000000 93.0
OX637742.1 328000000 328500000 93.0
OX637742.1 328500000 329000000 93.0
OX637742.1 329000000 329500000 93.0
OX637742.1 329500000 330000000 93.0
OX637742.1 330000000 330500000 93.0
OX637742.1 330500000 331000000 93.0
OX637742.1 331000000 331500000 93.0
OX637742.1 331500000 332000000 93.0
OX637742.1 332000000 332500000 93.0
OX637742.1 332500000 333000000 93.0
OX637742.1 333000000 333500000 93.0
OX637742.1 333500000 334000000 93.0
OX637742.1 334000000 334500000 93.0
OX637742.1 334500000 335000000 93.0
OX637742.1 335000000 335500000 93.0
OX637742.1 335500000 336000000 93.0
OX637742.1 336000000 336500000 92.23784
OX637742.1 336500000 337000000 92.0
OX637742.1 337000000 337500000 92.0
OX637742.1 337500000 338000000 92.0
OX637742.1 338000000 338500000 92.0
OX637742.1 338500000 339000000 92.0
OX637742.1 339000000 339500000 92.0
OX637742.1 339500000 340000000 92.0
OX637742.1 340000000 340500000 92.0
OX637742.1 340500000 341000000 92.0
OX637742.1 341000000 341500000 92.0
OX637742.1 341500000 342000000 92.0
OX637742.1 342000000 342500000 92.0
OX637742.1 342500000 343000000 92.0
OX637742.1 343000000 343500000 92.0
OX637742.1 343500000 344000000 92.0
OX637742.1 344000000 344500000 92.0
OX637742.1 344500000 345000000 92.0
OX637742.1 345000000 345500000 92.0
OX637742.1 345500000 346000000 92.0
OX637742.1 346000000 346500000 92.0
OX637742.1 346500000 347000000 92.0
OX637742.1 347000000 347500000 92.0
OX637742.1 347500000 348000000 92.18452
OX637742.1 348000000 348500000 93.0
OX637742.1 348500000 349000000 93.0
OX637742.1 349000000 349500000 93.0
OX637742.1 349500000 350000000 93.0
OX637742.1 350000000 350500000 93.0
OX637742.1 350500000 351000000 93.0
OX637742.1 351000000 351500000 93.0
OX637742.1 351500000 352000000 93.0
OX637742.1 352000000 352500000 93.0
OX637742.1 352500000 353000000 93.14939
OX637742.1 353000000 353500000 94.0
OX637742.1 353500000 354000000 94.0
OX637742.1 354000000 354500000 94.0
OX637742.1 354500000 355000000 94.0
OX637742.1 355000000 355500000 94.0
OX637742.1 355500000 356000000 94.0
OX637742.1 356000000 356500000 94.0
OX637742.1 356500000 357000000 94.0
OX637742.1 357000000 357500000 94.0
OX637742.1 357500000 358000000 93.45034
OX637742.1 358000000 358500000 93.0
OX637742.1 358500000 359000000 93.0
OX637742.1 359000000 359500000 93.0
OX637742.1 359500000 360000000 93.0
OX637742.1 360000000 360500000 93.0
OX637742.1 360500000 361000000 92.0233
OX637742.1 361000000 361500000 92.0
OX637742.1 361500000 362000000 92.0
OX637742.1 362000000 362500000 91.15153
OX637742.1 362500000 363000000 91.0
OX637742.1 363000000 363500000 91.0
OX637742.1 363500000 364000000 91.0
OX637742.1 364000000 364500000 91.0
OX637742.1 364500000 365000000 91.0
OX637742.1 365000000 365500000 91.0
OX637742.1 365500000 366000000 92.55019
OX637742.1 366000000 366500000 92.32903
OX637742.1 366500000 367000000 92.0
OX637742.1 367000000 367500000 92.0
OX637742.1 367500000 368000000 92.0
OX637742.1 368000000 368500000 92.91996
OX637742.1 368500000 369000000 92.5595
OX637742.1 369000000 369500000 92.0
OX637742.1 369500000 370000000 92.0
OX637742.1 370000000 370500000 92.0
OX637742.1 370500000 371000000 92.0
OX637742.1 371000000 371500000 92.0
OX637742.1 371500000 372000000 92.0
OX637742.1 372000000 372500000 92.0
OX637742.1 372500000 373000000 92.0
OX637742.1 373000000 373500000 91.19331
OX637742.1 373500000 374000000 91.0
OX637742.1 374000000 374500000 91.0
OX637742.1 374500000 375000000 91.0
OX637742.1 375000000 375500000 91.0
OX637742.1 375500000 376000000 91.0
OX637742.1 376000000 376500000 91.0
OX637742.1 376500000 377000000 91.0
OX637742.1 377000000 377500000 91.0
OX637742.1 377500000 378000000 91.0
OX637742.1 378000000 378500000 91.0
OX637742.1 378500000 379000000 91.0
OX637742.1 379000000 379500000 91.0
OX637742.1 379500000 380000000 91.0
OX637742.1 380000000 380500000 91.0
OX637742.1 380500000 381000000 91.0
OX637742.1 381000000 381500000 91.0
OX637742.1 381500000 382000000 91.0
OX637742.1 382000000 382500000 91.0
OX637742.1 382500000 383000000 91.0
OX637742.1 383000000 383500000 91.0
OX637742.1 383500000 384000000 91.0
OX637742.1 384000000 384500000 91.0
OX637742.1 384500000 385000000 91.0
OX637742.1 385000000 385500000 91.0
OX637742.1 385500000 386000000 91.0
OX637742.1 386000000 386500000 91.0
OX637742.1 386500000 387000000 91.0
OX637742.1 387000000 387500000 90.79935
OX637742.1 387500000 388000000 90.0
OX637742.1 388000000 388500000 90.0
OX637742.1 388500000 389000000 90.0
OX637742.1 389000000 389500000 90.0
OX637742.1 389500000 390000000 90.0
OX637742.1 390000000 390500000 90.0
OX637742.1 390500000 391000000 90.0
OX637742.1 391000000 391500000 90.0
OX637742.1 391500000 392000000 90.0
OX637742.1 392000000 392500000 90.0
OX637742.1 392500000 393000000 90.0
OX637742.1 393000000 393500000 90.0
OX637742.1 393500000 394000000 90.0
OX637742.1 394000000 394500000 90.0
OX637742.1 394500000 395000000 90.0
OX637742.1 395000000 395500000 90.0
OX637742.1 395500000 396000000 90.0
OX637742.1 396000000 396500000 90.0
OX637742.1 396500000 397000000 90.0
OX637742.1 397000000 397500000 90.0
OX637742.1 397500000 398000000 90.0
OX637742.1 398000000 398500000 90.0
OX637742.1 398500000 399000000 90.0
OX637742.1 399000000 399500000 90.0
OX637742.1 399500000 400000000 90.0
OX637742.1 400000000 400500000 90.0
OX637742.1 400500000 401000000 90.0
OX637742.1 401000000 401500000 90.0
OX637742.1 401500000 402000000 90.0
OX637742.1 402000000 402500000 90.0
OX637742.1 402500000 403000000 90.0
OX637742.1 403000000 403500000 90.0
OX637742.1 403500000 404000000 90.0
OX637742.1 404000000 404500000 90.0
OX637742.1 404500000 405000000 90.0
OX637742.1 405000000 405500000 90.0
OX637742.1 405500000 406000000 90.0
OX637742.1 406000000 406500000 90.0
OX637742.1 406500000 407000000 90.0
OX637742.1 407000000 407500000 90.0
OX637742.1 407500000 408000000 90.0
OX637742.1 408000000 408500000 90.0
OX637742.1 408500000 409000000 90.0
OX637742.1 409000000 409500000 90.0
OX637742.1 409500000 410000000 90.0
OX637742.1 410000000 410500000 90.0
OX637742.1 410500000 411000000 90.0
OX637742.1 411000000 411500000 90.0
OX637742.1 411500000 412000000 90.0
OX637742.1 412000000 412500000 90.0
OX637742.1 412500000 413000000 90.0
OX637742.1 413000000 413500000 90.0
OX637742.1 413500000 414000000 89.98539
OX637742.1 414000000 414500000 89.0
OX637742.1 414500000 415000000 89.0
OX637742.1 415000000 415500000 89.0
OX637742.1 415500000 416000000 89.0
OX637742.1 416000000 416500000 89.0
OX637742.1 416500000 417000000 89.0
OX637742.1 417000000 417500000 89.0
OX637742.1 417500000 418000000 89.0
OX637742.1 418000000 418500000 89.0
OX637742.1 418500000 419000000 89.0
OX637742.1 419000000 419500000 89.0
OX637742.1 419500000 420000000 89.0
OX637742.1 420000000 420500000 89.0
OX637742.1 420500000 421000000 89.0
OX637742.1 421000000 421500000 89.0
OX637742.1 421500000 422000000 89.0
OX637742.1 422000000 422500000 89.0
OX637742.1 422500000 423000000 89.0
OX637742.1 423000000 423500000 89.0
OX637742.1 423500000 424000000 89.0
OX637742.1 424000000 424500000 89.0
OX637742.1 424500000 425000000 89.0
OX637742.1 425000000 425500000 89.0
OX637742.1 425500000 426000000 89.0
OX637742.1 426000000 426500000 89.0
OX637742.1 426500000 427000000 89.0
OX637742.1 427000000 427500000 89.0
OX637742.1 427500000 428000000 89.0
OX637742.1 428000000 428500000 89.0
OX637742.1 428500000 429000000 89.0
OX637742.1 429000000 429500000 88.27899
OX637742.1 429500000 430000000 88.0
OX637742.1 430000000 430500000 88.0
OX637742.1 430500000 431000000 88.0
OX637742.1 431000000 431500000 88.0
OX637742.1 431500000 432000000 88.0
OX637742.1 432000000 432500000 88.0
OX637742.1 432500000 433000000 88.0
OX637742.1 433000000 433500000 88.0
OX637742.1 433500000 434000000 88.0
OX637742.1 434000000 434500000 88.0
OX637742.1 434500000 435000000 88.0
OX637742.1 435000000 435500000 88.0
OX637742.1 435500000 436000000 88.0
OX637742.1 436000000 436500000 88.0
OX637742.1 436500000 437000000 88.0
OX637742.1 437000000 437500000 88.0
OX637742.1 437500000 438000000 88.0
OX637742.1 438000000 438500000 88.0
OX637742.1 438500000 439000000 88.0
OX637742.1 439000000 439500000 88.0
OX637742.1 439500000 440000000 88.0
OX637742.1 440000000 440500000 88.0
OX637742.1 440500000 441000000 88.0
OX637742.1 441000000 441500000 87.57375
OX637742.1 441500000 442000000 87.0
OX637742.1 442000000 442500000 87.0
OX637742.1 442500000 443000000 87.0
OX637742.1 443000000 443500000 87.0
OX637742.1 443500000 444000000 87.0
OX637742.1 444000000 444500000 87.0
OX637742.1 444500000 445000000 87.0
OX637742.1 445000000 445500000 87.0
OX637742.1 445500000 446000000 87.0
OX637742.1 446000000 446500000 87.0
OX637742.1 446500000 447000000 87.0
OX637742.1 447000000 447500000 87.0
OX637742.1 447500000 448000000 87.0
OX637742.1 448000000 448500000 87.0
OX637742.1 448500000 449000000 87.0
OX637742.1 449000000 449500000 87.0
OX637742.1 449500000 450000000 87.0
OX637742.1 450000000 450500000 87.0
OX637742.1 450500000 451000000 87.0
OX637742.1 451000000 451500000 87.0
OX637742.1 451500000 452000000 87.0
OX637742.1 452000000 452500000 87.0
OX637742.1 452500000 453000000 87.0
OX637742.1 453000000 453500000 87.0
OX637742.1 453500000 454000000 87.0
OX637742.1 454000000 454500000 87.0
OX637742.1 454500000 455000000 87.0
OX637742.1 455000000 455500000 87.0
OX637742.1 455500000 456000000 87.0
OX637742.1 456000000 456500000 87.0
OX637742.1 456500000 457000000 87.0
OX637742.1 457000000 457500000 87.0
OX637742.1 457500000 458000000 87.0
OX637742.1 458000000 458500000 87.0
OX637742.1 458500000 459000000 87.0
OX637742.1 459000000 459500000 87.0
OX637742.1 459500000 460000000 87.0
OX637742.1 460000000 460500000 86.62234
OX637742.1 460500000 461000000 86.0
OX637742.1 461000000 461500000 86.0
OX637742.1 461500000 462000000 86.0
OX637742.1 462000000 462500000 86.0
OX637742.1 462500000 463000000 86.52239
OX637742.1 463000000 463500000 86.10249
OX637742.1 463500000 464000000 86.0
OX637742.1 464000000 464500000 86.0
OX637742.1 464500000 465000000 86.0
OX637742.1 465000000 465500000 86.0
OX637742.1 465500000 466000000 86.0
OX637742.1 466000000 466500000 86.0
OX637742.1 466500000 467000000 86.0
OX637742.1 467000000 467500000 86.0
OX637742.1 467500000 468000000 86.0
OX637742.1 468000000 468500000 86.0
OX637742.1 468500000 469000000 86.0
OX637742.1 469000000 469500000 86.0
OX637742.1 469500000 470000000 86.0
OX637742.1 470000000 470500000 86.0
OX637742.1 470500000 471000000 85.691
OX637742.1 471000000 471500000 85.0
OX637742.1 471500000 472000000 85.0
OX637742.1 472000000 472500000 85.0
OX637742.1 472500000 473000000 85.0
OX637742.1 473000000 473500000 85.0
OX637742.1 473500000 474000000 85.0
OX637742.1 474000000 474500000 85.0
OX637742.1 474500000 475000000 85.0
OX637742.1 475000000 475500000 85.0
OX637742.1 475500000 476000000 85.0
OX637742.1 476000000 476500000 85.0
OX637742.1 476500000 477000000 84.527
OX637742.1 477000000 477500000 84.0
OX637742.1 477500000 478000000 83.24856
OX637742.1 478000000 478500000 83.0
OX637742.1 478500000 479000000 83.0
OX637742.1 479000000 479500000 83.0
OX637742.1 479500000 480000000 83.0
OX637742.1 480000000 480500000 82.69583
OX637742.1 480500000 481000000 82.0
OX637742.1 481000000 481500000 82.0
OX637742.1 481500000 482000000 81.4721
OX637742.1 482000000 482500000 81.0
OX637742.1 482500000 483000000 81.0
OX637742.1 483000000 483500000 81.0
OX637742.1 483500000 484000000 81.0
OX637742.1 484000000 484500000 81.0
OX637742.1 484500000 485000000 81.0
OX637742.1 485000000 485500000 80.54271
OX637742.1 485500000 486000000 80.0
OX637742.1 486000000 486500000 80.0
OX637742.1 486500000 487000000 80.0
OX637742.1 487000000 487500000 80.0
OX637742.1 487500000 488000000 80.0
OX637742.1 488000000 488500000 79.63313
OX637742.1 488500000 489000000 79.0
OX637742.1 489000000 489500000 79.0
OX637742.1 489500000 490000000 79.0
OX637742.1 490000000 490500000 79.0
OX637742.1 490500000 491000000 79.0
OX637742.1 491000000 491500000 79.0
OX637742.1 491500000 492000000 77.75391
OX637742.1 492000000 492500000 77.0
OX637742.1 492500000 493000000 77.0
OX637742.1 493000000 493500000 75.43442
OX637742.1 493500000 494000000 73.84758
OX637742.1 494000000 494500000 73.0
OX637742.1 494500000 495000000 73.0
OX637742.1 495000000 495500000 73.0
OX637742.1 495500000 496000000 72.82044
OX637742.1 496000000 496500000 72.0
OX637742.1 496500000 497000000 71.62476
OX637742.1 497000000 497500000 71.0
OX637742.1 497500000 498000000 71.0
OX637742.1 498000000 498500000 71.0
OX637742.1 498500000 499000000 71.0
OX637742.1 499000000 499500000 70.21875
OX637742.1 499500000 500000000 70.66752
OX637742.1 500000000 500500000 69.8061
OX637742.1 500500000 501000000 67.34725
OX637742.1 501000000 501500000 66.50033
OX637742.1 501500000 502000000 65.31107
OX637742.1 502000000 502500000 65.0
OX637742.1 502500000 503000000 63.89617
OX637742.1 503000000 503500000 62.07992
OX637742.1 503500000 504000000 61.96158
OX637742.1 504000000 504500000 61.0
OX637742.1 504500000 505000000 60.81733
OX637742.1 505000000 505500000 60.0
OX637742.1 505500000 506000000 59.49046
OX637742.1 506000000 506500000 58.89992
OX637742.1 506500000 507000000 58.0
OX637742.1 507000000 507500000 57.00495
OX637742.1 507500000 508000000 55.0
OX637742.1 508000000 508500000 54.6781
OX637742.1 508500000 509000000 54.0
OX637742.1 509000000 509500000 54.0
OX637742.1 509500000 510000000 54.0
OX637742.1 510000000 510500000 54.0
OX637742.1 510500000 511000000 54.0
OX637742.1 511000000 511500000 53.72092
OX637742.1 511500000 512000000 53.0
OX637742.1 512000000 512500000 51.84739
OX637742.1 512500000 513000000 51.0
OX637742.1 513000000 513500000 50.31547
OX637742.1 513500000 514000000 47.51706
OX637742.1 514000000 514500000 46.83168
OX637742.1 514500000 515000000 43.21572
OX637742.1 515000000 515500000 40.24835
OX637742.1 515500000 516000000 40.0
OX637742.1 516000000 516500000 40.0
OX637742.1 516500000 517000000 39.49277
OX637742.1 517000000 517500000 39.0
OX637742.1 517500000 518000000 38.13827
OX637742.1 518000000 518500000 34.85539
OX637742.1 518500000 519000000 31.54949
OX637742.1 519000000 519500000 28.27064
OX637742.1 519500000 520000000 25.49966
OX637742.1 520000000 520500000 20.72032
OX637742.1 520500000 521000000 19.11728
OX637742.1 521000000 521500000 16.42375
OX637742.1 521500000 522000000 12.95701
OX637742.1 522000000 522500000 9.7938
OX637742.1 522500000 523000000 5.00476
OX637742.1 523000000 523500000 1.43574
OX637742.1 523500000 524000000 0.0
OX637742.1 524000000 524500000 0.0
OX637742.1 524500000 524680327 0.0
OX637749.1 0 500000 2.4442
OX637749.1 500000 1000000 3.0
OX637749.1 1000000 1500000 4.77329
OX637749.1 1500000 2000000 5.0
OX637749.1 2000000 2500000 5.0
OX637749.1 2500000 3000000 5.0
OX637749.1 3000000 3500000 5.0
OX637749.1 3500000 4000000 5.0
OX637749.1 4000000 4500000 8.32045
OX637749.1 4500000 5000000 9.0
OX637749.1 5000000 5500000 9.0
OX637749.1 5500000 6000000 10.01907
OX637749.1 6000000 6500000 12.78697
OX637749.1 6500000 7000000 16.0
OX637749.1 7000000 7500000 16.0
OX637749.1 7500000 8000000 17.69122
OX637749.1 8000000 8500000 18.62062
OX637749.1 8500000 9000000 19.41145
OX637749.1 9000000 9500000 23.82371
OX637749.1 9500000 10000000 26.97392
OX637749.1 10000000 10500000 27.0
OX637749.1 10500000 11000000 27.52723
OX637749.1 11000000 11500000 28.14971
OX637749.1 11500000 12000000 29.0
OX637749.1 12000000 12500000 30.36673
OX637749.1 12500000 13000000 32.19982
OX637749.1 13000000 13500000 36.62015
OX637749.1 13500000 14000000 37.81354
OX637749.1 14000000 14500000 41.16439
OX637749.1 14500000 15000000 42.07054
OX637749.1 15000000 15500000 43.0
OX637749.1 15500000 16000000 43.0
OX637749.1 16000000 16500000 43.33046
OX637749.1 16500000 17000000 45.12763
OX637749.1 17000000 17500000 46.2149
OX637749.1 17500000 18000000 47.40175
OX637749.1 18000000 18500000 48.26152
OX637749.1 18500000 19000000 49.77334
OX637749.1 19000000 19500000 50.0
OX637749.1 19500000 20000000 50.0
OX637749.1 20000000 20500000 50.0
OX637749.1 20500000 21000000 51.4295
OX637749.1 21000000 21500000 52.04356
OX637749.1 21500000 22000000 53.0
OX637749.1 22000000 22500000 53.0
OX637749.1 22500000 23000000 53.0
OX637749.1 23000000 23500000 53.0
OX637749.1 23500000 24000000 53.0
OX637749.1 24000000 24500000 53.62531
OX637749.1 24500000 25000000 54.09769
OX637749.1 25000000 25500000 56.29675
OX637749.1 25500000 26000000 57.0
OX637749.1 26000000 26500000 57.0
OX637749.1 26500000 27000000 57.0
OX637749.1 27000000 27500000 57.25695
OX637749.1 27500000 28000000 58.0
OX637749.1 28000000 28500000 58.0
OX637749.1 28500000 29000000 58.85711
OX637749.1 29000000 29500000 59.0
OX637749.1 29500000 30000000 59.0
OX637749.1 30000000 30500000 59.94664
OX637749.1 30500000 31000000 60.05038
OX637749.1 31000000 31500000 61.0
OX637749.1 31500000 32000000 61.0
OX637749.1 32000000 32500000 61.65686
OX637749.1 32500000 33000000 63.0
OX637749.1 33000000 33500000 63.0
OX637749.1 33500000 34000000 63.0
OX637749.1 34000000 34500000 63.0
OX637749.1 34500000 35000000 63.13265
OX637749.1 35000000 35500000 64.0
OX637749.1 35500000 36000000 64.44596
OX637749.1 36000000 36500000 66.0
OX637749.1 36500000 37000000 66.0
OX637749.1 37000000 37500000 66.0
OX637749.1 37500000 38000000 66.52565
OX637749.1 38000000 38500000 67.56187
OX637749.1 38500000 39000000 68.0
OX637749.1 39000000 39500000 68.0
OX637749.1 39500000 40000000 68.0
OX637749.1 40000000 40500000 68.0
OX637749.1 40500000 41000000 68.0
OX637749.1 41000000 41500000 68.0
OX637749.1 41500000 42000000 68.0
OX637749.1 42000000 42500000 68.0
OX637749.1 42500000 43000000 68.0
OX637749.1 43000000 43500000 68.3452
OX637749.1 43500000 44000000 70.54809
OX637749.1 44000000 44500000 71.0
OX637749.1 44500000 45000000 71.0
OX637749.1 45000000 45500000 71.0
OX637749.1 45500000 46000000 71.0
OX637749.1 46000000 46500000 71.0
OX637749.1 46500000 47000000 71.0
OX637749.1 47000000 47500000 71.0
OX637749.1 47500000 48000000 71.0
OX637749.1 48000000 48500000 71.0
OX637749.1 48500000 49000000 71.0
OX637749.1 49000000 49500000 71.0
OX637749.1 49500000 50000000 71.0
OX637749.1 50000000 50500000 71.0
OX637749.1 50500000 51000000 71.0
OX637749.1 51000000 51500000 71.0
OX637749.1 51500000 52000000 71.8148
OX637749.1 52000000 52500000 72.0
OX637749.1 52500000 53000000 72.0
OX637749.1 53000000 53500000 72.09012
OX637749.1 53500000 54000000 73.25315
OX637749.1 54000000 54500000 74.0
OX637749.1 54500000 55000000 74.0
OX637749.1 55000000 55500000 74.0
OX637749.1 55500000 56000000 74.0
OX637749.1 56000000 56500000 74.0
OX637749.1 56500000 57000000 74.0
OX637749.1 57000000 57500000 74.0
OX637749.1 57500000 58000000 74.95185
OX637749.1 58000000 58500000 76.0
OX637749.1 58500000 59000000 76.0
OX637749.1 59000000 59500000 76.82265
OX637749.1 59500000 60000000 77.0
OX637749.1 60000000 60500000 77.0
OX637749.1 60500000 61000000 77.0
OX637749.1 61000000 61500000 77.0
OX637749.1 61500000 62000000 77.0
OX637749.1 62000000 62500000 77.0
OX637749.1 62500000 63000000 77.0
OX637749.1 63000000 63500000 77.0
OX637749.1 63500000 64000000 77.0
OX637749.1 64000000 64500000 77.0
OX637749.1 64500000 65000000 77.0
OX637749.1 65000000 65500000 77.11416
OX637749.1 65500000 66000000 78.0
OX637749.1 66000000 66500000 78.0
OX637749.1 66500000 67000000 78.0
OX637749.1 67000000 67500000 78.0
OX637749.1 67500000 68000000 78.9084
OX637749.1 68000000 68500000 79.02036
OX637749.1 68500000 69000000 80.0
OX637749.1 69000000 69500000 80.0
OX637749.1 69500000 70000000 80.0
OX637749.1 70000000 70500000 80.0
OX637749.1 70500000 71000000 80.0
OX637749.1 71000000 71500000 80.0
OX637749.1 71500000 72000000 80.0
OX637749.1 72000000 72500000 80.0
OX637749.1 72500000 73000000 80.0
OX637749.1 73000000 73500000 80.73395
OX637749.1 73500000 74000000 81.83643
OX637749.1 74000000 74500000 82.0
OX637749.1 74500000 75000000 82.0
OX637749.1 75000000 75500000 82.0
OX637749.1 75500000 76000000 82.0
OX637749.1 76000000 76500000 82.0
OX637749.1 76500000 77000000 82.0
OX637749.1 77000000 77500000 82.0
OX637749.1 77500000 78000000 82.0
OX637749.1 78000000 78500000 82.0
OX637749.1 78500000 79000000 82.0
OX637749.1 79000000 79500000 82.0
OX637749.1 79500000 80000000 82.0
OX637749.1 80000000 80500000 82.0
OX637749.1 80500000 81000000 82.0
OX637749.1 81000000 81500000 82.0
OX637749.1 81500000 82000000 82.63648
OX637749.1 82000000 82500000 83.00748
OX637749.1 82500000 83000000 84.0
OX637749.1 83000000 83500000 84.0
OX637749.1 83500000 84000000 84.0
OX637749.1 84000000 84500000 84.0
OX637749.1 84500000 85000000 84.0
OX637749.1 85000000 85500000 84.0
OX637749.1 85500000 86000000 85.18235
OX637749.1 86000000 86500000 86.0
OX637749.1 86500000 87000000 86.0
OX637749.1 87000000 87500000 86.0
OX637749.1 87500000 88000000 86.0
OX637749.1 88000000 88500000 86.0
OX637749.1 88500000 89000000 86.00208
OX637749.1 89000000 89500000 87.0
OX637749.1 89500000 90000000 87.0
OX637749.1 90000000 90500000 87.0
OX637749.1 90500000 91000000 87.0
OX637749.1 91000000 91500000 87.12192
OX637749.1 91500000 92000000 88.0
OX637749.1 92000000 92500000 88.0
OX637749.1 92500000 93000000 88.0
OX637749.1 93000000 93500000 88.0
OX637749.1 93500000 94000000 88.0
OX637749.1 94000000 94500000 88.0
OX637749.1 94500000 95000000 88.0
OX637749.1 95000000 95500000 88.0
OX637749.1 95500000 96000000 88.0
OX637749.1 96000000 96500000 88.0
OX637749.1 96500000 97000000 88.0128
OX637749.1 97000000 97500000 88.0
OX637749.1 97500000 98000000 88.0
OX637749.1 98000000 98500000 88.0
OX637749.1 98500000 99000000 88.37779
OX637749.1 99000000 99500000 89.0
OX637749.1 99500000 100000000 89.0
OX637749.1 100000000 100500000 89.0
OX637749.1 100500000 101000000 89.0
OX637749.1 101000000 101500000 89.0194
OX637749.1 101500000 102000000 90.0
OX637749.1 102000000 102500000 90.69221
OX637749.1 102500000 103000000 91.79655
OX637749.1 103000000 103500000 93.0
OX637749.1 103500000 104000000 93.0
OX637749.1 104000000 104500000 93.0
OX637749.1 104500000 105000000 93.0
OX637749.1 105000000 105500000 93.0
OX637749.1 105500000 106000000 93.0
OX637749.1 106000000 106500000 93.0
OX637749.1 106500000 107000000 93.0
OX637749.1 107000000 107500000 93.0
OX637749.1 107500000 108000000 93.0
OX637749.1 108000000 108500000 93.0
OX637749.1 108500000 109000000 93.0
OX637749.1 109000000 109500000 93.0
OX637749.1 109500000 110000000 93.60248
OX637749.1 110000000 110500000 95.0
OX637749.1 110500000 111000000 95.0
OX637749.1 111000000 111500000 95.0
OX637749.1 111500000 112000000 95.0
OX637749.1 112000000 112500000 95.0
OX637749.1 112500000 113000000 96.92203
OX637749.1 113000000 113500000 97.0
OX637749.1 113500000 114000000 97.0
OX637749.1 114000000 114500000 97.0
OX637749.1 114500000 115000000 97.0
OX637749.1 115000000 115500000 97.0
OX637749.1 115500000 116000000 97.0
OX637749.1 116000000 116500000 97.0
OX637749.1 116500000 117000000 97.0
OX637749.1 117000000 117500000 97.43766
OX637749.1 117500000 118000000 98.0
OX637749.1 118000000 118500000 98.0
OX637749.1 118500000 119000000 98.0
OX637749.1 119000000 119500000 97.05042
OX637749.1 119500000 120000000 97.02211
OX637749.1 120000000 120500000 98.0
OX637749.1 120500000 121000000 98.0
OX637749.1 121000000 121500000 98.0
OX637749.1 121500000 122000000 98.0
OX637749.1 122000000 122500000 98.0
OX637749.1 122500000 123000000 98.0
OX637749.1 123000000 123500000 98.0
OX637749.1 123500000 124000000 98.0
OX637749.1 124000000 124500000 98.0
OX637749.1 124500000 125000000 98.0
OX637749.1 125000000 125500000 98.0
OX637749.1 125500000 126000000 98.0
OX637749.1 126000000 126500000 98.0
OX637749.1 126500000 127000000 98.0
OX637749.1 127000000 127500000 98.0
OX637749.1 127500000 128000000 98.0
OX637749.1 128000000 128500000 98.0
OX637749.1 128500000 129000000 98.0
OX637749.1 129000000 129500000 98.0
OX637749.1 129500000 130000000 98.0
OX637749.1 130000000 130500000 98.0
OX637749.1 130500000 131000000 98.0
OX637749.1 131000000 131500000 98.0
OX637749.1 131500000 132000000 98.0
OX637749.1 132000000 132500000 98.0
OX637749.1 132500000 133000000 98.0
OX637749.1 133000000 133500000 98.0
OX637749.1 133500000 134000000 98.0
OX637749.1 134000000 134500000 98.0
OX637749.1 134500000 135000000 98.0
OX637749.1 135000000 135500000 98.0
OX637749.1 135500000 136000000 98.0
OX637749.1 136000000 136500000 98.0
OX637749.1 136500000 137000000 98.0
OX637749.1 137000000 137500000 98.0
OX637749.1 137500000 138000000 98.0
OX637749.1 138000000 138500000 98.0
OX637749.1 138500000 139000000 98.0
OX637749.1 139000000 139500000 98.0
OX637749.1 139500000 140000000 98.0
OX637749.1 140000000 140500000 98.0
OX637749.1 140500000 141000000 98.0
OX637749.1 141000000 141500000 98.0
OX637749.1 141500000 142000000 98.0
OX637749.1 142000000 142500000 98.0
OX637749.1 142500000 143000000 98.0
OX637749.1 143000000 143500000 98.0
OX637749.1 143500000 144000000 98.0
OX637749.1 144000000 144500000 98.0
OX637749.1 144500000 145000000 98.0
OX637749.1 145000000 145500000 98.0
OX637749.1 145500000 146000000 98.0
OX637749.1 146000000 146500000 98.0
OX637749.1 146500000 147000000 98.0
OX637749.1 147000000 147500000 98.0
OX637749.1 147500000 148000000 98.87142
OX637749.1 148000000 148500000 99.0
OX637749.1 148500000 149000000 99.0
OX637749.1 149000000 149500000 99.0
OX637749.1 149500000 150000000 100.0076
OX637749.1 150000000 150500000 101.0
OX637749.1 150500000 151000000 101.0
OX637749.1 151000000 151500000 101.0
OX637749.1 151500000 152000000 101.13158
OX637749.1 152000000 152500000 102.0
OX637749.1 152500000 153000000 102.0
OX637749.1 153000000 153500000 102.0
OX637749.1 153500000 154000000 102.0
OX637749.1 154000000 154500000 102.0
OX637749.1 154500000 155000000 102.0
OX637749.1 155000000 155500000 102.0
OX637749.1 155500000 156000000 102.0
OX637749.1 156000000 156500000 102.0
OX637749.1 156500000 157000000 102.0
OX637749.1 157000000 157500000 102.0
OX637749.1 157500000 158000000 102.0
OX637749.1 158000000 158500000 102.0
OX637749.1 158500000 159000000 102.0
OX637749.1 159000000 159500000 102.0
OX637749.1 159500000 160000000 102.0
OX637749.1 160000000 160500000 102.0
OX637749.1 160500000 161000000 102.0
OX637749.1 161000000 161500000 102.0
OX637749.1 161500000 162000000 102.0
OX637749.1 162000000 162500000 102.0
OX637749.1 162500000 163000000 102.0
OX637749.1 163000000 163500000 102.0
OX637749.1 163500000 164000000 102.0
OX637749.1 164000000 164500000 102.0
OX637749.1 164500000 165000000 102.0
OX637749.1 165000000 165500000 102.0
OX637749.1 165500000 166000000 102.0
OX637749.1 166000000 166500000 102.0
OX637749.1 166500000 167000000 102.0
OX637749.1 167000000 167500000 102.0
OX637749.1 167500000 168000000 102.0
OX637749.1 168000000 168500000 102.0
OX637749.1 168500000 169000000 102.8038
OX637749.1 169000000 169500000 103.0
OX637749.1 169500000 170000000 103.0
OX637749.1 170000000 170500000 103.0
OX637749.1 170500000 171000000 103.0
OX637749.1 171000000 171500000 103.0
OX637749.1 171500000 172000000 103.0
OX637749.1 172000000 172500000 103.0
OX637749.1 172500000 173000000 103.0
OX637749.1 173000000 173500000 103.0
OX637749.1 173500000 174000000 103.0
OX637749.1 174000000 174500000 103.0
OX637749.1 174500000 175000000 103.0
OX637749.1 175000000 175500000 103.0
OX637749.1 175500000 176000000 103.0
OX637749.1 176000000 176500000 103.0
OX637749.1 176500000 177000000 103.0
OX637749.1 177000000 177500000 103.6131
OX637749.1 177500000 178000000 104.0
OX637749.1 178000000 178500000 104.0
OX637749.1 178500000 179000000 104.0
OX637749.1 179000000 179500000 104.0
OX637749.1 179500000 180000000 104.0
OX637749.1 180000000 180500000 104.0
OX637749.1 180500000 181000000 104.0
OX637749.1 181000000 181500000 104.0
OX637749.1 181500000 182000000 104.0
OX637749.1 182000000 182500000 104.0
OX637749.1 182500000 183000000 104.0
OX637749.1 183000000 183500000 104.0
OX637749.1 183500000 184000000 104.0
OX637749.1 184000000 184500000 104.0
OX637749.1 184500000 185000000 104.0
OX637749.1 185000000 185500000 104.0
OX637749.1 185500000 186000000 104.0
OX637749.1 186000000 186500000 104.0
OX637749.1 186500000 187000000 104.0
OX637749.1 187000000 187500000 104.0
OX637749.1 187500000 188000000 104.0
OX637749.1 188000000 188500000 104.0
OX637749.1 188500000 189000000 104.0
OX637749.1 189000000 189500000 104.0
OX637749.1 189500000 190000000 104.0
OX637749.1 190000000 190500000 104.0
OX637749.1 190500000 191000000 104.0
OX637749.1 191000000 191500000 104.0
OX637749.1 191500000 192000000 104.0
OX637749.1 192000000 192500000 104.0
OX637749.1 192500000 193000000 104.0
OX637749.1 193000000 193500000 104.0
OX637749.1 193500000 194000000 104.0
OX637749.1 194000000 194500000 104.0
OX637749.1 194500000 195000000 104.0
OX637749.1 195000000 195500000 104.0
OX637749.1 195500000 196000000 104.0
OX637749.1 196000000 196500000 104.0
OX637749.1 196500000 197000000 104.0
OX637749.1 197000000 197500000 104.0
OX637749.1 197500000 198000000 104.0
OX637749.1 198000000 198500000 104.0
OX637749.1 198500000 199000000 104.0
OX637749.1 199000000 199500000 104.0
OX637749.1 199500000 200000000 104.0
OX637749.1 200000000 200500000 104.0
OX637749.1 200500000 201000000 104.0
OX637749.1 201000000 201500000 104.0
OX637749.1 201500000 202000000 104.0
OX637749.1 202000000 202500000 104.0
OX637749.1 202500000 203000000 104.0
OX637749.1 203000000 203500000 104.0
OX637749.1 203500000 204000000 104.0
OX637749.1 204000000 204500000 104.0
OX637749.1 204500000 205000000 104.0
OX637749.1 205000000 205500000 104.0
OX637749.1 205500000 206000000 104.0
OX637749.1 206000000 206500000 104.0
OX637749.1 206500000 207000000 104.0
OX637749.1 207000000 207500000 104.0
OX637749.1 207500000 208000000 104.0
OX637749.1 208000000 208500000 104.0
OX637749.1 208500000 209000000 104.0
OX637749.1 209000000 209500000 104.0
OX637749.1 209500000 210000000 104.0
OX637749.1 210000000 210500000 104.0
OX637749.1 210500000 211000000 104.0
OX637749.1 211000000 211500000 104.0
OX637749.1 211500000 212000000 104.0
OX637749.1 212000000 212500000 104.0
OX637749.1 212500000 213000000 104.0
OX637749.1 213000000 213500000 104.0
OX637749.1 213500000 214000000 104.0
OX637749.1 214000000 214500000 104.0
OX637749.1 214500000 215000000 104.0
OX637749.1 215000000 215500000 104.0
OX637749.1 215500000 216000000 104.0
OX637749.1 216000000 216500000 104.0
OX637749.1 216500000 217000000 104.32622
OX637749.1 217000000 217500000 105.0
OX637749.1 217500000 218000000 105.0
OX637749.1 218000000 218500000 105.0
OX637749.1 218500000 219000000 105.0
OX637749.1 219000000 219500000 105.0
OX637749.1 219500000 220000000 105.0
OX637749.1 220000000 220500000 105.0
OX637749.1 220500000 221000000 105.0
OX637749.1 221000000 221500000 105.0
OX637749.1 221500000 222000000 105.0
OX637749.1 222000000 222500000 105.0
OX637749.1 222500000 223000000 105.0
OX637749.1 223000000 223500000 105.0
OX637749.1 223500000 224000000 105.0
OX637749.1 224000000 224500000 105.0
OX637749.1 224500000 225000000 105.0
OX637749.1 225000000 225500000 105.0
OX637749.1 225500000 226000000 105.0
OX637749.1 226000000 226500000 105.0
OX637749.1 226500000 227000000 105.0
OX637749.1 227000000 227500000 105.0
OX637749.1 227500000 228000000 105.0
OX637749.1 228000000 228500000 105.0
OX637749.1 228500000 229000000 105.0
OX637749.1 229000000 229500000 105.0
OX637749.1 229500000 230000000 105.0
OX637749.1 230000000 230500000 105.0
OX637749.1 230500000 231000000 105.0
OX637749.1 231000000 231500000 105.0
OX637749.1 231500000 232000000 105.0
OX637749.1 232000000 232500000 105.0
OX637749.1 232500000 233000000 105.0
OX637749.1 233000000 233500000 105.0
OX637749.1 233500000 234000000 105.0
OX637749.1 234000000 234500000 105.0
OX637749.1 234500000 235000000 105.0
OX637749.1 235000000 235500000 105.0
OX637749.1 235500000 236000000 105.0
OX637749.1 236000000 236500000 105.0
OX637749.1 236500000 237000000 105.0
OX637749.1 237000000 237500000 105.0
OX637749.1 237500000 238000000 105.0
OX637749.1 238000000 238500000 105.0
OX637749.1 238500000 239000000 105.0
OX637749.1 239000000 239500000 105.0
OX637749.1 239500000 240000000 105.0
OX637749.1 240000000 240500000 105.0
OX637749.1 240500000 241000000 105.0
OX637749.1 241000000 241500000 105.0
OX637749.1 241500000 242000000 105.0
OX637749.1 242000000 242500000 105.0
OX637749.1 242500000 243000000 105.0
OX637749.1 243000000 243500000 105.0
OX637749.1 243500000 244000000 105.0
OX637749.1 244000000 244500000 105.0
OX637749.1 244500000 245000000 105.0
OX637749.1 245000000 245500000 104.90815
OX637749.1 245500000 246000000 104.0
OX637749.1 246000000 246500000 104.0
OX637749.1 246500000 247000000 104.0
OX637749.1 247000000 247500000 104.0
OX637749.1 247500000 248000000 104.0
OX637749.1 248000000 248500000 104.0
OX637749.1 248500000 249000000 104.0
OX637749.1 249000000 249500000 104.0
OX637749.1 249500000 250000000 104.0
OX637749.1 250000000 250500000 104.0
OX637749.1 250500000 251000000 104.0
OX637749.1 251000000 251500000 104.0
OX637749.1 251500000 252000000 104.0
OX637749.1 252000000 252500000 104.0
OX637749.1 252500000 253000000 104.0
OX637749.1 253000000 253500000 104.0
OX637749.1 253500000 254000000 104.0
OX637749.1 254000000 254500000 104.0
OX637749.1 254500000 255000000 104.0
OX637749.1 255000000 255500000 104.0
OX637749.1 255500000 256000000 104.0
OX637749.1 256000000 256500000 104.0
OX637749.1 256500000 257000000 104.0
OX637749.1 257000000 257500000 104.0
OX637749.1 257500000 258000000 104.0
OX637749.1 258000000 258500000 104.0
OX637749.1 258500000 259000000 104.0
OX637749.1 259000000 259500000 104.0
OX637749.1 259500000 260000000 104.0
OX637749.1 260000000 260500000 104.0
OX637749.1 260500000 261000000 104.0
OX637749.1 261000000 261500000 104.0
OX637749.1 261500000 262000000 104.0
OX637749.1 262000000 262500000 104.0
OX637749.1 262500000 263000000 104.0
OX637749.1 263000000 263500000 104.0
OX637749.1 263500000 264000000 104.0
OX637749.1 264000000 264500000 104.0
OX637749.1 264500000 265000000 104.0
OX637749.1 265000000 265500000 104.0
OX637749.1 265500000 266000000 104.0
OX637749.1 266000000 266500000 104.0
OX637749.1 266500000 267000000 104.0
OX637749.1 267000000 267500000 104.0
OX637749.1 267500000 268000000 104.0
OX637749.1 268000000 268500000 104.0
OX637749.1 268500000 269000000 104.0
OX637749.1 269000000 269500000 104.0
OX637749.1 269500000 270000000 104.0
OX637749.1 270000000 270500000 104.0
OX637749.1 270500000 271000000 104.0
OX637749.1 271000000 271500000 104.0
OX637749.1 271500000 272000000 104.0
OX637749.1 272000000 272500000 104.0
OX637749.1 272500000 273000000 104.0
OX637749.1 273000000 273500000 104.0
OX637749.1 273500000 274000000 104.0
OX637749.1 274000000 274500000 104.0
OX637749.1 274500000 275000000 104.0
OX637749.1 275000000 275500000 104.0
OX637749.1 275500000 276000000 104.0
OX637749.1 276000000 276500000 104.0
OX637749.1 276500000 277000000 104.0
OX637749.1 277000000 277500000 104.0
OX637749.1 277500000 278000000 104.0
OX637749.1 278000000 278500000 104.0
OX637749.1 278500000 279000000 104.0
OX637749.1 279000000 279500000 104.0
OX637749.1 279500000 280000000 104.0
OX637749.1 280000000 280500000 104.0
OX637749.1 280500000 281000000 104.0
OX637749.1 281000000 281500000 104.0
OX637749.1 281500000 282000000 104.0
OX637749.1 282000000 282500000 104.0
OX637749.1 282500000 283000000 104.0
OX637749.1 283000000 283500000 104.0
OX637749.1 283500000 284000000 104.0
OX637749.1 284000000 284500000 104.0
OX637749.1 284500000 285000000 104.0
OX637749.1 285000000 285500000 104.0
OX637749.1 285500000 286000000 104.0
OX637749.1 286000000 286500000 104.0
OX637749.1 286500000 287000000 104.0
OX637749.1 287000000 287500000 104.0
OX637749.1 287500000 288000000 104.0
OX637749.1 288000000 288500000 104.0
OX637749.1 288500000 289000000 104.0
OX637749.1 289000000 289500000 104.0
OX637749.1 289500000 290000000 104.0
OX637749.1 290000000 290500000 104.0
OX637749.1 290500000 291000000 104.0
OX637749.1 291000000 291500000 104.0
OX637749.1 291500000 292000000 104.0
OX637749.1 292000000 292500000 104.0
OX637749.1 292500000 293000000 104.0
OX637749.1 293000000 293500000 104.0
OX637749.1 293500000 294000000 104.0
OX637749.1 294000000 294500000 104.0
OX637749.1 294500000 295000000 104.0
OX637749.1 295000000 295500000 104.0
OX637749.1 295500000 296000000 104.0
OX637749.1 296000000 296500000 104.0
OX637749.1 296500000 297000000 104.0
OX637749.1 297000000 297500000 104.0
OX637749.1 297500000 298000000 104.0
OX637749.1 298000000 298500000 104.0
OX637749.1 298500000 299000000 104.0
OX637749.1 299000000 299500000 104.0
OX637749.1 299500000 300000000 104.0
OX637749.1 300000000 300500000 104.0
OX637749.1 300500000 301000000 104.0
OX637749.1 301000000 301500000 104.0
OX637749.1 301500000 302000000 104.0
OX637749.1 302000000 302500000 104.0
OX637749.1 302500000 303000000 104.0
OX637749.1 303000000 303500000 104.0
OX637749.1 303500000 304000000 104.0
OX637749.1 304000000 304500000 104.0
OX637749.1 304500000 305000000 104.0
OX637749.1 305000000 305500000 104.0
OX637749.1 305500000 306000000 104.0
OX637749.1 306000000 306500000 104.0
OX637749.1 306500000 307000000 104.0
OX637749.1 307000000 307500000 104.0
OX637749.1 307500000 308000000 104.0
OX637749.1 308000000 308500000 104.0
OX637749.1 308500000 309000000 104.0
OX637749.1 309000000 309500000 104.0
OX637749.1 309500000 310000000 104.0
OX637749.1 310000000 310500000 104.0
OX637749.1 310500000 311000000 104.0
OX637749.1 311000000 311500000 104.0
OX637749.1 311500000 312000000 104.0
OX637749.1 312000000 312500000 104.0
OX637749.1 312500000 313000000 104.0
OX637749.1 313000000 313500000 104.0
OX637749.1 313500000 314000000 104.0
OX637749.1 314000000 314500000 104.0
OX637749.1 314500000 315000000 104.0
OX637749.1 315000000 315500000 104.0
OX637749.1 315500000 316000000 104.0
OX637749.1 316000000 316500000 104.0
OX637749.1 316500000 317000000 104.0
OX637749.1 317000000 317500000 104.0
OX637749.1 317500000 318000000 104.0
OX637749.1 318000000 318500000 104.0
OX637749.1 318500000 319000000 104.0
OX637749.1 319000000 319500000 104.0
OX637749.1 319500000 320000000 104.0
OX637749.1 320000000 320500000 104.0
OX637749.1 320500000 321000000 104.0
OX637749.1 321000000 321500000 104.0
OX637749.1 321500000 322000000 104.0
OX637749.1 322000000 322500000 104.0
OX637749.1 322500000 323000000 104.0
OX637749.1 323000000 323500000 104.0
OX637749.1 323500000 324000000 104.0
OX637749.1 324000000 324500000 104.0
OX637749.1 324500000 325000000 104.0
OX637749.1 325000000 325500000 104.0
OX637749.1 325500000 326000000 104.0
OX637749.1 326000000 326500000 104.0
OX637749.1 326500000 327000000 104.0
OX637749.1 327000000 327500000 104.0
OX637749.1 327500000 328000000 104.0
OX637749.1 328000000 328500000 104.0
OX637749.1 328500000 329000000 104.0
OX637749.1 329000000 329500000 104.0
OX637749.1 329500000 330000000 104.0
OX637749.1 330000000 330500000 104.0
OX637749.1 330500000 331000000 104.0
OX637749.1 331000000 331500000 104.0
OX637749.1 331500000 332000000 104.0
OX637749.1 332000000 332500000 104.0
OX637749.1 332500000 333000000 104.0
OX637749.1 333000000 333500000 104.0
OX637749.1 333500000 334000000 104.0
OX637749.1 334000000 334500000 104.0
OX637749.1 334500000 335000000 104.0
OX637749.1 335000000 335500000 104.0
OX637749.1 335500000 336000000 104.0
OX637749.1 336000000 336500000 104.0
OX637749.1 336500000 337000000 104.0
OX637749.1 337000000 337500000 104.0
OX637749.1 337500000 338000000 104.0
OX637749.1 338000000 338500000 104.0
OX637749.1 338500000 339000000 104.0
OX637749.1 339000000 339500000 104.0
OX637749.1 339500000 340000000 104.0
OX637749.1 340000000 340500000 104.0
OX637749.1 340500000 341000000 104.0
OX637749.1 341000000 341500000 104.0
OX637749.1 341500000 342000000 104.0
OX637749.1 342000000 342500000 104.0
OX637749.1 342500000 343000000 104.0
OX637749.1 343000000 343500000 104.0
OX637749.1 343500000 344000000 104.0
OX637749.1 344000000 344500000 104.0
OX637749.1 344500000 345000000 104.0
OX637749.1 345000000 345500000 104.0
OX637749.1 345500000 346000000 104.0
OX637749.1 346000000 346500000 104.0
OX637749.1 346500000 347000000 104.0
OX637749.1 347000000 347500000 104.0
OX637749.1 347500000 348000000 104.0
OX637749.1 348000000 348500000 104.0
OX637749.1 348500000 349000000 104.0
OX637749.1 349000000 349500000 104.0
OX637749.1 349500000 350000000 104.0
OX637749.1 350000000 350500000 104.0
OX637749.1 350500000 351000000 104.0
OX637749.1 351000000 351500000 104.0
OX637749.1 351500000 352000000 104.0
OX637749.1 352000000 352500000 104.0
OX637749.1 352500000 353000000 104.0
OX637749.1 353000000 353500000 103.81758
OX637749.1 353500000 354000000 103.0
OX637749.1 354000000 354500000 103.0
OX637749.1 354500000 355000000 103.0
OX637749.1 355000000 355500000 103.0
OX637749.1 355500000 356000000 103.0
OX637749.1 356000000 356500000 103.0
OX637749.1 356500000 357000000 103.0
OX637749.1 357000000 357500000 103.0
OX637749.1 357500000 358000000 103.0
OX637749.1 358000000 358500000 103.0
OX637749.1 358500000 359000000 103.0
OX637749.1 359000000 359500000 103.0
OX637749.1 359500000 360000000 103.0
OX637749.1 360000000 360500000 103.0
OX637749.1 360500000 361000000 103.0
OX637749.1 361000000 361500000 103.0
OX637749.1 361500000 362000000 103.0
OX637749.1 362000000 362500000 103.0
OX637749.1 362500000 363000000 103.0
OX637749.1 363000000 363500000 103.0
OX637749.1 363500000 364000000 103.0
OX637749.1 364000000 364500000 103.0
OX637749.1 364500000 365000000 103.0
OX637749.1 365000000 365500000 103.0
OX637749.1 365500000 366000000 103.0
OX637749.1 366000000 366500000 103.0
OX637749.1 366500000 367000000 103.0
OX637749.1 367000000 367500000 103.0
OX637749.1 367500000 368000000 103.0
OX637749.1 368000000 368500000 103.0
OX637749.1 368500000 369000000 103.0
OX637749.1 369000000 369500000 103.0
OX637749.1 369500000 370000000 103.0
OX637749.1 370000000 370500000 103.0
OX637749.1 370500000 371000000 103.0
OX637749.1 371000000 371500000 103.0
OX637749.1 371500000 372000000 103.0
OX637749.1 372000000 372500000 103.0
OX637749.1 372500000 373000000 103.0
OX637749.1 373000000 373500000 103.0
OX637749.1 373500000 374000000 103.0
OX637749.1 374000000 374500000 103.0
OX637749.1 374500000 375000000 103.0
OX637749.1 375000000 375500000 103.0
OX637749.1 375500000 376000000 103.0
OX637749.1 376000000 376500000 103.0
OX637749.1 376500000 377000000 103.0
OX637749.1 377000000 377500000 103.0
OX637749.1 377500000 378000000 103.0
OX637749.1 378000000 378500000 103.0
OX637749.1 378500000 379000000 103.0
OX637749.1 379000000 379500000 103.0
OX637749.1 379500000 380000000 103.0
OX637749.1 380000000 380500000 103.0
OX637749.1 380500000 381000000 103.0
OX637749.1 381000000 381500000 103.0
OX637749.1 381500000 382000000 103.0
OX637749.1 382000000 382500000 103.0
OX637749.1 382500000 383000000 103.0
OX637749.1 383000000 383500000 103.0
OX637749.1 383500000 384000000 103.0
OX637749.1 384000000 384500000 103.0
OX637749.1 384500000 385000000 103.0
OX637749.1 385000000 385500000 103.0
OX637749.1 385500000 386000000 103.0
OX637749.1 386000000 386500000 103.0
OX637749.1 386500000 387000000 103.0
OX637749.1 387000000 387500000 103.0
OX637749.1 387500000 388000000 103.0
OX637749.1 388000000 388500000 103.0
OX637749.1 388500000 389000000 103.0
OX637749.1 389000000 389500000 103.0
OX637749.1 389500000 390000000 103.0
OX637749.1 390000000 390500000 103.0
OX637749.1 390500000 391000000 103.0
OX637749.1 391000000 391500000 103.0
OX637749.1 391500000 392000000 103.0
OX637749.1 392000000 392500000 103.0
OX637749.1 392500000 393000000 103.0
OX637749.1 393000000 393500000 103.0
OX637749.1 393500000 394000000 103.0
OX637749.1 394000000 394500000 103.0
OX637749.1 394500000 395000000 103.0
OX637749.1 395000000 395500000 103.0
OX637749.1 395500000 396000000 103.0
OX637749.1 396000000 396500000 103.0
OX637749.1 396500000 397000000 103.0
OX637749.1 397000000 397500000 103.0
OX637749.1 397500000 398000000 103.0
OX637749.1 398000000 398500000 103.0
OX637749.1 398500000 399000000 103.0
OX637749.1 399000000 399500000 103.0
OX637749.1 399500000 400000000 103.0
OX637749.1 400000000 400500000 103.0
OX637749.1 400500000 401000000 103.0
OX637749.1 401000000 401500000 103.0
OX637749.1 401500000 402000000 103.0
OX637749.1 402000000 402500000 103.0
OX637749.1 402500000 403000000 103.0
OX637749.1 403000000 403500000 103.0
OX637749.1 403500000 404000000 103.0
OX637749.1 404000000 404500000 103.0
OX637749.1 404500000 405000000 103.0
OX637749.1 405000000 405500000 103.0
OX637749.1 405500000 406000000 103.0
OX637749.1 406000000 406500000 103.0
OX637749.1 406500000 407000000 103.0
OX637749.1 407000000 407500000 103.0
OX637749.1 407500000 408000000 103.0
OX637749.1 408000000 408500000 103.0
OX637749.1 408500000 409000000 103.0
OX637749.1 409000000 409500000 103.0
OX637749.1 409500000 410000000 103.0
OX637749.1 410000000 410500000 103.0
OX637749.1 410500000 411000000 103.0
OX637749.1 411000000 411500000 103.0
OX637749.1 411500000 412000000 103.0
OX637749.1 412000000 412500000 103.0
OX637749.1 412500000 413000000 103.0
OX637749.1 413000000 413500000 103.0
OX637749.1 413500000 414000000 103.0
OX637749.1 414000000 414500000 103.0
OX637749.1 414500000 415000000 103.03114
OX637749.1 415000000 415500000 104.0
OX637749.1 415500000 416000000 104.0
OX637749.1 416000000 416500000 104.0
OX637749.1 416500000 417000000 104.0
OX637749.1 417000000 417500000 104.0
OX637749.1 417500000 418000000 104.0
OX637749.1 418000000 418500000 104.0
OX637749.1 418500000 419000000 104.0
OX637749.1 419000000 419500000 104.0
OX637749.1 419500000 420000000 104.0
OX637749.1 420000000 420500000 104.0
OX637749.1 420500000 421000000 104.0
OX637749.1 421000000 421500000 104.0
OX637749.1 421500000 422000000 104.0
OX637749.1 422000000 422500000 104.0
OX637749.1 422500000 423000000 104.0
OX637749.1 423000000 423500000 104.0
OX637749.1 423500000 424000000 104.0
OX637749.1 424000000 424500000 104.0
OX637749.1 424500000 425000000 104.0
OX637749.1 425000000 425500000 104.0
OX637749.1 425500000 426000000 104.0
OX637749.1 426000000 426500000 104.0
OX637749.1 426500000 427000000 104.0
OX637749.1 427000000 427500000 104.0
OX637749.1 427500000 428000000 104.0
OX637749.1 428000000 428500000 104.0
OX637749.1 428500000 429000000 104.0
OX637749.1 429000000 429500000 104.0
OX637749.1 429500000 430000000 104.0
OX637749.1 430000000 430500000 104.0
OX637749.1 430500000 431000000 104.0
OX637749.1 431000000 431500000 104.0
OX637749.1 431500000 432000000 104.0
OX637749.1 432000000 432500000 104.0
OX637749.1 432500000 433000000 104.0
OX637749.1 433000000 433500000 104.0
OX637749.1 433500000 434000000 104.0
OX637749.1 434000000 434500000 104.0
OX637749.1 434500000 435000000 104.0
OX637749.1 435000000 435500000 104.0
OX637749.1 435500000 436000000 104.0
OX637749.1 436000000 436500000 104.0
OX637749.1 436500000 437000000 104.0
OX637749.1 437000000 437500000 104.0
OX637749.1 437500000 438000000 104.0
OX637749.1 438000000 438500000 104.0
OX637749.1 438500000 439000000 104.0
OX637749.1 439000000 439500000 104.0
OX637749.1 439500000 440000000 104.0
OX637749.1 440000000 440500000 104.0
OX637749.1 440500000 441000000 104.0
OX637749.1 441000000 441500000 104.0
OX637749.1 441500000 442000000 104.0
OX637749.1 442000000 442500000 104.0
OX637749.1 442500000 443000000 104.0
OX637749.1 443000000 443500000 104.0
OX637749.1 443500000 444000000 104.0
OX637749.1 444000000 444500000 104.0
OX637749.1 444500000 445000000 104.0
OX637749.1 445000000 445500000 104.0
OX637749.1 445500000 446000000 104.0
OX637749.1 446000000 446500000 104.0
OX637749.1 446500000 447000000 104.0
OX637749.1 447000000 447500000 104.0
OX637749.1 447500000 448000000 104.0
OX637749.1 448000000 448500000 104.0
OX637749.1 448500000 449000000 104.0
OX637749.1 449000000 449500000 104.0
OX637749.1 449500000 450000000 104.0
OX637749.1 450000000 450500000 104.0
OX637749.1 450500000 451000000 104.0
OX637749.1 451000000 451500000 104.0
OX637749.1 451500000 452000000 104.0
OX637749.1 452000000 452500000 104.0
OX637749.1 452500000 453000000 104.0
OX637749.1 453000000 453500000 104.0
OX637749.1 453500000 454000000 104.0
OX637749.1 454000000 454500000 104.0
OX637749.1 454500000 455000000 104.0
OX637749.1 455000000 455500000 104.0
OX637749.1 455500000 456000000 104.0
OX637749.1 456000000 456500000 104.0
OX637749.1 456500000 457000000 104.0
OX637749.1 457000000 457500000 104.0
OX637749.1 457500000 458000000 104.0
OX637749.1 458000000 458500000 104.0
OX637749.1 458500000 459000000 104.0
OX637749.1 459000000 459500000 104.0
OX637749.1 459500000 460000000 104.0
OX637749.1 460000000 460500000 104.0
OX637749.1 460500000 461000000 104.0
OX637749.1 461000000 461500000 104.0
OX637749.1 461500000 462000000 104.0
OX637749.1 462000000 462500000 104.0
OX637749.1 462500000 463000000 104.0
OX637749.1 463000000 463500000 104.0
OX637749.1 463500000 464000000 104.0
OX637749.1 464000000 464500000 104.0
OX637749.1 464500000 465000000 104.0
OX637749.1 465000000 465500000 104.0
OX637749.1 465500000 466000000 104.0
OX637749.1 466000000 466500000 104.0
OX637749.1 466500000 467000000 104.0
OX637749.1 467000000 467500000 104.0
OX637749.1 467500000 468000000 104.0
OX637749.1 468000000 468500000 104.0
OX637749.1 468500000 469000000 104.0
OX637749.1 469000000 469500000 104.0
OX637749.1 469500000 470000000 104.0
OX637749.1 470000000 470500000 104.0
OX637749.1 470500000 471000000 104.0
OX637749.1 471000000 471500000 104.0
OX637749.1 471500000 472000000 104.0
OX637749.1 472000000 472500000 104.0
OX637749.1 472500000 473000000 104.0
OX637749.1 473000000 473500000 104.0
OX637749.1 473500000 474000000 104.0
OX637749.1 474000000 474500000 104.0
OX637749.1 474500000 475000000 104.0
OX637749.1 475000000 475500000 104.0
OX637749.1 475500000 476000000 104.0
OX637749.1 476000000 476500000 104.0
OX637749.1 476500000 477000000 104.0
OX637749.1 477000000 477500000 104.0
OX637749.1 477500000 478000000 104.0
OX637749.1 478000000 478500000 104.0
OX637749.1 478500000 479000000 104.0
OX637749.1 479000000 479500000 104.0
OX637749.1 479500000 480000000 104.0
OX637749.1 480000000 480500000 104.0
OX637749.1 480500000 481000000 104.0
OX637749.1 481000000 481500000 104.0
OX637749.1 481500000 482000000 104.0
OX637749.1 482000000 482500000 104.0
OX637749.1 482500000 483000000 104.0
OX637749.1 483000000 483500000 104.0
OX637749.1 483500000 484000000 104.0
OX637749.1 484000000 484500000 104.0
OX637749.1 484500000 485000000 104.0
OX637749.1 485000000 485500000 104.0
OX637749.1 485500000 486000000 104.0
OX637749.1 486000000 486500000 104.0
OX637749.1 486500000 487000000 104.0
OX637749.1 487000000 487500000 104.0
OX637749.1 487500000 488000000 104.0
OX637749.1 488000000 488500000 104.0
OX637749.1 488500000 489000000 104.0
OX637749.1 489000000 489500000 104.0
OX637749.1 489500000 490000000 104.0
OX637749.1 490000000 490500000 104.0
OX637749.1 490500000 491000000 104.0
OX637749.1 491000000 491500000 104.0
OX637749.1 491500000 492000000 104.0
OX637749.1 492000000 492500000 104.0
OX637749.1 492500000 493000000 104.0
OX637749.1 493000000 493500000 104.0
OX637749.1 493500000 494000000 104.0
OX637749.1 494000000 494500000 104.0
OX637749.1 494500000 495000000 104.0
OX637749.1 495000000 495500000 104.0
OX637749.1 495500000 496000000 104.0
OX637749.1 496000000 496500000 103.95304
OX637749.1 496500000 497000000 103.0
OX637749.1 497000000 497500000 103.0
OX637749.1 497500000 498000000 103.0
OX637749.1 498000000 498500000 103.0
OX637749.1 498500000 499000000 103.0
OX637749.1 499000000 499500000 103.0
OX637749.1 499500000 500000000 103.0
OX637749.1 500000000 500500000 103.0
OX637749.1 500500000 501000000 103.0
OX637749.1 501000000 501500000 103.0
OX637749.1 501500000 502000000 103.0
OX637749.1 502000000 502500000 103.0
OX637749.1 502500000 503000000 103.0
OX637749.1 503000000 503500000 103.0
OX637749.1 503500000 504000000 103.0
OX637749.1 504000000 504500000 103.0
OX637749.1 504500000 505000000 103.0
OX637749.1 505000000 505500000 103.0
OX637749.1 505500000 506000000 103.0
OX637749.1 506000000 506500000 103.0
OX637749.1 506500000 507000000 103.0
OX637749.1 507000000 507500000 103.0
OX637749.1 507500000 508000000 103.0
OX637749.1 508000000 508500000 103.0
OX637749.1 508500000 509000000 103.0
OX637749.1 509000000 509500000 103.0
OX637749.1 509500000 510000000 103.0
OX637749.1 510000000 510500000 103.0
OX637749.1 510500000 511000000 103.0
OX637749.1 511000000 511500000 103.0
OX637749.1 511500000 512000000 103.0
OX637749.1 512000000 512500000 103.0
OX637749.1 512500000 513000000 103.0
OX637749.1 513000000 513500000 103.0
OX637749.1 513500000 514000000 103.0
OX637749.1 514000000 514500000 103.0
OX637749.1 514500000 515000000 103.0
OX637749.1 515000000 515500000 103.0
OX637749.1 515500000 516000000 103.0
OX637749.1 516000000 516500000 103.0
OX637749.1 516500000 517000000 103.0
OX637749.1 517000000 517500000 103.0
OX637749.1 517500000 518000000 103.0
OX637749.1 518000000 518500000 103.0
OX637749.1 518500000 519000000 103.0
OX637749.1 519000000 519500000 103.0
OX637749.1 519500000 520000000 103.0
OX637749.1 520000000 520500000 103.0
OX637749.1 520500000 521000000 103.0
OX637749.1 521000000 521500000 103.0
OX637749.1 521500000 522000000 103.0
OX637749.1 522000000 522500000 103.0
OX637749.1 522500000 523000000 103.0
OX637749.1 523000000 523500000 103.0
OX637749.1 523500000 524000000 103.0
OX637749.1 524000000 524500000 103.0
OX637749.1 524500000 525000000 103.0
OX637749.1 525000000 525500000 103.0
OX637749.1 525500000 526000000 103.0
OX637749.1 526000000 526500000 103.0
OX637749.1 526500000 527000000 103.0
OX637749.1 527000000 527500000 103.0
OX637749.1 527500000 528000000 103.0
OX637749.1 528000000 528500000 103.0
OX637749.1 528500000 529000000 103.0
OX637749.1 529000000 529500000 103.0
OX637749.1 529500000 530000000 103.0
OX637749.1 530000000 530500000 103.0
OX637749.1 530500000 531000000 103.0
OX637749.1 531000000 531500000 103.0
OX637749.1 531500000 532000000 103.0
OX637749.1 532000000 532500000 103.0
OX637749.1 532500000 533000000 103.0
OX637749.1 533000000 533500000 103.0
OX637749.1 533500000 534000000 103.0
OX637749.1 534000000 534500000 103.0
OX637749.1 534500000 535000000 103.0
OX637749.1 535000000 535500000 103.0
OX637749.1 535500000 536000000 103.0
OX637749.1 536000000 536500000 103.0
OX637749.1 536500000 537000000 103.0
OX637749.1 537000000 537500000 103.0
OX637749.1 537500000 538000000 103.0
OX637749.1 538000000 538500000 103.0
OX637749.1 538500000 539000000 103.0
OX637749.1 539000000 539500000 103.0
OX637749.1 539500000 540000000 103.0
OX637749.1 540000000 540500000 103.0
OX637749.1 540500000 541000000 103.0
OX637749.1 541000000 541500000 103.0
OX637749.1 541500000 542000000 103.0
OX637749.1 542000000 542500000 103.0
OX637749.1 542500000 543000000 103.0
OX637749.1 543000000 543500000 103.0
OX637749.1 543500000 544000000 103.0
OX637749.1 544000000 544500000 103.0
OX637749.1 544500000 545000000 103.0
OX637749.1 545000000 545500000 103.0
OX637749.1 545500000 546000000 103.0
OX637749.1 546000000 546500000 103.0
OX637749.1 546500000 547000000 103.0
OX637749.1 547000000 547500000 103.0
OX637749.1 547500000 548000000 103.0
OX637749.1 548000000 548500000 103.0
OX637749.1 548500000 549000000 103.0
OX637749.1 549000000 549500000 103.0
OX637749.1 549500000 550000000 102.96724
OX637749.1 550000000 550500000 102.0
OX637749.1 550500000 551000000 102.0
OX637749.1 551000000 551500000 102.0
OX637749.1 551500000 552000000 102.0
OX637749.1 552000000 552500000 102.0
OX637749.1 552500000 553000000 102.0
OX637749.1 553000000 553500000 102.0
OX637749.1 553500000 554000000 102.0
OX637749.1 554000000 554500000 102.0
OX637749.1 554500000 555000000 101.00167
OX637749.1 555000000 555500000 101.0
OX637749.1 555500000 556000000 101.0
OX637749.1 556000000 556500000 101.0
OX637749.1 556500000 557000000 101.0
OX637749.1 557000000 557500000 101.0
OX637749.1 557500000 558000000 101.0
OX637749.1 558000000 558500000 101.0
OX637749.1 558500000 559000000 101.0
OX637749.1 559000000 559500000 101.0
OX637749.1 559500000 560000000 101.0
OX637749.1 560000000 560500000 101.0
OX637749.1 560500000 561000000 101.0
OX637749.1 561000000 561500000 101.0
OX637749.1 561500000 562000000 101.0
OX637749.1 562000000 562500000 101.0
OX637749.1 562500000 563000000 101.0
OX637749.1 563000000 563500000 101.0
OX637749.1 563500000 564000000 101.0
OX637749.1 564000000 564500000 101.0
OX637749.1 564500000 565000000 101.0
OX637749.1 565000000 565500000 101.0
OX637749.1 565500000 566000000 101.0
OX637749.1 566000000 566500000 101.0
OX637749.1 566500000 567000000 101.0
OX637749.1 567000000 567500000 101.0
OX637749.1 567500000 568000000 101.0
OX637749.1 568000000 568500000 101.0
OX637749.1 568500000 569000000 101.0
OX637749.1 569000000 569500000 101.0
OX637749.1 569500000 570000000 101.0
OX637749.1 570000000 570500000 101.0
OX637749.1 570500000 571000000 101.0
OX637749.1 571000000 571500000 101.0
OX637749.1 571500000 572000000 101.0
OX637749.1 572000000 572500000 101.0
OX637749.1 572500000 573000000 101.0
OX637749.1 573000000 573500000 101.0
OX637749.1 573500000 574000000 101.0
OX637749.1 574000000 574500000 101.0
OX637749.1 574500000 575000000 101.0
OX637749.1 575000000 575500000 101.0
OX637749.1 575500000 576000000 101.0
OX637749.1 576000000 576500000 101.0
OX637749.1 576500000 577000000 101.0
OX637749.1 577000000 577500000 101.0
OX637749.1 577500000 578000000 101.0
OX637749.1 578000000 578500000 101.0
OX637749.1 578500000 579000000 101.0
OX637749.1 579000000 579500000 101.0
OX637749.1 579500000 580000000 101.0
OX637749.1 580000000 580500000 101.0
OX637749.1 580500000 581000000 101.0
OX637749.1 581000000 581500000 101.0
OX637749.1 581500000 582000000 101.0
OX637749.1 582000000 582500000 101.0
OX637749.1 582500000 583000000 101.0
OX637749.1 583000000 583500000 101.0
OX637749.1 583500000 584000000 101.0
OX637749.1 584000000 584500000 101.0
OX637749.1 584500000 585000000 100.17084
OX637749.1 585000000 585500000 100.0
OX637749.1 585500000 586000000 100.0
OX637749.1 586000000 586500000 100.0
OX637749.1 586500000 587000000 99.91907
OX637749.1 587000000 587500000 99.0
OX637749.1 587500000 588000000 99.0
OX637749.1 588000000 588500000 99.0
OX637749.1 588500000 589000000 99.0
OX637749.1 589000000 589500000 99.0
OX637749.1 589500000 590000000 99.0
OX637749.1 590000000 590500000 99.0
OX637749.1 590500000 591000000 99.0
OX637749.1 591000000 591500000 99.0
OX637749.1 591500000 592000000 99.0
OX637749.1 592000000 592500000 99.0
OX637749.1 592500000 593000000 99.0
OX637749.1 593000000 593500000 99.0
OX637749.1 593500000 594000000 99.0
OX637749.1 594000000 594500000 98.68658
OX637749.1 594500000 595000000 98.0
OX637749.1 595000000 595500000 98.0
OX637749.1 595500000 596000000 98.0
OX637749.1 596000000 596500000 98.0
OX637749.1 596500000 597000000 98.0
OX637749.1 597000000 597500000 97.35166
OX637749.1 597500000 598000000 96.00148
OX637749.1 598000000 598500000 96.0
OX637749.1 598500000 599000000 96.0
OX637749.1 599000000 599500000 96.0
OX637749.1 599500000 600000000 96.0
OX637749.1 600000000 600500000 96.0
OX637749.1 600500000 601000000 96.0
OX637749.1 601000000 601500000 96.0
OX637749.1 601500000 602000000 96.0
OX637749.1 602000000 602500000 96.0
OX637749.1 602500000 603000000 96.0
OX637749.1 603000000 603500000 96.0
OX637749.1 603500000 604000000 96.0
OX637749.1 604000000 604500000 96.0
OX637749.1 604500000 605000000 96.0
OX637749.1 605000000 605500000 96.0
OX637749.1 605500000 606000000 96.0
OX637749.1 606000000 606500000 96.0
OX637749.1 606500000 607000000 96.0
OX637749.1 607000000 607500000 96.0
OX637749.1 607500000 608000000 96.0
OX637749.1 608000000 608500000 96.0
OX637749.1 608500000 609000000 96.0
OX637749.1 609000000 609500000 96.0
OX637749.1 609500000 610000000 96.0
OX637749.1 610000000 610500000 96.0
OX637749.1 610500000 611000000 96.0
OX637749.1 611000000 611500000 96.0
OX637749.1 611500000 612000000 96.0
OX637749.1 612000000 612500000 96.0
OX637749.1 612500000 613000000 96.0
OX637749.1 613000000 613500000 96.0
OX637749.1 613500000 614000000 96.0
OX637749.1 614000000 614500000 96.0
OX637749.1 614500000 615000000 96.0
OX637749.1 615000000 615500000 96.0
OX637749.1 615500000 616000000 96.0
OX637749.1 616000000 616500000 96.0
OX637749.1 616500000 617000000 96.0
OX637749.1 617000000 617500000 96.0
OX637749.1 617500000 618000000 96.0
OX637749.1 618000000 618500000 96.0
OX637749.1 618500000 619000000 96.0
OX637749.1 619000000 619500000 96.0
OX637749.1 619500000 620000000 96.0
OX637749.1 620000000 620500000 96.0
OX637749.1 620500000 621000000 96.0
OX637749.1 621000000 621500000 96.0
OX637749.1 621500000 622000000 96.0
OX637749.1 622000000 622500000 96.0
OX637749.1 622500000 623000000 96.0
OX637749.1 623000000 623500000 96.0
OX637749.1 623500000 624000000 96.0
OX637749.1 624000000 624500000 96.0
OX637749.1 624500000 625000000 96.0
OX637749.1 625000000 625500000 96.0
OX637749.1 625500000 626000000 96.0
OX637749.1 626000000 626500000 96.0
OX637749.1 626500000 627000000 96.0
OX637749.1 627000000 627500000 96.0
OX637749.1 627500000 628000000 96.0
OX637749.1 628000000 628500000 96.0
OX637749.1 628500000 629000000 96.0
OX637749.1 629000000 629500000 96.0
OX637749.1 629500000 630000000 96.0
OX637749.1 630000000 630500000 96.0
OX637749.1 630500000 631000000 96.0
OX637749.1 631000000 631500000 96.0
OX637749.1 631500000 632000000 96.0
OX637749.1 632000000 632500000 96.0
OX637749.1 632500000 633000000 96.0
OX637749.1 633000000 633500000 96.0
OX637749.1 633500000 634000000 96.0
OX637749.1 634000000 634500000 96.0
OX637749.1 634500000 635000000 96.0
OX637749.1 635000000 635500000 96.0
OX637749.1 635500000 636000000 96.0
OX637749.1 636000000 636500000 96.0
OX637749.1 636500000 637000000 96.0
OX637749.1 637000000 637500000 96.0
OX637749.1 637500000 638000000 96.0
OX637749.1 638000000 638500000 96.0
OX637749.1 638500000 639000000 96.0
OX637749.1 639000000 639500000 96.0
OX637749.1 639500000 640000000 96.0
OX637749.1 640000000 640500000 96.0
OX637749.1 640500000 641000000 95.95922
OX637749.1 641000000 641500000 95.0
OX637749.1 641500000 642000000 95.0
OX637749.1 642000000 642500000 94.87689
OX637749.1 642500000 643000000 94.0
OX637749.1 643000000 643500000 94.0
OX637749.1 643500000 644000000 94.0
OX637749.1 644000000 644500000 94.0
OX637749.1 644500000 645000000 94.0
OX637749.1 645000000 645500000 94.0
OX637749.1 645500000 646000000 94.0
OX637749.1 646000000 646500000 94.0
OX637749.1 646500000 647000000 94.0
OX637749.1 647000000 647500000 94.0
OX637749.1 647500000 648000000 94.0
OX637749.1 648000000 648500000 94.0
OX637749.1 648500000 649000000 94.0
OX637749.1 649000000 649500000 94.0
OX637749.1 649500000 650000000 94.0
OX637749.1 650000000 650500000 94.0
OX637749.1 650500000 651000000 94.0
OX637749.1 651000000 651500000 94.0
OX637749.1 651500000 652000000 93.29527
OX637749.1 652000000 652500000 93.0
OX637749.1 652500000 653000000 93.0
OX637749.1 653000000 653500000 93.0
OX637749.1 653500000 654000000 93.0
OX637749.1 654000000 654500000 91.93787
OX637749.1 654500000 655000000 91.0
OX637749.1 655000000 655500000 91.0
OX637749.1 655500000 656000000 91.0
OX637749.1 656000000 656500000 91.0
OX637749.1 656500000 657000000 90.1299
OX637749.1 657000000 657500000 90.0
OX637749.1 657500000 658000000 90.0
OX637749.1 658000000 658500000 90.0
OX637749.1 658500000 659000000 90.0
OX637749.1 659000000 659500000 90.0
OX637749.1 659500000 660000000 90.0
OX637749.1 660000000 660500000 90.0
OX637749.1 660500000 661000000 90.0
OX637749.1 661000000 661500000 90.0
OX637749.1 661500000 662000000 90.0
OX637749.1 662000000 662500000 90.0
OX637749.1 662500000 663000000 90.0
OX637749.1 663000000 663500000 90.0
OX637749.1 663500000 664000000 90.0
OX637749.1 664000000 664500000 90.0
OX637749.1 664500000 665000000 90.0
OX637749.1 665000000 665500000 90.0
OX637749.1 665500000 666000000 90.0
OX637749.1 666000000 666500000 90.0
OX637749.1 666500000 667000000 90.0
OX637749.1 667000000 667500000 90.0
OX637749.1 667500000 668000000 90.0
OX637749.1 668000000 668500000 89.82309
OX637749.1 668500000 669000000 89.0
OX637749.1 669000000 669500000 89.0
OX637749.1 669500000 670000000 89.0
OX637749.1 670000000 670500000 88.61741
OX637749.1 670500000 671000000 88.0
OX637749.1 671000000 671500000 88.0
OX637749.1 671500000 672000000 88.0
OX637749.1 672000000 672500000 87.31249
OX637749.1 672500000 673000000 87.0
OX637749.1 673000000 673500000 87.0
OX637749.1 673500000 674000000 87.0
OX637749.1 674000000 674500000 87.0
OX637749.1 674500000 675000000 87.0
OX637749.1 675000000 675500000 87.0
OX637749.1 675500000 676000000 87.0
OX637749.1 676000000 676500000 87.0
OX637749.1 676500000 677000000 87.0
OX637749.1 677000000 677500000 87.0
OX637749.1 677500000 678000000 87.0
OX637749.1 678000000 678500000 87.0
OX637749.1 678500000 679000000 87.0
OX637749.1 679000000 679500000 87.0
OX637749.1 679500000 680000000 87.0
OX637749.1 680000000 680500000 86.84051
OX637749.1 680500000 681000000 86.0
OX637749.1 681000000 681500000 86.0
OX637749.1 681500000 682000000 86.0
OX637749.1 682000000 682500000 86.0
OX637749.1 682500000 683000000 86.0
OX637749.1 683000000 683500000 86.0
OX637749.1 683500000 684000000 86.0
OX637749.1 684000000 684500000 86.0
OX637749.1 684500000 685000000 86.0
OX637749.1 685000000 685500000 86.0
OX637749.1 685500000 686000000 86.0
OX637749.1 686000000 686500000 86.0
OX637749.1 686500000 687000000 86.0
OX637749.1 687000000 687500000 86.0
OX637749.1 687500000 688000000 86.0
OX637749.1 688000000 688500000 86.0
OX637749.1 688500000 689000000 85.61066
OX637749.1 689000000 689500000 84.3776
OX637749.1 689500000 690000000 84.0
OX637749.1 690000000 690500000 84.0
OX637749.1 690500000 691000000 84.0
OX637749.1 691000000 691500000 84.0
OX637749.1 691500000 692000000 84.0
OX637749.1 692000000 692500000 84.0
OX637749.1 692500000 693000000 84.0
OX637749.1 693000000 693500000 84.0
OX637749.1 693500000 694000000 84.0
OX637749.1 694000000 694500000 84.0
OX637749.1 694500000 695000000 84.0
OX637749.1 695000000 695500000 84.0
OX637749.1 695500000 696000000 84.0
OX637749.1 696000000 696500000 84.0
OX637749.1 696500000 697000000 84.0
OX637749.1 697000000 697500000 84.0
OX637749.1 697500000 698000000 84.0
OX637749.1 698000000 698500000 83.50037
OX637749.1 698500000 699000000 83.0
OX637749.1 699000000 699500000 83.0
OX637749.1 699500000 700000000 83.0
OX637749.1 700000000 700500000 83.0
OX637749.1 700500000 701000000 82.35381
OX637749.1 701000000 701500000 81.57142
OX637749.1 701500000 702000000 79.0
OX637749.1 702000000 702500000 79.0
OX637749.1 702500000 703000000 78.31479
OX637749.1 703000000 703500000 77.17624
OX637749.1 703500000 704000000 77.0
OX637749.1 704000000 704500000 76.46611
OX637749.1 704500000 705000000 76.0
OX637749.1 705000000 705500000 76.0
OX637749.1 705500000 706000000 76.0
OX637749.1 706000000 706500000 75.06661
OX637749.1 706500000 707000000 74.00635
OX637749.1 707000000 707500000 73.72511
OX637749.1 707500000 708000000 73.0
OX637749.1 708000000 708500000 72.63893
OX637749.1 708500000 709000000 68.67192
OX637749.1 709000000 709500000 64.65175
OX637749.1 709500000 710000000 64.0
OX637749.1 710000000 710500000 64.0
OX637749.1 710500000 711000000 64.0
OX637749.1 711000000 711500000 63.77318
OX637749.1 711500000 712000000 63.0
OX637749.1 712000000 712500000 62.06349
OX637749.1 712500000 713000000 62.0
OX637749.1 713000000 713500000 61.2746
OX637749.1 713500000 714000000 60.01979
OX637749.1 714000000 714500000 58.05115
OX637749.1 714500000 715000000 57.0
OX637749.1 715000000 715500000 57.0
OX637749.1 715500000 716000000 56.90895
OX637749.1 716000000 716500000 54.50111
OX637749.1 716500000 717000000 54.0
OX637749.1 717000000 717500000 53.13565
OX637749.1 717500000 718000000 51.17998
OX637749.1 718000000 718500000 49.31877
OX637749.1 718500000 719000000 48.0
OX637749.1 719000000 719500000 47.03968
OX637749.1 719500000 720000000 45.47869
OX637749.1 720000000 720500000 43.68464
OX637749.1 720500000 721000000 38.77722
OX637749.1 721000000 721500000 33.10709
OX637749.1 721500000 722000000 30.60359
OX637749.1 722000000 722500000 29.17242
OX637749.1 722500000 723000000 25.38979
OX637749.1 723000000 723500000 21.61298
OX637749.1 723500000 724000000 20.0
OX637749.1 724000000 724500000 20.0
OX637749.1 724500000 725000000 20.0
OX637749.1 725000000 725500000 20.0
OX637749.1 725500000 726000000 20.0
OX637749.1 726000000 726500000 19.52546
OX637749.1 726500000 727000000 16.07928
OX637749.1 727000000 727500000 14.87257
OX637749.1 727500000 728000000 9.92752
OX637749.1 728000000 728500000 8.23863
OX637749.1 728500000 729000000 0.81237
OX637749.1 729000000 729500000 0.0
OX637749.1 729500000 730000000 0.0
OX637749.1 730000000 730500000 0.0
OX637749.1 730500000 731000000 0.0
OX637749.1 731000000 731176521 0.0
OX637756.1 0 500000 0.0
OX637756.1 500000 1000000 0.0
OX637756.1 1000000 1500000 0.0
OX637756.1 1500000 2000000 0.34288
OX637756.1 2000000 2500000 5.01344
OX637756.1 2500000 3000000 9.92662
OX637756.1 3000000 3500000 12.10998
OX637756.1 3500000 4000000 14.58773
OX637756.1 4000000 4500000 20.04168
OX637756.1 4500000 5000000 22.0
OX637756.1 5000000 5500000 22.62428
OX637756.1 5500000 6000000 25.83593
OX637756.1 6000000 6500000 28.0
OX637756.1 6500000 7000000 28.57504
OX637756.1 7000000 7500000 31.70762
OX637756.1 7500000 8000000 33.92679
OX637756.1 8000000 8500000 37.35227
OX637756.1 8500000 9000000 38.88123
OX637756.1 9000000 9500000 40.71837
OX637756.1 9500000 10000000 41.33581
OX637756.1 10000000 10500000 44.58246
OX637756.1 10500000 11000000 46.81009
OX637756.1 11000000 11500000 48.0
OX637756.1 11500000 12000000 48.0
OX637756.1 12000000 12500000 48.0
OX637756.1 12500000 13000000 48.52485
OX637756.1 13000000 13500000 49.0
OX637756.1 13500000 14000000 50.17778
OX637756.1 14000000 14500000 53.4993
OX637756.1 14500000 15000000 54.98397
OX637756.1 15000000 15500000 55.0
OX637756.1 15500000 16000000 55.0
OX637756.1 16000000 16500000 55.0
OX637756.1 16500000 17000000 55.0
OX637756.1 17000000 17500000 55.61817
OX637756.1 17500000 18000000 59.37254
OX637756.1 18000000 18500000 61.43507
OX637756.1 18500000 19000000 62.0
OX637756.1 19000000 19500000 62.46145
OX637756.1 19500000 20000000 63.03963
OX637756.1 20000000 20500000 64.0
OX637756.1 20500000 21000000 64.98768
OX637756.1 21000000 21500000 66.09211
OX637756.1 21500000 22000000 68.44865
OX637756.1 22000000 22500000 70.0
OX637756.1 22500000 23000000 70.0
OX637756.1 23000000 23500000 70.64862
OX637756.1 23500000 24000000 73.98434
OX637756.1 24000000 24500000 76.17713
OX637756.1 24500000 25000000 77.0
OX637756.1 25000000 25500000 77.0
OX637756.1 25500000 26000000 77.0
OX637756.1 26000000 26500000 77.0
OX637756.1 26500000 27000000 77.0
OX637756.1 27000000 27500000 77.0
OX637756.1 27500000 28000000 78.25313
OX637756.1 28000000 28500000 79.0
OX637756.1 28500000 29000000 79.0
OX637756.1 29000000 29500000 79.0
OX637756.1 29500000 30000000 79.0
OX637756.1 30000000 30500000 79.83648
OX637756.1 30500000 31000000 80.0
OX637756.1 31000000 31500000 80.0
OX637756.1 31500000 32000000 80.0
OX637756.1 32000000 32500000 80.50003
OX637756.1 32500000 33000000 82.0
OX637756.1 33000000 33500000 82.22956
OX637756.1 33500000 34000000 83.0
OX637756.1 34000000 34500000 83.0
OX637756.1 34500000 35000000 83.14139
OX637756.1 35000000 35500000 84.0
OX637756.1 35500000 36000000 84.0
OX637756.1 36000000 36500000 84.0
OX637756.1 36500000 37000000 84.0
OX637756.1 37000000 37500000 84.825
OX637756.1 37500000 38000000 85.0
OX637756.1 38000000 38500000 85.32855
OX637756.1 38500000 39000000 86.0
OX637756.1 39000000 39500000 86.37403
OX637756.1 39500000 40000000 87.0
OX637756.1 40000000 40500000 87.42759
OX637756.1 40500000 41000000 88.0
OX637756.1 41000000 41500000 88.0
OX637756.1 41500000 42000000 88.0
OX637756.1 42000000 42500000 88.0
OX637756.1 42500000 43000000 88.0
OX637756.1 43000000 43500000 88.0
OX637756.1 43500000 44000000 88.0
OX637756.1 44000000 44500000 88.00019
OX637756.1 44500000 45000000 88.0
OX637756.1 45000000 45500000 88.0
OX637756.1 45500000 46000000 88.0
OX637756.1 46000000 46500000 88.0
OX637756.1 46500000 47000000 88.0
OX637756.1 47000000 47500000 88.0
OX637756.1 47500000 48000000 88.0
OX637756.1 48000000 48500000 88.0
OX637756.1 48500000 49000000 88.72656
OX637756.1 49000000 49500000 89.0
OX637756.1 49500000 50000000 89.0
OX637756.1 50000000 50500000 89.0
OX637756.1 50500000 51000000 89.0
OX637756.1 51000000 51500000 89.44826
OX637756.1 51500000 52000000 90.0
OX637756.1 52000000 52500000 90.0
OX637756.1 52500000 53000000 90.0
OX637756.1 53000000 53500000 90.0
OX637756.1 53500000 54000000 90.0
OX637756.1 54000000 54500000 90.0
OX637756.1 54500000 55000000 90.0
OX637756.1 55000000 55500000 90.0
OX637756.1 55500000 56000000 90.0
OX637756.1 56000000 56500000 90.0
OX637756.1 56500000 57000000 90.0
OX637756.1 57000000 57500000 90.0
OX637756.1 57500000 58000000 90.0
OX637756.1 58000000 58500000 90.0
OX637756.1 58500000 59000000 90.0
OX637756.1 59000000 59500000 90.0
OX637756.1 59500000 60000000 90.0
OX637756.1 60000000 60500000 90.0
OX637756.1 60500000 61000000 90.00246
OX637756.1 61000000 61500000 91.0
OX637756.1 61500000 62000000 91.0
OX637756.1 62000000 62500000 91.0
OX637756.1 62500000 63000000 91.0
OX637756.1 63000000 63500000 91.0
OX637756.1 63500000 64000000 91.0
OX637756.1 64000000 64500000 91.08076
OX637756.1 64500000 65000000 92.0
OX637756.1 65000000 65500000 92.0
OX637756.1 65500000 66000000 92.0
OX637756.1 66000000 66500000 92.0
OX637756.1 66500000 67000000 92.0
OX637756.1 67000000 67500000 92.0
OX637756.1 67500000 68000000 92.0
OX637756.1 68000000 68500000 92.0
OX637756.1 68500000 69000000 92.0
OX637756.1 69000000 69500000 92.65492
OX637756.1 69500000 70000000 93.0
OX637756.1 70000000 70500000 93.0
OX637756.1 70500000 71000000 93.0
OX637756.1 71000000 71500000 93.0
OX637756.1 71500000 72000000 93.0
OX637756.1 72000000 72500000 93.0
OX637756.1 72500000 73000000 93.13707
OX637756.1 73000000 73500000 94.0
OX637756.1 73500000 74000000 94.0
OX637756.1 74000000 74500000 94.0
OX637756.1 74500000 75000000 94.0
OX637756.1 75000000 75500000 94.0
OX637756.1 75500000 76000000 94.0
OX637756.1 76000000 76500000 94.0
OX637756.1 76500000 77000000 94.0
OX637756.1 77000000 77500000 94.0
OX637756.1 77500000 78000000 94.0
OX637756.1 78000000 78500000 94.26082
OX637756.1 78500000 79000000 95.0
OX637756.1 79000000 79500000 95.0
OX637756.1 79500000 80000000 95.0
OX637756.1 80000000 80500000 95.0
OX637756.1 80500000 81000000 95.0
OX637756.1 81000000 81500000 95.46135
OX637756.1 81500000 82000000 96.0
OX637756.1 82000000 82500000 96.0
OX637756.1 82500000 83000000 96.0
OX637756.1 83000000 83500000 96.0
OX637756.1 83500000 84000000 96.38246
OX637756.1 84000000 84500000 97.0
OX637756.1 84500000 85000000 97.0
OX637756.1 85000000 85500000 97.0
OX637756.1 85500000 86000000 97.0
OX637756.1 86000000 86500000 97.0
OX637756.1 86500000 87000000 97.0
OX637756.1 87000000 87500000 97.0
OX637756.1 87500000 88000000 97.0
OX637756.1 88000000 88500000 97.57686
OX637756.1 88500000 89000000 98.0
OX637756.1 89000000 89500000 98.0
OX637756.1 89500000 90000000 98.91319
OX637756.1 90000000 90500000 99.0
OX637756.1 90500000 91000000 99.0
OX637756.1 91000000 91500000 99.0
OX637756.1 91500000 92000000 99.0
OX637756.1 92000000 92500000 99.0
OX637756.1 92500000 93000000 99.0
OX637756.1 93000000 93500000 99.0
OX637756.1 93500000 94000000 99.0
OX637756.1 94000000 94500000 99.78095
OX637756.1 94500000 95000000 100.0
OX637756.1 95000000 95500000 100.0
OX637756.1 95500000 96000000 100.0
OX637756.1 96000000 96500000 100.0
OX637756.1 96500000 97000000 100.0
OX637756.1 97000000 97500000 100.0514
OX637756.1 97500000 98000000 101.0
OX637756.1 98000000 98500000 101.24527
OX637756.1 98500000 99000000 103.0
OX637756.1 99000000 99500000 103.0
OX637756.1 99500000 100000000 103.0
OX637756.1 100000000 100500000 103.0
OX637756.1 100500000 101000000 103.0
OX637756.1 101000000 101500000 103.0
OX637756.1 101500000 102000000 103.0
OX637756.1 102000000 102500000 103.0
OX637756.1 102500000 103000000 103.0
OX637756.1 103000000 103500000 103.0
OX637756.1 103500000 104000000 103.0
OX637756.1 104000000 104500000 103.0
OX637756.1 104500000 105000000 103.0
OX637756.1 105000000 105500000 103.0
OX637756.1 105500000 106000000 103.0
OX637756.1 106000000 106500000 103.0
OX637756.1 106500000 107000000 103.0
OX637756.1 107000000 107500000 103.0
OX637756.1 107500000 108000000 103.0
OX637756.1 108000000 108500000 103.0
OX637756.1 108500000 109000000 103.0
OX637756.1 109000000 109500000 103.57491
OX637756.1 109500000 110000000 104.0
OX637756.1 110000000 110500000 104.0
OX637756.1 110500000 111000000 104.0
OX637756.1 111000000 111500000 104.48584
OX637756.1 111500000 112000000 105.0
OX637756.1 112000000 112500000 105.0
OX637756.1 112500000 113000000 105.0
OX637756.1 113000000 113500000 105.0
OX637756.1 113500000 114000000 105.0
OX637756.1 114000000 114500000 105.0
OX637756.1 114500000 115000000 105.0
OX637756.1 115000000 115500000 105.0
OX637756.1 115500000 116000000 105.0
OX637756.1 116000000 116500000 105.0
OX637756.1 116500000 117000000 105.0
OX637756.1 117000000 117500000 105.0
OX637756.1 117500000 118000000 105.0
OX637756.1 118000000 118500000 105.0
OX637756.1 118500000 119000000 105.0
OX637756.1 119000000 119500000 105.0
OX637756.1 119500000 120000000 105.0
OX637756.1 120000000 120500000 105.0
OX637756.1 120500000 121000000 105.0
OX637756.1 121000000 121500000 105.0
OX637756.1 121500000 122000000 105.0
OX637756.1 122000000 122500000 105.0
OX637756.1 122500000 123000000 105.0
OX637756.1 123000000 123500000 105.0
OX637756.1 123500000 124000000 105.0
OX637756.1 124000000 124500000 105.0
OX637756.1 124500000 125000000 105.0
OX637756.1 125000000 125500000 105.0
OX637756.1 125500000 126000000 105.0
OX637756.1 126000000 126500000 105.0
OX637756.1 126500000 127000000 105.0
OX637756.1 127000000 127500000 105.0
OX637756.1 127500000 128000000 105.0
OX637756.1 128000000 128500000 105.0
OX637756.1 128500000 129000000 105.0
OX637756.1 129000000 129500000 105.0
OX637756.1 129500000 130000000 105.0
OX637756.1 130000000 130500000 105.0
OX637756.1 130500000 131000000 105.26529
OX637756.1 131000000 131500000 106.0
OX637756.1 131500000 132000000 106.0
OX637756.1 132000000 132500000 106.0
OX637756.1 132500000 133000000 106.0
OX637756.1 133000000 133500000 106.0
OX637756.1 133500000 134000000 106.0
OX637756.1 134000000 134500000 106.0
OX637756.1 134500000 135000000 106.0
OX637756.1 135000000 135500000 106.0
OX637756.1 135500000 136000000 106.0
OX637756.1 136000000 136500000 106.0
OX637756.1 136500000 137000000 106.0
OX637756.1 137000000 137500000 106.0
OX637756.1 137500000 138000000 106.0
OX637756.1 138000000 138500000 106.0
OX637756.1 138500000 139000000 106.0
OX637756.1 139000000 139500000 106.0
OX637756.1 139500000 140000000 106.0
OX637756.1 140000000 140500000 106.0
OX637756.1 140500000 141000000 106.0
OX637756.1 141000000 141500000 106.0
OX637756.1 141500000 142000000 106.0
OX637756.1 142000000 142500000 106.0
OX637756.1 142500000 143000000 106.0
OX637756.1 143000000 143500000 106.0
OX637756.1 143500000 144000000 106.0
OX637756.1 144000000 144500000 106.0
OX637756.1 144500000 145000000 106.0
OX637756.1 145000000 145500000 106.0
OX637756.1 145500000 146000000 106.0
OX637756.1 146000000 146500000 106.0
OX637756.1 146500000 147000000 106.0
OX637756.1 147000000 147500000 106.0
OX637756.1 147500000 148000000 106.0
OX637756.1 148000000 148500000 106.0
OX637756.1 148500000 149000000 106.0
OX637756.1 149000000 149500000 106.0
OX637756.1 149500000 150000000 106.0
OX637756.1 150000000 150500000 106.0
OX637756.1 150500000 151000000 106.0
OX637756.1 151000000 151500000 106.1369
OX637756.1 151500000 152000000 107.0
OX637756.1 152000000 152500000 107.0
OX637756.1 152500000 153000000 107.0
OX637756.1 153000000 153500000 107.0
OX637756.1 153500000 154000000 107.0
OX637756.1 154000000 154500000 107.0967
OX637756.1 154500000 155000000 108.0
OX637756.1 155000000 155500000 108.0
OX637756.1 155500000 156000000 108.0
OX637756.1 156000000 156500000 108.0
OX637756.1 156500000 157000000 108.0
OX637756.1 157000000 157500000 108.0
OX637756.1 157500000 158000000 108.0
OX637756.1 158000000 158500000 108.0
OX637756.1 158500000 159000000 108.0
OX637756.1 159000000 159500000 108.0
OX637756.1 159500000 160000000 108.0
OX637756.1 160000000 160500000 109.24277
OX637756.1 160500000 161000000 110.0
OX637756.1 161000000 161500000 110.0
OX637756.1 161500000 162000000 110.0
OX637756.1 162000000 162500000 110.0
OX637756.1 162500000 163000000 110.0
OX637756.1 163000000 163500000 110.0
OX637756.1 163500000 164000000 110.49272
OX637756.1 164000000 164500000 112.0
OX637756.1 164500000 165000000 112.5162
OX637756.1 165000000 165500000 113.0
OX637756.1 165500000 166000000 113.0
OX637756.1 166000000 166500000 113.0
OX637756.1 166500000 167000000 113.0
OX637756.1 167000000 167500000 113.0
OX637756.1 167500000 168000000 114.17402
OX637756.1 168000000 168500000 115.0
OX637756.1 168500000 169000000 114.68543
OX637756.1 169000000 169500000 114.0
OX637756.1 169500000 170000000 114.96501
OX637756.1 170000000 170500000 115.0
OX637756.1 170500000 171000000 115.0
OX637756.1 171000000 171500000 115.0
OX637756.1 171500000 172000000 115.0
OX637756.1 172000000 172500000 114.22606
OX637756.1 172500000 173000000 114.0
OX637756.1 173000000 173500000 114.0
OX637756.1 173500000 174000000 114.0
OX637756.1 174000000 174500000 114.0
OX637756.1 174500000 175000000 114.0
OX637756.1 175000000 175500000 114.0
OX637756.1 175500000 176000000 114.0
OX637756.1 176000000 176500000 114.0
OX637756.1 176500000 177000000 114.0
OX637756.1 177000000 177500000 114.0
OX637756.1 177500000 178000000 114.0
OX637756.1 178000000 178500000 114.0
OX637756.1 178500000 179000000 114.0
OX637756.1 179000000 179500000 114.0
OX637756.1 179500000 180000000 114.0
OX637756.1 180000000 180500000 114.0
OX637756.1 180500000 181000000 114.0
OX637756.1 181000000 181500000 114.0
OX637756.1 181500000 182000000 114.0
OX637756.1 182000000 182500000 114.0
OX637756.1 182500000 183000000 114.0
OX637756.1 183000000 183500000 114.0
OX637756.1 183500000 184000000 114.0
OX637756.1 184000000 184500000 114.0
OX637756.1 184500000 185000000 114.11343
OX637756.1 185000000 185500000 115.0
OX637756.1 185500000 186000000 115.0
OX637756.1 186000000 186500000 115.0
OX637756.1 186500000 187000000 115.0
OX637756.1 187000000 187500000 115.0
OX637756.1 187500000 188000000 115.0
OX637756.1 188000000 188500000 115.0
OX637756.1 188500000 189000000 115.0
OX637756.1 189000000 189500000 115.0
OX637756.1 189500000 190000000 115.98613
OX637756.1 190000000 190500000 116.0
OX637756.1 190500000 191000000 116.20309
OX637756.1 191000000 191500000 117.19414
OX637756.1 191500000 192000000 118.0
OX637756.1 192000000 192500000 118.0
OX637756.1 192500000 193000000 118.0
OX637756.1 193000000 193500000 118.0
OX637756.1 193500000 194000000 118.0
OX637756.1 194000000 194500000 118.0
OX637756.1 194500000 195000000 118.0
OX637756.1 195000000 195500000 118.0
OX637756.1 195500000 196000000 118.0
OX637756.1 196000000 196500000 118.0
OX637756.1 196500000 197000000 118.0
OX637756.1 197000000 197500000 118.0
OX637756.1 197500000 198000000 118.0
OX637756.1 198000000 198500000 118.01801
OX637756.1 198500000 199000000 119.0
OX637756.1 199000000 199500000 119.0
OX637756.1 199500000 200000000 119.0
OX637756.1 200000000 200500000 119.0
OX637756.1 200500000 201000000 119.0
OX637756.1 201000000 201500000 119.0
OX637756.1 201500000 202000000 119.0
OX637756.1 202000000 202500000 119.0
OX637756.1 202500000 203000000 119.0
OX637756.1 203000000 203500000 119.0
OX637756.1 203500000 204000000 119.0
OX637756.1 204000000 204500000 119.0
OX637756.1 204500000 205000000 119.0
OX637756.1 205000000 205500000 119.0
OX637756.1 205500000 206000000 119.0
OX637756.1 206000000 206500000 119.0
OX637756.1 206500000 207000000 119.0
OX637756.1 207000000 207500000 119.0
OX637756.1 207500000 208000000 119.0
OX637756.1 208000000 208500000 119.75944
OX637756.1 208500000 209000000 120.0
OX637756.1 209000000 209500000 120.0
OX637756.1 209500000 210000000 120.0
OX637756.1 210000000 210500000 120.0
OX637756.1 210500000 211000000 120.0
OX637756.1 211000000 211500000 120.0
OX637756.1 211500000 212000000 120.0
OX637756.1 212000000 212500000 120.0
OX637756.1 212500000 213000000 120.3234
OX637756.1 213000000 213500000 121.0
OX637756.1 213500000 214000000 121.0
OX637756.1 214000000 214500000 121.0
OX637756.1 214500000 215000000 121.0
OX637756.1 215000000 215500000 121.0
OX637756.1 215500000 216000000 121.0
OX637756.1 216000000 216500000 121.0
OX637756.1 216500000 217000000 121.0
OX637756.1 217000000 217500000 121.55986
OX637756.1 217500000 218000000 122.0
OX637756.1 218000000 218500000 122.0
OX637756.1 218500000 219000000 122.0
OX637756.1 219000000 219500000 122.0
OX637756.1 219500000 220000000 122.79716
OX637756.1 220000000 220500000 123.0
OX637756.1 220500000 221000000 123.0
OX637756.1 221000000 221500000 123.0
OX637756.1 221500000 222000000 123.0
OX637756.1 222000000 222500000 123.0
OX637756.1 222500000 223000000 123.75454
OX637756.1 223000000 223500000 124.0
OX637756.1 223500000 224000000 123.24554
OX637756.1 224000000 224500000 123.0
OX637756.1 224500000 225000000 123.0
OX637756.1 225000000 225500000 123.0
OX637756.1 225500000 226000000 123.0
OX637756.1 226000000 226500000 123.0
OX637756.1 226500000 227000000 123.0
OX637756.1 227000000 227500000 123.0
OX637756.1 227500000 228000000 123.0
OX637756.1 228000000 228500000 123.0
OX637756.1 228500000 229000000 123.0
OX637756.1 229000000 229500000 123.0
OX637756.1 229500000 230000000 123.10536
OX637756.1 230000000 230500000 123.0
OX637756.1 230500000 231000000 123.0
OX637756.1 231000000 231500000 123.0
OX637756.1 231500000 232000000 123.0
OX637756.1 232000000 232500000 123.0
OX637756.1 232500000 233000000 123.0
OX637756.1 233000000 233500000 123.0
OX637756.1 233500000 234000000 122.94007
OX637756.1 234000000 234500000 122.72706
OX637756.1 234500000 235000000 123.0
OX637756.1 235000000 235500000 123.0
OX637756.1 235500000 236000000 123.0
OX637756.1 236000000 236500000 123.20084
OX637756.1 236500000 237000000 124.0
OX637756.1 237000000 237500000 124.52015
OX637756.1 237500000 238000000 124.27652
OX637756.1 238000000 238500000 124.28887
OX637756.1 238500000 239000000 124.0
OX637756.1 239000000 239500000 124.0
OX637756.1 239500000 240000000 124.20706
OX637756.1 240000000 240500000 125.4809
OX637756.1 240500000 241000000 125.31651
OX637756.1 241000000 241500000 125.0
OX637756.1 241500000 242000000 125.0
OX637756.1 242000000 242500000 125.0
OX637756.1 242500000 243000000 125.0
OX637756.1 243000000 243500000 125.0
OX637756.1 243500000 244000000 125.0
OX637756.1 244000000 244500000 125.0
OX637756.1 244500000 245000000 125.0
OX637756.1 245000000 245500000 125.0
OX637756.1 245500000 246000000 125.7022
OX637756.1 246000000 246500000 127.33304
OX637756.1 246500000 247000000 127.23512
OX637756.1 247000000 247500000 127.0
OX637756.1 247500000 248000000 127.0
OX637756.1 248000000 248500000 127.0
OX637756.1 248500000 249000000 127.0
OX637756.1 249000000 249500000 127.0
OX637756.1 249500000 250000000 127.0
OX637756.1 250000000 250500000 127.0
OX637756.1 250500000 251000000 127.0
OX637756.1 251000000 251500000 127.0
OX637756.1 251500000 252000000 127.0
OX637756.1 252000000 252500000 127.0
OX637756.1 252500000 253000000 127.3164
OX637756.1 253000000 253500000 128.0
OX637756.1 253500000 254000000 128.0
OX637756.1 254000000 254500000 128.0
OX637756.1 254500000 255000000 128.0
OX637756.1 255000000 255500000 128.00585
OX637756.1 255500000 256000000 129.0
OX637756.1 256000000 256500000 128.39682
OX637756.1 256500000 257000000 128.0
OX637756.1 257000000 257500000 127.69202
OX637756.1 257500000 258000000 127.0
OX637756.1 258000000 258500000 127.0
OX637756.1 258500000 259000000 127.0
OX637756.1 259000000 259500000 127.0
OX637756.1 259500000 260000000 127.0
OX637756.1 260000000 260500000 127.0
OX637756.1 260500000 261000000 127.0
OX637756.1 261000000 261500000 127.0
OX637756.1 261500000 262000000 127.0
OX637756.1 262000000 262500000 127.0
OX637756.1 262500000 263000000 127.0
OX637756.1 263000000 263500000 127.0
OX637756.1 263500000 264000000 127.0
OX637756.1 264000000 264500000 127.0
OX637756.1 264500000 265000000 127.0
OX637756.1 265000000 265500000 126.86021
OX637756.1 265500000 266000000 126.0
OX637756.1 266000000 266500000 126.0
OX637756.1 266500000 267000000 126.0
OX637756.1 267000000 267500000 126.0
OX637756.1 267500000 268000000 126.0
OX637756.1 268000000 268500000 126.0
OX637756.1 268500000 269000000 126.0
OX637756.1 269000000 269500000 126.0
OX637756.1 269500000 270000000 126.0
OX637756.1 270000000 270500000 126.0
OX637756.1 270500000 271000000 126.0
OX637756.1 271000000 271500000 126.0
OX637756.1 271500000 272000000 126.61236
OX637756.1 272000000 272500000 125.88324
OX637756.1 272500000 273000000 125.0
OX637756.1 273000000 273500000 125.0
OX637756.1 273500000 274000000 125.0
OX637756.1 274000000 274500000 125.0
OX637756.1 274500000 275000000 125.0
OX637756.1 275000000 275500000 124.63561
OX637756.1 275500000 276000000 124.0
OX637756.1 276000000 276500000 124.0
OX637756.1 276500000 277000000 124.0
OX637756.1 277000000 277500000 124.0
OX637756.1 277500000 278000000 124.0
OX637756.1 278000000 278500000 124.37796
OX637756.1 278500000 279000000 125.0
OX637756.1 279000000 279500000 125.0
OX637756.1 279500000 280000000 125.0
OX637756.1 280000000 280500000 125.0
OX637756.1 280500000 281000000 125.0
OX637756.1 281000000 281500000 125.46935
OX637756.1 281500000 282000000 126.0
OX637756.1 282000000 282500000 125.51609
OX637756.1 282500000 283000000 125.0
OX637756.1 283000000 283500000 125.0
OX637756.1 283500000 284000000 125.0
OX637756.1 284000000 284500000 125.0
OX637756.1 284500000 285000000 125.0
OX637756.1 285000000 285500000 125.0
OX637756.1 285500000 286000000 125.0
OX637756.1 286000000 286500000 125.0
OX637756.1 286500000 287000000 125.0
OX637756.1 287000000 287500000 125.0
OX637756.1 287500000 288000000 125.0
OX637756.1 288000000 288500000 125.0
OX637756.1 288500000 289000000 125.0
OX637756.1 289000000 289500000 125.0
OX637756.1 289500000 290000000 125.0
OX637756.1 290000000 290500000 125.0
OX637756.1 290500000 291000000 125.0
OX637756.1 291000000 291500000 125.0
OX637756.1 291500000 292000000 125.0
OX637756.1 292000000 292500000 125.0
OX637756.1 292500000 293000000 124.05665
OX637756.1 293000000 293500000 124.0
OX637756.1 293500000 294000000 124.0
OX637756.1 294000000 294500000 124.0
OX637756.1 294500000 295000000 124.0
OX637756.1 295000000 295500000 124.0
OX637756.1 295500000 296000000 124.0
OX637756.1 296000000 296500000 124.0
OX637756.1 296500000 297000000 124.0
OX637756.1 297000000 297500000 124.0
OX637756.1 297500000 298000000 124.0
OX637756.1 298000000 298500000 123.41396
OX637756.1 298500000 299000000 123.0
OX637756.1 299000000 299500000 122.60476
OX637756.1 299500000 300000000 122.0
OX637756.1 300000000 300500000 122.0
OX637756.1 300500000 301000000 122.0
OX637756.1 301000000 301500000 122.0
OX637756.1 301500000 302000000 122.0
OX637756.1 302000000 302500000 122.0
OX637756.1 302500000 303000000 122.0
OX637756.1 303000000 303500000 122.0
OX637756.1 303500000 304000000 122.0
OX637756.1 304000000 304500000 122.0
OX637756.1 304500000 305000000 122.0
OX637756.1 305000000 305500000 122.0
OX637756.1 305500000 306000000 122.0
OX637756.1 306000000 306500000 122.0
OX637756.1 306500000 307000000 122.0
OX637756.1 307000000 307500000 122.0
OX637756.1 307500000 308000000 122.0
OX637756.1 308000000 308500000 122.0
OX637756.1 308500000 309000000 122.0
OX637756.1 309000000 309500000 122.0
OX637756.1 309500000 310000000 122.0
OX637756.1 310000000 310500000 122.0
OX637756.1 310500000 311000000 122.0
OX637756.1 311000000 311500000 122.0
OX637756.1 311500000 312000000 122.0
OX637756.1 312000000 312500000 122.0
OX637756.1 312500000 313000000 122.0
OX637756.1 313000000 313500000 121.6276
OX637756.1 313500000 314000000 120.69393
OX637756.1 314000000 314500000 120.0
OX637756.1 314500000 315000000 120.0
OX637756.1 315000000 315500000 120.0
OX637756.1 315500000 316000000 120.0
OX637756.1 316000000 316500000 120.0
OX637756.1 316500000 317000000 120.0
OX637756.1 317000000 317500000 120.0
OX637756.1 317500000 318000000 120.0
OX637756.1 318000000 318500000 120.0
OX637756.1 318500000 319000000 120.0
OX637756.1 319000000 319500000 120.40612
OX637756.1 319500000 320000000 120.00399
OX637756.1 320000000 320500000 120.0
OX637756.1 320500000 321000000 120.0
OX637756.1 321000000 321500000 120.0
OX637756.1 321500000 322000000 120.0
OX637756.1 322000000 322500000 120.0
OX637756.1 322500000 323000000 120.0
OX637756.1 323000000 323500000 120.0
OX637756.1 323500000 324000000 120.0
OX637756.1 324000000 324500000 120.0
OX637756.1 324500000 325000000 120.0
OX637756.1 325000000 325500000 120.0
OX637756.1 325500000 326000000 120.0
OX637756.1 326000000 326500000 120.0
OX637756.1 326500000 327000000 120.0
OX637756.1 327000000 327500000 120.0
OX637756.1 327500000 328000000 120.0
OX637756.1 328000000 328500000 120.0
OX637756.1 328500000 329000000 120.0
OX637756.1 329000000 329500000 120.0
OX637756.1 329500000 330000000 120.0
OX637756.1 330000000 330500000 120.0
OX637756.1 330500000 331000000 120.0
OX637756.1 331000000 331500000 120.0
OX637756.1 331500000 332000000 120.03029
OX637756.1 332000000 332500000 120.0
OX637756.1 332500000 333000000 120.0
OX637756.1 333000000 333500000 120.37745
OX637756.1 333500000 334000000 121.0
OX637756.1 334000000 334500000 122.47588
OX637756.1 334500000 335000000 123.0
OX637756.1 335000000 335500000 123.0
OX637756.1 335500000 336000000 123.0
OX637756.1 336000000 336500000 123.0
OX637756.1 336500000 337000000 123.0
OX637756.1 337000000 337500000 123.73201
OX637756.1 337500000 338000000 124.0
OX637756.1 338000000 338500000 124.06657
OX637756.1 338500000 339000000 125.963
OX637756.1 339000000 339500000 125.97707
OX637756.1 339500000 340000000 125.0
OX637756.1 340000000 340500000 125.22149
OX637756.1 340500000 341000000 126.0
OX637756.1 341000000 341500000 126.0
OX637756.1 341500000 342000000 126.0
OX637756.1 342000000 342500000 126.0
OX637756.1 342500000 343000000 126.0
OX637756.1 343000000 343500000 126.0
OX637756.1 343500000 344000000 126.0
OX637756.1 344000000 344500000 126.0
OX637756.1 344500000 345000000 125.75814
OX637756.1 345000000 345500000 125.0
OX637756.1 345500000 346000000 125.0
OX637756.1 346000000 346500000 125.0
OX637756.1 346500000 347000000 125.0
OX637756.1 347000000 347500000 125.0
OX637756.1 347500000 348000000 125.83039
OX637756.1 348000000 348500000 126.74689
OX637756.1 348500000 349000000 127.75015
OX637756.1 349000000 349500000 128.59794
OX637756.1 349500000 350000000 129.0
OX637756.1 350000000 350500000 129.0
OX637756.1 350500000 351000000 129.0
OX637756.1 351000000 351500000 129.87537
OX637756.1 351500000 352000000 130.0
OX637756.1 352000000 352500000 130.0
OX637756.1 352500000 353000000 130.0
OX637756.1 353000000 353500000 130.0
OX637756.1 353500000 354000000 129.09194
OX637756.1 354000000 354500000 128.04832
OX637756.1 354500000 355000000 128.0
OX637756.1 355000000 355500000 128.0
OX637756.1 355500000 356000000 128.0
OX637756.1 356000000 356500000 127.33158
OX637756.1 356500000 357000000 126.84321
OX637756.1 357000000 357500000 126.0
OX637756.1 357500000 358000000 126.0
OX637756.1 358000000 358500000 126.0
OX637756.1 358500000 359000000 126.0
OX637756.1 359000000 359500000 125.65019
OX637756.1 359500000 360000000 125.0
OX637756.1 360000000 360500000 125.0
OX637756.1 360500000 361000000 124.33371
OX637756.1 361000000 361500000 124.0
OX637756.1 361500000 362000000 123.87224
OX637756.1 362000000 362500000 123.0
OX637756.1 362500000 363000000 123.0
OX637756.1 363000000 363500000 123.0
OX637756.1 363500000 364000000 123.0
OX637756.1 364000000 364500000 123.0
OX637756.1 364500000 365000000 123.0
OX637756.1 365000000 365500000 123.0
OX637756.1 365500000 366000000 123.0
OX637756.1 366000000 366500000 123.0
OX637756.1 366500000 367000000 123.0
OX637756.1 367000000 367500000 123.0
OX637756.1 367500000 368000000 123.0
OX637756.1 368000000 368500000 122.47201
OX637756.1 368500000 369000000 122.0
OX637756.1 369000000 369500000 122.0
OX637756.1 369500000 370000000 122.0
OX637756.1 370000000 370500000 121.487
OX637756.1 370500000 371000000 121.0
OX637756.1 371000000 371500000 121.0
OX637756.1 371500000 372000000 121.0
OX637756.1 372000000 372500000 121.0
OX637756.1 372500000 373000000 120.25882
OX637756.1 373000000 373500000 119.07456
OX637756.1 373500000 374000000 119.0
OX637756.1 374000000 374500000 119.0
OX637756.1 374500000 375000000 118.38238
OX637756.1 375000000 375500000 118.0
OX637756.1 375500000 376000000 117.86072
OX637756.1 376000000 376500000 117.0
OX637756.1 376500000 377000000 116.52864
OX637756.1 377000000 377500000 115.45519
OX637756.1 377500000 378000000 115.0
OX637756.1 378000000 378500000 114.60234
OX637756.1 378500000 379000000 112.49338
OX637756.1 379000000 379500000 110.04569
OX637756.1 379500000 380000000 110.0
OX637756.1 380000000 380500000 109.14328
OX637756.1 380500000 381000000 108.58352
OX637756.1 381000000 381500000 108.0
OX637756.1 381500000 382000000 107.79977
OX637756.1 382000000 382500000 107.0
OX637756.1 382500000 383000000 106.11115
OX637756.1 383000000 383500000 104.0
OX637756.1 383500000 384000000 104.0
OX637756.1 384000000 384500000 104.0
OX637756.1 384500000 385000000 103.20141
OX637756.1 385000000 385500000 102.28587
OX637756.1 385500000 386000000 102.0
OX637756.1 386000000 386500000 101.72695
OX637756.1 386500000 387000000 99.96069
OX637756.1 387000000 387500000 98.09854
OX637756.1 387500000 388000000 98.0
OX637756.1 388000000 388500000 97.85394
OX637756.1 388500000 389000000 95.11068
OX637756.1 389000000 389500000 89.68255
OX637756.1 389500000 390000000 88.13593
OX637756.1 390000000 390500000 85.22699
OX637756.1 390500000 391000000 82.722
OX637756.1 391000000 391500000 81.8703
OX637756.1 391500000 392000000 79.43692
OX637756.1 392000000 392500000 78.76121
OX637756.1 392500000 393000000 77.19119
OX637756.1 393000000 393500000 77.0
OX637756.1 393500000 394000000 76.89569
OX637756.1 394000000 394500000 73.41405
OX637756.1 394500000 395000000 71.36322
OX637756.1 395000000 395500000 65.08449
OX637756.1 395500000 396000000 60.46855
OX637756.1 396000000 396500000 58.89888
OX637756.1 396500000 397000000 53.076
OX637756.1 397000000 397500000 49.31901
OX637756.1 397500000 398000000 49.0
OX637756.1 398000000 398500000 49.0
OX637756.1 398500000 399000000 47.12407
OX637756.1 399000000 399500000 40.00308
OX637756.1 399500000 400000000 35.37363
OX637756.1 400000000 400500000 32.29407
OX637756.1 400500000 401000000 29.4452
OX637756.1 401000000 401500000 27.95465
OX637756.1 401500000 402000000 24.36787
OX637756.1 402000000 402500000 20.87199
OX637756.1 402500000 403000000 16.76827
OX637756.1 403000000 403500000 10.27226
OX637756.1 403500000 403960391 4.91959
OX637743.1 0 500000 0.0
OX637743.1 500000 1000000 0.0
OX637743.1 1000000 1500000 0.0
OX637743.1 1500000 2000000 0.0
OX637743.1 2000000 2500000 0.0
OX637743.1 2500000 3000000 1.95218
OX637743.1 3000000 3500000 3.0
OX637743.1 3500000 4000000 3.0
OX637743.1 4000000 4500000 3.0
OX637743.1 4500000 5000000 4.04189
OX637743.1 5000000 5500000 6.0
OX637743.1 5500000 6000000 6.4693
OX637743.1 6000000 6500000 7.0
OX637743.1 6500000 7000000 7.65539
OX637743.1 7000000 7500000 11.35503
OX637743.1 7500000 8000000 13.1089
OX637743.1 8000000 8500000 14.0
OX637743.1 8500000 9000000 14.0
OX637743.1 9000000 9500000 14.0
OX637743.1 9500000 10000000 14.0
OX637743.1 10000000 10500000 14.0
OX637743.1 10500000 11000000 14.0
OX637743.1 11000000 11500000 14.0
OX637743.1 11500000 12000000 14.0
OX637743.1 12000000 12500000 14.0
OX637743.1 12500000 13000000 14.0
OX637743.1 13000000 13500000 14.0
OX637743.1 13500000 14000000 15.32546
OX637743.1 14000000 14500000 16.38921
OX637743.1 14500000 15000000 17.86857
OX637743.1 15000000 15500000 20.50943
OX637743.1 15500000 16000000 21.0
OX637743.1 16000000 16500000 22.12394
OX637743.1 16500000 17000000 24.71
OX637743.1 17000000 17500000 26.49913
OX637743.1 17500000 18000000 27.73836
OX637743.1 18000000 18500000 28.44332
OX637743.1 18500000 19000000 29.06203
OX637743.1 19000000 19500000 30.89917
OX637743.1 19500000 20000000 32.62113
OX637743.1 20000000 20500000 35.81226
OX637743.1 20500000 21000000 37.0
OX637743.1 21000000 21500000 37.6727
OX637743.1 21500000 22000000 39.49398
OX637743.1 22000000 22500000 41.20841
OX637743.1 22500000 23000000 43.06769
OX637743.1 23000000 23500000 44.63531
OX637743.1 23500000 24000000 45.19192
OX637743.1 24000000 24500000 46.0
OX637743.1 24500000 25000000 46.0
OX637743.1 25000000 25500000 46.0
OX637743.1 25500000 26000000 46.0
OX637743.1 26000000 26500000 46.51272
OX637743.1 26500000 27000000 47.0
OX637743.1 27000000 27500000 47.0
OX637743.1 27500000 28000000 47.0
OX637743.1 28000000 28500000 47.0
OX637743.1 28500000 29000000 47.0
OX637743.1 29000000 29500000 47.0
OX637743.1 29500000 30000000 47.0
OX637743.1 30000000 30500000 47.0
OX637743.1 30500000 31000000 47.82221
OX637743.1 31000000 31500000 48.0
OX637743.1 31500000 32000000 48.67511
OX637743.1 32000000 32500000 49.0
OX637743.1 32500000 33000000 49.16869
OX637743.1 33000000 33500000 50.85426
OX637743.1 33500000 34000000 51.0
OX637743.1 34000000 34500000 51.0
OX637743.1 34500000 35000000 51.0
OX637743.1 35000000 35500000 51.82894
OX637743.1 35500000 36000000 52.0
OX637743.1 36000000 36500000 52.0
OX637743.1 36500000 37000000 52.0
OX637743.1 37000000 37500000 52.0
OX637743.1 37500000 38000000 52.0
OX637743.1 38000000 38500000 52.0
OX637743.1 38500000 39000000 52.74011
OX637743.1 39000000 39500000 53.0
OX637743.1 39500000 40000000 53.0
OX637743.1 40000000 40500000 53.7593
OX637743.1 40500000 41000000 54.0
OX637743.1 41000000 41500000 54.0
OX637743.1 41500000 42000000 54.0
OX637743.1 42000000 42500000 54.0
OX637743.1 42500000 43000000 54.0
OX637743.1 43000000 43500000 54.0
OX637743.1 43500000 44000000 54.0404
OX637743.1 44000000 44500000 55.0
OX637743.1 44500000 45000000 55.0
OX637743.1 45000000 45500000 55.0
OX637743.1 45500000 46000000 55.0
OX637743.1 46000000 46500000 55.43899
OX637743.1 46500000 47000000 56.0
OX637743.1 47000000 47500000 56.0
OX637743.1 47500000 48000000 56.0
OX637743.1 48000000 48500000 56.0
OX637743.1 48500000 49000000 57.3142
OX637743.1 49000000 49500000 58.89947
OX637743.1 49500000 50000000 59.0
OX637743.1 50000000 50500000 59.0
OX637743.1 50500000 51000000 59.0
OX637743.1 51000000 51500000 59.0
OX637743.1 51500000 52000000 59.0
OX637743.1 52000000 52500000 59.0
OX637743.1 52500000 53000000 59.0
OX637743.1 53000000 53500000 59.0
OX637743.1 53500000 54000000 59.0
OX637743.1 54000000 54500000 59.29878
OX637743.1 54500000 55000000 61.0
OX637743.1 55000000 55500000 61.99103
OX637743.1 55500000 56000000 62.0
OX637743.1 56000000 56500000 62.0
OX637743.1 56500000 57000000 61.72844
OX637743.1 57000000 57500000 61.0
OX637743.1 57500000 58000000 61.0
OX637743.1 58000000 58500000 61.0
OX637743.1 58500000 59000000 61.0
OX637743.1 59000000 59500000 61.0
OX637743.1 59500000 60000000 61.23949
OX637743.1 60000000 60500000 62.0
OX637743.1 60500000 61000000 62.0
OX637743.1 61000000 61500000 62.0
OX637743.1 61500000 62000000 62.0
OX637743.1 62000000 62500000 62.0
OX637743.1 62500000 63000000 62.0
OX637743.1 63000000 63500000 62.19478
OX637743.1 63500000 64000000 63.0
OX637743.1 64000000 64500000 63.0
OX637743.1 64500000 65000000 63.0
OX637743.1 65000000 65500000 63.0
OX637743.1 65500000 66000000 63.0
OX637743.1 66000000 66500000 63.0
OX637743.1 66500000 67000000 63.0
OX637743.1 67000000 67500000 63.0
OX637743.1 67500000 68000000 63.0
OX637743.1 68000000 68500000 63.0
OX637743.1 68500000 69000000 63.0
OX637743.1 69000000 69500000 63.0
OX637743.1 69500000 70000000 63.0
OX637743.1 70000000 70500000 63.0
OX637743.1 70500000 71000000 63.0
OX637743.1 71000000 71500000 63.0
OX637743.1 71500000 72000000 63.68783
OX637743.1 72000000 72500000 64.0
OX637743.1 72500000 73000000 64.0
OX637743.1 73000000 73500000 64.34542
OX637743.1 73500000 74000000 65.0
OX637743.1 74000000 74500000 65.37676
OX637743.1 74500000 75000000 66.0
OX637743.1 75000000 75500000 66.0
OX637743.1 75500000 76000000 66.0
OX637743.1 76000000 76500000 66.12368
OX637743.1 76500000 77000000 67.0
OX637743.1 77000000 77500000 67.0
OX637743.1 77500000 78000000 67.76818
OX637743.1 78000000 78500000 68.0
OX637743.1 78500000 79000000 68.76715
OX637743.1 79000000 79500000 69.0
OX637743.1 79500000 80000000 68.05843
OX637743.1 80000000 80500000 68.0
OX637743.1 80500000 81000000 68.0
OX637743.1 81000000 81500000 68.0
OX637743.1 81500000 82000000 68.0
OX637743.1 82000000 82500000 68.0
OX637743.1 82500000 83000000 68.0
OX637743.1 83000000 83500000 68.0
OX637743.1 83500000 84000000 68.0
OX637743.1 84000000 84500000 68.0
OX637743.1 84500000 85000000 68.0
OX637743.1 85000000 85500000 68.0
OX637743.1 85500000 86000000 68.0
OX637743.1 86000000 86500000 68.0
OX637743.1 86500000 87000000 68.0
OX637743.1 87000000 87500000 68.0
OX637743.1 87500000 88000000 68.0
OX637743.1 88000000 88500000 68.81966
OX637743.1 88500000 89000000 69.0
OX637743.1 89000000 89500000 69.0
OX637743.1 89500000 90000000 69.0
OX637743.1 90000000 90500000 69.0
OX637743.1 90500000 91000000 69.0
OX637743.1 91000000 91500000 69.0
OX637743.1 91500000 92000000 69.0
OX637743.1 92000000 92500000 69.0
OX637743.1 92500000 93000000 69.0
OX637743.1 93000000 93500000 69.0
OX637743.1 93500000 94000000 69.0
OX637743.1 94000000 94500000 69.0
OX637743.1 94500000 95000000 69.0
OX637743.1 95000000 95500000 69.0
OX637743.1 95500000 96000000 69.00142
OX637743.1 96000000 96500000 70.0
OX637743.1 96500000 97000000 70.0
OX637743.1 97000000 97500000 70.0
OX637743.1 97500000 98000000 70.0
OX637743.1 98000000 98500000 70.0
OX637743.1 98500000 99000000 70.0
OX637743.1 99000000 99500000 70.0
OX637743.1 99500000 100000000 70.0
OX637743.1 100000000 100500000 70.0
OX637743.1 100500000 101000000 70.0
OX637743.1 101000000 101500000 70.0
OX637743.1 101500000 102000000 70.0
OX637743.1 102000000 102500000 70.0
OX637743.1 102500000 103000000 70.0
OX637743.1 103000000 103500000 70.0
OX637743.1 103500000 104000000 70.0
OX637743.1 104000000 104500000 70.0
OX637743.1 104500000 105000000 70.0
OX637743.1 105000000 105500000 70.0
OX637743.1 105500000 106000000 70.0
OX637743.1 106000000 106500000 70.0
OX637743.1 106500000 107000000 70.0
OX637743.1 107000000 107500000 70.0
OX637743.1 107500000 108000000 70.0
OX637743.1 108000000 108500000 70.0
OX637743.1 108500000 109000000 70.0
OX637743.1 109000000 109500000 70.0
OX637743.1 109500000 110000000 70.0
OX637743.1 110000000 110500000 70.0
OX637743.1 110500000 111000000 70.0
OX637743.1 111000000 111500000 70.0
OX637743.1 111500000 112000000 70.0
OX637743.1 112000000 112500000 70.0
OX637743.1 112500000 113000000 70.0
OX637743.1 113000000 113500000 70.0
OX637743.1 113500000 114000000 70.0
OX637743.1 114000000 114500000 70.0
OX637743.1 114500000 115000000 70.0
OX637743.1 115000000 115500000 70.0
OX637743.1 115500000 116000000 70.0
OX637743.1 116000000 116500000 70.0
OX637743.1 116500000 117000000 70.0
OX637743.1 117000000 117500000 70.0
OX637743.1 117500000 118000000 70.0
OX637743.1 118000000 118500000 70.0
OX637743.1 118500000 119000000 70.0
OX637743.1 119000000 119500000 70.0
OX637743.1 119500000 120000000 70.0
OX637743.1 120000000 120500000 70.0
OX637743.1 120500000 121000000 70.0
OX637743.1 121000000 121500000 70.0
OX637743.1 121500000 122000000 70.0
OX637743.1 122000000 122500000 70.0
OX637743.1 122500000 123000000 70.0
OX637743.1 123000000 123500000 70.0
OX637743.1 123500000 124000000 70.0
OX637743.1 124000000 124500000 70.0
OX637743.1 124500000 125000000 70.0
OX637743.1 125000000 125500000 70.0
OX637743.1 125500000 126000000 70.0
OX637743.1 126000000 126500000 70.0
OX637743.1 126500000 127000000 70.0
OX637743.1 127000000 127500000 70.0
OX637743.1 127500000 128000000 70.0
OX637743.1 128000000 128500000 70.0
OX637743.1 128500000 129000000 70.0
OX637743.1 129000000 129500000 70.6311
OX637743.1 129500000 130000000 71.16464
OX637743.1 130000000 130500000 72.0
OX637743.1 130500000 131000000 72.0
OX637743.1 131000000 131500000 72.0
OX637743.1 131500000 132000000 72.05839
OX637743.1 132000000 132500000 73.0
OX637743.1 132500000 133000000 73.0
OX637743.1 133000000 133500000 73.0
OX637743.1 133500000 134000000 73.0
OX637743.1 134000000 134500000 73.0
OX637743.1 134500000 135000000 73.0
OX637743.1 135000000 135500000 73.0
OX637743.1 135500000 136000000 73.0
OX637743.1 136000000 136500000 73.0
OX637743.1 136500000 137000000 73.0
OX637743.1 137000000 137500000 73.18438
OX637743.1 137500000 138000000 73.17163
OX637743.1 138000000 138500000 73.0
OX637743.1 138500000 139000000 73.0
OX637743.1 139000000 139500000 73.0
OX637743.1 139500000 140000000 73.0
OX637743.1 140000000 140500000 73.0
OX637743.1 140500000 141000000 73.0
OX637743.1 141000000 141500000 73.0
OX637743.1 141500000 142000000 73.0
OX637743.1 142000000 142500000 73.0
OX637743.1 142500000 143000000 73.0
OX637743.1 143000000 143500000 73.0
OX637743.1 143500000 144000000 73.0
OX637743.1 144000000 144500000 73.0
OX637743.1 144500000 145000000 73.0
OX637743.1 145000000 145500000 73.0
OX637743.1 145500000 146000000 73.0
OX637743.1 146000000 146500000 73.0
OX637743.1 146500000 147000000 73.0
OX637743.1 147000000 147500000 73.0
OX637743.1 147500000 148000000 73.0
OX637743.1 148000000 148500000 73.0
OX637743.1 148500000 149000000 73.0
OX637743.1 149000000 149500000 73.0
OX637743.1 149500000 150000000 73.0
OX637743.1 150000000 150500000 73.0
OX637743.1 150500000 151000000 73.0
OX637743.1 151000000 151500000 73.0
OX637743.1 151500000 152000000 73.0
OX637743.1 152000000 152500000 73.0
OX637743.1 152500000 153000000 73.0
OX637743.1 153000000 153500000 73.0
OX637743.1 153500000 154000000 73.0
OX637743.1 154000000 154500000 73.0
OX637743.1 154500000 155000000 73.0
OX637743.1 155000000 155500000 73.0
OX637743.1 155500000 156000000 73.0
OX637743.1 156000000 156500000 73.0
OX637743.1 156500000 157000000 73.0
OX637743.1 157000000 157500000 73.0
OX637743.1 157500000 158000000 73.0
OX637743.1 158000000 158500000 73.0
OX637743.1 158500000 159000000 73.0
OX637743.1 159000000 159500000 73.0
OX637743.1 159500000 160000000 73.0
OX637743.1 160000000 160500000 73.0
OX637743.1 160500000 161000000 73.0
OX637743.1 161000000 161500000 73.0
OX637743.1 161500000 162000000 73.0
OX637743.1 162000000 162500000 73.0
OX637743.1 162500000 163000000 73.0
OX637743.1 163000000 163500000 73.0
OX637743.1 163500000 164000000 73.0
OX637743.1 164000000 164500000 73.0
OX637743.1 164500000 165000000 73.0
OX637743.1 165000000 165500000 73.0
OX637743.1 165500000 166000000 73.0
OX637743.1 166000000 166500000 73.0
OX637743.1 166500000 167000000 73.0
OX637743.1 167000000 167500000 73.0
OX637743.1 167500000 168000000 73.0
OX637743.1 168000000 168500000 73.0
OX637743.1 168500000 169000000 73.0
OX637743.1 169000000 169500000 73.0
OX637743.1 169500000 170000000 73.0
OX637743.1 170000000 170500000 73.0
OX637743.1 170500000 171000000 73.77284
OX637743.1 171000000 171500000 74.0
OX637743.1 171500000 172000000 74.0
OX637743.1 172000000 172500000 74.0
OX637743.1 172500000 173000000 74.0
OX637743.1 173000000 173500000 74.0
OX637743.1 173500000 174000000 74.0
OX637743.1 174000000 174500000 74.0
OX637743.1 174500000 175000000 74.0
OX637743.1 175000000 175500000 74.0
OX637743.1 175500000 176000000 74.0
OX637743.1 176000000 176500000 74.0
OX637743.1 176500000 177000000 74.0
OX637743.1 177000000 177500000 74.0
OX637743.1 177500000 178000000 74.0
OX637743.1 178000000 178500000 74.0
OX637743.1 178500000 179000000 74.0
OX637743.1 179000000 179500000 74.0
OX637743.1 179500000 180000000 74.0
OX637743.1 180000000 180500000 74.0
OX637743.1 180500000 181000000 74.0
OX637743.1 181000000 181500000 74.0
OX637743.1 181500000 182000000 74.0
OX637743.1 182000000 182500000 74.0
OX637743.1 182500000 183000000 74.0
OX637743.1 183000000 183500000 74.0
OX637743.1 183500000 184000000 74.0
OX637743.1 184000000 184500000 74.0
OX637743.1 184500000 185000000 74.0
OX637743.1 185000000 185500000 74.0
OX637743.1 185500000 186000000 74.0
OX637743.1 186000000 186500000 74.0
OX637743.1 186500000 187000000 74.0
OX637743.1 187000000 187500000 74.0
OX637743.1 187500000 188000000 74.0
OX637743.1 188000000 188500000 74.0
OX637743.1 188500000 189000000 74.0
OX637743.1 189000000 189500000 74.0
OX637743.1 189500000 190000000 74.0
OX637743.1 190000000 190500000 74.0
OX637743.1 190500000 191000000 74.0
OX637743.1 191000000 191500000 74.0
OX637743.1 191500000 192000000 74.0
OX637743.1 192000000 192500000 74.0
OX637743.1 192500000 193000000 74.0
OX637743.1 193000000 193500000 74.0
OX637743.1 193500000 194000000 74.0
OX637743.1 194000000 194500000 74.0
OX637743.1 194500000 195000000 74.0
OX637743.1 195000000 195500000 74.0
OX637743.1 195500000 196000000 74.0
OX637743.1 196000000 196500000 74.0
OX637743.1 196500000 197000000 74.0
OX637743.1 197000000 197500000 74.0
OX637743.1 197500000 198000000 74.0
OX637743.1 198000000 198500000 74.0
OX637743.1 198500000 199000000 74.0
OX637743.1 199000000 199500000 74.0
OX637743.1 199500000 200000000 74.0
OX637743.1 200000000 200500000 74.0
OX637743.1 200500000 201000000 74.0
OX637743.1 201000000 201500000 74.0
OX637743.1 201500000 202000000 74.0
OX637743.1 202000000 202500000 74.0
OX637743.1 202500000 203000000 74.0
OX637743.1 203000000 203500000 74.0
OX637743.1 203500000 204000000 74.0
OX637743.1 204000000 204500000 74.0
OX637743.1 204500000 205000000 74.0
OX637743.1 205000000 205500000 74.0
OX637743.1 205500000 206000000 74.0
OX637743.1 206000000 206500000 74.0
OX637743.1 206500000 207000000 74.0
OX637743.1 207000000 207500000 74.0
OX637743.1 207500000 208000000 74.0
OX637743.1 208000000 208500000 74.0
OX637743.1 208500000 209000000 74.0
OX637743.1 209000000 209500000 74.0
OX637743.1 209500000 210000000 74.0
OX637743.1 210000000 210500000 74.0
OX637743.1 210500000 211000000 74.0
OX637743.1 211000000 211500000 74.0
OX637743.1 211500000 212000000 74.0
OX637743.1 212000000 212500000 74.0
OX637743.1 212500000 213000000 74.0
OX637743.1 213000000 213500000 74.0
OX637743.1 213500000 214000000 74.0
OX637743.1 214000000 214500000 74.0
OX637743.1 214500000 215000000 74.0
OX637743.1 215000000 215500000 74.0
OX637743.1 215500000 216000000 74.0
OX637743.1 216000000 216500000 74.0
OX637743.1 216500000 217000000 74.0
OX637743.1 217000000 217500000 74.0
OX637743.1 217500000 218000000 74.0
OX637743.1 218000000 218500000 74.0
OX637743.1 218500000 219000000 74.0
OX637743.1 219000000 219500000 74.0
OX637743.1 219500000 220000000 74.0
OX637743.1 220000000 220500000 74.0
OX637743.1 220500000 221000000 74.0
OX637743.1 221000000 221500000 74.0
OX637743.1 221500000 222000000 74.0
OX637743.1 222000000 222500000 74.0
OX637743.1 222500000 223000000 74.0
OX637743.1 223000000 223500000 74.0
OX637743.1 223500000 224000000 74.0
OX637743.1 224000000 224500000 74.0
OX637743.1 224500000 225000000 74.0
OX637743.1 225000000 225500000 74.0
OX637743.1 225500000 226000000 74.0
OX637743.1 226000000 226500000 74.0
OX637743.1 226500000 227000000 74.0
OX637743.1 227000000 227500000 74.0
OX637743.1 227500000 228000000 74.0
OX637743.1 228000000 228500000 74.0
OX637743.1 228500000 229000000 74.0
OX637743.1 229000000 229500000 74.0
OX637743.1 229500000 230000000 74.0
OX637743.1 230000000 230500000 74.0
OX637743.1 230500000 231000000 74.0
OX637743.1 231000000 231500000 74.0
OX637743.1 231500000 232000000 74.0
OX637743.1 232000000 232500000 74.0
OX637743.1 232500000 233000000 74.0
OX637743.1 233000000 233500000 74.0
OX637743.1 233500000 234000000 74.0
OX637743.1 234000000 234500000 74.0
OX637743.1 234500000 235000000 74.0
OX637743.1 235000000 235500000 74.0
OX637743.1 235500000 236000000 74.0
OX637743.1 236000000 236500000 74.0
OX637743.1 236500000 237000000 74.0
OX637743.1 237000000 237500000 74.0
OX637743.1 237500000 238000000 74.0
OX637743.1 238000000 238500000 74.0
OX637743.1 238500000 239000000 74.0
OX637743.1 239000000 239500000 74.0
OX637743.1 239500000 240000000 74.0
OX637743.1 240000000 240500000 74.0
OX637743.1 240500000 241000000 74.0
OX637743.1 241000000 241500000 74.0
OX637743.1 241500000 242000000 74.0
OX637743.1 242000000 242500000 74.0
OX637743.1 242500000 243000000 74.0
OX637743.1 243000000 243500000 74.0
OX637743.1 243500000 244000000 74.0
OX637743.1 244000000 244500000 74.0
OX637743.1 244500000 245000000 74.0
OX637743.1 245000000 245500000 74.0
OX637743.1 245500000 246000000 74.0
OX637743.1 246000000 246500000 74.0
OX637743.1 246500000 247000000 74.0
OX637743.1 247000000 247500000 74.0
OX637743.1 247500000 248000000 74.0
OX637743.1 248000000 248500000 74.0
OX637743.1 248500000 249000000 74.0
OX637743.1 249000000 249500000 74.0
OX637743.1 249500000 250000000 74.0
OX637743.1 250000000 250500000 74.00055
OX637743.1 250500000 251000000 74.0
OX637743.1 251000000 251500000 74.0
OX637743.1 251500000 252000000 74.0
OX637743.1 252000000 252500000 74.0
OX637743.1 252500000 253000000 74.0
OX637743.1 253000000 253500000 74.0
OX637743.1 253500000 254000000 74.0
OX637743.1 254000000 254500000 74.0
OX637743.1 254500000 255000000 74.0
OX637743.1 255000000 255500000 74.57076
OX637743.1 255500000 256000000 75.0
OX637743.1 256000000 256500000 75.0
OX637743.1 256500000 257000000 75.0
OX637743.1 257000000 257500000 75.0
OX637743.1 257500000 258000000 75.0
OX637743.1 258000000 258500000 75.0
OX637743.1 258500000 259000000 75.0
OX637743.1 259000000 259500000 75.0
OX637743.1 259500000 260000000 75.0
OX637743.1 260000000 260500000 75.0
OX637743.1 260500000 261000000 75.0
OX637743.1 261000000 261500000 75.0
OX637743.1 261500000 262000000 75.0
OX637743.1 262000000 262500000 75.0
OX637743.1 262500000 263000000 75.0
OX637743.1 263000000 263500000 75.0
OX637743.1 263500000 264000000 75.0
OX637743.1 264000000 264500000 75.0
OX637743.1 264500000 265000000 75.0
OX637743.1 265000000 265500000 75.0
OX637743.1 265500000 266000000 75.0
OX637743.1 266000000 266500000 75.0
OX637743.1 266500000 267000000 75.0
OX637743.1 267000000 267500000 75.0
OX637743.1 267500000 268000000 75.0
OX637743.1 268000000 268500000 75.0
OX637743.1 268500000 269000000 75.0
OX637743.1 269000000 269500000 75.0
OX637743.1 269500000 270000000 75.0
OX637743.1 270000000 270500000 75.0
OX637743.1 270500000 271000000 75.0
OX637743.1 271000000 271500000 75.0
OX637743.1 271500000 272000000 75.0
OX637743.1 272000000 272500000 75.0
OX637743.1 272500000 273000000 75.0
OX637743.1 273000000 273500000 75.0
OX637743.1 273500000 274000000 75.0
OX637743.1 274000000 274500000 75.0
OX637743.1 274500000 275000000 75.0
OX637743.1 275000000 275500000 75.0
OX637743.1 275500000 276000000 75.0
OX637743.1 276000000 276500000 75.0
OX637743.1 276500000 277000000 75.0
OX637743.1 277000000 277500000 75.78021
OX637743.1 277500000 278000000 76.0
OX637743.1 278000000 278500000 76.0
OX637743.1 278500000 279000000 76.0
OX637743.1 279000000 279500000 76.0
OX637743.1 279500000 280000000 76.0
OX637743.1 280000000 280500000 76.0
OX637743.1 280500000 281000000 76.0
OX637743.1 281000000 281500000 76.0
OX637743.1 281500000 282000000 76.0
OX637743.1 282000000 282500000 76.0
OX637743.1 282500000 283000000 76.0
OX637743.1 283000000 283500000 76.0
OX637743.1 283500000 284000000 76.0
OX637743.1 284000000 284500000 76.0
OX637743.1 284500000 285000000 76.0
OX637743.1 285000000 285500000 76.0
OX637743.1 285500000 286000000 76.0
OX637743.1 286000000 286500000 76.0
OX637743.1 286500000 287000000 76.0
OX637743.1 287000000 287500000 76.0
OX637743.1 287500000 288000000 76.0
OX637743.1 288000000 288500000 76.0
OX637743.1 288500000 289000000 76.0
OX637743.1 289000000 289500000 76.0
OX637743.1 289500000 290000000 76.0
OX637743.1 290000000 290500000 76.0
OX637743.1 290500000 291000000 76.0
OX637743.1 291000000 291500000 76.0
OX637743.1 291500000 292000000 76.0
OX637743.1 292000000 292500000 76.0
OX637743.1 292500000 293000000 76.0
OX637743.1 293000000 293500000 76.0
OX637743.1 293500000 294000000 76.0
OX637743.1 294000000 294500000 76.0
OX637743.1 294500000 295000000 76.0
OX637743.1 295000000 295500000 76.0
OX637743.1 295500000 296000000 76.0
OX637743.1 296000000 296500000 76.0
OX637743.1 296500000 297000000 76.0
OX637743.1 297000000 297500000 76.0
OX637743.1 297500000 298000000 76.0
OX637743.1 298000000 298500000 76.0
OX637743.1 298500000 299000000 76.0
OX637743.1 299000000 299500000 76.0
OX637743.1 299500000 300000000 76.0
OX637743.1 300000000 300500000 76.0
OX637743.1 300500000 301000000 76.0
OX637743.1 301000000 301500000 76.0
OX637743.1 301500000 302000000 76.0
OX637743.1 302000000 302500000 76.0
OX637743.1 302500000 303000000 76.0
OX637743.1 303000000 303500000 76.0
OX637743.1 303500000 304000000 76.0
OX637743.1 304000000 304500000 76.0
OX637743.1 304500000 305000000 76.0
OX637743.1 305000000 305500000 76.0
OX637743.1 305500000 306000000 76.0
OX637743.1 306000000 306500000 76.0
OX637743.1 306500000 307000000 76.0
OX637743.1 307000000 307500000 76.0
OX637743.1 307500000 308000000 76.0
OX637743.1 308000000 308500000 76.0
OX637743.1 308500000 309000000 75.19434
OX637743.1 309000000 309500000 75.0
OX637743.1 309500000 310000000 75.0
OX637743.1 310000000 310500000 75.0
OX637743.1 310500000 311000000 75.0
OX637743.1 311000000 311500000 75.0
OX637743.1 311500000 312000000 75.0
OX637743.1 312000000 312500000 75.0
OX637743.1 312500000 313000000 75.0
OX637743.1 313000000 313500000 75.0
OX637743.1 313500000 314000000 75.0
OX637743.1 314000000 314500000 75.0
OX637743.1 314500000 315000000 75.0
OX637743.1 315000000 315500000 75.0
OX637743.1 315500000 316000000 75.0
OX637743.1 316000000 316500000 75.0
OX637743.1 316500000 317000000 75.0
OX637743.1 317000000 317500000 74.64
OX637743.1 317500000 318000000 74.0
OX637743.1 318000000 318500000 74.0
OX637743.1 318500000 319000000 74.0
OX637743.1 319000000 319500000 74.0
OX637743.1 319500000 320000000 74.0
OX637743.1 320000000 320500000 74.0
OX637743.1 320500000 321000000 74.0
OX637743.1 321000000 321500000 74.0
OX637743.1 321500000 322000000 74.0
OX637743.1 322000000 322500000 74.0
OX637743.1 322500000 323000000 74.0
OX637743.1 323000000 323500000 74.0
OX637743.1 323500000 324000000 74.0
OX637743.1 324000000 324500000 74.0
OX637743.1 324500000 325000000 74.0
OX637743.1 325000000 325500000 74.0
OX637743.1 325500000 326000000 74.0
OX637743.1 326000000 326500000 74.0
OX637743.1 326500000 327000000 74.0
OX637743.1 327000000 327500000 74.0
OX637743.1 327500000 328000000 74.0
OX637743.1 328000000 328500000 74.0
OX637743.1 328500000 329000000 74.0
OX637743.1 329000000 329500000 74.0
OX637743.1 329500000 330000000 74.0
OX637743.1 330000000 330500000 74.0
OX637743.1 330500000 331000000 74.0
OX637743.1 331000000 331500000 74.0
OX637743.1 331500000 332000000 74.0
OX637743.1 332000000 332500000 74.0
OX637743.1 332500000 333000000 74.0
OX637743.1 333000000 333500000 74.0
OX637743.1 333500000 334000000 74.0
OX637743.1 334000000 334500000 74.0
OX637743.1 334500000 335000000 74.0
OX637743.1 335000000 335500000 74.0
OX637743.1 335500000 336000000 74.0
OX637743.1 336000000 336500000 74.0
OX637743.1 336500000 337000000 74.0
OX637743.1 337000000 337500000 73.80902
OX637743.1 337500000 338000000 73.0
OX637743.1 338000000 338500000 73.0
OX637743.1 338500000 339000000 73.0
OX637743.1 339000000 339500000 73.0
OX637743.1 339500000 340000000 73.0
OX637743.1 340000000 340500000 73.0
OX637743.1 340500000 341000000 73.0
OX637743.1 341000000 341500000 73.0
OX637743.1 341500000 342000000 73.0
OX637743.1 342000000 342500000 73.0
OX637743.1 342500000 343000000 73.0
OX637743.1 343000000 343500000 73.0
OX637743.1 343500000 344000000 73.0
OX637743.1 344000000 344500000 73.0
OX637743.1 344500000 345000000 73.0
OX637743.1 345000000 345500000 73.0
OX637743.1 345500000 346000000 73.0
OX637743.1 346000000 346500000 73.0
OX637743.1 346500000 347000000 73.0
OX637743.1 347000000 347500000 73.0
OX637743.1 347500000 348000000 73.0
OX637743.1 348000000 348500000 73.0
OX637743.1 348500000 349000000 73.0
OX637743.1 349000000 349500000 73.0
OX637743.1 349500000 350000000 73.0
OX637743.1 350000000 350500000 73.0
OX637743.1 350500000 351000000 73.0
OX637743.1 351000000 351500000 73.0
OX637743.1 351500000 352000000 73.0
OX637743.1 352000000 352500000 73.0
OX637743.1 352500000 353000000 73.0
OX637743.1 353000000 353500000 73.0
OX637743.1 353500000 354000000 73.0
OX637743.1 354000000 354500000 73.0
OX637743.1 354500000 355000000 73.0
OX637743.1 355000000 355500000 73.0
OX637743.1 355500000 356000000 73.0
OX637743.1 356000000 356500000 73.0
OX637743.1 356500000 357000000 73.0
OX637743.1 357000000 357500000 73.0
OX637743.1 357500000 358000000 73.0
OX637743.1 358000000 358500000 73.0
OX637743.1 358500000 359000000 73.0
OX637743.1 359000000 359500000 73.0
OX637743.1 359500000 360000000 73.0
OX637743.1 360000000 360500000 73.0
OX637743.1 360500000 361000000 73.0
OX637743.1 361000000 361500000 73.0
OX637743.1 361500000 362000000 73.0
OX637743.1 362000000 362500000 73.0
OX637743.1 362500000 363000000 73.0
OX637743.1 363000000 363500000 73.0
OX637743.1 363500000 364000000 73.0
OX637743.1 364000000 364500000 73.0
OX637743.1 364500000 365000000 73.0
OX637743.1 365000000 365500000 73.0
OX637743.1 365500000 366000000 73.0
OX637743.1 366000000 366500000 73.0
OX637743.1 366500000 367000000 73.0
OX637743.1 367000000 367500000 73.0
OX637743.1 367500000 368000000 73.0
OX637743.1 368000000 368500000 73.0
OX637743.1 368500000 369000000 73.0
OX637743.1 369000000 369500000 73.0
OX637743.1 369500000 370000000 73.0
OX637743.1 370000000 370500000 73.0
OX637743.1 370500000 371000000 73.0
OX637743.1 371000000 371500000 73.0
OX637743.1 371500000 372000000 73.0
OX637743.1 372000000 372500000 73.0
OX637743.1 372500000 373000000 73.0
OX637743.1 373000000 373500000 73.0
OX637743.1 373500000 374000000 73.0
OX637743.1 374000000 374500000 73.0
OX637743.1 374500000 375000000 73.0
OX637743.1 375000000 375500000 73.0
OX637743.1 375500000 376000000 73.0
OX637743.1 376000000 376500000 73.0
OX637743.1 376500000 377000000 73.0
OX637743.1 377000000 377500000 73.0
OX637743.1 377500000 378000000 73.0
OX637743.1 378000000 378500000 73.0
OX637743.1 378500000 379000000 73.0
OX637743.1 379000000 379500000 73.0
OX637743.1 379500000 380000000 73.0
OX637743.1 380000000 380500000 73.0
OX637743.1 380500000 381000000 73.0
OX637743.1 381000000 381500000 73.0
OX637743.1 381500000 382000000 73.0
OX637743.1 382000000 382500000 73.0
OX637743.1 382500000 383000000 73.0
OX637743.1 383000000 383500000 73.0
OX637743.1 383500000 384000000 73.0
OX637743.1 384000000 384500000 73.0
OX637743.1 384500000 385000000 73.0
OX637743.1 385000000 385500000 73.0
OX637743.1 385500000 386000000 73.0
OX637743.1 386000000 386500000 73.0
OX637743.1 386500000 387000000 73.0
OX637743.1 387000000 387500000 73.0
OX637743.1 387500000 388000000 73.0
OX637743.1 388000000 388500000 73.0
OX637743.1 388500000 389000000 73.0
OX637743.1 389000000 389500000 73.0
OX637743.1 389500000 390000000 73.0
OX637743.1 390000000 390500000 73.0
OX637743.1 390500000 391000000 73.0
OX637743.1 391000000 391500000 73.0
OX637743.1 391500000 392000000 73.0
OX637743.1 392000000 392500000 73.0
OX637743.1 392500000 393000000 73.25892
OX637743.1 393000000 393500000 74.0
OX637743.1 393500000 394000000 74.0
OX637743.1 394000000 394500000 74.0
OX637743.1 394500000 395000000 74.0
OX637743.1 395000000 395500000 74.51172
OX637743.1 395500000 396000000 75.0
OX637743.1 396000000 396500000 75.0
OX637743.1 396500000 397000000 75.0
OX637743.1 397000000 397500000 74.46694
OX637743.1 397500000 398000000 73.69572
OX637743.1 398000000 398500000 73.0
OX637743.1 398500000 399000000 73.0
OX637743.1 399000000 399500000 73.0
OX637743.1 399500000 400000000 73.0
OX637743.1 400000000 400500000 73.0
OX637743.1 400500000 401000000 73.0
OX637743.1 401000000 401500000 73.0
OX637743.1 401500000 402000000 72.44337
OX637743.1 402000000 402500000 72.0
OX637743.1 402500000 403000000 72.0
OX637743.1 403000000 403500000 72.0
OX637743.1 403500000 404000000 72.0
OX637743.1 404000000 404500000 72.0
OX637743.1 404500000 405000000 72.0
OX637743.1 405000000 405500000 72.0
OX637743.1 405500000 406000000 72.0
OX637743.1 406000000 406500000 72.0
OX637743.1 406500000 407000000 72.43802
OX637743.1 407000000 407500000 73.0
OX637743.1 407500000 408000000 72.37157
OX637743.1 408000000 408500000 72.0
OX637743.1 408500000 409000000 71.08686
OX637743.1 409000000 409500000 70.0
OX637743.1 409500000 410000000 70.0
OX637743.1 410000000 410500000 70.0
OX637743.1 410500000 411000000 70.0
OX637743.1 411000000 411500000 70.0
OX637743.1 411500000 412000000 70.0
OX637743.1 412000000 412500000 70.0
OX637743.1 412500000 413000000 70.0
OX637743.1 413000000 413500000 70.0
OX637743.1 413500000 414000000 70.0
OX637743.1 414000000 414500000 70.0
OX637743.1 414500000 415000000 70.0
OX637743.1 415000000 415500000 70.0
OX637743.1 415500000 416000000 70.0
OX637743.1 416000000 416500000 70.0
OX637743.1 416500000 417000000 70.0
OX637743.1 417000000 417500000 70.0
OX637743.1 417500000 418000000 70.0
OX637743.1 418000000 418500000 70.0
OX637743.1 418500000 419000000 70.0
OX637743.1 419000000 419500000 70.0
OX637743.1 419500000 420000000 70.0
OX637743.1 420000000 420500000 70.0
OX637743.1 420500000 421000000 70.0
OX637743.1 421000000 421500000 70.0
OX637743.1 421500000 422000000 70.0
OX637743.1 422000000 422500000 70.0
OX637743.1 422500000 423000000 70.0
OX637743.1 423000000 423500000 70.0
OX637743.1 423500000 424000000 70.0
OX637743.1 424000000 424500000 69.43236
OX637743.1 424500000 425000000 69.0
OX637743.1 425000000 425500000 69.0
OX637743.1 425500000 426000000 69.0
OX637743.1 426000000 426500000 69.0
OX637743.1 426500000 427000000 69.0
OX637743.1 427000000 427500000 69.0
OX637743.1 427500000 428000000 69.0
OX637743.1 428000000 428500000 69.0
OX637743.1 428500000 429000000 69.0
OX637743.1 429000000 429500000 69.0
OX637743.1 429500000 430000000 69.0
OX637743.1 430000000 430500000 69.0
OX637743.1 430500000 431000000 69.0
OX637743.1 431000000 431500000 69.0
OX637743.1 431500000 432000000 69.0
OX637743.1 432000000 432500000 69.0
OX637743.1 432500000 433000000 69.0
OX637743.1 433000000 433500000 69.0
OX637743.1 433500000 434000000 69.0
OX637743.1 434000000 434500000 69.0
OX637743.1 434500000 435000000 69.0
OX637743.1 435000000 435500000 68.66965
OX637743.1 435500000 436000000 68.0
OX637743.1 436000000 436500000 68.0
OX637743.1 436500000 437000000 68.0
OX637743.1 437000000 437500000 68.0
OX637743.1 437500000 438000000 68.0
OX637743.1 438000000 438500000 68.0
OX637743.1 438500000 439000000 68.0
OX637743.1 439000000 439500000 68.0
OX637743.1 439500000 440000000 68.0
OX637743.1 440000000 440500000 68.0
OX637743.1 440500000 441000000 68.0
OX637743.1 441000000 441500000 68.0
OX637743.1 441500000 442000000 68.0
OX637743.1 442000000 442500000 68.0
OX637743.1 442500000 443000000 68.0
OX637743.1 443000000 443500000 68.0
OX637743.1 443500000 444000000 68.0
OX637743.1 444000000 444500000 68.0
OX637743.1 444500000 445000000 68.0
OX637743.1 445000000 445500000 68.0
OX637743.1 445500000 446000000 68.0
OX637743.1 446000000 446500000 68.0
OX637743.1 446500000 447000000 68.0
OX637743.1 447000000 447500000 68.0
OX637743.1 447500000 448000000 68.0
OX637743.1 448000000 448500000 68.0
OX637743.1 448500000 449000000 68.0
OX637743.1 449000000 449500000 68.0
OX637743.1 449500000 450000000 68.0
OX637743.1 450000000 450500000 68.0
OX637743.1 450500000 451000000 68.0
OX637743.1 451000000 451500000 68.0
OX637743.1 451500000 452000000 68.0
OX637743.1 452000000 452500000 68.0
OX637743.1 452500000 453000000 68.0
OX637743.1 453000000 453500000 68.0
OX637743.1 453500000 454000000 68.0
OX637743.1 454000000 454500000 68.0
OX637743.1 454500000 455000000 68.33411
OX637743.1 455000000 455500000 69.0
OX637743.1 455500000 456000000 69.0
OX637743.1 456000000 456500000 68.20226
OX637743.1 456500000 457000000 67.93248
OX637743.1 457000000 457500000 67.0
OX637743.1 457500000 458000000 67.0
OX637743.1 458000000 458500000 66.88971
OX637743.1 458500000 459000000 66.0
OX637743.1 459000000 459500000 66.0
OX637743.1 459500000 460000000 65.36206
OX637743.1 460000000 460500000 65.0
OX637743.1 460500000 461000000 65.0
OX637743.1 461000000 461500000 62.64504
OX637743.1 461500000 462000000 62.0
OX637743.1 462000000 462500000 62.0
OX637743.1 462500000 463000000 61.96714
OX637743.1 463000000 463500000 61.0
OX637743.1 463500000 464000000 61.0
OX637743.1 464000000 464500000 61.0
OX637743.1 464500000 465000000 61.0
OX637743.1 465000000 465500000 60.57543
OX637743.1 465500000 466000000 59.35335
OX637743.1 466000000 466500000 59.0
OX637743.1 466500000 467000000 57.03955
OX637743.1 467000000 467500000 56.02447
OX637743.1 467500000 468000000 56.0
OX637743.1 468000000 468500000 56.0
OX637743.1 468500000 469000000 56.0
OX637743.1 469000000 469500000 56.0
OX637743.1 469500000 470000000 56.0
OX637743.1 470000000 470500000 56.0
OX637743.1 470500000 471000000 56.0
OX637743.1 471000000 471500000 56.0
OX637743.1 471500000 472000000 56.0
OX637743.1 472000000 472500000 56.0
OX637743.1 472500000 473000000 56.0
OX637743.1 473000000 473500000 55.03163
OX637743.1 473500000 474000000 55.0
OX637743.1 474000000 474500000 55.0
OX637743.1 474500000 475000000 55.0
OX637743.1 475000000 475500000 54.11051
OX637743.1 475500000 476000000 53.39397
OX637743.1 476000000 476500000 53.0
OX637743.1 476500000 477000000 53.0
OX637743.1 477000000 477500000 52.30901
OX637743.1 477500000 478000000 52.0
OX637743.1 478000000 478500000 52.0
OX637743.1 478500000 479000000 52.0
OX637743.1 479000000 479500000 51.64197
OX637743.1 479500000 480000000 51.0
OX637743.1 480000000 480500000 51.0
OX637743.1 480500000 481000000 51.0
OX637743.1 481000000 481500000 50.67939
OX637743.1 481500000 482000000 50.0
OX637743.1 482000000 482500000 50.0
OX637743.1 482500000 483000000 50.0
OX637743.1 483000000 483500000 49.86862
OX637743.1 483500000 484000000 49.0
OX637743.1 484000000 484500000 49.54519
OX637743.1 484500000 485000000 49.00306
OX637743.1 485000000 485500000 49.0
OX637743.1 485500000 486000000 49.0
OX637743.1 486000000 486500000 49.0
OX637743.1 486500000 487000000 49.0
OX637743.1 487000000 487500000 49.0
OX637743.1 487500000 488000000 49.0
OX637743.1 488000000 488500000 49.0
OX637743.1 488500000 489000000 49.0
OX637743.1 489000000 489500000 49.0
OX637743.1 489500000 490000000 49.0
OX637743.1 490000000 490500000 49.0
OX637743.1 490500000 491000000 48.97072
OX637743.1 491000000 491500000 47.33717
OX637743.1 491500000 492000000 46.63812
OX637743.1 492000000 492500000 46.0
OX637743.1 492500000 493000000 46.0
OX637743.1 493000000 493500000 45.85401
OX637743.1 493500000 494000000 45.0
OX637743.1 494000000 494500000 45.0
OX637743.1 494500000 495000000 44.91864
OX637743.1 495000000 495500000 43.0
OX637743.1 495500000 496000000 43.0
OX637743.1 496000000 496500000 42.15109
OX637743.1 496500000 497000000 42.0
OX637743.1 497000000 497500000 42.0
OX637743.1 497500000 498000000 42.0
OX637743.1 498000000 498500000 42.0
OX637743.1 498500000 499000000 41.28628
OX637743.1 499000000 499500000 41.0
OX637743.1 499500000 500000000 40.39927
OX637743.1 500000000 500500000 37.12936
OX637743.1 500500000 501000000 36.09491
OX637743.1 501000000 501500000 35.5714
OX637743.1 501500000 502000000 33.43779
OX637743.1 502000000 502500000 32.28952
OX637743.1 502500000 503000000 29.9756
OX637743.1 503000000 503500000 25.86045
OX637743.1 503500000 504000000 22.50287
OX637743.1 504000000 504500000 20.56016
OX637743.1 504500000 505000000 16.83569
OX637743.1 505000000 505500000 14.08012
OX637743.1 505500000 506000000 13.45181
OX637743.1 506000000 506500000 11.14426
OX637743.1 506500000 507000000 9.03449
OX637743.1 507000000 507500000 8.0
OX637743.1 507500000 508000000 6.5683
OX637743.1 508000000 508500000 5.95637
OX637743.1 508500000 509000000 5.0
OX637743.1 509000000 509500000 5.0
OX637743.1 509500000 510000000 5.0
OX637743.1 510000000 510500000 2.84326
OX637743.1 510500000 511000000 0.0
OX637743.1 511000000 511500000 0.0
OX637743.1 511500000 512000000 0.0
OX637743.1 512000000 512500000 0.0
OX637743.1 512500000 513000000 0.0
OX637743.1 513000000 513500000 0.0
OX637743.1 513500000 514000000 0.0
OX637743.1 514000000 514500000 0.0
OX637743.1 514500000 515000000 0.0
OX637743.1 515000000 515068141 0.0
OX637750.1 0 500000 5.79662
OX637750.1 500000 1000000 12.43588
OX637750.1 1000000 1500000 19.311
OX637750.1 1500000 2000000 23.0
OX637750.1 2000000 2500000 23.0
OX637750.1 2500000 3000000 23.0
OX637750.1 3000000 3500000 25.20862
OX637750.1 3500000 4000000 27.0
OX637750.1 4000000 4500000 28.98578
OX637750.1 4500000 5000000 30.86718
OX637750.1 5000000 5500000 32.0
OX637750.1 5500000 6000000 32.0
OX637750.1 6000000 6500000 32.23066
OX637750.1 6500000 7000000 34.05897
OX637750.1 7000000 7500000 41.67949
OX637750.1 7500000 8000000 44.0
OX637750.1 8000000 8500000 43.69319
OX637750.1 8500000 9000000 44.0
OX637750.1 9000000 9500000 44.0
OX637750.1 9500000 10000000 44.0
OX637750.1 10000000 10500000 44.0
OX637750.1 10500000 11000000 44.75142
OX637750.1 11000000 11500000 48.97432
OX637750.1 11500000 12000000 53.49755
OX637750.1 12000000 12500000 56.54094
OX637750.1 12500000 13000000 58.0
OX637750.1 13000000 13500000 60.12147
OX637750.1 13500000 14000000 62.09158
OX637750.1 14000000 14500000 63.0
OX637750.1 14500000 15000000 63.49737
OX637750.1 15000000 15500000 64.0
OX637750.1 15500000 16000000 64.0
OX637750.1 16000000 16500000 64.0708
OX637750.1 16500000 17000000 65.94273
OX637750.1 17000000 17500000 69.4701
OX637750.1 17500000 18000000 71.0
OX637750.1 18000000 18500000 71.0
OX637750.1 18500000 19000000 71.84118
OX637750.1 19000000 19500000 72.0
OX637750.1 19500000 20000000 72.0
OX637750.1 20000000 20500000 72.0
OX637750.1 20500000 21000000 72.0
OX637750.1 21000000 21500000 72.0
OX637750.1 21500000 22000000 72.0
OX637750.1 22000000 22500000 72.0
OX637750.1 22500000 23000000 72.0
OX637750.1 23000000 23500000 73.51669
OX637750.1 23500000 24000000 75.0
OX637750.1 24000000 24500000 75.82433
OX637750.1 24500000 25000000 77.8594
OX637750.1 25000000 25500000 79.0
OX637750.1 25500000 26000000 79.0
OX637750.1 26000000 26500000 79.0
OX637750.1 26500000 27000000 79.78805
OX637750.1 27000000 27500000 80.0
OX637750.1 27500000 28000000 80.0
OX637750.1 28000000 28500000 80.21586
OX637750.1 28500000 29000000 81.0
OX637750.1 29000000 29500000 81.0
OX637750.1 29500000 30000000 81.0
OX637750.1 30000000 30500000 81.0
OX637750.1 30500000 31000000 81.0
OX637750.1 31000000 31500000 81.35902
OX637750.1 31500000 32000000 83.0
OX637750.1 32000000 32500000 83.30163
OX637750.1 32500000 33000000 84.0
OX637750.1 33000000 33500000 84.0
OX637750.1 33500000 34000000 84.47648
OX637750.1 34000000 34500000 85.0
OX637750.1 34500000 35000000 85.0
OX637750.1 35000000 35500000 85.0
OX637750.1 35500000 36000000 85.75791
OX637750.1 36000000 36500000 86.0
OX637750.1 36500000 37000000 86.0
OX637750.1 37000000 37500000 86.0
OX637750.1 37500000 38000000 86.0
OX637750.1 38000000 38500000 86.0
OX637750.1 38500000 39000000 86.85562
OX637750.1 39000000 39500000 87.36866
OX637750.1 39500000 40000000 88.0
OX637750.1 40000000 40500000 89.02348
OX637750.1 40500000 41000000 90.01002
OX637750.1 41000000 41500000 91.34311
OX637750.1 41500000 42000000 92.32023
OX637750.1 42000000 42500000 93.0
OX637750.1 42500000 43000000 93.0
OX637750.1 43000000 43500000 93.0
OX637750.1 43500000 44000000 93.3113
OX637750.1 44000000 44500000 94.87833
OX637750.1 44500000 45000000 95.0
OX637750.1 45000000 45500000 95.0
OX637750.1 45500000 46000000 95.0
OX637750.1 46000000 46500000 95.0
OX637750.1 46500000 47000000 95.0
OX637750.1 47000000 47500000 95.0
OX637750.1 47500000 48000000 95.0
OX637750.1 48000000 48500000 95.0
OX637750.1 48500000 49000000 95.0
OX637750.1 49000000 49500000 95.0
OX637750.1 49500000 50000000 95.0
OX637750.1 50000000 50500000 95.89606
OX637750.1 50500000 51000000 96.0
OX637750.1 51000000 51500000 96.0
OX637750.1 51500000 52000000 96.0
OX637750.1 52000000 52500000 96.0
OX637750.1 52500000 53000000 96.0
OX637750.1 53000000 53500000 96.0
OX637750.1 53500000 54000000 96.0
OX637750.1 54000000 54500000 96.0
OX637750.1 54500000 55000000 96.0
OX637750.1 55000000 55500000 96.0
OX637750.1 55500000 56000000 96.0
OX637750.1 56000000 56500000 96.0
OX637750.1 56500000 57000000 96.0
OX637750.1 57000000 57500000 96.0
OX637750.1 57500000 58000000 96.0
OX637750.1 58000000 58500000 96.0
OX637750.1 58500000 59000000 96.0
OX637750.1 59000000 59500000 96.0
OX637750.1 59500000 60000000 96.0
OX637750.1 60000000 60500000 96.0
OX637750.1 60500000 61000000 96.0
OX637750.1 61000000 61500000 96.0
OX637750.1 61500000 62000000 96.0
OX637750.1 62000000 62500000 96.0
OX637750.1 62500000 63000000 96.0
OX637750.1 63000000 63500000 96.0
OX637750.1 63500000 64000000 96.0
OX637750.1 64000000 64500000 96.0
OX637750.1 64500000 65000000 96.0
OX637750.1 65000000 65500000 96.0
OX637750.1 65500000 66000000 96.0
OX637750.1 66000000 66500000 96.0
OX637750.1 66500000 67000000 96.0
OX637750.1 67000000 67500000 96.0
OX637750.1 67500000 68000000 96.0
OX637750.1 68000000 68500000 96.65099
OX637750.1 68500000 69000000 97.0
OX637750.1 69000000 69500000 97.10974
OX637750.1 69500000 70000000 98.78091
OX637750.1 70000000 70500000 99.0
OX637750.1 70500000 71000000 99.0
OX637750.1 71000000 71500000 99.0
OX637750.1 71500000 72000000 99.0
OX637750.1 72000000 72500000 99.0
OX637750.1 72500000 73000000 99.0
OX637750.1 73000000 73500000 99.0
OX637750.1 73500000 74000000 99.96035
OX637750.1 74000000 74500000 100.0
OX637750.1 74500000 75000000 100.0
OX637750.1 75000000 75500000 100.0
OX637750.1 75500000 76000000 100.0
OX637750.1 76000000 76500000 100.0
OX637750.1 76500000 77000000 100.0
OX637750.1 77000000 77500000 100.0
OX637750.1 77500000 78000000 100.0
OX637750.1 78000000 78500000 100.0
OX637750.1 78500000 79000000 100.0
OX637750.1 79000000 79500000 100.0
OX637750.1 79500000 80000000 100.0
OX637750.1 80000000 80500000 100.0
OX637750.1 80500000 81000000 100.77988
OX637750.1 81000000 81500000 101.0
OX637750.1 81500000 82000000 101.0
OX637750.1 82000000 82500000 101.0
OX637750.1 82500000 83000000 101.0
OX637750.1 83000000 83500000 101.0
OX637750.1 83500000 84000000 101.0
OX637750.1 84000000 84500000 101.39516
OX637750.1 84500000 85000000 102.0
OX637750.1 85000000 85500000 102.0
OX637750.1 85500000 86000000 102.72022
OX637750.1 86000000 86500000 103.0
OX637750.1 86500000 87000000 103.0
OX637750.1 87000000 87500000 103.0
OX637750.1 87500000 88000000 103.0006
OX637750.1 88000000 88500000 103.0
OX637750.1 88500000 89000000 103.0
OX637750.1 89000000 89500000 103.0
OX637750.1 89500000 90000000 103.0
OX637750.1 90000000 90500000 103.0
OX637750.1 90500000 91000000 103.0
OX637750.1 91000000 91500000 103.0
OX637750.1 91500000 92000000 103.0
OX637750.1 92000000 92500000 103.0
OX637750.1 92500000 93000000 103.0
OX637750.1 93000000 93500000 103.0
OX637750.1 93500000 94000000 103.0
OX637750.1 94000000 94500000 103.0
OX637750.1 94500000 95000000 103.0
OX637750.1 95000000 95500000 103.0
OX637750.1 95500000 96000000 103.0
OX637750.1 96000000 96500000 103.88096
OX637750.1 96500000 97000000 104.0
OX637750.1 97000000 97500000 104.0
OX637750.1 97500000 98000000 104.0
OX637750.1 98000000 98500000 104.0
OX637750.1 98500000 99000000 104.0
OX637750.1 99000000 99500000 104.0
OX637750.1 99500000 100000000 104.0
OX637750.1 100000000 100500000 104.0
OX637750.1 100500000 101000000 104.0
OX637750.1 101000000 101500000 104.0
OX637750.1 101500000 102000000 104.0
OX637750.1 102000000 102500000 104.0
OX637750.1 102500000 103000000 104.0
OX637750.1 103000000 103500000 104.0
OX637750.1 103500000 104000000 104.0
OX637750.1 104000000 104500000 104.0
OX637750.1 104500000 105000000 104.0
OX637750.1 105000000 105500000 104.0
OX637750.1 105500000 106000000 104.0
OX637750.1 106000000 106500000 104.0
OX637750.1 106500000 107000000 104.0
OX637750.1 107000000 107500000 104.0
OX637750.1 107500000 108000000 104.0
OX637750.1 108000000 108500000 104.0
OX637750.1 108500000 109000000 104.0
OX637750.1 109000000 109500000 104.0
OX637750.1 109500000 110000000 104.0
OX637750.1 110000000 110500000 104.0
OX637750.1 110500000 111000000 104.0
OX637750.1 111000000 111500000 104.0
OX637750.1 111500000 112000000 104.0
OX637750.1 112000000 112500000 104.0
OX637750.1 112500000 113000000 104.0
OX637750.1 113000000 113500000 104.0
OX637750.1 113500000 114000000 104.0
OX637750.1 114000000 114500000 104.0
OX637750.1 114500000 115000000 104.0
OX637750.1 115000000 115500000 104.0
OX637750.1 115500000 116000000 104.0
OX637750.1 116000000 116500000 104.0
OX637750.1 116500000 117000000 104.0
OX637750.1 117000000 117500000 104.0
OX637750.1 117500000 118000000 104.0
OX637750.1 118000000 118500000 104.0
OX637750.1 118500000 119000000 104.0
OX637750.1 119000000 119500000 104.0
OX637750.1 119500000 120000000 104.0
OX637750.1 120000000 120500000 104.0
OX637750.1 120500000 121000000 104.0
OX637750.1 121000000 121500000 104.0
OX637750.1 121500000 122000000 104.0
OX637750.1 122000000 122500000 104.0
OX637750.1 122500000 123000000 104.0
OX637750.1 123000000 123500000 104.0
OX637750.1 123500000 124000000 104.0
OX637750.1 124000000 124500000 104.0
OX637750.1 124500000 125000000 104.0
OX637750.1 125000000 125500000 104.0
OX637750.1 125500000 126000000 104.0
OX637750.1 126000000 126500000 104.0
OX637750.1 126500000 127000000 104.0
OX637750.1 127000000 127500000 104.0
OX637750.1 127500000 128000000 104.0
OX637750.1 128000000 128500000 104.0
OX637750.1 128500000 129000000 104.0
OX637750.1 129000000 129500000 104.0
OX637750.1 129500000 130000000 104.0
OX637750.1 130000000 130500000 104.0
OX637750.1 130500000 131000000 104.0
OX637750.1 131000000 131500000 104.0
OX637750.1 131500000 132000000 104.0
OX637750.1 132000000 132500000 104.0
OX637750.1 132500000 133000000 104.0
OX637750.1 133000000 133500000 104.0
OX637750.1 133500000 134000000 104.0
OX637750.1 134000000 134500000 104.0
OX637750.1 134500000 135000000 104.0
OX637750.1 135000000 135500000 104.0
OX637750.1 135500000 136000000 104.0
OX637750.1 136000000 136500000 104.0
OX637750.1 136500000 137000000 104.0
OX637750.1 137000000 137500000 104.0
OX637750.1 137500000 138000000 104.0
OX637750.1 138000000 138500000 104.0
OX637750.1 138500000 139000000 104.09651
OX637750.1 139000000 139500000 104.0
OX637750.1 139500000 140000000 104.0
OX637750.1 140000000 140500000 104.0
OX637750.1 140500000 141000000 104.0
OX637750.1 141000000 141500000 104.0
OX637750.1 141500000 142000000 104.0
OX637750.1 142000000 142500000 104.0
OX637750.1 142500000 143000000 104.0
OX637750.1 143000000 143500000 104.0
OX637750.1 143500000 144000000 104.0
OX637750.1 144000000 144500000 104.0
OX637750.1 144500000 145000000 104.0
OX637750.1 145000000 145500000 104.0
OX637750.1 145500000 146000000 104.0
OX637750.1 146000000 146500000 104.0
OX637750.1 146500000 147000000 104.0
OX637750.1 147000000 147500000 104.0
OX637750.1 147500000 148000000 104.0
OX637750.1 148000000 148500000 104.0
OX637750.1 148500000 149000000 104.0
OX637750.1 149000000 149500000 104.0
OX637750.1 149500000 150000000 104.0
OX637750.1 150000000 150500000 104.0
OX637750.1 150500000 151000000 104.0
OX637750.1 151000000 151500000 104.0
OX637750.1 151500000 152000000 104.0
OX637750.1 152000000 152500000 104.0
OX637750.1 152500000 153000000 104.0
OX637750.1 153000000 153500000 104.0
OX637750.1 153500000 154000000 104.0
OX637750.1 154000000 154500000 104.0
OX637750.1 154500000 155000000 104.0
OX637750.1 155000000 155500000 104.0
OX637750.1 155500000 156000000 104.0
OX637750.1 156000000 156500000 104.0
OX637750.1 156500000 157000000 104.0
OX637750.1 157000000 157500000 104.0
OX637750.1 157500000 158000000 104.0
OX637750.1 158000000 158500000 104.0
OX637750.1 158500000 159000000 104.0
OX637750.1 159000000 159500000 104.0
OX637750.1 159500000 160000000 104.0
OX637750.1 160000000 160500000 104.0
OX637750.1 160500000 161000000 104.0
OX637750.1 161000000 161500000 104.0
OX637750.1 161500000 162000000 104.0
OX637750.1 162000000 162500000 104.0
OX637750.1 162500000 163000000 104.0
OX637750.1 163000000 163500000 104.0
OX637750.1 163500000 164000000 104.0
OX637750.1 164000000 164500000 104.0
OX637750.1 164500000 165000000 104.0
OX637750.1 165000000 165500000 104.0
OX637750.1 165500000 166000000 104.0
OX637750.1 166000000 166500000 104.0
OX637750.1 166500000 167000000 104.0
OX637750.1 167000000 167500000 104.0
OX637750.1 167500000 168000000 104.0
OX637750.1 168000000 168500000 104.0
OX637750.1 168500000 169000000 104.0
OX637750.1 169000000 169500000 104.0
OX637750.1 169500000 170000000 104.0
OX637750.1 170000000 170500000 104.0
OX637750.1 170500000 171000000 104.0
OX637750.1 171000000 171500000 104.0
OX637750.1 171500000 172000000 104.0
OX637750.1 172000000 172500000 104.0
OX637750.1 172500000 173000000 104.0
OX637750.1 173000000 173500000 104.02413
OX637750.1 173500000 174000000 105.0
OX637750.1 174000000 174500000 105.0
OX637750.1 174500000 175000000 105.0
OX637750.1 175000000 175500000 105.0
OX637750.1 175500000 176000000 105.0
OX637750.1 176000000 176500000 105.0
OX637750.1 176500000 177000000 105.0
OX637750.1 177000000 177500000 105.0
OX637750.1 177500000 178000000 105.0
OX637750.1 178000000 178500000 105.0
OX637750.1 178500000 179000000 105.0
OX637750.1 179000000 179500000 105.0
OX637750.1 179500000 180000000 105.0
OX637750.1 180000000 180500000 105.0
OX637750.1 180500000 181000000 105.43111
OX637750.1 181000000 181500000 106.0
OX637750.1 181500000 182000000 106.0
OX637750.1 182000000 182500000 106.0
OX637750.1 182500000 183000000 106.0
OX637750.1 183000000 183500000 106.0
OX637750.1 183500000 184000000 106.0
OX637750.1 184000000 184500000 106.0
OX637750.1 184500000 185000000 106.0
OX637750.1 185000000 185500000 106.0
OX637750.1 185500000 186000000 106.0
OX637750.1 186000000 186500000 106.0
OX637750.1 186500000 187000000 106.0
OX637750.1 187000000 187500000 106.0
OX637750.1 187500000 188000000 106.0
OX637750.1 188000000 188500000 106.0
OX637750.1 188500000 189000000 106.0
OX637750.1 189000000 189500000 106.0
OX637750.1 189500000 190000000 106.0
OX637750.1 190000000 190500000 106.0
OX637750.1 190500000 191000000 106.0
OX637750.1 191000000 191500000 106.0
OX637750.1 191500000 192000000 106.0
OX637750.1 192000000 192500000 106.0
OX637750.1 192500000 193000000 106.0
OX637750.1 193000000 193500000 106.0
OX637750.1 193500000 194000000 106.0
OX637750.1 194000000 194500000 106.0
OX637750.1 194500000 195000000 106.0
OX637750.1 195000000 195500000 106.0
OX637750.1 195500000 196000000 106.0
OX637750.1 196000000 196500000 106.0
OX637750.1 196500000 197000000 106.0
OX637750.1 197000000 197500000 106.0
OX637750.1 197500000 198000000 106.0
OX637750.1 198000000 198500000 106.0
OX637750.1 198500000 199000000 106.0
OX637750.1 199000000 199500000 106.0
OX637750.1 199500000 200000000 106.0
OX637750.1 200000000 200500000 106.0
OX637750.1 200500000 201000000 106.0
OX637750.1 201000000 201500000 106.0
OX637750.1 201500000 202000000 106.0
OX637750.1 202000000 202500000 106.0
OX637750.1 202500000 203000000 106.0
OX637750.1 203000000 203500000 106.0
OX637750.1 203500000 204000000 106.0
OX637750.1 204000000 204500000 106.0
OX637750.1 204500000 205000000 106.0
OX637750.1 205000000 205500000 106.0
OX637750.1 205500000 206000000 106.0
OX637750.1 206000000 206500000 106.0
OX637750.1 206500000 207000000 106.0
OX637750.1 207000000 207500000 106.0
OX637750.1 207500000 208000000 106.0
OX637750.1 208000000 208500000 106.0
OX637750.1 208500000 209000000 106.0
OX637750.1 209000000 209500000 106.0
OX637750.1 209500000 210000000 106.0
OX637750.1 210000000 210500000 106.0
OX637750.1 210500000 211000000 106.0
OX637750.1 211000000 211500000 105.68609
OX637750.1 211500000 212000000 105.0
OX637750.1 212000000 212500000 105.0
OX637750.1 212500000 213000000 105.0
OX637750.1 213000000 213500000 105.0
OX637750.1 213500000 214000000 105.0
OX637750.1 214000000 214500000 105.0
OX637750.1 214500000 215000000 105.0
OX637750.1 215000000 215500000 105.0
OX637750.1 215500000 216000000 105.0
OX637750.1 216000000 216500000 105.0
OX637750.1 216500000 217000000 105.0
OX637750.1 217000000 217500000 105.0
OX637750.1 217500000 218000000 105.0
OX637750.1 218000000 218500000 105.0
OX637750.1 218500000 219000000 105.0
OX637750.1 219000000 219500000 105.0
OX637750.1 219500000 220000000 105.0
OX637750.1 220000000 220500000 105.0
OX637750.1 220500000 221000000 105.0
OX637750.1 221000000 221500000 105.0
OX637750.1 221500000 222000000 105.0
OX637750.1 222000000 222500000 105.0
OX637750.1 222500000 223000000 105.0
OX637750.1 223000000 223500000 105.0
OX637750.1 223500000 224000000 105.0
OX637750.1 224000000 224500000 105.0
OX637750.1 224500000 225000000 105.0
OX637750.1 225000000 225500000 105.0
OX637750.1 225500000 226000000 105.0
OX637750.1 226000000 226500000 105.0
OX637750.1 226500000 227000000 105.0
OX637750.1 227000000 227500000 105.0
OX637750.1 227500000 228000000 105.0
OX637750.1 228000000 228500000 105.0
OX637750.1 228500000 229000000 105.0
OX637750.1 229000000 229500000 105.0
OX637750.1 229500000 230000000 105.0
OX637750.1 230000000 230500000 105.0
OX637750.1 230500000 231000000 105.0
OX637750.1 231000000 231500000 105.0
OX637750.1 231500000 232000000 105.0
OX637750.1 232000000 232500000 105.0
OX637750.1 232500000 233000000 105.0
OX637750.1 233000000 233500000 105.0
OX637750.1 233500000 234000000 105.0
OX637750.1 234000000 234500000 105.0
OX637750.1 234500000 235000000 105.0
OX637750.1 235000000 235500000 105.0
OX637750.1 235500000 236000000 105.0
OX637750.1 236000000 236500000 105.0
OX637750.1 236500000 237000000 105.0
OX637750.1 237000000 237500000 105.0
OX637750.1 237500000 238000000 105.0
OX637750.1 238000000 238500000 105.0
OX637750.1 238500000 239000000 105.0
OX637750.1 239000000 239500000 105.0
OX637750.1 239500000 240000000 105.0
OX637750.1 240000000 240500000 105.0
OX637750.1 240500000 241000000 105.0
OX637750.1 241000000 241500000 105.0
OX637750.1 241500000 242000000 105.0
OX637750.1 242000000 242500000 105.0
OX637750.1 242500000 243000000 105.0
OX637750.1 243000000 243500000 105.0
OX637750.1 243500000 244000000 105.0
OX637750.1 244000000 244500000 105.0
OX637750.1 244500000 245000000 105.0
OX637750.1 245000000 245500000 105.0
OX637750.1 245500000 246000000 105.0
OX637750.1 246000000 246500000 105.0
OX637750.1 246500000 247000000 105.0
OX637750.1 247000000 247500000 105.0
OX637750.1 247500000 248000000 105.0
OX637750.1 248000000 248500000 105.0
OX637750.1 248500000 249000000 105.0
OX637750.1 249000000 249500000 105.0
OX637750.1 249500000 250000000 105.0
OX637750.1 250000000 250500000 105.0
OX637750.1 250500000 251000000 105.0
OX637750.1 251000000 251500000 105.0
OX637750.1 251500000 252000000 105.0
OX637750.1 252000000 252500000 105.0
OX637750.1 252500000 253000000 105.0
OX637750.1 253000000 253500000 105.0
OX637750.1 253500000 254000000 105.0
OX637750.1 254000000 254500000 105.0
OX637750.1 254500000 255000000 105.0
OX637750.1 255000000 255500000 105.0
OX637750.1 255500000 256000000 105.0
OX637750.1 256000000 256500000 105.0
OX637750.1 256500000 257000000 105.0
OX637750.1 257000000 257500000 105.45714
OX637750.1 257500000 258000000 106.0
OX637750.1 258000000 258500000 106.0
OX637750.1 258500000 259000000 106.0
OX637750.1 259000000 259500000 106.0
OX637750.1 259500000 260000000 106.03395
OX637750.1 260000000 260500000 106.0
OX637750.1 260500000 261000000 106.0
OX637750.1 261000000 261500000 106.0
OX637750.1 261500000 262000000 106.0
OX637750.1 262000000 262500000 106.0
OX637750.1 262500000 263000000 106.0
OX637750.1 263000000 263500000 106.0
OX637750.1 263500000 264000000 106.0
OX637750.1 264000000 264500000 106.0
OX637750.1 264500000 265000000 106.0
OX637750.1 265000000 265500000 106.0
OX637750.1 265500000 266000000 106.0
OX637750.1 266000000 266500000 106.0
OX637750.1 266500000 267000000 106.0
OX637750.1 267000000 267500000 106.0
OX637750.1 267500000 268000000 106.02168
OX637750.1 268000000 268500000 107.0
OX637750.1 268500000 269000000 107.0
OX637750.1 269000000 269500000 107.0
OX637750.1 269500000 270000000 107.0
OX637750.1 270000000 270500000 107.0
OX637750.1 270500000 271000000 107.0
OX637750.1 271000000 271500000 107.0
OX637750.1 271500000 272000000 107.0
OX637750.1 272000000 272500000 107.0
OX637750.1 272500000 273000000 107.0
OX637750.1 273000000 273500000 107.0
OX637750.1 273500000 274000000 107.0
OX637750.1 274000000 274500000 107.0
OX637750.1 274500000 275000000 107.0
OX637750.1 275000000 275500000 107.0
OX637750.1 275500000 276000000 107.0
OX637750.1 276000000 276500000 107.0
OX637750.1 276500000 277000000 107.0
OX637750.1 277000000 277500000 107.0
OX637750.1 277500000 278000000 107.0
OX637750.1 278000000 278500000 107.0
OX637750.1 278500000 279000000 107.0
OX637750.1 279000000 279500000 107.0
OX637750.1 279500000 280000000 107.0
OX637750.1 280000000 280500000 107.0
OX637750.1 280500000 281000000 107.0
OX637750.1 281000000 281500000 107.0
OX637750.1 281500000 282000000 107.0
OX637750.1 282000000 282500000 107.0
OX637750.1 282500000 283000000 107.0
OX637750.1 283000000 283500000 107.0
OX637750.1 283500000 284000000 107.0
OX637750.1 284000000 284500000 107.0
OX637750.1 284500000 285000000 107.0
OX637750.1 285000000 285500000 107.0
OX637750.1 285500000 286000000 107.0
OX637750.1 286000000 286500000 107.0
OX637750.1 286500000 287000000 107.0
OX637750.1 287000000 287500000 107.0
OX637750.1 287500000 288000000 107.0
OX637750.1 288000000 288500000 107.0
OX637750.1 288500000 289000000 107.0
OX637750.1 289000000 289500000 107.0
OX637750.1 289500000 290000000 107.0
OX637750.1 290000000 290500000 107.0
OX637750.1 290500000 291000000 107.0
OX637750.1 291000000 291500000 107.0
OX637750.1 291500000 292000000 107.0
OX637750.1 292000000 292500000 107.0
OX637750.1 292500000 293000000 107.0
OX637750.1 293000000 293500000 107.0
OX637750.1 293500000 294000000 107.0
OX637750.1 294000000 294500000 107.0
OX637750.1 294500000 295000000 107.0
OX637750.1 295000000 295500000 107.0
OX637750.1 295500000 296000000 107.0
OX637750.1 296000000 296500000 107.0
OX637750.1 296500000 297000000 107.0
OX637750.1 297000000 297500000 107.0
OX637750.1 297500000 298000000 107.0
OX637750.1 298000000 298500000 107.0
OX637750.1 298500000 299000000 107.0
OX637750.1 299000000 299500000 107.0
OX637750.1 299500000 300000000 107.0
OX637750.1 300000000 300500000 107.0
OX637750.1 300500000 301000000 107.0
OX637750.1 301000000 301500000 107.0
OX637750.1 301500000 302000000 107.0
OX637750.1 302000000 302500000 107.0
OX637750.1 302500000 303000000 107.0
OX637750.1 303000000 303500000 107.0
OX637750.1 303500000 304000000 107.0
OX637750.1 304000000 304500000 107.0
OX637750.1 304500000 305000000 107.0
OX637750.1 305000000 305500000 107.0
OX637750.1 305500000 306000000 107.0
OX637750.1 306000000 306500000 107.0
OX637750.1 306500000 307000000 107.0
OX637750.1 307000000 307500000 107.0
OX637750.1 307500000 308000000 107.0
OX637750.1 308000000 308500000 107.0
OX637750.1 308500000 309000000 107.0
OX637750.1 309000000 309500000 107.0
OX637750.1 309500000 310000000 107.0
OX637750.1 310000000 310500000 107.0
OX637750.1 310500000 311000000 107.0
OX637750.1 311000000 311500000 107.0
OX637750.1 311500000 312000000 107.0
OX637750.1 312000000 312500000 107.0
OX637750.1 312500000 313000000 107.0
OX637750.1 313000000 313500000 107.0
OX637750.1 313500000 314000000 107.0
OX637750.1 314000000 314500000 107.0
OX637750.1 314500000 315000000 107.0
OX637750.1 315000000 315500000 107.0
OX637750.1 315500000 316000000 107.0
OX637750.1 316000000 316500000 107.0
OX637750.1 316500000 317000000 107.0
OX637750.1 317000000 317500000 107.0
OX637750.1 317500000 318000000 107.0
OX637750.1 318000000 318500000 107.0
OX637750.1 318500000 319000000 107.0
OX637750.1 319000000 319500000 107.0
OX637750.1 319500000 320000000 107.0
OX637750.1 320000000 320500000 107.0
OX637750.1 320500000 321000000 107.0
OX637750.1 321000000 321500000 107.0
OX637750.1 321500000 322000000 107.0
OX637750.1 322000000 322500000 107.0
OX637750.1 322500000 323000000 107.0
OX637750.1 323000000 323500000 107.0
OX637750.1 323500000 324000000 107.0
OX637750.1 324000000 324500000 107.0
OX637750.1 324500000 325000000 107.0
OX637750.1 325000000 325500000 107.0
OX637750.1 325500000 326000000 107.0
OX637750.1 326000000 326500000 107.0
OX637750.1 326500000 327000000 107.0
OX637750.1 327000000 327500000 107.0
OX637750.1 327500000 328000000 107.0
OX637750.1 328000000 328500000 107.0
OX637750.1 328500000 329000000 107.0
OX637750.1 329000000 329500000 107.0
OX637750.1 329500000 330000000 107.0
OX637750.1 330000000 330500000 107.0
OX637750.1 330500000 331000000 107.0
OX637750.1 331000000 331500000 107.0
OX637750.1 331500000 332000000 107.0
OX637750.1 332000000 332500000 107.0
OX637750.1 332500000 333000000 107.0
OX637750.1 333000000 333500000 107.0
OX637750.1 333500000 334000000 107.0
OX637750.1 334000000 334500000 107.0
OX637750.1 334500000 335000000 107.0
OX637750.1 335000000 335500000 107.0
OX637750.1 335500000 336000000 107.0
OX637750.1 336000000 336500000 107.0
OX637750.1 336500000 337000000 107.0
OX637750.1 337000000 337500000 107.0
OX637750.1 337500000 338000000 107.0
OX637750.1 338000000 338500000 107.0
OX637750.1 338500000 339000000 107.0
OX637750.1 339000000 339500000 107.0
OX637750.1 339500000 340000000 107.0
OX637750.1 340000000 340500000 107.0
OX637750.1 340500000 341000000 107.0
OX637750.1 341000000 341500000 107.0
OX637750.1 341500000 342000000 107.0
OX637750.1 342000000 342500000 107.0
OX637750.1 342500000 343000000 107.0
OX637750.1 343000000 343500000 107.0
OX637750.1 343500000 344000000 107.0
OX637750.1 344000000 344500000 107.0
OX637750.1 344500000 345000000 107.0
OX637750.1 345000000 345500000 107.0
OX637750.1 345500000 346000000 107.0
OX637750.1 346000000 346500000 107.0
OX637750.1 346500000 347000000 107.0
OX637750.1 347000000 347500000 107.0
OX637750.1 347500000 348000000 107.0
OX637750.1 348000000 348500000 107.0
OX637750.1 348500000 349000000 107.0
OX637750.1 349000000 349500000 107.0
OX637750.1 349500000 350000000 107.0
OX637750.1 350000000 350500000 107.0
OX637750.1 350500000 351000000 107.0
OX637750.1 351000000 351500000 107.0
OX637750.1 351500000 352000000 107.0
OX637750.1 352000000 352500000 107.0
OX637750.1 352500000 353000000 107.0
OX637750.1 353000000 353500000 107.0
OX637750.1 353500000 354000000 107.0
OX637750.1 354000000 354500000 107.0
OX637750.1 354500000 355000000 107.0
OX637750.1 355000000 355500000 107.0
OX637750.1 355500000 356000000 107.0
OX637750.1 356000000 356500000 107.0
OX637750.1 356500000 357000000 107.0
OX637750.1 357000000 357500000 107.0
OX637750.1 357500000 358000000 107.0
OX637750.1 358000000 358500000 107.0
OX637750.1 358500000 359000000 107.0
OX637750.1 359000000 359500000 107.0
OX637750.1 359500000 360000000 107.0
OX637750.1 360000000 360500000 107.0
OX637750.1 360500000 361000000 107.0
OX637750.1 361000000 361500000 107.0
OX637750.1 361500000 362000000 107.0
OX637750.1 362000000 362500000 107.0
OX637750.1 362500000 363000000 107.0
OX637750.1 363000000 363500000 107.0
OX637750.1 363500000 364000000 107.0
OX637750.1 364000000 364500000 107.0
OX637750.1 364500000 365000000 107.0
OX637750.1 365000000 365500000 107.0
OX637750.1 365500000 366000000 107.0
OX637750.1 366000000 366500000 107.0
OX637750.1 366500000 367000000 107.0
OX637750.1 367000000 367500000 107.0
OX637750.1 367500000 368000000 107.0
OX637750.1 368000000 368500000 107.0
OX637750.1 368500000 369000000 107.0
OX637750.1 369000000 369500000 107.0
OX637750.1 369500000 370000000 107.0
OX637750.1 370000000 370500000 107.0
OX637750.1 370500000 371000000 107.0
OX637750.1 371000000 371500000 107.0
OX637750.1 371500000 372000000 107.0
OX637750.1 372000000 372500000 107.0
OX637750.1 372500000 373000000 107.0
OX637750.1 373000000 373500000 107.0
OX637750.1 373500000 374000000 107.0
OX637750.1 374000000 374500000 107.0
OX637750.1 374500000 375000000 107.0
OX637750.1 375000000 375500000 107.0
OX637750.1 375500000 376000000 107.0
OX637750.1 376000000 376500000 107.0
OX637750.1 376500000 377000000 107.0
OX637750.1 377000000 377500000 107.0
OX637750.1 377500000 378000000 107.0
OX637750.1 378000000 378500000 107.12516
OX637750.1 378500000 379000000 107.0
OX637750.1 379000000 379500000 107.0
OX637750.1 379500000 380000000 107.0
OX637750.1 380000000 380500000 107.0
OX637750.1 380500000 381000000 107.0
OX637750.1 381000000 381500000 107.0
OX637750.1 381500000 382000000 107.0
OX637750.1 382000000 382500000 107.0
OX637750.1 382500000 383000000 107.0
OX637750.1 383000000 383500000 107.0
OX637750.1 383500000 384000000 107.0
OX637750.1 384000000 384500000 107.0
OX637750.1 384500000 385000000 107.0
OX637750.1 385000000 385500000 107.0
OX637750.1 385500000 386000000 107.0
OX637750.1 386000000 386500000 107.0
OX637750.1 386500000 387000000 107.0
OX637750.1 387000000 387500000 107.0
OX637750.1 387500000 388000000 107.0
OX637750.1 388000000 388500000 107.0
OX637750.1 388500000 389000000 107.0
OX637750.1 389000000 389500000 107.0
OX637750.1 389500000 390000000 107.0
OX637750.1 390000000 390500000 107.0
OX637750.1 390500000 391000000 107.0
OX637750.1 391000000 391500000 107.0
OX637750.1 391500000 392000000 107.0
OX637750.1 392000000 392500000 107.0
OX637750.1 392500000 393000000 107.0
OX637750.1 393000000 393500000 107.0
OX637750.1 393500000 394000000 107.0
OX637750.1 394000000 394500000 107.0
OX637750.1 394500000 395000000 107.0
OX637750.1 395000000 395500000 107.0
OX637750.1 395500000 396000000 107.0
OX637750.1 396000000 396500000 107.0
OX637750.1 396500000 397000000 107.0
OX637750.1 397000000 397500000 107.0
OX637750.1 397500000 398000000 107.0
OX637750.1 398000000 398500000 107.0
OX637750.1 398500000 399000000 107.0
OX637750.1 399000000 399500000 107.0
OX637750.1 399500000 400000000 107.0
OX637750.1 400000000 400500000 107.0
OX637750.1 400500000 401000000 107.0
OX637750.1 401000000 401500000 107.0
OX637750.1 401500000 402000000 107.0
OX637750.1 402000000 402500000 107.0
OX637750.1 402500000 403000000 107.0
OX637750.1 403000000 403500000 107.0
OX637750.1 403500000 404000000 107.0
OX637750.1 404000000 404500000 107.0
OX637750.1 404500000 405000000 107.0
OX637750.1 405000000 405500000 107.0
OX637750.1 405500000 406000000 107.0
OX637750.1 406000000 406500000 107.0
OX637750.1 406500000 407000000 106.92168
OX637750.1 407000000 407500000 106.0
OX637750.1 407500000 408000000 106.0
OX637750.1 408000000 408500000 106.0
OX637750.1 408500000 409000000 106.0
OX637750.1 409000000 409500000 106.0
OX637750.1 409500000 410000000 106.0
OX637750.1 410000000 410500000 106.0
OX637750.1 410500000 411000000 106.0
OX637750.1 411000000 411500000 106.0
OX637750.1 411500000 412000000 106.0
OX637750.1 412000000 412500000 106.0
OX637750.1 412500000 413000000 106.0
OX637750.1 413000000 413500000 106.0
OX637750.1 413500000 414000000 106.0
OX637750.1 414000000 414500000 106.0
OX637750.1 414500000 415000000 106.0
OX637750.1 415000000 415500000 106.0
OX637750.1 415500000 416000000 106.0
OX637750.1 416000000 416500000 106.0
OX637750.1 416500000 417000000 106.0
OX637750.1 417000000 417500000 106.0
OX637750.1 417500000 418000000 106.0
OX637750.1 418000000 418500000 106.0
OX637750.1 418500000 419000000 106.0
OX637750.1 419000000 419500000 106.0
OX637750.1 419500000 420000000 106.0
OX637750.1 420000000 420500000 106.0
OX637750.1 420500000 421000000 106.0
OX637750.1 421000000 421500000 106.0
OX637750.1 421500000 422000000 106.0
OX637750.1 422000000 422500000 106.0
OX637750.1 422500000 423000000 106.0
OX637750.1 423000000 423500000 106.0
OX637750.1 423500000 424000000 106.0
OX637750.1 424000000 424500000 106.0
OX637750.1 424500000 425000000 106.0
OX637750.1 425000000 425500000 106.0
OX637750.1 425500000 426000000 106.0
OX637750.1 426000000 426500000 106.0
OX637750.1 426500000 427000000 106.0
OX637750.1 427000000 427500000 106.0
OX637750.1 427500000 428000000 106.0
OX637750.1 428000000 428500000 106.0
OX637750.1 428500000 429000000 106.0
OX637750.1 429000000 429500000 106.0
OX637750.1 429500000 430000000 106.0
OX637750.1 430000000 430500000 106.0
OX637750.1 430500000 431000000 106.0
OX637750.1 431000000 431500000 106.0
OX637750.1 431500000 432000000 106.0
OX637750.1 432000000 432500000 106.0
OX637750.1 432500000 433000000 106.0
OX637750.1 433000000 433500000 106.0
OX637750.1 433500000 434000000 106.0
OX637750.1 434000000 434500000 106.0
OX637750.1 434500000 435000000 106.0
OX637750.1 435000000 435500000 106.0
OX637750.1 435500000 436000000 106.0
OX637750.1 436000000 436500000 106.0
OX637750.1 436500000 437000000 106.0
OX637750.1 437000000 437500000 106.0
OX637750.1 437500000 438000000 106.0
OX637750.1 438000000 438500000 106.0
OX637750.1 438500000 439000000 106.0
OX637750.1 439000000 439500000 106.0
OX637750.1 439500000 440000000 106.0
OX637750.1 440000000 440500000 106.0
OX637750.1 440500000 441000000 106.0
OX637750.1 441000000 441500000 106.0
OX637750.1 441500000 442000000 106.0
OX637750.1 442000000 442500000 106.0
OX637750.1 442500000 443000000 106.0
OX637750.1 443000000 443500000 106.0
OX637750.1 443500000 444000000 106.0
OX637750.1 444000000 444500000 106.0
OX637750.1 444500000 445000000 106.0
OX637750.1 445000000 445500000 106.0
OX637750.1 445500000 446000000 106.0
OX637750.1 446000000 446500000 106.0
OX637750.1 446500000 447000000 106.0
OX637750.1 447000000 447500000 106.0
OX637750.1 447500000 448000000 106.0
OX637750.1 448000000 448500000 106.0
OX637750.1 448500000 449000000 106.0
OX637750.1 449000000 449500000 106.0
OX637750.1 449500000 450000000 106.0
OX637750.1 450000000 450500000 106.0
OX637750.1 450500000 451000000 106.0
OX637750.1 451000000 451500000 106.0
OX637750.1 451500000 452000000 106.0
OX637750.1 452000000 452500000 106.0
OX637750.1 452500000 453000000 106.0
OX637750.1 453000000 453500000 106.0
OX637750.1 453500000 454000000 106.0
OX637750.1 454000000 454500000 106.0
OX637750.1 454500000 455000000 106.0
OX637750.1 455000000 455500000 106.0
OX637750.1 455500000 456000000 106.0
OX637750.1 456000000 456500000 106.0
OX637750.1 456500000 457000000 106.0
OX637750.1 457000000 457500000 106.0
OX637750.1 457500000 458000000 106.0
OX637750.1 458000000 458500000 106.0
OX637750.1 458500000 459000000 106.0
OX637750.1 459000000 459500000 106.0
OX637750.1 459500000 460000000 106.0
OX637750.1 460000000 460500000 106.0
OX637750.1 460500000 461000000 106.0
OX637750.1 461000000 461500000 106.0
OX637750.1 461500000 462000000 106.0
OX637750.1 462000000 462500000 106.0
OX637750.1 462500000 463000000 106.0
OX637750.1 463000000 463500000 106.0
OX637750.1 463500000 464000000 106.0
OX637750.1 464000000 464500000 106.0
OX637750.1 464500000 465000000 106.0
OX637750.1 465000000 465500000 106.0
OX637750.1 465500000 466000000 106.0
OX637750.1 466000000 466500000 106.0
OX637750.1 466500000 467000000 106.0
OX637750.1 467000000 467500000 106.0
OX637750.1 467500000 468000000 106.0
OX637750.1 468000000 468500000 106.0
OX637750.1 468500000 469000000 106.0
OX637750.1 469000000 469500000 106.0
OX637750.1 469500000 470000000 106.0
OX637750.1 470000000 470500000 106.0
OX637750.1 470500000 471000000 106.0
OX637750.1 471000000 471500000 106.0
OX637750.1 471500000 472000000 106.05745
OX637750.1 472000000 472500000 107.0
OX637750.1 472500000 473000000 107.0
OX637750.1 473000000 473500000 107.0
OX637750.1 473500000 474000000 107.0
OX637750.1 474000000 474500000 107.0
OX637750.1 474500000 475000000 107.0
OX637750.1 475000000 475500000 107.0
OX637750.1 475500000 476000000 107.0
OX637750.1 476000000 476500000 107.0
OX637750.1 476500000 477000000 107.0
OX637750.1 477000000 477500000 107.0
OX637750.1 477500000 478000000 107.0
OX637750.1 478000000 478500000 107.0
OX637750.1 478500000 479000000 107.0
OX637750.1 479000000 479500000 107.0
OX637750.1 479500000 480000000 107.0
OX637750.1 480000000 480500000 107.0
OX637750.1 480500000 481000000 107.0
OX637750.1 481000000 481500000 107.0
OX637750.1 481500000 482000000 107.0
OX637750.1 482000000 482500000 107.0
OX637750.1 482500000 483000000 107.0
OX637750.1 483000000 483500000 107.0
OX637750.1 483500000 484000000 107.0
OX637750.1 484000000 484500000 107.0
OX637750.1 484500000 485000000 107.0
OX637750.1 485000000 485500000 107.0
OX637750.1 485500000 486000000 107.0
OX637750.1 486000000 486500000 107.0
OX637750.1 486500000 487000000 107.0
OX637750.1 487000000 487500000 107.0
OX637750.1 487500000 488000000 107.0
OX637750.1 488000000 488500000 107.0
OX637750.1 488500000 489000000 107.0
OX637750.1 489000000 489500000 107.0
OX637750.1 489500000 490000000 107.0
OX637750.1 490000000 490500000 107.0
OX637750.1 490500000 491000000 107.0
OX637750.1 491000000 491500000 107.0
OX637750.1 491500000 492000000 107.0
OX637750.1 492000000 492500000 107.0
OX637750.1 492500000 493000000 107.0
OX637750.1 493000000 493500000 107.0
OX637750.1 493500000 494000000 107.0
OX637750.1 494000000 494500000 107.0
OX637750.1 494500000 495000000 107.0
OX637750.1 495000000 495500000 107.0
OX637750.1 495500000 496000000 107.0
OX637750.1 496000000 496500000 107.0
OX637750.1 496500000 497000000 107.0
OX637750.1 497000000 497500000 107.0
OX637750.1 497500000 498000000 107.0
OX637750.1 498000000 498500000 107.0
OX637750.1 498500000 499000000 107.0
OX637750.1 499000000 499500000 107.0
OX637750.1 499500000 500000000 107.0
OX637750.1 500000000 500500000 107.0
OX637750.1 500500000 501000000 107.0
OX637750.1 501000000 501500000 107.0
OX637750.1 501500000 502000000 107.0
OX637750.1 502000000 502500000 107.0
OX637750.1 502500000 503000000 107.0
OX637750.1 503000000 503500000 107.0
OX637750.1 503500000 504000000 107.0
OX637750.1 504000000 504500000 107.0
OX637750.1 504500000 505000000 107.0
OX637750.1 505000000 505500000 107.0
OX637750.1 505500000 506000000 107.0
OX637750.1 506000000 506500000 107.0
OX637750.1 506500000 507000000 107.0
OX637750.1 507000000 507500000 107.0
OX637750.1 507500000 508000000 107.0
OX637750.1 508000000 508500000 107.0
OX637750.1 508500000 509000000 107.0
OX637750.1 509000000 509500000 107.0
OX637750.1 509500000 510000000 107.0
OX637750.1 510000000 510500000 107.0
OX637750.1 510500000 511000000 107.0
OX637750.1 511000000 511500000 107.0
OX637750.1 511500000 512000000 107.0
OX637750.1 512000000 512500000 107.0
OX637750.1 512500000 513000000 107.0
OX637750.1 513000000 513500000 107.0
OX637750.1 513500000 514000000 107.0
OX637750.1 514000000 514500000 107.0
OX637750.1 514500000 515000000 107.0
OX637750.1 515000000 515500000 107.0
OX637750.1 515500000 516000000 107.0
OX637750.1 516000000 516500000 107.0
OX637750.1 516500000 517000000 107.0
OX637750.1 517000000 517500000 107.0
OX637750.1 517500000 518000000 107.0
OX637750.1 518000000 518500000 107.0
OX637750.1 518500000 519000000 107.0
OX637750.1 519000000 519500000 106.93871
OX637750.1 519500000 520000000 106.0
OX637750.1 520000000 520500000 106.0
OX637750.1 520500000 521000000 106.0
OX637750.1 521000000 521500000 106.0
OX637750.1 521500000 522000000 106.0
OX637750.1 522000000 522500000 106.0
OX637750.1 522500000 523000000 106.0
OX637750.1 523000000 523500000 106.0
OX637750.1 523500000 524000000 106.0
OX637750.1 524000000 524500000 106.0
OX637750.1 524500000 525000000 106.0
OX637750.1 525000000 525500000 106.0
OX637750.1 525500000 526000000 106.0
OX637750.1 526000000 526500000 106.0
OX637750.1 526500000 527000000 106.0
OX637750.1 527000000 527500000 106.0
OX637750.1 527500000 528000000 106.0
OX637750.1 528000000 528500000 106.0
OX637750.1 528500000 529000000 106.0
OX637750.1 529000000 529500000 106.0
OX637750.1 529500000 530000000 106.0
OX637750.1 530000000 530500000 106.0
OX637750.1 530500000 531000000 106.0
OX637750.1 531000000 531500000 106.0
OX637750.1 531500000 532000000 106.0
OX637750.1 532000000 532500000 106.0
OX637750.1 532500000 533000000 106.0
OX637750.1 533000000 533500000 106.0
OX637750.1 533500000 534000000 106.0
OX637750.1 534000000 534500000 106.0
OX637750.1 534500000 535000000 106.0
OX637750.1 535000000 535500000 106.0
OX637750.1 535500000 536000000 105.5649
OX637750.1 536000000 536500000 105.0
OX637750.1 536500000 537000000 104.92961
OX637750.1 537000000 537500000 104.0
OX637750.1 537500000 538000000 104.0
OX637750.1 538000000 538500000 104.0
OX637750.1 538500000 539000000 104.0
OX637750.1 539000000 539500000 104.55865
OX637750.1 539500000 540000000 105.0
OX637750.1 540000000 540500000 105.0
OX637750.1 540500000 541000000 105.0
OX637750.1 541000000 541500000 105.0
OX637750.1 541500000 542000000 105.0
OX637750.1 542000000 542500000 105.0
OX637750.1 542500000 543000000 105.0
OX637750.1 543000000 543500000 105.0
OX637750.1 543500000 544000000 105.0
OX637750.1 544000000 544500000 105.0
OX637750.1 544500000 545000000 105.0
OX637750.1 545000000 545500000 105.0
OX637750.1 545500000 546000000 105.0
OX637750.1 546000000 546500000 104.34368
OX637750.1 546500000 547000000 103.0
OX637750.1 547000000 547500000 103.0
OX637750.1 547500000 548000000 103.0
OX637750.1 548000000 548500000 103.0
OX637750.1 548500000 549000000 103.0
OX637750.1 549000000 549500000 103.0
OX637750.1 549500000 550000000 103.0
OX637750.1 550000000 550500000 103.0
OX637750.1 550500000 551000000 103.0
OX637750.1 551000000 551500000 103.0
OX637750.1 551500000 552000000 103.0
OX637750.1 552000000 552500000 103.0
OX637750.1 552500000 553000000 103.0
OX637750.1 553000000 553500000 103.0
OX637750.1 553500000 554000000 103.0
OX637750.1 554000000 554500000 103.0
OX637750.1 554500000 555000000 103.0
OX637750.1 555000000 555500000 103.0
OX637750.1 555500000 556000000 103.0
OX637750.1 556000000 556500000 103.0
OX637750.1 556500000 557000000 103.0
OX637750.1 557000000 557500000 103.0
OX637750.1 557500000 558000000 103.0
OX637750.1 558000000 558500000 103.0
OX637750.1 558500000 559000000 102.11048
OX637750.1 559000000 559500000 102.0
OX637750.1 559500000 560000000 102.0
OX637750.1 560000000 560500000 102.0
OX637750.1 560500000 561000000 101.09658
OX637750.1 561000000 561500000 101.0
OX637750.1 561500000 562000000 101.0
OX637750.1 562000000 562500000 101.0
OX637750.1 562500000 563000000 100.44046
OX637750.1 563000000 563500000 99.0
OX637750.1 563500000 564000000 99.0
OX637750.1 564000000 564500000 99.0
OX637750.1 564500000 565000000 99.0
OX637750.1 565000000 565500000 99.0
OX637750.1 565500000 566000000 98.43847
OX637750.1 566000000 566500000 97.0
OX637750.1 566500000 567000000 97.0
OX637750.1 567000000 567500000 96.70444
OX637750.1 567500000 568000000 96.0
OX637750.1 568000000 568500000 96.0
OX637750.1 568500000 569000000 96.0
OX637750.1 569000000 569500000 96.0
OX637750.1 569500000 570000000 96.0
OX637750.1 570000000 570500000 96.0
OX637750.1 570500000 571000000 95.2283
OX637750.1 571000000 571500000 95.0
OX637750.1 571500000 572000000 95.0
OX637750.1 572000000 572500000 95.0
OX637750.1 572500000 573000000 95.0
OX637750.1 573000000 573500000 95.0
OX637750.1 573500000 574000000 95.0
OX637750.1 574000000 574500000 95.0
OX637750.1 574500000 575000000 94.07913
OX637750.1 575000000 575500000 94.0
OX637750.1 575500000 576000000 94.0
OX637750.1 576000000 576500000 94.0
OX637750.1 576500000 577000000 94.0
OX637750.1 577000000 577500000 93.31021
OX637750.1 577500000 578000000 93.0
OX637750.1 578000000 578500000 93.0
OX637750.1 578500000 579000000 93.0
OX637750.1 579000000 579500000 93.0
OX637750.1 579500000 580000000 93.0
OX637750.1 580000000 580500000 93.0
OX637750.1 580500000 581000000 93.0
OX637750.1 581000000 581500000 93.0
OX637750.1 581500000 582000000 93.0
OX637750.1 582000000 582500000 93.0
OX637750.1 582500000 583000000 92.43259
OX637750.1 583000000 583500000 91.0
OX637750.1 583500000 584000000 91.0
OX637750.1 584000000 584500000 91.0
OX637750.1 584500000 585000000 91.0
OX637750.1 585000000 585500000 91.0
OX637750.1 585500000 586000000 91.0
OX637750.1 586000000 586500000 91.0
OX637750.1 586500000 587000000 91.0
OX637750.1 587000000 587500000 91.0
OX637750.1 587500000 588000000 91.0
OX637750.1 588000000 588500000 90.41157
OX637750.1 588500000 589000000 90.0
OX637750.1 589000000 589500000 90.0
OX637750.1 589500000 590000000 90.0
OX637750.1 590000000 590500000 89.69546
OX637750.1 590500000 591000000 89.0
OX637750.1 591000000 591500000 89.0
OX637750.1 591500000 592000000 89.0
OX637750.1 592000000 592500000 89.0
OX637750.1 592500000 593000000 89.0
OX637750.1 593000000 593500000 89.0
OX637750.1 593500000 594000000 89.0
OX637750.1 594000000 594500000 89.0
OX637750.1 594500000 595000000 89.0
OX637750.1 595000000 595500000 88.86407
OX637750.1 595500000 596000000 88.0
OX637750.1 596000000 596500000 88.0
OX637750.1 596500000 597000000 88.0
OX637750.1 597000000 597500000 88.0
OX637750.1 597500000 598000000 87.28191
OX637750.1 598000000 598500000 86.0
OX637750.1 598500000 599000000 86.0
OX637750.1 599000000 599500000 86.0
OX637750.1 599500000 600000000 86.0
OX637750.1 600000000 600500000 86.0
OX637750.1 600500000 601000000 86.0
OX637750.1 601000000 601500000 86.0
OX637750.1 601500000 602000000 86.0
OX637750.1 602000000 602500000 85.48866
OX637750.1 602500000 603000000 85.0
OX637750.1 603000000 603500000 85.0
OX637750.1 603500000 604000000 85.0
OX637750.1 604000000 604500000 85.0
OX637750.1 604500000 605000000 84.95584
OX637750.1 605000000 605500000 84.0
OX637750.1 605500000 606000000 84.0
OX637750.1 606000000 606500000 84.0
OX637750.1 606500000 607000000 83.44204
OX637750.1 607000000 607500000 83.0
OX637750.1 607500000 608000000 82.66897
OX637750.1 608000000 608500000 81.02945
OX637750.1 608500000 609000000 79.0
OX637750.1 609000000 609500000 79.0
OX637750.1 609500000 610000000 77.63098
OX637750.1 610000000 610500000 77.0
OX637750.1 610500000 611000000 76.22593
OX637750.1 611000000 611500000 74.23977
OX637750.1 611500000 612000000 74.0
OX637750.1 612000000 612500000 73.61895
OX637750.1 612500000 613000000 72.23475
OX637750.1 613000000 613500000 71.32831
OX637750.1 613500000 614000000 70.47337
OX637750.1 614000000 614500000 69.02916
OX637750.1 614500000 615000000 66.7855
OX637750.1 615000000 615500000 63.85991
OX637750.1 615500000 616000000 62.51814
OX637750.1 616000000 616500000 62.0
OX637750.1 616500000 617000000 61.47963
OX637750.1 617000000 617500000 59.0
OX637750.1 617500000 618000000 58.50483
OX637750.1 618000000 618500000 57.99599
OX637750.1 618500000 619000000 54.34713
OX637750.1 619000000 619500000 49.2016
OX637750.1 619500000 620000000 47.60692
OX637750.1 620000000 620500000 44.8522
OX637750.1 620500000 621000000 44.0
OX637750.1 621000000 621500000 42.13779
OX637750.1 621500000 622000000 38.71867
OX637750.1 622000000 622500000 36.19139
OX637750.1 622500000 623000000 31.14727
OX637750.1 623000000 623500000 27.01546
OX637750.1 623500000 624000000 24.0
OX637750.1 624000000 624500000 18.21994
OX637750.1 624500000 625000000 5.16172
OX637750.1 625000000 625500000 0.0
OX637750.1 625500000 625625054 0.0
OX637757.1 0 500000 1.0
OX637757.1 500000 1000000 1.0
OX637757.1 1000000 1500000 1.0
OX637757.1 1500000 2000000 1.19838
OX637757.1 2000000 2500000 3.52456
OX637757.1 2500000 3000000 6.22081
OX637757.1 3000000 3500000 9.44886
OX637757.1 3500000 4000000 11.0
OX637757.1 4000000 4500000 11.0
OX637757.1 4500000 5000000 11.0
OX637757.1 5000000 5500000 13.0284
OX637757.1 5500000 6000000 17.1442
OX637757.1 6000000 6500000 18.67163
OX637757.1 6500000 7000000 20.24962
OX637757.1 7000000 7500000 25.02318
OX637757.1 7500000 8000000 26.92646
OX637757.1 8000000 8500000 27.5156
OX637757.1 8500000 9000000 32.31855
OX637757.1 9000000 9500000 36.32988
OX637757.1 9500000 10000000 38.0
OX637757.1 10000000 10500000 38.0
OX637757.1 10500000 11000000 38.59039
OX637757.1 11000000 11500000 40.39272
OX637757.1 11500000 12000000 41.09164
OX637757.1 12000000 12500000 42.0
OX637757.1 12500000 13000000 42.76819
OX637757.1 13000000 13500000 43.0
OX637757.1 13500000 14000000 43.0
OX637757.1 14000000 14500000 43.87154
OX637757.1 14500000 15000000 44.0
OX637757.1 15000000 15500000 44.0
OX637757.1 15500000 16000000 44.0
OX637757.1 16000000 16500000 44.36249
OX637757.1 16500000 17000000 48.36292
OX637757.1 17000000 17500000 50.0
OX637757.1 17500000 18000000 50.52384
OX637757.1 18000000 18500000 51.2114
OX637757.1 18500000 19000000 52.0
OX637757.1 19000000 19500000 52.95125
OX637757.1 19500000 20000000 53.0
OX637757.1 20000000 20500000 53.0
OX637757.1 20500000 21000000 53.0
OX637757.1 21000000 21500000 57.51427
OX637757.1 21500000 22000000 58.0
OX637757.1 22000000 22500000 58.90064
OX637757.1 22500000 23000000 59.0
OX637757.1 23000000 23500000 59.75908
OX637757.1 23500000 24000000 60.0
OX637757.1 24000000 24500000 60.44335
OX637757.1 24500000 25000000 61.0
OX637757.1 25000000 25500000 61.85672
OX637757.1 25500000 26000000 62.0
OX637757.1 26000000 26500000 62.0
OX637757.1 26500000 27000000 62.0
OX637757.1 27000000 27500000 62.0
OX637757.1 27500000 28000000 63.24588
OX637757.1 28000000 28500000 64.0
OX637757.1 28500000 29000000 64.7553
OX637757.1 29000000 29500000 65.0
OX637757.1 29500000 30000000 65.0
OX637757.1 30000000 30500000 65.0
OX637757.1 30500000 31000000 65.0
OX637757.1 31000000 31500000 65.0
OX637757.1 31500000 32000000 65.265
OX637757.1 32000000 32500000 66.0
OX637757.1 32500000 33000000 66.62665
OX637757.1 33000000 33500000 67.0
OX637757.1 33500000 34000000 67.0
OX637757.1 34000000 34500000 67.48307
OX637757.1 34500000 35000000 68.0
OX637757.1 35000000 35500000 68.0
OX637757.1 35500000 36000000 68.81615
OX637757.1 36000000 36500000 69.0
OX637757.1 36500000 37000000 69.0
OX637757.1 37000000 37500000 69.0
OX637757.1 37500000 38000000 69.0
OX637757.1 38000000 38500000 69.0
OX637757.1 38500000 39000000 69.31138
OX637757.1 39000000 39500000 72.54986
OX637757.1 39500000 40000000 73.61232
OX637757.1 40000000 40500000 76.0
OX637757.1 40500000 41000000 76.81119
OX637757.1 41000000 41500000 77.0
OX637757.1 41500000 42000000 77.0
OX637757.1 42000000 42500000 77.0
OX637757.1 42500000 43000000 77.13531
OX637757.1 43000000 43500000 78.0
OX637757.1 43500000 44000000 78.0
OX637757.1 44000000 44500000 78.11586
OX637757.1 44500000 45000000 79.0
OX637757.1 45000000 45500000 79.17719
OX637757.1 45500000 46000000 80.0
OX637757.1 46000000 46500000 80.02157
OX637757.1 46500000 47000000 81.4856
OX637757.1 47000000 47500000 82.0
OX637757.1 47500000 48000000 82.0
OX637757.1 48000000 48500000 82.0
OX637757.1 48500000 49000000 82.0
OX637757.1 49000000 49500000 82.0
OX637757.1 49500000 50000000 82.52835
OX637757.1 50000000 50500000 83.0
OX637757.1 50500000 51000000 83.0
OX637757.1 51000000 51500000 83.0
OX637757.1 51500000 52000000 83.0
OX637757.1 52000000 52500000 83.0
OX637757.1 52500000 53000000 83.0
OX637757.1 53000000 53500000 83.0
OX637757.1 53500000 54000000 83.0
OX637757.1 54000000 54500000 83.0
OX637757.1 54500000 55000000 83.0
OX637757.1 55000000 55500000 83.4468
OX637757.1 55500000 56000000 84.0
OX637757.1 56000000 56500000 84.0
OX637757.1 56500000 57000000 84.0
OX637757.1 57000000 57500000 84.0
OX637757.1 57500000 58000000 84.0
OX637757.1 58000000 58500000 84.0
OX637757.1 58500000 59000000 84.0
OX637757.1 59000000 59500000 84.0
OX637757.1 59500000 60000000 84.0
OX637757.1 60000000 60500000 84.0
OX637757.1 60500000 61000000 84.0
OX637757.1 61000000 61500000 84.0
OX637757.1 61500000 62000000 84.0
OX637757.1 62000000 62500000 84.0
OX637757.1 62500000 63000000 84.0
OX637757.1 63000000 63500000 84.0
OX637757.1 63500000 64000000 84.0
OX637757.1 64000000 64500000 84.0
OX637757.1 64500000 65000000 84.0
OX637757.1 65000000 65500000 84.0
OX637757.1 65500000 66000000 84.0
OX637757.1 66000000 66500000 84.0
OX637757.1 66500000 67000000 84.0
OX637757.1 67000000 67500000 84.0
OX637757.1 67500000 68000000 84.0
OX637757.1 68000000 68500000 84.0
OX637757.1 68500000 69000000 84.0
OX637757.1 69000000 69500000 84.0
OX637757.1 69500000 70000000 84.0
OX637757.1 70000000 70500000 84.0
OX637757.1 70500000 71000000 84.0
OX637757.1 71000000 71500000 84.0
OX637757.1 71500000 72000000 84.0
OX637757.1 72000000 72500000 84.0
OX637757.1 72500000 73000000 84.0
OX637757.1 73000000 73500000 84.0
OX637757.1 73500000 74000000 84.0
OX637757.1 74000000 74500000 84.0
OX637757.1 74500000 75000000 84.0
OX637757.1 75000000 75500000 84.0
OX637757.1 75500000 76000000 84.0
OX637757.1 76000000 76500000 84.0
OX637757.1 76500000 77000000 84.0
OX637757.1 77000000 77500000 84.0
OX637757.1 77500000 78000000 84.0
OX637757.1 78000000 78500000 84.0
OX637757.1 78500000 79000000 84.0
OX637757.1 79000000 79500000 84.0
OX637757.1 79500000 80000000 84.0
OX637757.1 80000000 80500000 84.95446
OX637757.1 80500000 81000000 85.0
OX637757.1 81000000 81500000 85.0
OX637757.1 81500000 82000000 85.0
OX637757.1 82000000 82500000 85.0
OX637757.1 82500000 83000000 85.0
OX637757.1 83000000 83500000 85.0
OX637757.1 83500000 84000000 85.0
OX637757.1 84000000 84500000 85.0
OX637757.1 84500000 85000000 85.0
OX637757.1 85000000 85500000 85.0
OX637757.1 85500000 86000000 85.0
OX637757.1 86000000 86500000 85.0
OX637757.1 86500000 87000000 85.0
OX637757.1 87000000 87500000 85.0
OX637757.1 87500000 88000000 85.0
OX637757.1 88000000 88500000 85.0
OX637757.1 88500000 89000000 85.91807
OX637757.1 89000000 89500000 85.0699
OX637757.1 89500000 90000000 85.11474
OX637757.1 90000000 90500000 86.0
OX637757.1 90500000 91000000 86.0
OX637757.1 91000000 91500000 86.0
OX637757.1 91500000 92000000 86.0
OX637757.1 92000000 92500000 86.0
OX637757.1 92500000 93000000 86.0
OX637757.1 93000000 93500000 86.13164
OX637757.1 93500000 94000000 87.0
OX637757.1 94000000 94500000 87.0
OX637757.1 94500000 95000000 87.0
OX637757.1 95000000 95500000 87.0
OX637757.1 95500000 96000000 87.0
OX637757.1 96000000 96500000 87.0
OX637757.1 96500000 97000000 87.0
OX637757.1 97000000 97500000 87.0
OX637757.1 97500000 98000000 87.0
OX637757.1 98000000 98500000 87.0
OX637757.1 98500000 99000000 87.0
OX637757.1 99000000 99500000 87.0
OX637757.1 99500000 100000000 87.0
OX637757.1 100000000 100500000 87.0
OX637757.1 100500000 101000000 87.0
OX637757.1 101000000 101500000 87.0
OX637757.1 101500000 102000000 87.0
OX637757.1 102000000 102500000 87.0
OX637757.1 102500000 103000000 87.0
OX637757.1 103000000 103500000 87.0
OX637757.1 103500000 104000000 87.87956
OX637757.1 104000000 104500000 88.0
OX637757.1 104500000 105000000 88.0
OX637757.1 105000000 105500000 88.0
OX637757.1 105500000 106000000 88.0
OX637757.1 106000000 106500000 88.0
OX637757.1 106500000 107000000 88.0
OX637757.1 107000000 107500000 88.0
OX637757.1 107500000 108000000 88.0
OX637757.1 108000000 108500000 88.0
OX637757.1 108500000 109000000 88.0
OX637757.1 109000000 109500000 88.0
OX637757.1 109500000 110000000 88.0
OX637757.1 110000000 110500000 88.0
OX637757.1 110500000 111000000 88.0
OX637757.1 111000000 111500000 88.7768
OX637757.1 111500000 112000000 90.0
OX637757.1 112000000 112500000 90.0
OX637757.1 112500000 113000000 90.0
OX637757.1 113000000 113500000 90.0
OX637757.1 113500000 114000000 90.0
OX637757.1 114000000 114500000 90.0
OX637757.1 114500000 115000000 90.0
OX637757.1 115000000 115500000 90.0
OX637757.1 115500000 116000000 90.0
OX637757.1 116000000 116500000 90.0
OX637757.1 116500000 117000000 90.0
OX637757.1 117000000 117500000 90.0
OX637757.1 117500000 118000000 90.0
OX637757.1 118000000 118500000 90.0
OX637757.1 118500000 119000000 90.0
OX637757.1 119000000 119500000 90.0
OX637757.1 119500000 120000000 90.0
OX637757.1 120000000 120500000 90.0
OX637757.1 120500000 121000000 90.0
OX637757.1 121000000 121500000 90.0
OX637757.1 121500000 122000000 90.0
OX637757.1 122000000 122500000 90.0
OX637757.1 122500000 123000000 90.0
OX637757.1 123000000 123500000 90.0
OX637757.1 123500000 124000000 90.0
OX637757.1 124000000 124500000 90.0
OX637757.1 124500000 125000000 90.0
OX637757.1 125000000 125500000 90.0
OX637757.1 125500000 126000000 90.0
OX637757.1 126000000 126500000 90.0
OX637757.1 126500000 127000000 90.0
OX637757.1 127000000 127500000 90.0
OX637757.1 127500000 128000000 90.0
OX637757.1 128000000 128500000 90.0
OX637757.1 128500000 129000000 90.0
OX637757.1 129000000 129500000 90.0
OX637757.1 129500000 130000000 90.0
OX637757.1 130000000 130500000 90.0
OX637757.1 130500000 131000000 90.0
OX637757.1 131000000 131500000 90.0
OX637757.1 131500000 132000000 90.0
OX637757.1 132000000 132500000 90.0
OX637757.1 132500000 133000000 90.0
OX637757.1 133000000 133500000 90.0
OX637757.1 133500000 134000000 90.0
OX637757.1 134000000 134500000 90.0
OX637757.1 134500000 135000000 90.0
OX637757.1 135000000 135500000 90.0
OX637757.1 135500000 136000000 90.0
OX637757.1 136000000 136500000 90.0
OX637757.1 136500000 137000000 90.0
OX637757.1 137000000 137500000 90.0
OX637757.1 137500000 138000000 90.0
OX637757.1 138000000 138500000 90.0
OX637757.1 138500000 139000000 90.0
OX637757.1 139000000 139500000 90.0
OX637757.1 139500000 140000000 90.0
OX637757.1 140000000 140500000 90.0
OX637757.1 140500000 141000000 90.0
OX637757.1 141000000 141500000 90.0
OX637757.1 141500000 142000000 90.0
OX637757.1 142000000 142500000 90.0
OX637757.1 142500000 143000000 90.0
OX637757.1 143000000 143500000 90.0
OX637757.1 143500000 144000000 90.0
OX637757.1 144000000 144500000 90.52328
OX637757.1 144500000 145000000 91.0
OX637757.1 145000000 145500000 91.0
OX637757.1 145500000 146000000 91.0
OX637757.1 146000000 146500000 91.5385
OX637757.1 146500000 147000000 92.0
OX637757.1 147000000 147500000 92.0
OX637757.1 147500000 148000000 92.0
OX637757.1 148000000 148500000 92.0
OX637757.1 148500000 149000000 92.0
OX637757.1 149000000 149500000 92.0
OX637757.1 149500000 150000000 92.0
OX637757.1 150000000 150500000 92.0
OX637757.1 150500000 151000000 92.24426
OX637757.1 151000000 151500000 93.0
OX637757.1 151500000 152000000 93.0
OX637757.1 152000000 152500000 93.0
OX637757.1 152500000 153000000 93.0
OX637757.1 153000000 153500000 93.0
OX637757.1 153500000 154000000 93.0
OX637757.1 154000000 154500000 93.0
OX637757.1 154500000 155000000 93.0
OX637757.1 155000000 155500000 93.0
OX637757.1 155500000 156000000 93.0
OX637757.1 156000000 156500000 93.0
OX637757.1 156500000 157000000 93.0
OX637757.1 157000000 157500000 93.0
OX637757.1 157500000 158000000 93.0
OX637757.1 158000000 158500000 93.0
OX637757.1 158500000 159000000 93.0
OX637757.1 159000000 159500000 93.0
OX637757.1 159500000 160000000 93.0
OX637757.1 160000000 160500000 93.0
OX637757.1 160500000 161000000 93.0
OX637757.1 161000000 161500000 93.0
OX637757.1 161500000 162000000 93.0
OX637757.1 162000000 162500000 93.0
OX637757.1 162500000 163000000 93.0
OX637757.1 163000000 163500000 93.0
OX637757.1 163500000 164000000 93.0
OX637757.1 164000000 164500000 93.0
OX637757.1 164500000 165000000 93.0
OX637757.1 165000000 165500000 93.0
OX637757.1 165500000 166000000 93.0
OX637757.1 166000000 166500000 93.0
OX637757.1 166500000 167000000 93.0
OX637757.1 167000000 167500000 93.0
OX637757.1 167500000 168000000 93.0
OX637757.1 168000000 168500000 93.0
OX637757.1 168500000 169000000 93.0
OX637757.1 169000000 169500000 93.0
OX637757.1 169500000 170000000 93.0
OX637757.1 170000000 170500000 93.0
OX637757.1 170500000 171000000 93.0
OX637757.1 171000000 171500000 93.0
OX637757.1 171500000 172000000 93.0
OX637757.1 172000000 172500000 93.0
OX637757.1 172500000 173000000 93.0
OX637757.1 173000000 173500000 93.0
OX637757.1 173500000 174000000 93.0
OX637757.1 174000000 174500000 93.0
OX637757.1 174500000 175000000 92.49924
OX637757.1 175000000 175500000 92.0
OX637757.1 175500000 176000000 92.0
OX637757.1 176000000 176500000 92.0
OX637757.1 176500000 177000000 92.0
OX637757.1 177000000 177500000 92.0
OX637757.1 177500000 178000000 92.0
OX637757.1 178000000 178500000 92.0
OX637757.1 178500000 179000000 92.0
OX637757.1 179000000 179500000 92.0
OX637757.1 179500000 180000000 92.0
OX637757.1 180000000 180500000 92.0
OX637757.1 180500000 181000000 92.0
OX637757.1 181000000 181500000 92.0
OX637757.1 181500000 182000000 92.0
OX637757.1 182000000 182500000 92.0
OX637757.1 182500000 183000000 92.0
OX637757.1 183000000 183500000 92.0
OX637757.1 183500000 184000000 92.0
OX637757.1 184000000 184500000 92.0
OX637757.1 184500000 185000000 92.0
OX637757.1 185000000 185500000 92.0
OX637757.1 185500000 186000000 92.0
OX637757.1 186000000 186500000 92.0
OX637757.1 186500000 187000000 92.0
OX637757.1 187000000 187500000 92.0
OX637757.1 187500000 188000000 92.0
OX637757.1 188000000 188500000 92.0
OX637757.1 188500000 189000000 92.0
OX637757.1 189000000 189500000 92.0
OX637757.1 189500000 190000000 92.0
OX637757.1 190000000 190500000 92.0
OX637757.1 190500000 191000000 92.0
OX637757.1 191000000 191500000 92.0
OX637757.1 191500000 192000000 92.0
OX637757.1 192000000 192500000 92.0
OX637757.1 192500000 193000000 92.0
OX637757.1 193000000 193500000 92.0
OX637757.1 193500000 194000000 92.0
OX637757.1 194000000 194500000 92.0
OX637757.1 194500000 195000000 92.0
OX637757.1 195000000 195500000 92.0
OX637757.1 195500000 196000000 92.0
OX637757.1 196000000 196500000 92.0
OX637757.1 196500000 197000000 92.0
OX637757.1 197000000 197500000 92.0
OX637757.1 197500000 198000000 92.0
OX637757.1 198000000 198500000 92.0
OX637757.1 198500000 199000000 92.0
OX637757.1 199000000 199500000 92.0
OX637757.1 199500000 200000000 92.0
OX637757.1 200000000 200500000 92.0
OX637757.1 200500000 201000000 92.0
OX637757.1 201000000 201500000 92.0
OX637757.1 201500000 202000000 92.0
OX637757.1 202000000 202500000 92.0
OX637757.1 202500000 203000000 92.0
OX637757.1 203000000 203500000 92.0
OX637757.1 203500000 204000000 92.0
OX637757.1 204000000 204500000 92.0
OX637757.1 204500000 205000000 92.0
OX637757.1 205000000 205500000 92.0
OX637757.1 205500000 206000000 92.0
OX637757.1 206000000 206500000 92.0
OX637757.1 206500000 207000000 92.0
OX637757.1 207000000 207500000 92.0
OX637757.1 207500000 208000000 92.0
OX637757.1 208000000 208500000 92.0
OX637757.1 208500000 209000000 92.0
OX637757.1 209000000 209500000 92.0
OX637757.1 209500000 210000000 92.0
OX637757.1 210000000 210500000 92.0
OX637757.1 210500000 211000000 92.0
OX637757.1 211000000 211500000 92.0
OX637757.1 211500000 212000000 92.0
OX637757.1 212000000 212500000 92.0
OX637757.1 212500000 213000000 92.0
OX637757.1 213000000 213500000 92.0
OX637757.1 213500000 214000000 92.0
OX637757.1 214000000 214500000 92.0
OX637757.1 214500000 215000000 92.0
OX637757.1 215000000 215500000 92.0
OX637757.1 215500000 216000000 92.0
OX637757.1 216000000 216500000 92.0
OX637757.1 216500000 217000000 92.0
OX637757.1 217000000 217500000 92.0
OX637757.1 217500000 218000000 92.0
OX637757.1 218000000 218500000 92.0
OX637757.1 218500000 219000000 92.0
OX637757.1 219000000 219500000 92.0
OX637757.1 219500000 220000000 92.0
OX637757.1 220000000 220500000 92.0
OX637757.1 220500000 221000000 92.0
OX637757.1 221000000 221500000 92.0
OX637757.1 221500000 222000000 92.0
OX637757.1 222000000 222500000 92.0
OX637757.1 222500000 223000000 92.0
OX637757.1 223000000 223500000 92.0
OX637757.1 223500000 224000000 92.0
OX637757.1 224000000 224500000 92.0
OX637757.1 224500000 225000000 92.0
OX637757.1 225000000 225500000 92.0
OX637757.1 225500000 226000000 92.0
OX637757.1 226000000 226500000 92.0
OX637757.1 226500000 227000000 92.0
OX637757.1 227000000 227500000 92.0
OX637757.1 227500000 228000000 92.0
OX637757.1 228000000 228500000 92.0
OX637757.1 228500000 229000000 92.0
OX637757.1 229000000 229500000 92.0
OX637757.1 229500000 230000000 92.0
OX637757.1 230000000 230500000 92.0
OX637757.1 230500000 231000000 92.0
OX637757.1 231000000 231500000 92.0
OX637757.1 231500000 232000000 92.0
OX637757.1 232000000 232500000 92.0
OX637757.1 232500000 233000000 92.0
OX637757.1 233000000 233500000 92.0
OX637757.1 233500000 234000000 92.0
OX637757.1 234000000 234500000 92.0
OX637757.1 234500000 235000000 92.0
OX637757.1 235000000 235500000 92.0
OX637757.1 235500000 236000000 92.0
OX637757.1 236000000 236500000 92.0
OX637757.1 236500000 237000000 92.0
OX637757.1 237000000 237500000 92.0
OX637757.1 237500000 238000000 92.0
OX637757.1 238000000 238500000 92.0
OX637757.1 238500000 239000000 92.0
OX637757.1 239000000 239500000 92.0
OX637757.1 239500000 240000000 92.0
OX637757.1 240000000 240500000 92.0
OX637757.1 240500000 241000000 92.0
OX637757.1 241000000 241500000 92.0
OX637757.1 241500000 242000000 92.0
OX637757.1 242000000 242500000 92.0
OX637757.1 242500000 243000000 92.0
OX637757.1 243000000 243500000 92.0
OX637757.1 243500000 244000000 92.0
OX637757.1 244000000 244500000 92.0
OX637757.1 244500000 245000000 92.0
OX637757.1 245000000 245500000 92.0
OX637757.1 245500000 246000000 92.0
OX637757.1 246000000 246500000 92.0
OX637757.1 246500000 247000000 92.0
OX637757.1 247000000 247500000 92.0
OX637757.1 247500000 248000000 92.0
OX637757.1 248000000 248500000 92.0
OX637757.1 248500000 249000000 91.24904
OX637757.1 249000000 249500000 91.0
OX637757.1 249500000 250000000 91.0
OX637757.1 250000000 250500000 91.0
OX637757.1 250500000 251000000 91.0
OX637757.1 251000000 251500000 91.0
OX637757.1 251500000 252000000 91.0
OX637757.1 252000000 252500000 91.0
OX637757.1 252500000 253000000 91.0
OX637757.1 253000000 253500000 91.0
OX637757.1 253500000 254000000 91.0
OX637757.1 254000000 254500000 91.0
OX637757.1 254500000 255000000 91.0
OX637757.1 255000000 255500000 91.0
OX637757.1 255500000 256000000 91.0
OX637757.1 256000000 256500000 91.0
OX637757.1 256500000 257000000 91.0
OX637757.1 257000000 257500000 91.0
OX637757.1 257500000 258000000 91.0
OX637757.1 258000000 258500000 91.0
OX637757.1 258500000 259000000 91.0
OX637757.1 259000000 259500000 91.0
OX637757.1 259500000 260000000 91.0
OX637757.1 260000000 260500000 91.0
OX637757.1 260500000 261000000 91.0
OX637757.1 261000000 261500000 91.0
OX637757.1 261500000 262000000 91.0
OX637757.1 262000000 262500000 91.0
OX637757.1 262500000 263000000 91.0
OX637757.1 263000000 263500000 91.0
OX637757.1 263500000 264000000 91.0
OX637757.1 264000000 264500000 91.0
OX637757.1 264500000 265000000 91.0
OX637757.1 265000000 265500000 91.0
OX637757.1 265500000 266000000 91.0
OX637757.1 266000000 266500000 91.0
OX637757.1 266500000 267000000 91.0
OX637757.1 267000000 267500000 91.0
OX637757.1 267500000 268000000 91.0
OX637757.1 268000000 268500000 91.0
OX637757.1 268500000 269000000 91.0
OX637757.1 269000000 269500000 91.0
OX637757.1 269500000 270000000 91.0
OX637757.1 270000000 270500000 91.0
OX637757.1 270500000 271000000 91.0
OX637757.1 271000000 271500000 91.0
OX637757.1 271500000 272000000 91.0
OX637757.1 272000000 272500000 91.0
OX637757.1 272500000 273000000 91.0
OX637757.1 273000000 273500000 91.0
OX637757.1 273500000 274000000 91.0
OX637757.1 274000000 274500000 91.0
OX637757.1 274500000 275000000 91.0
OX637757.1 275000000 275500000 91.0
OX637757.1 275500000 276000000 91.0
OX637757.1 276000000 276500000 91.0
OX637757.1 276500000 277000000 91.0
OX637757.1 277000000 277500000 91.0
OX637757.1 277500000 278000000 91.0
OX637757.1 278000000 278500000 91.0
OX637757.1 278500000 279000000 91.0
OX637757.1 279000000 279500000 91.0
OX637757.1 279500000 280000000 91.0
OX637757.1 280000000 280500000 91.0
OX637757.1 280500000 281000000 91.0
OX637757.1 281000000 281500000 91.0
OX637757.1 281500000 282000000 91.0
OX637757.1 282000000 282500000 91.0
OX637757.1 282500000 283000000 91.0
OX637757.1 283000000 283500000 91.0
OX637757.1 283500000 284000000 91.0
OX637757.1 284000000 284500000 91.0
OX637757.1 284500000 285000000 91.0
OX637757.1 285000000 285500000 91.0
OX637757.1 285500000 286000000 91.0
OX637757.1 286000000 286500000 91.0
OX637757.1 286500000 287000000 91.0
OX637757.1 287000000 287500000 91.0
OX637757.1 287500000 288000000 91.0
OX637757.1 288000000 288500000 91.0
OX637757.1 288500000 289000000 91.0
OX637757.1 289000000 289500000 91.0
OX637757.1 289500000 290000000 91.0
OX637757.1 290000000 290500000 91.0
OX637757.1 290500000 291000000 91.0
OX637757.1 291000000 291500000 91.0
OX637757.1 291500000 292000000 91.0
OX637757.1 292000000 292500000 91.0
OX637757.1 292500000 293000000 91.0
OX637757.1 293000000 293500000 91.89617
OX637757.1 293500000 294000000 92.0
OX637757.1 294000000 294500000 92.0
OX637757.1 294500000 295000000 92.0
OX637757.1 295000000 295500000 92.0
OX637757.1 295500000 296000000 92.0
OX637757.1 296000000 296500000 92.0
OX637757.1 296500000 297000000 92.0
OX637757.1 297000000 297500000 92.0
OX637757.1 297500000 298000000 92.0
OX637757.1 298000000 298500000 92.0
OX637757.1 298500000 299000000 92.0
OX637757.1 299000000 299500000 92.0
OX637757.1 299500000 300000000 92.0
OX637757.1 300000000 300500000 92.0
OX637757.1 300500000 301000000 92.0
OX637757.1 301000000 301500000 92.0
OX637757.1 301500000 302000000 92.0
OX637757.1 302000000 302500000 92.0
OX637757.1 302500000 303000000 92.09355
OX637757.1 303000000 303500000 93.36879
OX637757.1 303500000 304000000 94.0
OX637757.1 304000000 304500000 94.0
OX637757.1 304500000 305000000 94.0
OX637757.1 305000000 305500000 94.0
OX637757.1 305500000 306000000 94.0
OX637757.1 306000000 306500000 94.0
OX637757.1 306500000 307000000 94.0
OX637757.1 307000000 307500000 94.0
OX637757.1 307500000 308000000 94.0
OX637757.1 308000000 308500000 94.0
OX637757.1 308500000 309000000 94.0
OX637757.1 309000000 309500000 94.0
OX637757.1 309500000 310000000 94.0
OX637757.1 310000000 310500000 94.0
OX637757.1 310500000 311000000 94.0
OX637757.1 311000000 311500000 94.0
OX637757.1 311500000 312000000 94.0
OX637757.1 312000000 312500000 94.0
OX637757.1 312500000 313000000 94.0
OX637757.1 313000000 313500000 94.0
OX637757.1 313500000 314000000 94.0
OX637757.1 314000000 314500000 94.0
OX637757.1 314500000 315000000 94.0
OX637757.1 315000000 315500000 94.0
OX637757.1 315500000 316000000 94.0
OX637757.1 316000000 316500000 94.0
OX637757.1 316500000 317000000 94.0
OX637757.1 317000000 317500000 94.0
OX637757.1 317500000 318000000 94.0
OX637757.1 318000000 318500000 94.0
OX637757.1 318500000 319000000 94.0
OX637757.1 319000000 319500000 94.0
OX637757.1 319500000 320000000 94.0
OX637757.1 320000000 320500000 94.0
OX637757.1 320500000 321000000 94.0
OX637757.1 321000000 321500000 94.0
OX637757.1 321500000 322000000 94.0
OX637757.1 322000000 322500000 94.0
OX637757.1 322500000 323000000 94.43369
OX637757.1 323000000 323500000 94.0
OX637757.1 323500000 324000000 94.0
OX637757.1 324000000 324500000 94.0
OX637757.1 324500000 325000000 94.0
OX637757.1 325000000 325500000 94.0
OX637757.1 325500000 326000000 94.0
OX637757.1 326000000 326500000 94.0
OX637757.1 326500000 327000000 94.0
OX637757.1 327000000 327500000 94.0
OX637757.1 327500000 328000000 94.0
OX637757.1 328000000 328500000 94.0
OX637757.1 328500000 329000000 94.0
OX637757.1 329000000 329500000 94.0
OX637757.1 329500000 330000000 94.0
OX637757.1 330000000 330500000 94.0
OX637757.1 330500000 331000000 94.0
OX637757.1 331000000 331500000 94.0
OX637757.1 331500000 332000000 94.0
OX637757.1 332000000 332500000 94.0
OX637757.1 332500000 333000000 94.0
OX637757.1 333000000 333500000 94.0
OX637757.1 333500000 334000000 94.0
OX637757.1 334000000 334500000 94.0
OX637757.1 334500000 335000000 94.0
OX637757.1 335000000 335500000 94.0
OX637757.1 335500000 336000000 94.0
OX637757.1 336000000 336500000 94.0
OX637757.1 336500000 337000000 94.0
OX637757.1 337000000 337500000 94.0
OX637757.1 337500000 338000000 94.0
OX637757.1 338000000 338500000 94.0
OX637757.1 338500000 339000000 94.0
OX637757.1 339000000 339500000 94.0
OX637757.1 339500000 340000000 94.0
OX637757.1 340000000 340500000 93.05839
OX637757.1 340500000 341000000 93.0
OX637757.1 341000000 341500000 93.0
OX637757.1 341500000 342000000 93.0
OX637757.1 342000000 342500000 93.0
OX637757.1 342500000 343000000 93.0
OX637757.1 343000000 343500000 93.0
OX637757.1 343500000 344000000 93.0
OX637757.1 344000000 344500000 93.0
OX637757.1 344500000 345000000 93.0
OX637757.1 345000000 345500000 93.0
OX637757.1 345500000 346000000 93.0
OX637757.1 346000000 346500000 93.0
OX637757.1 346500000 347000000 93.0
OX637757.1 347000000 347500000 93.0
OX637757.1 347500000 348000000 93.0
OX637757.1 348000000 348500000 93.0
OX637757.1 348500000 349000000 93.0
OX637757.1 349000000 349500000 93.0
OX637757.1 349500000 350000000 93.0
OX637757.1 350000000 350500000 93.0
OX637757.1 350500000 351000000 93.0
OX637757.1 351000000 351500000 93.0
OX637757.1 351500000 352000000 93.0
OX637757.1 352000000 352500000 93.0
OX637757.1 352500000 353000000 93.0
OX637757.1 353000000 353500000 93.0
OX637757.1 353500000 354000000 93.0
OX637757.1 354000000 354500000 92.16409
OX637757.1 354500000 355000000 92.0
OX637757.1 355000000 355500000 92.0
OX637757.1 355500000 356000000 92.0
OX637757.1 356000000 356500000 92.0
OX637757.1 356500000 357000000 92.0
OX637757.1 357000000 357500000 92.0
OX637757.1 357500000 358000000 92.0
OX637757.1 358000000 358500000 92.0
OX637757.1 358500000 359000000 92.0
OX637757.1 359000000 359500000 92.0
OX637757.1 359500000 360000000 92.0
OX637757.1 360000000 360500000 92.0
OX637757.1 360500000 361000000 92.0
OX637757.1 361000000 361500000 92.0
OX637757.1 361500000 362000000 92.0
OX637757.1 362000000 362500000 92.0
OX637757.1 362500000 363000000 92.0
OX637757.1 363000000 363500000 92.0
OX637757.1 363500000 364000000 92.0
OX637757.1 364000000 364500000 92.0
OX637757.1 364500000 365000000 92.0
OX637757.1 365000000 365500000 92.0
OX637757.1 365500000 366000000 92.0
OX637757.1 366000000 366500000 92.0
OX637757.1 366500000 367000000 92.0
OX637757.1 367000000 367500000 92.0
OX637757.1 367500000 368000000 92.0
OX637757.1 368000000 368500000 92.0
OX637757.1 368500000 369000000 92.0
OX637757.1 369000000 369500000 92.0
OX637757.1 369500000 370000000 92.0
OX637757.1 370000000 370500000 92.0
OX637757.1 370500000 371000000 92.0
OX637757.1 371000000 371500000 92.0
OX637757.1 371500000 372000000 91.88944
OX637757.1 372000000 372500000 91.0
OX637757.1 372500000 373000000 91.0
OX637757.1 373000000 373500000 91.0
OX637757.1 373500000 374000000 91.0
OX637757.1 374000000 374500000 91.0
OX637757.1 374500000 375000000 91.0
OX637757.1 375000000 375500000 91.0
OX637757.1 375500000 376000000 91.0
OX637757.1 376000000 376500000 91.0
OX637757.1 376500000 377000000 91.0
OX637757.1 377000000 377500000 91.0
OX637757.1 377500000 378000000 91.0
OX637757.1 378000000 378500000 91.0
OX637757.1 378500000 379000000 91.0
OX637757.1 379000000 379500000 91.0
OX637757.1 379500000 380000000 91.0
OX637757.1 380000000 380500000 91.0
OX637757.1 380500000 381000000 91.0
OX637757.1 381000000 381500000 91.0
OX637757.1 381500000 382000000 91.0
OX637757.1 382000000 382500000 91.0
OX637757.1 382500000 383000000 91.51182
OX637757.1 383000000 383500000 91.2248
OX637757.1 383500000 384000000 91.0
OX637757.1 384000000 384500000 91.0
OX637757.1 384500000 385000000 91.0
OX637757.1 385000000 385500000 91.0
OX637757.1 385500000 386000000 91.0
OX637757.1 386000000 386500000 91.0
OX637757.1 386500000 387000000 91.0
OX637757.1 387000000 387500000 91.0
OX637757.1 387500000 388000000 91.0
OX637757.1 388000000 388500000 91.0
OX637757.1 388500000 389000000 91.0
OX637757.1 389000000 389500000 91.0
OX637757.1 389500000 390000000 91.0
OX637757.1 390000000 390500000 91.0
OX637757.1 390500000 391000000 91.0
OX637757.1 391000000 391500000 90.60884
OX637757.1 391500000 392000000 89.64005
OX637757.1 392000000 392500000 89.0
OX637757.1 392500000 393000000 89.0
OX637757.1 393000000 393500000 89.0
OX637757.1 393500000 394000000 89.0
OX637757.1 394000000 394500000 89.0
OX637757.1 394500000 395000000 89.0
OX637757.1 395000000 395500000 89.0
OX637757.1 395500000 396000000 89.0
OX637757.1 396000000 396500000 89.0
OX637757.1 396500000 397000000 89.0
OX637757.1 397000000 397500000 88.41754
OX637757.1 397500000 398000000 88.0
OX637757.1 398000000 398500000 88.0
OX637757.1 398500000 399000000 88.0
OX637757.1 399000000 399500000 88.0
OX637757.1 399500000 400000000 88.0
OX637757.1 400000000 400500000 88.0
OX637757.1 400500000 401000000 88.0
OX637757.1 401000000 401500000 88.0
OX637757.1 401500000 402000000 88.0
OX637757.1 402000000 402500000 88.0
OX637757.1 402500000 403000000 88.0
OX637757.1 403000000 403500000 88.0
OX637757.1 403500000 404000000 88.0
OX637757.1 404000000 404500000 88.0
OX637757.1 404500000 405000000 88.0
OX637757.1 405000000 405500000 88.0
OX637757.1 405500000 406000000 88.0
OX637757.1 406000000 406500000 88.0
OX637757.1 406500000 407000000 88.0
OX637757.1 407000000 407500000 88.0
OX637757.1 407500000 408000000 88.0
OX637757.1 408000000 408500000 88.0
OX637757.1 408500000 409000000 88.0
OX637757.1 409000000 409500000 88.0
OX637757.1 409500000 410000000 88.0
OX637757.1 410000000 410500000 88.03253
OX637757.1 410500000 411000000 88.0
OX637757.1 411000000 411500000 88.0
OX637757.1 411500000 412000000 88.0
OX637757.1 412000000 412500000 88.0
OX637757.1 412500000 413000000 88.31853
OX637757.1 413000000 413500000 89.0
OX637757.1 413500000 414000000 89.0
OX637757.1 414000000 414500000 89.0
OX637757.1 414500000 415000000 89.0
OX637757.1 415000000 415500000 89.0
OX637757.1 415500000 416000000 89.0
OX637757.1 416000000 416500000 89.0
OX637757.1 416500000 417000000 89.0
OX637757.1 417000000 417500000 89.0
OX637757.1 417500000 418000000 88.43157
OX637757.1 418000000 418500000 88.0
OX637757.1 418500000 419000000 88.0
OX637757.1 419000000 419500000 88.0
OX637757.1 419500000 420000000 88.0
OX637757.1 420000000 420500000 87.7447
OX637757.1 420500000 421000000 86.0
OX637757.1 421000000 421500000 85.24507
OX637757.1 421500000 422000000 85.0
OX637757.1 422000000 422500000 85.0
OX637757.1 422500000 423000000 85.0
OX637757.1 423000000 423500000 84.95082
OX637757.1 423500000 424000000 84.0
OX637757.1 424000000 424500000 84.0
OX637757.1 424500000 425000000 84.0
OX637757.1 425000000 425500000 84.0
OX637757.1 425500000 426000000 84.0
OX637757.1 426000000 426500000 84.0
OX637757.1 426500000 427000000 84.0
OX637757.1 427000000 427500000 84.0
OX637757.1 427500000 428000000 84.0
OX637757.1 428000000 428500000 84.0
OX637757.1 428500000 429000000 84.0
OX637757.1 429000000 429500000 84.0
OX637757.1 429500000 430000000 84.0
OX637757.1 430000000 430500000 84.0
OX637757.1 430500000 431000000 84.0
OX637757.1 431000000 431500000 84.0
OX637757.1 431500000 432000000 84.0
OX637757.1 432000000 432500000 84.0
OX637757.1 432500000 433000000 84.0
OX637757.1 433000000 433500000 84.0
OX637757.1 433500000 434000000 83.88912
OX637757.1 434000000 434500000 82.85803
OX637757.1 434500000 435000000 82.0
OX637757.1 435000000 435500000 82.0
OX637757.1 435500000 436000000 82.0
OX637757.1 436000000 436500000 82.0
OX637757.1 436500000 437000000 81.16826
OX637757.1 437000000 437500000 81.0
OX637757.1 437500000 438000000 80.04527
OX637757.1 438000000 438500000 80.0
OX637757.1 438500000 439000000 80.0
OX637757.1 439000000 439500000 80.0
OX637757.1 439500000 440000000 80.0
OX637757.1 440000000 440500000 80.0
OX637757.1 440500000 441000000 80.0
OX637757.1 441000000 441500000 80.0
OX637757.1 441500000 442000000 80.0
OX637757.1 442000000 442500000 80.0
OX637757.1 442500000 443000000 80.0
OX637757.1 443000000 443500000 80.0
OX637757.1 443500000 444000000 80.0
OX637757.1 444000000 444500000 80.0
OX637757.1 444500000 445000000 80.0
OX637757.1 445000000 445500000 80.0
OX637757.1 445500000 446000000 80.0
OX637757.1 446000000 446500000 80.0
OX637757.1 446500000 447000000 80.0
OX637757.1 447000000 447500000 80.0
OX637757.1 447500000 448000000 80.0
OX637757.1 448000000 448500000 79.56977
OX637757.1 448500000 449000000 78.0
OX637757.1 449000000 449500000 78.0
OX637757.1 449500000 450000000 78.0
OX637757.1 450000000 450500000 78.0
OX637757.1 450500000 451000000 78.0
OX637757.1 451000000 451500000 77.10764
OX637757.1 451500000 452000000 77.0
OX637757.1 452000000 452500000 77.0
OX637757.1 452500000 453000000 77.0
OX637757.1 453000000 453500000 77.0
OX637757.1 453500000 454000000 76.35755
OX637757.1 454000000 454500000 75.0
OX637757.1 454500000 455000000 74.6642
OX637757.1 455000000 455500000 70.8335
OX637757.1 455500000 456000000 70.0
OX637757.1 456000000 456500000 70.0
OX637757.1 456500000 457000000 70.0
OX637757.1 457000000 457500000 70.0
OX637757.1 457500000 458000000 70.0
OX637757.1 458000000 458500000 70.0
OX637757.1 458500000 459000000 70.0
OX637757.1 459000000 459500000 70.0
OX637757.1 459500000 460000000 70.0
OX637757.1 460000000 460500000 70.0
OX637757.1 460500000 461000000 70.0
OX637757.1 461000000 461500000 70.0
OX637757.1 461500000 462000000 70.0
OX637757.1 462000000 462500000 70.0
OX637757.1 462500000 463000000 70.0
OX637757.1 463000000 463500000 70.0
OX637757.1 463500000 464000000 69.72191
OX637757.1 464000000 464500000 68.00017
OX637757.1 464500000 465000000 68.0
OX637757.1 465000000 465500000 68.0
OX637757.1 465500000 466000000 68.0
OX637757.1 466000000 466500000 68.0
OX637757.1 466500000 467000000 68.0
OX637757.1 467000000 467500000 68.0
OX637757.1 467500000 468000000 68.0
OX637757.1 468000000 468500000 68.0
OX637757.1 468500000 469000000 68.0
OX637757.1 469000000 469500000 68.0
OX637757.1 469500000 470000000 68.00098
OX637757.1 470000000 470500000 68.0
OX637757.1 470500000 471000000 67.04413
OX637757.1 471000000 471500000 67.0
OX637757.1 471500000 472000000 67.0
OX637757.1 472000000 472500000 65.93851
OX637757.1 472500000 473000000 64.0
OX637757.1 473000000 473500000 64.0
OX637757.1 473500000 474000000 64.0
OX637757.1 474000000 474500000 64.0
OX637757.1 474500000 475000000 63.24231
OX637757.1 475000000 475500000 63.0
OX637757.1 475500000 476000000 63.0
OX637757.1 476000000 476500000 63.0
OX637757.1 476500000 477000000 63.0
OX637757.1 477000000 477500000 63.0
OX637757.1 477500000 478000000 63.0
OX637757.1 478000000 478500000 61.66181
OX637757.1 478500000 479000000 61.0
OX637757.1 479000000 479500000 61.0
OX637757.1 479500000 480000000 61.0
OX637757.1 480000000 480500000 58.46344
OX637757.1 480500000 481000000 58.0
OX637757.1 481000000 481500000 56.88686
OX637757.1 481500000 482000000 55.5373
OX637757.1 482000000 482500000 52.5738
OX637757.1 482500000 483000000 51.35871
OX637757.1 483000000 483500000 50.07122
OX637757.1 483500000 484000000 49.0
OX637757.1 484000000 484500000 48.66619
OX637757.1 484500000 485000000 47.63624
OX637757.1 485000000 485500000 48.35539
OX637757.1 485500000 486000000 47.0
OX637757.1 486000000 486500000 46.31276
OX637757.1 486500000 487000000 44.08064
OX637757.1 487000000 487500000 43.33189
OX637757.1 487500000 488000000 40.53295
OX637757.1 488000000 488500000 39.75393
OX637757.1 488500000 489000000 37.24311
OX637757.1 489000000 489500000 34.3073
OX637757.1 489500000 490000000 31.92106
OX637757.1 490000000 490500000 30.12862
OX637757.1 490500000 491000000 28.03083
OX637757.1 491000000 491500000 27.27351
OX637757.1 491500000 492000000 23.87407
OX637757.1 492000000 492500000 22.54675
OX637757.1 492500000 493000000 15.70234
OX637757.1 493000000 493500000 11.2459
OX637757.1 493500000 494000000 10.24513
OX637757.1 494000000 494500000 7.66585
OX637757.1 494500000 495000000 7.0
OX637757.1 495000000 495234531 3.55627
OX637744.1 0 500000 0.0
OX637744.1 500000 1000000 3.31502
OX637744.1 1000000 1500000 6.0
OX637744.1 1500000 2000000 6.43441
OX637744.1 2000000 2500000 9.0
OX637744.1 2500000 3000000 9.0
OX637744.1 3000000 3500000 10.87953
OX637744.1 3500000 4000000 14.99267
OX637744.1 4000000 4500000 15.8263
OX637744.1 4500000 5000000 20.14846
OX637744.1 5000000 5500000 21.0
OX637744.1 5500000 6000000 21.7015
OX637744.1 6000000 6500000 26.89705
OX637744.1 6500000 7000000 29.11096
OX637744.1 7000000 7500000 32.77454
OX637744.1 7500000 8000000 35.90736
OX637744.1 8000000 8500000 37.09972
OX637744.1 8500000 9000000 39.0
OX637744.1 9000000 9500000 39.51564
OX637744.1 9500000 10000000 42.0
OX637744.1 10000000 10500000 42.0
OX637744.1 10500000 11000000 42.0
OX637744.1 11000000 11500000 44.85254
OX637744.1 11500000 12000000 48.3949
OX637744.1 12000000 12500000 50.5568
OX637744.1 12500000 13000000 53.96287
OX637744.1 13000000 13500000 55.5917
OX637744.1 13500000 14000000 61.75615
OX637744.1 14000000 14500000 64.10094
OX637744.1 14500000 15000000 65.08997
OX637744.1 15000000 15500000 66.18871
OX637744.1 15500000 16000000 67.51409
OX637744.1 16000000 16500000 68.0
OX637744.1 16500000 17000000 68.0
OX637744.1 17000000 17500000 68.59737
OX637744.1 17500000 18000000 70.75603
OX637744.1 18000000 18500000 71.0
OX637744.1 18500000 19000000 71.32224
OX637744.1 19000000 19500000 72.0
OX637744.1 19500000 20000000 72.93135
OX637744.1 20000000 20500000 73.43719
OX637744.1 20500000 21000000 75.73654
OX637744.1 21000000 21500000 77.0
OX637744.1 21500000 22000000 77.74196
OX637744.1 22000000 22500000 78.59582
OX637744.1 22500000 23000000 81.0
OX637744.1 23000000 23500000 81.0
OX637744.1 23500000 24000000 81.0
OX637744.1 24000000 24500000 81.0
OX637744.1 24500000 25000000 81.0
OX637744.1 25000000 25500000 81.0
OX637744.1 25500000 26000000 81.49168
OX637744.1 26000000 26500000 82.0
OX637744.1 26500000 27000000 84.1228
OX637744.1 27000000 27500000 86.0
OX637744.1 27500000 28000000 86.0
OX637744.1 28000000 28500000 86.0
OX637744.1 28500000 29000000 86.0
OX637744.1 29000000 29500000 86.06271
OX637744.1 29500000 30000000 86.0
OX637744.1 30000000 30500000 86.0
OX637744.1 30500000 31000000 86.0
OX637744.1 31000000 31500000 86.0
OX637744.1 31500000 32000000 86.0
OX637744.1 32000000 32500000 86.0
OX637744.1 32500000 33000000 86.30987
OX637744.1 33000000 33500000 87.0
OX637744.1 33500000 34000000 87.0
OX637744.1 34000000 34500000 87.0
OX637744.1 34500000 35000000 87.01513
OX637744.1 35000000 35500000 88.0
OX637744.1 35500000 36000000 88.0
OX637744.1 36000000 36500000 88.0
OX637744.1 36500000 37000000 88.0
OX637744.1 37000000 37500000 88.0
OX637744.1 37500000 38000000 88.0
OX637744.1 38000000 38500000 88.0
OX637744.1 38500000 39000000 88.0
OX637744.1 39000000 39500000 88.68704
OX637744.1 39500000 40000000 89.0
OX637744.1 40000000 40500000 89.98384
OX637744.1 40500000 41000000 90.0
OX637744.1 41000000 41500000 91.6557
OX637744.1 41500000 42000000 92.0
OX637744.1 42000000 42500000 92.72646
OX637744.1 42500000 43000000 93.0
OX637744.1 43000000 43500000 93.97266
OX637744.1 43500000 44000000 94.72871
OX637744.1 44000000 44500000 95.0
OX637744.1 44500000 45000000 95.0
OX637744.1 45000000 45500000 95.0
OX637744.1 45500000 46000000 95.0
OX637744.1 46000000 46500000 95.34616
OX637744.1 46500000 47000000 96.0
OX637744.1 47000000 47500000 96.36857
OX637744.1 47500000 48000000 97.0
OX637744.1 48000000 48500000 97.0
OX637744.1 48500000 49000000 97.0
OX637744.1 49000000 49500000 97.0
OX637744.1 49500000 50000000 97.0
OX637744.1 50000000 50500000 97.0
OX637744.1 50500000 51000000 97.0
OX637744.1 51000000 51500000 97.30858
OX637744.1 51500000 52000000 98.0
OX637744.1 52000000 52500000 98.0
OX637744.1 52500000 53000000 98.0
OX637744.1 53000000 53500000 98.03362
OX637744.1 53500000 54000000 99.0
OX637744.1 54000000 54500000 99.0
OX637744.1 54500000 55000000 99.0
OX637744.1 55000000 55500000 99.0
OX637744.1 55500000 56000000 99.43882
OX637744.1 56000000 56500000 100.0
OX637744.1 56500000 57000000 100.0
OX637744.1 57000000 57500000 100.0
OX637744.1 57500000 58000000 100.0
OX637744.1 58000000 58500000 100.0
OX637744.1 58500000 59000000 100.0
OX637744.1 59000000 59500000 100.0
OX637744.1 59500000 60000000 100.0
OX637744.1 60000000 60500000 100.0
OX637744.1 60500000 61000000 100.0
OX637744.1 61000000 61500000 100.0
OX637744.1 61500000 62000000 100.0
OX637744.1 62000000 62500000 100.0
OX637744.1 62500000 63000000 100.0
OX637744.1 63000000 63500000 100.0
OX637744.1 63500000 64000000 100.0
OX637744.1 64000000 64500000 100.0
OX637744.1 64500000 65000000 100.0
OX637744.1 65000000 65500000 100.0
OX637744.1 65500000 66000000 100.0
OX637744.1 66000000 66500000 100.0
OX637744.1 66500000 67000000 100.0
OX637744.1 67000000 67500000 100.0
OX637744.1 67500000 68000000 100.0
OX637744.1 68000000 68500000 100.0
OX637744.1 68500000 69000000 100.0
OX637744.1 69000000 69500000 100.0
OX637744.1 69500000 70000000 100.0
OX637744.1 70000000 70500000 100.0
OX637744.1 70500000 71000000 100.0
OX637744.1 71000000 71500000 100.0
OX637744.1 71500000 72000000 100.0
OX637744.1 72000000 72500000 100.0
OX637744.1 72500000 73000000 100.0
OX637744.1 73000000 73500000 100.0
OX637744.1 73500000 74000000 100.0
OX637744.1 74000000 74500000 100.0
OX637744.1 74500000 75000000 100.0
OX637744.1 75000000 75500000 100.0
OX637744.1 75500000 76000000 100.0
OX637744.1 76000000 76500000 100.32522
OX637744.1 76500000 77000000 101.0
OX637744.1 77000000 77500000 101.0
OX637744.1 77500000 78000000 101.0
OX637744.1 78000000 78500000 101.0
OX637744.1 78500000 79000000 101.1542
OX637744.1 79000000 79500000 102.0
OX637744.1 79500000 80000000 102.73858
OX637744.1 80000000 80500000 103.0
OX637744.1 80500000 81000000 103.0
OX637744.1 81000000 81500000 103.0
OX637744.1 81500000 82000000 103.0
OX637744.1 82000000 82500000 103.0
OX637744.1 82500000 83000000 103.73617
OX637744.1 83000000 83500000 104.0
OX637744.1 83500000 84000000 104.0
OX637744.1 84000000 84500000 104.0
OX637744.1 84500000 85000000 104.0
OX637744.1 85000000 85500000 104.0
OX637744.1 85500000 86000000 104.0
OX637744.1 86000000 86500000 104.0
OX637744.1 86500000 87000000 104.0
OX637744.1 87000000 87500000 104.0
OX637744.1 87500000 88000000 104.0
OX637744.1 88000000 88500000 104.0
OX637744.1 88500000 89000000 104.0
OX637744.1 89000000 89500000 104.0
OX637744.1 89500000 90000000 104.0
OX637744.1 90000000 90500000 104.0
OX637744.1 90500000 91000000 104.0
OX637744.1 91000000 91500000 104.0
OX637744.1 91500000 92000000 104.72342
OX637744.1 92000000 92500000 105.0
OX637744.1 92500000 93000000 105.0
OX637744.1 93000000 93500000 105.0
OX637744.1 93500000 94000000 105.0
OX637744.1 94000000 94500000 105.0
OX637744.1 94500000 95000000 105.0
OX637744.1 95000000 95500000 105.0
OX637744.1 95500000 96000000 105.0
OX637744.1 96000000 96500000 105.0
OX637744.1 96500000 97000000 105.0
OX637744.1 97000000 97500000 105.0
OX637744.1 97500000 98000000 105.0
OX637744.1 98000000 98500000 105.0
OX637744.1 98500000 99000000 105.0
OX637744.1 99000000 99500000 105.0
OX637744.1 99500000 100000000 105.0
OX637744.1 100000000 100500000 105.0
OX637744.1 100500000 101000000 105.0
OX637744.1 101000000 101500000 105.0
OX637744.1 101500000 102000000 105.0
OX637744.1 102000000 102500000 105.0
OX637744.1 102500000 103000000 105.0
OX637744.1 103000000 103500000 105.0
OX637744.1 103500000 104000000 105.0
OX637744.1 104000000 104500000 105.0
OX637744.1 104500000 105000000 105.0
OX637744.1 105000000 105500000 105.0
OX637744.1 105500000 106000000 105.0
OX637744.1 106000000 106500000 105.0
OX637744.1 106500000 107000000 105.0
OX637744.1 107000000 107500000 105.0
OX637744.1 107500000 108000000 105.0
OX637744.1 108000000 108500000 105.0
OX637744.1 108500000 109000000 105.0
OX637744.1 109000000 109500000 105.0
OX637744.1 109500000 110000000 105.0
OX637744.1 110000000 110500000 105.0
OX637744.1 110500000 111000000 105.0
OX637744.1 111000000 111500000 105.0
OX637744.1 111500000 112000000 105.0
OX637744.1 112000000 112500000 105.0
OX637744.1 112500000 113000000 105.0
OX637744.1 113000000 113500000 105.0
OX637744.1 113500000 114000000 105.0
OX637744.1 114000000 114500000 105.0
OX637744.1 114500000 115000000 105.0
OX637744.1 115000000 115500000 105.0
OX637744.1 115500000 116000000 105.0
OX637744.1 116000000 116500000 105.0
OX637744.1 116500000 117000000 105.0
OX637744.1 117000000 117500000 105.0
OX637744.1 117500000 118000000 105.0
OX637744.1 118000000 118500000 105.0
OX637744.1 118500000 119000000 105.0
OX637744.1 119000000 119500000 105.0
OX637744.1 119500000 120000000 105.0
OX637744.1 120000000 120500000 105.0
OX637744.1 120500000 121000000 105.0
OX637744.1 121000000 121500000 105.0
OX637744.1 121500000 122000000 105.0
OX637744.1 122000000 122500000 105.0
OX637744.1 122500000 123000000 105.0
OX637744.1 123000000 123500000 105.0
OX637744.1 123500000 124000000 105.0
OX637744.1 124000000 124500000 105.0
OX637744.1 124500000 125000000 105.0
OX637744.1 125000000 125500000 105.0
OX637744.1 125500000 126000000 105.0
OX637744.1 126000000 126500000 105.0
OX637744.1 126500000 127000000 105.0
OX637744.1 127000000 127500000 105.0
OX637744.1 127500000 128000000 105.0
OX637744.1 128000000 128500000 105.0
OX637744.1 128500000 129000000 105.0
OX637744.1 129000000 129500000 105.0
OX637744.1 129500000 130000000 105.0
OX637744.1 130000000 130500000 105.0
OX637744.1 130500000 131000000 105.0
OX637744.1 131000000 131500000 105.0
OX637744.1 131500000 132000000 105.0
OX637744.1 132000000 132500000 105.0
OX637744.1 132500000 133000000 105.0
OX637744.1 133000000 133500000 105.0
OX637744.1 133500000 134000000 105.0
OX637744.1 134000000 134500000 105.0
OX637744.1 134500000 135000000 105.0
OX637744.1 135000000 135500000 105.0
OX637744.1 135500000 136000000 105.0
OX637744.1 136000000 136500000 105.0
OX637744.1 136500000 137000000 105.0
OX637744.1 137000000 137500000 105.0
OX637744.1 137500000 138000000 105.0
OX637744.1 138000000 138500000 105.0
OX637744.1 138500000 139000000 105.0
OX637744.1 139000000 139500000 105.0
OX637744.1 139500000 140000000 105.0
OX637744.1 140000000 140500000 105.0
OX637744.1 140500000 141000000 105.0
OX637744.1 141000000 141500000 105.0
OX637744.1 141500000 142000000 105.0
OX637744.1 142000000 142500000 105.0
OX637744.1 142500000 143000000 105.0
OX637744.1 143000000 143500000 105.0
OX637744.1 143500000 144000000 105.0
OX637744.1 144000000 144500000 105.0
OX637744.1 144500000 145000000 105.0
OX637744.1 145000000 145500000 105.0
OX637744.1 145500000 146000000 105.0
OX637744.1 146000000 146500000 105.0
OX637744.1 146500000 147000000 105.0
OX637744.1 147000000 147500000 105.0
OX637744.1 147500000 148000000 105.0
OX637744.1 148000000 148500000 105.0
OX637744.1 148500000 149000000 105.0
OX637744.1 149000000 149500000 105.0
OX637744.1 149500000 150000000 105.0
OX637744.1 150000000 150500000 105.0
OX637744.1 150500000 151000000 105.0
OX637744.1 151000000 151500000 105.0
OX637744.1 151500000 152000000 105.0
OX637744.1 152000000 152500000 105.0
OX637744.1 152500000 153000000 105.0
OX637744.1 153000000 153500000 105.0
OX637744.1 153500000 154000000 105.0
OX637744.1 154000000 154500000 105.0
OX637744.1 154500000 155000000 105.0
OX637744.1 155000000 155500000 105.0
OX637744.1 155500000 156000000 105.0
OX637744.1 156000000 156500000 105.0
OX637744.1 156500000 157000000 105.0
OX637744.1 157000000 157500000 105.0
OX637744.1 157500000 158000000 105.0
OX637744.1 158000000 158500000 105.0
OX637744.1 158500000 159000000 105.0
OX637744.1 159000000 159500000 105.0
OX637744.1 159500000 160000000 105.0
OX637744.1 160000000 160500000 105.0
OX637744.1 160500000 161000000 105.0
OX637744.1 161000000 161500000 105.0
OX637744.1 161500000 162000000 105.0
OX637744.1 162000000 162500000 105.0
OX637744.1 162500000 163000000 105.0
OX637744.1 163000000 163500000 105.0
OX637744.1 163500000 164000000 105.0
OX637744.1 164000000 164500000 105.0
OX637744.1 164500000 165000000 105.0
OX637744.1 165000000 165500000 105.0
OX637744.1 165500000 166000000 105.0
OX637744.1 166000000 166500000 105.0
OX637744.1 166500000 167000000 105.0
OX637744.1 167000000 167500000 105.0
OX637744.1 167500000 168000000 105.0
OX637744.1 168000000 168500000 105.0
OX637744.1 168500000 169000000 105.0
OX637744.1 169000000 169500000 105.0
OX637744.1 169500000 170000000 105.0
OX637744.1 170000000 170500000 105.0
OX637744.1 170500000 171000000 105.0
OX637744.1 171000000 171500000 105.0
OX637744.1 171500000 172000000 105.0
OX637744.1 172000000 172500000 105.0
OX637744.1 172500000 173000000 105.0
OX637744.1 173000000 173500000 105.0
OX637744.1 173500000 174000000 105.0
OX637744.1 174000000 174500000 105.0
OX637744.1 174500000 175000000 105.0
OX637744.1 175000000 175500000 105.0
OX637744.1 175500000 176000000 105.0
OX637744.1 176000000 176500000 105.0
OX637744.1 176500000 177000000 105.0
OX637744.1 177000000 177500000 105.0
OX637744.1 177500000 178000000 105.0
OX637744.1 178000000 178500000 105.0
OX637744.1 178500000 179000000 105.0
OX637744.1 179000000 179500000 105.0
OX637744.1 179500000 180000000 105.0
OX637744.1 180000000 180500000 105.0
OX637744.1 180500000 181000000 105.0
OX637744.1 181000000 181500000 105.0
OX637744.1 181500000 182000000 105.0
OX637744.1 182000000 182500000 105.0
OX637744.1 182500000 183000000 105.0
OX637744.1 183000000 183500000 105.0
OX637744.1 183500000 184000000 105.0
OX637744.1 184000000 184500000 105.0
OX637744.1 184500000 185000000 105.0
OX637744.1 185000000 185500000 105.0
OX637744.1 185500000 186000000 105.0
OX637744.1 186000000 186500000 105.0
OX637744.1 186500000 187000000 105.0
OX637744.1 187000000 187500000 105.0
OX637744.1 187500000 188000000 105.0
OX637744.1 188000000 188500000 105.0
OX637744.1 188500000 189000000 105.0
OX637744.1 189000000 189500000 105.0
OX637744.1 189500000 190000000 105.0
OX637744.1 190000000 190500000 105.0
OX637744.1 190500000 191000000 105.0
OX637744.1 191000000 191500000 105.0
OX637744.1 191500000 192000000 105.0
OX637744.1 192000000 192500000 105.0
OX637744.1 192500000 193000000 105.0
OX637744.1 193000000 193500000 105.0
OX637744.1 193500000 194000000 105.0
OX637744.1 194000000 194500000 105.0
OX637744.1 194500000 195000000 105.0
OX637744.1 195000000 195500000 105.0
OX637744.1 195500000 196000000 105.0
OX637744.1 196000000 196500000 105.0
OX637744.1 196500000 197000000 105.0
OX637744.1 197000000 197500000 105.0
OX637744.1 197500000 198000000 105.0
OX637744.1 198000000 198500000 105.0
OX637744.1 198500000 199000000 105.0
OX637744.1 199000000 199500000 105.0
OX637744.1 199500000 200000000 105.0
OX637744.1 200000000 200500000 105.0
OX637744.1 200500000 201000000 105.0
OX637744.1 201000000 201500000 105.0
OX637744.1 201500000 202000000 105.0
OX637744.1 202000000 202500000 105.0
OX637744.1 202500000 203000000 105.0
OX637744.1 203000000 203500000 105.0
OX637744.1 203500000 204000000 105.0
OX637744.1 204000000 204500000 105.0
OX637744.1 204500000 205000000 105.0
OX637744.1 205000000 205500000 105.0
OX637744.1 205500000 206000000 105.0
OX637744.1 206000000 206500000 105.0
OX637744.1 206500000 207000000 105.0
OX637744.1 207000000 207500000 105.0
OX637744.1 207500000 208000000 105.0
OX637744.1 208000000 208500000 105.0
OX637744.1 208500000 209000000 105.0
OX637744.1 209000000 209500000 104.75586
OX637744.1 209500000 210000000 104.0
OX637744.1 210000000 210500000 104.0
OX637744.1 210500000 211000000 104.0
OX637744.1 211000000 211500000 104.0
OX637744.1 211500000 212000000 104.0
OX637744.1 212000000 212500000 104.0
OX637744.1 212500000 213000000 104.0
OX637744.1 213000000 213500000 104.0
OX637744.1 213500000 214000000 104.0
OX637744.1 214000000 214500000 104.0
OX637744.1 214500000 215000000 104.0
OX637744.1 215000000 215500000 104.0
OX637744.1 215500000 216000000 104.0
OX637744.1 216000000 216500000 104.0
OX637744.1 216500000 217000000 104.0
OX637744.1 217000000 217500000 104.0
OX637744.1 217500000 218000000 104.0
OX637744.1 218000000 218500000 104.0
OX637744.1 218500000 219000000 104.0
OX637744.1 219000000 219500000 104.0
OX637744.1 219500000 220000000 104.0
OX637744.1 220000000 220500000 104.0
OX637744.1 220500000 221000000 104.0
OX637744.1 221000000 221500000 104.0
OX637744.1 221500000 222000000 104.0
OX637744.1 222000000 222500000 104.0
OX637744.1 222500000 223000000 104.0
OX637744.1 223000000 223500000 104.0
OX637744.1 223500000 224000000 104.0
OX637744.1 224000000 224500000 104.0
OX637744.1 224500000 225000000 104.0
OX637744.1 225000000 225500000 104.0
OX637744.1 225500000 226000000 104.0
OX637744.1 226000000 226500000 104.0
OX637744.1 226500000 227000000 104.0
OX637744.1 227000000 227500000 104.0
OX637744.1 227500000 228000000 104.0
OX637744.1 228000000 228500000 104.0
OX637744.1 228500000 229000000 104.0
OX637744.1 229000000 229500000 104.0
OX637744.1 229500000 230000000 104.0
OX637744.1 230000000 230500000 104.0
OX637744.1 230500000 231000000 104.0
OX637744.1 231000000 231500000 104.0
OX637744.1 231500000 232000000 104.0
OX637744.1 232000000 232500000 104.0
OX637744.1 232500000 233000000 104.0
OX637744.1 233000000 233500000 104.0
OX637744.1 233500000 234000000 104.0
OX637744.1 234000000 234500000 104.0
OX637744.1 234500000 235000000 104.0
OX637744.1 235000000 235500000 104.0
OX637744.1 235500000 236000000 104.0
OX637744.1 236000000 236500000 104.0
OX637744.1 236500000 237000000 104.0
OX637744.1 237000000 237500000 104.0
OX637744.1 237500000 238000000 104.0
OX637744.1 238000000 238500000 104.0
OX637744.1 238500000 239000000 104.0
OX637744.1 239000000 239500000 104.0
OX637744.1 239500000 240000000 104.0
OX637744.1 240000000 240500000 104.0
OX637744.1 240500000 241000000 104.0
OX637744.1 241000000 241500000 104.0
OX637744.1 241500000 242000000 104.0
OX637744.1 242000000 242500000 104.0
OX637744.1 242500000 243000000 104.0
OX637744.1 243000000 243500000 104.0
OX637744.1 243500000 244000000 104.0
OX637744.1 244000000 244500000 104.0
OX637744.1 244500000 245000000 104.0
OX637744.1 245000000 245500000 104.0
OX637744.1 245500000 246000000 104.0
OX637744.1 246000000 246500000 104.0
OX637744.1 246500000 247000000 104.0
OX637744.1 247000000 247500000 104.0
OX637744.1 247500000 248000000 104.0
OX637744.1 248000000 248500000 104.0
OX637744.1 248500000 249000000 104.58475
OX637744.1 249000000 249500000 105.0
OX637744.1 249500000 250000000 105.0
OX637744.1 250000000 250500000 105.0
OX637744.1 250500000 251000000 105.0
OX637744.1 251000000 251500000 105.0
OX637744.1 251500000 252000000 105.0
OX637744.1 252000000 252500000 105.0
OX637744.1 252500000 253000000 105.0
OX637744.1 253000000 253500000 105.0
OX637744.1 253500000 254000000 105.0
OX637744.1 254000000 254500000 105.0
OX637744.1 254500000 255000000 105.0
OX637744.1 255000000 255500000 105.0
OX637744.1 255500000 256000000 105.0
OX637744.1 256000000 256500000 105.0
OX637744.1 256500000 257000000 105.0
OX637744.1 257000000 257500000 105.0
OX637744.1 257500000 258000000 105.0
OX637744.1 258000000 258500000 105.0
OX637744.1 258500000 259000000 105.0
OX637744.1 259000000 259500000 105.0
OX637744.1 259500000 260000000 105.0
OX637744.1 260000000 260500000 105.0
OX637744.1 260500000 261000000 105.0
OX637744.1 261000000 261500000 105.0
OX637744.1 261500000 262000000 105.0
OX637744.1 262000000 262500000 105.0
OX637744.1 262500000 263000000 105.0
OX637744.1 263000000 263500000 105.0
OX637744.1 263500000 264000000 105.0
OX637744.1 264000000 264500000 105.0
OX637744.1 264500000 265000000 105.0
OX637744.1 265000000 265500000 105.0
OX637744.1 265500000 266000000 105.0
OX637744.1 266000000 266500000 105.0
OX637744.1 266500000 267000000 105.0
OX637744.1 267000000 267500000 105.0
OX637744.1 267500000 268000000 105.0
OX637744.1 268000000 268500000 105.0
OX637744.1 268500000 269000000 105.0
OX637744.1 269000000 269500000 105.0
OX637744.1 269500000 270000000 105.0
OX637744.1 270000000 270500000 105.0
OX637744.1 270500000 271000000 105.0
OX637744.1 271000000 271500000 105.0
OX637744.1 271500000 272000000 105.0
OX637744.1 272000000 272500000 105.0
OX637744.1 272500000 273000000 105.0
OX637744.1 273000000 273500000 105.0
OX637744.1 273500000 274000000 105.0
OX637744.1 274000000 274500000 105.0
OX637744.1 274500000 275000000 105.0
OX637744.1 275000000 275500000 105.0
OX637744.1 275500000 276000000 104.70122
OX637744.1 276000000 276500000 104.0
OX637744.1 276500000 277000000 104.0
OX637744.1 277000000 277500000 104.0
OX637744.1 277500000 278000000 104.0
OX637744.1 278000000 278500000 104.0
OX637744.1 278500000 279000000 104.0
OX637744.1 279000000 279500000 104.0
OX637744.1 279500000 280000000 104.0
OX637744.1 280000000 280500000 104.0
OX637744.1 280500000 281000000 104.0
OX637744.1 281000000 281500000 104.0
OX637744.1 281500000 282000000 104.0
OX637744.1 282000000 282500000 104.0
OX637744.1 282500000 283000000 104.0
OX637744.1 283000000 283500000 104.0
OX637744.1 283500000 284000000 104.0
OX637744.1 284000000 284500000 104.0
OX637744.1 284500000 285000000 104.0
OX637744.1 285000000 285500000 104.0
OX637744.1 285500000 286000000 104.0
OX637744.1 286000000 286500000 104.0
OX637744.1 286500000 287000000 104.0
OX637744.1 287000000 287500000 104.0
OX637744.1 287500000 288000000 104.0
OX637744.1 288000000 288500000 104.0
OX637744.1 288500000 289000000 104.0
OX637744.1 289000000 289500000 104.0
OX637744.1 289500000 290000000 104.0
OX637744.1 290000000 290500000 104.0
OX637744.1 290500000 291000000 104.0
OX637744.1 291000000 291500000 104.0
OX637744.1 291500000 292000000 104.0
OX637744.1 292000000 292500000 104.0
OX637744.1 292500000 293000000 104.0
OX637744.1 293000000 293500000 104.0
OX637744.1 293500000 294000000 104.0
OX637744.1 294000000 294500000 104.0
OX637744.1 294500000 295000000 104.0
OX637744.1 295000000 295500000 104.0
OX637744.1 295500000 296000000 104.0
OX637744.1 296000000 296500000 104.0
OX637744.1 296500000 297000000 104.0
OX637744.1 297000000 297500000 104.0
OX637744.1 297500000 298000000 104.0
OX637744.1 298000000 298500000 104.0
OX637744.1 298500000 299000000 104.0
OX637744.1 299000000 299500000 104.0
OX637744.1 299500000 300000000 104.0
OX637744.1 300000000 300500000 103.56701
OX637744.1 300500000 301000000 103.0
OX637744.1 301000000 301500000 103.0
OX637744.1 301500000 302000000 103.0
OX637744.1 302000000 302500000 103.0
OX637744.1 302500000 303000000 103.0
OX637744.1 303000000 303500000 103.0
OX637744.1 303500000 304000000 103.0
OX637744.1 304000000 304500000 103.0
OX637744.1 304500000 305000000 103.0
OX637744.1 305000000 305500000 103.0
OX637744.1 305500000 306000000 103.0
OX637744.1 306000000 306500000 103.0
OX637744.1 306500000 307000000 103.0
OX637744.1 307000000 307500000 103.0
OX637744.1 307500000 308000000 103.0
OX637744.1 308000000 308500000 103.0
OX637744.1 308500000 309000000 103.0
OX637744.1 309000000 309500000 103.0
OX637744.1 309500000 310000000 103.0
OX637744.1 310000000 310500000 103.0
OX637744.1 310500000 311000000 103.0
OX637744.1 311000000 311500000 103.0
OX637744.1 311500000 312000000 103.0
OX637744.1 312000000 312500000 103.0
OX637744.1 312500000 313000000 103.0
OX637744.1 313000000 313500000 103.0
OX637744.1 313500000 314000000 103.0
OX637744.1 314000000 314500000 103.0
OX637744.1 314500000 315000000 103.0
OX637744.1 315000000 315500000 103.0
OX637744.1 315500000 316000000 103.0
OX637744.1 316000000 316500000 103.0
OX637744.1 316500000 317000000 103.0
OX637744.1 317000000 317500000 103.0
OX637744.1 317500000 318000000 103.0
OX637744.1 318000000 318500000 103.61237
OX637744.1 318500000 319000000 103.32333
OX637744.1 319000000 319500000 103.14114
OX637744.1 319500000 320000000 103.0
OX637744.1 320000000 320500000 103.0
OX637744.1 320500000 321000000 103.0
OX637744.1 321000000 321500000 102.88231
OX637744.1 321500000 322000000 102.0
OX637744.1 322000000 322500000 102.0
OX637744.1 322500000 323000000 102.0
OX637744.1 323000000 323500000 102.0
OX637744.1 323500000 324000000 102.0
OX637744.1 324000000 324500000 102.0
OX637744.1 324500000 325000000 102.0
OX637744.1 325000000 325500000 102.0
OX637744.1 325500000 326000000 102.0
OX637744.1 326000000 326500000 102.0
OX637744.1 326500000 327000000 102.0
OX637744.1 327000000 327500000 102.15656
OX637744.1 327500000 328000000 102.00741
OX637744.1 328000000 328500000 102.0
OX637744.1 328500000 329000000 102.0
OX637744.1 329000000 329500000 102.83282
OX637744.1 329500000 330000000 103.0
OX637744.1 330000000 330500000 103.0
OX637744.1 330500000 331000000 103.0
OX637744.1 331000000 331500000 103.0
OX637744.1 331500000 332000000 103.0
OX637744.1 332000000 332500000 103.0
OX637744.1 332500000 333000000 103.0
OX637744.1 333000000 333500000 103.0
OX637744.1 333500000 334000000 103.0
OX637744.1 334000000 334500000 103.0
OX637744.1 334500000 335000000 103.0
OX637744.1 335000000 335500000 103.0
OX637744.1 335500000 336000000 103.0
OX637744.1 336000000 336500000 103.0
OX637744.1 336500000 337000000 103.0
OX637744.1 337000000 337500000 103.0
OX637744.1 337500000 338000000 103.0
OX637744.1 338000000 338500000 103.0
OX637744.1 338500000 339000000 103.0
OX637744.1 339000000 339500000 103.0
OX637744.1 339500000 340000000 103.0
OX637744.1 340000000 340500000 103.0
OX637744.1 340500000 341000000 103.0
OX637744.1 341000000 341500000 103.0
OX637744.1 341500000 342000000 102.3054
OX637744.1 342000000 342500000 102.0
OX637744.1 342500000 343000000 102.0
OX637744.1 343000000 343500000 102.0
OX637744.1 343500000 344000000 102.0
OX637744.1 344000000 344500000 102.0
OX637744.1 344500000 345000000 102.0
OX637744.1 345000000 345500000 102.0
OX637744.1 345500000 346000000 102.0
OX637744.1 346000000 346500000 102.0
OX637744.1 346500000 347000000 102.0
OX637744.1 347000000 347500000 102.0
OX637744.1 347500000 348000000 102.0
OX637744.1 348000000 348500000 102.0
OX637744.1 348500000 349000000 102.0
OX637744.1 349000000 349500000 102.0
OX637744.1 349500000 350000000 102.0
OX637744.1 350000000 350500000 102.0
OX637744.1 350500000 351000000 102.0
OX637744.1 351000000 351500000 102.0
OX637744.1 351500000 352000000 102.0
OX637744.1 352000000 352500000 102.0
OX637744.1 352500000 353000000 102.0
OX637744.1 353000000 353500000 102.0
OX637744.1 353500000 354000000 102.0
OX637744.1 354000000 354500000 102.0
OX637744.1 354500000 355000000 102.0
OX637744.1 355000000 355500000 102.0
OX637744.1 355500000 356000000 102.0
OX637744.1 356000000 356500000 102.0
OX637744.1 356500000 357000000 102.0
OX637744.1 357000000 357500000 102.0
OX637744.1 357500000 358000000 102.0
OX637744.1 358000000 358500000 102.0
OX637744.1 358500000 359000000 102.0
OX637744.1 359000000 359500000 102.0
OX637744.1 359500000 360000000 102.0
OX637744.1 360000000 360500000 101.59689
OX637744.1 360500000 361000000 101.0
OX637744.1 361000000 361500000 101.0
OX637744.1 361500000 362000000 101.0
OX637744.1 362000000 362500000 101.0
OX637744.1 362500000 363000000 101.0
OX637744.1 363000000 363500000 101.0
OX637744.1 363500000 364000000 101.0
OX637744.1 364000000 364500000 101.0
OX637744.1 364500000 365000000 101.0
OX637744.1 365000000 365500000 101.0
OX637744.1 365500000 366000000 101.0
OX637744.1 366000000 366500000 101.0
OX637744.1 366500000 367000000 100.92368
OX637744.1 367000000 367500000 100.0
OX637744.1 367500000 368000000 100.0
OX637744.1 368000000 368500000 100.0
OX637744.1 368500000 369000000 100.0
OX637744.1 369000000 369500000 100.0
OX637744.1 369500000 370000000 100.0
OX637744.1 370000000 370500000 100.0
OX637744.1 370500000 371000000 100.0
OX637744.1 371000000 371500000 100.0
OX637744.1 371500000 372000000 100.0
OX637744.1 372000000 372500000 100.0
OX637744.1 372500000 373000000 100.0
OX637744.1 373000000 373500000 100.0
OX637744.1 373500000 374000000 100.0
OX637744.1 374000000 374500000 100.0
OX637744.1 374500000 375000000 100.0
OX637744.1 375000000 375500000 100.0
OX637744.1 375500000 376000000 100.0
OX637744.1 376000000 376500000 100.0
OX637744.1 376500000 377000000 100.0
OX637744.1 377000000 377500000 100.0
OX637744.1 377500000 378000000 100.0
OX637744.1 378000000 378500000 100.0
OX637744.1 378500000 379000000 100.0
OX637744.1 379000000 379500000 100.0
OX637744.1 379500000 380000000 100.0
OX637744.1 380000000 380500000 100.0
OX637744.1 380500000 381000000 100.0
OX637744.1 381000000 381500000 100.0
OX637744.1 381500000 382000000 100.0
OX637744.1 382000000 382500000 100.0
OX637744.1 382500000 383000000 100.0
OX637744.1 383000000 383500000 100.0
OX637744.1 383500000 384000000 100.0
OX637744.1 384000000 384500000 100.0
OX637744.1 384500000 385000000 100.0
OX637744.1 385000000 385500000 100.0
OX637744.1 385500000 386000000 100.0
OX637744.1 386000000 386500000 100.0
OX637744.1 386500000 387000000 99.05474
OX637744.1 387000000 387500000 98.33416
OX637744.1 387500000 388000000 98.0
OX637744.1 388000000 388500000 98.0
OX637744.1 388500000 389000000 98.0
OX637744.1 389000000 389500000 98.0
OX637744.1 389500000 390000000 98.0
OX637744.1 390000000 390500000 98.0
OX637744.1 390500000 391000000 98.0
OX637744.1 391000000 391500000 98.0
OX637744.1 391500000 392000000 98.0
OX637744.1 392000000 392500000 98.0
OX637744.1 392500000 393000000 98.0
OX637744.1 393000000 393500000 98.0
OX637744.1 393500000 394000000 98.0
OX637744.1 394000000 394500000 98.0
OX637744.1 394500000 395000000 98.0
OX637744.1 395000000 395500000 98.0
OX637744.1 395500000 396000000 98.0
OX637744.1 396000000 396500000 98.0
OX637744.1 396500000 397000000 98.0
OX637744.1 397000000 397500000 98.0
OX637744.1 397500000 398000000 98.0
OX637744.1 398000000 398500000 98.0
OX637744.1 398500000 399000000 98.0
OX637744.1 399000000 399500000 98.0
OX637744.1 399500000 400000000 98.0
OX637744.1 400000000 400500000 98.0
OX637744.1 400500000 401000000 98.0
OX637744.1 401000000 401500000 98.0
OX637744.1 401500000 402000000 97.08742
OX637744.1 402000000 402500000 96.0
OX637744.1 402500000 403000000 96.0
OX637744.1 403000000 403500000 96.0
OX637744.1 403500000 404000000 96.0
OX637744.1 404000000 404500000 96.0
OX637744.1 404500000 405000000 96.0
OX637744.1 405000000 405500000 96.0
OX637744.1 405500000 406000000 96.0
OX637744.1 406000000 406500000 96.0
OX637744.1 406500000 407000000 96.0
OX637744.1 407000000 407500000 96.0
OX637744.1 407500000 408000000 96.0
OX637744.1 408000000 408500000 96.0
OX637744.1 408500000 409000000 96.0
OX637744.1 409000000 409500000 96.0
OX637744.1 409500000 410000000 95.80286
OX637744.1 410000000 410500000 95.0
OX637744.1 410500000 411000000 95.0
OX637744.1 411000000 411500000 95.0
OX637744.1 411500000 412000000 95.0
OX637744.1 412000000 412500000 94.08547
OX637744.1 412500000 413000000 94.0
OX637744.1 413000000 413500000 94.0
OX637744.1 413500000 414000000 93.27151
OX637744.1 414000000 414500000 93.0
OX637744.1 414500000 415000000 93.0
OX637744.1 415000000 415500000 92.08163
OX637744.1 415500000 416000000 92.0
OX637744.1 416000000 416500000 91.96769
OX637744.1 416500000 417000000 91.0
OX637744.1 417000000 417500000 91.0
OX637744.1 417500000 418000000 91.0
OX637744.1 418000000 418500000 90.70551
OX637744.1 418500000 419000000 90.0
OX637744.1 419000000 419500000 90.0
OX637744.1 419500000 420000000 90.0
OX637744.1 420000000 420500000 90.0
OX637744.1 420500000 421000000 89.73655
OX637744.1 421000000 421500000 88.11497
OX637744.1 421500000 422000000 87.06786
OX637744.1 422000000 422500000 87.0
OX637744.1 422500000 423000000 87.0
OX637744.1 423000000 423500000 87.0
OX637744.1 423500000 424000000 87.0
OX637744.1 424000000 424500000 87.0
OX637744.1 424500000 425000000 86.18512
OX637744.1 425000000 425500000 86.0
OX637744.1 425500000 426000000 85.50794
OX637744.1 426000000 426500000 84.21607
OX637744.1 426500000 427000000 84.0
OX637744.1 427000000 427500000 84.0
OX637744.1 427500000 428000000 84.0
OX637744.1 428000000 428500000 84.0
OX637744.1 428500000 429000000 84.0
OX637744.1 429000000 429500000 84.0
OX637744.1 429500000 430000000 84.0
OX637744.1 430000000 430500000 84.0
OX637744.1 430500000 431000000 83.47093
OX637744.1 431000000 431500000 83.32742
OX637744.1 431500000 432000000 83.0
OX637744.1 432000000 432500000 82.97764
OX637744.1 432500000 433000000 82.71817
OX637744.1 433000000 433500000 80.5457
OX637744.1 433500000 434000000 79.18113
OX637744.1 434000000 434500000 79.0
OX637744.1 434500000 435000000 79.0
OX637744.1 435000000 435500000 79.0
OX637744.1 435500000 436000000 78.31181
OX637744.1 436000000 436500000 76.87417
OX637744.1 436500000 437000000 75.56336
OX637744.1 437000000 437500000 75.0
OX637744.1 437500000 438000000 75.0
OX637744.1 438000000 438500000 75.0
OX637744.1 438500000 439000000 74.40518
OX637744.1 439000000 439500000 74.0
OX637744.1 439500000 440000000 74.0
OX637744.1 440000000 440500000 74.0
OX637744.1 440500000 441000000 74.0
OX637744.1 441000000 441500000 73.58191
OX637744.1 441500000 442000000 73.0
OX637744.1 442000000 442500000 72.77436
OX637744.1 442500000 443000000 71.99605
OX637744.1 443000000 443500000 68.71442
OX637744.1 443500000 444000000 66.0
OX637744.1 444000000 444500000 64.90752
OX637744.1 444500000 445000000 64.0
OX637744.1 445000000 445500000 63.3685
OX637744.1 445500000 446000000 60.28801
OX637744.1 446000000 446500000 59.18964
OX637744.1 446500000 447000000 59.0
OX637744.1 447000000 447500000 59.0
OX637744.1 447500000 448000000 59.06448
OX637744.1 448000000 448500000 59.06218
OX637744.1 448500000 449000000 58.28241
OX637744.1 449000000 449500000 56.70799
OX637744.1 449500000 450000000 55.0
OX637744.1 450000000 450500000 53.17389
OX637744.1 450500000 451000000 51.31723
OX637744.1 451000000 451500000 49.34145
OX637744.1 451500000 452000000 48.6213
OX637744.1 452000000 452500000 46.08394
OX637744.1 452500000 453000000 44.72249
OX637744.1 453000000 453500000 43.11065
OX637744.1 453500000 454000000 41.73207
OX637744.1 454000000 454500000 41.0
OX637744.1 454500000 455000000 38.85589
OX637744.1 455000000 455500000 36.64177
OX637744.1 455500000 456000000 33.06511
OX637744.1 456000000 456500000 24.44378
OX637744.1 456500000 457000000 17.06322
OX637744.1 457000000 457500000 15.0
OX637744.1 457500000 458000000 12.15512
OX637744.1 458000000 458500000 6.99029
OX637744.1 458500000 459000000 3.17375
OX637744.1 459000000 459500000 0.95458
OX637744.1 459500000 459661686 0.0
OX637751.1 0 500000 10.5614
OX637751.1 500000 1000000 27.27456
OX637751.1 1000000 1500000 32.53258
OX637751.1 1500000 2000000 43.9185
OX637751.1 2000000 2500000 47.40596
OX637751.1 2500000 3000000 53.19581
OX637751.1 3000000 3500000 59.50005
OX637751.1 3500000 4000000 66.25519
OX637751.1 4000000 4500000 72.51684
OX637751.1 4500000 5000000 77.07467
OX637751.1 5000000 5500000 79.34602
OX637751.1 5500000 6000000 81.2102
OX637751.1 6000000 6500000 83.5429
OX637751.1 6500000 7000000 87.5196
OX637751.1 7000000 7500000 89.7175
OX637751.1 7500000 8000000 95.82063
OX637751.1 8000000 8500000 100.13066
OX637751.1 8500000 9000000 101.93338
OX637751.1 9000000 9500000 104.25586
OX637751.1 9500000 10000000 105.31537
OX637751.1 10000000 10500000 107.22798
OX637751.1 10500000 11000000 110.43568
OX637751.1 11000000 11500000 114.90234
OX637751.1 11500000 12000000 117.19216
OX637751.1 12000000 12500000 118.87446
OX637751.1 12500000 13000000 119.0
OX637751.1 13000000 13500000 120.56594
OX637751.1 13500000 14000000 122.5066
OX637751.1 14000000 14500000 123.0
OX637751.1 14500000 15000000 124.29085
OX637751.1 15000000 15500000 127.35313
OX637751.1 15500000 16000000 128.0
OX637751.1 16000000 16500000 129.59842
OX637751.1 16500000 17000000 131.79792
OX637751.1 17000000 17500000 132.0
OX637751.1 17500000 18000000 132.0
OX637751.1 18000000 18500000 132.0
OX637751.1 18500000 19000000 132.0
OX637751.1 19000000 19500000 132.43969
OX637751.1 19500000 20000000 133.94498
OX637751.1 20000000 20500000 135.39203
OX637751.1 20500000 21000000 136.0
OX637751.1 21000000 21500000 136.96991
OX637751.1 21500000 22000000 137.0
OX637751.1 22000000 22500000 137.0
OX637751.1 22500000 23000000 137.0
OX637751.1 23000000 23500000 137.58428
OX637751.1 23500000 24000000 137.26671
OX637751.1 24000000 24500000 138.29143
OX637751.1 24500000 25000000 139.38157
OX637751.1 25000000 25500000 140.84874
OX637751.1 25500000 26000000 141.0
OX637751.1 26000000 26500000 141.15918
OX637751.1 26500000 27000000 142.99917
OX637751.1 27000000 27500000 143.0
OX637751.1 27500000 28000000 143.0
OX637751.1 28000000 28500000 143.0
OX637751.1 28500000 29000000 143.0
OX637751.1 29000000 29500000 143.98262
OX637751.1 29500000 30000000 144.83815
OX637751.1 30000000 30500000 145.0
OX637751.1 30500000 31000000 145.0
OX637751.1 31000000 31500000 145.04064
OX637751.1 31500000 32000000 146.0
OX637751.1 32000000 32500000 147.403
OX637751.1 32500000 33000000 148.56853
OX637751.1 33000000 33500000 149.0
OX637751.1 33500000 34000000 149.0
OX637751.1 34000000 34500000 149.0
OX637751.1 34500000 35000000 150.7881
OX637751.1 35000000 35500000 151.3859
OX637751.1 35500000 36000000 152.41627
OX637751.1 36000000 36500000 153.0
OX637751.1 36500000 37000000 153.85583
OX637751.1 37000000 37500000 154.0
OX637751.1 37500000 38000000 154.0
OX637751.1 38000000 38500000 154.19119
OX637751.1 38500000 39000000 155.0
OX637751.1 39000000 39500000 155.0
OX637751.1 39500000 40000000 155.19656
OX637751.1 40000000 40500000 156.0
OX637751.1 40500000 41000000 156.0
OX637751.1 41000000 41500000 156.0
OX637751.1 41500000 42000000 156.0
OX637751.1 42000000 42500000 156.0
OX637751.1 42500000 43000000 156.0
OX637751.1 43000000 43500000 156.0
OX637751.1 43500000 44000000 156.0
OX637751.1 44000000 44500000 156.69538
OX637751.1 44500000 45000000 157.0
OX637751.1 45000000 45500000 157.0
OX637751.1 45500000 46000000 157.0
OX637751.1 46000000 46500000 157.0
OX637751.1 46500000 47000000 157.607
OX637751.1 47000000 47500000 158.0
OX637751.1 47500000 48000000 158.0
OX637751.1 48000000 48500000 158.0
OX637751.1 48500000 49000000 158.0
OX637751.1 49000000 49500000 158.0
OX637751.1 49500000 50000000 158.0
OX637751.1 50000000 50500000 158.0
OX637751.1 50500000 51000000 158.0
OX637751.1 51000000 51500000 158.0
OX637751.1 51500000 52000000 158.0
OX637751.1 52000000 52500000 158.0
OX637751.1 52500000 53000000 158.0
OX637751.1 53000000 53500000 158.0
OX637751.1 53500000 54000000 158.0
OX637751.1 54000000 54500000 158.0
OX637751.1 54500000 55000000 158.0
OX637751.1 55000000 55500000 158.0
OX637751.1 55500000 56000000 158.0
OX637751.1 56000000 56500000 158.0
OX637751.1 56500000 57000000 158.0
OX637751.1 57000000 57500000 158.0
OX637751.1 57500000 58000000 158.0
OX637751.1 58000000 58500000 158.0
OX637751.1 58500000 59000000 158.0
OX637751.1 59000000 59500000 158.0
OX637751.1 59500000 60000000 158.0
OX637751.1 60000000 60500000 158.0
OX637751.1 60500000 61000000 158.0
OX637751.1 61000000 61500000 158.0
OX637751.1 61500000 62000000 158.0
OX637751.1 62000000 62500000 158.0
OX637751.1 62500000 63000000 158.0
OX637751.1 63000000 63500000 158.0
OX637751.1 63500000 64000000 158.0
OX637751.1 64000000 64500000 158.0
OX637751.1 64500000 65000000 158.0
OX637751.1 65000000 65500000 158.0
OX637751.1 65500000 66000000 158.0
OX637751.1 66000000 66500000 158.0
OX637751.1 66500000 67000000 158.0
OX637751.1 67000000 67500000 158.0
OX637751.1 67500000 68000000 158.0
OX637751.1 68000000 68500000 158.0
OX637751.1 68500000 69000000 158.0
OX637751.1 69000000 69500000 158.0
OX637751.1 69500000 70000000 158.0
OX637751.1 70000000 70500000 158.0
OX637751.1 70500000 71000000 158.0
OX637751.1 71000000 71500000 158.0
OX637751.1 71500000 72000000 158.0
OX637751.1 72000000 72500000 158.0
OX637751.1 72500000 73000000 158.0
OX637751.1 73000000 73500000 158.0
OX637751.1 73500000 74000000 158.0
OX637751.1 74000000 74500000 158.0
OX637751.1 74500000 75000000 158.0
OX637751.1 75000000 75500000 158.0
OX637751.1 75500000 76000000 158.0
OX637751.1 76000000 76500000 158.0
OX637751.1 76500000 77000000 158.0
OX637751.1 77000000 77500000 158.0
OX637751.1 77500000 78000000 158.0
OX637751.1 78000000 78500000 158.0
OX637751.1 78500000 79000000 158.0
OX637751.1 79000000 79500000 158.0
OX637751.1 79500000 80000000 158.0
OX637751.1 80000000 80500000 158.0
OX637751.1 80500000 81000000 158.0
OX637751.1 81000000 81500000 158.36677
OX637751.1 81500000 82000000 159.0
OX637751.1 82000000 82500000 159.0
OX637751.1 82500000 83000000 159.0
OX637751.1 83000000 83500000 159.0
OX637751.1 83500000 84000000 159.0
OX637751.1 84000000 84500000 159.0
OX637751.1 84500000 85000000 159.0
OX637751.1 85000000 85500000 159.0
OX637751.1 85500000 86000000 159.0
OX637751.1 86000000 86500000 159.0
OX637751.1 86500000 87000000 159.24301
OX637751.1 87000000 87500000 160.0
OX637751.1 87500000 88000000 160.0
OX637751.1 88000000 88500000 160.0
OX637751.1 88500000 89000000 160.0
OX637751.1 89000000 89500000 160.0
OX637751.1 89500000 90000000 160.0
OX637751.1 90000000 90500000 160.0
OX637751.1 90500000 91000000 160.0
OX637751.1 91000000 91500000 160.0
OX637751.1 91500000 92000000 160.0
OX637751.1 92000000 92500000 160.0
OX637751.1 92500000 93000000 160.0
OX637751.1 93000000 93500000 160.0
OX637751.1 93500000 94000000 160.0
OX637751.1 94000000 94500000 160.0
OX637751.1 94500000 95000000 160.0
OX637751.1 95000000 95500000 160.0
OX637751.1 95500000 96000000 160.0
OX637751.1 96000000 96500000 160.0
OX637751.1 96500000 97000000 160.0
OX637751.1 97000000 97500000 160.0
OX637751.1 97500000 98000000 160.0
OX637751.1 98000000 98500000 160.0
OX637751.1 98500000 99000000 160.0
OX637751.1 99000000 99500000 160.0
OX637751.1 99500000 100000000 160.0
OX637751.1 100000000 100500000 160.0
OX637751.1 100500000 101000000 160.0
OX637751.1 101000000 101500000 160.48324
OX637751.1 101500000 102000000 160.0
OX637751.1 102000000 102500000 160.0
OX637751.1 102500000 103000000 160.0
OX637751.1 103000000 103500000 160.0
OX637751.1 103500000 104000000 160.0
OX637751.1 104000000 104500000 160.0
OX637751.1 104500000 105000000 160.0
OX637751.1 105000000 105500000 160.0
OX637751.1 105500000 106000000 160.0
OX637751.1 106000000 106500000 160.0
OX637751.1 106500000 107000000 160.0
OX637751.1 107000000 107500000 160.0
OX637751.1 107500000 108000000 160.0
OX637751.1 108000000 108500000 160.0
OX637751.1 108500000 109000000 160.0
OX637751.1 109000000 109500000 160.0
OX637751.1 109500000 110000000 160.0
OX637751.1 110000000 110500000 160.0
OX637751.1 110500000 111000000 160.0
OX637751.1 111000000 111500000 160.0
OX637751.1 111500000 112000000 160.0
OX637751.1 112000000 112500000 160.0
OX637751.1 112500000 113000000 160.0
OX637751.1 113000000 113500000 160.0
OX637751.1 113500000 114000000 160.0
OX637751.1 114000000 114500000 160.0
OX637751.1 114500000 115000000 160.0
OX637751.1 115000000 115500000 160.0
OX637751.1 115500000 116000000 160.0
OX637751.1 116000000 116500000 160.0
OX637751.1 116500000 117000000 160.0
OX637751.1 117000000 117500000 160.0
OX637751.1 117500000 118000000 160.0
OX637751.1 118000000 118500000 160.0
OX637751.1 118500000 119000000 160.0
OX637751.1 119000000 119500000 160.0
OX637751.1 119500000 120000000 160.0
OX637751.1 120000000 120500000 160.0
OX637751.1 120500000 121000000 160.0
OX637751.1 121000000 121500000 160.0
OX637751.1 121500000 122000000 160.0
OX637751.1 122000000 122500000 160.0
OX637751.1 122500000 123000000 160.0
OX637751.1 123000000 123500000 160.0
OX637751.1 123500000 124000000 160.0
OX637751.1 124000000 124500000 160.0
OX637751.1 124500000 125000000 160.0
OX637751.1 125000000 125500000 160.0
OX637751.1 125500000 126000000 160.0
OX637751.1 126000000 126500000 160.0
OX637751.1 126500000 127000000 160.0
OX637751.1 127000000 127500000 160.0
OX637751.1 127500000 128000000 160.0
OX637751.1 128000000 128500000 160.0
OX637751.1 128500000 129000000 160.0
OX637751.1 129000000 129500000 160.0
OX637751.1 129500000 130000000 160.0
OX637751.1 130000000 130500000 160.0
OX637751.1 130500000 131000000 160.0
OX637751.1 131000000 131500000 160.0
OX637751.1 131500000 132000000 160.0
OX637751.1 132000000 132500000 160.0
OX637751.1 132500000 133000000 160.0
OX637751.1 133000000 133500000 160.0
OX637751.1 133500000 134000000 160.0
OX637751.1 134000000 134500000 160.0
OX637751.1 134500000 135000000 160.0
OX637751.1 135000000 135500000 160.0
OX637751.1 135500000 136000000 160.0
OX637751.1 136000000 136500000 160.0
OX637751.1 136500000 137000000 160.0
OX637751.1 137000000 137500000 160.0
OX637751.1 137500000 138000000 160.0
OX637751.1 138000000 138500000 160.0
OX637751.1 138500000 139000000 160.0
OX637751.1 139000000 139500000 160.0
OX637751.1 139500000 140000000 160.0
OX637751.1 140000000 140500000 160.0
OX637751.1 140500000 141000000 160.0
OX637751.1 141000000 141500000 160.0
OX637751.1 141500000 142000000 160.0
OX637751.1 142000000 142500000 160.0
OX637751.1 142500000 143000000 160.0
OX637751.1 143000000 143500000 160.0
OX637751.1 143500000 144000000 160.0
OX637751.1 144000000 144500000 160.0
OX637751.1 144500000 145000000 160.0
OX637751.1 145000000 145500000 160.0
OX637751.1 145500000 146000000 160.0
OX637751.1 146000000 146500000 160.0
OX637751.1 146500000 147000000 160.0
OX637751.1 147000000 147500000 160.0
OX637751.1 147500000 148000000 160.0
OX637751.1 148000000 148500000 160.0
OX637751.1 148500000 149000000 160.0
OX637751.1 149000000 149500000 160.0
OX637751.1 149500000 150000000 160.0
OX637751.1 150000000 150500000 160.0
OX637751.1 150500000 151000000 160.0
OX637751.1 151000000 151500000 160.0
OX637751.1 151500000 152000000 160.0
OX637751.1 152000000 152500000 160.0
OX637751.1 152500000 153000000 160.0
OX637751.1 153000000 153500000 160.0
OX637751.1 153500000 154000000 160.0
OX637751.1 154000000 154500000 160.0
OX637751.1 154500000 155000000 160.0
OX637751.1 155000000 155500000 160.0
OX637751.1 155500000 156000000 160.0
OX637751.1 156000000 156500000 160.0
OX637751.1 156500000 157000000 160.58856
OX637751.1 157000000 157500000 161.0
OX637751.1 157500000 158000000 161.0
OX637751.1 158000000 158500000 161.0
OX637751.1 158500000 159000000 161.0
OX637751.1 159000000 159500000 161.0
OX637751.1 159500000 160000000 161.0
OX637751.1 160000000 160500000 161.0
OX637751.1 160500000 161000000 161.0
OX637751.1 161000000 161500000 161.0
OX637751.1 161500000 162000000 161.0
OX637751.1 162000000 162500000 161.0
OX637751.1 162500000 163000000 161.0
OX637751.1 163000000 163500000 161.0
OX637751.1 163500000 164000000 161.0
OX637751.1 164000000 164500000 161.0
OX637751.1 164500000 165000000 161.0
OX637751.1 165000000 165500000 161.0
OX637751.1 165500000 166000000 161.0
OX637751.1 166000000 166500000 161.0
OX637751.1 166500000 167000000 161.0
OX637751.1 167000000 167500000 161.0
OX637751.1 167500000 168000000 161.0
OX637751.1 168000000 168500000 161.0
OX637751.1 168500000 169000000 161.0
OX637751.1 169000000 169500000 161.0
OX637751.1 169500000 170000000 161.0
OX637751.1 170000000 170500000 161.0
OX637751.1 170500000 171000000 161.0
OX637751.1 171000000 171500000 161.0
OX637751.1 171500000 172000000 161.0
OX637751.1 172000000 172500000 161.0
OX637751.1 172500000 173000000 161.0
OX637751.1 173000000 173500000 161.0
OX637751.1 173500000 174000000 161.0
OX637751.1 174000000 174500000 161.0
OX637751.1 174500000 175000000 161.0
OX637751.1 175000000 175500000 161.0
OX637751.1 175500000 176000000 161.0
OX637751.1 176000000 176500000 161.0
OX637751.1 176500000 177000000 161.0
OX637751.1 177000000 177500000 161.0
OX637751.1 177500000 178000000 161.0
OX637751.1 178000000 178500000 161.0
OX637751.1 178500000 179000000 161.0
OX637751.1 179000000 179500000 161.0
OX637751.1 179500000 180000000 161.0
OX637751.1 180000000 180500000 161.0
OX637751.1 180500000 181000000 161.0
OX637751.1 181000000 181500000 161.0
OX637751.1 181500000 182000000 161.0
OX637751.1 182000000 182500000 161.0
OX637751.1 182500000 183000000 161.0
OX637751.1 183000000 183500000 161.0
OX637751.1 183500000 184000000 161.0
OX637751.1 184000000 184500000 161.0
OX637751.1 184500000 185000000 160.1131
OX637751.1 185000000 185500000 160.0
OX637751.1 185500000 186000000 160.0
OX637751.1 186000000 186500000 160.0
OX637751.1 186500000 187000000 160.0
OX637751.1 187000000 187500000 160.0
OX637751.1 187500000 188000000 160.0
OX637751.1 188000000 188500000 160.0
OX637751.1 188500000 189000000 160.0
OX637751.1 189000000 189500000 160.0
OX637751.1 189500000 190000000 160.0
OX637751.1 190000000 190500000 160.0
OX637751.1 190500000 191000000 160.0
OX637751.1 191000000 191500000 160.0
OX637751.1 191500000 192000000 160.0
OX637751.1 192000000 192500000 160.0
OX637751.1 192500000 193000000 160.0
OX637751.1 193000000 193500000 160.0
OX637751.1 193500000 194000000 160.0
OX637751.1 194000000 194500000 160.0
OX637751.1 194500000 195000000 160.0
OX637751.1 195000000 195500000 160.0
OX637751.1 195500000 196000000 160.0
OX637751.1 196000000 196500000 160.0
OX637751.1 196500000 197000000 160.0
OX637751.1 197000000 197500000 160.0
OX637751.1 197500000 198000000 160.0
OX637751.1 198000000 198500000 160.0
OX637751.1 198500000 199000000 160.0
OX637751.1 199000000 199500000 160.0
OX637751.1 199500000 200000000 160.0
OX637751.1 200000000 200500000 160.0
OX637751.1 200500000 201000000 160.0
OX637751.1 201000000 201500000 160.0
OX637751.1 201500000 202000000 160.0
OX637751.1 202000000 202500000 160.0
OX637751.1 202500000 203000000 160.0
OX637751.1 203000000 203500000 160.0
OX637751.1 203500000 204000000 160.0
OX637751.1 204000000 204500000 160.0
OX637751.1 204500000 205000000 160.0
OX637751.1 205000000 205500000 160.0
OX637751.1 205500000 206000000 160.0
OX637751.1 206000000 206500000 160.0
OX637751.1 206500000 207000000 160.0
OX637751.1 207000000 207500000 160.0
OX637751.1 207500000 208000000 160.0
OX637751.1 208000000 208500000 160.0
OX637751.1 208500000 209000000 160.0
OX637751.1 209000000 209500000 160.0
OX637751.1 209500000 210000000 160.0
OX637751.1 210000000 210500000 160.0
OX637751.1 210500000 211000000 160.0
OX637751.1 211000000 211500000 160.0
OX637751.1 211500000 212000000 160.0
OX637751.1 212000000 212500000 160.0
OX637751.1 212500000 213000000 160.0
OX637751.1 213000000 213500000 160.0
OX637751.1 213500000 214000000 160.0
OX637751.1 214000000 214500000 160.0
OX637751.1 214500000 215000000 160.0
OX637751.1 215000000 215500000 160.0
OX637751.1 215500000 216000000 160.0
OX637751.1 216000000 216500000 160.0
OX637751.1 216500000 217000000 160.0
OX637751.1 217000000 217500000 160.0
OX637751.1 217500000 218000000 160.0
OX637751.1 218000000 218500000 160.0
OX637751.1 218500000 219000000 160.0
OX637751.1 219000000 219500000 160.0
OX637751.1 219500000 220000000 160.0
OX637751.1 220000000 220500000 160.0
OX637751.1 220500000 221000000 160.0
OX637751.1 221000000 221500000 160.0
OX637751.1 221500000 222000000 160.0
OX637751.1 222000000 222500000 160.0
OX637751.1 222500000 223000000 160.0
OX637751.1 223000000 223500000 160.0
OX637751.1 223500000 224000000 160.0
OX637751.1 224000000 224500000 160.0
OX637751.1 224500000 225000000 160.0
OX637751.1 225000000 225500000 160.0
OX637751.1 225500000 226000000 160.0
OX637751.1 226000000 226500000 160.0
OX637751.1 226500000 227000000 160.0
OX637751.1 227000000 227500000 160.0
OX637751.1 227500000 228000000 160.0
OX637751.1 228000000 228500000 160.0
OX637751.1 228500000 229000000 160.0
OX637751.1 229000000 229500000 160.0
OX637751.1 229500000 230000000 160.0
OX637751.1 230000000 230500000 160.0
OX637751.1 230500000 231000000 160.0
OX637751.1 231000000 231500000 160.0
OX637751.1 231500000 232000000 160.0
OX637751.1 232000000 232500000 160.0
OX637751.1 232500000 233000000 160.0
OX637751.1 233000000 233500000 160.0
OX637751.1 233500000 234000000 160.0
OX637751.1 234000000 234500000 160.0
OX637751.1 234500000 235000000 160.0
OX637751.1 235000000 235500000 160.0
OX637751.1 235500000 236000000 160.0
OX637751.1 236000000 236500000 160.0
OX637751.1 236500000 237000000 160.66679
OX637751.1 237000000 237500000 161.7409
OX637751.1 237500000 238000000 162.0
OX637751.1 238000000 238500000 162.0
OX637751.1 238500000 239000000 162.0
OX637751.1 239000000 239500000 162.0
OX637751.1 239500000 240000000 162.0
OX637751.1 240000000 240500000 162.0
OX637751.1 240500000 241000000 162.0
OX637751.1 241000000 241500000 162.0
OX637751.1 241500000 242000000 162.0
OX637751.1 242000000 242500000 162.0
OX637751.1 242500000 243000000 162.0
OX637751.1 243000000 243500000 162.0
OX637751.1 243500000 244000000 162.0
OX637751.1 244000000 244500000 162.0
OX637751.1 244500000 245000000 162.0
OX637751.1 245000000 245500000 162.0
OX637751.1 245500000 246000000 162.0
OX637751.1 246000000 246500000 162.0
OX637751.1 246500000 247000000 162.0
OX637751.1 247000000 247500000 162.0
OX637751.1 247500000 248000000 162.0
OX637751.1 248000000 248500000 162.0
OX637751.1 248500000 249000000 162.0
OX637751.1 249000000 249500000 162.0
OX637751.1 249500000 250000000 162.0
OX637751.1 250000000 250500000 162.0
OX637751.1 250500000 251000000 162.0
OX637751.1 251000000 251500000 162.0
OX637751.1 251500000 252000000 162.0
OX637751.1 252000000 252500000 162.0
OX637751.1 252500000 253000000 162.0
OX637751.1 253000000 253500000 162.0
OX637751.1 253500000 254000000 162.0
OX637751.1 254000000 254500000 162.0
OX637751.1 254500000 255000000 162.0
OX637751.1 255000000 255500000 162.0
OX637751.1 255500000 256000000 162.0
OX637751.1 256000000 256500000 162.0
OX637751.1 256500000 257000000 162.0
OX637751.1 257000000 257500000 162.0
OX637751.1 257500000 258000000 162.0
OX637751.1 258000000 258500000 162.0
OX637751.1 258500000 259000000 162.0
OX637751.1 259000000 259500000 162.0
OX637751.1 259500000 260000000 162.0
OX637751.1 260000000 260500000 162.0
OX637751.1 260500000 261000000 162.0
OX637751.1 261000000 261500000 162.0
OX637751.1 261500000 262000000 162.0
OX637751.1 262000000 262500000 162.0
OX637751.1 262500000 263000000 162.0
OX637751.1 263000000 263500000 162.0
OX637751.1 263500000 264000000 162.0
OX637751.1 264000000 264500000 162.0
OX637751.1 264500000 265000000 162.0
OX637751.1 265000000 265500000 162.0
OX637751.1 265500000 266000000 162.0
OX637751.1 266000000 266500000 162.0
OX637751.1 266500000 267000000 162.0
OX637751.1 267000000 267500000 162.0
OX637751.1 267500000 268000000 162.0
OX637751.1 268000000 268500000 162.0
OX637751.1 268500000 269000000 162.0
OX637751.1 269000000 269500000 162.0
OX637751.1 269500000 270000000 162.0
OX637751.1 270000000 270500000 162.0
OX637751.1 270500000 271000000 162.0
OX637751.1 271000000 271500000 162.0
OX637751.1 271500000 272000000 162.0
OX637751.1 272000000 272500000 162.0
OX637751.1 272500000 273000000 162.0
OX637751.1 273000000 273500000 162.0
OX637751.1 273500000 274000000 162.0
OX637751.1 274000000 274500000 162.0
OX637751.1 274500000 275000000 162.0
OX637751.1 275000000 275500000 162.0
OX637751.1 275500000 276000000 162.0
OX637751.1 276000000 276500000 162.0
OX637751.1 276500000 277000000 162.0
OX637751.1 277000000 277500000 162.0
OX637751.1 277500000 278000000 162.0
OX637751.1 278000000 278500000 162.0
OX637751.1 278500000 279000000 162.0
OX637751.1 279000000 279500000 162.0
OX637751.1 279500000 280000000 162.0
OX637751.1 280000000 280500000 162.0
OX637751.1 280500000 281000000 162.0
OX637751.1 281000000 281500000 162.0
OX637751.1 281500000 282000000 162.0
OX637751.1 282000000 282500000 162.0
OX637751.1 282500000 283000000 162.0
OX637751.1 283000000 283500000 162.0
OX637751.1 283500000 284000000 162.0
OX637751.1 284000000 284500000 162.0
OX637751.1 284500000 285000000 162.0
OX637751.1 285000000 285500000 162.0
OX637751.1 285500000 286000000 162.0
OX637751.1 286000000 286500000 162.0
OX637751.1 286500000 287000000 162.0
OX637751.1 287000000 287500000 162.0
OX637751.1 287500000 288000000 162.0
OX637751.1 288000000 288500000 162.0
OX637751.1 288500000 289000000 162.0
OX637751.1 289000000 289500000 162.0
OX637751.1 289500000 290000000 162.0
OX637751.1 290000000 290500000 162.0
OX637751.1 290500000 291000000 162.0
OX637751.1 291000000 291500000 162.0
OX637751.1 291500000 292000000 162.0
OX637751.1 292000000 292500000 162.0
OX637751.1 292500000 293000000 162.0
OX637751.1 293000000 293500000 162.00027
OX637751.1 293500000 294000000 162.0
OX637751.1 294000000 294500000 162.0
OX637751.1 294500000 295000000 162.0
OX637751.1 295000000 295500000 162.0
OX637751.1 295500000 296000000 162.0
OX637751.1 296000000 296500000 162.0
OX637751.1 296500000 297000000 162.0
OX637751.1 297000000 297500000 162.0
OX637751.1 297500000 298000000 162.0
OX637751.1 298000000 298500000 162.0
OX637751.1 298500000 299000000 162.0
OX637751.1 299000000 299500000 162.0
OX637751.1 299500000 300000000 162.0
OX637751.1 300000000 300500000 162.0
OX637751.1 300500000 301000000 162.0
OX637751.1 301000000 301500000 162.0
OX637751.1 301500000 302000000 162.0
OX637751.1 302000000 302500000 162.0
OX637751.1 302500000 303000000 162.0
OX637751.1 303000000 303500000 162.0
OX637751.1 303500000 304000000 162.0
OX637751.1 304000000 304500000 162.0
OX637751.1 304500000 305000000 162.0
OX637751.1 305000000 305500000 162.0
OX637751.1 305500000 306000000 162.0
OX637751.1 306000000 306500000 162.0
OX637751.1 306500000 307000000 162.0
OX637751.1 307000000 307500000 162.0
OX637751.1 307500000 308000000 162.0
OX637751.1 308000000 308500000 162.0
OX637751.1 308500000 309000000 162.0
OX637751.1 309000000 309500000 162.0
OX637751.1 309500000 310000000 162.0
OX637751.1 310000000 310500000 162.0
OX637751.1 310500000 311000000 162.0
OX637751.1 311000000 311500000 162.0
OX637751.1 311500000 312000000 162.0
OX637751.1 312000000 312500000 162.0
OX637751.1 312500000 313000000 162.0
OX637751.1 313000000 313500000 162.0
OX637751.1 313500000 314000000 162.0
OX637751.1 314000000 314500000 162.0
OX637751.1 314500000 315000000 162.0
OX637751.1 315000000 315500000 162.0
OX637751.1 315500000 316000000 162.0
OX637751.1 316000000 316500000 162.0
OX637751.1 316500000 317000000 162.0
OX637751.1 317000000 317500000 162.0
OX637751.1 317500000 318000000 162.0
OX637751.1 318000000 318500000 162.0
OX637751.1 318500000 319000000 162.0
OX637751.1 319000000 319500000 162.0
OX637751.1 319500000 320000000 162.0
OX637751.1 320000000 320500000 162.0
OX637751.1 320500000 321000000 162.0
OX637751.1 321000000 321500000 162.0
OX637751.1 321500000 322000000 162.0
OX637751.1 322000000 322500000 162.0
OX637751.1 322500000 323000000 162.0
OX637751.1 323000000 323500000 162.0
OX637751.1 323500000 324000000 162.0
OX637751.1 324000000 324500000 162.0
OX637751.1 324500000 325000000 162.0
OX637751.1 325000000 325500000 162.0
OX637751.1 325500000 326000000 162.0
OX637751.1 326000000 326500000 162.0
OX637751.1 326500000 327000000 162.0
OX637751.1 327000000 327500000 162.0
OX637751.1 327500000 328000000 162.0
OX637751.1 328000000 328500000 162.0
OX637751.1 328500000 329000000 162.0
OX637751.1 329000000 329500000 162.0
OX637751.1 329500000 330000000 162.0
OX637751.1 330000000 330500000 162.0
OX637751.1 330500000 331000000 162.0
OX637751.1 331000000 331500000 162.0
OX637751.1 331500000 332000000 162.0
OX637751.1 332000000 332500000 162.0
OX637751.1 332500000 333000000 162.0
OX637751.1 333000000 333500000 162.0
OX637751.1 333500000 334000000 162.0
OX637751.1 334000000 334500000 162.0
OX637751.1 334500000 335000000 162.0
OX637751.1 335000000 335500000 162.0
OX637751.1 335500000 336000000 162.0
OX637751.1 336000000 336500000 162.0
OX637751.1 336500000 337000000 162.0
OX637751.1 337000000 337500000 162.0
OX637751.1 337500000 338000000 162.0
OX637751.1 338000000 338500000 162.0
OX637751.1 338500000 339000000 162.0
OX637751.1 339000000 339500000 162.0
OX637751.1 339500000 340000000 162.0
OX637751.1 340000000 340500000 162.0
OX637751.1 340500000 341000000 162.0
OX637751.1 341000000 341500000 162.0
OX637751.1 341500000 342000000 162.0
OX637751.1 342000000 342500000 162.0
OX637751.1 342500000 343000000 162.0
OX637751.1 343000000 343500000 162.0
OX637751.1 343500000 344000000 162.0
OX637751.1 344000000 344500000 162.0
OX637751.1 344500000 345000000 162.0
OX637751.1 345000000 345500000 162.0
OX637751.1 345500000 346000000 162.0
OX637751.1 346000000 346500000 162.0
OX637751.1 346500000 347000000 162.0
OX637751.1 347000000 347500000 162.0
OX637751.1 347500000 348000000 162.0
OX637751.1 348000000 348500000 162.0
OX637751.1 348500000 349000000 162.0
OX637751.1 349000000 349500000 162.0
OX637751.1 349500000 350000000 162.0
OX637751.1 350000000 350500000 162.0
OX637751.1 350500000 351000000 162.0
OX637751.1 351000000 351500000 162.0
OX637751.1 351500000 352000000 162.0
OX637751.1 352000000 352500000 162.0
OX637751.1 352500000 353000000 162.0
OX637751.1 353000000 353500000 162.0
OX637751.1 353500000 354000000 162.0
OX637751.1 354000000 354500000 162.0
OX637751.1 354500000 355000000 162.0
OX637751.1 355000000 355500000 162.0
OX637751.1 355500000 356000000 162.0
OX637751.1 356000000 356500000 162.0
OX637751.1 356500000 357000000 162.0
OX637751.1 357000000 357500000 162.0
OX637751.1 357500000 358000000 162.0
OX637751.1 358000000 358500000 162.0
OX637751.1 358500000 359000000 162.0
OX637751.1 359000000 359500000 162.0
OX637751.1 359500000 360000000 162.0
OX637751.1 360000000 360500000 162.0
OX637751.1 360500000 361000000 162.0
OX637751.1 361000000 361500000 162.0
OX637751.1 361500000 362000000 162.0
OX637751.1 362000000 362500000 162.0
OX637751.1 362500000 363000000 162.0
OX637751.1 363000000 363500000 162.0
OX637751.1 363500000 364000000 162.0
OX637751.1 364000000 364500000 162.0
OX637751.1 364500000 365000000 162.0
OX637751.1 365000000 365500000 162.0
OX637751.1 365500000 366000000 162.0
OX637751.1 366000000 366500000 162.0
OX637751.1 366500000 367000000 162.0
OX637751.1 367000000 367500000 162.0
OX637751.1 367500000 368000000 162.0
OX637751.1 368000000 368500000 162.0
OX637751.1 368500000 369000000 162.0
OX637751.1 369000000 369500000 162.0
OX637751.1 369500000 370000000 162.0
OX637751.1 370000000 370500000 162.0
OX637751.1 370500000 371000000 162.0
OX637751.1 371000000 371500000 162.0
OX637751.1 371500000 372000000 162.0
OX637751.1 372000000 372500000 162.0
OX637751.1 372500000 373000000 162.0
OX637751.1 373000000 373500000 162.0
OX637751.1 373500000 374000000 162.0
OX637751.1 374000000 374500000 162.0
OX637751.1 374500000 375000000 162.0
OX637751.1 375000000 375500000 162.0
OX637751.1 375500000 376000000 162.0
OX637751.1 376000000 376500000 162.0
OX637751.1 376500000 377000000 162.0
OX637751.1 377000000 377500000 162.0
OX637751.1 377500000 378000000 162.0
OX637751.1 378000000 378500000 162.0
OX637751.1 378500000 379000000 162.0
OX637751.1 379000000 379500000 162.0
OX637751.1 379500000 380000000 162.0
OX637751.1 380000000 380500000 162.0
OX637751.1 380500000 381000000 162.0
OX637751.1 381000000 381500000 162.0
OX637751.1 381500000 382000000 162.0
OX637751.1 382000000 382500000 162.0
OX637751.1 382500000 383000000 162.0
OX637751.1 383000000 383500000 162.0
OX637751.1 383500000 384000000 162.0
OX637751.1 384000000 384500000 162.0
OX637751.1 384500000 385000000 162.0
OX637751.1 385000000 385500000 162.0
OX637751.1 385500000 386000000 162.0
OX637751.1 386000000 386500000 162.0
OX637751.1 386500000 387000000 162.0
OX637751.1 387000000 387500000 162.0
OX637751.1 387500000 388000000 162.0
OX637751.1 388000000 388500000 162.0
OX637751.1 388500000 389000000 162.0
OX637751.1 389000000 389500000 162.0
OX637751.1 389500000 390000000 162.0
OX637751.1 390000000 390500000 162.0
OX637751.1 390500000 391000000 162.0
OX637751.1 391000000 391500000 162.0
OX637751.1 391500000 392000000 162.0
OX637751.1 392000000 392500000 162.0
OX637751.1 392500000 393000000 162.0
OX637751.1 393000000 393500000 162.0
OX637751.1 393500000 394000000 162.0
OX637751.1 394000000 394500000 162.0
OX637751.1 394500000 395000000 162.0
OX637751.1 395000000 395500000 162.0
OX637751.1 395500000 396000000 162.0
OX637751.1 396000000 396500000 162.0
OX637751.1 396500000 397000000 162.0
OX637751.1 397000000 397500000 162.0
OX637751.1 397500000 398000000 162.0
OX637751.1 398000000 398500000 162.0
OX637751.1 398500000 399000000 162.0
OX637751.1 399000000 399500000 162.0
OX637751.1 399500000 400000000 162.0
OX637751.1 400000000 400500000 162.0
OX637751.1 400500000 401000000 162.0
OX637751.1 401000000 401500000 162.0
OX637751.1 401500000 402000000 162.0
OX637751.1 402000000 402500000 162.0
OX637751.1 402500000 403000000 162.0
OX637751.1 403000000 403500000 162.0
OX637751.1 403500000 404000000 162.0
OX637751.1 404000000 404500000 162.0
OX637751.1 404500000 405000000 162.0
OX637751.1 405000000 405500000 162.0
OX637751.1 405500000 406000000 162.0
OX637751.1 406000000 406500000 162.0
OX637751.1 406500000 407000000 162.0
OX637751.1 407000000 407500000 162.0
OX637751.1 407500000 408000000 162.0
OX637751.1 408000000 408500000 162.0
OX637751.1 408500000 409000000 162.0
OX637751.1 409000000 409500000 162.0
OX637751.1 409500000 410000000 162.0
OX637751.1 410000000 410500000 162.0
OX637751.1 410500000 411000000 162.0
OX637751.1 411000000 411500000 162.0
OX637751.1 411500000 412000000 162.0
OX637751.1 412000000 412500000 162.0
OX637751.1 412500000 413000000 162.0
OX637751.1 413000000 413500000 162.0
OX637751.1 413500000 414000000 162.0
OX637751.1 414000000 414500000 162.0
OX637751.1 414500000 415000000 162.0
OX637751.1 415000000 415500000 162.0
OX637751.1 415500000 416000000 162.0
OX637751.1 416000000 416500000 162.0
OX637751.1 416500000 417000000 162.0
OX637751.1 417000000 417500000 162.0
OX637751.1 417500000 418000000 162.0
OX637751.1 418000000 418500000 162.0
OX637751.1 418500000 419000000 162.0
OX637751.1 419000000 419500000 162.0
OX637751.1 419500000 420000000 162.0
OX637751.1 420000000 420500000 162.0
OX637751.1 420500000 421000000 162.0
OX637751.1 421000000 421500000 162.0
OX637751.1 421500000 422000000 162.0
OX637751.1 422000000 422500000 162.0
OX637751.1 422500000 423000000 162.0
OX637751.1 423000000 423500000 162.0
OX637751.1 423500000 424000000 162.0
OX637751.1 424000000 424500000 162.0
OX637751.1 424500000 425000000 162.0
OX637751.1 425000000 425500000 162.0
OX637751.1 425500000 426000000 162.0
OX637751.1 426000000 426500000 162.0
OX637751.1 426500000 427000000 162.0
OX637751.1 427000000 427500000 162.0
OX637751.1 427500000 428000000 162.0
OX637751.1 428000000 428500000 162.0
OX637751.1 428500000 429000000 162.0
OX637751.1 429000000 429500000 162.0
OX637751.1 429500000 430000000 162.0
OX637751.1 430000000 430500000 162.0
OX637751.1 430500000 431000000 162.0
OX637751.1 431000000 431500000 162.0
OX637751.1 431500000 432000000 162.0
OX637751.1 432000000 432500000 162.0
OX637751.1 432500000 433000000 162.0
OX637751.1 433000000 433500000 162.0
OX637751.1 433500000 434000000 162.0
OX637751.1 434000000 434500000 162.0
OX637751.1 434500000 435000000 162.0
OX637751.1 435000000 435500000 162.0
OX637751.1 435500000 436000000 162.0
OX637751.1 436000000 436500000 162.0
OX637751.1 436500000 437000000 162.0
OX637751.1 437000000 437500000 162.0
OX637751.1 437500000 438000000 162.0
OX637751.1 438000000 438500000 162.0
OX637751.1 438500000 439000000 162.0
OX637751.1 439000000 439500000 162.0
OX637751.1 439500000 440000000 162.0
OX637751.1 440000000 440500000 162.0
OX637751.1 440500000 441000000 162.0
OX637751.1 441000000 441500000 162.0
OX637751.1 441500000 442000000 162.0
OX637751.1 442000000 442500000 162.0
OX637751.1 442500000 443000000 162.0
OX637751.1 443000000 443500000 162.0
OX637751.1 443500000 444000000 162.0
OX637751.1 444000000 444500000 162.0
OX637751.1 444500000 445000000 162.0
OX637751.1 445000000 445500000 162.0
OX637751.1 445500000 446000000 162.0
OX637751.1 446000000 446500000 162.0
OX637751.1 446500000 447000000 162.0
OX637751.1 447000000 447500000 162.0
OX637751.1 447500000 448000000 162.0
OX637751.1 448000000 448500000 162.0
OX637751.1 448500000 449000000 162.0
OX637751.1 449000000 449500000 162.0
OX637751.1 449500000 450000000 162.0
OX637751.1 450000000 450500000 162.0
OX637751.1 450500000 451000000 162.0
OX637751.1 451000000 451500000 162.0
OX637751.1 451500000 452000000 162.0
OX637751.1 452000000 452500000 162.0
OX637751.1 452500000 453000000 162.0
OX637751.1 453000000 453500000 162.0
OX637751.1 453500000 454000000 162.0
OX637751.1 454000000 454500000 162.0
OX637751.1 454500000 455000000 162.0
OX637751.1 455000000 455500000 162.0
OX637751.1 455500000 456000000 162.0
OX637751.1 456000000 456500000 162.0
OX637751.1 456500000 457000000 162.0
OX637751.1 457000000 457500000 162.0
OX637751.1 457500000 458000000 162.0
OX637751.1 458000000 458500000 162.0
OX637751.1 458500000 459000000 162.21279
OX637751.1 459000000 459500000 163.0
OX637751.1 459500000 460000000 163.0
OX637751.1 460000000 460500000 163.0
OX637751.1 460500000 461000000 163.0
OX637751.1 461000000 461500000 163.0
OX637751.1 461500000 462000000 163.0
OX637751.1 462000000 462500000 163.0
OX637751.1 462500000 463000000 163.0
OX637751.1 463000000 463500000 163.0
OX637751.1 463500000 464000000 163.0
OX637751.1 464000000 464500000 163.0
OX637751.1 464500000 465000000 163.0
OX637751.1 465000000 465500000 163.0
OX637751.1 465500000 466000000 163.0
OX637751.1 466000000 466500000 163.0
OX637751.1 466500000 467000000 163.0
OX637751.1 467000000 467500000 162.64867
OX637751.1 467500000 468000000 162.0
OX637751.1 468000000 468500000 162.0
OX637751.1 468500000 469000000 162.0
OX637751.1 469000000 469500000 162.0
OX637751.1 469500000 470000000 162.0
OX637751.1 470000000 470500000 162.0
OX637751.1 470500000 471000000 162.0
OX637751.1 471000000 471500000 162.0
OX637751.1 471500000 472000000 162.0
OX637751.1 472000000 472500000 162.0
OX637751.1 472500000 473000000 162.0
OX637751.1 473000000 473500000 162.0
OX637751.1 473500000 474000000 162.0
OX637751.1 474000000 474500000 162.0
OX637751.1 474500000 475000000 162.0
OX637751.1 475000000 475500000 162.0
OX637751.1 475500000 476000000 162.0
OX637751.1 476000000 476500000 162.0
OX637751.1 476500000 477000000 162.0
OX637751.1 477000000 477500000 162.0
OX637751.1 477500000 478000000 162.0
OX637751.1 478000000 478500000 162.0
OX637751.1 478500000 479000000 162.0
OX637751.1 479000000 479500000 162.0
OX637751.1 479500000 480000000 162.0
OX637751.1 480000000 480500000 162.0
OX637751.1 480500000 481000000 162.0
OX637751.1 481000000 481500000 162.0
OX637751.1 481500000 482000000 162.0
OX637751.1 482000000 482500000 162.0
OX637751.1 482500000 483000000 162.0
OX637751.1 483000000 483500000 162.0
OX637751.1 483500000 484000000 162.0
OX637751.1 484000000 484500000 162.0
OX637751.1 484500000 485000000 162.0
OX637751.1 485000000 485500000 162.0
OX637751.1 485500000 486000000 162.0
OX637751.1 486000000 486500000 162.0
OX637751.1 486500000 487000000 162.0
OX637751.1 487000000 487500000 162.0
OX637751.1 487500000 488000000 162.0
OX637751.1 488000000 488500000 162.0
OX637751.1 488500000 489000000 162.0
OX637751.1 489000000 489500000 162.0
OX637751.1 489500000 490000000 162.0
OX637751.1 490000000 490500000 162.0
OX637751.1 490500000 491000000 162.0
OX637751.1 491000000 491500000 162.0
OX637751.1 491500000 492000000 162.0
OX637751.1 492000000 492500000 162.0
OX637751.1 492500000 493000000 162.0
OX637751.1 493000000 493500000 162.0
OX637751.1 493500000 494000000 162.0
OX637751.1 494000000 494500000 162.0
OX637751.1 494500000 495000000 162.0
OX637751.1 495000000 495500000 162.0
OX637751.1 495500000 496000000 162.0
OX637751.1 496000000 496500000 162.0
OX637751.1 496500000 497000000 162.0
OX637751.1 497000000 497500000 162.0
OX637751.1 497500000 498000000 162.0
OX637751.1 498000000 498500000 162.0
OX637751.1 498500000 499000000 162.0
OX637751.1 499000000 499500000 162.0
OX637751.1 499500000 500000000 162.0
OX637751.1 500000000 500500000 162.0
OX637751.1 500500000 501000000 162.0
OX637751.1 501000000 501500000 162.0
OX637751.1 501500000 502000000 162.0
OX637751.1 502000000 502500000 162.0
OX637751.1 502500000 503000000 162.0
OX637751.1 503000000 503500000 162.0
OX637751.1 503500000 504000000 162.0
OX637751.1 504000000 504500000 162.0
OX637751.1 504500000 505000000 162.0
OX637751.1 505000000 505500000 162.0
OX637751.1 505500000 506000000 162.0
OX637751.1 506000000 506500000 162.0
OX637751.1 506500000 507000000 162.0
OX637751.1 507000000 507500000 162.0
OX637751.1 507500000 508000000 162.0
OX637751.1 508000000 508500000 162.0
OX637751.1 508500000 509000000 162.0
OX637751.1 509000000 509500000 162.0
OX637751.1 509500000 510000000 162.0
OX637751.1 510000000 510500000 162.0
OX637751.1 510500000 511000000 162.0
OX637751.1 511000000 511500000 162.0
OX637751.1 511500000 512000000 162.0
OX637751.1 512000000 512500000 162.0
OX637751.1 512500000 513000000 162.0
OX637751.1 513000000 513500000 162.0
OX637751.1 513500000 514000000 162.0
OX637751.1 514000000 514500000 162.0
OX637751.1 514500000 515000000 162.0
OX637751.1 515000000 515500000 162.0
OX637751.1 515500000 516000000 162.0
OX637751.1 516000000 516500000 162.0
OX637751.1 516500000 517000000 162.2944
OX637751.1 517000000 517500000 163.0
OX637751.1 517500000 518000000 163.0
OX637751.1 518000000 518500000 163.0
OX637751.1 518500000 519000000 163.0
OX637751.1 519000000 519500000 163.0
OX637751.1 519500000 520000000 162.79519
OX637751.1 520000000 520500000 162.0
OX637751.1 520500000 521000000 162.0
OX637751.1 521000000 521500000 162.0
OX637751.1 521500000 522000000 162.0
OX637751.1 522000000 522500000 162.0
OX637751.1 522500000 523000000 162.0
OX637751.1 523000000 523500000 162.0
OX637751.1 523500000 524000000 161.39379
OX637751.1 524000000 524500000 161.0
OX637751.1 524500000 525000000 161.0
OX637751.1 525000000 525500000 161.00024
OX637751.1 525500000 526000000 161.0
OX637751.1 526000000 526500000 161.0
OX637751.1 526500000 527000000 161.0
OX637751.1 527000000 527500000 161.0
OX637751.1 527500000 528000000 161.0
OX637751.1 528000000 528500000 161.0
OX637751.1 528500000 529000000 161.0
OX637751.1 529000000 529500000 161.0
OX637751.1 529500000 530000000 161.0
OX637751.1 530000000 530500000 161.0
OX637751.1 530500000 531000000 161.0
OX637751.1 531000000 531500000 161.0
OX637751.1 531500000 532000000 161.0
OX637751.1 532000000 532500000 161.0
OX637751.1 532500000 533000000 161.0
OX637751.1 533000000 533500000 161.0
OX637751.1 533500000 534000000 161.0
OX637751.1 534000000 534500000 161.0
OX637751.1 534500000 535000000 161.0
OX637751.1 535000000 535500000 161.0
OX637751.1 535500000 536000000 161.0
OX637751.1 536000000 536500000 161.0
OX637751.1 536500000 537000000 161.0
OX637751.1 537000000 537500000 161.0
OX637751.1 537500000 538000000 161.0
OX637751.1 538000000 538500000 161.0
OX637751.1 538500000 539000000 161.0
OX637751.1 539000000 539500000 161.0
OX637751.1 539500000 540000000 161.0
OX637751.1 540000000 540500000 161.0
OX637751.1 540500000 541000000 161.0
OX637751.1 541000000 541500000 161.0
OX637751.1 541500000 542000000 161.0
OX637751.1 542000000 542500000 161.0
OX637751.1 542500000 543000000 161.0
OX637751.1 543000000 543500000 161.0
OX637751.1 543500000 544000000 161.0
OX637751.1 544000000 544500000 161.0
OX637751.1 544500000 545000000 161.0
OX637751.1 545000000 545500000 161.0
OX637751.1 545500000 546000000 161.0
OX637751.1 546000000 546500000 161.0
OX637751.1 546500000 547000000 161.0
OX637751.1 547000000 547500000 161.0
OX637751.1 547500000 548000000 161.0
OX637751.1 548000000 548500000 161.0
OX637751.1 548500000 549000000 161.0
OX637751.1 549000000 549500000 161.0
OX637751.1 549500000 550000000 161.0
OX637751.1 550000000 550500000 161.0
OX637751.1 550500000 551000000 161.0
OX637751.1 551000000 551500000 161.0
OX637751.1 551500000 552000000 161.0
OX637751.1 552000000 552500000 161.0
OX637751.1 552500000 553000000 161.0
OX637751.1 553000000 553500000 161.0
OX637751.1 553500000 554000000 161.0
OX637751.1 554000000 554500000 161.0
OX637751.1 554500000 555000000 161.0
OX637751.1 555000000 555500000 161.0
OX637751.1 555500000 556000000 161.0
OX637751.1 556000000 556500000 161.0
OX637751.1 556500000 557000000 161.0
OX637751.1 557000000 557500000 161.0
OX637751.1 557500000 558000000 161.0
OX637751.1 558000000 558500000 161.0
OX637751.1 558500000 559000000 161.0
OX637751.1 559000000 559500000 161.0
OX637751.1 559500000 560000000 161.0
OX637751.1 560000000 560500000 160.26953
OX637751.1 560500000 561000000 160.0
OX637751.1 561000000 561500000 160.0
OX637751.1 561500000 562000000 160.0
OX637751.1 562000000 562500000 160.0
OX637751.1 562500000 563000000 160.0
OX637751.1 563000000 563500000 159.5923
OX637751.1 563500000 564000000 159.0
OX637751.1 564000000 564500000 159.0
OX637751.1 564500000 565000000 159.0
OX637751.1 565000000 565500000 159.0
OX637751.1 565500000 566000000 159.0
OX637751.1 566000000 566500000 159.0
OX637751.1 566500000 567000000 159.0
OX637751.1 567000000 567500000 159.0
OX637751.1 567500000 568000000 159.0
OX637751.1 568000000 568500000 159.0
OX637751.1 568500000 569000000 159.0
OX637751.1 569000000 569500000 159.0
OX637751.1 569500000 570000000 159.0
OX637751.1 570000000 570500000 159.0
OX637751.1 570500000 571000000 159.0
OX637751.1 571000000 571500000 159.0
OX637751.1 571500000 572000000 158.42526
OX637751.1 572000000 572500000 158.0
OX637751.1 572500000 573000000 157.73043
OX637751.1 573000000 573500000 156.26314
OX637751.1 573500000 574000000 156.0
OX637751.1 574000000 574500000 156.0
OX637751.1 574500000 575000000 156.0
OX637751.1 575000000 575500000 156.0
OX637751.1 575500000 576000000 155.31419
OX637751.1 576000000 576500000 155.0
OX637751.1 576500000 577000000 155.0
OX637751.1 577000000 577500000 154.15132
OX637751.1 577500000 578000000 154.0
OX637751.1 578000000 578500000 154.0
OX637751.1 578500000 579000000 154.0
OX637751.1 579000000 579500000 154.0
OX637751.1 579500000 580000000 154.0
OX637751.1 580000000 580500000 154.0
OX637751.1 580500000 581000000 154.0
OX637751.1 581000000 581500000 154.0
OX637751.1 581500000 582000000 154.0
OX637751.1 582000000 582500000 154.0
OX637751.1 582500000 583000000 153.4839
OX637751.1 583000000 583500000 153.0
OX637751.1 583500000 584000000 153.0
OX637751.1 584000000 584500000 153.0
OX637751.1 584500000 585000000 153.0
OX637751.1 585000000 585500000 153.0
OX637751.1 585500000 586000000 153.0
OX637751.1 586000000 586500000 153.0
OX637751.1 586500000 587000000 153.0
OX637751.1 587000000 587500000 153.0
OX637751.1 587500000 588000000 153.0
OX637751.1 588000000 588500000 153.0
OX637751.1 588500000 589000000 153.0
OX637751.1 589000000 589500000 153.0
OX637751.1 589500000 590000000 153.0
OX637751.1 590000000 590500000 153.0
OX637751.1 590500000 591000000 152.16654
OX637751.1 591000000 591500000 152.0
OX637751.1 591500000 592000000 151.77011
OX637751.1 592000000 592500000 151.0
OX637751.1 592500000 593000000 151.0
OX637751.1 593000000 593500000 151.0
OX637751.1 593500000 594000000 151.0
OX637751.1 594000000 594500000 151.0
OX637751.1 594500000 595000000 151.0
OX637751.1 595000000 595500000 151.0
OX637751.1 595500000 596000000 151.0
OX637751.1 596000000 596500000 150.08813
OX637751.1 596500000 597000000 148.71161
OX637751.1 597000000 597500000 148.0
OX637751.1 597500000 598000000 148.0
OX637751.1 598000000 598500000 148.0
OX637751.1 598500000 599000000 148.0
OX637751.1 599000000 599500000 148.0
OX637751.1 599500000 600000000 148.0
OX637751.1 600000000 600500000 148.0
OX637751.1 600500000 601000000 147.22209
OX637751.1 601000000 601500000 147.0
OX637751.1 601500000 602000000 146.90148
OX637751.1 602000000 602500000 146.0
OX637751.1 602500000 603000000 145.81476
OX637751.1 603000000 603500000 144.61028
OX637751.1 603500000 604000000 144.0
OX637751.1 604000000 604500000 144.0
OX637751.1 604500000 605000000 143.25516
OX637751.1 605000000 605500000 142.5417
OX637751.1 605500000 606000000 142.0
OX637751.1 606000000 606500000 141.58258
OX637751.1 606500000 607000000 141.0
OX637751.1 607000000 607500000 141.0
OX637751.1 607500000 608000000 141.0
OX637751.1 608000000 608500000 139.0831
OX637751.1 608500000 609000000 138.66833
OX637751.1 609000000 609500000 137.2217
OX637751.1 609500000 610000000 137.0
OX637751.1 610000000 610500000 137.0
OX637751.1 610500000 611000000 136.43617
OX637751.1 611000000 611500000 136.0
OX637751.1 611500000 612000000 136.0
OX637751.1 612000000 612500000 136.0
OX637751.1 612500000 613000000 136.0
OX637751.1 613000000 613500000 136.0
OX637751.1 613500000 614000000 134.67584
OX637751.1 614000000 614500000 132.57952
OX637751.1 614500000 615000000 132.0
OX637751.1 615000000 615500000 131.00287
OX637751.1 615500000 616000000 130.12219
OX637751.1 616000000 616500000 129.81347
OX637751.1 616500000 617000000 128.15023
OX637751.1 617000000 617500000 128.0
OX637751.1 617500000 618000000 127.5661
OX637751.1 618000000 618500000 126.01017
OX637751.1 618500000 619000000 124.48793
OX637751.1 619000000 619500000 122.98546
OX637751.1 619500000 620000000 121.46058
OX637751.1 620000000 620500000 120.669
OX637751.1 620500000 621000000 119.4587
OX637751.1 621000000 621500000 117.23025
OX637751.1 621500000 622000000 115.3544
OX637751.1 622000000 622500000 110.88769
OX637751.1 622500000 623000000 105.13892
OX637751.1 623000000 623500000 105.0
OX637751.1 623500000 624000000 104.22306
OX637751.1 624000000 624500000 102.05041
OX637751.1 624500000 625000000 96.41073
OX637751.1 625000000 625500000 91.98717
OX637751.1 625500000 626000000 87.22714
OX637751.1 626000000 626500000 81.38234
OX637751.1 626500000 627000000 80.0
OX637751.1 627000000 627500000 79.39068
OX637751.1 627500000 628000000 77.98857
OX637751.1 628000000 628500000 72.95227
OX637751.1 628500000 629000000 69.50199
OX637751.1 629000000 629500000 67.92752
OX637751.1 629500000 630000000 60.56825
OX637751.1 630000000 630500000 48.41268
OX637751.1 630500000 631000000 40.94852
OX637751.1 631000000 631500000 32.6688
OX637751.1 631500000 632000000 19.48574
OX637751.1 632000000 632428281 5.4878
OX637758.1 0 500000 0.0
OX637758.1 500000 1000000 0.84755
OX637758.1 1000000 1500000 8.46868
OX637758.1 1500000 2000000 14.20306
OX637758.1 2000000 2500000 17.61729
OX637758.1 2500000 3000000 19.52222
OX637758.1 3000000 3500000 20.48892
OX637758.1 3500000 4000000 23.97858
OX637758.1 4000000 4500000 24.27662
OX637758.1 4500000 5000000 25.0
OX637758.1 5000000 5500000 25.394
OX637758.1 5500000 6000000 27.42146
OX637758.1 6000000 6500000 29.75994
OX637758.1 6500000 7000000 31.56595
OX637758.1 7000000 7500000 33.25954
OX637758.1 7500000 8000000 35.82619
OX637758.1 8000000 8500000 38.21089
OX637758.1 8500000 9000000 40.0
OX637758.1 9000000 9500000 40.0
OX637758.1 9500000 10000000 40.0
OX637758.1 10000000 10500000 40.64554
OX637758.1 10500000 11000000 42.0
OX637758.1 11000000 11500000 42.92603
OX637758.1 11500000 12000000 43.0
OX637758.1 12000000 12500000 43.908
OX637758.1 12500000 13000000 46.0
OX637758.1 13000000 13500000 46.0
OX637758.1 13500000 14000000 46.0
OX637758.1 14000000 14500000 46.67503
OX637758.1 14500000 15000000 47.51909
OX637758.1 15000000 15500000 50.79887
OX637758.1 15500000 16000000 51.0
OX637758.1 16000000 16500000 51.0
OX637758.1 16500000 17000000 51.0
OX637758.1 17000000 17500000 51.0
OX637758.1 17500000 18000000 51.32156
OX637758.1 18000000 18500000 52.0
OX637758.1 18500000 19000000 52.0
OX637758.1 19000000 19500000 52.0
OX637758.1 19500000 20000000 53.62765
OX637758.1 20000000 20500000 54.0
OX637758.1 20500000 21000000 54.0
OX637758.1 21000000 21500000 54.0
OX637758.1 21500000 22000000 54.2761
OX637758.1 22000000 22500000 55.0
OX637758.1 22500000 23000000 55.0
OX637758.1 23000000 23500000 55.0
OX637758.1 23500000 24000000 55.0
OX637758.1 24000000 24500000 55.76775
OX637758.1 24500000 25000000 56.0
OX637758.1 25000000 25500000 56.0
OX637758.1 25500000 26000000 56.0
OX637758.1 26000000 26500000 56.0
OX637758.1 26500000 27000000 56.0
OX637758.1 27000000 27500000 56.0
OX637758.1 27500000 28000000 56.0
OX637758.1 28000000 28500000 56.0
OX637758.1 28500000 29000000 56.0
OX637758.1 29000000 29500000 56.0
OX637758.1 29500000 30000000 56.59704
OX637758.1 30000000 30500000 57.0
OX637758.1 30500000 31000000 57.25519
OX637758.1 31000000 31500000 58.0
OX637758.1 31500000 32000000 58.0
OX637758.1 32000000 32500000 58.0
OX637758.1 32500000 33000000 58.0
OX637758.1 33000000 33500000 58.0
OX637758.1 33500000 34000000 58.0
OX637758.1 34000000 34500000 58.0
OX637758.1 34500000 35000000 58.0
OX637758.1 35000000 35500000 58.0
OX637758.1 35500000 36000000 58.0
OX637758.1 36000000 36500000 58.0
OX637758.1 36500000 37000000 58.0
OX637758.1 37000000 37500000 58.0
OX637758.1 37500000 38000000 58.0
OX637758.1 38000000 38500000 58.0
OX637758.1 38500000 39000000 58.0
OX637758.1 39000000 39500000 58.0
OX637758.1 39500000 40000000 58.0
OX637758.1 40000000 40500000 58.30959
OX637758.1 40500000 41000000 60.0
OX637758.1 41000000 41500000 60.0
OX637758.1 41500000 42000000 60.0
OX637758.1 42000000 42500000 60.0
OX637758.1 42500000 43000000 60.0
OX637758.1 43000000 43500000 60.0
OX637758.1 43500000 44000000 60.0
OX637758.1 44000000 44500000 60.0
OX637758.1 44500000 45000000 60.0
OX637758.1 45000000 45500000 60.0
OX637758.1 45500000 46000000 60.0
OX637758.1 46000000 46500000 60.0
OX637758.1 46500000 47000000 60.0
OX637758.1 47000000 47500000 60.0
OX637758.1 47500000 48000000 60.0
OX637758.1 48000000 48500000 60.0
OX637758.1 48500000 49000000 60.0
OX637758.1 49000000 49500000 60.0
OX637758.1 49500000 50000000 60.0
OX637758.1 50000000 50500000 60.0
OX637758.1 50500000 51000000 60.0
OX637758.1 51000000 51500000 60.0
OX637758.1 51500000 52000000 60.0
OX637758.1 52000000 52500000 60.0
OX637758.1 52500000 53000000 60.0
OX637758.1 53000000 53500000 60.0
OX637758.1 53500000 54000000 60.0
OX637758.1 54000000 54500000 60.0
OX637758.1 54500000 55000000 60.0
OX637758.1 55000000 55500000 60.0
OX637758.1 55500000 56000000 60.0
OX637758.1 56000000 56500000 60.0
OX637758.1 56500000 57000000 60.0
OX637758.1 57000000 57500000 60.0
OX637758.1 57500000 58000000 60.0
OX637758.1 58000000 58500000 60.0
OX637758.1 58500000 59000000 60.0
OX637758.1 59000000 59500000 60.0
OX637758.1 59500000 60000000 60.0
OX637758.1 60000000 60500000 60.0
OX637758.1 60500000 61000000 60.0
OX637758.1 61000000 61500000 60.0
OX637758.1 61500000 62000000 60.0
OX637758.1 62000000 62500000 60.0
OX637758.1 62500000 63000000 60.0
OX637758.1 63000000 63500000 60.0
OX637758.1 63500000 64000000 60.0
OX637758.1 64000000 64500000 60.0
OX637758.1 64500000 65000000 60.0
OX637758.1 65000000 65500000 60.0
OX637758.1 65500000 66000000 60.0
OX637758.1 66000000 66500000 60.0
OX637758.1 66500000 67000000 60.0
OX637758.1 67000000 67500000 60.0
OX637758.1 67500000 68000000 60.0
OX637758.1 68000000 68500000 60.0
OX637758.1 68500000 69000000 60.0
OX637758.1 69000000 69500000 60.0
OX637758.1 69500000 70000000 60.0
OX637758.1 70000000 70500000 60.0
OX637758.1 70500000 71000000 60.0
OX637758.1 71000000 71500000 60.0
OX637758.1 71500000 72000000 60.0
OX637758.1 72000000 72500000 60.0
OX637758.1 72500000 73000000 60.0
OX637758.1 73000000 73500000 60.0
OX637758.1 73500000 74000000 60.0
OX637758.1 74000000 74500000 60.0
OX637758.1 74500000 75000000 60.0
OX637758.1 75000000 75500000 60.0
OX637758.1 75500000 76000000 60.0
OX637758.1 76000000 76500000 60.0
OX637758.1 76500000 77000000 60.0
OX637758.1 77000000 77500000 60.0
OX637758.1 77500000 78000000 60.0
OX637758.1 78000000 78500000 60.0
OX637758.1 78500000 79000000 60.0
OX637758.1 79000000 79500000 60.0
OX637758.1 79500000 80000000 60.0
OX637758.1 80000000 80500000 60.0
OX637758.1 80500000 81000000 60.0
OX637758.1 81000000 81500000 60.0
OX637758.1 81500000 82000000 60.0
OX637758.1 82000000 82500000 60.0
OX637758.1 82500000 83000000 60.0
OX637758.1 83000000 83500000 60.0
OX637758.1 83500000 84000000 60.0
OX637758.1 84000000 84500000 60.0
OX637758.1 84500000 85000000 60.0
OX637758.1 85000000 85500000 60.0
OX637758.1 85500000 86000000 60.0
OX637758.1 86000000 86500000 60.0
OX637758.1 86500000 87000000 60.0
OX637758.1 87000000 87500000 60.0
OX637758.1 87500000 88000000 60.0
OX637758.1 88000000 88500000 60.0
OX637758.1 88500000 89000000 60.0
OX637758.1 89000000 89500000 60.0
OX637758.1 89500000 90000000 60.0
OX637758.1 90000000 90500000 60.0
OX637758.1 90500000 91000000 60.0
OX637758.1 91000000 91500000 60.0
OX637758.1 91500000 92000000 60.0
OX637758.1 92000000 92500000 60.0
OX637758.1 92500000 93000000 60.0
OX637758.1 93000000 93500000 60.0
OX637758.1 93500000 94000000 60.0
OX637758.1 94000000 94500000 60.0
OX637758.1 94500000 95000000 60.0
OX637758.1 95000000 95500000 60.0
OX637758.1 95500000 96000000 60.0
OX637758.1 96000000 96500000 60.0
OX637758.1 96500000 97000000 60.0
OX637758.1 97000000 97500000 60.0
OX637758.1 97500000 98000000 60.0
OX637758.1 98000000 98500000 60.0
OX637758.1 98500000 99000000 60.0
OX637758.1 99000000 99500000 60.0
OX637758.1 99500000 100000000 60.0
OX637758.1 100000000 100500000 60.0
OX637758.1 100500000 101000000 60.0
OX637758.1 101000000 101500000 60.0
OX637758.1 101500000 102000000 60.0
OX637758.1 102000000 102500000 60.0
OX637758.1 102500000 103000000 60.0
OX637758.1 103000000 103500000 60.0
OX637758.1 103500000 104000000 60.0
OX637758.1 104000000 104500000 60.0
OX637758.1 104500000 105000000 60.0
OX637758.1 105000000 105500000 60.0
OX637758.1 105500000 106000000 60.0
OX637758.1 106000000 106500000 60.0
OX637758.1 106500000 107000000 60.0
OX637758.1 107000000 107500000 60.0
OX637758.1 107500000 108000000 60.0
OX637758.1 108000000 108500000 60.96253
OX637758.1 108500000 109000000 61.0
OX637758.1 109000000 109500000 61.0
OX637758.1 109500000 110000000 61.0
OX637758.1 110000000 110500000 61.0
OX637758.1 110500000 111000000 61.0
OX637758.1 111000000 111500000 61.0
OX637758.1 111500000 112000000 61.0
OX637758.1 112000000 112500000 61.0
OX637758.1 112500000 113000000 61.0
OX637758.1 113000000 113500000 61.0
OX637758.1 113500000 114000000 61.0
OX637758.1 114000000 114500000 61.0
OX637758.1 114500000 115000000 61.0
OX637758.1 115000000 115500000 61.0
OX637758.1 115500000 116000000 61.0
OX637758.1 116000000 116500000 61.0
OX637758.1 116500000 117000000 61.0
OX637758.1 117000000 117500000 61.0
OX637758.1 117500000 118000000 61.0
OX637758.1 118000000 118500000 61.0
OX637758.1 118500000 119000000 61.0
OX637758.1 119000000 119500000 61.0
OX637758.1 119500000 120000000 61.0
OX637758.1 120000000 120500000 61.0
OX637758.1 120500000 121000000 61.0
OX637758.1 121000000 121500000 61.0
OX637758.1 121500000 122000000 61.0
OX637758.1 122000000 122500000 61.0
OX637758.1 122500000 123000000 61.0
OX637758.1 123000000 123500000 61.0
OX637758.1 123500000 124000000 61.0
OX637758.1 124000000 124500000 61.0
OX637758.1 124500000 125000000 61.0
OX637758.1 125000000 125500000 61.0
OX637758.1 125500000 126000000 61.0
OX637758.1 126000000 126500000 61.0
OX637758.1 126500000 127000000 61.0
OX637758.1 127000000 127500000 61.0
OX637758.1 127500000 128000000 61.0
OX637758.1 128000000 128500000 61.0
OX637758.1 128500000 129000000 61.0
OX637758.1 129000000 129500000 61.0
OX637758.1 129500000 130000000 61.0
OX637758.1 130000000 130500000 61.0
OX637758.1 130500000 131000000 61.0
OX637758.1 131000000 131500000 61.0
OX637758.1 131500000 132000000 61.0
OX637758.1 132000000 132500000 61.0
OX637758.1 132500000 133000000 61.0
OX637758.1 133000000 133500000 60.11117
OX637758.1 133500000 134000000 60.0
OX637758.1 134000000 134500000 60.0
OX637758.1 134500000 135000000 60.0
OX637758.1 135000000 135500000 60.0
OX637758.1 135500000 136000000 60.0
OX637758.1 136000000 136500000 60.0
OX637758.1 136500000 137000000 60.0
OX637758.1 137000000 137500000 60.0
OX637758.1 137500000 138000000 60.0
OX637758.1 138000000 138500000 60.0
OX637758.1 138500000 139000000 60.0
OX637758.1 139000000 139500000 60.0
OX637758.1 139500000 140000000 60.0
OX637758.1 140000000 140500000 60.0
OX637758.1 140500000 141000000 60.0
OX637758.1 141000000 141500000 60.0
OX637758.1 141500000 142000000 60.0
OX637758.1 142000000 142500000 60.0
OX637758.1 142500000 143000000 60.0
OX637758.1 143000000 143500000 60.0
OX637758.1 143500000 144000000 60.0
OX637758.1 144000000 144500000 60.0
OX637758.1 144500000 145000000 60.0
OX637758.1 145000000 145500000 60.0
OX637758.1 145500000 146000000 60.0
OX637758.1 146000000 146500000 60.0
OX637758.1 146500000 147000000 60.0
OX637758.1 147000000 147500000 60.0
OX637758.1 147500000 148000000 60.0
OX637758.1 148000000 148500000 60.0
OX637758.1 148500000 149000000 60.0
OX637758.1 149000000 149500000 60.0
OX637758.1 149500000 150000000 60.0
OX637758.1 150000000 150500000 60.0
OX637758.1 150500000 151000000 60.0
OX637758.1 151000000 151500000 60.0
OX637758.1 151500000 152000000 60.0
OX637758.1 152000000 152500000 60.0
OX637758.1 152500000 153000000 60.0
OX637758.1 153000000 153500000 60.0
OX637758.1 153500000 154000000 60.0
OX637758.1 154000000 154500000 60.0
OX637758.1 154500000 155000000 60.0
OX637758.1 155000000 155500000 60.0
OX637758.1 155500000 156000000 60.0
OX637758.1 156000000 156500000 60.0
OX637758.1 156500000 157000000 60.0
OX637758.1 157000000 157500000 60.0
OX637758.1 157500000 158000000 60.0
OX637758.1 158000000 158500000 60.0
OX637758.1 158500000 159000000 60.0
OX637758.1 159000000 159500000 60.0
OX637758.1 159500000 160000000 60.0
OX637758.1 160000000 160500000 60.0
OX637758.1 160500000 161000000 60.0
OX637758.1 161000000 161500000 60.0
OX637758.1 161500000 162000000 60.0
OX637758.1 162000000 162500000 60.0
OX637758.1 162500000 163000000 60.0
OX637758.1 163000000 163500000 60.0
OX637758.1 163500000 164000000 60.0
OX637758.1 164000000 164500000 60.0
OX637758.1 164500000 165000000 60.0
OX637758.1 165000000 165500000 60.0
OX637758.1 165500000 166000000 60.0
OX637758.1 166000000 166500000 60.0
OX637758.1 166500000 167000000 60.0
OX637758.1 167000000 167500000 60.0
OX637758.1 167500000 168000000 60.0
OX637758.1 168000000 168500000 60.0
OX637758.1 168500000 169000000 60.0
OX637758.1 169000000 169500000 60.0
OX637758.1 169500000 170000000 60.0
OX637758.1 170000000 170500000 60.0
OX637758.1 170500000 171000000 60.0
OX637758.1 171000000 171500000 60.0
OX637758.1 171500000 172000000 60.0
OX637758.1 172000000 172500000 60.0
OX637758.1 172500000 173000000 60.0
OX637758.1 173000000 173500000 60.0
OX637758.1 173500000 174000000 60.0
OX637758.1 174000000 174500000 60.0
OX637758.1 174500000 175000000 60.0
OX637758.1 175000000 175500000 60.0
OX637758.1 175500000 176000000 60.0
OX637758.1 176000000 176500000 60.0
OX637758.1 176500000 177000000 60.0
OX637758.1 177000000 177500000 60.0
OX637758.1 177500000 178000000 60.0
OX637758.1 178000000 178500000 60.0
OX637758.1 178500000 179000000 60.0
OX637758.1 179000000 179500000 60.0
OX637758.1 179500000 180000000 60.0
OX637758.1 180000000 180500000 60.0
OX637758.1 180500000 181000000 60.0
OX637758.1 181000000 181500000 60.0
OX637758.1 181500000 182000000 60.0
OX637758.1 182000000 182500000 60.0
OX637758.1 182500000 183000000 60.0
OX637758.1 183000000 183500000 59.64663
OX637758.1 183500000 184000000 59.0
OX637758.1 184000000 184500000 59.0
OX637758.1 184500000 185000000 59.0
OX637758.1 185000000 185500000 59.0
OX637758.1 185500000 186000000 59.0
OX637758.1 186000000 186500000 59.0
OX637758.1 186500000 187000000 59.0
OX637758.1 187000000 187500000 58.70567
OX637758.1 187500000 188000000 58.0
OX637758.1 188000000 188500000 58.0
OX637758.1 188500000 189000000 58.0
OX637758.1 189000000 189500000 58.0
OX637758.1 189500000 190000000 58.0
OX637758.1 190000000 190500000 58.0
OX637758.1 190500000 191000000 58.0
OX637758.1 191000000 191500000 58.0
OX637758.1 191500000 192000000 58.0
OX637758.1 192000000 192500000 58.0
OX637758.1 192500000 193000000 58.0
OX637758.1 193000000 193500000 58.0
OX637758.1 193500000 194000000 58.0
OX637758.1 194000000 194500000 58.0
OX637758.1 194500000 195000000 58.0
OX637758.1 195000000 195500000 58.0
OX637758.1 195500000 196000000 58.0
OX637758.1 196000000 196500000 58.0
OX637758.1 196500000 197000000 58.0
OX637758.1 197000000 197500000 58.0
OX637758.1 197500000 198000000 58.0
OX637758.1 198000000 198500000 58.0
OX637758.1 198500000 199000000 58.0
OX637758.1 199000000 199500000 58.0
OX637758.1 199500000 200000000 58.0
OX637758.1 200000000 200500000 58.0
OX637758.1 200500000 201000000 58.0
OX637758.1 201000000 201500000 58.0
OX637758.1 201500000 202000000 58.0
OX637758.1 202000000 202500000 58.0
OX637758.1 202500000 203000000 58.0
OX637758.1 203000000 203500000 58.0
OX637758.1 203500000 204000000 58.0
OX637758.1 204000000 204500000 58.0
OX637758.1 204500000 205000000 58.0
OX637758.1 205000000 205500000 58.0
OX637758.1 205500000 206000000 58.0
OX637758.1 206000000 206500000 58.0
OX637758.1 206500000 207000000 58.0
OX637758.1 207000000 207500000 58.0
OX637758.1 207500000 208000000 58.0
OX637758.1 208000000 208500000 58.0
OX637758.1 208500000 209000000 58.0
OX637758.1 209000000 209500000 58.0
OX637758.1 209500000 210000000 58.0
OX637758.1 210000000 210500000 58.0
OX637758.1 210500000 211000000 58.0
OX637758.1 211000000 211500000 58.0
OX637758.1 211500000 212000000 58.0
OX637758.1 212000000 212500000 58.0
OX637758.1 212500000 213000000 58.0
OX637758.1 213000000 213500000 58.0
OX637758.1 213500000 214000000 58.0
OX637758.1 214000000 214500000 58.0
OX637758.1 214500000 215000000 58.0
OX637758.1 215000000 215500000 58.0
OX637758.1 215500000 216000000 58.0
OX637758.1 216000000 216500000 58.0
OX637758.1 216500000 217000000 58.0
OX637758.1 217000000 217500000 58.0
OX637758.1 217500000 218000000 58.0
OX637758.1 218000000 218500000 58.0
OX637758.1 218500000 219000000 58.0
OX637758.1 219000000 219500000 58.0
OX637758.1 219500000 220000000 58.0
OX637758.1 220000000 220500000 58.0
OX637758.1 220500000 221000000 58.0
OX637758.1 221000000 221500000 58.0
OX637758.1 221500000 222000000 58.0
OX637758.1 222000000 222500000 57.06483
OX637758.1 222500000 223000000 57.0
OX637758.1 223000000 223500000 57.0
OX637758.1 223500000 224000000 57.0
OX637758.1 224000000 224500000 57.0
OX637758.1 224500000 225000000 56.91393
OX637758.1 225000000 225500000 56.0
OX637758.1 225500000 226000000 56.0
OX637758.1 226000000 226500000 56.0
OX637758.1 226500000 227000000 56.0
OX637758.1 227000000 227500000 56.0
OX637758.1 227500000 228000000 56.0
OX637758.1 228000000 228500000 56.0
OX637758.1 228500000 229000000 56.0
OX637758.1 229000000 229500000 56.0
OX637758.1 229500000 230000000 56.0
OX637758.1 230000000 230500000 56.0
OX637758.1 230500000 231000000 55.3849
OX637758.1 231000000 231500000 55.0
OX637758.1 231500000 232000000 55.0
OX637758.1 232000000 232500000 55.0
OX637758.1 232500000 233000000 55.0
OX637758.1 233000000 233500000 55.0
OX637758.1 233500000 234000000 55.0
OX637758.1 234000000 234500000 55.0
OX637758.1 234500000 235000000 55.0
OX637758.1 235000000 235500000 55.0
OX637758.1 235500000 236000000 55.0
OX637758.1 236000000 236500000 55.0
OX637758.1 236500000 237000000 55.0
OX637758.1 237000000 237500000 55.0
OX637758.1 237500000 238000000 55.0
OX637758.1 238000000 238500000 55.0
OX637758.1 238500000 239000000 55.0
OX637758.1 239000000 239500000 55.0
OX637758.1 239500000 240000000 55.0
OX637758.1 240000000 240500000 55.0
OX637758.1 240500000 241000000 55.0
OX637758.1 241000000 241500000 55.0
OX637758.1 241500000 242000000 55.0
OX637758.1 242000000 242500000 53.91167
OX637758.1 242500000 243000000 52.0
OX637758.1 243000000 243500000 52.0
OX637758.1 243500000 244000000 52.0
OX637758.1 244000000 244500000 52.0
OX637758.1 244500000 245000000 52.0
OX637758.1 245000000 245500000 51.39101
OX637758.1 245500000 246000000 51.0
OX637758.1 246000000 246500000 51.0
OX637758.1 246500000 247000000 50.25887
OX637758.1 247000000 247500000 50.0
OX637758.1 247500000 248000000 50.0
OX637758.1 248000000 248500000 50.0
OX637758.1 248500000 249000000 50.0
OX637758.1 249000000 249500000 50.0
OX637758.1 249500000 250000000 50.0
OX637758.1 250000000 250500000 50.0
OX637758.1 250500000 251000000 50.0
OX637758.1 251000000 251500000 50.0
OX637758.1 251500000 252000000 50.0
OX637758.1 252000000 252500000 50.0
OX637758.1 252500000 253000000 50.0
OX637758.1 253000000 253500000 50.0
OX637758.1 253500000 254000000 50.0
OX637758.1 254000000 254500000 51.43601
OX637758.1 254500000 255000000 50.02231
OX637758.1 255000000 255500000 50.0
OX637758.1 255500000 256000000 50.0
OX637758.1 256000000 256500000 50.0
OX637758.1 256500000 257000000 50.0
OX637758.1 257000000 257500000 50.0
OX637758.1 257500000 258000000 50.0
OX637758.1 258000000 258500000 50.0
OX637758.1 258500000 259000000 50.0
OX637758.1 259000000 259500000 50.0
OX637758.1 259500000 260000000 50.0
OX637758.1 260000000 260500000 50.0
OX637758.1 260500000 261000000 49.84359
OX637758.1 261000000 261500000 49.0
OX637758.1 261500000 262000000 49.0
OX637758.1 262000000 262500000 49.0
OX637758.1 262500000 263000000 49.0
OX637758.1 263000000 263500000 49.0
OX637758.1 263500000 264000000 49.0
OX637758.1 264000000 264500000 49.0
OX637758.1 264500000 265000000 49.0
OX637758.1 265000000 265500000 49.0
OX637758.1 265500000 266000000 49.0
OX637758.1 266000000 266500000 49.0
OX637758.1 266500000 267000000 49.0
OX637758.1 267000000 267500000 49.0
OX637758.1 267500000 268000000 49.0
OX637758.1 268000000 268500000 49.0
OX637758.1 268500000 269000000 49.0
OX637758.1 269000000 269500000 49.53907
OX637758.1 269500000 270000000 49.33365
OX637758.1 270000000 270500000 49.0
OX637758.1 270500000 271000000 48.02543
OX637758.1 271000000 271500000 48.0
OX637758.1 271500000 272000000 48.0
OX637758.1 272000000 272500000 48.14125
OX637758.1 272500000 273000000 48.03317
OX637758.1 273000000 273500000 48.0
OX637758.1 273500000 274000000 48.0
OX637758.1 274000000 274500000 47.126
OX637758.1 274500000 275000000 45.67984
OX637758.1 275000000 275500000 45.0
OX637758.1 275500000 276000000 45.0
OX637758.1 276000000 276500000 45.0
OX637758.1 276500000 277000000 44.38957
OX637758.1 277000000 277500000 44.3418
OX637758.1 277500000 278000000 44.0
OX637758.1 278000000 278500000 43.20649
OX637758.1 278500000 279000000 43.0
OX637758.1 279000000 279500000 43.0
OX637758.1 279500000 280000000 43.03963
OX637758.1 280000000 280500000 43.51515
OX637758.1 280500000 281000000 43.0
OX637758.1 281000000 281500000 43.0
OX637758.1 281500000 282000000 43.0
OX637758.1 282000000 282500000 43.0
OX637758.1 282500000 283000000 42.84062
OX637758.1 283000000 283500000 41.06148
OX637758.1 283500000 284000000 40.0
OX637758.1 284000000 284500000 40.0
OX637758.1 284500000 285000000 40.0
OX637758.1 285000000 285500000 40.0
OX637758.1 285500000 286000000 40.0
OX637758.1 286000000 286500000 38.59545
OX637758.1 286500000 287000000 37.47085
OX637758.1 287000000 287500000 36.69821
OX637758.1 287500000 288000000 36.0
OX637758.1 288000000 288500000 35.21496
OX637758.1 288500000 289000000 35.0
OX637758.1 289000000 289500000 34.52799
OX637758.1 289500000 290000000 32.74322
OX637758.1 290000000 290500000 27.98071
OX637758.1 290500000 291000000 26.42543
OX637758.1 291000000 291500000 25.67332
OX637758.1 291500000 292000000 25.0
OX637758.1 292000000 292500000 24.08559
OX637758.1 292500000 293000000 20.43908
OX637758.1 293000000 293500000 16.61566
OX637758.1 293500000 294000000 14.01702
OX637758.1 294000000 294500000 12.38113
OX637758.1 294500000 295000000 10.5926
OX637758.1 295000000 295500000 8.64719
OX637758.1 295500000 296000000 6.8787
OX637758.1 296000000 296500000 4.74051
OX637758.1 296500000 297000000 1.36228
OX637758.1 297000000 297154445 0.0
OX637745.1 0 500000 1.74303
OX637745.1 500000 1000000 12.50101
OX637745.1 1000000 1500000 21.83555
OX637745.1 1500000 2000000 27.75662
OX637745.1 2000000 2500000 32.82004
OX637745.1 2500000 3000000 37.95097
OX637745.1 3000000 3500000 39.80643
OX637745.1 3500000 4000000 39.33123
OX637745.1 4000000 4500000 42.61689
OX637745.1 4500000 5000000 46.21573
OX637745.1 5000000 5500000 48.0
OX637745.1 5500000 6000000 49.13657
OX637745.1 6000000 6500000 51.0
OX637745.1 6500000 7000000 52.26328
OX637745.1 7000000 7500000 55.69575
OX637745.1 7500000 8000000 57.40303
OX637745.1 8000000 8500000 58.68031
OX637745.1 8500000 9000000 60.20853
OX637745.1 9000000 9500000 61.77281
OX637745.1 9500000 10000000 62.52929
OX637745.1 10000000 10500000 64.0
OX637745.1 10500000 11000000 64.67609
OX637745.1 11000000 11500000 66.68554
OX637745.1 11500000 12000000 68.85755
OX637745.1 12000000 12500000 71.15403
OX637745.1 12500000 13000000 73.68129
OX637745.1 13000000 13500000 74.57481
OX637745.1 13500000 14000000 76.05533
OX637745.1 14000000 14500000 77.0
OX637745.1 14500000 15000000 77.57454
OX637745.1 15000000 15500000 79.14397
OX637745.1 15500000 16000000 80.0
OX637745.1 16000000 16500000 80.81331
OX637745.1 16500000 17000000 83.42348
OX637745.1 17000000 17500000 84.0
OX637745.1 17500000 18000000 84.87807
OX637745.1 18000000 18500000 86.3251
OX637745.1 18500000 19000000 87.95857
OX637745.1 19000000 19500000 89.02345
OX637745.1 19500000 20000000 90.0
OX637745.1 20000000 20500000 92.33654
OX637745.1 20500000 21000000 93.0
OX637745.1 21000000 21500000 93.0
OX637745.1 21500000 22000000 93.0
OX637745.1 22000000 22500000 93.0
OX637745.1 22500000 23000000 93.0
OX637745.1 23000000 23500000 93.0
OX637745.1 23500000 24000000 93.0
OX637745.1 24000000 24500000 93.0
OX637745.1 24500000 25000000 93.0
OX637745.1 25000000 25500000 93.0
OX637745.1 25500000 26000000 93.0
OX637745.1 26000000 26500000 93.29245
OX637745.1 26500000 27000000 95.74808
OX637745.1 27000000 27500000 96.0
OX637745.1 27500000 28000000 96.0
OX637745.1 28000000 28500000 96.0
OX637745.1 28500000 29000000 97.87531
OX637745.1 29000000 29500000 98.0
OX637745.1 29500000 30000000 98.0
OX637745.1 30000000 30500000 98.0
OX637745.1 30500000 31000000 98.0
OX637745.1 31000000 31500000 98.58497
OX637745.1 31500000 32000000 99.0
OX637745.1 32000000 32500000 99.54293
OX637745.1 32500000 33000000 100.0
OX637745.1 33000000 33500000 100.0
OX637745.1 33500000 34000000 100.21293
OX637745.1 34000000 34500000 100.0
OX637745.1 34500000 35000000 100.52425
OX637745.1 35000000 35500000 101.0
OX637745.1 35500000 36000000 101.0
OX637745.1 36000000 36500000 101.0
OX637745.1 36500000 37000000 101.0
OX637745.1 37000000 37500000 101.0
OX637745.1 37500000 38000000 101.0
OX637745.1 38000000 38500000 101.0
OX637745.1 38500000 39000000 101.0
OX637745.1 39000000 39500000 101.0
OX637745.1 39500000 40000000 101.0
OX637745.1 40000000 40500000 101.0
OX637745.1 40500000 41000000 101.0
OX637745.1 41000000 41500000 101.0
OX637745.1 41500000 42000000 101.0
OX637745.1 42000000 42500000 101.0
OX637745.1 42500000 43000000 101.0
OX637745.1 43000000 43500000 101.0
OX637745.1 43500000 44000000 101.98277
OX637745.1 44000000 44500000 102.0
OX637745.1 44500000 45000000 104.83459
OX637745.1 45000000 45500000 106.0
OX637745.1 45500000 46000000 106.03637
OX637745.1 46000000 46500000 108.36414
OX637745.1 46500000 47000000 107.86448
OX637745.1 47000000 47500000 108.0
OX637745.1 47500000 48000000 108.0
OX637745.1 48000000 48500000 108.0
OX637745.1 48500000 49000000 108.0
OX637745.1 49000000 49500000 108.0
OX637745.1 49500000 50000000 108.55115
OX637745.1 50000000 50500000 109.0
OX637745.1 50500000 51000000 109.0
OX637745.1 51000000 51500000 109.33746
OX637745.1 51500000 52000000 110.0
OX637745.1 52000000 52500000 110.0
OX637745.1 52500000 53000000 110.0
OX637745.1 53000000 53500000 110.31146
OX637745.1 53500000 54000000 111.34527
OX637745.1 54000000 54500000 111.02687
OX637745.1 54500000 55000000 111.0
OX637745.1 55000000 55500000 111.0
OX637745.1 55500000 56000000 111.0
OX637745.1 56000000 56500000 111.0
OX637745.1 56500000 57000000 111.0
OX637745.1 57000000 57500000 111.0
OX637745.1 57500000 58000000 111.0
OX637745.1 58000000 58500000 111.0
OX637745.1 58500000 59000000 111.0
OX637745.1 59000000 59500000 111.0
OX637745.1 59500000 60000000 111.0
OX637745.1 60000000 60500000 111.0
OX637745.1 60500000 61000000 111.0
OX637745.1 61000000 61500000 111.0
OX637745.1 61500000 62000000 111.0
OX637745.1 62000000 62500000 111.0
OX637745.1 62500000 63000000 111.0
OX637745.1 63000000 63500000 111.0
OX637745.1 63500000 64000000 111.0
OX637745.1 64000000 64500000 111.0
OX637745.1 64500000 65000000 111.0
OX637745.1 65000000 65500000 111.0
OX637745.1 65500000 66000000 111.0
OX637745.1 66000000 66500000 111.0
OX637745.1 66500000 67000000 111.29284
OX637745.1 67000000 67500000 112.0
OX637745.1 67500000 68000000 112.0
OX637745.1 68000000 68500000 112.0
OX637745.1 68500000 69000000 112.0
OX637745.1 69000000 69500000 112.0
OX637745.1 69500000 70000000 112.5137
OX637745.1 70000000 70500000 112.0
OX637745.1 70500000 71000000 112.0
OX637745.1 71000000 71500000 112.0
OX637745.1 71500000 72000000 112.81635
OX637745.1 72000000 72500000 113.0
OX637745.1 72500000 73000000 112.85176
OX637745.1 73000000 73500000 112.0
OX637745.1 73500000 74000000 112.0
OX637745.1 74000000 74500000 112.0
OX637745.1 74500000 75000000 112.0
OX637745.1 75000000 75500000 112.81007
OX637745.1 75500000 76000000 113.0
OX637745.1 76000000 76500000 113.0
OX637745.1 76500000 77000000 113.0
OX637745.1 77000000 77500000 113.0
OX637745.1 77500000 78000000 113.64958
OX637745.1 78000000 78500000 114.24677
OX637745.1 78500000 79000000 115.0
OX637745.1 79000000 79500000 115.54043
OX637745.1 79500000 80000000 116.0
OX637745.1 80000000 80500000 116.0
OX637745.1 80500000 81000000 116.0
OX637745.1 81000000 81500000 116.0
OX637745.1 81500000 82000000 116.0
OX637745.1 82000000 82500000 116.0
OX637745.1 82500000 83000000 116.0
OX637745.1 83000000 83500000 116.0
OX637745.1 83500000 84000000 116.0
OX637745.1 84000000 84500000 116.0
OX637745.1 84500000 85000000 116.0
OX637745.1 85000000 85500000 116.959
OX637745.1 85500000 86000000 118.0
OX637745.1 86000000 86500000 118.0
OX637745.1 86500000 87000000 118.0
OX637745.1 87000000 87500000 118.14493
OX637745.1 87500000 88000000 119.0
OX637745.1 88000000 88500000 119.67967
OX637745.1 88500000 89000000 120.0
OX637745.1 89000000 89500000 120.0
OX637745.1 89500000 90000000 120.1109
OX637745.1 90000000 90500000 121.0
OX637745.1 90500000 91000000 121.0
OX637745.1 91000000 91500000 121.0
OX637745.1 91500000 92000000 120.64253
OX637745.1 92000000 92500000 120.0
OX637745.1 92500000 93000000 119.09511
OX637745.1 93000000 93500000 119.0
OX637745.1 93500000 94000000 119.0
OX637745.1 94000000 94500000 119.0
OX637745.1 94500000 95000000 119.0
OX637745.1 95000000 95500000 119.0
OX637745.1 95500000 96000000 119.0
OX637745.1 96000000 96500000 119.0
OX637745.1 96500000 97000000 119.0
OX637745.1 97000000 97500000 119.0
OX637745.1 97500000 98000000 119.0
OX637745.1 98000000 98500000 119.0
OX637745.1 98500000 99000000 119.0
OX637745.1 99000000 99500000 119.27872
OX637745.1 99500000 100000000 120.0
OX637745.1 100000000 100500000 120.0
OX637745.1 100500000 101000000 120.0
OX637745.1 101000000 101500000 120.0
OX637745.1 101500000 102000000 120.0
OX637745.1 102000000 102500000 120.0
OX637745.1 102500000 103000000 120.0
OX637745.1 103000000 103500000 120.0
OX637745.1 103500000 104000000 120.59319
OX637745.1 104000000 104500000 121.0
OX637745.1 104500000 105000000 121.0
OX637745.1 105000000 105500000 121.0
OX637745.1 105500000 106000000 121.0
OX637745.1 106000000 106500000 121.0
OX637745.1 106500000 107000000 121.0
OX637745.1 107000000 107500000 121.0
OX637745.1 107500000 108000000 121.0
OX637745.1 108000000 108500000 121.0
OX637745.1 108500000 109000000 121.0
OX637745.1 109000000 109500000 121.0
OX637745.1 109500000 110000000 121.0
OX637745.1 110000000 110500000 121.0
OX637745.1 110500000 111000000 121.0
OX637745.1 111000000 111500000 121.0
OX637745.1 111500000 112000000 121.0
OX637745.1 112000000 112500000 121.0
OX637745.1 112500000 113000000 121.0
OX637745.1 113000000 113500000 121.0
OX637745.1 113500000 114000000 121.0
OX637745.1 114000000 114500000 121.0
OX637745.1 114500000 115000000 121.0
OX637745.1 115000000 115500000 121.0
OX637745.1 115500000 116000000 121.0
OX637745.1 116000000 116500000 121.0
OX637745.1 116500000 117000000 121.0
OX637745.1 117000000 117500000 121.0
OX637745.1 117500000 118000000 121.0
OX637745.1 118000000 118500000 121.0
OX637745.1 118500000 119000000 121.00021
OX637745.1 119000000 119500000 121.0
OX637745.1 119500000 120000000 121.0
OX637745.1 120000000 120500000 120.8994
OX637745.1 120500000 121000000 120.0
OX637745.1 121000000 121500000 120.0
OX637745.1 121500000 122000000 120.0
OX637745.1 122000000 122500000 120.0
OX637745.1 122500000 123000000 120.0
OX637745.1 123000000 123500000 120.0
OX637745.1 123500000 124000000 120.0
OX637745.1 124000000 124500000 120.0
OX637745.1 124500000 125000000 120.0
OX637745.1 125000000 125500000 120.0
OX637745.1 125500000 126000000 120.0
OX637745.1 126000000 126500000 120.0
OX637745.1 126500000 127000000 120.0
OX637745.1 127000000 127500000 120.0
OX637745.1 127500000 128000000 120.0
OX637745.1 128000000 128500000 120.0
OX637745.1 128500000 129000000 120.0
OX637745.1 129000000 129500000 120.0
OX637745.1 129500000 130000000 120.0
OX637745.1 130000000 130500000 120.0
OX637745.1 130500000 131000000 120.0
OX637745.1 131000000 131500000 120.0
OX637745.1 131500000 132000000 120.0
OX637745.1 132000000 132500000 120.0
OX637745.1 132500000 133000000 120.0
OX637745.1 133000000 133500000 120.0
OX637745.1 133500000 134000000 120.0
OX637745.1 134000000 134500000 120.0
OX637745.1 134500000 135000000 120.0
OX637745.1 135000000 135500000 120.0
OX637745.1 135500000 136000000 120.0
OX637745.1 136000000 136500000 120.0
OX637745.1 136500000 137000000 120.0
OX637745.1 137000000 137500000 120.0
OX637745.1 137500000 138000000 120.0
OX637745.1 138000000 138500000 120.0
OX637745.1 138500000 139000000 120.0
OX637745.1 139000000 139500000 120.0
OX637745.1 139500000 140000000 120.0
OX637745.1 140000000 140500000 120.0
OX637745.1 140500000 141000000 120.0
OX637745.1 141000000 141500000 120.0
OX637745.1 141500000 142000000 120.0
OX637745.1 142000000 142500000 120.0
OX637745.1 142500000 143000000 120.0
OX637745.1 143000000 143500000 120.0
OX637745.1 143500000 144000000 119.38094
OX637745.1 144000000 144500000 119.0
OX637745.1 144500000 145000000 119.0
OX637745.1 145000000 145500000 119.52001
OX637745.1 145500000 146000000 120.0
OX637745.1 146000000 146500000 120.0
OX637745.1 146500000 147000000 120.0
OX637745.1 147000000 147500000 120.0
OX637745.1 147500000 148000000 120.0
OX637745.1 148000000 148500000 120.0
OX637745.1 148500000 149000000 120.0
OX637745.1 149000000 149500000 120.0
OX637745.1 149500000 150000000 120.0
OX637745.1 150000000 150500000 120.0
OX637745.1 150500000 151000000 120.0
OX637745.1 151000000 151500000 120.0
OX637745.1 151500000 152000000 120.0
OX637745.1 152000000 152500000 120.0
OX637745.1 152500000 153000000 120.0
OX637745.1 153000000 153500000 120.0
OX637745.1 153500000 154000000 120.0
OX637745.1 154000000 154500000 120.0
OX637745.1 154500000 155000000 120.0
OX637745.1 155000000 155500000 120.0
OX637745.1 155500000 156000000 120.0
OX637745.1 156000000 156500000 120.0
OX637745.1 156500000 157000000 120.0
OX637745.1 157000000 157500000 120.0
OX637745.1 157500000 158000000 120.0
OX637745.1 158000000 158500000 120.0
OX637745.1 158500000 159000000 120.0
OX637745.1 159000000 159500000 120.0
OX637745.1 159500000 160000000 120.0
OX637745.1 160000000 160500000 120.0
OX637745.1 160500000 161000000 120.0
OX637745.1 161000000 161500000 120.0
OX637745.1 161500000 162000000 120.0
OX637745.1 162000000 162500000 120.0
OX637745.1 162500000 163000000 120.0
OX637745.1 163000000 163500000 120.0
OX637745.1 163500000 164000000 120.0
OX637745.1 164000000 164500000 120.0
OX637745.1 164500000 165000000 120.0
OX637745.1 165000000 165500000 120.0
OX637745.1 165500000 166000000 120.0
OX637745.1 166000000 166500000 120.0
OX637745.1 166500000 167000000 120.0
OX637745.1 167000000 167500000 120.0
OX637745.1 167500000 168000000 120.0
OX637745.1 168000000 168500000 120.0
OX637745.1 168500000 169000000 120.0
OX637745.1 169000000 169500000 120.0
OX637745.1 169500000 170000000 120.0
OX637745.1 170000000 170500000 120.0
OX637745.1 170500000 171000000 120.0
OX637745.1 171000000 171500000 120.0
OX637745.1 171500000 172000000 120.0
OX637745.1 172000000 172500000 120.0
OX637745.1 172500000 173000000 120.0
OX637745.1 173000000 173500000 120.0
OX637745.1 173500000 174000000 120.0
OX637745.1 174000000 174500000 120.87385
OX637745.1 174500000 175000000 121.0
OX637745.1 175000000 175500000 121.0
OX637745.1 175500000 176000000 121.0
OX637745.1 176000000 176500000 121.0
OX637745.1 176500000 177000000 121.0
OX637745.1 177000000 177500000 121.0
OX637745.1 177500000 178000000 121.0
OX637745.1 178000000 178500000 121.0
OX637745.1 178500000 179000000 121.0
OX637745.1 179000000 179500000 121.0
OX637745.1 179500000 180000000 121.0
OX637745.1 180000000 180500000 121.0
OX637745.1 180500000 181000000 121.0
OX637745.1 181000000 181500000 121.0
OX637745.1 181500000 182000000 121.0
OX637745.1 182000000 182500000 121.0
OX637745.1 182500000 183000000 121.0
OX637745.1 183000000 183500000 121.0
OX637745.1 183500000 184000000 121.0
OX637745.1 184000000 184500000 121.0
OX637745.1 184500000 185000000 121.0
OX637745.1 185000000 185500000 121.0
OX637745.1 185500000 186000000 121.0
OX637745.1 186000000 186500000 121.0
OX637745.1 186500000 187000000 121.0
OX637745.1 187000000 187500000 121.0
OX637745.1 187500000 188000000 121.0
OX637745.1 188000000 188500000 121.68145
OX637745.1 188500000 189000000 122.0
OX637745.1 189000000 189500000 122.0
OX637745.1 189500000 190000000 122.0
OX637745.1 190000000 190500000 122.00019
OX637745.1 190500000 191000000 122.0
OX637745.1 191000000 191500000 122.0
OX637745.1 191500000 192000000 122.0
OX637745.1 192000000 192500000 122.0
OX637745.1 192500000 193000000 122.0
OX637745.1 193000000 193500000 122.0
OX637745.1 193500000 194000000 122.0
OX637745.1 194000000 194500000 122.0
OX637745.1 194500000 195000000 122.0
OX637745.1 195000000 195500000 122.0
OX637745.1 195500000 196000000 122.0
OX637745.1 196000000 196500000 122.0
OX637745.1 196500000 197000000 122.0
OX637745.1 197000000 197500000 122.0
OX637745.1 197500000 198000000 122.0
OX637745.1 198000000 198500000 122.0
OX637745.1 198500000 199000000 122.0
OX637745.1 199000000 199500000 122.0
OX637745.1 199500000 200000000 122.0
OX637745.1 200000000 200500000 122.0
OX637745.1 200500000 201000000 122.0
OX637745.1 201000000 201500000 122.0
OX637745.1 201500000 202000000 122.0
OX637745.1 202000000 202500000 122.0
OX637745.1 202500000 203000000 122.0
OX637745.1 203000000 203500000 122.0
OX637745.1 203500000 204000000 122.0
OX637745.1 204000000 204500000 122.0
OX637745.1 204500000 205000000 122.0
OX637745.1 205000000 205500000 122.0
OX637745.1 205500000 206000000 122.0
OX637745.1 206000000 206500000 122.0
OX637745.1 206500000 207000000 122.0
OX637745.1 207000000 207500000 122.0
OX637745.1 207500000 208000000 122.0
OX637745.1 208000000 208500000 122.0
OX637745.1 208500000 209000000 122.0
OX637745.1 209000000 209500000 122.0
OX637745.1 209500000 210000000 122.0
OX637745.1 210000000 210500000 122.0
OX637745.1 210500000 211000000 122.0
OX637745.1 211000000 211500000 122.0
OX637745.1 211500000 212000000 122.0
OX637745.1 212000000 212500000 122.0
OX637745.1 212500000 213000000 122.0
OX637745.1 213000000 213500000 122.0
OX637745.1 213500000 214000000 122.0
OX637745.1 214000000 214500000 122.0
OX637745.1 214500000 215000000 122.0
OX637745.1 215000000 215500000 122.0
OX637745.1 215500000 216000000 122.0
OX637745.1 216000000 216500000 122.0
OX637745.1 216500000 217000000 122.0
OX637745.1 217000000 217500000 122.0
OX637745.1 217500000 218000000 122.0
OX637745.1 218000000 218500000 122.0
OX637745.1 218500000 219000000 122.0
OX637745.1 219000000 219500000 122.0
OX637745.1 219500000 220000000 122.0
OX637745.1 220000000 220500000 122.0
OX637745.1 220500000 221000000 122.0
OX637745.1 221000000 221500000 122.0
OX637745.1 221500000 222000000 122.0
OX637745.1 222000000 222500000 122.0
OX637745.1 222500000 223000000 122.0
OX637745.1 223000000 223500000 122.0
OX637745.1 223500000 224000000 122.0
OX637745.1 224000000 224500000 122.0
OX637745.1 224500000 225000000 122.0
OX637745.1 225000000 225500000 122.0
OX637745.1 225500000 226000000 122.0
OX637745.1 226000000 226500000 122.0
OX637745.1 226500000 227000000 122.0
OX637745.1 227000000 227500000 122.0
OX637745.1 227500000 228000000 122.0
OX637745.1 228000000 228500000 122.0
OX637745.1 228500000 229000000 122.0
OX637745.1 229000000 229500000 122.0
OX637745.1 229500000 230000000 122.0
OX637745.1 230000000 230500000 122.0
OX637745.1 230500000 231000000 122.0
OX637745.1 231000000 231500000 122.0
OX637745.1 231500000 232000000 122.0
OX637745.1 232000000 232500000 122.0
OX637745.1 232500000 233000000 122.0
OX637745.1 233000000 233500000 122.0
OX637745.1 233500000 234000000 122.0
OX637745.1 234000000 234500000 122.0
OX637745.1 234500000 235000000 122.0
OX637745.1 235000000 235500000 122.0
OX637745.1 235500000 236000000 122.0
OX637745.1 236000000 236500000 122.0
OX637745.1 236500000 237000000 122.0
OX637745.1 237000000 237500000 122.0
OX637745.1 237500000 238000000 122.0
OX637745.1 238000000 238500000 122.0
OX637745.1 238500000 239000000 122.0
OX637745.1 239000000 239500000 122.0
OX637745.1 239500000 240000000 122.0
OX637745.1 240000000 240500000 122.0
OX637745.1 240500000 241000000 122.0
OX637745.1 241000000 241500000 122.0
OX637745.1 241500000 242000000 122.0
OX637745.1 242000000 242500000 122.0
OX637745.1 242500000 243000000 122.0
OX637745.1 243000000 243500000 122.0
OX637745.1 243500000 244000000 122.0
OX637745.1 244000000 244500000 122.0
OX637745.1 244500000 245000000 122.0
OX637745.1 245000000 245500000 122.0
OX637745.1 245500000 246000000 122.0
OX637745.1 246000000 246500000 122.0
OX637745.1 246500000 247000000 122.0
OX637745.1 247000000 247500000 122.0
OX637745.1 247500000 248000000 122.0
OX637745.1 248000000 248500000 122.0
OX637745.1 248500000 249000000 122.0
OX637745.1 249000000 249500000 122.0
OX637745.1 249500000 250000000 122.0
OX637745.1 250000000 250500000 122.0
OX637745.1 250500000 251000000 122.0
OX637745.1 251000000 251500000 122.0
OX637745.1 251500000 252000000 122.0
OX637745.1 252000000 252500000 122.0
OX637745.1 252500000 253000000 122.0
OX637745.1 253000000 253500000 122.0
OX637745.1 253500000 254000000 122.0
OX637745.1 254000000 254500000 122.0
OX637745.1 254500000 255000000 122.0
OX637745.1 255000000 255500000 122.0
OX637745.1 255500000 256000000 122.0
OX637745.1 256000000 256500000 122.0
OX637745.1 256500000 257000000 122.0
OX637745.1 257000000 257500000 121.73097
OX637745.1 257500000 258000000 121.0
OX637745.1 258000000 258500000 121.0
OX637745.1 258500000 259000000 121.0
OX637745.1 259000000 259500000 121.0
OX637745.1 259500000 260000000 121.0
OX637745.1 260000000 260500000 121.0
OX637745.1 260500000 261000000 121.0
OX637745.1 261000000 261500000 121.0
OX637745.1 261500000 262000000 121.0
OX637745.1 262000000 262500000 121.0
OX637745.1 262500000 263000000 121.0
OX637745.1 263000000 263500000 121.0
OX637745.1 263500000 264000000 121.0
OX637745.1 264000000 264500000 121.0
OX637745.1 264500000 265000000 121.0
OX637745.1 265000000 265500000 121.0
OX637745.1 265500000 266000000 121.0
OX637745.1 266000000 266500000 121.0
OX637745.1 266500000 267000000 121.0
OX637745.1 267000000 267500000 121.0
OX637745.1 267500000 268000000 121.0
OX637745.1 268000000 268500000 121.0
OX637745.1 268500000 269000000 121.0
OX637745.1 269000000 269500000 121.0
OX637745.1 269500000 270000000 121.0
OX637745.1 270000000 270500000 121.0
OX637745.1 270500000 271000000 121.0
OX637745.1 271000000 271500000 121.0
OX637745.1 271500000 272000000 121.0
OX637745.1 272000000 272500000 121.0
OX637745.1 272500000 273000000 121.0
OX637745.1 273000000 273500000 121.0
OX637745.1 273500000 274000000 121.0
OX637745.1 274000000 274500000 121.0
OX637745.1 274500000 275000000 121.0
OX637745.1 275000000 275500000 121.0
OX637745.1 275500000 276000000 121.0
OX637745.1 276000000 276500000 121.0
OX637745.1 276500000 277000000 121.0
OX637745.1 277000000 277500000 121.0
OX637745.1 277500000 278000000 121.0
OX637745.1 278000000 278500000 121.0
OX637745.1 278500000 279000000 121.0
OX637745.1 279000000 279500000 121.0
OX637745.1 279500000 280000000 121.0
OX637745.1 280000000 280500000 121.0
OX637745.1 280500000 281000000 121.0
OX637745.1 281000000 281500000 121.0
OX637745.1 281500000 282000000 121.0
OX637745.1 282000000 282500000 121.0
OX637745.1 282500000 283000000 121.0
OX637745.1 283000000 283500000 121.0
OX637745.1 283500000 284000000 121.0
OX637745.1 284000000 284500000 121.0
OX637745.1 284500000 285000000 121.0
OX637745.1 285000000 285500000 121.0
OX637745.1 285500000 286000000 121.0
OX637745.1 286000000 286500000 121.0
OX637745.1 286500000 287000000 121.0
OX637745.1 287000000 287500000 121.0
OX637745.1 287500000 288000000 121.0
OX637745.1 288000000 288500000 121.0
OX637745.1 288500000 289000000 121.0
OX637745.1 289000000 289500000 121.0
OX637745.1 289500000 290000000 121.0
OX637745.1 290000000 290500000 121.0
OX637745.1 290500000 291000000 121.0
OX637745.1 291000000 291500000 121.0
OX637745.1 291500000 292000000 121.0
OX637745.1 292000000 292500000 121.0
OX637745.1 292500000 293000000 121.0
OX637745.1 293000000 293500000 121.0
OX637745.1 293500000 294000000 121.0
OX637745.1 294000000 294500000 121.0
OX637745.1 294500000 295000000 121.0
OX637745.1 295000000 295500000 121.0
OX637745.1 295500000 296000000 121.0
OX637745.1 296000000 296500000 121.0
OX637745.1 296500000 297000000 121.0
OX637745.1 297000000 297500000 121.0
OX637745.1 297500000 298000000 121.0
OX637745.1 298000000 298500000 121.0
OX637745.1 298500000 299000000 121.0
OX637745.1 299000000 299500000 121.0
OX637745.1 299500000 300000000 121.0
OX637745.1 300000000 300500000 121.0
OX637745.1 300500000 301000000 121.0
OX637745.1 301000000 301500000 121.0
OX637745.1 301500000 302000000 121.0
OX637745.1 302000000 302500000 121.0
OX637745.1 302500000 303000000 121.0
OX637745.1 303000000 303500000 121.0
OX637745.1 303500000 304000000 121.0
OX637745.1 304000000 304500000 121.0
OX637745.1 304500000 305000000 121.0
OX637745.1 305000000 305500000 121.0
OX637745.1 305500000 306000000 121.0
OX637745.1 306000000 306500000 121.0
OX637745.1 306500000 307000000 121.0
OX637745.1 307000000 307500000 121.0
OX637745.1 307500000 308000000 121.0
OX637745.1 308000000 308500000 121.0
OX637745.1 308500000 309000000 121.0
OX637745.1 309000000 309500000 121.0
OX637745.1 309500000 310000000 121.0
OX637745.1 310000000 310500000 121.0
OX637745.1 310500000 311000000 121.0
OX637745.1 311000000 311500000 121.0
OX637745.1 311500000 312000000 121.0
OX637745.1 312000000 312500000 121.0
OX637745.1 312500000 313000000 121.0
OX637745.1 313000000 313500000 121.0
OX637745.1 313500000 314000000 121.0
OX637745.1 314000000 314500000 121.0
OX637745.1 314500000 315000000 121.0
OX637745.1 315000000 315500000 121.0
OX637745.1 315500000 316000000 121.0
OX637745.1 316000000 316500000 121.0
OX637745.1 316500000 317000000 121.00017
OX637745.1 317000000 317500000 121.0
OX637745.1 317500000 318000000 121.0
OX637745.1 318000000 318500000 121.0
OX637745.1 318500000 319000000 121.0
OX637745.1 319000000 319500000 121.0
OX637745.1 319500000 320000000 121.0
OX637745.1 320000000 320500000 121.0
OX637745.1 320500000 321000000 121.0
OX637745.1 321000000 321500000 121.0
OX637745.1 321500000 322000000 121.0
OX637745.1 322000000 322500000 121.0
OX637745.1 322500000 323000000 121.0
OX637745.1 323000000 323500000 121.0
OX637745.1 323500000 324000000 121.0
OX637745.1 324000000 324500000 121.0
OX637745.1 324500000 325000000 121.0
OX637745.1 325000000 325500000 121.0
OX637745.1 325500000 326000000 121.0
OX637745.1 326000000 326500000 121.0
OX637745.1 326500000 327000000 121.0
OX637745.1 327000000 327500000 121.0
OX637745.1 327500000 328000000 121.0
OX637745.1 328000000 328500000 121.0
OX637745.1 328500000 329000000 121.0
OX637745.1 329000000 329500000 121.0
OX637745.1 329500000 330000000 121.0
OX637745.1 330000000 330500000 121.0
OX637745.1 330500000 331000000 121.0
OX637745.1 331000000 331500000 121.0
OX637745.1 331500000 332000000 121.0
OX637745.1 332000000 332500000 121.0
OX637745.1 332500000 333000000 121.0
OX637745.1 333000000 333500000 121.0
OX637745.1 333500000 334000000 121.0
OX637745.1 334000000 334500000 121.0
OX637745.1 334500000 335000000 121.0
OX637745.1 335000000 335500000 121.0
OX637745.1 335500000 336000000 121.0
OX637745.1 336000000 336500000 121.0
OX637745.1 336500000 337000000 121.0
OX637745.1 337000000 337500000 121.0
OX637745.1 337500000 338000000 121.0
OX637745.1 338000000 338500000 121.0
OX637745.1 338500000 339000000 121.0
OX637745.1 339000000 339500000 121.0
OX637745.1 339500000 340000000 121.0
OX637745.1 340000000 340500000 121.0
OX637745.1 340500000 341000000 121.0
OX637745.1 341000000 341500000 121.0
OX637745.1 341500000 342000000 121.0
OX637745.1 342000000 342500000 121.0
OX637745.1 342500000 343000000 121.0
OX637745.1 343000000 343500000 121.0
OX637745.1 343500000 344000000 121.0
OX637745.1 344000000 344500000 121.0
OX637745.1 344500000 345000000 121.0
OX637745.1 345000000 345500000 121.0
OX637745.1 345500000 346000000 121.0
OX637745.1 346000000 346500000 121.0
OX637745.1 346500000 347000000 121.0
OX637745.1 347000000 347500000 121.0
OX637745.1 347500000 348000000 121.0
OX637745.1 348000000 348500000 121.0
OX637745.1 348500000 349000000 121.0
OX637745.1 349000000 349500000 121.0
OX637745.1 349500000 350000000 121.0
OX637745.1 350000000 350500000 121.0
OX637745.1 350500000 351000000 121.0
OX637745.1 351000000 351500000 120.98691
OX637745.1 351500000 352000000 120.0
OX637745.1 352000000 352500000 120.0
OX637745.1 352500000 353000000 120.0
OX637745.1 353000000 353500000 120.0
OX637745.1 353500000 354000000 120.0
OX637745.1 354000000 354500000 120.0
OX637745.1 354500000 355000000 120.0
OX637745.1 355000000 355500000 120.0
OX637745.1 355500000 356000000 120.0
OX637745.1 356000000 356500000 119.97316
OX637745.1 356500000 357000000 119.0
OX637745.1 357000000 357500000 119.0
OX637745.1 357500000 358000000 119.0
OX637745.1 358000000 358500000 119.0
OX637745.1 358500000 359000000 119.0
OX637745.1 359000000 359500000 119.0
OX637745.1 359500000 360000000 119.0
OX637745.1 360000000 360500000 119.0
OX637745.1 360500000 361000000 119.0
OX637745.1 361000000 361500000 119.0
OX637745.1 361500000 362000000 119.0
OX637745.1 362000000 362500000 119.0
OX637745.1 362500000 363000000 119.0
OX637745.1 363000000 363500000 119.0
OX637745.1 363500000 364000000 119.0
OX637745.1 364000000 364500000 119.0
OX637745.1 364500000 365000000 119.0
OX637745.1 365000000 365500000 119.0
OX637745.1 365500000 366000000 119.0
OX637745.1 366000000 366500000 119.0
OX637745.1 366500000 367000000 119.0
OX637745.1 367000000 367500000 119.0
OX637745.1 367500000 368000000 118.01782
OX637745.1 368000000 368500000 118.0
OX637745.1 368500000 369000000 117.55721
OX637745.1 369000000 369500000 117.0
OX637745.1 369500000 370000000 117.0
OX637745.1 370000000 370500000 117.0
OX637745.1 370500000 371000000 117.0
OX637745.1 371000000 371500000 117.0
OX637745.1 371500000 372000000 116.46694
OX637745.1 372000000 372500000 116.0
OX637745.1 372500000 373000000 116.0
OX637745.1 373000000 373500000 116.0
OX637745.1 373500000 374000000 116.0
OX637745.1 374000000 374500000 116.0
OX637745.1 374500000 375000000 116.0
OX637745.1 375000000 375500000 116.0
OX637745.1 375500000 376000000 116.0
OX637745.1 376000000 376500000 116.0
OX637745.1 376500000 377000000 116.0
OX637745.1 377000000 377500000 116.0
OX637745.1 377500000 378000000 116.0
OX637745.1 378000000 378500000 116.0
OX637745.1 378500000 379000000 116.0
OX637745.1 379000000 379500000 116.0
OX637745.1 379500000 380000000 116.0
OX637745.1 380000000 380500000 116.0
OX637745.1 380500000 381000000 116.0
OX637745.1 381000000 381500000 116.0
OX637745.1 381500000 382000000 116.0
OX637745.1 382000000 382500000 116.0
OX637745.1 382500000 383000000 116.0
OX637745.1 383000000 383500000 116.0
OX637745.1 383500000 384000000 116.0
OX637745.1 384000000 384500000 116.0
OX637745.1 384500000 385000000 116.0
OX637745.1 385000000 385500000 116.0
OX637745.1 385500000 386000000 116.0
OX637745.1 386000000 386500000 116.0
OX637745.1 386500000 387000000 116.0
OX637745.1 387000000 387500000 116.0
OX637745.1 387500000 388000000 116.0
OX637745.1 388000000 388500000 116.0
OX637745.1 388500000 389000000 116.0
OX637745.1 389000000 389500000 116.0
OX637745.1 389500000 390000000 116.0
OX637745.1 390000000 390500000 115.87994
OX637745.1 390500000 391000000 115.0
OX637745.1 391000000 391500000 115.0
OX637745.1 391500000 392000000 115.0
OX637745.1 392000000 392500000 115.0
OX637745.1 392500000 393000000 115.0
OX637745.1 393000000 393500000 115.0
OX637745.1 393500000 394000000 115.0
OX637745.1 394000000 394500000 115.0
OX637745.1 394500000 395000000 115.0
OX637745.1 395000000 395500000 115.0
OX637745.1 395500000 396000000 115.0
OX637745.1 396000000 396500000 115.0
OX637745.1 396500000 397000000 115.0
OX637745.1 397000000 397500000 115.0
OX637745.1 397500000 398000000 115.0
OX637745.1 398000000 398500000 115.0
OX637745.1 398500000 399000000 115.0
OX637745.1 399000000 399500000 115.0
OX637745.1 399500000 400000000 114.80219
OX637745.1 400000000 400500000 114.0
OX637745.1 400500000 401000000 114.0
OX637745.1 401000000 401500000 114.0
OX637745.1 401500000 402000000 114.0
OX637745.1 402000000 402500000 114.0
OX637745.1 402500000 403000000 114.0
OX637745.1 403000000 403500000 114.0
OX637745.1 403500000 404000000 114.0
OX637745.1 404000000 404500000 114.0
OX637745.1 404500000 405000000 114.0
OX637745.1 405000000 405500000 113.33475
OX637745.1 405500000 406000000 113.0
OX637745.1 406000000 406500000 113.0
OX637745.1 406500000 407000000 113.0
OX637745.1 407000000 407500000 113.0
OX637745.1 407500000 408000000 113.0
OX637745.1 408000000 408500000 113.0
OX637745.1 408500000 409000000 113.0
OX637745.1 409000000 409500000 113.0
OX637745.1 409500000 410000000 113.0
OX637745.1 410000000 410500000 113.0
OX637745.1 410500000 411000000 113.0
OX637745.1 411000000 411500000 113.0
OX637745.1 411500000 412000000 113.0
OX637745.1 412000000 412500000 113.0
OX637745.1 412500000 413000000 113.0
OX637745.1 413000000 413500000 113.0
OX637745.1 413500000 414000000 113.0
OX637745.1 414000000 414500000 113.0
OX637745.1 414500000 415000000 113.0
OX637745.1 415000000 415500000 111.89928
OX637745.1 415500000 416000000 111.0
OX637745.1 416000000 416500000 111.0
OX637745.1 416500000 417000000 111.0
OX637745.1 417000000 417500000 111.0
OX637745.1 417500000 418000000 111.0
OX637745.1 418000000 418500000 111.0
OX637745.1 418500000 419000000 111.0
OX637745.1 419000000 419500000 110.27916
OX637745.1 419500000 420000000 110.0
OX637745.1 420000000 420500000 110.0
OX637745.1 420500000 421000000 110.0
OX637745.1 421000000 421500000 110.0
OX637745.1 421500000 422000000 110.0
OX637745.1 422000000 422500000 110.0
OX637745.1 422500000 423000000 109.81086
OX637745.1 423000000 423500000 109.0
OX637745.1 423500000 424000000 109.0
OX637745.1 424000000 424500000 109.0
OX637745.1 424500000 425000000 109.0
OX637745.1 425000000 425500000 109.0
OX637745.1 425500000 426000000 109.0
OX637745.1 426000000 426500000 109.0
OX637745.1 426500000 427000000 109.0
OX637745.1 427000000 427500000 109.0
OX637745.1 427500000 428000000 109.0
OX637745.1 428000000 428500000 109.0
OX637745.1 428500000 429000000 109.0
OX637745.1 429000000 429500000 109.0
OX637745.1 429500000 430000000 109.0
OX637745.1 430000000 430500000 109.0
OX637745.1 430500000 431000000 109.0
OX637745.1 431000000 431500000 108.80375
OX637745.1 431500000 432000000 108.0
OX637745.1 432000000 432500000 108.0
OX637745.1 432500000 433000000 107.33231
OX637745.1 433000000 433500000 106.57563
OX637745.1 433500000 434000000 106.0
OX637745.1 434000000 434500000 106.0
OX637745.1 434500000 435000000 106.0
OX637745.1 435000000 435500000 106.0
OX637745.1 435500000 436000000 106.0
OX637745.1 436000000 436500000 106.0
OX637745.1 436500000 437000000 106.0
OX637745.1 437000000 437500000 105.52022
OX637745.1 437500000 438000000 105.0
OX637745.1 438000000 438500000 105.0
OX637745.1 438500000 439000000 104.78477
OX637745.1 439000000 439500000 104.0
OX637745.1 439500000 440000000 104.0
OX637745.1 440000000 440500000 104.0
OX637745.1 440500000 441000000 103.3658
OX637745.1 441000000 441500000 103.0
OX637745.1 441500000 442000000 102.72466
OX637745.1 442000000 442500000 101.38882
OX637745.1 442500000 443000000 100.60244
OX637745.1 443000000 443500000 99.93647
OX637745.1 443500000 444000000 99.0
OX637745.1 444000000 444500000 99.0
OX637745.1 444500000 445000000 99.0
OX637745.1 445000000 445500000 99.0
OX637745.1 445500000 446000000 99.0
OX637745.1 446000000 446500000 99.0
OX637745.1 446500000 447000000 98.12007
OX637745.1 447000000 447500000 98.0
OX637745.1 447500000 448000000 98.0
OX637745.1 448000000 448500000 98.0
OX637745.1 448500000 449000000 98.0
OX637745.1 449000000 449500000 98.0
OX637745.1 449500000 450000000 97.4833
OX637745.1 450000000 450500000 97.0
OX637745.1 450500000 451000000 97.0
OX637745.1 451000000 451500000 97.0
OX637745.1 451500000 452000000 97.0
OX637745.1 452000000 452500000 95.99851
OX637745.1 452500000 453000000 95.0
OX637745.1 453000000 453500000 95.0
OX637745.1 453500000 454000000 95.0
OX637745.1 454000000 454500000 95.0
OX637745.1 454500000 455000000 93.82313
OX637745.1 455000000 455500000 93.0
OX637745.1 455500000 456000000 93.0
OX637745.1 456000000 456500000 93.72821
OX637745.1 456500000 457000000 93.9391
OX637745.1 457000000 457500000 93.0
OX637745.1 457500000 458000000 93.0
OX637745.1 458000000 458500000 93.0
OX637745.1 458500000 459000000 93.0
OX637745.1 459000000 459500000 92.30973
OX637745.1 459500000 460000000 92.0
OX637745.1 460000000 460500000 91.07058
OX637745.1 460500000 461000000 91.0
OX637745.1 461000000 461500000 90.01961
OX637745.1 461500000 462000000 88.0549
OX637745.1 462000000 462500000 86.84804
OX637745.1 462500000 463000000 85.6785
OX637745.1 463000000 463500000 85.0
OX637745.1 463500000 464000000 83.77004
OX637745.1 464000000 464500000 82.71576
OX637745.1 464500000 465000000 81.0
OX637745.1 465000000 465500000 81.0
OX637745.1 465500000 466000000 81.0
OX637745.1 466000000 466500000 80.53268
OX637745.1 466500000 467000000 77.77721
OX637745.1 467000000 467500000 76.92424
OX637745.1 467500000 468000000 76.0
OX637745.1 468000000 468500000 75.37611
OX637745.1 468500000 469000000 75.0
OX637745.1 469000000 469500000 75.0
OX637745.1 469500000 470000000 74.15276
OX637745.1 470000000 470500000 73.4442
OX637745.1 470500000 471000000 73.0
OX637745.1 471000000 471500000 73.0
OX637745.1 471500000 472000000 73.0
OX637745.1 472000000 472500000 72.40253
OX637745.1 472500000 473000000 69.71546
OX637745.1 473000000 473500000 66.8604
OX637745.1 473500000 474000000 64.0
OX637745.1 474000000 474500000 62.1915
OX637745.1 474500000 475000000 61.21196
OX637745.1 475000000 475500000 57.22626
OX637745.1 475500000 476000000 53.11925
OX637745.1 476000000 476500000 50.31657
OX637745.1 476500000 477000000 43.9923
OX637745.1 477000000 477500000 41.26025
OX637745.1 477500000 478000000 40.0
OX637745.1 478000000 478500000 38.20504
OX637745.1 478500000 479000000 35.39017
OX637745.1 479000000 479500000 34.67684
OX637745.1 479500000 480000000 33.06065
OX637745.1 480000000 480500000 31.26412
OX637745.1 480500000 481000000 30.6171
OX637745.1 481000000 481500000 30.0
OX637745.1 481500000 482000000 24.18773
OX637745.1 482000000 482500000 19.254
OX637745.1 482500000 483000000 17.88025
OX637745.1 483000000 483500000 10.35609
OX637745.1 483500000 484000000 7.0
OX637745.1 484000000 484500000 7.0
OX637745.1 484500000 485000000 7.0
OX637745.1 485000000 485490313 3.95446
OX637752.1 0 500000 0.0
OX637752.1 500000 1000000 0.0
OX637752.1 1000000 1500000 2.01066
OX637752.1 1500000 2000000 6.19627
OX637752.1 2000000 2500000 10.69338
OX637752.1 2500000 3000000 13.38879
OX637752.1 3000000 3500000 14.06534
OX637752.1 3500000 4000000 20.11699
OX637752.1 4000000 4500000 23.41712
OX637752.1 4500000 5000000 25.38028
OX637752.1 5000000 5500000 27.28227
OX637752.1 5500000 6000000 28.69967
OX637752.1 6000000 6500000 34.36335
OX637752.1 6500000 7000000 38.78145
OX637752.1 7000000 7500000 39.79229
OX637752.1 7500000 8000000 42.27893
OX637752.1 8000000 8500000 44.82001
OX637752.1 8500000 9000000 46.13928
OX637752.1 9000000 9500000 47.89507
OX637752.1 9500000 10000000 50.0
OX637752.1 10000000 10500000 50.53883
OX637752.1 10500000 11000000 51.74854
OX637752.1 11000000 11500000 53.83678
OX637752.1 11500000 12000000 54.59145
OX637752.1 12000000 12500000 55.41183
OX637752.1 12500000 13000000 56.10275
OX637752.1 13000000 13500000 57.0
OX637752.1 13500000 14000000 58.16002
OX637752.1 14000000 14500000 59.0
OX637752.1 14500000 15000000 59.0
OX637752.1 15000000 15500000 59.0
OX637752.1 15500000 16000000 59.0
OX637752.1 16000000 16500000 59.0
OX637752.1 16500000 17000000 59.0
OX637752.1 17000000 17500000 59.0
OX637752.1 17500000 18000000 59.0
OX637752.1 18000000 18500000 60.73653
OX637752.1 18500000 19000000 61.0
OX637752.1 19000000 19500000 61.0
OX637752.1 19500000 20000000 61.0
OX637752.1 20000000 20500000 61.0
OX637752.1 20500000 21000000 61.0
OX637752.1 21000000 21500000 61.85023
OX637752.1 21500000 22000000 63.5142
OX637752.1 22000000 22500000 64.0
OX637752.1 22500000 23000000 64.0
OX637752.1 23000000 23500000 64.48296
OX637752.1 23500000 24000000 65.71542
OX637752.1 24000000 24500000 67.32085
OX637752.1 24500000 25000000 69.59073
OX637752.1 25000000 25500000 70.0
OX637752.1 25500000 26000000 70.0
OX637752.1 26000000 26500000 70.0
OX637752.1 26500000 27000000 70.77759
OX637752.1 27000000 27500000 72.0
OX637752.1 27500000 28000000 72.94001
OX637752.1 28000000 28500000 75.0
OX637752.1 28500000 29000000 75.0
OX637752.1 29000000 29500000 75.01491
OX637752.1 29500000 30000000 76.0
OX637752.1 30000000 30500000 76.69227
OX637752.1 30500000 31000000 77.0
OX637752.1 31000000 31500000 77.0
OX637752.1 31500000 32000000 77.88272
OX637752.1 32000000 32500000 78.42733
OX637752.1 32500000 33000000 80.0
OX637752.1 33000000 33500000 80.0
OX637752.1 33500000 34000000 80.0
OX637752.1 34000000 34500000 80.0
OX637752.1 34500000 35000000 80.0
OX637752.1 35000000 35500000 81.33447
OX637752.1 35500000 36000000 82.0
OX637752.1 36000000 36500000 82.0
OX637752.1 36500000 37000000 82.0
OX637752.1 37000000 37500000 82.0
OX637752.1 37500000 38000000 82.0
OX637752.1 38000000 38500000 81.57544
OX637752.1 38500000 39000000 81.0
OX637752.1 39000000 39500000 81.0
OX637752.1 39500000 40000000 81.68342
OX637752.1 40000000 40500000 82.0
OX637752.1 40500000 41000000 82.04178
OX637752.1 41000000 41500000 83.0
OX637752.1 41500000 42000000 83.60894
OX637752.1 42000000 42500000 84.0
OX637752.1 42500000 43000000 84.0
OX637752.1 43000000 43500000 84.19188
OX637752.1 43500000 44000000 85.0
OX637752.1 44000000 44500000 85.0
OX637752.1 44500000 45000000 85.0
OX637752.1 45000000 45500000 85.0
OX637752.1 45500000 46000000 85.0
OX637752.1 46000000 46500000 85.0
OX637752.1 46500000 47000000 85.0
OX637752.1 47000000 47500000 85.0
OX637752.1 47500000 48000000 85.0
OX637752.1 48000000 48500000 85.0
OX637752.1 48500000 49000000 85.0
OX637752.1 49000000 49500000 85.0
OX637752.1 49500000 50000000 85.0
OX637752.1 50000000 50500000 85.0
OX637752.1 50500000 51000000 85.17369
OX637752.1 51000000 51500000 86.0
OX637752.1 51500000 52000000 86.0
OX637752.1 52000000 52500000 86.0
OX637752.1 52500000 53000000 86.0
OX637752.1 53000000 53500000 86.0
OX637752.1 53500000 54000000 86.0
OX637752.1 54000000 54500000 86.0
OX637752.1 54500000 55000000 86.0
OX637752.1 55000000 55500000 86.0
OX637752.1 55500000 56000000 86.0
OX637752.1 56000000 56500000 86.0
OX637752.1 56500000 57000000 86.0
OX637752.1 57000000 57500000 86.0
OX637752.1 57500000 58000000 86.0
OX637752.1 58000000 58500000 86.0
OX637752.1 58500000 59000000 86.0
OX637752.1 59000000 59500000 86.0
OX637752.1 59500000 60000000 86.0
OX637752.1 60000000 60500000 86.0
OX637752.1 60500000 61000000 86.0
OX637752.1 61000000 61500000 86.0
OX637752.1 61500000 62000000 86.0
OX637752.1 62000000 62500000 86.0
OX637752.1 62500000 63000000 86.0
OX637752.1 63000000 63500000 86.0
OX637752.1 63500000 64000000 86.0
OX637752.1 64000000 64500000 86.0
OX637752.1 64500000 65000000 86.0
OX637752.1 65000000 65500000 86.0
OX637752.1 65500000 66000000 86.66872
OX637752.1 66000000 66500000 87.0
OX637752.1 66500000 67000000 87.0
OX637752.1 67000000 67500000 87.0
OX637752.1 67500000 68000000 87.0
OX637752.1 68000000 68500000 87.0
OX637752.1 68500000 69000000 87.0
OX637752.1 69000000 69500000 87.0
OX637752.1 69500000 70000000 87.0
OX637752.1 70000000 70500000 87.0
OX637752.1 70500000 71000000 87.0
OX637752.1 71000000 71500000 87.0
OX637752.1 71500000 72000000 87.97919
OX637752.1 72000000 72500000 88.0
OX637752.1 72500000 73000000 88.0
OX637752.1 73000000 73500000 88.0
OX637752.1 73500000 74000000 88.0
OX637752.1 74000000 74500000 88.0
OX637752.1 74500000 75000000 88.0
OX637752.1 75000000 75500000 88.0
OX637752.1 75500000 76000000 88.0
OX637752.1 76000000 76500000 88.0
OX637752.1 76500000 77000000 88.0
OX637752.1 77000000 77500000 88.0
OX637752.1 77500000 78000000 88.0
OX637752.1 78000000 78500000 88.0
OX637752.1 78500000 79000000 88.0
OX637752.1 79000000 79500000 88.18249
OX637752.1 79500000 80000000 88.66858
OX637752.1 80000000 80500000 88.0
OX637752.1 80500000 81000000 88.0
OX637752.1 81000000 81500000 88.0
OX637752.1 81500000 82000000 88.0
OX637752.1 82000000 82500000 88.0
OX637752.1 82500000 83000000 88.0
OX637752.1 83000000 83500000 88.0
OX637752.1 83500000 84000000 88.0
OX637752.1 84000000 84500000 88.0
OX637752.1 84500000 85000000 88.0
OX637752.1 85000000 85500000 88.58715
OX637752.1 85500000 86000000 88.45934
OX637752.1 86000000 86500000 88.0
OX637752.1 86500000 87000000 88.0
OX637752.1 87000000 87500000 88.0
OX637752.1 87500000 88000000 88.0
OX637752.1 88000000 88500000 88.0
OX637752.1 88500000 89000000 88.0
OX637752.1 89000000 89500000 88.0
OX637752.1 89500000 90000000 88.0
OX637752.1 90000000 90500000 88.0
OX637752.1 90500000 91000000 88.0
OX637752.1 91000000 91500000 88.0
OX637752.1 91500000 92000000 88.0
OX637752.1 92000000 92500000 88.14829
OX637752.1 92500000 93000000 89.0
OX637752.1 93000000 93500000 89.0
OX637752.1 93500000 94000000 89.0
OX637752.1 94000000 94500000 89.0
OX637752.1 94500000 95000000 89.0
OX637752.1 95000000 95500000 89.0
OX637752.1 95500000 96000000 89.0
OX637752.1 96000000 96500000 89.0
OX637752.1 96500000 97000000 89.0
OX637752.1 97000000 97500000 88.93361
OX637752.1 97500000 98000000 88.0
OX637752.1 98000000 98500000 88.0
OX637752.1 98500000 99000000 88.0
OX637752.1 99000000 99500000 88.35995
OX637752.1 99500000 100000000 88.41911
OX637752.1 100000000 100500000 88.0
OX637752.1 100500000 101000000 88.0
OX637752.1 101000000 101500000 88.0
OX637752.1 101500000 102000000 88.0
OX637752.1 102000000 102500000 88.0
OX637752.1 102500000 103000000 88.0
OX637752.1 103000000 103500000 88.0
OX637752.1 103500000 104000000 88.0
OX637752.1 104000000 104500000 88.0
OX637752.1 104500000 105000000 88.0
OX637752.1 105000000 105500000 88.0
OX637752.1 105500000 106000000 88.0
OX637752.1 106000000 106500000 88.0
OX637752.1 106500000 107000000 88.0
OX637752.1 107000000 107500000 88.0
OX637752.1 107500000 108000000 88.0
OX637752.1 108000000 108500000 88.0
OX637752.1 108500000 109000000 88.0
OX637752.1 109000000 109500000 88.0
OX637752.1 109500000 110000000 88.0
OX637752.1 110000000 110500000 88.0
OX637752.1 110500000 111000000 88.0
OX637752.1 111000000 111500000 88.0
OX637752.1 111500000 112000000 88.0
OX637752.1 112000000 112500000 88.0
OX637752.1 112500000 113000000 88.0
OX637752.1 113000000 113500000 88.0
OX637752.1 113500000 114000000 88.0
OX637752.1 114000000 114500000 88.0
OX637752.1 114500000 115000000 88.0
OX637752.1 115000000 115500000 88.0
OX637752.1 115500000 116000000 88.0
OX637752.1 116000000 116500000 88.0
OX637752.1 116500000 117000000 88.26172
OX637752.1 117000000 117500000 89.0
OX637752.1 117500000 118000000 89.0
OX637752.1 118000000 118500000 89.0
OX637752.1 118500000 119000000 89.0
OX637752.1 119000000 119500000 89.0
OX637752.1 119500000 120000000 89.0
OX637752.1 120000000 120500000 89.0
OX637752.1 120500000 121000000 89.0
OX637752.1 121000000 121500000 89.74407
OX637752.1 121500000 122000000 90.0
OX637752.1 122000000 122500000 90.5115
OX637752.1 122500000 123000000 91.0
OX637752.1 123000000 123500000 91.0
OX637752.1 123500000 124000000 91.0
OX637752.1 124000000 124500000 91.0
OX637752.1 124500000 125000000 91.0
OX637752.1 125000000 125500000 91.0
OX637752.1 125500000 126000000 90.84564
OX637752.1 126000000 126500000 90.0
OX637752.1 126500000 127000000 90.0
OX637752.1 127000000 127500000 90.0
OX637752.1 127500000 128000000 90.95358
OX637752.1 128000000 128500000 92.0
OX637752.1 128500000 129000000 92.0
OX637752.1 129000000 129500000 92.0
OX637752.1 129500000 130000000 92.0
OX637752.1 130000000 130500000 92.0
OX637752.1 130500000 131000000 92.0
OX637752.1 131000000 131500000 92.0
OX637752.1 131500000 132000000 92.0
OX637752.1 132000000 132500000 92.0
OX637752.1 132500000 133000000 92.0
OX637752.1 133000000 133500000 92.0
OX637752.1 133500000 134000000 92.0
OX637752.1 134000000 134500000 92.0
OX637752.1 134500000 135000000 92.0
OX637752.1 135000000 135500000 92.0
OX637752.1 135500000 136000000 92.0
OX637752.1 136000000 136500000 92.0
OX637752.1 136500000 137000000 92.0
OX637752.1 137000000 137500000 92.0
OX637752.1 137500000 138000000 92.0
OX637752.1 138000000 138500000 92.0
OX637752.1 138500000 139000000 92.0
OX637752.1 139000000 139500000 92.0
OX637752.1 139500000 140000000 92.0
OX637752.1 140000000 140500000 92.0
OX637752.1 140500000 141000000 92.0
OX637752.1 141000000 141500000 92.0
OX637752.1 141500000 142000000 92.0
OX637752.1 142000000 142500000 92.0
OX637752.1 142500000 143000000 92.0
OX637752.1 143000000 143500000 92.0
OX637752.1 143500000 144000000 92.0
OX637752.1 144000000 144500000 92.0
OX637752.1 144500000 145000000 92.0
OX637752.1 145000000 145500000 92.0
OX637752.1 145500000 146000000 92.0
OX637752.1 146000000 146500000 92.0
OX637752.1 146500000 147000000 92.0
OX637752.1 147000000 147500000 92.0
OX637752.1 147500000 148000000 92.0
OX637752.1 148000000 148500000 92.0
OX637752.1 148500000 149000000 92.0
OX637752.1 149000000 149500000 92.0
OX637752.1 149500000 150000000 92.0
OX637752.1 150000000 150500000 92.0
OX637752.1 150500000 151000000 92.0
OX637752.1 151000000 151500000 92.0
OX637752.1 151500000 152000000 92.0
OX637752.1 152000000 152500000 92.0
OX637752.1 152500000 153000000 91.90581
OX637752.1 153000000 153500000 91.0
OX637752.1 153500000 154000000 91.0
OX637752.1 154000000 154500000 91.0
OX637752.1 154500000 155000000 91.0
OX637752.1 155000000 155500000 91.0
OX637752.1 155500000 156000000 91.0
OX637752.1 156000000 156500000 91.0
OX637752.1 156500000 157000000 91.0
OX637752.1 157000000 157500000 91.0
OX637752.1 157500000 158000000 91.0
OX637752.1 158000000 158500000 91.0
OX637752.1 158500000 159000000 91.0
OX637752.1 159000000 159500000 91.0
OX637752.1 159500000 160000000 91.0
OX637752.1 160000000 160500000 91.0
OX637752.1 160500000 161000000 91.0
OX637752.1 161000000 161500000 91.0
OX637752.1 161500000 162000000 91.0
OX637752.1 162000000 162500000 91.0
OX637752.1 162500000 163000000 91.0
OX637752.1 163000000 163500000 91.0
OX637752.1 163500000 164000000 91.0
OX637752.1 164000000 164500000 91.0
OX637752.1 164500000 165000000 91.0
OX637752.1 165000000 165500000 91.0
OX637752.1 165500000 166000000 91.0
OX637752.1 166000000 166500000 91.0
OX637752.1 166500000 167000000 91.0
OX637752.1 167000000 167500000 91.0
OX637752.1 167500000 168000000 91.0
OX637752.1 168000000 168500000 91.0
OX637752.1 168500000 169000000 91.0
OX637752.1 169000000 169500000 91.0
OX637752.1 169500000 170000000 91.0
OX637752.1 170000000 170500000 91.0
OX637752.1 170500000 171000000 91.0
OX637752.1 171000000 171500000 91.0
OX637752.1 171500000 172000000 91.0
OX637752.1 172000000 172500000 91.0
OX637752.1 172500000 173000000 91.0
OX637752.1 173000000 173500000 91.0
OX637752.1 173500000 174000000 91.0
OX637752.1 174000000 174500000 91.0
OX637752.1 174500000 175000000 91.0
OX637752.1 175000000 175500000 91.0
OX637752.1 175500000 176000000 91.0
OX637752.1 176000000 176500000 91.0
OX637752.1 176500000 177000000 91.0
OX637752.1 177000000 177500000 91.0
OX637752.1 177500000 178000000 91.0
OX637752.1 178000000 178500000 91.0
OX637752.1 178500000 179000000 91.0
OX637752.1 179000000 179500000 91.0
OX637752.1 179500000 180000000 91.0
OX637752.1 180000000 180500000 91.0
OX637752.1 180500000 181000000 91.0
OX637752.1 181000000 181500000 91.0
OX637752.1 181500000 182000000 91.0
OX637752.1 182000000 182500000 91.0
OX637752.1 182500000 183000000 91.0
OX637752.1 183000000 183500000 91.0
OX637752.1 183500000 184000000 91.0
OX637752.1 184000000 184500000 91.0
OX637752.1 184500000 185000000 91.0
OX637752.1 185000000 185500000 91.0
OX637752.1 185500000 186000000 91.0
OX637752.1 186000000 186500000 91.0
OX637752.1 186500000 187000000 91.0
OX637752.1 187000000 187500000 91.0
OX637752.1 187500000 188000000 91.0
OX637752.1 188000000 188500000 91.0
OX637752.1 188500000 189000000 91.0
OX637752.1 189000000 189500000 91.0
OX637752.1 189500000 190000000 91.0
OX637752.1 190000000 190500000 91.0
OX637752.1 190500000 191000000 91.0
OX637752.1 191000000 191500000 91.0
OX637752.1 191500000 192000000 91.0
OX637752.1 192000000 192500000 91.0
OX637752.1 192500000 193000000 91.0
OX637752.1 193000000 193500000 91.0
OX637752.1 193500000 194000000 91.0
OX637752.1 194000000 194500000 91.0
OX637752.1 194500000 195000000 91.0
OX637752.1 195000000 195500000 91.0
OX637752.1 195500000 196000000 91.0
OX637752.1 196000000 196500000 91.0
OX637752.1 196500000 197000000 91.0
OX637752.1 197000000 197500000 91.0
OX637752.1 197500000 198000000 91.0
OX637752.1 198000000 198500000 91.0
OX637752.1 198500000 199000000 91.0
OX637752.1 199000000 199500000 91.0
OX637752.1 199500000 200000000 91.0
OX637752.1 200000000 200500000 91.0
OX637752.1 200500000 201000000 91.0
OX637752.1 201000000 201500000 91.0
OX637752.1 201500000 202000000 91.0
OX637752.1 202000000 202500000 91.0
OX637752.1 202500000 203000000 91.0
OX637752.1 203000000 203500000 91.0
OX637752.1 203500000 204000000 91.0
OX637752.1 204000000 204500000 91.0
OX637752.1 204500000 205000000 91.0
OX637752.1 205000000 205500000 91.0
OX637752.1 205500000 206000000 91.0
OX637752.1 206000000 206500000 91.0
OX637752.1 206500000 207000000 91.0
OX637752.1 207000000 207500000 91.0
OX637752.1 207500000 208000000 91.0
OX637752.1 208000000 208500000 91.0
OX637752.1 208500000 209000000 91.0
OX637752.1 209000000 209500000 91.0
OX637752.1 209500000 210000000 91.0
OX637752.1 210000000 210500000 91.0
OX637752.1 210500000 211000000 91.0
OX637752.1 211000000 211500000 91.0
OX637752.1 211500000 212000000 91.0
OX637752.1 212000000 212500000 91.0
OX637752.1 212500000 213000000 91.0
OX637752.1 213000000 213500000 91.0
OX637752.1 213500000 214000000 91.0
OX637752.1 214000000 214500000 91.0
OX637752.1 214500000 215000000 91.0
OX637752.1 215000000 215500000 91.0
OX637752.1 215500000 216000000 91.0
OX637752.1 216000000 216500000 91.0
OX637752.1 216500000 217000000 91.0
OX637752.1 217000000 217500000 91.0
OX637752.1 217500000 218000000 91.0
OX637752.1 218000000 218500000 91.0
OX637752.1 218500000 219000000 91.0
OX637752.1 219000000 219500000 91.0
OX637752.1 219500000 220000000 91.0
OX637752.1 220000000 220500000 91.0
OX637752.1 220500000 221000000 91.0
OX637752.1 221000000 221500000 91.0
OX637752.1 221500000 222000000 91.0
OX637752.1 222000000 222500000 91.0
OX637752.1 222500000 223000000 91.0
OX637752.1 223000000 223500000 91.0
OX637752.1 223500000 224000000 91.0
OX637752.1 224000000 224500000 91.0
OX637752.1 224500000 225000000 91.0
OX637752.1 225000000 225500000 91.0
OX637752.1 225500000 226000000 91.0
OX637752.1 226000000 226500000 91.0
OX637752.1 226500000 227000000 91.0
OX637752.1 227000000 227500000 91.0
OX637752.1 227500000 228000000 91.0
OX637752.1 228000000 228500000 91.0
OX637752.1 228500000 229000000 91.0
OX637752.1 229000000 229500000 91.0
OX637752.1 229500000 230000000 91.0
OX637752.1 230000000 230500000 91.0
OX637752.1 230500000 231000000 91.0
OX637752.1 231000000 231500000 91.0
OX637752.1 231500000 232000000 91.0
OX637752.1 232000000 232500000 91.0
OX637752.1 232500000 233000000 91.0
OX637752.1 233000000 233500000 91.0
OX637752.1 233500000 234000000 91.0
OX637752.1 234000000 234500000 91.0
OX637752.1 234500000 235000000 91.0
OX637752.1 235000000 235500000 91.0
OX637752.1 235500000 236000000 91.0
OX637752.1 236000000 236500000 91.0
OX637752.1 236500000 237000000 91.0
OX637752.1 237000000 237500000 91.0
OX637752.1 237500000 238000000 91.0
OX637752.1 238000000 238500000 91.0
OX637752.1 238500000 239000000 91.0
OX637752.1 239000000 239500000 91.0
OX637752.1 239500000 240000000 91.0
OX637752.1 240000000 240500000 91.0
OX637752.1 240500000 241000000 91.0979
OX637752.1 241000000 241500000 91.59264
OX637752.1 241500000 242000000 91.0
OX637752.1 242000000 242500000 91.0
OX637752.1 242500000 243000000 91.0
OX637752.1 243000000 243500000 91.0
OX637752.1 243500000 244000000 91.0
OX637752.1 244000000 244500000 91.0
OX637752.1 244500000 245000000 91.0
OX637752.1 245000000 245500000 91.0
OX637752.1 245500000 246000000 91.0
OX637752.1 246000000 246500000 91.0
OX637752.1 246500000 247000000 91.0
OX637752.1 247000000 247500000 91.0
OX637752.1 247500000 248000000 91.0
OX637752.1 248000000 248500000 91.0
OX637752.1 248500000 249000000 91.0
OX637752.1 249000000 249500000 91.0
OX637752.1 249500000 250000000 91.0
OX637752.1 250000000 250500000 91.0
OX637752.1 250500000 251000000 91.0
OX637752.1 251000000 251500000 91.0
OX637752.1 251500000 252000000 91.0
OX637752.1 252000000 252500000 91.0
OX637752.1 252500000 253000000 91.0
OX637752.1 253000000 253500000 91.0
OX637752.1 253500000 254000000 91.0
OX637752.1 254000000 254500000 91.0
OX637752.1 254500000 255000000 91.0
OX637752.1 255000000 255500000 91.0
OX637752.1 255500000 256000000 91.0
OX637752.1 256000000 256500000 91.0
OX637752.1 256500000 257000000 91.0
OX637752.1 257000000 257500000 91.0
OX637752.1 257500000 258000000 91.0
OX637752.1 258000000 258500000 91.0
OX637752.1 258500000 259000000 91.0
OX637752.1 259000000 259500000 91.0
OX637752.1 259500000 260000000 91.0
OX637752.1 260000000 260500000 91.0
OX637752.1 260500000 261000000 91.0
OX637752.1 261000000 261500000 91.0
OX637752.1 261500000 262000000 91.0
OX637752.1 262000000 262500000 91.0
OX637752.1 262500000 263000000 91.0
OX637752.1 263000000 263500000 91.0
OX637752.1 263500000 264000000 91.0
OX637752.1 264000000 264500000 91.0
OX637752.1 264500000 265000000 91.0
OX637752.1 265000000 265500000 91.0
OX637752.1 265500000 266000000 91.0
OX637752.1 266000000 266500000 91.0
OX637752.1 266500000 267000000 91.0
OX637752.1 267000000 267500000 91.0
OX637752.1 267500000 268000000 91.0
OX637752.1 268000000 268500000 91.0
OX637752.1 268500000 269000000 91.0
OX637752.1 269000000 269500000 91.0
OX637752.1 269500000 270000000 91.0
OX637752.1 270000000 270500000 91.0
OX637752.1 270500000 271000000 91.0
OX637752.1 271000000 271500000 91.0
OX637752.1 271500000 272000000 91.0
OX637752.1 272000000 272500000 91.0
OX637752.1 272500000 273000000 91.0
OX637752.1 273000000 273500000 91.0
OX637752.1 273500000 274000000 91.0
OX637752.1 274000000 274500000 91.0
OX637752.1 274500000 275000000 91.0
OX637752.1 275000000 275500000 91.0
OX637752.1 275500000 276000000 91.0
OX637752.1 276000000 276500000 91.0
OX637752.1 276500000 277000000 91.0
OX637752.1 277000000 277500000 91.0
OX637752.1 277500000 278000000 91.0
OX637752.1 278000000 278500000 91.0
OX637752.1 278500000 279000000 91.0
OX637752.1 279000000 279500000 91.0
OX637752.1 279500000 280000000 91.0
OX637752.1 280000000 280500000 91.0
OX637752.1 280500000 281000000 91.0
OX637752.1 281000000 281500000 91.0
OX637752.1 281500000 282000000 91.0
OX637752.1 282000000 282500000 91.0
OX637752.1 282500000 283000000 91.0
OX637752.1 283000000 283500000 91.0
OX637752.1 283500000 284000000 91.0
OX637752.1 284000000 284500000 91.0
OX637752.1 284500000 285000000 91.0
OX637752.1 285000000 285500000 91.0
OX637752.1 285500000 286000000 91.0
OX637752.1 286000000 286500000 91.0
OX637752.1 286500000 287000000 91.0
OX637752.1 287000000 287500000 91.0
OX637752.1 287500000 288000000 91.0
OX637752.1 288000000 288500000 91.0
OX637752.1 288500000 289000000 91.0
OX637752.1 289000000 289500000 91.0
OX637752.1 289500000 290000000 91.0
OX637752.1 290000000 290500000 91.0
OX637752.1 290500000 291000000 91.0
OX637752.1 291000000 291500000 91.0
OX637752.1 291500000 292000000 91.0
OX637752.1 292000000 292500000 91.0
OX637752.1 292500000 293000000 91.0
OX637752.1 293000000 293500000 91.0
OX637752.1 293500000 294000000 91.0
OX637752.1 294000000 294500000 91.0
OX637752.1 294500000 295000000 91.0
OX637752.1 295000000 295500000 91.0
OX637752.1 295500000 296000000 91.0
OX637752.1 296000000 296500000 91.0
OX637752.1 296500000 297000000 91.0
OX637752.1 297000000 297500000 91.0
OX637752.1 297500000 298000000 91.0
OX637752.1 298000000 298500000 91.0
OX637752.1 298500000 299000000 91.0
OX637752.1 299000000 299500000 91.0
OX637752.1 299500000 300000000 91.0
OX637752.1 300000000 300500000 91.0
OX637752.1 300500000 301000000 91.0
OX637752.1 301000000 301500000 91.0
OX637752.1 301500000 302000000 91.0
OX637752.1 302000000 302500000 90.3042
OX637752.1 302500000 303000000 90.0
OX637752.1 303000000 303500000 90.0
OX637752.1 303500000 304000000 90.0
OX637752.1 304000000 304500000 90.0
OX637752.1 304500000 305000000 90.0
OX637752.1 305000000 305500000 90.0
OX637752.1 305500000 306000000 90.0
OX637752.1 306000000 306500000 90.0
OX637752.1 306500000 307000000 90.0
OX637752.1 307000000 307500000 90.0
OX637752.1 307500000 308000000 90.0
OX637752.1 308000000 308500000 90.0
OX637752.1 308500000 309000000 90.0
OX637752.1 309000000 309500000 90.0
OX637752.1 309500000 310000000 90.0
OX637752.1 310000000 310500000 90.0
OX637752.1 310500000 311000000 90.0
OX637752.1 311000000 311500000 90.0
OX637752.1 311500000 312000000 90.0
OX637752.1 312000000 312500000 90.0
OX637752.1 312500000 313000000 90.0
OX637752.1 313000000 313500000 90.0
OX637752.1 313500000 314000000 90.0
OX637752.1 314000000 314500000 90.0
OX637752.1 314500000 315000000 90.0
OX637752.1 315000000 315500000 90.0
OX637752.1 315500000 316000000 90.0
OX637752.1 316000000 316500000 90.0
OX637752.1 316500000 317000000 90.0
OX637752.1 317000000 317500000 90.0
OX637752.1 317500000 318000000 90.0
OX637752.1 318000000 318500000 90.0
OX637752.1 318500000 319000000 90.0
OX637752.1 319000000 319500000 90.0
OX637752.1 319500000 320000000 90.0
OX637752.1 320000000 320500000 90.0
OX637752.1 320500000 321000000 90.0
OX637752.1 321000000 321500000 90.0
OX637752.1 321500000 322000000 90.0
OX637752.1 322000000 322500000 90.0
OX637752.1 322500000 323000000 90.0
OX637752.1 323000000 323500000 90.0
OX637752.1 323500000 324000000 90.0
OX637752.1 324000000 324500000 90.0
OX637752.1 324500000 325000000 90.0
OX637752.1 325000000 325500000 90.0
OX637752.1 325500000 326000000 90.0
OX637752.1 326000000 326500000 90.0
OX637752.1 326500000 327000000 90.0
OX637752.1 327000000 327500000 90.0
OX637752.1 327500000 328000000 90.0
OX637752.1 328000000 328500000 90.0
OX637752.1 328500000 329000000 90.0
OX637752.1 329000000 329500000 90.0
OX637752.1 329500000 330000000 90.0
OX637752.1 330000000 330500000 90.0
OX637752.1 330500000 331000000 90.0
OX637752.1 331000000 331500000 90.0
OX637752.1 331500000 332000000 90.0
OX637752.1 332000000 332500000 90.0
OX637752.1 332500000 333000000 90.0
OX637752.1 333000000 333500000 90.0
OX637752.1 333500000 334000000 90.0
OX637752.1 334000000 334500000 90.0
OX637752.1 334500000 335000000 90.0
OX637752.1 335000000 335500000 90.0
OX637752.1 335500000 336000000 90.0
OX637752.1 336000000 336500000 90.0
OX637752.1 336500000 337000000 90.0
OX637752.1 337000000 337500000 90.0
OX637752.1 337500000 338000000 90.0
OX637752.1 338000000 338500000 90.0
OX637752.1 338500000 339000000 90.0
OX637752.1 339000000 339500000 90.0
OX637752.1 339500000 340000000 90.0
OX637752.1 340000000 340500000 90.0
OX637752.1 340500000 341000000 90.0
OX637752.1 341000000 341500000 90.0
OX637752.1 341500000 342000000 90.0
OX637752.1 342000000 342500000 90.0
OX637752.1 342500000 343000000 90.0
OX637752.1 343000000 343500000 90.0
OX637752.1 343500000 344000000 90.0
OX637752.1 344000000 344500000 90.0
OX637752.1 344500000 345000000 90.0
OX637752.1 345000000 345500000 90.0
OX637752.1 345500000 346000000 90.0
OX637752.1 346000000 346500000 90.0
OX637752.1 346500000 347000000 90.0
OX637752.1 347000000 347500000 90.0
OX637752.1 347500000 348000000 90.0
OX637752.1 348000000 348500000 90.0
OX637752.1 348500000 349000000 90.0
OX637752.1 349000000 349500000 90.0
OX637752.1 349500000 350000000 90.0
OX637752.1 350000000 350500000 90.0
OX637752.1 350500000 351000000 90.0
OX637752.1 351000000 351500000 90.0
OX637752.1 351500000 352000000 90.0
OX637752.1 352000000 352500000 90.0
OX637752.1 352500000 353000000 90.0
OX637752.1 353000000 353500000 90.0
OX637752.1 353500000 354000000 90.0
OX637752.1 354000000 354500000 90.0
OX637752.1 354500000 355000000 90.0
OX637752.1 355000000 355500000 90.0
OX637752.1 355500000 356000000 90.0
OX637752.1 356000000 356500000 90.0
OX637752.1 356500000 357000000 90.0
OX637752.1 357000000 357500000 90.0
OX637752.1 357500000 358000000 90.0
OX637752.1 358000000 358500000 90.0
OX637752.1 358500000 359000000 90.0
OX637752.1 359000000 359500000 90.0
OX637752.1 359500000 360000000 90.0
OX637752.1 360000000 360500000 90.0
OX637752.1 360500000 361000000 90.0
OX637752.1 361000000 361500000 90.0
OX637752.1 361500000 362000000 90.0
OX637752.1 362000000 362500000 90.0
OX637752.1 362500000 363000000 90.0
OX637752.1 363000000 363500000 90.0
OX637752.1 363500000 364000000 90.0
OX637752.1 364000000 364500000 90.0
OX637752.1 364500000 365000000 90.0
OX637752.1 365000000 365500000 90.0
OX637752.1 365500000 366000000 90.0
OX637752.1 366000000 366500000 90.0
OX637752.1 366500000 367000000 90.0
OX637752.1 367000000 367500000 90.0
OX637752.1 367500000 368000000 90.0
OX637752.1 368000000 368500000 90.0
OX637752.1 368500000 369000000 90.0
OX637752.1 369000000 369500000 90.0
OX637752.1 369500000 370000000 90.0
OX637752.1 370000000 370500000 90.0
OX637752.1 370500000 371000000 90.0
OX637752.1 371000000 371500000 90.0
OX637752.1 371500000 372000000 90.0
OX637752.1 372000000 372500000 90.0
OX637752.1 372500000 373000000 90.0
OX637752.1 373000000 373500000 90.0
OX637752.1 373500000 374000000 90.0
OX637752.1 374000000 374500000 90.0
OX637752.1 374500000 375000000 90.0
OX637752.1 375000000 375500000 90.0
OX637752.1 375500000 376000000 90.0
OX637752.1 376000000 376500000 90.0
OX637752.1 376500000 377000000 90.0
OX637752.1 377000000 377500000 90.0
OX637752.1 377500000 378000000 90.0
OX637752.1 378000000 378500000 90.0
OX637752.1 378500000 379000000 90.0
OX637752.1 379000000 379500000 90.0
OX637752.1 379500000 380000000 90.0
OX637752.1 380000000 380500000 90.0
OX637752.1 380500000 381000000 90.0
OX637752.1 381000000 381500000 90.0
OX637752.1 381500000 382000000 90.0
OX637752.1 382000000 382500000 90.0
OX637752.1 382500000 383000000 90.0
OX637752.1 383000000 383500000 90.0
OX637752.1 383500000 384000000 90.0
OX637752.1 384000000 384500000 90.0
OX637752.1 384500000 385000000 90.0
OX637752.1 385000000 385500000 90.0
OX637752.1 385500000 386000000 90.0
OX637752.1 386000000 386500000 90.0
OX637752.1 386500000 387000000 90.0
OX637752.1 387000000 387500000 90.0
OX637752.1 387500000 388000000 90.0
OX637752.1 388000000 388500000 90.0
OX637752.1 388500000 389000000 90.0
OX637752.1 389000000 389500000 90.0
OX637752.1 389500000 390000000 90.0
OX637752.1 390000000 390500000 90.0
OX637752.1 390500000 391000000 90.0
OX637752.1 391000000 391500000 90.0
OX637752.1 391500000 392000000 90.0
OX637752.1 392000000 392500000 90.0
OX637752.1 392500000 393000000 90.0
OX637752.1 393000000 393500000 90.0
OX637752.1 393500000 394000000 90.0
OX637752.1 394000000 394500000 90.0
OX637752.1 394500000 395000000 90.0
OX637752.1 395000000 395500000 90.0
OX637752.1 395500000 396000000 90.0
OX637752.1 396000000 396500000 90.0
OX637752.1 396500000 397000000 90.0
OX637752.1 397000000 397500000 90.0
OX637752.1 397500000 398000000 90.0
OX637752.1 398000000 398500000 90.0
OX637752.1 398500000 399000000 90.0
OX637752.1 399000000 399500000 90.0
OX637752.1 399500000 400000000 90.0
OX637752.1 400000000 400500000 90.0
OX637752.1 400500000 401000000 90.0
OX637752.1 401000000 401500000 90.0
OX637752.1 401500000 402000000 90.0
OX637752.1 402000000 402500000 90.0
OX637752.1 402500000 403000000 90.0
OX637752.1 403000000 403500000 90.0
OX637752.1 403500000 404000000 90.0
OX637752.1 404000000 404500000 90.0
OX637752.1 404500000 405000000 90.0
OX637752.1 405000000 405500000 90.0
OX637752.1 405500000 406000000 90.0
OX637752.1 406000000 406500000 90.0
OX637752.1 406500000 407000000 90.0
OX637752.1 407000000 407500000 90.0
OX637752.1 407500000 408000000 90.0
OX637752.1 408000000 408500000 90.0
OX637752.1 408500000 409000000 90.0
OX637752.1 409000000 409500000 90.0
OX637752.1 409500000 410000000 90.0
OX637752.1 410000000 410500000 90.0
OX637752.1 410500000 411000000 90.0
OX637752.1 411000000 411500000 90.0
OX637752.1 411500000 412000000 90.0
OX637752.1 412000000 412500000 90.0
OX637752.1 412500000 413000000 90.0
OX637752.1 413000000 413500000 90.0
OX637752.1 413500000 414000000 90.0
OX637752.1 414000000 414500000 90.0
OX637752.1 414500000 415000000 90.0
OX637752.1 415000000 415500000 90.0
OX637752.1 415500000 416000000 90.0
OX637752.1 416000000 416500000 90.0
OX637752.1 416500000 417000000 90.0
OX637752.1 417000000 417500000 90.0
OX637752.1 417500000 418000000 90.0
OX637752.1 418000000 418500000 90.0
OX637752.1 418500000 419000000 90.0
OX637752.1 419000000 419500000 90.0
OX637752.1 419500000 420000000 90.0
OX637752.1 420000000 420500000 90.0
OX637752.1 420500000 421000000 90.0
OX637752.1 421000000 421500000 90.0
OX637752.1 421500000 422000000 90.0
OX637752.1 422000000 422500000 90.0
OX637752.1 422500000 423000000 90.0
OX637752.1 423000000 423500000 90.0
OX637752.1 423500000 424000000 90.0
OX637752.1 424000000 424500000 90.0
OX637752.1 424500000 425000000 90.0
OX637752.1 425000000 425500000 90.0
OX637752.1 425500000 426000000 90.0
OX637752.1 426000000 426500000 90.0
OX637752.1 426500000 427000000 90.0
OX637752.1 427000000 427500000 90.0
OX637752.1 427500000 428000000 90.0
OX637752.1 428000000 428500000 90.0
OX637752.1 428500000 429000000 89.45022
OX637752.1 429000000 429500000 89.0
OX637752.1 429500000 430000000 89.0
OX637752.1 430000000 430500000 88.2965
OX637752.1 430500000 431000000 88.0
OX637752.1 431000000 431500000 88.0
OX637752.1 431500000 432000000 88.0
OX637752.1 432000000 432500000 88.0
OX637752.1 432500000 433000000 88.0
OX637752.1 433000000 433500000 88.0
OX637752.1 433500000 434000000 88.0
OX637752.1 434000000 434500000 88.0
OX637752.1 434500000 435000000 88.0
OX637752.1 435000000 435500000 88.0
OX637752.1 435500000 436000000 88.0
OX637752.1 436000000 436500000 88.0
OX637752.1 436500000 437000000 88.0
OX637752.1 437000000 437500000 88.0
OX637752.1 437500000 438000000 88.0
OX637752.1 438000000 438500000 88.0
OX637752.1 438500000 439000000 88.0
OX637752.1 439000000 439500000 88.0
OX637752.1 439500000 440000000 88.0
OX637752.1 440000000 440500000 88.0
OX637752.1 440500000 441000000 88.0
OX637752.1 441000000 441500000 88.0
OX637752.1 441500000 442000000 88.0
OX637752.1 442000000 442500000 88.0
OX637752.1 442500000 443000000 88.0
OX637752.1 443000000 443500000 88.0
OX637752.1 443500000 444000000 88.0
OX637752.1 444000000 444500000 88.0
OX637752.1 444500000 445000000 88.0
OX637752.1 445000000 445500000 88.0
OX637752.1 445500000 446000000 88.0
OX637752.1 446000000 446500000 88.0
OX637752.1 446500000 447000000 88.0
OX637752.1 447000000 447500000 88.0
OX637752.1 447500000 448000000 88.0
OX637752.1 448000000 448500000 88.0
OX637752.1 448500000 449000000 88.0
OX637752.1 449000000 449500000 88.0
OX637752.1 449500000 450000000 88.0
OX637752.1 450000000 450500000 88.0
OX637752.1 450500000 451000000 88.0
OX637752.1 451000000 451500000 88.0
OX637752.1 451500000 452000000 88.0
OX637752.1 452000000 452500000 88.0
OX637752.1 452500000 453000000 88.0
OX637752.1 453000000 453500000 88.0
OX637752.1 453500000 454000000 88.0
OX637752.1 454000000 454500000 88.0
OX637752.1 454500000 455000000 88.0
OX637752.1 455000000 455500000 88.0
OX637752.1 455500000 456000000 88.0
OX637752.1 456000000 456500000 88.0
OX637752.1 456500000 457000000 88.0
OX637752.1 457000000 457500000 88.0
OX637752.1 457500000 458000000 88.0
OX637752.1 458000000 458500000 88.0
OX637752.1 458500000 459000000 88.0
OX637752.1 459000000 459500000 88.0
OX637752.1 459500000 460000000 88.0
OX637752.1 460000000 460500000 88.0
OX637752.1 460500000 461000000 88.0
OX637752.1 461000000 461500000 88.0
OX637752.1 461500000 462000000 88.0
OX637752.1 462000000 462500000 88.0
OX637752.1 462500000 463000000 87.02591
OX637752.1 463000000 463500000 87.0
OX637752.1 463500000 464000000 87.0
OX637752.1 464000000 464500000 87.0
OX637752.1 464500000 465000000 87.0
OX637752.1 465000000 465500000 87.0
OX637752.1 465500000 466000000 87.0
OX637752.1 466000000 466500000 87.0
OX637752.1 466500000 467000000 87.0
OX637752.1 467000000 467500000 87.0
OX637752.1 467500000 468000000 87.0
OX637752.1 468000000 468500000 87.0
OX637752.1 468500000 469000000 87.0
OX637752.1 469000000 469500000 87.0
OX637752.1 469500000 470000000 87.0
OX637752.1 470000000 470500000 87.0
OX637752.1 470500000 471000000 87.0
OX637752.1 471000000 471500000 87.0
OX637752.1 471500000 472000000 86.96531
OX637752.1 472000000 472500000 86.0
OX637752.1 472500000 473000000 86.0
OX637752.1 473000000 473500000 86.0
OX637752.1 473500000 474000000 86.0
OX637752.1 474000000 474500000 86.0
OX637752.1 474500000 475000000 86.0
OX637752.1 475000000 475500000 86.0
OX637752.1 475500000 476000000 86.0
OX637752.1 476000000 476500000 86.0
OX637752.1 476500000 477000000 86.0
OX637752.1 477000000 477500000 86.0
OX637752.1 477500000 478000000 86.0
OX637752.1 478000000 478500000 86.0
OX637752.1 478500000 479000000 86.0
OX637752.1 479000000 479500000 86.0
OX637752.1 479500000 480000000 86.00798
OX637752.1 480000000 480500000 86.0
OX637752.1 480500000 481000000 86.0
OX637752.1 481000000 481500000 86.0
OX637752.1 481500000 482000000 86.0
OX637752.1 482000000 482500000 86.0
OX637752.1 482500000 483000000 86.0
OX637752.1 483000000 483500000 86.0
OX637752.1 483500000 484000000 86.0
OX637752.1 484000000 484500000 86.0
OX637752.1 484500000 485000000 86.0
OX637752.1 485000000 485500000 86.0
OX637752.1 485500000 486000000 86.0
OX637752.1 486000000 486500000 86.0
OX637752.1 486500000 487000000 86.0
OX637752.1 487000000 487500000 86.0
OX637752.1 487500000 488000000 86.0
OX637752.1 488000000 488500000 86.0
OX637752.1 488500000 489000000 86.0
OX637752.1 489000000 489500000 86.0
OX637752.1 489500000 490000000 86.0
OX637752.1 490000000 490500000 86.0
OX637752.1 490500000 491000000 86.0
OX637752.1 491000000 491500000 86.0
OX637752.1 491500000 492000000 86.0
OX637752.1 492000000 492500000 86.0
OX637752.1 492500000 493000000 86.0
OX637752.1 493000000 493500000 86.0
OX637752.1 493500000 494000000 86.0
OX637752.1 494000000 494500000 86.0
OX637752.1 494500000 495000000 86.0
OX637752.1 495000000 495500000 86.0
OX637752.1 495500000 496000000 86.0
OX637752.1 496000000 496500000 86.0
OX637752.1 496500000 497000000 86.0
OX637752.1 497000000 497500000 85.32678
OX637752.1 497500000 498000000 85.0
OX637752.1 498000000 498500000 85.0
OX637752.1 498500000 499000000 85.0
OX637752.1 499000000 499500000 85.0
OX637752.1 499500000 500000000 85.0
OX637752.1 500000000 500500000 85.0
OX637752.1 500500000 501000000 85.0
OX637752.1 501000000 501500000 85.0
OX637752.1 501500000 502000000 85.0
OX637752.1 502000000 502500000 85.0
OX637752.1 502500000 503000000 85.0
OX637752.1 503000000 503500000 84.79326
OX637752.1 503500000 504000000 84.0
OX637752.1 504000000 504500000 84.0
OX637752.1 504500000 505000000 84.0
OX637752.1 505000000 505500000 84.0
OX637752.1 505500000 506000000 84.0
OX637752.1 506000000 506500000 84.0
OX637752.1 506500000 507000000 84.0
OX637752.1 507000000 507500000 84.0
OX637752.1 507500000 508000000 84.0
OX637752.1 508000000 508500000 84.0
OX637752.1 508500000 509000000 84.0
OX637752.1 509000000 509500000 84.0
OX637752.1 509500000 510000000 83.28467
OX637752.1 510000000 510500000 82.71788
OX637752.1 510500000 511000000 82.0
OX637752.1 511000000 511500000 82.0
OX637752.1 511500000 512000000 82.0
OX637752.1 512000000 512500000 82.0
OX637752.1 512500000 513000000 82.0
OX637752.1 513000000 513500000 81.48862
OX637752.1 513500000 514000000 81.0
OX637752.1 514000000 514500000 81.0
OX637752.1 514500000 515000000 81.0
OX637752.1 515000000 515500000 81.0
OX637752.1 515500000 516000000 81.0
OX637752.1 516000000 516500000 81.0
OX637752.1 516500000 517000000 81.0
OX637752.1 517000000 517500000 80.54233
OX637752.1 517500000 518000000 80.0
OX637752.1 518000000 518500000 80.0
OX637752.1 518500000 519000000 80.0
OX637752.1 519000000 519500000 80.0
OX637752.1 519500000 520000000 80.0
OX637752.1 520000000 520500000 80.0
OX637752.1 520500000 521000000 80.0
OX637752.1 521000000 521500000 80.0
OX637752.1 521500000 522000000 79.79248
OX637752.1 522000000 522500000 79.0
OX637752.1 522500000 523000000 79.0
OX637752.1 523000000 523500000 79.0
OX637752.1 523500000 524000000 79.0
OX637752.1 524000000 524500000 79.0
OX637752.1 524500000 525000000 79.61281
OX637752.1 525000000 525500000 80.0
OX637752.1 525500000 526000000 80.0
OX637752.1 526000000 526500000 80.0
OX637752.1 526500000 527000000 80.0
OX637752.1 527000000 527500000 79.78372
OX637752.1 527500000 528000000 78.96241
OX637752.1 528000000 528500000 78.0
OX637752.1 528500000 529000000 78.0
OX637752.1 529000000 529500000 77.31368
OX637752.1 529500000 530000000 76.93484
OX637752.1 530000000 530500000 76.0
OX637752.1 530500000 531000000 76.0
OX637752.1 531000000 531500000 76.0
OX637752.1 531500000 532000000 76.0
OX637752.1 532000000 532500000 76.0
OX637752.1 532500000 533000000 76.0
OX637752.1 533000000 533500000 76.0
OX637752.1 533500000 534000000 76.0
OX637752.1 534000000 534500000 76.0
OX637752.1 534500000 535000000 76.0
OX637752.1 535000000 535500000 75.11443
OX637752.1 535500000 536000000 75.0
OX637752.1 536000000 536500000 75.0
OX637752.1 536500000 537000000 75.0
OX637752.1 537000000 537500000 74.72341
OX637752.1 537500000 538000000 74.0
OX637752.1 538000000 538500000 74.0
OX637752.1 538500000 539000000 73.41392
OX637752.1 539000000 539500000 73.0
OX637752.1 539500000 540000000 73.0
OX637752.1 540000000 540500000 72.98594
OX637752.1 540500000 541000000 72.0
OX637752.1 541000000 541500000 72.0
OX637752.1 541500000 542000000 72.0
OX637752.1 542000000 542500000 69.48778
OX637752.1 542500000 543000000 65.50802
OX637752.1 543000000 543500000 64.84766
OX637752.1 543500000 544000000 64.0
OX637752.1 544000000 544500000 64.0
OX637752.1 544500000 545000000 63.56
OX637752.1 545000000 545500000 62.49115
OX637752.1 545500000 546000000 60.77535
OX637752.1 546000000 546500000 59.91553
OX637752.1 546500000 547000000 58.35275
OX637752.1 547000000 547500000 57.0
OX637752.1 547500000 548000000 56.77967
OX637752.1 548000000 548500000 54.36871
OX637752.1 548500000 549000000 53.0
OX637752.1 549000000 549500000 53.0
OX637752.1 549500000 550000000 53.0
OX637752.1 550000000 550500000 51.30368
OX637752.1 550500000 551000000 48.46528
OX637752.1 551000000 551500000 45.77618
OX637752.1 551500000 552000000 41.83226
OX637752.1 552000000 552500000 41.0
OX637752.1 552500000 553000000 41.0
OX637752.1 553000000 553500000 40.62879
OX637752.1 553500000 554000000 34.67058
OX637752.1 554000000 554500000 29.75408
OX637752.1 554500000 555000000 25.66088
OX637752.1 555000000 555500000 22.9228
OX637752.1 555500000 556000000 16.36894
OX637752.1 556000000 556500000 8.03551
OX637752.1 556500000 557000000 7.0
OX637752.1 557000000 557500000 7.0
OX637752.1 557500000 558000000 6.55258
OX637752.1 558000000 558500000 0.31296
OX637752.1 558500000 559000000 0.0
OX637752.1 559000000 559500000 0.0
OX637752.1 559500000 559573494 0.0
OX637759.1 0 500000 0.03689
OX637759.1 500000 1000000 2.50801
OX637759.1 1000000 1500000 5.0
OX637759.1 1500000 2000000 7.17235
OX637759.1 2000000 2500000 10.43852
OX637759.1 2500000 3000000 16.40151
OX637759.1 3000000 3500000 21.90527
OX637759.1 3500000 4000000 24.84873
OX637759.1 4000000 4500000 30.45094
OX637759.1 4500000 5000000 34.65023
OX637759.1 5000000 5500000 36.99289
OX637759.1 5500000 6000000 38.42246
OX637759.1 6000000 6500000 41.81112
OX637759.1 6500000 7000000 46.5185
OX637759.1 7000000 7500000 48.0
OX637759.1 7500000 8000000 48.0
OX637759.1 8000000 8500000 48.54689
OX637759.1 8500000 9000000 50.89487
OX637759.1 9000000 9500000 52.17509
OX637759.1 9500000 10000000 54.0
OX637759.1 10000000 10500000 54.45038
OX637759.1 10500000 11000000 56.9484
OX637759.1 11000000 11500000 58.50176
OX637759.1 11500000 12000000 61.77531
OX637759.1 12000000 12500000 63.0
OX637759.1 12500000 13000000 63.55229
OX637759.1 13000000 13500000 64.48671
OX637759.1 13500000 14000000 66.8071
OX637759.1 14000000 14500000 67.0
OX637759.1 14500000 15000000 67.658
OX637759.1 15000000 15500000 68.59202
OX637759.1 15500000 16000000 71.43999
OX637759.1 16000000 16500000 72.0
OX637759.1 16500000 17000000 72.0
OX637759.1 17000000 17500000 72.0
OX637759.1 17500000 18000000 72.53513
OX637759.1 18000000 18500000 73.0
OX637759.1 18500000 19000000 73.75573
OX637759.1 19000000 19500000 74.0
OX637759.1 19500000 20000000 74.28527
OX637759.1 20000000 20500000 75.77631
OX637759.1 20500000 21000000 77.35068
OX637759.1 21000000 21500000 78.89728
OX637759.1 21500000 22000000 79.65992
OX637759.1 22000000 22500000 80.73681
OX637759.1 22500000 23000000 82.22466
OX637759.1 23000000 23500000 83.0
OX637759.1 23500000 24000000 83.62596
OX637759.1 24000000 24500000 84.0
OX637759.1 24500000 25000000 84.0
OX637759.1 25000000 25500000 84.06485
OX637759.1 25500000 26000000 85.33408
OX637759.1 26000000 26500000 86.0
OX637759.1 26500000 27000000 86.0
OX637759.1 27000000 27500000 86.0
OX637759.1 27500000 28000000 86.0
OX637759.1 28000000 28500000 86.0
OX637759.1 28500000 29000000 86.0
OX637759.1 29000000 29500000 86.57952
OX637759.1 29500000 30000000 87.0
OX637759.1 30000000 30500000 87.11205
OX637759.1 30500000 31000000 88.0
OX637759.1 31000000 31500000 88.0
OX637759.1 31500000 32000000 88.7202
OX637759.1 32000000 32500000 89.67558
OX637759.1 32500000 33000000 90.23628
OX637759.1 33000000 33500000 90.71297
OX637759.1 33500000 34000000 91.0
OX637759.1 34000000 34500000 91.0
OX637759.1 34500000 35000000 91.24052
OX637759.1 35000000 35500000 92.0
OX637759.1 35500000 36000000 92.8709
OX637759.1 36000000 36500000 93.0
OX637759.1 36500000 37000000 93.0
OX637759.1 37000000 37500000 93.0
OX637759.1 37500000 38000000 93.0
OX637759.1 38000000 38500000 93.0
OX637759.1 38500000 39000000 93.49965
OX637759.1 39000000 39500000 94.0
OX637759.1 39500000 40000000 94.0
OX637759.1 40000000 40500000 94.0
OX637759.1 40500000 41000000 94.65448
OX637759.1 41000000 41500000 95.0
OX637759.1 41500000 42000000 95.0
OX637759.1 42000000 42500000 95.0
OX637759.1 42500000 43000000 95.0
OX637759.1 43000000 43500000 95.0
OX637759.1 43500000 44000000 95.0
OX637759.1 44000000 44500000 95.80847
OX637759.1 44500000 45000000 95.54812
OX637759.1 45000000 45500000 95.0
OX637759.1 45500000 46000000 95.0
OX637759.1 46000000 46500000 95.22131
OX637759.1 46500000 47000000 96.0
OX637759.1 47000000 47500000 96.0
OX637759.1 47500000 48000000 96.0
OX637759.1 48000000 48500000 96.0
OX637759.1 48500000 49000000 96.0
OX637759.1 49000000 49500000 96.0
OX637759.1 49500000 50000000 96.0
OX637759.1 50000000 50500000 96.0
OX637759.1 50500000 51000000 96.0
OX637759.1 51000000 51500000 96.0
OX637759.1 51500000 52000000 96.0
OX637759.1 52000000 52500000 96.0
OX637759.1 52500000 53000000 96.0
OX637759.1 53000000 53500000 96.0
OX637759.1 53500000 54000000 96.0
OX637759.1 54000000 54500000 96.0
OX637759.1 54500000 55000000 96.4766
OX637759.1 55000000 55500000 97.0
OX637759.1 55500000 56000000 97.0
OX637759.1 56000000 56500000 97.00281
OX637759.1 56500000 57000000 98.0
OX637759.1 57000000 57500000 98.06092
OX637759.1 57500000 58000000 98.0
OX637759.1 58000000 58500000 98.0
OX637759.1 58500000 59000000 98.0
OX637759.1 59000000 59500000 98.0
OX637759.1 59500000 60000000 98.0
OX637759.1 60000000 60500000 98.0
OX637759.1 60500000 61000000 98.0
OX637759.1 61000000 61500000 98.0
OX637759.1 61500000 62000000 98.0
OX637759.1 62000000 62500000 98.0
OX637759.1 62500000 63000000 98.0
OX637759.1 63000000 63500000 98.0
OX637759.1 63500000 64000000 98.0
OX637759.1 64000000 64500000 98.0
OX637759.1 64500000 65000000 98.0
OX637759.1 65000000 65500000 98.0
OX637759.1 65500000 66000000 98.0
OX637759.1 66000000 66500000 98.0
OX637759.1 66500000 67000000 98.75062
OX637759.1 67000000 67500000 99.0
OX637759.1 67500000 68000000 98.44547
OX637759.1 68000000 68500000 98.0
OX637759.1 68500000 69000000 98.7907
OX637759.1 69000000 69500000 99.0
OX637759.1 69500000 70000000 99.0
OX637759.1 70000000 70500000 99.0
OX637759.1 70500000 71000000 99.0
OX637759.1 71000000 71500000 99.0
OX637759.1 71500000 72000000 99.0
OX637759.1 72000000 72500000 99.0
OX637759.1 72500000 73000000 99.0
OX637759.1 73000000 73500000 99.0
OX637759.1 73500000 74000000 99.0
OX637759.1 74000000 74500000 99.0
OX637759.1 74500000 75000000 99.0
OX637759.1 75000000 75500000 99.2926
OX637759.1 75500000 76000000 100.53706
OX637759.1 76000000 76500000 101.0
OX637759.1 76500000 77000000 101.0
OX637759.1 77000000 77500000 101.0
OX637759.1 77500000 78000000 101.0
OX637759.1 78000000 78500000 101.0
OX637759.1 78500000 79000000 101.0
OX637759.1 79000000 79500000 101.0
OX637759.1 79500000 80000000 101.0
OX637759.1 80000000 80500000 101.0
OX637759.1 80500000 81000000 101.0
OX637759.1 81000000 81500000 101.0
OX637759.1 81500000 82000000 101.0
OX637759.1 82000000 82500000 101.0
OX637759.1 82500000 83000000 101.0
OX637759.1 83000000 83500000 101.0
OX637759.1 83500000 84000000 101.0
OX637759.1 84000000 84500000 101.0
OX637759.1 84500000 85000000 101.0
OX637759.1 85000000 85500000 101.94475
OX637759.1 85500000 86000000 102.0
OX637759.1 86000000 86500000 102.0
OX637759.1 86500000 87000000 102.0
OX637759.1 87000000 87500000 102.0
OX637759.1 87500000 88000000 102.0
OX637759.1 88000000 88500000 102.0
OX637759.1 88500000 89000000 102.0
OX637759.1 89000000 89500000 102.0
OX637759.1 89500000 90000000 102.0
OX637759.1 90000000 90500000 102.0
OX637759.1 90500000 91000000 102.0
OX637759.1 91000000 91500000 102.0
OX637759.1 91500000 92000000 102.0
OX637759.1 92000000 92500000 102.0
OX637759.1 92500000 93000000 102.0
OX637759.1 93000000 93500000 102.0
OX637759.1 93500000 94000000 102.0
OX637759.1 94000000 94500000 102.0
OX637759.1 94500000 95000000 102.0
OX637759.1 95000000 95500000 102.0
OX637759.1 95500000 96000000 102.0
OX637759.1 96000000 96500000 102.0
OX637759.1 96500000 97000000 102.0
OX637759.1 97000000 97500000 102.0
OX637759.1 97500000 98000000 102.0
OX637759.1 98000000 98500000 102.0
OX637759.1 98500000 99000000 102.0
OX637759.1 99000000 99500000 102.0
OX637759.1 99500000 100000000 102.0
OX637759.1 100000000 100500000 102.0433
OX637759.1 100500000 101000000 103.0
OX637759.1 101000000 101500000 103.0
OX637759.1 101500000 102000000 103.0
OX637759.1 102000000 102500000 103.0
OX637759.1 102500000 103000000 103.0
OX637759.1 103000000 103500000 103.0
OX637759.1 103500000 104000000 102.53333
OX637759.1 104000000 104500000 102.0
OX637759.1 104500000 105000000 102.0
OX637759.1 105000000 105500000 102.0
OX637759.1 105500000 106000000 102.99517
OX637759.1 106000000 106500000 103.0
OX637759.1 106500000 107000000 103.0
OX637759.1 107000000 107500000 103.0
OX637759.1 107500000 108000000 103.0
OX637759.1 108000000 108500000 103.0
OX637759.1 108500000 109000000 103.0
OX637759.1 109000000 109500000 103.0
OX637759.1 109500000 110000000 103.0
OX637759.1 110000000 110500000 103.0
OX637759.1 110500000 111000000 103.0
OX637759.1 111000000 111500000 103.0
OX637759.1 111500000 112000000 103.0
OX637759.1 112000000 112500000 103.0
OX637759.1 112500000 113000000 103.0
OX637759.1 113000000 113500000 103.0
OX637759.1 113500000 114000000 103.0
OX637759.1 114000000 114500000 103.0
OX637759.1 114500000 115000000 103.0
OX637759.1 115000000 115500000 103.0
OX637759.1 115500000 116000000 103.0
OX637759.1 116000000 116500000 103.0
OX637759.1 116500000 117000000 103.0
OX637759.1 117000000 117500000 103.0
OX637759.1 117500000 118000000 103.0
OX637759.1 118000000 118500000 103.0
OX637759.1 118500000 119000000 103.0
OX637759.1 119000000 119500000 103.0
OX637759.1 119500000 120000000 103.0
OX637759.1 120000000 120500000 103.0
OX637759.1 120500000 121000000 103.0
OX637759.1 121000000 121500000 103.0
OX637759.1 121500000 122000000 103.0
OX637759.1 122000000 122500000 103.0
OX637759.1 122500000 123000000 103.0
OX637759.1 123000000 123500000 103.0
OX637759.1 123500000 124000000 103.0
OX637759.1 124000000 124500000 103.0
OX637759.1 124500000 125000000 103.0
OX637759.1 125000000 125500000 103.0
OX637759.1 125500000 126000000 103.0
OX637759.1 126000000 126500000 103.0
OX637759.1 126500000 127000000 103.0
OX637759.1 127000000 127500000 103.0
OX637759.1 127500000 128000000 103.0
OX637759.1 128000000 128500000 103.0
OX637759.1 128500000 129000000 103.0
OX637759.1 129000000 129500000 103.0
OX637759.1 129500000 130000000 103.0
OX637759.1 130000000 130500000 103.0
OX637759.1 130500000 131000000 103.38452
OX637759.1 131000000 131500000 104.0
OX637759.1 131500000 132000000 104.0
OX637759.1 132000000 132500000 104.0
OX637759.1 132500000 133000000 104.0
OX637759.1 133000000 133500000 104.0
OX637759.1 133500000 134000000 104.0
OX637759.1 134000000 134500000 104.0
OX637759.1 134500000 135000000 104.0
OX637759.1 135000000 135500000 104.0
OX637759.1 135500000 136000000 104.0
OX637759.1 136000000 136500000 104.0
OX637759.1 136500000 137000000 104.0
OX637759.1 137000000 137500000 104.0
OX637759.1 137500000 138000000 104.0
OX637759.1 138000000 138500000 104.0
OX637759.1 138500000 139000000 104.0
OX637759.1 139000000 139500000 104.0
OX637759.1 139500000 140000000 104.0
OX637759.1 140000000 140500000 104.0
OX637759.1 140500000 141000000 104.0
OX637759.1 141000000 141500000 104.0
OX637759.1 141500000 142000000 104.0
OX637759.1 142000000 142500000 104.0
OX637759.1 142500000 143000000 104.0
OX637759.1 143000000 143500000 104.0
OX637759.1 143500000 144000000 104.0
OX637759.1 144000000 144500000 104.0
OX637759.1 144500000 145000000 104.0
OX637759.1 145000000 145500000 104.0
OX637759.1 145500000 146000000 104.0
OX637759.1 146000000 146500000 104.0
OX637759.1 146500000 147000000 104.0
OX637759.1 147000000 147500000 104.0
OX637759.1 147500000 148000000 104.0
OX637759.1 148000000 148500000 104.0
OX637759.1 148500000 149000000 104.0
OX637759.1 149000000 149500000 104.0
OX637759.1 149500000 150000000 104.0
OX637759.1 150000000 150500000 104.0
OX637759.1 150500000 151000000 104.0
OX637759.1 151000000 151500000 104.0
OX637759.1 151500000 152000000 104.0
OX637759.1 152000000 152500000 104.0
OX637759.1 152500000 153000000 104.0
OX637759.1 153000000 153500000 104.0
OX637759.1 153500000 154000000 104.0
OX637759.1 154000000 154500000 104.0
OX637759.1 154500000 155000000 104.0
OX637759.1 155000000 155500000 104.0
OX637759.1 155500000 156000000 104.0
OX637759.1 156000000 156500000 104.0
OX637759.1 156500000 157000000 104.0
OX637759.1 157000000 157500000 104.0
OX637759.1 157500000 158000000 104.0
OX637759.1 158000000 158500000 104.0
OX637759.1 158500000 159000000 104.0
OX637759.1 159000000 159500000 104.0
OX637759.1 159500000 160000000 104.0
OX637759.1 160000000 160500000 104.0
OX637759.1 160500000 161000000 104.0
OX637759.1 161000000 161500000 104.0
OX637759.1 161500000 162000000 104.0
OX637759.1 162000000 162500000 104.0
OX637759.1 162500000 163000000 104.0
OX637759.1 163000000 163500000 104.0
OX637759.1 163500000 164000000 104.0
OX637759.1 164000000 164500000 104.0
OX637759.1 164500000 165000000 104.0
OX637759.1 165000000 165500000 104.0
OX637759.1 165500000 166000000 104.0
OX637759.1 166000000 166500000 104.0
OX637759.1 166500000 167000000 104.0
OX637759.1 167000000 167500000 104.0
OX637759.1 167500000 168000000 104.0
OX637759.1 168000000 168500000 104.0
OX637759.1 168500000 169000000 104.0
OX637759.1 169000000 169500000 104.0
OX637759.1 169500000 170000000 104.0
OX637759.1 170000000 170500000 104.0
OX637759.1 170500000 171000000 104.0
OX637759.1 171000000 171500000 104.0
OX637759.1 171500000 172000000 104.0
OX637759.1 172000000 172500000 104.0
OX637759.1 172500000 173000000 104.0
OX637759.1 173000000 173500000 104.0
OX637759.1 173500000 174000000 104.0
OX637759.1 174000000 174500000 104.0
OX637759.1 174500000 175000000 104.0
OX637759.1 175000000 175500000 104.0
OX637759.1 175500000 176000000 104.0
OX637759.1 176000000 176500000 104.0
OX637759.1 176500000 177000000 104.0
OX637759.1 177000000 177500000 104.0
OX637759.1 177500000 178000000 104.0
OX637759.1 178000000 178500000 104.0
OX637759.1 178500000 179000000 104.0
OX637759.1 179000000 179500000 104.0
OX637759.1 179500000 180000000 104.0
OX637759.1 180000000 180500000 104.0
OX637759.1 180500000 181000000 104.0
OX637759.1 181000000 181500000 104.0
OX637759.1 181500000 182000000 104.0
OX637759.1 182000000 182500000 104.0
OX637759.1 182500000 183000000 104.0
OX637759.1 183000000 183500000 104.0
OX637759.1 183500000 184000000 104.0
OX637759.1 184000000 184500000 104.0
OX637759.1 184500000 185000000 104.0
OX637759.1 185000000 185500000 104.0
OX637759.1 185500000 186000000 104.0
OX637759.1 186000000 186500000 104.0
OX637759.1 186500000 187000000 104.0
OX637759.1 187000000 187500000 104.0
OX637759.1 187500000 188000000 104.0
OX637759.1 188000000 188500000 104.0
OX637759.1 188500000 189000000 104.0
OX637759.1 189000000 189500000 104.0
OX637759.1 189500000 190000000 104.0
OX637759.1 190000000 190500000 104.0
OX637759.1 190500000 191000000 104.0
OX637759.1 191000000 191500000 104.0
OX637759.1 191500000 192000000 104.0
OX637759.1 192000000 192500000 104.0
OX637759.1 192500000 193000000 104.0
OX637759.1 193000000 193500000 104.0
OX637759.1 193500000 194000000 104.0
OX637759.1 194000000 194500000 104.0
OX637759.1 194500000 195000000 104.0
OX637759.1 195000000 195500000 104.0
OX637759.1 195500000 196000000 104.0
OX637759.1 196000000 196500000 104.0
OX637759.1 196500000 197000000 104.0
OX637759.1 197000000 197500000 104.0
OX637759.1 197500000 198000000 104.0
OX637759.1 198000000 198500000 104.0
OX637759.1 198500000 199000000 104.0
OX637759.1 199000000 199500000 104.0
OX637759.1 199500000 200000000 104.0
OX637759.1 200000000 200500000 104.0
OX637759.1 200500000 201000000 104.0
OX637759.1 201000000 201500000 104.0
OX637759.1 201500000 202000000 104.0
OX637759.1 202000000 202500000 104.0
OX637759.1 202500000 203000000 104.0
OX637759.1 203000000 203500000 104.0
OX637759.1 203500000 204000000 104.0
OX637759.1 204000000 204500000 104.0
OX637759.1 204500000 205000000 104.0
OX637759.1 205000000 205500000 104.0
OX637759.1 205500000 206000000 104.0
OX637759.1 206000000 206500000 104.0
OX637759.1 206500000 207000000 104.0
OX637759.1 207000000 207500000 104.0
OX637759.1 207500000 208000000 104.0
OX637759.1 208000000 208500000 104.0
OX637759.1 208500000 209000000 104.0
OX637759.1 209000000 209500000 104.0
OX637759.1 209500000 210000000 104.0
OX637759.1 210000000 210500000 104.0
OX637759.1 210500000 211000000 104.0
OX637759.1 211000000 211500000 104.0
OX637759.1 211500000 212000000 104.0
OX637759.1 212000000 212500000 104.0
OX637759.1 212500000 213000000 104.0
OX637759.1 213000000 213500000 104.0
OX637759.1 213500000 214000000 104.0
OX637759.1 214000000 214500000 104.0
OX637759.1 214500000 215000000 104.0
OX637759.1 215000000 215500000 104.0
OX637759.1 215500000 216000000 104.0
OX637759.1 216000000 216500000 104.0
OX637759.1 216500000 217000000 104.0
OX637759.1 217000000 217500000 104.0
OX637759.1 217500000 218000000 104.0
OX637759.1 218000000 218500000 104.0
OX637759.1 218500000 219000000 104.0
OX637759.1 219000000 219500000 104.0
OX637759.1 219500000 220000000 104.0
OX637759.1 220000000 220500000 104.0
OX637759.1 220500000 221000000 104.0
OX637759.1 221000000 221500000 104.0
OX637759.1 221500000 222000000 104.0
OX637759.1 222000000 222500000 104.0
OX637759.1 222500000 223000000 104.0
OX637759.1 223000000 223500000 104.0
OX637759.1 223500000 224000000 104.0
OX637759.1 224000000 224500000 104.0
OX637759.1 224500000 225000000 104.0
OX637759.1 225000000 225500000 104.0
OX637759.1 225500000 226000000 104.0
OX637759.1 226000000 226500000 104.0
OX637759.1 226500000 227000000 104.0
OX637759.1 227000000 227500000 104.0
OX637759.1 227500000 228000000 104.0
OX637759.1 228000000 228500000 104.0
OX637759.1 228500000 229000000 104.0
OX637759.1 229000000 229500000 104.0
OX637759.1 229500000 230000000 104.0
OX637759.1 230000000 230500000 104.0
OX637759.1 230500000 231000000 104.0
OX637759.1 231000000 231500000 104.0
OX637759.1 231500000 232000000 104.0
OX637759.1 232000000 232500000 104.0
OX637759.1 232500000 233000000 104.0
OX637759.1 233000000 233500000 104.0
OX637759.1 233500000 234000000 104.0
OX637759.1 234000000 234500000 104.0
OX637759.1 234500000 235000000 104.0
OX637759.1 235000000 235500000 104.0
OX637759.1 235500000 236000000 104.0
OX637759.1 236000000 236500000 104.0
OX637759.1 236500000 237000000 104.0
OX637759.1 237000000 237500000 104.0
OX637759.1 237500000 238000000 104.0
OX637759.1 238000000 238500000 104.0
OX637759.1 238500000 239000000 104.0
OX637759.1 239000000 239500000 104.0
OX637759.1 239500000 240000000 104.0
OX637759.1 240000000 240500000 104.0
OX637759.1 240500000 241000000 104.0
OX637759.1 241000000 241500000 104.0
OX637759.1 241500000 242000000 104.0
OX637759.1 242000000 242500000 104.0
OX637759.1 242500000 243000000 104.0
OX637759.1 243000000 243500000 104.0
OX637759.1 243500000 244000000 104.0
OX637759.1 244000000 244500000 104.0
OX637759.1 244500000 245000000 104.0
OX637759.1 245000000 245500000 104.0
OX637759.1 245500000 246000000 104.0
OX637759.1 246000000 246500000 104.0
OX637759.1 246500000 247000000 104.0
OX637759.1 247000000 247500000 104.0
OX637759.1 247500000 248000000 104.0
OX637759.1 248000000 248500000 104.0
OX637759.1 248500000 249000000 104.0
OX637759.1 249000000 249500000 104.0
OX637759.1 249500000 250000000 104.0
OX637759.1 250000000 250500000 104.0
OX637759.1 250500000 251000000 104.0
OX637759.1 251000000 251500000 104.0
OX637759.1 251500000 252000000 104.0
OX637759.1 252000000 252500000 104.0
OX637759.1 252500000 253000000 104.0
OX637759.1 253000000 253500000 104.0
OX637759.1 253500000 254000000 104.0
OX637759.1 254000000 254500000 104.0
OX637759.1 254500000 255000000 104.0
OX637759.1 255000000 255500000 104.0
OX637759.1 255500000 256000000 104.0
OX637759.1 256000000 256500000 104.0
OX637759.1 256500000 257000000 104.0
OX637759.1 257000000 257500000 104.0
OX637759.1 257500000 258000000 104.0
OX637759.1 258000000 258500000 104.0
OX637759.1 258500000 259000000 104.0
OX637759.1 259000000 259500000 104.0
OX637759.1 259500000 260000000 104.0
OX637759.1 260000000 260500000 104.0
OX637759.1 260500000 261000000 104.0
OX637759.1 261000000 261500000 104.0
OX637759.1 261500000 262000000 104.0
OX637759.1 262000000 262500000 104.0
OX637759.1 262500000 263000000 104.0
OX637759.1 263000000 263500000 104.0
OX637759.1 263500000 264000000 104.0
OX637759.1 264000000 264500000 104.0
OX637759.1 264500000 265000000 104.0
OX637759.1 265000000 265500000 104.0
OX637759.1 265500000 266000000 104.0
OX637759.1 266000000 266500000 104.0
OX637759.1 266500000 267000000 104.0
OX637759.1 267000000 267500000 104.0
OX637759.1 267500000 268000000 104.0
OX637759.1 268000000 268500000 104.0
OX637759.1 268500000 269000000 104.0
OX637759.1 269000000 269500000 104.0
OX637759.1 269500000 270000000 104.0
OX637759.1 270000000 270500000 104.0
OX637759.1 270500000 271000000 104.0
OX637759.1 271000000 271500000 104.0
OX637759.1 271500000 272000000 104.0
OX637759.1 272000000 272500000 104.0
OX637759.1 272500000 273000000 104.0
OX637759.1 273000000 273500000 104.0
OX637759.1 273500000 274000000 104.0
OX637759.1 274000000 274500000 104.0
OX637759.1 274500000 275000000 104.0
OX637759.1 275000000 275500000 104.0
OX637759.1 275500000 276000000 104.0
OX637759.1 276000000 276500000 104.0
OX637759.1 276500000 277000000 104.0
OX637759.1 277000000 277500000 104.0
OX637759.1 277500000 278000000 104.0
OX637759.1 278000000 278500000 104.0
OX637759.1 278500000 279000000 104.0
OX637759.1 279000000 279500000 104.0
OX637759.1 279500000 280000000 104.0
OX637759.1 280000000 280500000 104.0
OX637759.1 280500000 281000000 104.0
OX637759.1 281000000 281500000 104.0
OX637759.1 281500000 282000000 104.0
OX637759.1 282000000 282500000 104.0
OX637759.1 282500000 283000000 104.0
OX637759.1 283000000 283500000 104.0
OX637759.1 283500000 284000000 104.0
OX637759.1 284000000 284500000 104.0
OX637759.1 284500000 285000000 104.0
OX637759.1 285000000 285500000 104.0
OX637759.1 285500000 286000000 104.0
OX637759.1 286000000 286500000 104.0
OX637759.1 286500000 287000000 104.0
OX637759.1 287000000 287500000 104.0
OX637759.1 287500000 288000000 104.0
OX637759.1 288000000 288500000 104.0
OX637759.1 288500000 289000000 104.0
OX637759.1 289000000 289500000 104.0
OX637759.1 289500000 290000000 104.0
OX637759.1 290000000 290500000 104.0
OX637759.1 290500000 291000000 104.0
OX637759.1 291000000 291500000 104.0
OX637759.1 291500000 292000000 104.0
OX637759.1 292000000 292500000 104.0
OX637759.1 292500000 293000000 104.0
OX637759.1 293000000 293500000 104.0
OX637759.1 293500000 294000000 104.0
OX637759.1 294000000 294500000 104.0
OX637759.1 294500000 295000000 104.0
OX637759.1 295000000 295500000 104.0
OX637759.1 295500000 296000000 104.0
OX637759.1 296000000 296500000 104.0
OX637759.1 296500000 297000000 104.0
OX637759.1 297000000 297500000 104.0
OX637759.1 297500000 298000000 104.0
OX637759.1 298000000 298500000 104.0
OX637759.1 298500000 299000000 104.0
OX637759.1 299000000 299500000 104.0
OX637759.1 299500000 300000000 104.0
OX637759.1 300000000 300500000 104.0
OX637759.1 300500000 301000000 104.0
OX637759.1 301000000 301500000 104.0
OX637759.1 301500000 302000000 104.0
OX637759.1 302000000 302500000 104.0
OX637759.1 302500000 303000000 104.0
OX637759.1 303000000 303500000 104.0
OX637759.1 303500000 304000000 104.0
OX637759.1 304000000 304500000 104.0
OX637759.1 304500000 305000000 104.0
OX637759.1 305000000 305500000 104.0
OX637759.1 305500000 306000000 104.0
OX637759.1 306000000 306500000 104.0
OX637759.1 306500000 307000000 104.0
OX637759.1 307000000 307500000 104.0
OX637759.1 307500000 308000000 104.0
OX637759.1 308000000 308500000 104.0
OX637759.1 308500000 309000000 104.0
OX637759.1 309000000 309500000 104.0
OX637759.1 309500000 310000000 104.0
OX637759.1 310000000 310500000 104.0
OX637759.1 310500000 311000000 104.0
OX637759.1 311000000 311500000 104.0
OX637759.1 311500000 312000000 104.0
OX637759.1 312000000 312500000 104.0
OX637759.1 312500000 313000000 104.0
OX637759.1 313000000 313500000 104.0
OX637759.1 313500000 314000000 104.0
OX637759.1 314000000 314500000 104.0
OX637759.1 314500000 315000000 104.0
OX637759.1 315000000 315500000 104.0
OX637759.1 315500000 316000000 104.0
OX637759.1 316000000 316500000 104.0
OX637759.1 316500000 317000000 104.0
OX637759.1 317000000 317500000 104.0
OX637759.1 317500000 318000000 104.0
OX637759.1 318000000 318500000 104.0
OX637759.1 318500000 319000000 104.0
OX637759.1 319000000 319500000 104.56022
OX637759.1 319500000 320000000 105.0
OX637759.1 320000000 320500000 105.0
OX637759.1 320500000 321000000 105.0
OX637759.1 321000000 321500000 105.0
OX637759.1 321500000 322000000 105.0
OX637759.1 322000000 322500000 105.0
OX637759.1 322500000 323000000 105.0
OX637759.1 323000000 323500000 105.0
OX637759.1 323500000 324000000 105.0
OX637759.1 324000000 324500000 105.0
OX637759.1 324500000 325000000 105.0
OX637759.1 325000000 325500000 105.0
OX637759.1 325500000 326000000 105.0
OX637759.1 326000000 326500000 105.0
OX637759.1 326500000 327000000 105.0
OX637759.1 327000000 327500000 105.0
OX637759.1 327500000 328000000 105.0
OX637759.1 328000000 328500000 105.0
OX637759.1 328500000 329000000 105.0
OX637759.1 329000000 329500000 105.0
OX637759.1 329500000 330000000 105.0
OX637759.1 330000000 330500000 105.0
OX637759.1 330500000 331000000 105.0
OX637759.1 331000000 331500000 105.0
OX637759.1 331500000 332000000 105.0
OX637759.1 332000000 332500000 105.0
OX637759.1 332500000 333000000 105.0
OX637759.1 333000000 333500000 105.0
OX637759.1 333500000 334000000 105.0
OX637759.1 334000000 334500000 105.0
OX637759.1 334500000 335000000 105.0
OX637759.1 335000000 335500000 105.0
OX637759.1 335500000 336000000 105.0
OX637759.1 336000000 336500000 104.59658
OX637759.1 336500000 337000000 104.0
OX637759.1 337000000 337500000 104.92851
OX637759.1 337500000 338000000 105.0
OX637759.1 338000000 338500000 105.0
OX637759.1 338500000 339000000 105.0
OX637759.1 339000000 339500000 105.0
OX637759.1 339500000 340000000 105.0
OX637759.1 340000000 340500000 105.0
OX637759.1 340500000 341000000 105.0
OX637759.1 341000000 341500000 105.0
OX637759.1 341500000 342000000 105.0
OX637759.1 342000000 342500000 104.21083
OX637759.1 342500000 343000000 105.0
OX637759.1 343000000 343500000 105.0
OX637759.1 343500000 344000000 105.0
OX637759.1 344000000 344500000 105.0
OX637759.1 344500000 345000000 105.0
OX637759.1 345000000 345500000 105.0
OX637759.1 345500000 346000000 105.0
OX637759.1 346000000 346500000 105.0
OX637759.1 346500000 347000000 105.0
OX637759.1 347000000 347500000 105.0
OX637759.1 347500000 348000000 105.0
OX637759.1 348000000 348500000 105.0
OX637759.1 348500000 349000000 104.51413
OX637759.1 349000000 349500000 104.0
OX637759.1 349500000 350000000 104.0
OX637759.1 350000000 350500000 104.0
OX637759.1 350500000 351000000 104.0
OX637759.1 351000000 351500000 104.0
OX637759.1 351500000 352000000 104.0
OX637759.1 352000000 352500000 104.0
OX637759.1 352500000 353000000 104.0
OX637759.1 353000000 353500000 104.0
OX637759.1 353500000 354000000 104.0
OX637759.1 354000000 354500000 104.0
OX637759.1 354500000 355000000 104.0
OX637759.1 355000000 355500000 104.0
OX637759.1 355500000 356000000 103.73887
OX637759.1 356000000 356500000 103.0
OX637759.1 356500000 357000000 103.0
OX637759.1 357000000 357500000 103.0
OX637759.1 357500000 358000000 103.0
OX637759.1 358000000 358500000 103.0
OX637759.1 358500000 359000000 103.0
OX637759.1 359000000 359500000 103.0
OX637759.1 359500000 360000000 103.0
OX637759.1 360000000 360500000 102.6574
OX637759.1 360500000 361000000 101.0
OX637759.1 361000000 361500000 101.0
OX637759.1 361500000 362000000 101.0
OX637759.1 362000000 362500000 100.53678
OX637759.1 362500000 363000000 100.0
OX637759.1 363000000 363500000 100.0
OX637759.1 363500000 364000000 100.0
OX637759.1 364000000 364500000 99.57987
OX637759.1 364500000 365000000 98.0
OX637759.1 365000000 365500000 98.0
OX637759.1 365500000 366000000 97.4206
OX637759.1 366000000 366500000 97.0
OX637759.1 366500000 367000000 97.0
OX637759.1 367000000 367500000 97.0
OX637759.1 367500000 368000000 97.0
OX637759.1 368000000 368500000 97.0
OX637759.1 368500000 369000000 97.0
OX637759.1 369000000 369500000 96.35503
OX637759.1 369500000 370000000 96.0
OX637759.1 370000000 370500000 96.0
OX637759.1 370500000 371000000 96.0
OX637759.1 371000000 371500000 95.10784
OX637759.1 371500000 372000000 95.0
OX637759.1 372000000 372500000 95.0
OX637759.1 372500000 373000000 95.0
OX637759.1 373000000 373500000 95.0
OX637759.1 373500000 374000000 95.0
OX637759.1 374000000 374500000 95.0
OX637759.1 374500000 375000000 95.0
OX637759.1 375000000 375500000 95.0
OX637759.1 375500000 376000000 95.0
OX637759.1 376000000 376500000 95.0
OX637759.1 376500000 377000000 95.0
OX637759.1 377000000 377500000 94.92605
OX637759.1 377500000 378000000 90.24155
OX637759.1 378000000 378500000 90.0
OX637759.1 378500000 379000000 90.0
OX637759.1 379000000 379500000 90.0
OX637759.1 379500000 380000000 90.0
OX637759.1 380000000 380500000 90.0
OX637759.1 380500000 381000000 90.0
OX637759.1 381000000 381500000 90.0
OX637759.1 381500000 382000000 90.0
OX637759.1 382000000 382500000 90.0
OX637759.1 382500000 383000000 90.0
OX637759.1 383000000 383500000 90.0
OX637759.1 383500000 384000000 90.0
OX637759.1 384000000 384500000 89.09186
OX637759.1 384500000 385000000 89.41676
OX637759.1 385000000 385500000 89.0
OX637759.1 385500000 386000000 89.0
OX637759.1 386000000 386500000 89.0
OX637759.1 386500000 387000000 89.0
OX637759.1 387000000 387500000 89.0
OX637759.1 387500000 388000000 89.0
OX637759.1 388000000 388500000 89.0
OX637759.1 388500000 389000000 89.0
OX637759.1 389000000 389500000 89.0
OX637759.1 389500000 390000000 89.0
OX637759.1 390000000 390500000 89.0
OX637759.1 390500000 391000000 88.42041
OX637759.1 391000000 391500000 88.0
OX637759.1 391500000 392000000 88.0
OX637759.1 392000000 392500000 88.0
OX637759.1 392500000 393000000 88.0
OX637759.1 393000000 393500000 88.0
OX637759.1 393500000 394000000 88.0
OX637759.1 394000000 394500000 88.0
OX637759.1 394500000 395000000 88.0
OX637759.1 395000000 395500000 88.0
OX637759.1 395500000 396000000 88.0
OX637759.1 396000000 396500000 88.0
OX637759.1 396500000 397000000 87.92505
OX637759.1 397000000 397500000 87.73755
OX637759.1 397500000 398000000 86.50446
OX637759.1 398000000 398500000 86.0
OX637759.1 398500000 399000000 86.0
OX637759.1 399000000 399500000 86.0
OX637759.1 399500000 400000000 86.0
OX637759.1 400000000 400500000 86.0
OX637759.1 400500000 401000000 86.0
OX637759.1 401000000 401500000 86.0
OX637759.1 401500000 402000000 86.0
OX637759.1 402000000 402500000 86.0
OX637759.1 402500000 403000000 86.0
OX637759.1 403000000 403500000 85.1946
OX637759.1 403500000 404000000 85.40914
OX637759.1 404000000 404500000 86.0
OX637759.1 404500000 405000000 86.0
OX637759.1 405000000 405500000 85.11028
OX637759.1 405500000 406000000 84.15564
OX637759.1 406000000 406500000 84.0
OX637759.1 406500000 407000000 83.33889
OX637759.1 407000000 407500000 83.0
OX637759.1 407500000 408000000 83.0
OX637759.1 408000000 408500000 83.0
OX637759.1 408500000 409000000 83.0
OX637759.1 409000000 409500000 83.0
OX637759.1 409500000 410000000 83.0
OX637759.1 410000000 410500000 83.0
OX637759.1 410500000 411000000 82.70712
OX637759.1 411000000 411500000 81.53979
OX637759.1 411500000 412000000 80.0
OX637759.1 412000000 412500000 80.0
OX637759.1 412500000 413000000 79.99516
OX637759.1 413000000 413500000 79.0
OX637759.1 413500000 414000000 79.0
OX637759.1 414000000 414500000 78.37715
OX637759.1 414500000 415000000 77.52327
OX637759.1 415000000 415500000 77.0
OX637759.1 415500000 416000000 76.43765
OX637759.1 416000000 416500000 76.95787
OX637759.1 416500000 417000000 75.0
OX637759.1 417000000 417500000 75.0
OX637759.1 417500000 418000000 75.0
OX637759.1 418000000 418500000 75.0
OX637759.1 418500000 419000000 75.0
OX637759.1 419000000 419500000 74.58793
OX637759.1 419500000 420000000 73.17625
OX637759.1 420000000 420500000 71.23603
OX637759.1 420500000 421000000 69.85552
OX637759.1 421000000 421500000 69.0
OX637759.1 421500000 422000000 69.0
OX637759.1 422000000 422500000 68.97066
OX637759.1 422500000 423000000 67.58552
OX637759.1 423000000 423500000 67.0
OX637759.1 423500000 424000000 65.97026
OX637759.1 424000000 424500000 63.45308
OX637759.1 424500000 425000000 62.0
OX637759.1 425000000 425500000 61.50996
OX637759.1 425500000 426000000 60.87203
OX637759.1 426000000 426500000 59.28605
OX637759.1 426500000 427000000 57.14848
OX637759.1 427000000 427500000 56.10477
OX637759.1 427500000 428000000 54.81628
OX637759.1 428000000 428500000 52.49198
OX637759.1 428500000 429000000 50.8418
OX637759.1 429000000 429500000 50.0
OX637759.1 429500000 430000000 48.27244
OX637759.1 430000000 430500000 45.94234
OX637759.1 430500000 431000000 41.88167
OX637759.1 431000000 431500000 38.57068
OX637759.1 431500000 432000000 36.50653
OX637759.1 432000000 432500000 35.42273
OX637759.1 432500000 433000000 33.92272
OX637759.1 433000000 433500000 31.00981
OX637759.1 433500000 434000000 29.3162
OX637759.1 434000000 434500000 28.22651
OX637759.1 434500000 435000000 27.41373
OX637759.1 435000000 435500000 24.49044
OX637759.1 435500000 436000000 23.05027
OX637759.1 436000000 436500000 20.82674
OX637759.1 436500000 437000000 18.71962
OX637759.1 437000000 437500000 17.06991
OX637759.1 437500000 438000000 15.57005
OX637759.1 438000000 438500000 9.8335
OX637759.1 438500000 439000000 5.55512
OX637759.1 439000000 439500000 2.00825
OX637759.1 439500000 439685826 0.0
